{"type": "FeatureCollection", "features": [{"type": "Feature", "properties": {"wikidata": "Q2982288", "name": "Q2982288", "status": "done", "osm_id": "node/413708368", "group": "Natura e paesaggio", "subgroup": "Montagna", "subcategory": "Passo"}, "geometry": {"type": "Point", "coordinates": [7.09083, 44.2217]}}, {"type": "Feature", "properties": {"wikidata": "Q2822396", "name": "Accademia delle Scienze di Torino", "status": "missing", "osm_id": null, "group": "Altro", "subgroup": "Altro", "subcategory": "Altro"}, "geometry": {"type": "Point", "coordinates": [7.6843506, 45.068435]}}, {"type": "Feature", "properties": {"wikidata": "Q2790359", "name": "Museo d'arte contemporanea del castello di Rivoli", "status": "done", "osm_id": "node/6427237210", "group": "Altro", "subgroup": "Altro", "subcategory": "Altro"}, "geometry": {"type": "Point", "coordinates": [7.510247, 45.070194]}}, {"type": "Feature", "properties": {"wikidata": "Q2942854", "name": "duomo di Vercelli", "status": "done", "osm_id": "way/996119156", "group": "Altro", "subgroup": "Altro", "subcategory": "Altro"}, "geometry": {"type": "Point", "coordinates": [8.42247, 45.33019]}}, {"type": "Feature", "properties": {"wikidata": "Q2611894", "name": "Bugnate", "status": "done", "osm_id": "node/2366148373", "group": "Insediamenti", "subgroup": "Centri", "subcategory": "Frazione"}, "geometry": {"type": "Point", "coordinates": [8.41066, 45.75198]}}, {"type": "Feature", "properties": {"wikidata": "Q2940753", "name": "Casa Fenoglio-La Fleur", "status": "done", "osm_id": "way/316996536", "group": "Altro", "subgroup": "Altro", "subcategory": "Altro"}, "geometry": {"type": "Point", "coordinates": [7.66478, 45.07669]}}, {"type": "Feature", "properties": {"wikidata": "Q3078280", "name": "Forte di Vinadio", "status": "done", "osm_id": "relation/19448140", "group": "Fortificazioni e militare", "subgroup": "Fortificazioni", "subcategory": "Fortezza"}, "geometry": {"type": "Point", "coordinates": [7.172726, 44.307261]}}, {"type": "Feature", "properties": {"wikidata": "Q2734671", "name": "Rivoira", "status": "done", "osm_id": "node/978019954", "group": "Insediamenti", "subgroup": "Centri", "subcategory": "Frazione"}, "geometry": {"type": "Point", "coordinates": [7.57129, 44.32014]}}, {"type": "Feature", "properties": {"wikidata": "Q2967837", "name": "Castello Beraudo", "status": "done", "osm_id": "way/276114835", "group": "Altro", "subgroup": "Altro", "subcategory": "Altro"}, "geometry": {"type": "Point", "coordinates": [7.900028, 44.861996]}}, {"type": "Feature", "properties": {"wikidata": "Q2853403", "name": "Sottovalle", "status": "done", "osm_id": "node/1289108092", "group": "Insediamenti", "subgroup": "Centri", "subcategory": "Frazione"}, "geometry": {"type": "Point", "coordinates": [8.87328, 44.65246]}}, {"type": "Feature", "properties": {"wikidata": "Q2982297", "name": "Colle del Longet", "status": "done", "osm_id": "node/1399039128", "group": "Natura e paesaggio", "subgroup": "Montagna", "subcategory": "Passo"}, "geometry": {"type": "Point", "coordinates": [6.953768, 44.642334]}}, {"type": "Feature", "properties": {"wikidata": "Q2638728", "name": "Melezet", "status": "done", "osm_id": "node/317041756", "group": "Insediamenti", "subgroup": "Centri", "subcategory": "Frazione"}, "geometry": {"type": "Point", "coordinates": [6.683888888, 45.061111111]}}, {"type": "Feature", "properties": {"wikidata": "Q2972419", "name": "Cima dell'Agnello", "status": "done", "osm_id": "node/1434672653", "group": "Natura e paesaggio", "subgroup": "Montagna", "subcategory": "Montagna"}, "geometry": {"type": "Point", "coordinates": [7.34056, 44.1458]}}, {"type": "Feature", "properties": {"wikidata": "Q2662431", "name": "Bivacco Ivrea", "status": "done", "osm_id": "way/196986579", "group": "Dimore ed edifici", "subgroup": "Ospitalit\u00e0", "subcategory": "Bivacco"}, "geometry": {"type": "Point", "coordinates": [7.308427, 45.500559]}}, {"type": "Feature", "properties": {"wikidata": "Q2938124", "name": "stazione di Carducci-Molinette", "status": "done", "osm_id": "node/3253332071", "group": "Infrastrutture", "subgroup": "Trasporti", "subcategory": "Stazione metropolitana"}, "geometry": {"type": "Point", "coordinates": [7.671037, 45.042158]}}, {"type": "Feature", "properties": {"wikidata": "Q2805260", "name": "Punta dell'Alp", "status": "done", "osm_id": "node/1702386922", "group": "Natura e paesaggio", "subgroup": "Montagna", "subcategory": "Montagna"}, "geometry": {"type": "Point", "coordinates": [6.97111, 44.6772]}}, {"type": "Feature", "properties": {"wikidata": "Q2942719", "name": "cattedrale di San Donato", "status": "done", "osm_id": "way/746736042", "group": "Altro", "subgroup": "Altro", "subcategory": "Altro"}, "geometry": {"type": "Point", "coordinates": [7.82931, 44.3895]}}, {"type": "Feature", "properties": {"wikidata": "Q2732039", "name": "Reneuzzi", "status": "done", "osm_id": "node/1239187483", "group": "Insediamenti", "subgroup": "Centri", "subcategory": "Frazione"}, "geometry": {"type": "Point", "coordinates": [9.175833333, 44.620833333]}}, {"type": "Feature", "properties": {"wikidata": "Q2899076", "name": "stazione di Bernini", "status": "done", "osm_id": "node/332648606", "group": "Infrastrutture", "subgroup": "Trasporti", "subcategory": "Stazione metropolitana"}, "geometry": {"type": "Point", "coordinates": [7.655833, 45.075833]}}, {"type": "Feature", "properties": {"wikidata": "Q2689098", "name": "Val Bognanco", "status": "missing", "osm_id": null, "group": "Natura e paesaggio", "subgroup": "Montagna", "subcategory": "Valle"}, "geometry": {"type": "Point", "coordinates": [8.2, 46.125]}}, {"type": "Feature", "properties": {"wikidata": "Q2942780", "name": "duomo di Saluzzo", "status": "done", "osm_id": "way/274874951", "group": "Altro", "subgroup": "Altro", "subcategory": "Altro"}, "geometry": {"type": "Point", "coordinates": [7.49315, 44.64481]}}, {"type": "Feature", "properties": {"wikidata": "Q2685264", "name": "Colle del Sestriere", "status": "done", "osm_id": "node/268079492", "group": "Natura e paesaggio", "subgroup": "Montagna", "subcategory": "Passo"}, "geometry": {"type": "Point", "coordinates": [6.8792, 44.9569]}}, {"type": "Feature", "properties": {"wikidata": "Q2751448", "name": "Antillone", "status": "done", "osm_id": "node/1961838808", "group": "Insediamenti", "subgroup": "Centri", "subcategory": "Insediamento umano"}, "geometry": {"type": "Point", "coordinates": [8.4125, 46.339444444]}}, {"type": "Feature", "properties": {"wikidata": "Q2936112", "name": "Canale Cavour", "status": "done", "osm_id": "relation/6259903", "group": "Natura e paesaggio", "subgroup": "Acqua", "subcategory": "Canale artificiale"}, "geometry": {"type": "Point", "coordinates": [7.90235, 45.19008]}}, {"type": "Feature", "properties": {"wikidata": "Q2836365", "name": "Museo dell'automobile di Torino", "status": "done", "osm_id": "way/96185130", "group": "Altro", "subgroup": "Altro", "subcategory": "Altro"}, "geometry": {"type": "Point", "coordinates": [7.67348, 45.03185]}}, {"type": "Feature", "properties": {"wikidata": "Q2972423", "name": "Cime du Mercantour", "status": "done", "osm_id": "node/1374676199", "group": "Natura e paesaggio", "subgroup": "Montagna", "subcategory": "Montagna"}, "geometry": {"type": "Point", "coordinates": [7.29556, 44.1439]}}, {"type": "Feature", "properties": {"wikidata": "Q2942589", "name": "duomo di Biella", "status": "done", "osm_id": "way/428452003", "group": "Altro", "subgroup": "Altro", "subcategory": "Altro"}, "geometry": {"type": "Point", "coordinates": [8.05375, 45.56609]}}, {"type": "Feature", "properties": {"wikidata": "Q3062256", "name": "Expo 1911", "status": "missing", "osm_id": null, "group": "Altro", "subgroup": "Altro", "subcategory": "Altro"}, "geometry": {"type": "Point", "coordinates": [7.68466667, 45.05216667]}}, {"type": "Feature", "properties": {"wikidata": "Q2932077", "name": "CUS Torino Rugby", "status": "missing", "osm_id": null, "group": "Altro", "subgroup": "Altro", "subcategory": "Altro"}, "geometry": {"type": "Point", "coordinates": [7.655869, 45.0593863]}}, {"type": "Feature", "properties": {"wikidata": "Q2972427", "name": "Punta Bagn\u00e0", "status": "done", "osm_id": "node/1783664783", "group": "Natura e paesaggio", "subgroup": "Montagna", "subcategory": "Montagna"}, "geometry": {"type": "Point", "coordinates": [6.71138889, 45.14472222]}}, {"type": "Feature", "properties": {"wikidata": "Q2958891", "name": "Oggiogno", "status": "done", "osm_id": "node/559552726", "group": "Insediamenti", "subgroup": "Centri", "subcategory": "Frazione"}, "geometry": {"type": "Point", "coordinates": [8.669444444, 46.022777777]}}, {"type": "Feature", "properties": {"wikidata": "Q2972422", "name": "Cima della Lombarda", "status": "done", "osm_id": "node/1625220219", "group": "Natura e paesaggio", "subgroup": "Montagna", "subcategory": "Montagna"}, "geometry": {"type": "Point", "coordinates": [7.16306, 44.2083]}}, {"type": "Feature", "properties": {"wikidata": "Q2998060", "name": "corso Francia", "status": "missing", "osm_id": null, "group": "Altro", "subgroup": "Altro", "subcategory": "Altro"}, "geometry": {"type": "Point", "coordinates": [7.6372028, 45.0751444]}}, {"type": "Feature", "properties": {"wikidata": "Q2942617", "name": "duomo di Sant'Evasio", "status": "done", "osm_id": "way/80414060", "group": "Religione", "subgroup": "Luoghi di Culto", "subcategory": "Chiesa parrocchiale"}, "geometry": {"type": "Point", "coordinates": [8.45258, 45.13729]}}, {"type": "Feature", "properties": {"wikidata": "Q2963221", "name": "Chianale", "status": "done", "osm_id": "node/2653607462", "group": "Insediamenti", "subgroup": "Centri", "subcategory": "Frazione"}, "geometry": {"type": "Point", "coordinates": [6.99845, 44.64658]}}, {"type": "Feature", "properties": {"wikidata": "Q3015708", "name": "stazione di Dante", "status": "done", "osm_id": "node/893193542", "group": "Infrastrutture", "subgroup": "Trasporti", "subcategory": "Stazione metropolitana"}, "geometry": {"type": "Point", "coordinates": [7.672942, 45.047045]}}, {"type": "Feature", "properties": {"wikidata": "Q2942651", "name": "duomo di Cuneo", "status": "done", "osm_id": "way/114938053", "group": "Altro", "subgroup": "Altro", "subcategory": "Altro"}, "geometry": {"type": "Point", "coordinates": [7.5488, 44.3906]}}, {"type": "Feature", "properties": {"wikidata": "Q2790317", "name": "Capanne di Marcarolo", "status": "done", "osm_id": "node/317367562", "group": "Insediamenti", "subgroup": "Centri", "subcategory": "Frazione"}, "geometry": {"type": "Point", "coordinates": [8.77312, 44.5511]}}, {"type": "Feature", "properties": {"wikidata": "Q2658798", "name": "Auzate", "status": "done", "osm_id": "node/2366148372", "group": "Insediamenti", "subgroup": "Centri", "subcategory": "Frazione"}, "geometry": {"type": "Point", "coordinates": [8.41997, 45.74444]}}, {"type": "Feature", "properties": {"wikidata": "Q2800272", "name": "Castelrosso", "status": "done", "osm_id": "node/3858603497", "group": "Insediamenti", "subgroup": "Centri", "subcategory": "Frazione"}, "geometry": {"type": "Point", "coordinates": [7.883333333, 45.183333333]}}, {"type": "Feature", "properties": {"wikidata": "Q2942834", "name": "duomo di Tortona", "status": "done", "osm_id": "way/268548938", "group": "Altro", "subgroup": "Altro", "subcategory": "Altro"}, "geometry": {"type": "Point", "coordinates": [8.865, 44.8976]}}, {"type": "Feature", "properties": {"wikidata": "Q2639843", "name": "basilica di San Gaudenzio", "status": "done", "osm_id": "way/522298484", "group": "Religione", "subgroup": "Luoghi di Culto", "subcategory": "Basilica minore"}, "geometry": {"type": "Point", "coordinates": [8.61968636, 45.44880774]}}, {"type": "Feature", "properties": {"wikidata": "Q2942518", "name": "cattedrale di Santa Maria Assunta", "status": "done", "osm_id": "way/126627387", "group": "Altro", "subgroup": "Altro", "subcategory": "Altro"}, "geometry": {"type": "Point", "coordinates": [8.19788, 44.9007]}}, {"type": "Feature", "properties": {"wikidata": "Q2969832", "name": "castello di Masino", "status": "done", "osm_id": "way/91012040", "group": "Cultura e tempo libero", "subgroup": "Musei", "subcategory": "Museo"}, "geometry": {"type": "Point", "coordinates": [7.959362, 45.391926]}}, {"type": "Feature", "properties": {"wikidata": "Q2886984", "name": "basilica di Sant'Andrea", "status": "done", "osm_id": "way/168453654", "group": "Religione", "subgroup": "Luoghi di Culto", "subcategory": "Basilica minore"}, "geometry": {"type": "Point", "coordinates": [8.41923, 45.32874]}}, {"type": "Feature", "properties": {"wikidata": "Q2755827", "name": "abbazia di Novalesa", "status": "done", "osm_id": "way/233963010", "group": "Religione", "subgroup": "Vita Monastica", "subcategory": "Abbazia"}, "geometry": {"type": "Point", "coordinates": [7.00845, 45.17968]}}, {"type": "Feature", "properties": {"wikidata": "Q2784941", "name": "Molera", "status": "done", "osm_id": "way/750406654", "group": "Insediamenti", "subgroup": "Centri", "subcategory": "Frazione"}, "geometry": {"type": "Point", "coordinates": [7.2425, 45.311111111]}}, {"type": "Feature", "properties": {"wikidata": "Q2887164", "name": "Basilica del Corpus Domini", "status": "done", "osm_id": "way/191228009", "group": "Religione", "subgroup": "Luoghi di Culto", "subcategory": "Basilica minore"}, "geometry": {"type": "Point", "coordinates": [7.68277778, 45.07277778]}}, {"type": "Feature", "properties": {"wikidata": "Q2922519", "name": "Bousson", "status": "done", "osm_id": "node/441583223", "group": "Insediamenti", "subgroup": "Centri", "subcategory": "Frazione"}, "geometry": {"type": "Point", "coordinates": [6.816666666, 44.934722222]}}, {"type": "Feature", "properties": {"wikidata": "Q2981975", "name": "Colle d'Ambin", "status": "done", "osm_id": "node/10281211838", "group": "Natura e paesaggio", "subgroup": "Montagna", "subcategory": "Passo"}, "geometry": {"type": "Point", "coordinates": [6.88, 45.1347]}}, {"type": "Feature", "properties": {"wikidata": "Q2982136", "name": "Passo di Vallanta", "status": "done", "osm_id": "node/354967709", "group": "Natura e paesaggio", "subgroup": "Montagna", "subcategory": "Passo"}, "geometry": {"type": "Point", "coordinates": [7.07, 44.68]}}, {"type": "Feature", "properties": {"wikidata": "Q2802501", "name": "Revigliasco", "status": "done", "osm_id": "node/2566638474", "group": "Insediamenti", "subgroup": "Centri", "subcategory": "Frazione"}, "geometry": {"type": "Point", "coordinates": [7.735, 45.018333333]}}, {"type": "Feature", "properties": {"wikidata": "Q2844422", "name": "anfiteatro morenico di Ivrea", "status": "done", "osm_id": "node/3222217853", "group": "Altro", "subgroup": "Altro", "subcategory": "Altro"}, "geometry": {"type": "Point", "coordinates": [7.875, 45.465]}}, {"type": "Feature", "properties": {"wikidata": "Q2734680", "name": "Artesina", "status": "done", "osm_id": "node/1363987306", "group": "Insediamenti", "subgroup": "Centri", "subcategory": "Frazione"}, "geometry": {"type": "Point", "coordinates": [7.7566, 44.24725]}}, {"type": "Feature", "properties": {"wikidata": "Q2902818", "name": "Monte dei Cappuccini", "status": "done", "osm_id": "node/1030551274", "group": "Natura e paesaggio", "subgroup": "Montagna", "subcategory": "Collina"}, "geometry": {"type": "Point", "coordinates": [7.69722, 45.0597]}}, {"type": "Feature", "properties": {"wikidata": "Q2641951", "name": "stazione di Ovada", "status": "done", "osm_id": "node/315478600", "group": "Infrastrutture", "subgroup": "Trasporti", "subcategory": "Stazione ferroviaria"}, "geometry": {"type": "Point", "coordinates": [8.632508, 44.630458]}}, {"type": "Feature", "properties": {"wikidata": "Q2785290", "name": "Berga", "status": "done", "osm_id": "node/1240244356", "group": "Insediamenti", "subgroup": "Centri", "subcategory": "Frazione"}, "geometry": {"type": "Point", "coordinates": [9.175833333, 44.620833333]}}, {"type": "Feature", "properties": {"wikidata": "Q2997374", "name": "Val Cairasca", "status": "missing", "osm_id": null, "group": "Natura e paesaggio", "subgroup": "Montagna", "subcategory": "Valle"}, "geometry": {"type": "Point", "coordinates": [8.183, 46.25]}}, {"type": "Feature", "properties": {"wikidata": "Q2836456", "name": "Valle Strona", "status": "missing", "osm_id": null, "group": "Natura e paesaggio", "subgroup": "Montagna", "subcategory": "Valle"}, "geometry": {"type": "Point", "coordinates": [8.404972222, 45.880805555]}}, {"type": "Feature", "properties": {"wikidata": "Q2982095", "name": "Colle della Pelouse", "status": "done", "osm_id": "node/2864663776", "group": "Natura e paesaggio", "subgroup": "Montagna", "subcategory": "Passo"}, "geometry": {"type": "Point", "coordinates": [6.74861, 45.1422]}}, {"type": "Feature", "properties": {"wikidata": "Q833321", "name": "abbazia di Santa Maria di Staffarda", "status": "done", "osm_id": "node/6431378921", "group": "Altro", "subgroup": "Altro", "subcategory": "Altro"}, "geometry": {"type": "Point", "coordinates": [7.43694444, 44.72083333]}}, {"type": "Feature", "properties": {"wikidata": "Q749079", "name": "Cima di Nasta", "status": "done", "osm_id": "node/892504285", "group": "Natura e paesaggio", "subgroup": "Montagna", "subcategory": "Montagna"}, "geometry": {"type": "Point", "coordinates": [7.30604, 44.1651]}}, {"type": "Feature", "properties": {"wikidata": "Q968508", "name": "Expo 1961", "status": "missing", "osm_id": null, "group": "Altro", "subgroup": "Altro", "subcategory": "Altro"}, "geometry": {"type": "Point", "coordinates": [7.66667, 45.0167]}}, {"type": "Feature", "properties": {"wikidata": "Q926621", "name": "Mottarone", "status": "done", "osm_id": "node/26863907", "group": "Natura e paesaggio", "subgroup": "Montagna", "subcategory": "Montagna"}, "geometry": {"type": "Point", "coordinates": [8.451111111, 45.880277777]}}, {"type": "Feature", "properties": {"wikidata": "Q813404", "name": "Beaulard", "status": "done", "osm_id": "node/317044803", "group": "Insediamenti", "subgroup": "Centri", "subcategory": "Frazione"}, "geometry": {"type": "Point", "coordinates": [6.75541, 45.04249]}}, {"type": "Feature", "properties": {"wikidata": "Q1033428", "name": "Cannobino", "status": "done", "osm_id": "way/232038817", "group": "Natura e paesaggio", "subgroup": "Acqua", "subcategory": "Fiume"}, "geometry": {"type": "Point", "coordinates": [8.698333333, 46.069444444]}}, {"type": "Feature", "properties": {"wikidata": "Q748210", "name": "Spinetta Marengo", "status": "done", "osm_id": "node/3314748213", "group": "Insediamenti", "subgroup": "Centri", "subcategory": "Frazione"}, "geometry": {"type": "Point", "coordinates": [8.6775, 44.88554]}}, {"type": "Feature", "properties": {"wikidata": "Q782123", "name": "stazione di Torino Porta Susa", "status": "done", "osm_id": "node/11592793752", "group": "Infrastrutture", "subgroup": "Trasporti", "subcategory": "Stazione sotterranea"}, "geometry": {"type": "Point", "coordinates": [7.66601, 45.0727]}}, {"type": "Feature", "properties": {"wikidata": "Q740463", "name": "santuario di Nostra Signora della Guardia", "status": "done", "osm_id": "way/276164173", "group": "Religione", "subgroup": "Luoghi di Culto", "subcategory": "Basilica minore"}, "geometry": {"type": "Point", "coordinates": [8.85915, 44.88804]}}, {"type": "Feature", "properties": {"wikidata": "Q743896", "name": "stazione di Asti", "status": "done", "osm_id": "relation/6112755", "group": "Infrastrutture", "subgroup": "Trasporti", "subcategory": "Stazione ferroviaria"}, "geometry": {"type": "Point", "coordinates": [8.207777777, 44.895]}}, {"type": "Feature", "properties": {"wikidata": "Q690168", "name": "Val d'Ossola", "status": "done", "osm_id": "way/886948186", "group": "Natura e paesaggio", "subgroup": "Montagna", "subcategory": "Valle"}, "geometry": {"type": "Point", "coordinates": [8.333333333, 46.083333333]}}, {"type": "Feature", "properties": {"wikidata": "Q847690", "name": "parco nazionale del Gran Paradiso", "status": "done", "osm_id": "relation/919270", "group": "Altro", "subgroup": "Altro", "subcategory": "Altro"}, "geometry": {"type": "Point", "coordinates": [7.31, 45.502777777]}}, {"type": "Feature", "properties": {"wikidata": "Q786449", "name": "stadio Filadelfia", "status": "done", "osm_id": "way/481253195", "group": "Cultura e tempo libero", "subgroup": "Sport", "subcategory": "Impianto sportivo"}, "geometry": {"type": "Point", "coordinates": [7.65819, 45.0385]}}, {"type": "Feature", "properties": {"wikidata": "Q733472", "name": "chiesa cattedrale dei Santi Pietro e Marco in Alessandria", "status": "done", "osm_id": "way/1195525494", "group": "Altro", "subgroup": "Altro", "subcategory": "Altro"}, "geometry": {"type": "Point", "coordinates": [8.6184, 44.9121]}}, {"type": "Feature", "properties": {"wikidata": "Q800957", "name": "stazione di Iselle di Trasquera", "status": "done", "osm_id": "node/52255676", "group": "Altro", "subgroup": "Altro", "subcategory": "Altro"}, "geometry": {"type": "Point", "coordinates": [8.207055, 46.207012]}}, {"type": "Feature", "properties": {"wikidata": "Q942020", "name": "Grande Traversata delle Alpi", "status": "done", "osm_id": "relation/12929124", "group": "Altro", "subgroup": "Altro", "subcategory": "Altro"}, "geometry": {"type": "Point", "coordinates": [7.91944444, 44.95972222]}}, {"type": "Feature", "properties": {"wikidata": "Q894161", "name": "Isole Borromee", "status": "done", "osm_id": "relation/3318395", "group": "Altro", "subgroup": "Altro", "subcategory": "Altro"}, "geometry": {"type": "Point", "coordinates": [8.5305, 45.90375]}}, {"type": "Feature", "properties": {"wikidata": "Q855274", "name": "Bialbero di Casorzo", "status": "done", "osm_id": "node/1856461905", "group": "Natura e paesaggio", "subgroup": "Verde", "subcategory": "Albero monumentale"}, "geometry": {"type": "Point", "coordinates": [8.3230394, 45.0048877]}}, {"type": "Feature", "properties": {"wikidata": "Q947696", "name": "cattedrale di San Giusto", "status": "done", "osm_id": "way/290505833", "group": "Religione", "subgroup": "Luoghi di Culto", "subcategory": "Chiesa parrocchiale"}, "geometry": {"type": "Point", "coordinates": [7.04504, 45.1371]}}, {"type": "Feature", "properties": {"wikidata": "Q815311", "name": "Belbo", "status": "done", "osm_id": "relation/2233719", "group": "Natura e paesaggio", "subgroup": "Acqua", "subcategory": "Fiume"}, "geometry": {"type": "Point", "coordinates": [8.516666666, 44.9]}}, {"type": "Feature", "properties": {"wikidata": "Q1048781", "name": "Castelli di Cannero", "status": "done", "osm_id": "way/1419690196", "group": "Fortificazioni e militare", "subgroup": "Fortificazioni", "subcategory": "Castello"}, "geometry": {"type": "Point", "coordinates": [8.705280555, 46.0239]}}, {"type": "Feature", "properties": {"wikidata": "Q921046", "name": "Cima Gardiola", "status": "done", "osm_id": "node/2907417569", "group": "Natura e paesaggio", "subgroup": "Montagna", "subcategory": "Montagna"}, "geometry": {"type": "Point", "coordinates": [6.7361, 45.1383]}}, {"type": "Feature", "properties": {"wikidata": "Q962344", "name": "Sinagoga e museo ebraico di Asti", "status": "done", "osm_id": "way/126636780", "group": "Dimore ed edifici", "subgroup": "Strutture Varie", "subcategory": "Complesso di edifici"}, "geometry": {"type": "Point", "coordinates": [8.202651, 44.899456]}}, {"type": "Feature", "properties": {"wikidata": "Q799944", "name": "Bagni di Craveggia", "status": "done", "osm_id": "node/4523109106", "group": "Insediamenti", "subgroup": "Centri", "subcategory": "Frazione"}, "geometry": {"type": "Point", "coordinates": [8.53944444, 46.19833333]}}, {"type": "Feature", "properties": {"wikidata": "Q683578", "name": "Superga", "status": "done", "osm_id": "node/2231690147", "group": "Natura e paesaggio", "subgroup": "Montagna", "subcategory": "Collina"}, "geometry": {"type": "Point", "coordinates": [7.767222222, 45.080555555]}}, {"type": "Feature", "properties": {"wikidata": "Q762712", "name": "Val Bormida", "status": "missing", "osm_id": null, "group": "Natura e paesaggio", "subgroup": "Montagna", "subcategory": "Valle"}, "geometry": {"type": "Point", "coordinates": [8.26666667, 44.4]}}, {"type": "Feature", "properties": {"wikidata": "Q958699", "name": "Duomo di Torino", "status": "done", "osm_id": "way/110679251", "group": "Religione", "subgroup": "Luoghi di Culto", "subcategory": "Chiesa parrocchiale"}, "geometry": {"type": "Point", "coordinates": [7.685435, 45.07332]}}, {"type": "Feature", "properties": {"wikidata": "Q940466", "name": "Valli Valdesi", "status": "missing", "osm_id": null, "group": "Altro", "subgroup": "Altro", "subcategory": "Altro"}, "geometry": {"type": "Point", "coordinates": [7.083333333, 44.833333333]}}, {"type": "Feature", "properties": {"wikidata": "Q1054748", "name": "Piccola Casa della Divina Provvidenza", "status": "done", "osm_id": "way/777989578", "group": "Infrastrutture", "subgroup": "Servizi", "subcategory": "Sanit\u00e0"}, "geometry": {"type": "Point", "coordinates": [7.680568, 45.079212]}}, {"type": "Feature", "properties": {"wikidata": "Q743305", "name": "cattedrale di San Donato", "status": "done", "osm_id": "way/234455536", "group": "Altro", "subgroup": "Altro", "subcategory": "Altro"}, "geometry": {"type": "Point", "coordinates": [7.3298, 44.8857]}}, {"type": "Feature", "properties": {"wikidata": "Q769702", "name": "Aurora", "status": "done", "osm_id": "node/2036078189", "group": "Altro", "subgroup": "Altro", "subcategory": "Altro"}, "geometry": {"type": "Point", "coordinates": [7.68805556, 45.08305556]}}, {"type": "Feature", "properties": {"wikidata": "Q684399", "name": "Passo di San Giacomo", "status": "done", "osm_id": "node/290167764", "group": "Natura e paesaggio", "subgroup": "Montagna", "subcategory": "Passo"}, "geometry": {"type": "Point", "coordinates": [8.4534, 46.45957778]}}, {"type": "Feature", "properties": {"wikidata": "Q975319", "name": "Val Vigezzo", "status": "done", "osm_id": "way/539688258", "group": "Natura e paesaggio", "subgroup": "Montagna", "subcategory": "Valle"}, "geometry": {"type": "Point", "coordinates": [8.55, 46.1333]}}, {"type": "Feature", "properties": {"wikidata": "Q978030", "name": "Oval Lingotto", "status": "done", "osm_id": "way/88289207", "group": "Altro", "subgroup": "Altro", "subcategory": "Altro"}, "geometry": {"type": "Point", "coordinates": [7.660833, 45.0275]}}, {"type": "Feature", "properties": {"wikidata": "Q975240", "name": "Pinacoteca Giovanni e Marella Agnelli", "status": "done", "osm_id": "node/6432565270", "group": "Cultura e tempo libero", "subgroup": "Musei", "subcategory": "Museo d'arte"}, "geometry": {"type": "Point", "coordinates": [7.665732, 45.03243]}}, {"type": "Feature", "properties": {"wikidata": "Q964498", "name": "Bocchetto di Sessera", "status": "done", "osm_id": "node/511134846", "group": "Natura e paesaggio", "subgroup": "Montagna", "subcategory": "Passo"}, "geometry": {"type": "Point", "coordinates": [8.06277778, 45.66416667]}}, {"type": "Feature", "properties": {"wikidata": "Q956562", "name": "Monte Cresto", "status": "done", "osm_id": "node/3844622478", "group": "Natura e paesaggio", "subgroup": "Montagna", "subcategory": "Montagna"}, "geometry": {"type": "Point", "coordinates": [7.910522, 45.680544]}}, {"type": "Feature", "properties": {"wikidata": "Q690199", "name": "Val Divedro", "status": "missing", "osm_id": null, "group": "Natura e paesaggio", "subgroup": "Montagna", "subcategory": "Valle"}, "geometry": {"type": "Point", "coordinates": [8.2, 46.2]}}, {"type": "Feature", "properties": {"wikidata": "Q801521", "name": "stazione di Torino Lingotto", "status": "done", "osm_id": "way/41920830", "group": "Infrastrutture", "subgroup": "Trasporti", "subcategory": "Stazione ferroviaria"}, "geometry": {"type": "Point", "coordinates": [7.657063, 45.026715]}}, {"type": "Feature", "properties": {"wikidata": "Q805471", "name": "Balmenhorn", "status": "done", "osm_id": "node/1798987626", "group": "Natura e paesaggio", "subgroup": "Montagna", "subcategory": "Montagna"}, "geometry": {"type": "Point", "coordinates": [7.8575, 45.913333]}}, {"type": "Feature", "properties": {"wikidata": "Q1053520", "name": "Val Formazza", "status": "done", "osm_id": "way/764558860", "group": "Natura e paesaggio", "subgroup": "Montagna", "subcategory": "Valle"}, "geometry": {"type": "Point", "coordinates": [8.433, 46.383]}}, {"type": "Feature", "properties": {"wikidata": "Q789090", "name": "autostrada A26/A7", "status": "missing", "osm_id": null, "group": "Altro", "subgroup": "Altro", "subcategory": "Altro"}, "geometry": {"type": "Point", "coordinates": [8.73772, 44.793913]}}, {"type": "Feature", "properties": {"wikidata": "Q801523", "name": "stazione di Torino Porta Nuova", "status": "done", "osm_id": "way/22983909", "group": "Altro", "subgroup": "Altro", "subcategory": "Altro"}, "geometry": {"type": "Point", "coordinates": [7.678888888, 45.0625]}}, {"type": "Feature", "properties": {"wikidata": "Q1054091", "name": "Palazzo Benso di Cavour", "status": "done", "osm_id": "way/318992827", "group": "Dimore ed edifici", "subgroup": "Residenze", "subcategory": "Palazzo"}, "geometry": {"type": "Point", "coordinates": [7.68258, 45.06533]}}, {"type": "Feature", "properties": {"wikidata": "Q934424", "name": "Borgo e rocca medievale di Torino", "status": "done", "osm_id": "node/2012649764", "group": "Cultura e tempo libero", "subgroup": "Musei", "subcategory": "Museo d'arte"}, "geometry": {"type": "Point", "coordinates": [7.68511, 45.04904]}}, {"type": "Feature", "properties": {"wikidata": "Q1054341", "name": "Centro studi sul federalismo", "status": "missing", "osm_id": null, "group": "Altro", "subgroup": "Altro", "subcategory": "Altro"}, "geometry": {"type": "Point", "coordinates": [7.684863, 45.000227]}}, {"type": "Feature", "properties": {"wikidata": "Q1054755", "name": "Porta Palatina", "status": "done", "osm_id": "way/110678150", "group": "Fortificazioni e militare", "subgroup": "Fortificazioni", "subcategory": "Porta cittadina"}, "geometry": {"type": "Point", "coordinates": [7.6847, 45.075]}}, {"type": "Feature", "properties": {"wikidata": "Q692858", "name": "Alpi Ticinesi e del Verbano", "status": "done", "osm_id": "relation/8147638", "group": "Altro", "subgroup": "Altro", "subcategory": "Altro"}, "geometry": {"type": "Point", "coordinates": [8.31666667, 46.43333333]}}, {"type": "Feature", "properties": {"wikidata": "Q890390", "name": "Monte Mars", "status": "done", "osm_id": "node/1451518829", "group": "Natura e paesaggio", "subgroup": "Montagna", "subcategory": "Montagna"}, "geometry": {"type": "Point", "coordinates": [7.9152846, 45.6332161]}}, {"type": "Feature", "properties": {"wikidata": "Q675028", "name": "Dora Baltea", "status": "done", "osm_id": "relation/2146996", "group": "Natura e paesaggio", "subgroup": "Acqua", "subcategory": "Fiume"}, "geometry": {"type": "Point", "coordinates": [6.960833333, 45.808611111]}}, {"type": "Feature", "properties": {"wikidata": "Q962918", "name": "lago della Vecchia", "status": "done", "osm_id": "way/155514366", "group": "Natura e paesaggio", "subgroup": "Acqua", "subcategory": "Lago"}, "geometry": {"type": "Point", "coordinates": [6.94528, 45.1756]}}, {"type": "Feature", "properties": {"wikidata": "Q779259", "name": "Valle Maira", "status": "done", "osm_id": "way/1293420773", "group": "Altro", "subgroup": "Altro", "subcategory": "Altro"}, "geometry": {"type": "Point", "coordinates": [7.13777778, 44.50194444]}}, {"type": "Feature", "properties": {"wikidata": "Q982762", "name": "chiesa della Madonna del Pilone", "status": "done", "osm_id": "way/83077275", "group": "Religione", "subgroup": "Luoghi di Culto", "subcategory": "Chiesa"}, "geometry": {"type": "Point", "coordinates": [7.723983, 45.069984]}}, {"type": "Feature", "properties": {"wikidata": "Q856408", "name": "Biblioteca Reale", "status": "done", "osm_id": "node/4849156539", "group": "Altro", "subgroup": "Altro", "subcategory": "Altro"}, "geometry": {"type": "Point", "coordinates": [7.6864434, 45.0720941]}}, {"type": "Feature", "properties": {"wikidata": "Q925720", "name": "Monte Pracaban", "status": "done", "osm_id": "node/603234240", "group": "Natura e paesaggio", "subgroup": "Montagna", "subcategory": "Montagna"}, "geometry": {"type": "Point", "coordinates": [8.73833333, 44.55166667]}}, {"type": "Feature", "properties": {"wikidata": "Q739333", "name": "Rosa dei Banchi", "status": "done", "osm_id": "node/1745591454", "group": "Natura e paesaggio", "subgroup": "Montagna", "subcategory": "Montagna"}, "geometry": {"type": "Point", "coordinates": [7.53182, 45.5782]}}, {"type": "Feature", "properties": {"wikidata": "Q868498", "name": "chiesa della Gran Madre di Dio", "status": "done", "osm_id": "way/515714256", "group": "Religione", "subgroup": "Luoghi di Culto", "subcategory": "Chiesa"}, "geometry": {"type": "Point", "coordinates": [7.6991, 45.0622]}}, {"type": "Feature", "properties": {"wikidata": "Q766265", "name": "Liceo salesiano Valsalice", "status": "done", "osm_id": "way/1075307126", "group": "Amministrazione", "subgroup": "Istruzione", "subcategory": "Scuola secondaria"}, "geometry": {"type": "Point", "coordinates": [7.702055, 45.0543984]}}, {"type": "Feature", "properties": {"wikidata": "Q789092", "name": "autostrada A26", "status": "done", "osm_id": "relation/377223", "group": "Altro", "subgroup": "Altro", "subcategory": "Altro"}, "geometry": {"type": "Point", "coordinates": [8.48687, 45.12944]}}, {"type": "Feature", "properties": {"wikidata": "Q962235", "name": "lago di Candia", "status": "done", "osm_id": "way/86387291", "group": "Natura e paesaggio", "subgroup": "Acqua", "subcategory": "Lago"}, "geometry": {"type": "Point", "coordinates": [7.883333333, 45.333333333]}}, {"type": "Feature", "properties": {"wikidata": "Q712943", "name": "Museo storico nazionale dell'artiglieria", "status": "done", "osm_id": "node/4572133130", "group": "Altro", "subgroup": "Altro", "subcategory": "Altro"}, "geometry": {"type": "Point", "coordinates": [7.67444444, 45.07111111]}}, {"type": "Feature", "properties": {"wikidata": "Q789088", "name": "autostrada A26/A4", "status": "done", "osm_id": "relation/377283", "group": "Altro", "subgroup": "Altro", "subcategory": "Altro"}, "geometry": {"type": "Point", "coordinates": [8.298632, 45.306558]}}, {"type": "Feature", "properties": {"wikidata": "Q851323", "name": "Tanaro", "status": "done", "osm_id": "relation/2233733", "group": "Natura e paesaggio", "subgroup": "Acqua", "subcategory": "Fiume"}, "geometry": {"type": "Point", "coordinates": [8.769, 45.006]}}, {"type": "Feature", "properties": {"wikidata": "Q764047", "name": "Corno Stella", "status": "done", "osm_id": "node/2440748622", "group": "Natura e paesaggio", "subgroup": "Montagna", "subcategory": "Montagna"}, "geometry": {"type": "Point", "coordinates": [7.30333, 44.1858]}}, {"type": "Feature", "properties": {"wikidata": "Q952653", "name": "Valle Anzasca", "status": "done", "osm_id": "node/11029555451", "group": "Altro", "subgroup": "Altro", "subcategory": "Altro"}, "geometry": {"type": "Point", "coordinates": [7.96667, 45.9667]}}, {"type": "Feature", "properties": {"wikidata": "Q3661246", "name": "Casa dell'Obelisco", "status": "done", "osm_id": "way/766901551", "group": "Altro", "subgroup": "Altro", "subcategory": "Altro"}, "geometry": {"type": "Point", "coordinates": [7.69566, 45.0562]}}, {"type": "Feature", "properties": {"wikidata": "Q3657355", "name": "cappella Marchionale", "status": "done", "osm_id": "node/1699902048", "group": "Religione", "subgroup": "Luoghi di Culto", "subcategory": "Chiesa"}, "geometry": {"type": "Point", "coordinates": [7.38868, 44.65471]}}, {"type": "Feature", "properties": {"wikidata": "Q3641499", "name": "Bocchetta della Boscarola", "status": "done", "osm_id": "node/757121478", "group": "Natura e paesaggio", "subgroup": "Montagna", "subcategory": "Passo"}, "geometry": {"type": "Point", "coordinates": [8.095833, 45.737778]}}, {"type": "Feature", "properties": {"wikidata": "Q3640527", "name": "bivacco Boarelli", "status": "done", "osm_id": "way/320354811", "group": "Dimore ed edifici", "subgroup": "Ospitalit\u00e0", "subcategory": "Bivacco"}, "geometry": {"type": "Point", "coordinates": [7.09037, 44.64996]}}, {"type": "Feature", "properties": {"wikidata": "Q3662295", "name": "castello-ricetto di Ghemme", "status": "done", "osm_id": "way/196662975", "group": "Altro", "subgroup": "Altro", "subcategory": "Altro"}, "geometry": {"type": "Point", "coordinates": [8.418077, 45.598959]}}, {"type": "Feature", "properties": {"wikidata": "Q3642531", "name": "Borgo San Pietro", "status": "missing", "osm_id": null, "group": "Insediamenti", "subgroup": "Centri", "subcategory": "Frazione"}, "geometry": {"type": "Point", "coordinates": [7.683333333, 45.0]}}, {"type": "Feature", "properties": {"wikidata": "Q3649423", "name": "Cadarese", "status": "done", "osm_id": "node/1189570730", "group": "Insediamenti", "subgroup": "Centri", "subcategory": "Frazione"}, "geometry": {"type": "Point", "coordinates": [8.36078, 46.29744]}}, {"type": "Feature", "properties": {"wikidata": "Q3662395", "name": "Castello Visconteo", "status": "done", "osm_id": "way/991527177", "group": "Fortificazioni e militare", "subgroup": "Fortificazioni", "subcategory": "Castello"}, "geometry": {"type": "Point", "coordinates": [8.42593, 45.32796]}}, {"type": "Feature", "properties": {"wikidata": "Q3662387", "name": "Castello Vagnone", "status": "missing", "osm_id": null, "group": "Fortificazioni e militare", "subgroup": "Fortificazioni", "subcategory": "Castello"}, "geometry": {"type": "Point", "coordinates": [7.741018, 44.988992]}}, {"type": "Feature", "properties": {"wikidata": "Q3657503", "name": "cappella della Sacra Sindone", "status": "done", "osm_id": "way/179479920", "group": "Religione", "subgroup": "Luoghi di Culto", "subcategory": "Cappella"}, "geometry": {"type": "Point", "coordinates": [7.68543, 45.0733]}}, {"type": "Feature", "properties": {"wikidata": "Q3640533", "name": "bivacco Carlo Villata", "status": "done", "osm_id": "node/1914572110", "group": "Dimore ed edifici", "subgroup": "Ospitalit\u00e0", "subcategory": "Bivacco"}, "geometry": {"type": "Point", "coordinates": [7.0932, 44.67606]}}, {"type": "Feature", "properties": {"wikidata": "Q3661147", "name": "Casa Portigliotti", "status": "missing", "osm_id": null, "group": "Altro", "subgroup": "Altro", "subcategory": "Altro"}, "geometry": {"type": "Point", "coordinates": [8.457971, 45.551036]}}, {"type": "Feature", "properties": {"wikidata": "Q3640529", "name": "bivacco Bonelli", "status": "done", "osm_id": "way/155341550", "group": "Dimore ed edifici", "subgroup": "Ospitalit\u00e0", "subcategory": "Bivacco"}, "geometry": {"type": "Point", "coordinates": [6.9263, 44.454]}}, {"type": "Feature", "properties": {"wikidata": "Q3661603", "name": "Cascinagrossa", "status": "done", "osm_id": "node/3314748211", "group": "Insediamenti", "subgroup": "Centri", "subcategory": "Frazione"}, "geometry": {"type": "Point", "coordinates": [8.720277777, 44.878888888]}}, {"type": "Feature", "properties": {"wikidata": "Q3640552", "name": "bivacco Le due Valli", "status": "done", "osm_id": "node/4086666582", "group": "Dimore ed edifici", "subgroup": "Ospitalit\u00e0", "subcategory": "Bivacco"}, "geometry": {"type": "Point", "coordinates": [6.9683, 44.4086]}}, {"type": "Feature", "properties": {"wikidata": "Q3643361", "name": "Bracchiello", "status": "done", "osm_id": "node/650443076", "group": "Insediamenti", "subgroup": "Centri", "subcategory": "Frazione"}, "geometry": {"type": "Point", "coordinates": [7.35432, 45.3224]}}, {"type": "Feature", "properties": {"wikidata": "Q3662376", "name": "Castello Sforzesco di Galliate", "status": "done", "osm_id": "relation/3268447", "group": "Fortificazioni e militare", "subgroup": "Fortificazioni", "subcategory": "Castello"}, "geometry": {"type": "Point", "coordinates": [8.696201, 45.478392]}}, {"type": "Feature", "properties": {"wikidata": "Q3661413", "name": "Casalbusone", "status": "done", "osm_id": "node/1269500413", "group": "Insediamenti", "subgroup": "Centri", "subcategory": "Frazione"}, "geometry": {"type": "Point", "coordinates": [9.10697, 44.62314]}}, {"type": "Feature", "properties": {"wikidata": "Q3644543", "name": "Bric Mindino", "status": "done", "osm_id": "node/911075921", "group": "Natura e paesaggio", "subgroup": "Montagna", "subcategory": "Montagna"}, "geometry": {"type": "Point", "coordinates": [7.95449, 44.2362]}}, {"type": "Feature", "properties": {"wikidata": "Q3645262", "name": "Broletto", "status": "done", "osm_id": "relation/11520750", "group": "Altro", "subgroup": "Altro", "subcategory": "Altro"}, "geometry": {"type": "Point", "coordinates": [8.619638888, 45.446388888]}}, {"type": "Feature", "properties": {"wikidata": "Q3662204", "name": "Castelceriolo", "status": "done", "osm_id": "node/1890372559", "group": "Insediamenti", "subgroup": "Centri", "subcategory": "Frazione"}, "geometry": {"type": "Point", "coordinates": [8.69384, 44.91723]}}, {"type": "Feature", "properties": {"wikidata": "Q3650249", "name": "Calcinere", "status": "done", "osm_id": "node/1741556808", "group": "Insediamenti", "subgroup": "Centri", "subcategory": "Frazione"}, "geometry": {"type": "Point", "coordinates": [7.23532, 44.68719]}}, {"type": "Feature", "properties": {"wikidata": "Q3661235", "name": "Casa del Pingone", "status": "done", "osm_id": "way/319279885", "group": "Dimore ed edifici", "subgroup": "Residenze", "subcategory": "Palazzo"}, "geometry": {"type": "Point", "coordinates": [7.683958333, 45.074222222]}}, {"type": "Feature", "properties": {"wikidata": "Q3651147", "name": "Camasco", "status": "done", "osm_id": "node/964683325", "group": "Insediamenti", "subgroup": "Centri", "subcategory": "Frazione"}, "geometry": {"type": "Point", "coordinates": [8.29641, 45.84435]}}, {"type": "Feature", "properties": {"wikidata": "Q3657284", "name": "caposaldo Rochemolles", "status": "missing", "osm_id": null, "group": "Altro", "subgroup": "Altro", "subcategory": "Altro"}, "geometry": {"type": "Point", "coordinates": [6.74916667, 45.11444444]}}, {"type": "Feature", "properties": {"wikidata": "Q3657712", "name": "cappella di Santa Rosalia", "status": "done", "osm_id": "way/251117856", "group": "Religione", "subgroup": "Luoghi di Culto", "subcategory": "Cappella"}, "geometry": {"type": "Point", "coordinates": [8.38145278, 44.51990556]}}, {"type": "Feature", "properties": {"wikidata": "Q3661720", "name": "caserma difensiva del Frejus", "status": "missing", "osm_id": null, "group": "Fortificazioni e militare", "subgroup": "Militare", "subcategory": "Caserma"}, "geometry": {"type": "Point", "coordinates": [6.98916667, 45.11638889]}}, {"type": "Feature", "properties": {"wikidata": "Q3640540", "name": "bivacco Enrico e Mario", "status": "done", "osm_id": "way/132070073", "group": "Dimore ed edifici", "subgroup": "Ospitalit\u00e0", "subcategory": "Bivacco"}, "geometry": {"type": "Point", "coordinates": [6.939167, 44.4375]}}, {"type": "Feature", "properties": {"wikidata": "Q3640530", "name": "bivacco Bonfante", "status": "done", "osm_id": "way/131607144", "group": "Dimore ed edifici", "subgroup": "Ospitalit\u00e0", "subcategory": "Bivacco"}, "geometry": {"type": "Point", "coordinates": [7.016111, 44.538889]}}, {"type": "Feature", "properties": {"wikidata": "Q3640524", "name": "Bivacco Berardo", "status": "done", "osm_id": "node/8014349751", "group": "Dimore ed edifici", "subgroup": "Ospitalit\u00e0", "subcategory": "Bivacco"}, "geometry": {"type": "Point", "coordinates": [7.072052, 44.648571]}}, {"type": "Feature", "properties": {"wikidata": "Q3661084", "name": "Casa Cavassa", "status": "done", "osm_id": "node/6469927915", "group": "Cultura e tempo libero", "subgroup": "Musei", "subcategory": "Museo d'arte"}, "geometry": {"type": "Point", "coordinates": [7.486007, 44.64449]}}, {"type": "Feature", "properties": {"wikidata": "Q3657624", "name": "cappella di San Rocco delle Carceri", "status": "done", "osm_id": "way/746426887", "group": "Religione", "subgroup": "Luoghi di Culto", "subcategory": "Cappella"}, "geometry": {"type": "Point", "coordinates": [7.82744, 44.39058]}}, {"type": "Feature", "properties": {"wikidata": "Q3644549", "name": "Bric di Mezzogiorno", "status": "done", "osm_id": "node/5022970458", "group": "Natura e paesaggio", "subgroup": "Montagna", "subcategory": "Montagna"}, "geometry": {"type": "Point", "coordinates": [6.98039, 44.9613]}}, {"type": "Feature", "properties": {"wikidata": "Q3661239", "name": "Casa del Senato", "status": "done", "osm_id": "way/219149884", "group": "Dimore ed edifici", "subgroup": "Residenze", "subcategory": "Palazzo"}, "geometry": {"type": "Point", "coordinates": [7.682667, 45.073111]}}, {"type": "Feature", "properties": {"wikidata": "Q3657720", "name": "cappella di Santo Spirito ed Evasio", "status": "missing", "osm_id": null, "group": "Religione", "subgroup": "Luoghi di Culto", "subcategory": "Chiesa"}, "geometry": {"type": "Point", "coordinates": [7.693216666, 45.341261111]}}, {"type": "Feature", "properties": {"wikidata": "Q3642477", "name": "Borgo Adorno", "status": "done", "osm_id": "node/690768253", "group": "Insediamenti", "subgroup": "Centri", "subcategory": "Frazione"}, "geometry": {"type": "Point", "coordinates": [9.09445, 44.74082]}}, {"type": "Feature", "properties": {"wikidata": "Q3642683", "name": "Bornate", "status": "done", "osm_id": "node/2941457660", "group": "Insediamenti", "subgroup": "Centri", "subcategory": "Frazione"}, "geometry": {"type": "Point", "coordinates": [8.294722222, 45.696111111]}}, {"type": "Feature", "properties": {"wikidata": "Q3657524", "name": "cappella di Missione", "status": "done", "osm_id": "way/275986925", "group": "Religione", "subgroup": "Luoghi di Culto", "subcategory": "Cappella"}, "geometry": {"type": "Point", "coordinates": [7.47225, 44.7921]}}, {"type": "Feature", "properties": {"wikidata": "Q3642489", "name": "Borgo Dora", "status": "done", "osm_id": "node/6184474135", "group": "Altro", "subgroup": "Altro", "subcategory": "Altro"}, "geometry": {"type": "Point", "coordinates": [7.683327, 45.07996]}}, {"type": "Feature", "properties": {"wikidata": "Q3640536", "name": "Bivacco Combi e Lanza", "status": "done", "osm_id": "node/317788666", "group": "Dimore ed edifici", "subgroup": "Ospitalit\u00e0", "subcategory": "Bivacco"}, "geometry": {"type": "Point", "coordinates": [8.219182, 46.311782]}}, {"type": "Feature", "properties": {"wikidata": "Q3657668", "name": "cappella di Santa Croce", "status": "done", "osm_id": "way/745410630", "group": "Religione", "subgroup": "Luoghi di Culto", "subcategory": "Cappella"}, "geometry": {"type": "Point", "coordinates": [7.83607, 44.38177]}}, {"type": "Feature", "properties": {"wikidata": "Q3655057", "name": "Canale Regina Elena", "status": "done", "osm_id": "relation/4427458", "group": "Natura e paesaggio", "subgroup": "Acqua", "subcategory": "Canale artificiale"}, "geometry": {"type": "Point", "coordinates": [8.625304, 45.4844333]}}, {"type": "Feature", "properties": {"wikidata": "Q3640528", "name": "bivacco Boerio", "status": "done", "osm_id": "way/942145892", "group": "Dimore ed edifici", "subgroup": "Ospitalit\u00e0", "subcategory": "Bivacco"}, "geometry": {"type": "Point", "coordinates": [6.950611, 44.614972]}}, {"type": "Feature", "properties": {"wikidata": "Q3640555", "name": "Bivacco Luigi Ravelli", "status": "done", "osm_id": "way/208636182", "group": "Dimore ed edifici", "subgroup": "Ospitalit\u00e0", "subcategory": "Bivacco"}, "geometry": {"type": "Point", "coordinates": [7.8806676, 45.8373273]}}, {"type": "Feature", "properties": {"wikidata": "Q3641498", "name": "Bocchetta del Croso", "status": "done", "osm_id": "node/1870325479", "group": "Natura e paesaggio", "subgroup": "Montagna", "subcategory": "Passo"}, "geometry": {"type": "Point", "coordinates": [7.97416667, 45.72027778]}}, {"type": "Feature", "properties": {"wikidata": "Q3644541", "name": "Bric Bucie", "status": "done", "osm_id": "node/1618646020", "group": "Natura e paesaggio", "subgroup": "Montagna", "subcategory": "Montagna"}, "geometry": {"type": "Point", "coordinates": [7.02389, 44.8231]}}, {"type": "Feature", "properties": {"wikidata": "Q3642514", "name": "Borgo Po", "status": "done", "osm_id": "node/6174580830", "group": "Insediamenti", "subgroup": "Zone Urbane", "subcategory": "Quartiere"}, "geometry": {"type": "Point", "coordinates": [7.6975, 45.059166666]}}, {"type": "Feature", "properties": {"wikidata": "Q3650849", "name": "Callianetto", "status": "done", "osm_id": "node/1323399749", "group": "Insediamenti", "subgroup": "Centri", "subcategory": "Frazione"}, "geometry": {"type": "Point", "coordinates": [8.19405, 44.96457]}}, {"type": "Feature", "properties": {"wikidata": "Q3657627", "name": "cappella di San Rocco", "status": "missing", "osm_id": null, "group": "Religione", "subgroup": "Luoghi di Culto", "subcategory": "Cappella"}, "geometry": {"type": "Point", "coordinates": [7.740805555, 44.988638888]}}, {"type": "Feature", "properties": {"wikidata": "Q3644542", "name": "Bric Ghinivert", "status": "done", "osm_id": "node/2740503460", "group": "Natura e paesaggio", "subgroup": "Montagna", "subcategory": "Montagna"}, "geometry": {"type": "Point", "coordinates": [6.99103, 44.9513]}}, {"type": "Feature", "properties": {"wikidata": "Q3657329", "name": "cappella Bricherasio", "status": "done", "osm_id": "node/10763501305", "group": "Religione", "subgroup": "Luoghi di Culto", "subcategory": "Chiesa"}, "geometry": {"type": "Point", "coordinates": [8.4189, 44.96771]}}, {"type": "Feature", "properties": {"wikidata": "Q3640546", "name": "Bivacco Gino Revelli", "status": "done", "osm_id": "way/944093892", "group": "Dimore ed edifici", "subgroup": "Ospitalit\u00e0", "subcategory": "Bivacco"}, "geometry": {"type": "Point", "coordinates": [7.417781, 45.52052]}}, {"type": "Feature", "properties": {"wikidata": "Q3656704", "name": "capanna Fratelli Gugliermina", "status": "done", "osm_id": "node/2949696747", "group": "Dimore ed edifici", "subgroup": "Ospitalit\u00e0", "subcategory": "Rifugio di montagna"}, "geometry": {"type": "Point", "coordinates": [7.8825, 45.913056]}}, {"type": "Feature", "properties": {"wikidata": "Q3655797", "name": "Cantina dei Santi", "status": "missing", "osm_id": null, "group": "Religione", "subgroup": "Luoghi di Culto", "subcategory": "Chiesa"}, "geometry": {"type": "Point", "coordinates": [8.384702, 45.632926]}}, {"type": "Feature", "properties": {"wikidata": "Q3662293", "name": "Castellino di Moncalvo", "status": "done", "osm_id": "node/1419499945", "group": "Insediamenti", "subgroup": "Centri", "subcategory": "Frazione"}, "geometry": {"type": "Point", "coordinates": [8.302777777, 45.068333333]}}, {"type": "Feature", "properties": {"wikidata": "Q3657669", "name": "cappella di Santa Croce", "status": "missing", "osm_id": null, "group": "Religione", "subgroup": "Luoghi di Culto", "subcategory": "Cappella"}, "geometry": {"type": "Point", "coordinates": [7.57484, 45.30929]}}, {"type": "Feature", "properties": {"wikidata": "Q3661839", "name": "Caso Graneris", "status": "missing", "osm_id": null, "group": "Altro", "subgroup": "Altro", "subcategory": "Altro"}, "geometry": {"type": "Point", "coordinates": [8.4086751, 45.3156732]}}, {"type": "Feature", "properties": {"wikidata": "Q3661244", "name": "Casa del marmo", "status": "missing", "osm_id": null, "group": "Cultura e tempo libero", "subgroup": "Musei", "subcategory": "Museo"}, "geometry": {"type": "Point", "coordinates": [7.998888888, 45.885277777]}}, {"type": "Feature", "properties": {"wikidata": "Q3661161", "name": "Casa Saiba", "status": "missing", "osm_id": null, "group": "Altro", "subgroup": "Altro", "subcategory": "Altro"}, "geometry": {"type": "Point", "coordinates": [7.67886877, 45.06518936]}}, {"type": "Feature", "properties": {"wikidata": "Q3641990", "name": "Bombonina", "status": "done", "osm_id": "node/6276810578", "group": "Insediamenti", "subgroup": "Centri", "subcategory": "Frazione"}, "geometry": {"type": "Point", "coordinates": [7.55, 44.383333333]}}, {"type": "Feature", "properties": {"wikidata": "Q3655641", "name": "Cantalupo", "status": "done", "osm_id": "node/1286816520", "group": "Insediamenti", "subgroup": "Centri", "subcategory": "Frazione"}, "geometry": {"type": "Point", "coordinates": [8.55286, 44.86691]}}, {"type": "Feature", "properties": {"wikidata": "Q3662082", "name": "Castel Borello", "status": "done", "osm_id": "way/1461350271", "group": "Fortificazioni e militare", "subgroup": "Fortificazioni", "subcategory": "Castello"}, "geometry": {"type": "Point", "coordinates": [7.162794, 45.121668]}}, {"type": "Feature", "properties": {"wikidata": "Q3657623", "name": "cappella di San Rocco", "status": "done", "osm_id": "way/383515129", "group": "Religione", "subgroup": "Luoghi di Culto", "subcategory": "Chiesa"}, "geometry": {"type": "Point", "coordinates": [7.67779, 44.76287]}}, {"type": "Feature", "properties": {"wikidata": "Q3642002", "name": "Bona", "status": "done", "osm_id": "way/123342618", "group": "Natura e paesaggio", "subgroup": "Acqua", "subcategory": "Fiume"}, "geometry": {"type": "Point", "coordinates": [8.520833333, 45.227777777]}}, {"type": "Feature", "properties": {"wikidata": "Q3661070", "name": "Casa Bossi", "status": "done", "osm_id": "node/2151623966", "group": "Dimore ed edifici", "subgroup": "Residenze", "subcategory": "Palazzo"}, "geometry": {"type": "Point", "coordinates": [8.61966944, 45.44882778]}}, {"type": "Feature", "properties": {"wikidata": "Q3640543", "name": "bivacco Gandolfo", "status": "done", "osm_id": "node/1853996999", "group": "Dimore ed edifici", "subgroup": "Ospitalit\u00e0", "subcategory": "Bivacco"}, "geometry": {"type": "Point", "coordinates": [7.228486111, 45.269163888]}}, {"type": "Feature", "properties": {"wikidata": "Q3652018", "name": "Campiglia Soana", "status": "done", "osm_id": "node/1335405595", "group": "Insediamenti", "subgroup": "Centri", "subcategory": "Frazione"}, "geometry": {"type": "Point", "coordinates": [7.53437, 45.53938]}}, {"type": "Feature", "properties": {"wikidata": "Q3644547", "name": "Bric delle Camere", "status": "done", "osm_id": "node/1387418973", "group": "Natura e paesaggio", "subgroup": "Montagna", "subcategory": "Montagna"}, "geometry": {"type": "Point", "coordinates": [9.03111111, 44.63916667]}}, {"type": "Feature", "properties": {"wikidata": "Q3640561", "name": "Bivacco Molino", "status": "done", "osm_id": "way/685001650", "group": "Dimore ed edifici", "subgroup": "Ospitalit\u00e0", "subcategory": "Bivacco"}, "geometry": {"type": "Point", "coordinates": [7.227845, 45.326716]}}, {"type": "Feature", "properties": {"wikidata": "Q3657426", "name": "cappella dell'Annunziata", "status": "done", "osm_id": "way/368625473", "group": "Religione", "subgroup": "Luoghi di Culto", "subcategory": "Cappella"}, "geometry": {"type": "Point", "coordinates": [8.52484, 45.3576]}}, {"type": "Feature", "properties": {"wikidata": "Q3656746", "name": "capanna sociale Carmagnola", "status": "done", "osm_id": "way/169492030", "group": "Dimore ed edifici", "subgroup": "Ospitalit\u00e0", "subcategory": "Rifugio di montagna"}, "geometry": {"type": "Point", "coordinates": [6.945406, 44.548769]}}, {"type": "Feature", "properties": {"wikidata": "Q3661702", "name": "Caserma Alessandro La Marmora", "status": "done", "osm_id": "way/338112560", "group": "Fortificazioni e militare", "subgroup": "Militare", "subcategory": "Caserma"}, "geometry": {"type": "Point", "coordinates": [7.7065, 45.06308333]}}, {"type": "Feature", "properties": {"wikidata": "Q3661207", "name": "Casa dei Romagnano", "status": "done", "osm_id": "way/436322121", "group": "Altro", "subgroup": "Altro", "subcategory": "Altro"}, "geometry": {"type": "Point", "coordinates": [7.68075, 45.071383333]}}, {"type": "Feature", "properties": {"wikidata": "Q3657596", "name": "cappella di San Martino", "status": "done", "osm_id": "way/251116963", "group": "Religione", "subgroup": "Luoghi di Culto", "subcategory": "Cappella"}, "geometry": {"type": "Point", "coordinates": [8.38883611, 44.51023056]}}, {"type": "Feature", "properties": {"wikidata": "Q3644241", "name": "Brendo", "status": "done", "osm_id": "node/1197825135", "group": "Insediamenti", "subgroup": "Centri", "subcategory": "Insediamento umano"}, "geometry": {"type": "Point", "coordinates": [8.433333333, 46.383333333]}}, {"type": "Feature", "properties": {"wikidata": "Q3661164", "name": "Casa Scaccabarozzi", "status": "done", "osm_id": "way/117353514", "group": "Dimore ed edifici", "subgroup": "Residenze", "subcategory": "Palazzo"}, "geometry": {"type": "Point", "coordinates": [7.696925, 45.067825]}}, {"type": "Feature", "properties": {"wikidata": "Q3656714", "name": "capanna Luigina Resegotti", "status": "done", "osm_id": "node/13100829531", "group": "Dimore ed edifici", "subgroup": "Ospitalit\u00e0", "subcategory": "Rifugio di montagna"}, "geometry": {"type": "Point", "coordinates": [7.898476, 45.92623]}}, {"type": "Feature", "properties": {"wikidata": "Q3657650", "name": "cappella di Sant'Antonio abate", "status": "done", "osm_id": "way/892735336", "group": "Religione", "subgroup": "Luoghi di Culto", "subcategory": "Cappella"}, "geometry": {"type": "Point", "coordinates": [6.84762, 45.02329]}}, {"type": "Feature", "properties": {"wikidata": "Q3640572", "name": "bivacco Sigot", "status": "done", "osm_id": "way/39670291", "group": "Dimore ed edifici", "subgroup": "Ospitalit\u00e0", "subcategory": "Bivacco"}, "geometry": {"type": "Point", "coordinates": [6.859167, 45.114444]}}, {"type": "Feature", "properties": {"wikidata": "Q3656482", "name": "Canza", "status": "done", "osm_id": "node/1198892189", "group": "Insediamenti", "subgroup": "Centri", "subcategory": "Frazione"}, "geometry": {"type": "Point", "coordinates": [8.41978, 46.39218]}}, {"type": "Feature", "properties": {"wikidata": "Q3661073", "name": "Casa Broglia", "status": "missing", "osm_id": null, "group": "Altro", "subgroup": "Altro", "subcategory": "Altro"}, "geometry": {"type": "Point", "coordinates": [7.683239, 45.073564]}}, {"type": "Feature", "properties": {"wikidata": "Q3642740", "name": "Palazzo della Borsa Valori di Torino", "status": "done", "osm_id": "way/256087634", "group": "Dimore ed edifici", "subgroup": "Residenze", "subcategory": "Palazzo"}, "geometry": {"type": "Point", "coordinates": [7.68583333, 45.06448611]}}, {"type": "Feature", "properties": {"wikidata": "Q3657752", "name": "cappelle del Sacro Monte di Orta", "status": "missing", "osm_id": null, "group": "Religione", "subgroup": "Luoghi di Culto", "subcategory": "Cappella"}, "geometry": {"type": "Point", "coordinates": [8.41143, 45.79815]}}, {"type": "Feature", "properties": {"wikidata": "Q3642556", "name": "Borgo Villa", "status": "missing", "osm_id": null, "group": "Insediamenti", "subgroup": "Centri", "subcategory": "Borgata"}, "geometry": {"type": "Point", "coordinates": [8.38665, 44.80716]}}, {"type": "Feature", "properties": {"wikidata": "Q3645094", "name": "British War Cemetery di Arquata Scrivia", "status": "done", "osm_id": "way/833345563", "group": "Altro", "subgroup": "Altro", "subcategory": "Altro"}, "geometry": {"type": "Point", "coordinates": [8.878030555, 44.694325]}}, {"type": "Feature", "properties": {"wikidata": "Q3650575", "name": "Caldirola", "status": "done", "osm_id": "node/686192487", "group": "Insediamenti", "subgroup": "Centri", "subcategory": "Frazione"}, "geometry": {"type": "Point", "coordinates": [9.14863, 44.72744]}}, {"type": "Feature", "properties": {"wikidata": "Q3655106", "name": "Canapile", "status": "done", "osm_id": "node/7596101501", "group": "Insediamenti", "subgroup": "Centri", "subcategory": "Frazione"}, "geometry": {"type": "Point", "coordinates": [7.69699, 44.74393]}}, {"type": "Feature", "properties": {"wikidata": "Q3640571", "name": "Bivacco San Camillo", "status": "done", "osm_id": "way/229340808", "group": "Dimore ed edifici", "subgroup": "Ospitalit\u00e0", "subcategory": "Bivacco"}, "geometry": {"type": "Point", "coordinates": [7.1423, 45.268]}}, {"type": "Feature", "properties": {"wikidata": "Q3661411", "name": "Casalbagliano", "status": "done", "osm_id": "node/1859239647", "group": "Insediamenti", "subgroup": "Centri", "subcategory": "Frazione"}, "geometry": {"type": "Point", "coordinates": [8.5674, 44.89733]}}, {"type": "Feature", "properties": {"wikidata": "Q3652013", "name": "Campidoglio", "status": "done", "osm_id": "node/6172501669", "group": "Insediamenti", "subgroup": "Zone Urbane", "subcategory": "Quartiere"}, "geometry": {"type": "Point", "coordinates": [7.65194, 45.0792]}}, {"type": "Feature", "properties": {"wikidata": "Q3657486", "name": "cappella della Madonna di Loreto", "status": "done", "osm_id": "way/225124266", "group": "Religione", "subgroup": "Luoghi di Culto", "subcategory": "Chiesa"}, "geometry": {"type": "Point", "coordinates": [8.2724, 45.80551]}}, {"type": "Feature", "properties": {"wikidata": "Q3642555", "name": "Borgo Viatosto", "status": "done", "osm_id": "node/650329122", "group": "Insediamenti", "subgroup": "Centri", "subcategory": "Frazione"}, "geometry": {"type": "Point", "coordinates": [8.18638889, 44.92444444]}}, {"type": "Feature", "properties": {"wikidata": "Q2439915", "name": "Cadarafagno", "status": "done", "osm_id": "node/5691763314", "group": "Insediamenti", "subgroup": "Centri", "subcategory": "Frazione"}, "geometry": {"type": "Point", "coordinates": [8.310555555, 45.764722222]}}, {"type": "Feature", "properties": {"wikidata": "Q2211082", "name": "sacro monte di Varallo", "status": "done", "osm_id": "way/494243748", "group": "Religione", "subgroup": "Luoghi di Culto", "subcategory": "Chiesa"}, "geometry": {"type": "Point", "coordinates": [8.25472222, 45.81861111]}}, {"type": "Feature", "properties": {"wikidata": "Q2267061", "name": "San Giuliano Nuovo", "status": "done", "osm_id": "node/1267129262", "group": "Insediamenti", "subgroup": "Centri", "subcategory": "Frazione"}, "geometry": {"type": "Point", "coordinates": [8.764722222, 44.908888888]}}, {"type": "Feature", "properties": {"wikidata": "Q2482969", "name": "Villabella", "status": "done", "osm_id": "node/1261958824", "group": "Insediamenti", "subgroup": "Centri", "subcategory": "Frazione"}, "geometry": {"type": "Point", "coordinates": [8.57189, 45.03967]}}, {"type": "Feature", "properties": {"wikidata": "Q2104748", "name": "Pedemonte", "status": "done", "osm_id": "node/1731155926", "group": "Insediamenti", "subgroup": "Centri", "subcategory": "Frazione"}, "geometry": {"type": "Point", "coordinates": [7.93869, 45.86173]}}, {"type": "Feature", "properties": {"wikidata": "Q2266071", "name": "duomo di Alba", "status": "done", "osm_id": "way/362343255", "group": "Altro", "subgroup": "Altro", "subcategory": "Altro"}, "geometry": {"type": "Point", "coordinates": [8.03652, 44.70075]}}, {"type": "Feature", "properties": {"wikidata": "Q2229425", "name": "Rocca di Cavour", "status": "done", "osm_id": "node/3750262817", "group": "Natura e paesaggio", "subgroup": "Montagna", "subcategory": "Montagna"}, "geometry": {"type": "Point", "coordinates": [7.37422, 44.78036]}}, {"type": "Feature", "properties": {"wikidata": "Q2275702", "name": "Pierre Menue", "status": "done", "osm_id": "node/391413466", "group": "Natura e paesaggio", "subgroup": "Montagna", "subcategory": "Montagna"}, "geometry": {"type": "Point", "coordinates": [6.7682042, 45.1597528]}}, {"type": "Feature", "properties": {"wikidata": "Q2010130", "name": "Colma di Andorno", "status": "done", "osm_id": "node/801075416", "group": "Insediamenti", "subgroup": "Centri", "subcategory": "Frazione"}, "geometry": {"type": "Point", "coordinates": [8.06536, 45.60227]}}, {"type": "Feature", "properties": {"wikidata": "Q2203973", "name": "borgo vecchio di Jouvenceaux", "status": "missing", "osm_id": null, "group": "Insediamenti", "subgroup": "Centri", "subcategory": "Frazione"}, "geometry": {"type": "Point", "coordinates": [6.8472, 45.0246]}}, {"type": "Feature", "properties": {"wikidata": "Q2152693", "name": "rifugio Ernesto Tazzetti", "status": "done", "osm_id": "way/430219752", "group": "Dimore ed edifici", "subgroup": "Ospitalit\u00e0", "subcategory": "Rifugio di montagna"}, "geometry": {"type": "Point", "coordinates": [7.096879, 45.210086]}}, {"type": "Feature", "properties": {"wikidata": "Q2152667", "name": "rifugio Bartolomeo Gastaldi", "status": "done", "osm_id": "way/55693706", "group": "Dimore ed edifici", "subgroup": "Ospitalit\u00e0", "subcategory": "Rifugio di montagna"}, "geometry": {"type": "Point", "coordinates": [7.14330556, 45.29786111]}}, {"type": "Feature", "properties": {"wikidata": "Q2279401", "name": "stazione di Fermi", "status": "done", "osm_id": "node/1481306407", "group": "Infrastrutture", "subgroup": "Trasporti", "subcategory": "Stazione metropolitana"}, "geometry": {"type": "Point", "coordinates": [7.591388888, 45.076111111]}}, {"type": "Feature", "properties": {"wikidata": "Q2326020", "name": "Stadio Natale Palli", "status": "done", "osm_id": "way/64724506", "group": "Cultura e tempo libero", "subgroup": "Sport", "subcategory": "Impianto sportivo"}, "geometry": {"type": "Point", "coordinates": [8.4451282, 45.13130153]}}, {"type": "Feature", "properties": {"wikidata": "Q2289005", "name": "Monte Granero", "status": "done", "osm_id": "node/798769563", "group": "Natura e paesaggio", "subgroup": "Montagna", "subcategory": "Montagna"}, "geometry": {"type": "Point", "coordinates": [7.06694444, 44.71861111]}}, {"type": "Feature", "properties": {"wikidata": "Q2245152", "name": "Galleria Sabauda", "status": "done", "osm_id": "node/246516619", "group": "Cultura e tempo libero", "subgroup": "Musei", "subcategory": "Museo d'arte"}, "geometry": {"type": "Point", "coordinates": [7.686111111, 45.074166666]}}, {"type": "Feature", "properties": {"wikidata": "Q1991288", "name": "confine tra la Francia e l'Italia", "status": "done", "osm_id": "relation/5389302", "group": "Altro", "subgroup": "Altro", "subcategory": "Altro"}, "geometry": {"type": "Point", "coordinates": [5.934722222, 41.150555555]}}, {"type": "Feature", "properties": {"wikidata": "Q2183095", "name": "Lagna", "status": "done", "osm_id": "node/964683679", "group": "Insediamenti", "subgroup": "Centri", "subcategory": "Frazione"}, "geometry": {"type": "Point", "coordinates": [8.39158, 45.78506]}}, {"type": "Feature", "properties": {"wikidata": "Q2460646", "name": "Gorrino", "status": "done", "osm_id": "node/4182143002", "group": "Insediamenti", "subgroup": "Centri", "subcategory": "Frazione"}, "geometry": {"type": "Point", "coordinates": [8.21603, 44.5459]}}, {"type": "Feature", "properties": {"wikidata": "Q2152665", "name": "rifugio Balma", "status": "done", "osm_id": "way/151773489", "group": "Dimore ed edifici", "subgroup": "Ospitalit\u00e0", "subcategory": "Rifugio di montagna"}, "geometry": {"type": "Point", "coordinates": [7.19027778, 45.04083333]}}, {"type": "Feature", "properties": {"wikidata": "Q2233545", "name": "Stabioli", "status": "done", "osm_id": "node/693192009", "group": "Insediamenti", "subgroup": "Centri", "subcategory": "Frazione"}, "geometry": {"type": "Point", "coordinates": [8.030277777, 45.967777777]}}, {"type": "Feature", "properties": {"wikidata": "Q2250202", "name": "Cervo", "status": "done", "osm_id": "relation/2233602", "group": "Natura e paesaggio", "subgroup": "Acqua", "subcategory": "Fiume"}, "geometry": {"type": "Point", "coordinates": [7.914305555, 45.688530555]}}, {"type": "Feature", "properties": {"wikidata": "Q2401467", "name": "Monte Gel\u00e0s", "status": "done", "osm_id": "node/26863728", "group": "Natura e paesaggio", "subgroup": "Montagna", "subcategory": "Montagna"}, "geometry": {"type": "Point", "coordinates": [7.383888888, 44.122777777]}}, {"type": "Feature", "properties": {"wikidata": "Q2110345", "name": "Serra", "status": "done", "osm_id": "node/2049398613", "group": "Insediamenti", "subgroup": "Centri", "subcategory": "Frazione"}, "geometry": {"type": "Point", "coordinates": [8.37397, 44.90852]}}, {"type": "Feature", "properties": {"wikidata": "Q2360812", "name": "Valli arpitane piemontesi", "status": "missing", "osm_id": null, "group": "Altro", "subgroup": "Altro", "subcategory": "Altro"}, "geometry": {"type": "Point", "coordinates": [7.484263, 45.273028]}}, {"type": "Feature", "properties": {"wikidata": "Q2028109", "name": "Pessione", "status": "done", "osm_id": "node/847106847", "group": "Insediamenti", "subgroup": "Centri", "subcategory": "Frazione"}, "geometry": {"type": "Point", "coordinates": [7.84115, 44.96504]}}, {"type": "Feature", "properties": {"wikidata": "Q2130674", "name": "Montechiaro", "status": "missing", "osm_id": null, "group": "Insediamenti", "subgroup": "Centri", "subcategory": "Frazione"}, "geometry": {"type": "Point", "coordinates": [6.80611111, 44.95833333]}}, {"type": "Feature", "properties": {"wikidata": "Q2484922", "name": "stadio Giuseppe Moccagatta", "status": "done", "osm_id": "way/82078169", "group": "Cultura e tempo libero", "subgroup": "Sport", "subcategory": "Impianto sportivo"}, "geometry": {"type": "Point", "coordinates": [8.616580555, 44.9203]}}, {"type": "Feature", "properties": {"wikidata": "Q2152699", "name": "rifugio Melano", "status": "done", "osm_id": "way/112184075", "group": "Dimore ed edifici", "subgroup": "Ospitalit\u00e0", "subcategory": "Rifugio di montagna"}, "geometry": {"type": "Point", "coordinates": [7.301075, 44.966625]}}, {"type": "Feature", "properties": {"wikidata": "Q1992061", "name": "Centro Olimpico del Biathlon", "status": "missing", "osm_id": null, "group": "Cultura e tempo libero", "subgroup": "Sport", "subcategory": "Impianto sportivo"}, "geometry": {"type": "Point", "coordinates": [6.8062, 44.95812]}}, {"type": "Feature", "properties": {"wikidata": "Q2279001", "name": "Punta Sommeiller", "status": "done", "osm_id": "node/11646993724", "group": "Natura e paesaggio", "subgroup": "Montagna", "subcategory": "Montagna"}, "geometry": {"type": "Point", "coordinates": [6.8521987, 45.1278523]}}, {"type": "Feature", "properties": {"wikidata": "Q2388351", "name": "Valchiusella", "status": "done", "osm_id": "way/1343521506", "group": "Natura e paesaggio", "subgroup": "Montagna", "subcategory": "Valle"}, "geometry": {"type": "Point", "coordinates": [7.75, 45.517]}}, {"type": "Feature", "properties": {"wikidata": "Q2439317", "name": "Dubbione", "status": "done", "osm_id": "node/974458144", "group": "Insediamenti", "subgroup": "Centri", "subcategory": "Frazione"}, "geometry": {"type": "Point", "coordinates": [7.2325, 44.94]}}, {"type": "Feature", "properties": {"wikidata": "Q2052058", "name": "parco naturale della Val Troncea", "status": "done", "osm_id": "way/371320752", "group": "Natura e paesaggio", "subgroup": "Verde", "subcategory": "Area protetta"}, "geometry": {"type": "Point", "coordinates": [6.9779, 44.9401]}}, {"type": "Feature", "properties": {"wikidata": "Q2094555", "name": "Gerbido", "status": "done", "osm_id": "node/6184456730", "group": "Insediamenti", "subgroup": "Centri", "subcategory": "Frazione"}, "geometry": {"type": "Point", "coordinates": [7.61408, 45.04449]}}, {"type": "Feature", "properties": {"wikidata": "Q2194033", "name": "Vegni", "status": "done", "osm_id": "node/1239192711", "group": "Insediamenti", "subgroup": "Centri", "subcategory": "Frazione"}, "geometry": {"type": "Point", "coordinates": [9.14614, 44.61786]}}, {"type": "Feature", "properties": {"wikidata": "Q2475529", "name": "Isola", "status": "done", "osm_id": "node/4218232536", "group": "Insediamenti", "subgroup": "Centri", "subcategory": "Frazione"}, "geometry": {"type": "Point", "coordinates": [7.80369, 44.50095]}}, {"type": "Feature", "properties": {"wikidata": "Q2152717", "name": "rifugio Luigi Cibrario", "status": "missing", "osm_id": null, "group": "Dimore ed edifici", "subgroup": "Ospitalit\u00e0", "subcategory": "Rifugio di montagna"}, "geometry": {"type": "Point", "coordinates": [7.147171, 45.246867]}}, {"type": "Feature", "properties": {"wikidata": "Q2368433", "name": "Motta", "status": "done", "osm_id": "node/693192012", "group": "Insediamenti", "subgroup": "Centri", "subcategory": "Frazione"}, "geometry": {"type": "Point", "coordinates": [7.9875, 45.958055555]}}, {"type": "Feature", "properties": {"wikidata": "Q2200940", "name": "Forno Alpi Graie", "status": "done", "osm_id": "node/1566286144", "group": "Insediamenti", "subgroup": "Centri", "subcategory": "Frazione"}, "geometry": {"type": "Point", "coordinates": [7.22345, 45.3644]}}, {"type": "Feature", "properties": {"wikidata": "Q2182969", "name": "Ponte", "status": "done", "osm_id": "node/1839838642", "group": "Insediamenti", "subgroup": "Centri", "subcategory": "Frazione"}, "geometry": {"type": "Point", "coordinates": [8.42557, 46.37755]}}, {"type": "Feature", "properties": {"wikidata": "Q2260455", "name": "scoglio della Malghera", "status": "done", "osm_id": "way/39293893", "group": "Natura e paesaggio", "subgroup": "Mare e Costa", "subcategory": "Isola"}, "geometry": {"type": "Point", "coordinates": [8.52389, 45.8983]}}, {"type": "Feature", "properties": {"wikidata": "Q2261275", "name": "Quarazza", "status": "done", "osm_id": "node/2447101304", "group": "Insediamenti", "subgroup": "Centri", "subcategory": "Frazione"}, "geometry": {"type": "Point", "coordinates": [7.986944444, 45.954722222]}}, {"type": "Feature", "properties": {"wikidata": "Q2267691", "name": "Juventus Training Center", "status": "done", "osm_id": "way/876569502", "group": "Altro", "subgroup": "Altro", "subcategory": "Altro"}, "geometry": {"type": "Point", "coordinates": [7.61611111, 44.97777778]}}, {"type": "Feature", "properties": {"wikidata": "Q2034648", "name": "Osservatorio astronomico Galileo Galilei", "status": "done", "osm_id": "way/68324979", "group": "Altro", "subgroup": "Altro", "subcategory": "Altro"}, "geometry": {"type": "Point", "coordinates": [8.57349, 45.63796]}}, {"type": "Feature", "properties": {"wikidata": "Q2451554", "name": "Crocemosso", "status": "done", "osm_id": "node/597718040", "group": "Insediamenti", "subgroup": "Centri", "subcategory": "Frazione"}, "geometry": {"type": "Point", "coordinates": [8.15416667, 45.64388889]}}, {"type": "Feature", "properties": {"wikidata": "Q2152703", "name": "rifugio Guglielmina", "status": "done", "osm_id": "node/2747882245", "group": "Dimore ed edifici", "subgroup": "Ospitalit\u00e0", "subcategory": "Rifugio di montagna"}, "geometry": {"type": "Point", "coordinates": [7.87277778, 45.87083333]}}, {"type": "Feature", "properties": {"wikidata": "Q2300759", "name": "Cremonte", "status": "done", "osm_id": "node/1785969122", "group": "Insediamenti", "subgroup": "Centri", "subcategory": "Frazione"}, "geometry": {"type": "Point", "coordinates": [9.087598, 44.665923]}}, {"type": "Feature", "properties": {"wikidata": "Q2197217", "name": "Rocca la Meja", "status": "done", "osm_id": "node/648758598", "group": "Natura e paesaggio", "subgroup": "Montagna", "subcategory": "Montagna"}, "geometry": {"type": "Point", "coordinates": [7.333333333, 44.416666666]}}, {"type": "Feature", "properties": {"wikidata": "Q2242695", "name": "Rodoretto", "status": "done", "osm_id": "node/8524635307", "group": "Insediamenti", "subgroup": "Centri", "subcategory": "Frazione"}, "geometry": {"type": "Point", "coordinates": [7.05226, 44.91897]}}, {"type": "Feature", "properties": {"wikidata": "Q2451856", "name": "Alpi Marittime", "status": "done", "osm_id": "relation/7470949", "group": "Altro", "subgroup": "Altro", "subcategory": "Altro"}, "geometry": {"type": "Point", "coordinates": [7.176667, 44.231389]}}, {"type": "Feature", "properties": {"wikidata": "Q2138048", "name": "Ferrere", "status": "done", "osm_id": "node/889241721", "group": "Insediamenti", "subgroup": "Centri", "subcategory": "Frazione"}, "geometry": {"type": "Point", "coordinates": [6.954722222, 44.358333333]}}, {"type": "Feature", "properties": {"wikidata": "Q2371166", "name": "Buccione", "status": "done", "osm_id": "node/964684416", "group": "Insediamenti", "subgroup": "Centri", "subcategory": "Frazione"}, "geometry": {"type": "Point", "coordinates": [8.42824, 45.76468]}}, {"type": "Feature", "properties": {"wikidata": "Q2240051", "name": "Pra di Roburent", "status": "done", "osm_id": "node/2444617472", "group": "Insediamenti", "subgroup": "Centri", "subcategory": "Frazione"}, "geometry": {"type": "Point", "coordinates": [7.855, 44.258888888]}}, {"type": "Feature", "properties": {"wikidata": "Q2160250", "name": "Rochemolles", "status": "done", "osm_id": "node/267347117", "group": "Insediamenti", "subgroup": "Centri", "subcategory": "Frazione"}, "geometry": {"type": "Point", "coordinates": [6.74694444, 45.11277778]}}, {"type": "Feature", "properties": {"wikidata": "Q2060375", "name": "Monte Argentera", "status": "done", "osm_id": "node/26862685", "group": "Natura e paesaggio", "subgroup": "Montagna", "subcategory": "Montagna"}, "geometry": {"type": "Point", "coordinates": [7.30545, 44.17801]}}, {"type": "Feature", "properties": {"wikidata": "Q2201144", "name": "Biblioteca Nazionale Universitaria di Torino", "status": "done", "osm_id": "relation/2222659", "group": "Altro", "subgroup": "Altro", "subcategory": "Altro"}, "geometry": {"type": "Point", "coordinates": [7.68633, 45.068684]}}, {"type": "Feature", "properties": {"wikidata": "Q2152713", "name": "rifugio Levi Molinari", "status": "done", "osm_id": "way/39670289", "group": "Dimore ed edifici", "subgroup": "Ospitalit\u00e0", "subcategory": "Rifugio di montagna"}, "geometry": {"type": "Point", "coordinates": [6.895562, 45.114948]}}, {"type": "Feature", "properties": {"wikidata": "Q2124428", "name": "Rocca d'Ambin", "status": "done", "osm_id": "node/3617239179", "group": "Natura e paesaggio", "subgroup": "Montagna", "subcategory": "Montagna"}, "geometry": {"type": "Point", "coordinates": [6.88416667, 45.15694444]}}, {"type": "Feature", "properties": {"wikidata": "Q2233242", "name": "Rastiglione", "status": "done", "osm_id": "node/1720385704", "group": "Insediamenti", "subgroup": "Centri", "subcategory": "Frazione"}, "geometry": {"type": "Point", "coordinates": [8.3517, 45.74599]}}, {"type": "Feature", "properties": {"wikidata": "Q2152737", "name": "rifugio Vitale Giacoletti", "status": "done", "osm_id": "way/132416702", "group": "Dimore ed edifici", "subgroup": "Ospitalit\u00e0", "subcategory": "Rifugio di montagna"}, "geometry": {"type": "Point", "coordinates": [7.075984, 44.696791]}}, {"type": "Feature", "properties": {"wikidata": "Q2281815", "name": "Monte Bo", "status": "done", "osm_id": "node/6795346776", "group": "Natura e paesaggio", "subgroup": "Montagna", "subcategory": "Montagna"}, "geometry": {"type": "Point", "coordinates": [7.9988135, 45.7140758]}}, {"type": "Feature", "properties": {"wikidata": "Q2458410", "name": "Borgata Gay", "status": "missing", "osm_id": null, "group": "Insediamenti", "subgroup": "Centri", "subcategory": "Frazione"}, "geometry": {"type": "Point", "coordinates": [7.2791233, 44.8816607]}}, {"type": "Feature", "properties": {"wikidata": "Q2022858", "name": "Villaggio olimpico di Torino", "status": "missing", "osm_id": null, "group": "Altro", "subgroup": "Altro", "subcategory": "Altro"}, "geometry": {"type": "Point", "coordinates": [7.65527778, 45.02583333]}}, {"type": "Feature", "properties": {"wikidata": "Q2161098", "name": "Punta Basei", "status": "done", "osm_id": "node/963245148", "group": "Natura e paesaggio", "subgroup": "Montagna", "subcategory": "Montagna"}, "geometry": {"type": "Point", "coordinates": [7.11467, 45.4753]}}, {"type": "Feature", "properties": {"wikidata": "Q2072528", "name": "Valle Grana", "status": "missing", "osm_id": null, "group": "Altro", "subgroup": "Altro", "subcategory": "Altro"}, "geometry": {"type": "Point", "coordinates": [7.3, 44.41]}}, {"type": "Feature", "properties": {"wikidata": "Q2152733", "name": "rifugio Selleries", "status": "done", "osm_id": "way/60957361", "group": "Dimore ed edifici", "subgroup": "Ospitalit\u00e0", "subcategory": "Rifugio di montagna"}, "geometry": {"type": "Point", "coordinates": [7.12, 45.0475]}}, {"type": "Feature", "properties": {"wikidata": "Q2052054", "name": "parco naturale Orsiera-Rocciavr\u00e8", "status": "done", "osm_id": "way/371153593", "group": "Natura e paesaggio", "subgroup": "Verde", "subcategory": "Area protetta"}, "geometry": {"type": "Point", "coordinates": [7.212159, 45.050991]}}, {"type": "Feature", "properties": {"wikidata": "Q2483028", "name": "Scaparone", "status": "done", "osm_id": "node/4418126459", "group": "Insediamenti", "subgroup": "Centri", "subcategory": "Frazione"}, "geometry": {"type": "Point", "coordinates": [7.99031, 44.71271]}}, {"type": "Feature", "properties": {"wikidata": "Q2408412", "name": "Forte di Exilles", "status": "done", "osm_id": "way/38554191", "group": "Fortificazioni e militare", "subgroup": "Fortificazioni", "subcategory": "Forte"}, "geometry": {"type": "Point", "coordinates": [6.936415, 45.099628]}}, {"type": "Feature", "properties": {"wikidata": "Q2316419", "name": "Cascine Vica", "status": "done", "osm_id": "node/2812792208", "group": "Insediamenti", "subgroup": "Centri", "subcategory": "Frazione"}, "geometry": {"type": "Point", "coordinates": [7.533333333, 45.072222222]}}, {"type": "Feature", "properties": {"wikidata": "Q2152686", "name": "rifugio C\u00e0 d'Asti", "status": "done", "osm_id": "way/39674742", "group": "Dimore ed edifici", "subgroup": "Ospitalit\u00e0", "subcategory": "Rifugio di montagna"}, "geometry": {"type": "Point", "coordinates": [7.07472222, 45.19138889]}}, {"type": "Feature", "properties": {"wikidata": "Q2008656", "name": "Locarno", "status": "done", "osm_id": "node/964684046", "group": "Insediamenti", "subgroup": "Centri", "subcategory": "Frazione"}, "geometry": {"type": "Point", "coordinates": [8.257777777, 45.783333333]}}, {"type": "Feature", "properties": {"wikidata": "Q2466781", "name": "ferrovia Asti-Genova", "status": "done", "osm_id": "relation/7841395", "group": "Infrastrutture", "subgroup": "Trasporti", "subcategory": "Linea ferroviaria"}, "geometry": {"type": "Point", "coordinates": [8.59747, 44.62249]}}, {"type": "Feature", "properties": {"wikidata": "Q461272", "name": "residenze sabaude in Piemonte", "status": "done", "osm_id": "relation/7399494", "group": "Dimore ed edifici", "subgroup": "Strutture Varie", "subcategory": "Complesso di edifici"}, "geometry": {"type": "Point", "coordinates": [7.68583, 45.0725]}}, {"type": "Feature", "properties": {"wikidata": "Q499911", "name": "Universit\u00e0 degli Studi di Torino", "status": "missing", "osm_id": null, "group": "Altro", "subgroup": "Altro", "subcategory": "Altro"}, "geometry": {"type": "Point", "coordinates": [7.688888888, 45.069444444]}}, {"type": "Feature", "properties": {"wikidata": "Q388329", "name": "parco naturale del Gran Bosco di Salbertrand", "status": "done", "osm_id": "way/371319547", "group": "Natura e paesaggio", "subgroup": "Verde", "subcategory": "Area protetta"}, "geometry": {"type": "Point", "coordinates": [6.940277777, 45.061111111]}}, {"type": "Feature", "properties": {"wikidata": "Q521731", "name": "Alpi Cusiane", "status": "missing", "osm_id": null, "group": "Natura e paesaggio", "subgroup": "Montagna", "subcategory": "Montagna"}, "geometry": {"type": "Point", "coordinates": [8.20361111, 45.93611111]}}, {"type": "Feature", "properties": {"wikidata": "Q74729", "name": "sinagoga di Vercelli", "status": "done", "osm_id": "way/94528994", "group": "Altro", "subgroup": "Altro", "subcategory": "Altro"}, "geometry": {"type": "Point", "coordinates": [8.42579, 45.32576]}}, {"type": "Feature", "properties": {"wikidata": "Q454201", "name": "Valle Antigorio", "status": "done", "osm_id": "way/699880992", "group": "Natura e paesaggio", "subgroup": "Montagna", "subcategory": "Valle"}, "geometry": {"type": "Point", "coordinates": [8.325, 46.25]}}, {"type": "Feature", "properties": {"wikidata": "Q430025", "name": "autostrada A7", "status": "done", "osm_id": "relation/373883", "group": "Altro", "subgroup": "Altro", "subcategory": "Altro"}, "geometry": {"type": "Point", "coordinates": [8.93575, 45.03138]}}, {"type": "Feature", "properties": {"wikidata": "Q478647", "name": "Borgata Salomone", "status": "done", "osm_id": "node/616704769", "group": "Insediamenti", "subgroup": "Centri", "subcategory": "Frazione"}, "geometry": {"type": "Point", "coordinates": [8.08271, 45.42634]}}, {"type": "Feature", "properties": {"wikidata": "Q115535", "name": "stadio Silvio Piola", "status": "done", "osm_id": "way/153814231", "group": "Cultura e tempo libero", "subgroup": "Sport", "subcategory": "Impianto sportivo"}, "geometry": {"type": "Point", "coordinates": [8.421335, 45.319817]}}, {"type": "Feature", "properties": {"wikidata": "Q373275", "name": "capanna Regina Margherita", "status": "done", "osm_id": "way/149862629", "group": "Dimore ed edifici", "subgroup": "Ospitalit\u00e0", "subcategory": "Rifugio di montagna"}, "geometry": {"type": "Point", "coordinates": [7.87694444, 45.92722222]}}, {"type": "Feature", "properties": {"wikidata": "Q385157", "name": "duomo di Fossano", "status": "done", "osm_id": "way/179179044", "group": "Religione", "subgroup": "Luoghi di Culto", "subcategory": "Basilica minore"}, "geometry": {"type": "Point", "coordinates": [7.72525, 44.54925]}}, {"type": "Feature", "properties": {"wikidata": "Q472813", "name": "Stura di Lanzo", "status": "done", "osm_id": "relation/2233612", "group": "Natura e paesaggio", "subgroup": "Acqua", "subcategory": "Fiume"}, "geometry": {"type": "Point", "coordinates": [7.722675, 45.09505]}}, {"type": "Feature", "properties": {"wikidata": "Q522117", "name": "Savoulx", "status": "done", "osm_id": "node/317049040", "group": "Insediamenti", "subgroup": "Centri", "subcategory": "Frazione"}, "geometry": {"type": "Point", "coordinates": [6.79074, 45.04494]}}, {"type": "Feature", "properties": {"wikidata": "Q206266", "name": "Cittadella di Torino", "status": "done", "osm_id": "way/82105665", "group": "Altro", "subgroup": "Altro", "subcategory": "Altro"}, "geometry": {"type": "Point", "coordinates": [7.67444444, 45.07111111]}}, {"type": "Feature", "properties": {"wikidata": "Q333923", "name": "abbazia di Fruttuaria", "status": "done", "osm_id": "way/256418974", "group": "Religione", "subgroup": "Vita Monastica", "subcategory": "Abbazia"}, "geometry": {"type": "Point", "coordinates": [7.782073, 45.222466]}}, {"type": "Feature", "properties": {"wikidata": "Q250142", "name": "Monte Galero", "status": "done", "osm_id": "node/1775158496", "group": "Natura e paesaggio", "subgroup": "Montagna", "subcategory": "Montagna"}, "geometry": {"type": "Point", "coordinates": [8.015277777, 44.156111111]}}, {"type": "Feature", "properties": {"wikidata": "Q525846", "name": "Colle del Sommeiller", "status": "done", "osm_id": "node/3751336934", "group": "Natura e paesaggio", "subgroup": "Montagna", "subcategory": "Sella"}, "geometry": {"type": "Point", "coordinates": [6.846389, 45.135556]}}, {"type": "Feature", "properties": {"wikidata": "Q277194", "name": "certosa di Montebenedetto", "status": "done", "osm_id": "way/158548068", "group": "Altro", "subgroup": "Altro", "subcategory": "Altro"}, "geometry": {"type": "Point", "coordinates": [7.19055, 45.09513]}}, {"type": "Feature", "properties": {"wikidata": "Q164264", "name": "Torino Esposizioni", "status": "done", "osm_id": "way/22983906", "group": "Altro", "subgroup": "Altro", "subcategory": "Altro"}, "geometry": {"type": "Point", "coordinates": [7.682222, 45.048611]}}, {"type": "Feature", "properties": {"wikidata": "Q115695", "name": "Osservatorio astrofisico di Torino", "status": "done", "osm_id": "relation/3346561", "group": "Infrastrutture", "subgroup": "Industria e Tecnica", "subcategory": "Osservatorio astronomico"}, "geometry": {"type": "Point", "coordinates": [7.765135, 45.041292]}}, {"type": "Feature", "properties": {"wikidata": "Q511182", "name": "Colle dell'Agnello", "status": "done", "osm_id": "node/412129180", "group": "Natura e paesaggio", "subgroup": "Montagna", "subcategory": "Passo"}, "geometry": {"type": "Point", "coordinates": [6.979444444, 44.683888888]}}, {"type": "Feature", "properties": {"wikidata": "Q537800", "name": "traforo ferroviario del Frejus", "status": "missing", "osm_id": null, "group": "Altro", "subgroup": "Altro", "subcategory": "Altro"}, "geometry": {"type": "Point", "coordinates": [6.681944444, 45.140277777]}}, {"type": "Feature", "properties": {"wikidata": "Q264149", "name": "Pollenzo", "status": "done", "osm_id": "node/1436262641", "group": "Insediamenti", "subgroup": "Centri", "subcategory": "Frazione"}, "geometry": {"type": "Point", "coordinates": [7.895866666, 44.684738888]}}, {"type": "Feature", "properties": {"wikidata": "Q429776", "name": "autostrada A55", "status": "missing", "osm_id": null, "group": "Altro", "subgroup": "Altro", "subcategory": "Altro"}, "geometry": {"type": "Point", "coordinates": [7.61696, 45.02537]}}, {"type": "Feature", "properties": {"wikidata": "Q174054", "name": "Isola Bella", "status": "done", "osm_id": "way/8013627", "group": "Insediamenti", "subgroup": "Centri", "subcategory": "Insediamento umano"}, "geometry": {"type": "Point", "coordinates": [8.52708, 45.89538]}}, {"type": "Feature", "properties": {"wikidata": "Q522322", "name": "Monte Zeda", "status": "done", "osm_id": "node/7647477089", "group": "Natura e paesaggio", "subgroup": "Montagna", "subcategory": "Montagna"}, "geometry": {"type": "Point", "coordinates": [8.53576, 46.04498]}}, {"type": "Feature", "properties": {"wikidata": "Q517356", "name": "Dagnente", "status": "done", "osm_id": "node/3064614867", "group": "Insediamenti", "subgroup": "Centri", "subcategory": "Frazione"}, "geometry": {"type": "Point", "coordinates": [8.53528, 45.78244]}}, {"type": "Feature", "properties": {"wikidata": "Q535675", "name": "Monte Cistella", "status": "done", "osm_id": "node/2418071497", "group": "Natura e paesaggio", "subgroup": "Montagna", "subcategory": "Montagna"}, "geometry": {"type": "Point", "coordinates": [8.253055555, 46.259444444]}}, {"type": "Feature", "properties": {"wikidata": "Q114495", "name": "rifugio Lago Verde", "status": "done", "osm_id": "way/151778547", "group": "Dimore ed edifici", "subgroup": "Ospitalit\u00e0", "subcategory": "Rifugio di montagna"}, "geometry": {"type": "Point", "coordinates": [7.02033333, 44.82836111]}}, {"type": "Feature", "properties": {"wikidata": "Q304108", "name": "isola dei Pescatori", "status": "done", "osm_id": "way/8013628", "group": "Natura e paesaggio", "subgroup": "Mare e Costa", "subcategory": "Isola"}, "geometry": {"type": "Point", "coordinates": [8.520555555, 45.900555555]}}, {"type": "Feature", "properties": {"wikidata": "Q260759", "name": "Pesio", "status": "done", "osm_id": "relation/2233729", "group": "Natura e paesaggio", "subgroup": "Acqua", "subcategory": "Fiume"}, "geometry": {"type": "Point", "coordinates": [7.88861111, 44.46638889]}}, {"type": "Feature", "properties": {"wikidata": "Q202207", "name": "Pianura padana", "status": "done", "osm_id": "relation/11744240", "group": "Altro", "subgroup": "Altro", "subcategory": "Altro"}, "geometry": {"type": "Point", "coordinates": [9.798888888, 45.330277777]}}, {"type": "Feature", "properties": {"wikidata": "Q376735", "name": "corso Vittorio Emanuele II", "status": "missing", "osm_id": null, "group": "Infrastrutture", "subgroup": "Trasporti", "subcategory": "Strada urbana"}, "geometry": {"type": "Point", "coordinates": [7.682877, 45.061279]}}, {"type": "Feature", "properties": {"wikidata": "Q183202", "name": "Teatro Regio", "status": "done", "osm_id": "way/111499553", "group": "Cultura e tempo libero", "subgroup": "Spettacolo", "subcategory": "Teatro d'opera"}, "geometry": {"type": "Point", "coordinates": [7.687777777, 45.070555555]}}, {"type": "Feature", "properties": {"wikidata": "Q430461", "name": "stadio del Trampolino", "status": "missing", "osm_id": null, "group": "Altro", "subgroup": "Altro", "subcategory": "Altro"}, "geometry": {"type": "Point", "coordinates": [6.94111111, 45.00694444]}}, {"type": "Feature", "properties": {"wikidata": "Q514316", "name": "CESNUR", "status": "done", "osm_id": "node/4736113624", "group": "Infrastrutture", "subgroup": "Servizi", "subcategory": "Organizzazione no-profit"}, "geometry": {"type": "Point", "coordinates": [7.6751868, 45.0678672]}}, {"type": "Feature", "properties": {"wikidata": "Q358729", "name": "parco nazionale della Val Grande", "status": "done", "osm_id": "relation/13680199", "group": "Altro", "subgroup": "Altro", "subcategory": "Altro"}, "geometry": {"type": "Point", "coordinates": [8.459444, 46.029167]}}, {"type": "Feature", "properties": {"wikidata": "Q289288", "name": "Velodromo Umberto I", "status": "missing", "osm_id": null, "group": "Altro", "subgroup": "Altro", "subcategory": "Altro"}, "geometry": {"type": "Point", "coordinates": [7.66028, 45.0569]}}, {"type": "Feature", "properties": {"wikidata": "Q392897", "name": "Politecnico di Torino", "status": "done", "osm_id": "relation/3802268", "group": "Altro", "subgroup": "Altro", "subcategory": "Altro"}, "geometry": {"type": "Point", "coordinates": [7.661075, 45.063094444]}}, {"type": "Feature", "properties": {"wikidata": "Q392980", "name": "Valle Sessera", "status": "done", "osm_id": "node/11850316422", "group": "Natura e paesaggio", "subgroup": "Montagna", "subcategory": "Valle"}, "geometry": {"type": "Point", "coordinates": [8.23333333, 45.71666667]}}, {"type": "Feature", "properties": {"wikidata": "Q488473", "name": "Colle Clapier", "status": "done", "osm_id": "node/1409452160", "group": "Natura e paesaggio", "subgroup": "Montagna", "subcategory": "Passo"}, "geometry": {"type": "Point", "coordinates": [6.92277778, 45.1675]}}, {"type": "Feature", "properties": {"wikidata": "Q428495", "name": "rifugio Battaglione Alpini Monte Granero", "status": "done", "osm_id": "way/151775928", "group": "Dimore ed edifici", "subgroup": "Ospitalit\u00e0", "subcategory": "Rifugio di montagna"}, "geometry": {"type": "Point", "coordinates": [7.045, 44.72805556]}}, {"type": "Feature", "properties": {"wikidata": "Q389130", "name": "chiesa di San Secondo", "status": "done", "osm_id": "way/164756740", "group": "Religione", "subgroup": "Luoghi di Culto", "subcategory": "Chiesa"}, "geometry": {"type": "Point", "coordinates": [8.0533, 44.984]}}, {"type": "Feature", "properties": {"wikidata": "Q130270", "name": "Aeroporto di Cuneo-Levaldigi", "status": "done", "osm_id": "way/620621229", "group": "Altro", "subgroup": "Altro", "subcategory": "Altro"}, "geometry": {"type": "Point", "coordinates": [7.62182, 44.54595]}}, {"type": "Feature", "properties": {"wikidata": "Q428001", "name": "ferrovia Torino-Milano", "status": "done", "osm_id": "relation/12808223", "group": "Infrastrutture", "subgroup": "Trasporti", "subcategory": "Linea ferroviaria"}, "geometry": {"type": "Point", "coordinates": [8.36815, 45.33127]}}, {"type": "Feature", "properties": {"wikidata": "Q492454", "name": "Cortazzone", "status": "done", "osm_id": "relation/43889", "group": "Amministrazione", "subgroup": "Uffici Pubblici", "subcategory": "Comune italiano"}, "geometry": {"type": "Point", "coordinates": [8.062222222, 44.98]}}, {"type": "Feature", "properties": {"wikidata": "Q83870", "name": "santuario di Prascond\u00f9", "status": "done", "osm_id": "way/1236255013", "group": "Religione", "subgroup": "Luoghi di Culto", "subcategory": "Santuario"}, "geometry": {"type": "Point", "coordinates": [7.50111111, 45.45361111]}}, {"type": "Feature", "properties": {"wikidata": "Q94583", "name": "stadio Silvio Piola", "status": "done", "osm_id": "way/58743618", "group": "Cultura e tempo libero", "subgroup": "Sport", "subcategory": "Impianto sportivo"}, "geometry": {"type": "Point", "coordinates": [8.595833, 45.435833]}}, {"type": "Feature", "properties": {"wikidata": "Q374731", "name": "Valdocco", "status": "done", "osm_id": "node/6184474136", "group": "Insediamenti", "subgroup": "Zone Urbane", "subcategory": "Quartiere"}, "geometry": {"type": "Point", "coordinates": [7.68806, 45.0831]}}, {"type": "Feature", "properties": {"wikidata": "Q429711", "name": "autostrada A4", "status": "done", "osm_id": "relation/8753597", "group": "Altro", "subgroup": "Altro", "subcategory": "Altro"}, "geometry": {"type": "Point", "coordinates": [10.75081, 45.42725]}}, {"type": "Feature", "properties": {"wikidata": "Q528184", "name": "Aeroporto di Torino-Caselle", "status": "done", "osm_id": "way/322915733", "group": "Infrastrutture", "subgroup": "Trasporti", "subcategory": "Aeroporto"}, "geometry": {"type": "Point", "coordinates": [7.649595, 45.201787]}}, {"type": "Feature", "properties": {"wikidata": "Q384966", "name": "sacro monte di Oropa", "status": "done", "osm_id": "way/1106032892", "group": "Religione", "subgroup": "Luoghi di Culto", "subcategory": "Santuario"}, "geometry": {"type": "Point", "coordinates": [7.981322, 45.624614]}}, {"type": "Feature", "properties": {"wikidata": "Q339349", "name": "Valli di Lanzo", "status": "done", "osm_id": "relation/18404542", "group": "Altro", "subgroup": "Altro", "subcategory": "Altro"}, "geometry": {"type": "Point", "coordinates": [7.4, 45.283]}}, {"type": "Feature", "properties": {"wikidata": "Q514681", "name": "stazione di Lingotto", "status": "done", "osm_id": "node/4076608590", "group": "Infrastrutture", "subgroup": "Trasporti", "subcategory": "Stazione metropolitana"}, "geometry": {"type": "Point", "coordinates": [7.667263, 45.031882]}}, {"type": "Feature", "properties": {"wikidata": "Q241560", "name": "Palazzo a Vela", "status": "done", "osm_id": "way/23028146", "group": "Altro", "subgroup": "Altro", "subcategory": "Altro"}, "geometry": {"type": "Point", "coordinates": [7.669167, 45.023333]}}, {"type": "Feature", "properties": {"wikidata": "Q518528", "name": "chiesa del Santo Volto", "status": "done", "osm_id": "way/82166004", "group": "Religione", "subgroup": "Luoghi di Culto", "subcategory": "Chiesa"}, "geometry": {"type": "Point", "coordinates": [7.66203, 45.0927]}}, {"type": "Feature", "properties": {"wikidata": "Q500485", "name": "Visone", "status": "done", "osm_id": "relation/43413", "group": "Amministrazione", "subgroup": "Uffici Pubblici", "subcategory": "Comune italiano"}, "geometry": {"type": "Point", "coordinates": [8.501666666, 44.662777777]}}, {"type": "Feature", "properties": {"wikidata": "Q83463", "name": "Caff\u00e8 Fiorio", "status": "done", "osm_id": "node/3363437031", "group": "Altro", "subgroup": "Altro", "subcategory": "Altro"}, "geometry": {"type": "Point", "coordinates": [7.688097222, 45.069394444]}}, {"type": "Feature", "properties": {"wikidata": "Q214629", "name": "Stadio Olimpico Grande Torino", "status": "done", "osm_id": "relation/9080570", "group": "Altro", "subgroup": "Altro", "subcategory": "Altro"}, "geometry": {"type": "Point", "coordinates": [7.65, 45.041667]}}, {"type": "Feature", "properties": {"wikidata": "Q201902", "name": "Mole Antonelliana", "status": "done", "osm_id": "way/83111423", "group": "Fortificazioni e militare", "subgroup": "Fortificazioni", "subcategory": "Torre"}, "geometry": {"type": "Point", "coordinates": [7.69324, 45.06898]}}, {"type": "Feature", "properties": {"wikidata": "Q374706", "name": "Fervento", "status": "done", "osm_id": "node/862066795", "group": "Insediamenti", "subgroup": "Centri", "subcategory": "Frazione"}, "geometry": {"type": "Point", "coordinates": [8.08225, 45.84088]}}, {"type": "Feature", "properties": {"wikidata": "Q377520", "name": "Caneto", "status": "done", "osm_id": "node/3254309831", "group": "Insediamenti", "subgroup": "Centri", "subcategory": "Frazione"}, "geometry": {"type": "Point", "coordinates": [8.275555555, 45.735277777]}}, {"type": "Feature", "properties": {"wikidata": "Q524752", "name": "Uia di Mondrone", "status": "done", "osm_id": "node/1943908613", "group": "Natura e paesaggio", "subgroup": "Montagna", "subcategory": "Montagna"}, "geometry": {"type": "Point", "coordinates": [7.22, 45.3289]}}, {"type": "Feature", "properties": {"wikidata": "Q257431", "name": "metropolitana di Torino", "status": "missing", "osm_id": null, "group": "Altro", "subgroup": "Altro", "subcategory": "Altro"}, "geometry": {"type": "Point", "coordinates": [7.676111111, 45.079166666]}}, {"type": "Feature", "properties": {"wikidata": "Q256790", "name": "Forte di Fenestrelle", "status": "done", "osm_id": "relation/4604563", "group": "Cultura e tempo libero", "subgroup": "Musei", "subcategory": "Museo"}, "geometry": {"type": "Point", "coordinates": [7.056989, 45.032413]}}, {"type": "Feature", "properties": {"wikidata": "Q143855", "name": "Tranvia Sassi-Superga", "status": "done", "osm_id": "relation/1526860", "group": "Altro", "subgroup": "Altro", "subcategory": "Altro"}, "geometry": {"type": "Point", "coordinates": [7.75805556, 45.07861111]}}, {"type": "Feature", "properties": {"wikidata": "Q377566", "name": "Aeroporto di Biella-Cerrione", "status": "done", "osm_id": "way/207400655", "group": "Altro", "subgroup": "Altro", "subcategory": "Altro"}, "geometry": {"type": "Point", "coordinates": [8.10278333, 45.49530278]}}, {"type": "Feature", "properties": {"wikidata": "Q3229325", "name": "Lemma", "status": "done", "osm_id": "node/1412802738", "group": "Insediamenti", "subgroup": "Centri", "subcategory": "Frazione"}, "geometry": {"type": "Point", "coordinates": [7.38511, 44.52068]}}, {"type": "Feature", "properties": {"wikidata": "Q3364585", "name": "Parco naturale dell'Alpe Veglia e dell'Alpe Devero", "status": "done", "osm_id": "way/80977246", "group": "Natura e paesaggio", "subgroup": "Verde", "subcategory": "Area protetta"}, "geometry": {"type": "Point", "coordinates": [8.14286, 46.2705]}}, {"type": "Feature", "properties": {"wikidata": "Q3360590", "name": "Pan di Zucchero", "status": "done", "osm_id": "node/914796832", "group": "Natura e paesaggio", "subgroup": "Montagna", "subcategory": "Montagna"}, "geometry": {"type": "Point", "coordinates": [6.99639, 44.6903]}}, {"type": "Feature", "properties": {"wikidata": "Q3155749", "name": "Sociale", "status": "done", "osm_id": "relation/6898523", "group": "Amministrazione", "subgroup": "Istruzione", "subcategory": "Scuola"}, "geometry": {"type": "Point", "coordinates": [7.6316114, 45.0547467]}}, {"type": "Feature", "properties": {"wikidata": "Q3240049", "name": "ferrovia Domodossola-Novara", "status": "done", "osm_id": "relation/7475366", "group": "Infrastrutture", "subgroup": "Trasporti", "subcategory": "Linea ferroviaria"}, "geometry": {"type": "Point", "coordinates": [8.45421, 45.72164]}}, {"type": "Feature", "properties": {"wikidata": "Q3213172", "name": "parco faunistico La Torbiera", "status": "done", "osm_id": "node/4099578716", "group": "Altro", "subgroup": "Altro", "subcategory": "Altro"}, "geometry": {"type": "Point", "coordinates": [8.58841, 45.67497]}}, {"type": "Feature", "properties": {"wikidata": "Q3321732", "name": "Monte Casto", "status": "done", "osm_id": "node/5293970523", "group": "Natura e paesaggio", "subgroup": "Montagna", "subcategory": "Montagna"}, "geometry": {"type": "Point", "coordinates": [8.066048, 45.6376116]}}, {"type": "Feature", "properties": {"wikidata": "Q3095843", "name": "stazione di Oulx-Cesana-Claviere-Sestriere", "status": "done", "osm_id": "node/256630618", "group": "Infrastrutture", "subgroup": "Trasporti", "subcategory": "Stazione ferroviaria"}, "geometry": {"type": "Point", "coordinates": [6.83139, 45.0386]}}, {"type": "Feature", "properties": {"wikidata": "Q3244247", "name": "Palazzo Polifunzionale del Ghiaccio", "status": "missing", "osm_id": null, "group": "Cultura e tempo libero", "subgroup": "Sport", "subcategory": "Impianto sportivo"}, "geometry": {"type": "Point", "coordinates": [7.348703, 44.891122]}}, {"type": "Feature", "properties": {"wikidata": "Q3250659", "name": "Bisalta", "status": "done", "osm_id": "node/1072409530", "group": "Natura e paesaggio", "subgroup": "Montagna", "subcategory": "Montagna"}, "geometry": {"type": "Point", "coordinates": [7.60583, 44.27]}}, {"type": "Feature", "properties": {"wikidata": "Q3322219", "name": "Punta della Gragliasca", "status": "done", "osm_id": "node/5262334334", "group": "Natura e paesaggio", "subgroup": "Montagna", "subcategory": "Montagna"}, "geometry": {"type": "Point", "coordinates": [7.9225197, 45.6647154]}}, {"type": "Feature", "properties": {"wikidata": "Q3158279", "name": "Pizzo Diei", "status": "done", "osm_id": "node/26864322", "group": "Natura e paesaggio", "subgroup": "Montagna", "subcategory": "Montagna"}, "geometry": {"type": "Point", "coordinates": [8.23778, 46.2653]}}, {"type": "Feature", "properties": {"wikidata": "Q3183944", "name": "santuario della Brugarola", "status": "done", "osm_id": "way/525866299", "group": "Religione", "subgroup": "Luoghi di Culto", "subcategory": "Chiesa"}, "geometry": {"type": "Point", "coordinates": [8.21009, 45.70353]}}, {"type": "Feature", "properties": {"wikidata": "Q3382175", "name": "Pian del Re", "status": "done", "osm_id": "node/2323029489", "group": "Natura e paesaggio", "subgroup": "Verde", "subcategory": "Area protetta"}, "geometry": {"type": "Point", "coordinates": [7.09375, 44.7013]}}, {"type": "Feature", "properties": {"wikidata": "Q3361263", "name": "Palasport di San Rocco Castagnaretta", "status": "done", "osm_id": "way/174061716", "group": "Cultura e tempo libero", "subgroup": "Sport", "subcategory": "Impianto sportivo"}, "geometry": {"type": "Point", "coordinates": [7.51268, 44.3614]}}, {"type": "Feature", "properties": {"wikidata": "Q3321647", "name": "Monte Aiguillette", "status": "done", "osm_id": "node/914796965", "group": "Natura e paesaggio", "subgroup": "Montagna", "subcategory": "Montagna"}, "geometry": {"type": "Point", "coordinates": [7.024, 44.691]}}, {"type": "Feature", "properties": {"wikidata": "Q3327997", "name": "mura di Asti", "status": "done", "osm_id": "way/126636828", "group": "Fortificazioni e militare", "subgroup": "Fortificazioni", "subcategory": "Mura cittadine"}, "geometry": {"type": "Point", "coordinates": [8.20704, 44.9009]}}, {"type": "Feature", "properties": {"wikidata": "Q3363302", "name": "stazione di Paradiso", "status": "done", "osm_id": "node/332648897", "group": "Infrastrutture", "subgroup": "Trasporti", "subcategory": "Stazione metropolitana"}, "geometry": {"type": "Point", "coordinates": [7.601944, 45.073889]}}, {"type": "Feature", "properties": {"wikidata": "Q3342318", "name": "stazione di Nizza", "status": "done", "osm_id": "node/1621697594", "group": "Infrastrutture", "subgroup": "Trasporti", "subcategory": "Stazione metropolitana"}, "geometry": {"type": "Point", "coordinates": [7.674766, 45.05173]}}, {"type": "Feature", "properties": {"wikidata": "Q3328399", "name": "Museo regionale di scienze naturali", "status": "done", "osm_id": "node/1333701144", "group": "Altro", "subgroup": "Altro", "subcategory": "Altro"}, "geometry": {"type": "Point", "coordinates": [7.688629, 45.064724]}}, {"type": "Feature", "properties": {"wikidata": "Q3368803", "name": "palaghiaccio olimpico di Torre Pellice Giorgio Cotta Morandini", "status": "missing", "osm_id": null, "group": "Altro", "subgroup": "Altro", "subcategory": "Altro"}, "geometry": {"type": "Point", "coordinates": [7.21342, 44.8186]}}, {"type": "Feature", "properties": {"wikidata": "Q3321936", "name": "Testa Malinvern", "status": "done", "osm_id": "node/824091767", "group": "Natura e paesaggio", "subgroup": "Montagna", "subcategory": "Montagna"}, "geometry": {"type": "Point", "coordinates": [7.1889, 44.1986]}}, {"type": "Feature", "properties": {"wikidata": "Q3322070", "name": "Monte Rovella", "status": "done", "osm_id": "node/5023059914", "group": "Natura e paesaggio", "subgroup": "Montagna", "subcategory": "Montagna"}, "geometry": {"type": "Point", "coordinates": [8.1313725, 45.624538]}}, {"type": "Feature", "properties": {"wikidata": "Q3297688", "name": "massiccio del Mercantour-Argentera", "status": "done", "osm_id": "relation/19317440", "group": "Natura e paesaggio", "subgroup": "Montagna", "subcategory": "Montagna"}, "geometry": {"type": "Point", "coordinates": [7.38388889, 44.12277778]}}, {"type": "Feature", "properties": {"wikidata": "Q3268994", "name": "Liceo Classico Massimo D'Azeglio", "status": "done", "osm_id": "way/243074534", "group": "Altro", "subgroup": "Altro", "subcategory": "Altro"}, "geometry": {"type": "Point", "coordinates": [7.6755, 45.0647]}}, {"type": "Feature", "properties": {"wikidata": "Q3329093", "name": "museo Bertone", "status": "missing", "osm_id": null, "group": "Cultura e tempo libero", "subgroup": "Musei", "subcategory": "Museo"}, "geometry": {"type": "Point", "coordinates": [7.33201, 45.115]}}, {"type": "Feature", "properties": {"wikidata": "Q3289709", "name": "stazione di Marche", "status": "done", "osm_id": "node/496268561", "group": "Infrastrutture", "subgroup": "Trasporti", "subcategory": "Stazione metropolitana"}, "geometry": {"type": "Point", "coordinates": [7.613889, 45.074167]}}, {"type": "Feature", "properties": {"wikidata": "Q3322544", "name": "stazione di Monte Grappa", "status": "done", "osm_id": "node/496268558", "group": "Infrastrutture", "subgroup": "Trasporti", "subcategory": "Stazione metropolitana"}, "geometry": {"type": "Point", "coordinates": [7.635833, 45.075278]}}, {"type": "Feature", "properties": {"wikidata": "Q3113607", "name": "Punta Merciantaira", "status": "done", "osm_id": "node/2696136865", "group": "Natura e paesaggio", "subgroup": "Montagna", "subcategory": "Montagna"}, "geometry": {"type": "Point", "coordinates": [6.88154, 44.84933]}}, {"type": "Feature", "properties": {"wikidata": "Q3361287", "name": "Palazzo Bricherasio", "status": "done", "osm_id": "way/192217479", "group": "Dimore ed edifici", "subgroup": "Residenze", "subcategory": "Palazzo"}, "geometry": {"type": "Point", "coordinates": [7.682222222, 45.065833333]}}, {"type": "Feature", "properties": {"wikidata": "Q3094792", "name": "Galleria Subalpina", "status": "done", "osm_id": "way/328929587", "group": "Altro", "subgroup": "Altro", "subcategory": "Altro"}, "geometry": {"type": "Point", "coordinates": [7.6864922, 45.06949187]}}, {"type": "Feature", "properties": {"wikidata": "Q3356615", "name": "Oropa", "status": "done", "osm_id": "way/64537443", "group": "Natura e paesaggio", "subgroup": "Acqua", "subcategory": "Fiume"}, "geometry": {"type": "Point", "coordinates": [8.05195, 45.5766]}}, {"type": "Feature", "properties": {"wikidata": "Q3364595", "name": "parco naturale delle Alpi Marittime", "status": "done", "osm_id": "relation/14783762", "group": "Natura e paesaggio", "subgroup": "Verde", "subcategory": "Area protetta"}, "geometry": {"type": "Point", "coordinates": [7.32925, 44.2226]}}, {"type": "Feature", "properties": {"wikidata": "Q3297540", "name": "stazione di Massaua", "status": "done", "osm_id": "node/496268560", "group": "Infrastrutture", "subgroup": "Trasporti", "subcategory": "Stazione metropolitana"}, "geometry": {"type": "Point", "coordinates": [7.620278, 45.074444]}}, {"type": "Feature", "properties": {"wikidata": "Q3094790", "name": "Galleria San Federico", "status": "done", "osm_id": "way/813708703", "group": "Altro", "subgroup": "Altro", "subcategory": "Altro"}, "geometry": {"type": "Point", "coordinates": [7.6827, 45.069]}}, {"type": "Feature", "properties": {"wikidata": "Q1152424", "name": "Villa Taranto", "status": "done", "osm_id": "node/2299813068", "group": "Dimore ed edifici", "subgroup": "Residenze", "subcategory": "Villa"}, "geometry": {"type": "Point", "coordinates": [8.5576, 45.9262]}}, {"type": "Feature", "properties": {"wikidata": "Q1135497", "name": "corso Marche", "status": "done", "osm_id": "way/1305782431", "group": "Altro", "subgroup": "Altro", "subcategory": "Altro"}, "geometry": {"type": "Point", "coordinates": [7.61111111, 45.07694444]}}, {"type": "Feature", "properties": {"wikidata": "Q1645232", "name": "Giardino botanico Alpinia", "status": "done", "osm_id": "way/22951290", "group": "Altro", "subgroup": "Altro", "subcategory": "Altro"}, "geometry": {"type": "Point", "coordinates": [8.500669, 45.881451]}}, {"type": "Feature", "properties": {"wikidata": "Q1150584", "name": "stazione di XVIII Dicembre", "status": "done", "osm_id": "node/432803698", "group": "Infrastrutture", "subgroup": "Trasporti", "subcategory": "Stazione metropolitana"}, "geometry": {"type": "Point", "coordinates": [7.6684006, 45.0743836]}}, {"type": "Feature", "properties": {"wikidata": "Q1787397", "name": "sacro monte di Belmonte", "status": "done", "osm_id": "node/2281881038", "group": "Religione", "subgroup": "Luoghi di Culto", "subcategory": "Santuario"}, "geometry": {"type": "Point", "coordinates": [7.63138889, 45.36666667]}}, {"type": "Feature", "properties": {"wikidata": "Q1393382", "name": "Palasport Olimpico", "status": "done", "osm_id": "way/41753512", "group": "Altro", "subgroup": "Altro", "subcategory": "Altro"}, "geometry": {"type": "Point", "coordinates": [7.652222, 45.041667]}}, {"type": "Feature", "properties": {"wikidata": "Q1168859", "name": "Accademia Albertina", "status": "done", "osm_id": "node/2503902059", "group": "Altro", "subgroup": "Altro", "subcategory": "Altro"}, "geometry": {"type": "Point", "coordinates": [7.68944444, 45.0675]}}, {"type": "Feature", "properties": {"wikidata": "Q1145261", "name": "basilica di Superga", "status": "done", "osm_id": "relation/13136043", "group": "Religione", "subgroup": "Luoghi di Culto", "subcategory": "Chiesa"}, "geometry": {"type": "Point", "coordinates": [7.767366, 45.08062]}}, {"type": "Feature", "properties": {"wikidata": "Q1121301", "name": "Cima delle Saline", "status": "done", "osm_id": "node/920064034", "group": "Natura e paesaggio", "subgroup": "Montagna", "subcategory": "Montagna"}, "geometry": {"type": "Point", "coordinates": [7.7339027, 44.1760291]}}, {"type": "Feature", "properties": {"wikidata": "Q1724323", "name": "rifugio Luigi Vaccarone", "status": "done", "osm_id": "way/39670282", "group": "Dimore ed edifici", "subgroup": "Ospitalit\u00e0", "subcategory": "Rifugio di montagna"}, "geometry": {"type": "Point", "coordinates": [6.923562, 45.1568]}}, {"type": "Feature", "properties": {"wikidata": "Q1516732", "name": "Uia di Bessanese", "status": "done", "osm_id": "node/11646993733", "group": "Natura e paesaggio", "subgroup": "Montagna", "subcategory": "Montagna"}, "geometry": {"type": "Point", "coordinates": [7.119603, 45.302048]}}, {"type": "Feature", "properties": {"wikidata": "Q1761894", "name": "Liceo Classico e Musicale \"C. Cavour\"", "status": "done", "osm_id": "way/318938045", "group": "Altro", "subgroup": "Altro", "subcategory": "Altro"}, "geometry": {"type": "Point", "coordinates": [7.6558, 45.0777]}}, {"type": "Feature", "properties": {"wikidata": "Q1467712", "name": "lago di Mergozzo", "status": "done", "osm_id": "relation/16100036", "group": "Natura e paesaggio", "subgroup": "Acqua", "subcategory": "Lago"}, "geometry": {"type": "Point", "coordinates": [8.466666666, 45.955555555]}}, {"type": "Feature", "properties": {"wikidata": "Q1132193", "name": "sinagoga di Casale Monferrato", "status": "done", "osm_id": "node/29927541", "group": "Altro", "subgroup": "Altro", "subcategory": "Altro"}, "geometry": {"type": "Point", "coordinates": [8.449841271, 45.135564348]}}, {"type": "Feature", "properties": {"wikidata": "Q1775106", "name": "Monastero di Casalvolone", "status": "missing", "osm_id": null, "group": "Religione", "subgroup": "Luoghi di Culto", "subcategory": "Chiesa"}, "geometry": {"type": "Point", "coordinates": [8.466666666, 45.4]}}, {"type": "Feature", "properties": {"wikidata": "Q1502242", "name": "abbazia di Santa Maria di Lucedio", "status": "done", "osm_id": "way/964660583", "group": "Religione", "subgroup": "Vita Monastica", "subcategory": "Abbazia"}, "geometry": {"type": "Point", "coordinates": [8.2325, 45.238056]}}, {"type": "Feature", "properties": {"wikidata": "Q1417076", "name": "abbazia di Santa Maria di Rivalta", "status": "done", "osm_id": "way/209088476", "group": "Religione", "subgroup": "Vita Monastica", "subcategory": "Abbazia"}, "geometry": {"type": "Point", "coordinates": [8.82731, 44.85506]}}, {"type": "Feature", "properties": {"wikidata": "Q1421577", "name": "Ghemme DOCG", "status": "missing", "osm_id": null, "group": "Altro", "subgroup": "Altro", "subcategory": "Altro"}, "geometry": {"type": "Point", "coordinates": [8.416666666, 45.6]}}, {"type": "Feature", "properties": {"wikidata": "Q1332027", "name": "Ellero", "status": "done", "osm_id": "relation/2233725", "group": "Natura e paesaggio", "subgroup": "Acqua", "subcategory": "Fiume"}, "geometry": {"type": "Point", "coordinates": [7.88527778, 44.44305556]}}, {"type": "Feature", "properties": {"wikidata": "Q1787344", "name": "sacro monte Calvario di Domodossola", "status": "done", "osm_id": "node/2281886862", "group": "Religione", "subgroup": "Luoghi di Culto", "subcategory": "Chiesa"}, "geometry": {"type": "Point", "coordinates": [8.28694444, 46.10555556]}}, {"type": "Feature", "properties": {"wikidata": "Q1135592", "name": "Gavi DOCG", "status": "missing", "osm_id": null, "group": "Altro", "subgroup": "Altro", "subcategory": "Altro"}, "geometry": {"type": "Point", "coordinates": [8.802777777, 44.683333333]}}, {"type": "Feature", "properties": {"wikidata": "Q1726667", "name": "Aeroporto di Cameri", "status": "done", "osm_id": "way/134221994", "group": "Infrastrutture", "subgroup": "Trasporti", "subcategory": "Aeroporto"}, "geometry": {"type": "Point", "coordinates": [8.665278, 45.531112]}}, {"type": "Feature", "properties": {"wikidata": "Q1121928", "name": "Valle Varaita", "status": "missing", "osm_id": null, "group": "Altro", "subgroup": "Altro", "subcategory": "Altro"}, "geometry": {"type": "Point", "coordinates": [7.1, 44.58]}}, {"type": "Feature", "properties": {"wikidata": "Q1503034", "name": "Isolino di San Giovanni", "status": "done", "osm_id": "way/190488656", "group": "Natura e paesaggio", "subgroup": "Mare e Costa", "subcategory": "Isola"}, "geometry": {"type": "Point", "coordinates": [8.555277777, 45.916666666]}}, {"type": "Feature", "properties": {"wikidata": "Q1152462", "name": "Monte Cervandone", "status": "done", "osm_id": "node/26864373", "group": "Natura e paesaggio", "subgroup": "Montagna", "subcategory": "Montagna"}, "geometry": {"type": "Point", "coordinates": [8.223055555, 46.324166666]}}, {"type": "Feature", "properties": {"wikidata": "Q1458422", "name": "stazione di Vercelli", "status": "done", "osm_id": "way/60901059", "group": "Infrastrutture", "subgroup": "Trasporti", "subcategory": "Stazione ferroviaria"}, "geometry": {"type": "Point", "coordinates": [8.41639, 45.3298]}}, {"type": "Feature", "properties": {"wikidata": "Q1767616", "name": "Punta Marguareis", "status": "done", "osm_id": "node/26863733", "group": "Natura e paesaggio", "subgroup": "Montagna", "subcategory": "Montagna"}, "geometry": {"type": "Point", "coordinates": [7.684444444, 44.173333333]}}, {"type": "Feature", "properties": {"wikidata": "Q1145730", "name": "Rognosa d'Etiache", "status": "done", "osm_id": "node/393768819", "group": "Natura e paesaggio", "subgroup": "Montagna", "subcategory": "Montagna"}, "geometry": {"type": "Point", "coordinates": [6.8360514, 45.1352878]}}, {"type": "Feature", "properties": {"wikidata": "Q1787480", "name": "Sacro Monte di Orta", "status": "done", "osm_id": "way/545624957", "group": "Religione", "subgroup": "Luoghi di Culto", "subcategory": "Chiesa"}, "geometry": {"type": "Point", "coordinates": [8.412237, 45.797432]}}, {"type": "Feature", "properties": {"wikidata": "Q1533952", "name": "parco naturale del Marguareis", "status": "done", "osm_id": "way/379055920", "group": "Natura e paesaggio", "subgroup": "Verde", "subcategory": "Area protetta"}, "geometry": {"type": "Point", "coordinates": [7.66193, 44.23106]}}, {"type": "Feature", "properties": {"wikidata": "Q1637553", "name": "Colma di Mombarone", "status": "done", "osm_id": "node/1125529986", "group": "Natura e paesaggio", "subgroup": "Montagna", "subcategory": "Montagna"}, "geometry": {"type": "Point", "coordinates": [7.8930066, 45.586008]}}, {"type": "Feature", "properties": {"wikidata": "Q1478414", "name": "Lingotto", "status": "done", "osm_id": "relation/14033031", "group": "Altro", "subgroup": "Altro", "subcategory": "Altro"}, "geometry": {"type": "Point", "coordinates": [7.66443, 45.02893]}}, {"type": "Feature", "properties": {"wikidata": "Q1634984", "name": "Valle Gesso", "status": "missing", "osm_id": null, "group": "Altro", "subgroup": "Altro", "subcategory": "Altro"}, "geometry": {"type": "Point", "coordinates": [7.39, 44.22]}}, {"type": "Feature", "properties": {"wikidata": "Q1248298", "name": "Sesia", "status": "done", "osm_id": "relation/2233609", "group": "Natura e paesaggio", "subgroup": "Acqua", "subcategory": "Fiume"}, "geometry": {"type": "Point", "coordinates": [8.570444444, 45.135538888]}}, {"type": "Feature", "properties": {"wikidata": "Q1709973", "name": "rifugio Quintino Sella al Monviso", "status": "done", "osm_id": "way/151782419", "group": "Dimore ed edifici", "subgroup": "Ospitalit\u00e0", "subcategory": "Rifugio di montagna"}, "geometry": {"type": "Point", "coordinates": [7.102903, 44.674583]}}, {"type": "Feature", "properties": {"wikidata": "Q1235193", "name": "Prato Nevoso", "status": "done", "osm_id": "node/252118295", "group": "Insediamenti", "subgroup": "Centri", "subcategory": "Frazione"}, "geometry": {"type": "Point", "coordinates": [7.78657, 44.25538]}}, {"type": "Feature", "properties": {"wikidata": "Q1750009", "name": "Pizzo Bottarello", "status": "done", "osm_id": "node/1373122354", "group": "Natura e paesaggio", "subgroup": "Montagna", "subcategory": "Montagna"}, "geometry": {"type": "Point", "coordinates": [8.02244, 46.07419]}}, {"type": "Feature", "properties": {"wikidata": "Q1125588", "name": "castello di Brusasco", "status": "missing", "osm_id": null, "group": "Fortificazioni e militare", "subgroup": "Fortificazioni", "subcategory": "Castello"}, "geometry": {"type": "Point", "coordinates": [8.062216318, 45.149716432]}}, {"type": "Feature", "properties": {"wikidata": "Q1434647", "name": "Val di Susa", "status": "done", "osm_id": "way/374056124", "group": "Altro", "subgroup": "Altro", "subcategory": "Altro"}, "geometry": {"type": "Point", "coordinates": [7.05, 45.133333333]}}, {"type": "Feature", "properties": {"wikidata": "Q1637858", "name": "strada europea E612", "status": "done", "osm_id": "relation/92329", "group": "Infrastrutture", "subgroup": "Trasporti", "subcategory": "Strada urbana"}, "geometry": {"type": "Point", "coordinates": [7.81797, 45.30665]}}, {"type": "Feature", "properties": {"wikidata": "Q1670771", "name": "Joderhorn", "status": "done", "osm_id": "node/307218738", "group": "Natura e paesaggio", "subgroup": "Montagna", "subcategory": "Montagna"}, "geometry": {"type": "Point", "coordinates": [7.989112, 45.995942]}}, {"type": "Feature", "properties": {"wikidata": "Q1121246", "name": "Monte Meidassa", "status": "done", "osm_id": "node/798788377", "group": "Natura e paesaggio", "subgroup": "Montagna", "subcategory": "Montagna"}, "geometry": {"type": "Point", "coordinates": [7.07222222, 44.71916667]}}, {"type": "Feature", "properties": {"wikidata": "Q1154029", "name": "Rocca Bernauda", "status": "done", "osm_id": "node/26864460", "group": "Natura e paesaggio", "subgroup": "Montagna", "subcategory": "Montagna"}, "geometry": {"type": "Point", "coordinates": [6.62666667, 45.10305556]}}, {"type": "Feature", "properties": {"wikidata": "Q1611921", "name": "Cima Maledia", "status": "done", "osm_id": "node/919613049", "group": "Natura e paesaggio", "subgroup": "Montagna", "subcategory": "Montagna"}, "geometry": {"type": "Point", "coordinates": [7.39833, 44.1222]}}, {"type": "Feature", "properties": {"wikidata": "Q1451469", "name": "stazione di Marconi", "status": "done", "osm_id": "node/1622042729", "group": "Infrastrutture", "subgroup": "Trasporti", "subcategory": "Stazione metropolitana"}, "geometry": {"type": "Point", "coordinates": [7.676893, 45.057234]}}, {"type": "Feature", "properties": {"wikidata": "Q1134424", "name": "Alpi Liguri", "status": "done", "osm_id": "relation/7470631", "group": "Natura e paesaggio", "subgroup": "Montagna", "subcategory": "Montagna"}, "geometry": {"type": "Point", "coordinates": [8.08333333, 44.16666667]}}, {"type": "Feature", "properties": {"wikidata": "Q1231158", "name": "Crusinallo", "status": "done", "osm_id": "node/4428143275", "group": "Insediamenti", "subgroup": "Centri", "subcategory": "Frazione"}, "geometry": {"type": "Point", "coordinates": [8.408055555, 45.89]}}, {"type": "Feature", "properties": {"wikidata": "Q1141451", "name": "Campionati del mondo di corsa campestre 1997", "status": "missing", "osm_id": null, "group": "Altro", "subgroup": "Altro", "subcategory": "Altro"}, "geometry": {"type": "Point", "coordinates": [7.68555556, 45.05083333]}}, {"type": "Feature", "properties": {"wikidata": "Q1692274", "name": "rifugio Vallanta", "status": "done", "osm_id": "way/133327655", "group": "Dimore ed edifici", "subgroup": "Ospitalit\u00e0", "subcategory": "Rifugio di montagna"}, "geometry": {"type": "Point", "coordinates": [7.080023, 44.619986]}}, {"type": "Feature", "properties": {"wikidata": "Q1574936", "name": "Varaita", "status": "done", "osm_id": "relation/2230562", "group": "Natura e paesaggio", "subgroup": "Acqua", "subcategory": "Fiume"}, "geometry": {"type": "Point", "coordinates": [7.60833333, 44.82222222]}}, {"type": "Feature", "properties": {"wikidata": "Q1631507", "name": "ponte di Card\u00e8", "status": "done", "osm_id": "way/38919163", "group": "Infrastrutture", "subgroup": "Trasporti", "subcategory": "Ponte"}, "geometry": {"type": "Point", "coordinates": [7.47834, 44.74786]}}, {"type": "Feature", "properties": {"wikidata": "Q1457504", "name": "abbazia di Sant'Antonio di Ranverso", "status": "done", "osm_id": "way/80996989", "group": "Religione", "subgroup": "Vita Monastica", "subcategory": "Abbazia"}, "geometry": {"type": "Point", "coordinates": [7.44944444, 45.08111111]}}, {"type": "Feature", "properties": {"wikidata": "Q1555998", "name": "Isola Madre", "status": "done", "osm_id": "way/155318267", "group": "Natura e paesaggio", "subgroup": "Mare e Costa", "subcategory": "Isola"}, "geometry": {"type": "Point", "coordinates": [8.537777777, 45.911111111]}}, {"type": "Feature", "properties": {"wikidata": "Q1130886", "name": "Grana del Monferrato", "status": "done", "osm_id": "relation/7657345", "group": "Natura e paesaggio", "subgroup": "Acqua", "subcategory": "Fiume"}, "geometry": {"type": "Point", "coordinates": [8.667778, 45.020556]}}, {"type": "Feature", "properties": {"wikidata": "Q1787362", "name": "Sacro Monte di Crea", "status": "done", "osm_id": "node/2281877186", "group": "Cultura e tempo libero", "subgroup": "Musei", "subcategory": "Museo"}, "geometry": {"type": "Point", "coordinates": [8.26972222, 45.09472222]}}, {"type": "Feature", "properties": {"wikidata": "Q1575607", "name": "rifugio Camillo Scarfiotti", "status": "done", "osm_id": "way/151782165", "group": "Dimore ed edifici", "subgroup": "Ospitalit\u00e0", "subcategory": "Rifugio di montagna"}, "geometry": {"type": "Point", "coordinates": [6.80166667, 45.13222222]}}, {"type": "Feature", "properties": {"wikidata": "Q1401186", "name": "Scuola di applicazione", "status": "missing", "osm_id": null, "group": "Altro", "subgroup": "Altro", "subcategory": "Altro"}, "geometry": {"type": "Point", "coordinates": [7.7, 45.0667]}}, {"type": "Feature", "properties": {"wikidata": "Q1125666", "name": "chiesa di San Massimo", "status": "done", "osm_id": "way/117493775", "group": "Religione", "subgroup": "Luoghi di Culto", "subcategory": "Chiesa"}, "geometry": {"type": "Point", "coordinates": [7.68795, 45.06199]}}, {"type": "Feature", "properties": {"wikidata": "Q1457875", "name": "villa Crespi", "status": "done", "osm_id": "way/172665267", "group": "Dimore ed edifici", "subgroup": "Residenze", "subcategory": "Villa"}, "geometry": {"type": "Point", "coordinates": [8.41607, 45.79641]}}, {"type": "Feature", "properties": {"wikidata": "Q1134007", "name": "Corno Bianco", "status": "done", "osm_id": "node/2416061973", "group": "Natura e paesaggio", "subgroup": "Montagna", "subcategory": "Montagna"}, "geometry": {"type": "Point", "coordinates": [7.878678, 45.8225522]}}, {"type": "Feature", "properties": {"wikidata": "Q1554805", "name": "rifugio Bagnour", "status": "done", "osm_id": "way/385644332", "group": "Dimore ed edifici", "subgroup": "Ospitalit\u00e0", "subcategory": "Rifugio di montagna"}, "geometry": {"type": "Point", "coordinates": [7.076349, 44.613491]}}, {"type": "Feature", "properties": {"wikidata": "Q1145080", "name": "Centrale idroelettrica di Antolina", "status": "missing", "osm_id": null, "group": "Altro", "subgroup": "Altro", "subcategory": "Altro"}, "geometry": {"type": "Point", "coordinates": [8.33048, 46.235109]}}, {"type": "Feature", "properties": {"wikidata": "Q1665744", "name": "Sorba", "status": "done", "osm_id": "node/5503143210", "group": "Insediamenti", "subgroup": "Centri", "subcategory": "Frazione"}, "geometry": {"type": "Point", "coordinates": [8.3925, 44.49666667]}}, {"type": "Feature", "properties": {"wikidata": "Q1455908", "name": "sacro monte di Ghiffa", "status": "done", "osm_id": "way/596137629", "group": "Religione", "subgroup": "Luoghi di Culto", "subcategory": "Santuario"}, "geometry": {"type": "Point", "coordinates": [8.615, 45.96361111]}}, {"type": "Feature", "properties": {"wikidata": "Q1707242", "name": "Museo nazionale della montagna", "status": "done", "osm_id": "node/246443715", "group": "Cultura e tempo libero", "subgroup": "Archivi", "subcategory": "Archivio"}, "geometry": {"type": "Point", "coordinates": [7.697454, 45.05971]}}, {"type": "Feature", "properties": {"wikidata": "Q1631489", "name": "Monte Tenibres", "status": "done", "osm_id": "node/1576142712", "group": "Natura e paesaggio", "subgroup": "Montagna", "subcategory": "Montagna"}, "geometry": {"type": "Point", "coordinates": [6.97139, 44.2839]}}, {"type": "Feature", "properties": {"wikidata": "Q1262141", "name": "rifugio Willy Jervis", "status": "done", "osm_id": "way/145204125", "group": "Dimore ed edifici", "subgroup": "Ospitalit\u00e0", "subcategory": "Rifugio di montagna"}, "geometry": {"type": "Point", "coordinates": [7.03916667, 44.77361111]}}, {"type": "Feature", "properties": {"wikidata": "Q3902162", "name": "piazza Carlo Alberto", "status": "done", "osm_id": "way/96989058", "group": "Insediamenti", "subgroup": "Zone Urbane", "subcategory": "Piazza"}, "geometry": {"type": "Point", "coordinates": [7.686, 45.069]}}, {"type": "Feature", "properties": {"wikidata": "Q3895442", "name": "parco Stura", "status": "missing", "osm_id": null, "group": "Natura e paesaggio", "subgroup": "Verde", "subcategory": "Parco cittadino"}, "geometry": {"type": "Point", "coordinates": [7.70346, 45.113701]}}, {"type": "Feature", "properties": {"wikidata": "Q3902178", "name": "piazza Cavour", "status": "done", "osm_id": "way/192199449", "group": "Insediamenti", "subgroup": "Zone Urbane", "subcategory": "Piazza"}, "geometry": {"type": "Point", "coordinates": [7.68986, 45.06322]}}, {"type": "Feature", "properties": {"wikidata": "Q3895646", "name": "parco naturale delle Capanne di Marcarolo", "status": "done", "osm_id": "relation/7682210", "group": "Natura e paesaggio", "subgroup": "Verde", "subcategory": "Area protetta"}, "geometry": {"type": "Point", "coordinates": [8.713216, 44.634526]}}, {"type": "Feature", "properties": {"wikidata": "Q3901838", "name": "Piaggia", "status": "done", "osm_id": "node/63625860", "group": "Insediamenti", "subgroup": "Centri", "subcategory": "Frazione"}, "geometry": {"type": "Point", "coordinates": [7.74938, 44.0825]}}, {"type": "Feature", "properties": {"wikidata": "Q3895417", "name": "parco naturale del Colle del Lys", "status": "done", "osm_id": "way/133871573", "group": "Natura e paesaggio", "subgroup": "Verde", "subcategory": "Area protetta"}, "geometry": {"type": "Point", "coordinates": [7.39486, 45.17785]}}, {"type": "Feature", "properties": {"wikidata": "Q3895649", "name": "Parco naturale di Rocchetta Tanaro", "status": "missing", "osm_id": null, "group": "Natura e paesaggio", "subgroup": "Verde", "subcategory": "Area protetta"}, "geometry": {"type": "Point", "coordinates": [8.3236, 44.8557]}}, {"type": "Feature", "properties": {"wikidata": "Q3899897", "name": "Perinera", "status": "done", "osm_id": "node/2439737554", "group": "Insediamenti", "subgroup": "Centri", "subcategory": "Frazione"}, "geometry": {"type": "Point", "coordinates": [7.20089, 45.22465]}}, {"type": "Feature", "properties": {"wikidata": "Q3895382", "name": "Parco Colonnetti", "status": "missing", "osm_id": null, "group": "Natura e paesaggio", "subgroup": "Verde", "subcategory": "Parco cittadino"}, "geometry": {"type": "Point", "coordinates": [7.645293, 45.010903]}}, {"type": "Feature", "properties": {"wikidata": "Q3895638", "name": "Parco naturale del Bosco della Partecipanza e delle Grange Vercellesi", "status": "done", "osm_id": "way/248862889", "group": "Natura e paesaggio", "subgroup": "Verde", "subcategory": "Area protetta"}, "geometry": {"type": "Point", "coordinates": [8.2622, 45.2251]}}, {"type": "Feature", "properties": {"wikidata": "Q3902146", "name": "piazza Bengasi", "status": "done", "osm_id": "way/364952114", "group": "Insediamenti", "subgroup": "Zone Urbane", "subcategory": "Piazza"}, "geometry": {"type": "Point", "coordinates": [7.66111, 45.01684]}}, {"type": "Feature", "properties": {"wikidata": "Q3905411", "name": "Pioda di Crana", "status": "done", "osm_id": "node/4524541903", "group": "Natura e paesaggio", "subgroup": "Montagna", "subcategory": "Montagna"}, "geometry": {"type": "Point", "coordinates": [8.44835, 46.1951]}}, {"type": "Feature", "properties": {"wikidata": "Q3895386", "name": "parco Dora", "status": "done", "osm_id": "way/123548922", "group": "Natura e paesaggio", "subgroup": "Verde", "subcategory": "Parco"}, "geometry": {"type": "Point", "coordinates": [7.665326, 45.092562]}}, {"type": "Feature", "properties": {"wikidata": "Q3895429", "name": "parco Rignon", "status": "done", "osm_id": "way/48135024", "group": "Natura e paesaggio", "subgroup": "Verde", "subcategory": "Parco cittadino"}, "geometry": {"type": "Point", "coordinates": [7.63679, 45.04369]}}, {"type": "Feature", "properties": {"wikidata": "Q3902326", "name": "piazza Savoia", "status": "done", "osm_id": "way/1391036049", "group": "Insediamenti", "subgroup": "Zone Urbane", "subcategory": "Piazza"}, "geometry": {"type": "Point", "coordinates": [7.67736006, 45.07497025]}}, {"type": "Feature", "properties": {"wikidata": "Q3895541", "name": "parco della Rimembranza", "status": "done", "osm_id": "way/42138385", "group": "Natura e paesaggio", "subgroup": "Verde", "subcategory": "Parco"}, "geometry": {"type": "Point", "coordinates": [7.72138889, 45.03111111]}}, {"type": "Feature", "properties": {"wikidata": "Q3905982", "name": "Pizzo Bianco", "status": "done", "osm_id": "node/401234279", "group": "Natura e paesaggio", "subgroup": "Montagna", "subcategory": "Montagna"}, "geometry": {"type": "Point", "coordinates": [7.94, 45.93805556]}}, {"type": "Feature", "properties": {"wikidata": "Q3895436", "name": "parco Ruffini", "status": "done", "osm_id": "way/37524337", "group": "Natura e paesaggio", "subgroup": "Verde", "subcategory": "Parco cittadino"}, "geometry": {"type": "Point", "coordinates": [7.629251, 45.059374]}}, {"type": "Feature", "properties": {"wikidata": "Q3902347", "name": "Piazza Statuto", "status": "done", "osm_id": "way/1421875000", "group": "Insediamenti", "subgroup": "Zone Urbane", "subcategory": "Piazza"}, "geometry": {"type": "Point", "coordinates": [7.67068005, 45.07629013]}}, {"type": "Feature", "properties": {"wikidata": "Q3895625", "name": "Parco naturale dell'Alta Val Sesia e dell'Alta Val Strona", "status": "done", "osm_id": "relation/16166657", "group": "Natura e paesaggio", "subgroup": "Verde", "subcategory": "Area protetta"}, "geometry": {"type": "Point", "coordinates": [8.053, 45.91]}}, {"type": "Feature", "properties": {"wikidata": "Q3895651", "name": "parco naturale del Lago di Candia", "status": "done", "osm_id": "way/248791906", "group": "Natura e paesaggio", "subgroup": "Verde", "subcategory": "Area protetta"}, "geometry": {"type": "Point", "coordinates": [7.9081, 45.3266]}}, {"type": "Feature", "properties": {"wikidata": "Q3906006", "name": "Pizzo Ragno", "status": "done", "osm_id": "node/1030721244", "group": "Natura e paesaggio", "subgroup": "Montagna", "subcategory": "Montagna"}, "geometry": {"type": "Point", "coordinates": [8.4219597, 46.1013935]}}, {"type": "Feature", "properties": {"wikidata": "Q3904840", "name": "pieve di Santa Maria di Vespiolla", "status": "missing", "osm_id": null, "group": "Religione", "subgroup": "Luoghi di Culto", "subcategory": "Chiesa"}, "geometry": {"type": "Point", "coordinates": [7.7350862, 45.4023432]}}, {"type": "Feature", "properties": {"wikidata": "Q3897381", "name": "passo della Castagnola", "status": "done", "osm_id": "node/5144609633", "group": "Natura e paesaggio", "subgroup": "Montagna", "subcategory": "Passo"}, "geometry": {"type": "Point", "coordinates": [8.88768, 44.5977]}}, {"type": "Feature", "properties": {"wikidata": "Q3895641", "name": "parco naturale dell'Alta Valle Antrona", "status": "done", "osm_id": "relation/16158979", "group": "Altro", "subgroup": "Altro", "subcategory": "Altro"}, "geometry": {"type": "Point", "coordinates": [8.08, 46.05]}}, {"type": "Feature", "properties": {"wikidata": "Q3895654", "name": "parco naturale del Monte San Giorgio", "status": "done", "osm_id": "way/371862962", "group": "Natura e paesaggio", "subgroup": "Verde", "subcategory": "Area protetta"}, "geometry": {"type": "Point", "coordinates": [7.447, 44.997]}}, {"type": "Feature", "properties": {"wikidata": "Q3895374", "name": "Parco Arte Vivente - Centro sperimentale d'arte contemporanea", "status": "done", "osm_id": "relation/1681502", "group": "Cultura e tempo libero", "subgroup": "Musei", "subcategory": "Museo"}, "geometry": {"type": "Point", "coordinates": [7.663043, 45.042828]}}, {"type": "Feature", "properties": {"wikidata": "Q3904586", "name": "pieve di San Giovanni Battista", "status": "done", "osm_id": "way/305523571", "group": "Religione", "subgroup": "Luoghi di Culto", "subcategory": "Chiesa"}, "geometry": {"type": "Point", "coordinates": [8.67645, 45.35215]}}, {"type": "Feature", "properties": {"wikidata": "Q3895603", "name": "parco fluviale Gesso e Stura", "status": "missing", "osm_id": null, "group": "Natura e paesaggio", "subgroup": "Verde", "subcategory": "Area protetta"}, "geometry": {"type": "Point", "coordinates": [7.5565, 44.4065]}}, {"type": "Feature", "properties": {"wikidata": "Q3902274", "name": "piazza Palazzo di Citt\u00e0", "status": "done", "osm_id": "way/295020012", "group": "Insediamenti", "subgroup": "Zone Urbane", "subcategory": "Piazza"}, "geometry": {"type": "Point", "coordinates": [7.681729, 45.073006]}}, {"type": "Feature", "properties": {"wikidata": "Q3902364", "name": "piazza Vittorio Veneto", "status": "done", "osm_id": "way/770935465", "group": "Insediamenti", "subgroup": "Zone Urbane", "subcategory": "Piazza"}, "geometry": {"type": "Point", "coordinates": [7.695416666, 45.064805555]}}, {"type": "Feature", "properties": {"wikidata": "Q3902505", "name": "Pic d'Asti", "status": "done", "osm_id": "node/914796792", "group": "Natura e paesaggio", "subgroup": "Montagna", "subcategory": "Montagna"}, "geometry": {"type": "Point", "coordinates": [7.025, 44.6928]}}, {"type": "Feature", "properties": {"wikidata": "Q3895972", "name": "Teatro Carignano", "status": "done", "osm_id": "node/617849850", "group": "Cultura e tempo libero", "subgroup": "Spettacolo", "subcategory": "Teatro d'opera"}, "geometry": {"type": "Point", "coordinates": [7.68461111, 45.06930556]}}, {"type": "Feature", "properties": {"wikidata": "Q3895558", "name": "parco delle Repubbliche Partigiane Piemontesi", "status": "missing", "osm_id": null, "group": "Natura e paesaggio", "subgroup": "Verde", "subcategory": "Parco cittadino"}, "geometry": {"type": "Point", "coordinates": [7.713363, 45.036208]}}, {"type": "Feature", "properties": {"wikidata": "Q3901206", "name": "Peverano", "status": "done", "osm_id": "node/616704770", "group": "Insediamenti", "subgroup": "Centri", "subcategory": "Frazione"}, "geometry": {"type": "Point", "coordinates": [8.075555555, 45.433055555]}}, {"type": "Feature", "properties": {"wikidata": "Q3895647", "name": "parco naturale delle Lame del Sesia", "status": "done", "osm_id": "way/490498333", "group": "Natura e paesaggio", "subgroup": "Verde", "subcategory": "Area protetta"}, "geometry": {"type": "Point", "coordinates": [8.39566, 45.42577]}}, {"type": "Feature", "properties": {"wikidata": "Q3900017", "name": "Pernate", "status": "done", "osm_id": "node/2714916373", "group": "Insediamenti", "subgroup": "Centri", "subcategory": "Frazione"}, "geometry": {"type": "Point", "coordinates": [8.1134667, 45.3394109]}}, {"type": "Feature", "properties": {"wikidata": "Q3902340", "name": "piazza Solferino", "status": "done", "osm_id": "relation/8024783", "group": "Insediamenti", "subgroup": "Zone Urbane", "subcategory": "Piazza"}, "geometry": {"type": "Point", "coordinates": [7.67714, 45.06892]}}, {"type": "Feature", "properties": {"wikidata": "Q3895644", "name": "parco naturale della Valle del Ticino", "status": "done", "osm_id": "relation/1801819", "group": "Natura e paesaggio", "subgroup": "Verde", "subcategory": "Area protetta"}, "geometry": {"type": "Point", "coordinates": [8.683, 45.567]}}, {"type": "Feature", "properties": {"wikidata": "Q3895501", "name": "Riserva naturale del Ponte del Diavolo", "status": "missing", "osm_id": null, "group": "Natura e paesaggio", "subgroup": "Verde", "subcategory": "Area protetta"}, "geometry": {"type": "Point", "coordinates": [7.4824, 45.2682]}}, {"type": "Feature", "properties": {"wikidata": "Q3904695", "name": "pieve di San Pietro", "status": "done", "osm_id": "way/371930220", "group": "Religione", "subgroup": "Luoghi di Culto", "subcategory": "Chiesa"}, "geometry": {"type": "Point", "coordinates": [8.98165, 44.89056]}}, {"type": "Feature", "properties": {"wikidata": "Q3898989", "name": "Pelvo di Ciabrera", "status": "done", "osm_id": "node/2045110122", "group": "Natura e paesaggio", "subgroup": "Montagna", "subcategory": "Montagna"}, "geometry": {"type": "Point", "coordinates": [6.93329, 44.5796]}}, {"type": "Feature", "properties": {"wikidata": "Q3895631", "name": "Parco naturale dei laghi di Avigliana", "status": "done", "osm_id": "way/371243409", "group": "Natura e paesaggio", "subgroup": "Verde", "subcategory": "Area protetta"}, "geometry": {"type": "Point", "coordinates": [7.384, 45.071]}}, {"type": "Feature", "properties": {"wikidata": "Q3901910", "name": "Piana", "status": "done", "osm_id": "node/2270759040", "group": "Insediamenti", "subgroup": "Centri", "subcategory": "Frazione"}, "geometry": {"type": "Point", "coordinates": [8.129722222, 45.836388888]}}, {"type": "Feature", "properties": {"wikidata": "Q3905115", "name": "Pinacoteca dei Cappuccini di Voltaggio", "status": "missing", "osm_id": null, "group": "Cultura e tempo libero", "subgroup": "Musei", "subcategory": "Museo d'arte"}, "geometry": {"type": "Point", "coordinates": [8.843204, 44.615677]}}, {"type": "Feature", "properties": {"wikidata": "Q3895434", "name": "parco Sangone", "status": "done", "osm_id": "way/171609778", "group": "Natura e paesaggio", "subgroup": "Verde", "subcategory": "Parco cittadino"}, "geometry": {"type": "Point", "coordinates": [7.6393, 45.0091]}}, {"type": "Feature", "properties": {"wikidata": "Q3902167", "name": "Piazza Carlo Felice", "status": "done", "osm_id": "way/1460835726", "group": "Insediamenti", "subgroup": "Zone Urbane", "subcategory": "Piazza"}, "geometry": {"type": "Point", "coordinates": [7.6796, 45.0636]}}, {"type": "Feature", "properties": {"wikidata": "Q3895392", "name": "parco Europa", "status": "missing", "osm_id": null, "group": "Natura e paesaggio", "subgroup": "Verde", "subcategory": "Giardino"}, "geometry": {"type": "Point", "coordinates": [7.68419, 45.03088]}}, {"type": "Feature", "properties": {"wikidata": "Q3902154", "name": "piazza C.L.N.", "status": "done", "osm_id": "way/1484064398", "group": "Insediamenti", "subgroup": "Zone Urbane", "subcategory": "Piazza"}, "geometry": {"type": "Point", "coordinates": [7.68173, 45.06658]}}, {"type": "Feature", "properties": {"wikidata": "Q3905101", "name": "pinacoteca di Varallo", "status": "missing", "osm_id": null, "group": "Cultura e tempo libero", "subgroup": "Musei", "subcategory": "Museo"}, "geometry": {"type": "Point", "coordinates": [8.25334, 45.81656]}}, {"type": "Feature", "properties": {"wikidata": "Q3895543", "name": "parco della Pellerina", "status": "done", "osm_id": "relation/9139784", "group": "Natura e paesaggio", "subgroup": "Verde", "subcategory": "Parco cittadino"}, "geometry": {"type": "Point", "coordinates": [7.64309, 45.0905]}}, {"type": "Feature", "properties": {"wikidata": "Q3902158", "name": "piazza Carignano", "status": "done", "osm_id": "way/22897807", "group": "Insediamenti", "subgroup": "Zone Urbane", "subcategory": "Piazza"}, "geometry": {"type": "Point", "coordinates": [7.68496, 45.0692]}}, {"type": "Feature", "properties": {"wikidata": "Q3898991", "name": "Pelvo d'Elva", "status": "done", "osm_id": "node/1468096540", "group": "Natura e paesaggio", "subgroup": "Montagna", "subcategory": "Montagna"}, "geometry": {"type": "Point", "coordinates": [7.0283, 44.552]}}, {"type": "Feature", "properties": {"wikidata": "Q3902365", "name": "piazza XVIII Dicembre", "status": "done", "osm_id": "way/1419474203", "group": "Insediamenti", "subgroup": "Zone Urbane", "subcategory": "Piazza"}, "geometry": {"type": "Point", "coordinates": [7.668061111, 45.073716666]}}, {"type": "Feature", "properties": {"wikidata": "Q3902305", "name": "piazza San Giovanni", "status": "done", "osm_id": "way/152185932", "group": "Insediamenti", "subgroup": "Zone Urbane", "subcategory": "Piazza"}, "geometry": {"type": "Point", "coordinates": [7.68502998, 45.07349014]}}, {"type": "Feature", "properties": {"wikidata": "Q3895655", "name": "parco naturale del Monte Tre Denti - Freidour", "status": "done", "osm_id": "way/371862963", "group": "Natura e paesaggio", "subgroup": "Verde", "subcategory": "Area protetta"}, "geometry": {"type": "Point", "coordinates": [7.3172, 44.9857]}}, {"type": "Feature", "properties": {"wikidata": "Q3902163", "name": "Piazza Carlo Emanuele II", "status": "done", "osm_id": "way/1058261663", "group": "Insediamenti", "subgroup": "Zone Urbane", "subcategory": "Piazza"}, "geometry": {"type": "Point", "coordinates": [7.68888889, 45.06638889]}}, {"type": "Feature", "properties": {"wikidata": "Q3902180", "name": "piazza Cavour", "status": "done", "osm_id": "way/56753002", "group": "Insediamenti", "subgroup": "Zone Urbane", "subcategory": "Piazza"}, "geometry": {"type": "Point", "coordinates": [8.4230581, 45.3255066]}}, {"type": "Feature", "properties": {"wikidata": "Q3895658", "name": "parco naturale di Stupinigi", "status": "done", "osm_id": "way/371316751", "group": "Natura e paesaggio", "subgroup": "Verde", "subcategory": "Area protetta"}, "geometry": {"type": "Point", "coordinates": [7.5971, 44.9842]}}, {"type": "Feature", "properties": {"wikidata": "Q3895639", "name": "parco naturale del Monte Fenera", "status": "done", "osm_id": "relation/6990922", "group": "Natura e paesaggio", "subgroup": "Verde", "subcategory": "Area protetta"}, "geometry": {"type": "Point", "coordinates": [8.316, 45.71]}}, {"type": "Feature", "properties": {"wikidata": "Q3902294", "name": "piazza San Carlo", "status": "done", "osm_id": "way/22885660", "group": "Insediamenti", "subgroup": "Zone Urbane", "subcategory": "Piazza"}, "geometry": {"type": "Point", "coordinates": [7.68257, 45.0677]}}, {"type": "Feature", "properties": {"wikidata": "Q3895381", "name": "parco Colletta", "status": "done", "osm_id": "way/257920545", "group": "Natura e paesaggio", "subgroup": "Verde", "subcategory": "Parco"}, "geometry": {"type": "Point", "coordinates": [7.718825, 45.083297]}}, {"type": "Feature", "properties": {"wikidata": "Q3902200", "name": "piazza Galimberti", "status": "done", "osm_id": "way/181931439", "group": "Insediamenti", "subgroup": "Zone Urbane", "subcategory": "Piazza"}, "geometry": {"type": "Point", "coordinates": [7.547917, 44.389593]}}, {"type": "Feature", "properties": {"wikidata": "Q3902175", "name": "piazza Castello", "status": "done", "osm_id": "way/1008214981", "group": "Insediamenti", "subgroup": "Zone Urbane", "subcategory": "Piazza"}, "geometry": {"type": "Point", "coordinates": [7.6858, 45.0708]}}, {"type": "Feature", "properties": {"wikidata": "Q3895437", "name": "parco Sempione", "status": "done", "osm_id": "way/555010242", "group": "Natura e paesaggio", "subgroup": "Verde", "subcategory": "Parco cittadino"}, "geometry": {"type": "Point", "coordinates": [7.690709, 45.101002]}}, {"type": "Feature", "properties": {"wikidata": "Q3902498", "name": "Piazzo", "status": "done", "osm_id": "node/567970113", "group": "Altro", "subgroup": "Altro", "subcategory": "Altro"}, "geometry": {"type": "Point", "coordinates": [8.05, 45.56666667]}}, {"type": "Feature", "properties": {"wikidata": "Q3895632", "name": "parco naturale dei Lagoni di Mercurago", "status": "done", "osm_id": "way/256569920", "group": "Natura e paesaggio", "subgroup": "Verde", "subcategory": "Area protetta"}, "geometry": {"type": "Point", "coordinates": [8.552, 45.735]}}, {"type": "Feature", "properties": {"wikidata": "Q3904647", "name": "pieve di San Lorenzo", "status": "done", "osm_id": "way/747494311", "group": "Religione", "subgroup": "Luoghi di Culto", "subcategory": "Chiesa"}, "geometry": {"type": "Point", "coordinates": [7.83593, 45.5496]}}, {"type": "Feature", "properties": {"wikidata": "Q3906002", "name": "Pizzo Montalto", "status": "done", "osm_id": "node/1506093110", "group": "Natura e paesaggio", "subgroup": "Montagna", "subcategory": "Montagna"}, "geometry": {"type": "Point", "coordinates": [8.13284, 46.0979]}}, {"type": "Feature", "properties": {"wikidata": "Q3895642", "name": "parco naturale della Collina di Superga", "status": "done", "osm_id": "relation/317940", "group": "Natura e paesaggio", "subgroup": "Verde", "subcategory": "Area protetta"}, "geometry": {"type": "Point", "coordinates": [7.7803, 45.0664]}}, {"type": "Feature", "properties": {"wikidata": "Q17637254", "name": "stazione di Folsogno-Dissimo", "status": "missing", "osm_id": null, "group": "Infrastrutture", "subgroup": "Trasporti", "subcategory": "Stazione ferroviaria"}, "geometry": {"type": "Point", "coordinates": [8.558038, 46.134317]}}, {"type": "Feature", "properties": {"wikidata": "Q18438949", "name": "Chiabriera", "status": "missing", "osm_id": null, "group": "Insediamenti", "subgroup": "Centri", "subcategory": "Frazione"}, "geometry": {"type": "Point", "coordinates": [7.2931, 44.48854]}}, {"type": "Feature", "properties": {"wikidata": "Q18288893", "name": "Ponte del Diavolo", "status": "done", "osm_id": "way/812741532", "group": "Infrastrutture", "subgroup": "Trasporti", "subcategory": "Ponte"}, "geometry": {"type": "Point", "coordinates": [7.4791758, 45.2679688]}}, {"type": "Feature", "properties": {"wikidata": "Q18438920", "name": "Cavallotti", "status": "done", "osm_id": "node/5771839125", "group": "Insediamenti", "subgroup": "Centri", "subcategory": "Insediamento umano"}, "geometry": {"type": "Point", "coordinates": [8.02677, 44.79415]}}, {"type": "Feature", "properties": {"wikidata": "Q17637235", "name": "stazione di Druogno", "status": "done", "osm_id": "node/2838387481", "group": "Infrastrutture", "subgroup": "Trasporti", "subcategory": "Stazione ferroviaria"}, "geometry": {"type": "Point", "coordinates": [8.433666, 46.133032]}}, {"type": "Feature", "properties": {"wikidata": "Q17639784", "name": "WiMu Museo del Vino a Barolo", "status": "done", "osm_id": "node/1750918635", "group": "Cultura e tempo libero", "subgroup": "Musei", "subcategory": "Museo"}, "geometry": {"type": "Point", "coordinates": [7.9444, 44.6112]}}, {"type": "Feature", "properties": {"wikidata": "Q18438944", "name": "Chiabreri", "status": "done", "osm_id": "node/1763493729", "group": "Insediamenti", "subgroup": "Centri", "subcategory": "Insediamento umano"}, "geometry": {"type": "Point", "coordinates": [7.2498, 44.50958]}}, {"type": "Feature", "properties": {"wikidata": "Q18288355", "name": "riserva naturale della Garzaia di Carisio", "status": "done", "osm_id": "way/406403926", "group": "Natura e paesaggio", "subgroup": "Verde", "subcategory": "Area protetta"}, "geometry": {"type": "Point", "coordinates": [8.200556, 45.421241]}}, {"type": "Feature", "properties": {"wikidata": "Q17637626", "name": "stazione di Varzo", "status": "done", "osm_id": "node/52135743", "group": "Infrastrutture", "subgroup": "Trasporti", "subcategory": "Stazione ferroviaria"}, "geometry": {"type": "Point", "coordinates": [8.245194, 46.206303]}}, {"type": "Feature", "properties": {"wikidata": "Q18438924", "name": "Centenero", "status": "done", "osm_id": "node/443032755", "group": "Insediamenti", "subgroup": "Centri", "subcategory": "Frazione"}, "geometry": {"type": "Point", "coordinates": [7.15526, 44.50981]}}, {"type": "Feature", "properties": {"wikidata": "Q17637376", "name": "stazione di Masera", "status": "done", "osm_id": "node/7573134829", "group": "Infrastrutture", "subgroup": "Trasporti", "subcategory": "Stazione ferroviaria"}, "geometry": {"type": "Point", "coordinates": [8.324034, 46.131961]}}, {"type": "Feature", "properties": {"wikidata": "Q17624925", "name": "chiesa di San Lorenzo", "status": "done", "osm_id": "way/289868250", "group": "Religione", "subgroup": "Luoghi di Culto", "subcategory": "Chiesa"}, "geometry": {"type": "Point", "coordinates": [8.31253, 45.75433]}}, {"type": "Feature", "properties": {"wikidata": "Q18417051", "name": "chiesa di Santa Maria di Spinerano", "status": "done", "osm_id": "way/835122528", "group": "Religione", "subgroup": "Luoghi di Culto", "subcategory": "Chiesa"}, "geometry": {"type": "Point", "coordinates": [7.607375, 45.240333]}}, {"type": "Feature", "properties": {"wikidata": "Q18416888", "name": "Castello dei Paleologi", "status": "done", "osm_id": "way/1381259579", "group": "Fortificazioni e militare", "subgroup": "Fortificazioni", "subcategory": "Castello"}, "geometry": {"type": "Point", "coordinates": [8.446265, 45.137428]}}, {"type": "Feature", "properties": {"wikidata": "Q17637373", "name": "stazione di Marone", "status": "done", "osm_id": "node/7572688062", "group": "Infrastrutture", "subgroup": "Trasporti", "subcategory": "Stazione ferroviaria"}, "geometry": {"type": "Point", "coordinates": [8.37739, 46.12307]}}, {"type": "Feature", "properties": {"wikidata": "Q17636615", "name": "Monte Dubasso", "status": "done", "osm_id": "node/1537190776", "group": "Natura e paesaggio", "subgroup": "Montagna", "subcategory": "Montagna"}, "geometry": {"type": "Point", "coordinates": [7.97722, 44.1308]}}, {"type": "Feature", "properties": {"wikidata": "Q17638764", "name": "torre campanaria di Sant'Ambrogio", "status": "missing", "osm_id": null, "group": "Fortificazioni e militare", "subgroup": "Fortificazioni", "subcategory": "Torre campanaria"}, "geometry": {"type": "Point", "coordinates": [7.3562, 45.09911]}}, {"type": "Feature", "properties": {"wikidata": "Q17624999", "name": "chiesa di San Sebastiano", "status": "done", "osm_id": "way/318940908", "group": "Religione", "subgroup": "Luoghi di Culto", "subcategory": "Chiesa"}, "geometry": {"type": "Point", "coordinates": [7.55301, 44.39237]}}, {"type": "Feature", "properties": {"wikidata": "Q17637214", "name": "stazione di Creggio", "status": "done", "osm_id": "node/1224781781", "group": "Infrastrutture", "subgroup": "Trasporti", "subcategory": "Stazione ferroviaria"}, "geometry": {"type": "Point", "coordinates": [8.325619, 46.124072]}}, {"type": "Feature", "properties": {"wikidata": "Q18288783", "name": "Palazzo del Feudo di Sant'Ambrogio", "status": "done", "osm_id": "way/779834082", "group": "Dimore ed edifici", "subgroup": "Residenze", "subcategory": "Palazzo"}, "geometry": {"type": "Point", "coordinates": [7.357699162, 45.09893032]}}, {"type": "Feature", "properties": {"wikidata": "Q18095506", "name": "Punta Lazoney", "status": "done", "osm_id": "node/1673754147", "group": "Natura e paesaggio", "subgroup": "Montagna", "subcategory": "Montagna"}, "geometry": {"type": "Point", "coordinates": [7.9269, 45.7347]}}, {"type": "Feature", "properties": {"wikidata": "Q17652128", "name": "santuario della Beata Vergine del Lago", "status": "done", "osm_id": "way/384602389", "group": "Religione", "subgroup": "Luoghi di Culto", "subcategory": "Cappella"}, "geometry": {"type": "Point", "coordinates": [7.574842, 44.804917]}}, {"type": "Feature", "properties": {"wikidata": "Q18005284", "name": "Rocca d'Argimonia", "status": "done", "osm_id": "node/4240240065", "group": "Natura e paesaggio", "subgroup": "Montagna", "subcategory": "Montagna"}, "geometry": {"type": "Point", "coordinates": [8.1045549, 45.6676354]}}, {"type": "Feature", "properties": {"wikidata": "Q17625022", "name": "ex chiesa di Santa Chiara", "status": "done", "osm_id": "way/364350209", "group": "Religione", "subgroup": "Luoghi di Culto", "subcategory": "Ex chiesa"}, "geometry": {"type": "Point", "coordinates": [7.5508, 44.39173]}}, {"type": "Feature", "properties": {"wikidata": "Q18289489", "name": "Rocca di Vogogna", "status": "done", "osm_id": "node/918738805", "group": "Fortificazioni e militare", "subgroup": "Fortificazioni", "subcategory": "Rocca"}, "geometry": {"type": "Point", "coordinates": [8.298306, 46.008368]}}, {"type": "Feature", "properties": {"wikidata": "Q17625057", "name": "chiesa di Santa Maria del Rosario", "status": "done", "osm_id": "way/1352487272", "group": "Religione", "subgroup": "Luoghi di Culto", "subcategory": "Chiesa"}, "geometry": {"type": "Point", "coordinates": [8.36855, 45.613777777]}}, {"type": "Feature", "properties": {"wikidata": "Q18438959", "name": "Chiappera", "status": "done", "osm_id": "node/439285317", "group": "Insediamenti", "subgroup": "Centri", "subcategory": "Frazione"}, "geometry": {"type": "Point", "coordinates": [6.92508, 44.49221]}}, {"type": "Feature", "properties": {"wikidata": "Q18086251", "name": "stazione di Novi San Bovo", "status": "missing", "osm_id": null, "group": "Altro", "subgroup": "Altro", "subcategory": "Altro"}, "geometry": {"type": "Point", "coordinates": [8.772764, 44.776843]}}, {"type": "Feature", "properties": {"wikidata": "Q18288106", "name": "chiesa di San Martino", "status": "done", "osm_id": "way/344597928", "group": "Religione", "subgroup": "Luoghi di Culto", "subcategory": "Chiesa"}, "geometry": {"type": "Point", "coordinates": [7.38069, 44.41269]}}, {"type": "Feature", "properties": {"wikidata": "Q18438925", "name": "Ceretto", "status": "missing", "osm_id": null, "group": "Insediamenti", "subgroup": "Centri", "subcategory": "Frazione"}, "geometry": {"type": "Point", "coordinates": [7.48234, 44.54709]}}, {"type": "Feature", "properties": {"wikidata": "Q17651431", "name": "Ponte della Pistolesa", "status": "done", "osm_id": "way/53023928", "group": "Infrastrutture", "subgroup": "Trasporti", "subcategory": "Ponte"}, "geometry": {"type": "Point", "coordinates": [8.133, 45.633]}}, {"type": "Feature", "properties": {"wikidata": "Q17637417", "name": "stazione di Nucetto", "status": "done", "osm_id": "node/4218232539", "group": "Infrastrutture", "subgroup": "Trasporti", "subcategory": "Stazione ferroviaria"}, "geometry": {"type": "Point", "coordinates": [8.06125, 44.339]}}, {"type": "Feature", "properties": {"wikidata": "Q18438942", "name": "Chesta", "status": "done", "osm_id": "node/2510967561", "group": "Insediamenti", "subgroup": "Centri", "subcategory": "Frazione"}, "geometry": {"type": "Point", "coordinates": [7.38199, 44.36245]}}, {"type": "Feature", "properties": {"wikidata": "Q17625104", "name": "chiesa di Santa Maria Maggiore", "status": "done", "osm_id": "way/105953309", "group": "Religione", "subgroup": "Luoghi di Culto", "subcategory": "Basilica minore"}, "geometry": {"type": "Point", "coordinates": [8.42471, 45.32784]}}]}