{"type": "FeatureCollection", "features": [{"type": "Feature", "properties": {"wikidata": "Q3673930", "name": "chiesa di Santa Maria della Valle", "status": "done", "osm_id": "way/712478319", "group": "Religione", "subgroup": "Luoghi di Culto", "subcategory": "Chiesa"}, "geometry": {"type": "Point", "coordinates": [13.879997, 41.903145]}}, {"type": "Feature", "properties": {"wikidata": "Q3731359", "name": "eremo di Sant'Egidio", "status": "done", "osm_id": "way/508782571", "group": "Religione", "subgroup": "Vita Monastica", "subcategory": "Eremo"}, "geometry": {"type": "Point", "coordinates": [13.87452, 41.91236]}}, {"type": "Feature", "properties": {"wikidata": "Q3731375", "name": "eremo di Santo Spirito a Majella", "status": "done", "osm_id": "way/473535931", "group": "Religione", "subgroup": "Vita Monastica", "subcategory": "Eremo"}, "geometry": {"type": "Point", "coordinates": [14.0902, 42.1702]}}, {"type": "Feature", "properties": {"wikidata": "Q3674545", "name": "chiesetta degli Alpini", "status": "done", "osm_id": "way/823938959", "group": "Religione", "subgroup": "Luoghi di Culto", "subcategory": "Chiesa"}, "geometry": {"type": "Point", "coordinates": [13.871734, 41.886363]}}, {"type": "Feature", "properties": {"wikidata": "Q3693381", "name": "Corcumello", "status": "done", "osm_id": "node/287994674", "group": "Insediamenti", "subgroup": "Centri", "subcategory": "Frazione"}, "geometry": {"type": "Point", "coordinates": [13.34645, 42.00831]}}, {"type": "Feature", "properties": {"wikidata": "Q3683031", "name": "Collevecchio", "status": "done", "osm_id": "node/4428114729", "group": "Insediamenti", "subgroup": "Centri", "subcategory": "Frazione"}, "geometry": {"type": "Point", "coordinates": [13.66303, 42.59657]}}, {"type": "Feature", "properties": {"wikidata": "Q3682819", "name": "Collebrincioni", "status": "done", "osm_id": "node/777991710", "group": "Insediamenti", "subgroup": "Centri", "subcategory": "Frazione"}, "geometry": {"type": "Point", "coordinates": [13.41532, 42.39807]}}, {"type": "Feature", "properties": {"wikidata": "Q3674369", "name": "chiesa e convento dei Cappuccini", "status": "done", "osm_id": "way/143559326", "group": "Religione", "subgroup": "Luoghi di Culto", "subcategory": "Chiesa"}, "geometry": {"type": "Point", "coordinates": [13.69765556, 42.65834722]}}, {"type": "Feature", "properties": {"wikidata": "Q3673996", "name": "chiesa di Santa Maria delle Grazie", "status": "done", "osm_id": "way/1309937553", "group": "Religione", "subgroup": "Luoghi di Culto", "subcategory": "Chiesa"}, "geometry": {"type": "Point", "coordinates": [14.352555, 41.948943]}}, {"type": "Feature", "properties": {"wikidata": "Q3683004", "name": "Collerotondo", "status": "missing", "osm_id": null, "group": "Natura e paesaggio", "subgroup": "Montagna", "subcategory": "Montagna"}, "geometry": {"type": "Point", "coordinates": [13.870428, 41.88485]}}, {"type": "Feature", "properties": {"wikidata": "Q3673330", "name": "chiesa di Santa Maria Assunta", "status": "done", "osm_id": "way/866666456", "group": "Religione", "subgroup": "Luoghi di Culto", "subcategory": "Chiesa"}, "geometry": {"type": "Point", "coordinates": [14.3315, 42.167735]}}, {"type": "Feature", "properties": {"wikidata": "Q3673918", "name": "chiesa di Santa Maria della Selva", "status": "missing", "osm_id": null, "group": "Religione", "subgroup": "Luoghi di Culto", "subcategory": "Chiesa"}, "geometry": {"type": "Point", "coordinates": [14.35555, 42.201413]}}, {"type": "Feature", "properties": {"wikidata": "Q3673621", "name": "chiesa di Santa Maria ad Nives", "status": "done", "osm_id": "way/522620555", "group": "Religione", "subgroup": "Luoghi di Culto", "subcategory": "Chiesa"}, "geometry": {"type": "Point", "coordinates": [13.810751, 42.001144]}}, {"type": "Feature", "properties": {"wikidata": "Q3673708", "name": "chiesa di Santa Maria del Carmine", "status": "done", "osm_id": "relation/10577855", "group": "Religione", "subgroup": "Luoghi di Culto", "subcategory": "Chiesa"}, "geometry": {"type": "Point", "coordinates": [13.401752, 42.352148]}}, {"type": "Feature", "properties": {"wikidata": "Q3678797", "name": "Civitaretenga", "status": "done", "osm_id": "node/3708213612", "group": "Altro", "subgroup": "Altro", "subcategory": "Altro"}, "geometry": {"type": "Point", "coordinates": [13.70589, 42.24581]}}, {"type": "Feature", "properties": {"wikidata": "Q3673976", "name": "chiesa di Santa Maria delle Grazie", "status": "done", "osm_id": "way/850027990", "group": "Religione", "subgroup": "Luoghi di Culto", "subcategory": "Chiesa"}, "geometry": {"type": "Point", "coordinates": [14.581123, 41.939762]}}, {"type": "Feature", "properties": {"wikidata": "Q3738674", "name": "Fallascoso", "status": "done", "osm_id": "node/1345161923", "group": "Insediamenti", "subgroup": "Centri", "subcategory": "Frazione"}, "geometry": {"type": "Point", "coordinates": [14.2425, 42.00611111]}}, {"type": "Feature", "properties": {"wikidata": "Q3673400", "name": "chiesa di Santa Maria Imbaro", "status": "done", "osm_id": "way/349303519", "group": "Religione", "subgroup": "Luoghi di Culto", "subcategory": "Chiesa"}, "geometry": {"type": "Point", "coordinates": [14.442327, 42.216081]}}, {"type": "Feature", "properties": {"wikidata": "Q3689445", "name": "convento dei Cappuccini", "status": "missing", "osm_id": null, "group": "Religione", "subgroup": "Vita Monastica", "subcategory": "Convento"}, "geometry": {"type": "Point", "coordinates": [14.21827, 42.19449]}}, {"type": "Feature", "properties": {"wikidata": "Q3689558", "name": "convento di San Giacinto", "status": "missing", "osm_id": null, "group": "Religione", "subgroup": "Vita Monastica", "subcategory": "Convento"}, "geometry": {"type": "Point", "coordinates": [14.442359, 42.067693]}}, {"type": "Feature", "properties": {"wikidata": "Q3685702", "name": "Comunit\u00e0 montana Marsica 1", "status": "missing", "osm_id": null, "group": "Altro", "subgroup": "Altro", "subcategory": "Altro"}, "geometry": {"type": "Point", "coordinates": [13.43138889, 42.03694444]}}, {"type": "Feature", "properties": {"wikidata": "Q3676874", "name": "cimitero militare canadese di Ortona", "status": "done", "osm_id": "relation/13454179", "group": "Altro", "subgroup": "Altro", "subcategory": "Altro"}, "geometry": {"type": "Point", "coordinates": [14.416454, 42.336994]}}, {"type": "Feature", "properties": {"wikidata": "Q3681712", "name": "Cluviae", "status": "missing", "osm_id": null, "group": "Archeologia", "subgroup": "Siti", "subcategory": "Sito archeologico"}, "geometry": {"type": "Point", "coordinates": [14.2653, 42.1286]}}, {"type": "Feature", "properties": {"wikidata": "Q3689486", "name": "convento della Madonna del Carmine", "status": "missing", "osm_id": null, "group": "Religione", "subgroup": "Vita Monastica", "subcategory": "Monastero"}, "geometry": {"type": "Point", "coordinates": [14.589713, 41.943273]}}, {"type": "Feature", "properties": {"wikidata": "Q3673726", "name": "chiesa di Santa Maria del Colle", "status": "done", "osm_id": "relation/1914216", "group": "Religione", "subgroup": "Luoghi di Culto", "subcategory": "Chiesa"}, "geometry": {"type": "Point", "coordinates": [13.842043, 42.062901]}}, {"type": "Feature", "properties": {"wikidata": "Q3673679", "name": "chiesa di Santa Maria dei Raccomandati", "status": "done", "osm_id": "way/1433576437", "group": "Religione", "subgroup": "Luoghi di Culto", "subcategory": "Chiesa"}, "geometry": {"type": "Point", "coordinates": [14.273855, 42.056203]}}, {"type": "Feature", "properties": {"wikidata": "Q3674194", "name": "chiesa di Santa Reparata", "status": "done", "osm_id": "way/1433533088", "group": "Religione", "subgroup": "Luoghi di Culto", "subcategory": "Chiesa"}, "geometry": {"type": "Point", "coordinates": [14.291483, 42.113658]}}, {"type": "Feature", "properties": {"wikidata": "Q3673388", "name": "chiesa di Santa Maria Calvona", "status": "missing", "osm_id": null, "group": "Religione", "subgroup": "Luoghi di Culto", "subcategory": "Chiesa"}, "geometry": {"type": "Point", "coordinates": [14.158746, 42.339093]}}, {"type": "Feature", "properties": {"wikidata": "Q3673773", "name": "chiesa di Santa Maria del Sambuco", "status": "done", "osm_id": "way/1426509885", "group": "Religione", "subgroup": "Luoghi di Culto", "subcategory": "Chiesa"}, "geometry": {"type": "Point", "coordinates": [14.380198, 42.024623]}}, {"type": "Feature", "properties": {"wikidata": "Q3740441", "name": "Favale", "status": "done", "osm_id": "node/3923960444", "group": "Insediamenti", "subgroup": "Centri", "subcategory": "Frazione"}, "geometry": {"type": "Point", "coordinates": [13.74138889, 42.79333333]}}, {"type": "Feature", "properties": {"wikidata": "Q3731340", "name": "eremo di San Giovanni all'Orfento", "status": "done", "osm_id": "node/3258953018", "group": "Religione", "subgroup": "Vita Monastica", "subcategory": "Eremo"}, "geometry": {"type": "Point", "coordinates": [14.0807, 42.1539]}}, {"type": "Feature", "properties": {"wikidata": "Q3745785", "name": "Fioli", "status": "done", "osm_id": "node/1264006024", "group": "Insediamenti", "subgroup": "Centri", "subcategory": "Frazione"}, "geometry": {"type": "Point", "coordinates": [13.47132, 42.64845]}}, {"type": "Feature", "properties": {"wikidata": "Q3673980", "name": "chiesa di Santa Maria delle Grazie", "status": "done", "osm_id": "way/850126303", "group": "Religione", "subgroup": "Luoghi di Culto", "subcategory": "Chiesa"}, "geometry": {"type": "Point", "coordinates": [14.064085, 41.890412]}}, {"type": "Feature", "properties": {"wikidata": "Q3673950", "name": "chiesa di Santa Maria delle Grazie", "status": "done", "osm_id": "way/118945626", "group": "Religione", "subgroup": "Luoghi di Culto", "subcategory": "Chiesa"}, "geometry": {"type": "Point", "coordinates": [13.803484, 41.99474]}}, {"type": "Feature", "properties": {"wikidata": "Q3685682", "name": "Comunit\u00e0 montana Campo Imperatore-Piana di Navelli", "status": "missing", "osm_id": null, "group": "Altro", "subgroup": "Altro", "subcategory": "Altro"}, "geometry": {"type": "Point", "coordinates": [13.59333333, 42.32527778]}}, {"type": "Feature", "properties": {"wikidata": "Q3744858", "name": "Figliola", "status": "done", "osm_id": "node/2734697089", "group": "Insediamenti", "subgroup": "Centri", "subcategory": "Frazione"}, "geometry": {"type": "Point", "coordinates": [13.513736111, 42.591691666]}}, {"type": "Feature", "properties": {"wikidata": "Q3683211", "name": "Colli di Monte Bove", "status": "done", "osm_id": "node/2081201033", "group": "Insediamenti", "subgroup": "Centri", "subcategory": "Frazione"}, "geometry": {"type": "Point", "coordinates": [13.157527777, 42.097194444]}}, {"type": "Feature", "properties": {"wikidata": "Q3682789", "name": "Colle della Morte", "status": "done", "osm_id": "node/4760440201", "group": "Insediamenti", "subgroup": "Centri", "subcategory": "Frazione"}, "geometry": {"type": "Point", "coordinates": [13.96833333, 42.54388889]}}, {"type": "Feature", "properties": {"wikidata": "Q3694651", "name": "Corso Vittorio Emanuele", "status": "done", "osm_id": "relation/9526731", "group": "Infrastrutture", "subgroup": "Trasporti", "subcategory": "Strada urbana"}, "geometry": {"type": "Point", "coordinates": [13.39941, 42.349648]}}, {"type": "Feature", "properties": {"wikidata": "Q3673510", "name": "chiesa di Santa Maria Paganica", "status": "done", "osm_id": "way/496425256", "group": "Religione", "subgroup": "Luoghi di Culto", "subcategory": "Chiesa"}, "geometry": {"type": "Point", "coordinates": [13.399444444, 42.352555555]}}, {"type": "Feature", "properties": {"wikidata": "Q3673468", "name": "chiesa di Santa Maria Maggiore", "status": "done", "osm_id": "way/1433533087", "group": "Religione", "subgroup": "Luoghi di Culto", "subcategory": "Chiesa"}, "geometry": {"type": "Point", "coordinates": [14.29277, 42.118804]}}, {"type": "Feature", "properties": {"wikidata": "Q3689475", "name": "convento del Ritiro della Santissima Annunziata del Poggio", "status": "missing", "osm_id": null, "group": "Religione", "subgroup": "Vita Monastica", "subcategory": "Convento"}, "geometry": {"type": "Point", "coordinates": [14.260502, 42.223532]}}, {"type": "Feature", "properties": {"wikidata": "Q3713403", "name": "Domus e mosaico del Leone", "status": "done", "osm_id": "node/6572008734", "group": "Archeologia", "subgroup": "Siti", "subcategory": "Sito archeologico"}, "geometry": {"type": "Point", "coordinates": [13.70570278, 42.65838056]}}, {"type": "Feature", "properties": {"wikidata": "Q3682740", "name": "Colle Marmo", "status": "done", "osm_id": "node/4592614014", "group": "Insediamenti", "subgroup": "Centri", "subcategory": "Frazione"}, "geometry": {"type": "Point", "coordinates": [13.8019, 42.5472]}}, {"type": "Feature", "properties": {"wikidata": "Q3673706", "name": "chiesa di Santa Maria del Carmine", "status": "missing", "osm_id": null, "group": "Religione", "subgroup": "Luoghi di Culto", "subcategory": "Chiesa"}, "geometry": {"type": "Point", "coordinates": [14.222134, 42.191525]}}, {"type": "Feature", "properties": {"wikidata": "Q3687217", "name": "Conservatorio Alfredo Casella", "status": "done", "osm_id": "relation/9642197", "group": "Amministrazione", "subgroup": "Istruzione", "subcategory": "Conservatorio"}, "geometry": {"type": "Point", "coordinates": [13.417642, 42.353061]}}, {"type": "Feature", "properties": {"wikidata": "Q3673755", "name": "chiesa di Santa Maria del Popolo", "status": "done", "osm_id": "way/1426436239", "group": "Religione", "subgroup": "Luoghi di Culto", "subcategory": "Chiesa"}, "geometry": {"type": "Point", "coordinates": [14.365793, 42.035043]}}, {"type": "Feature", "properties": {"wikidata": "Q3673276", "name": "chiesa di Santa Maria Assunta", "status": "done", "osm_id": "way/665656849", "group": "Religione", "subgroup": "Luoghi di Culto", "subcategory": "Chiesa"}, "geometry": {"type": "Point", "coordinates": [14.581219, 41.870306]}}, {"type": "Feature", "properties": {"wikidata": "Q3673743", "name": "chiesa di Santa Maria del Monte", "status": "missing", "osm_id": null, "group": "Religione", "subgroup": "Luoghi di Culto", "subcategory": "Chiesa"}, "geometry": {"type": "Point", "coordinates": [14.398964, 41.897022]}}, {"type": "Feature", "properties": {"wikidata": "Q3673252", "name": "chiesa di Santa Maria Apparens", "status": "done", "osm_id": "way/1418016035", "group": "Religione", "subgroup": "Luoghi di Culto", "subcategory": "Chiesa"}, "geometry": {"type": "Point", "coordinates": [13.449629, 42.559152]}}, {"type": "Feature", "properties": {"wikidata": "Q3684377", "name": "Comino", "status": "done", "osm_id": "node/1028215369", "group": "Archeologia", "subgroup": "Siti", "subcategory": "Sito archeologico"}, "geometry": {"type": "Point", "coordinates": [14.190785, 42.187244]}}, {"type": "Feature", "properties": {"wikidata": "Q3731363", "name": "eremo di Sant'Onofrio al Morrone", "status": "done", "osm_id": "way/288614834", "group": "Religione", "subgroup": "Vita Monastica", "subcategory": "Eremo"}, "geometry": {"type": "Point", "coordinates": [13.93601, 42.08937]}}, {"type": "Feature", "properties": {"wikidata": "Q3682729", "name": "Colle Caruno", "status": "done", "osm_id": "node/4622596548", "group": "Insediamenti", "subgroup": "Centri", "subcategory": "Frazione"}, "geometry": {"type": "Point", "coordinates": [13.64086944, 42.67728056]}}, {"type": "Feature", "properties": {"wikidata": "Q3735835", "name": "ex chiesa di Santa Maria delle Grazie", "status": "done", "osm_id": "way/1356613926", "group": "Religione", "subgroup": "Luoghi di Culto", "subcategory": "Ex chiesa"}, "geometry": {"type": "Point", "coordinates": [13.882318, 41.902374]}}, {"type": "Feature", "properties": {"wikidata": "Q3689540", "name": "convento di San Francesco", "status": "missing", "osm_id": null, "group": "Religione", "subgroup": "Vita Monastica", "subcategory": "Convento"}, "geometry": {"type": "Point", "coordinates": [14.390416, 42.23046]}}, {"type": "Feature", "properties": {"wikidata": "Q3674556", "name": "chiesetta di San Michele Arcangelo all'Arapezzana", "status": "done", "osm_id": "way/1210923050", "group": "Religione", "subgroup": "Luoghi di Culto", "subcategory": "Chiesa"}, "geometry": {"type": "Point", "coordinates": [13.834596, 41.936754]}}, {"type": "Feature", "properties": {"wikidata": "Q3731333", "name": "eremo di San Bartolomeo in Legio", "status": "done", "osm_id": "relation/13888340", "group": "Religione", "subgroup": "Vita Monastica", "subcategory": "Eremo"}, "geometry": {"type": "Point", "coordinates": [14.0383, 42.1821]}}, {"type": "Feature", "properties": {"wikidata": "Q3673269", "name": "chiesa di Santa Maria Assunta", "status": "done", "osm_id": "way/1434152573", "group": "Religione", "subgroup": "Luoghi di Culto", "subcategory": "Chiesa"}, "geometry": {"type": "Point", "coordinates": [13.741766, 42.115094]}}, {"type": "Feature", "properties": {"wikidata": "Q3731361", "name": "eremo di Sant'Onofrio", "status": "done", "osm_id": "node/1409928264", "group": "Religione", "subgroup": "Vita Monastica", "subcategory": "Eremo"}, "geometry": {"type": "Point", "coordinates": [14.0846, 42.2316]}}, {"type": "Feature", "properties": {"wikidata": "Q3683523", "name": "Colonna di San Cristoforo", "status": "missing", "osm_id": null, "group": "Altro", "subgroup": "Altro", "subcategory": "Altro"}, "geometry": {"type": "Point", "coordinates": [14.449031, 42.067877]}}, {"type": "Feature", "properties": {"wikidata": "Q3674253", "name": "chiesa di Santa Vittoria", "status": "done", "osm_id": "way/1215143740", "group": "Religione", "subgroup": "Luoghi di Culto", "subcategory": "Chiesa"}, "geometry": {"type": "Point", "coordinates": [14.412442, 42.039431]}}, {"type": "Feature", "properties": {"wikidata": "Q3673644", "name": "chiesa di Santa Maria de Praediis", "status": "done", "osm_id": "way/310786348", "group": "Religione", "subgroup": "Luoghi di Culto", "subcategory": "Chiesa"}, "geometry": {"type": "Point", "coordinates": [13.65073333, 42.67803056]}}, {"type": "Feature", "properties": {"wikidata": "Q3673474", "name": "chiesa di Santa Maria Maggiore", "status": "done", "osm_id": "way/28524777", "group": "Religione", "subgroup": "Luoghi di Culto", "subcategory": "Chiesa"}, "geometry": {"type": "Point", "coordinates": [14.387793, 42.230479]}}, {"type": "Feature", "properties": {"wikidata": "Q3682749", "name": "Colle San Vito", "status": "done", "osm_id": "node/4391227800", "group": "Insediamenti", "subgroup": "Centri", "subcategory": "Frazione"}, "geometry": {"type": "Point", "coordinates": [13.29195, 42.29388]}}, {"type": "Feature", "properties": {"wikidata": "Q3673960", "name": "chiesa di Santa Maria delle Grazie", "status": "done", "osm_id": "way/438281605", "group": "Religione", "subgroup": "Luoghi di Culto", "subcategory": "Chiesa"}, "geometry": {"type": "Point", "coordinates": [13.774629, 42.033215]}}, {"type": "Feature", "properties": {"wikidata": "Q3689425", "name": "convento Michetti", "status": "done", "osm_id": "relation/14145154", "group": "Religione", "subgroup": "Vita Monastica", "subcategory": "Convento"}, "geometry": {"type": "Point", "coordinates": [14.293576, 42.415594]}}, {"type": "Feature", "properties": {"wikidata": "Q3676805", "name": "Cima della Cioccola", "status": "done", "osm_id": "node/4177516605", "group": "Natura e paesaggio", "subgroup": "Montagna", "subcategory": "Montagna"}, "geometry": {"type": "Point", "coordinates": [13.825672222, 42.37255]}}, {"type": "Feature", "properties": {"wikidata": "Q3674086", "name": "chiesa di Santa Maria di Ronzano", "status": "done", "osm_id": "way/91090855", "group": "Religione", "subgroup": "Luoghi di Culto", "subcategory": "Chiesa"}, "geometry": {"type": "Point", "coordinates": [13.714087, 42.556138]}}, {"type": "Feature", "properties": {"wikidata": "Q3716401", "name": "duomo di San Leucio", "status": "done", "osm_id": "way/885978112", "group": "Religione", "subgroup": "Luoghi di Culto", "subcategory": "Chiesa"}, "geometry": {"type": "Point", "coordinates": [14.443583, 42.06718]}}, {"type": "Feature", "properties": {"wikidata": "Q3746228", "name": "Fiume", "status": "done", "osm_id": "node/1069533997", "group": "Altro", "subgroup": "Altro", "subcategory": "Altro"}, "geometry": {"type": "Point", "coordinates": [13.511666666, 42.664166666]}}, {"type": "Feature", "properties": {"wikidata": "Q3674119", "name": "chiesa di Santa Maria in Cellis", "status": "done", "osm_id": "way/1211203122", "group": "Religione", "subgroup": "Luoghi di Culto", "subcategory": "Chiesa"}, "geometry": {"type": "Point", "coordinates": [13.077515, 42.092118]}}, {"type": "Feature", "properties": {"wikidata": "Q3695267", "name": "Costa Masciarelli", "status": "done", "osm_id": "relation/9526732", "group": "Infrastrutture", "subgroup": "Trasporti", "subcategory": "Strada urbana"}, "geometry": {"type": "Point", "coordinates": [13.400843, 42.347357]}}, {"type": "Feature", "properties": {"wikidata": "Q3735827", "name": "chiesa delle Anime Sante", "status": "done", "osm_id": "way/712478347", "group": "Religione", "subgroup": "Luoghi di Culto", "subcategory": "Ex chiesa"}, "geometry": {"type": "Point", "coordinates": [13.880605, 41.90323]}}, {"type": "Feature", "properties": {"wikidata": "Q3673662", "name": "chiesa di Santa Maria degli Angeli", "status": "done", "osm_id": "way/459665339", "group": "Religione", "subgroup": "Luoghi di Culto", "subcategory": "Chiesa"}, "geometry": {"type": "Point", "coordinates": [13.803491, 42.528844]}}, {"type": "Feature", "properties": {"wikidata": "Q3674195", "name": "chiesa di Santa Reparata", "status": "done", "osm_id": "way/859632544", "group": "Religione", "subgroup": "Luoghi di Culto", "subcategory": "Chiesa"}, "geometry": {"type": "Point", "coordinates": [13.979388, 42.580269]}}, {"type": "Feature", "properties": {"wikidata": "Q3735789", "name": "ex convento di San Donato", "status": "done", "osm_id": "way/942194853", "group": "Religione", "subgroup": "Luoghi di Culto", "subcategory": "Santuario"}, "geometry": {"type": "Point", "coordinates": [14.579717, 41.872292]}}, {"type": "Feature", "properties": {"wikidata": "Q3677722", "name": "circondario di Cittaducale", "status": "missing", "osm_id": null, "group": "Altro", "subgroup": "Altro", "subcategory": "Altro"}, "geometry": {"type": "Point", "coordinates": [12.95, 42.38333333]}}, {"type": "Feature", "properties": {"wikidata": "Q3673482", "name": "chiesa di Santa Maria Maggiore", "status": "done", "osm_id": "way/226989808", "group": "Religione", "subgroup": "Luoghi di Culto", "subcategory": "Chiesa"}, "geometry": {"type": "Point", "coordinates": [14.709085, 42.110918]}}, {"type": "Feature", "properties": {"wikidata": "Q3689582", "name": "convento di San Pasquale", "status": "done", "osm_id": "relation/13531389", "group": "Religione", "subgroup": "Vita Monastica", "subcategory": "Monastero"}, "geometry": {"type": "Point", "coordinates": [14.426388, 42.060746]}}, {"type": "Feature", "properties": {"wikidata": "Q3674355", "name": "chiesa di Santo Stefano protomartire", "status": "done", "osm_id": "way/542909574", "group": "Religione", "subgroup": "Luoghi di Culto", "subcategory": "Chiesa"}, "geometry": {"type": "Point", "coordinates": [14.134255, 42.29031]}}, {"type": "Feature", "properties": {"wikidata": "Q3674356", "name": "chiesa di Santo Stefano protomartire", "status": "missing", "osm_id": null, "group": "Religione", "subgroup": "Luoghi di Culto", "subcategory": "Chiesa"}, "geometry": {"type": "Point", "coordinates": [14.35599, 42.197462]}}, {"type": "Feature", "properties": {"wikidata": "Q3677568", "name": "circolo Tennis Pescara", "status": "done", "osm_id": "way/27896384", "group": "Altro", "subgroup": "Altro", "subcategory": "Altro"}, "geometry": {"type": "Point", "coordinates": [14.22659, 42.45387]}}, {"type": "Feature", "properties": {"wikidata": "Q3707853", "name": "Caprafico", "status": "done", "osm_id": "node/1156295898", "group": "Insediamenti", "subgroup": "Centri", "subcategory": "Frazione"}, "geometry": {"type": "Point", "coordinates": [13.76591, 42.63186]}}, {"type": "Feature", "properties": {"wikidata": "Q3674083", "name": "chiesa di Santa Maria di Propezzano", "status": "done", "osm_id": "relation/18808419", "group": "Religione", "subgroup": "Luoghi di Culto", "subcategory": "Chiesa"}, "geometry": {"type": "Point", "coordinates": [13.918637, 42.645433]}}, {"type": "Feature", "properties": {"wikidata": "Q3685659", "name": "Comunit\u00e0 montana Alto Sangro e altopiano delle Cinquemiglia", "status": "missing", "osm_id": null, "group": "Altro", "subgroup": "Altro", "subcategory": "Altro"}, "geometry": {"type": "Point", "coordinates": [14.10861111, 41.78416667]}}, {"type": "Feature", "properties": {"wikidata": "Q3676873", "name": "cimitero militare britannico di Torino di Sangro", "status": "done", "osm_id": "way/464682988", "group": "Altro", "subgroup": "Altro", "subcategory": "Altro"}, "geometry": {"type": "Point", "coordinates": [14.5356, 42.2183]}}, {"type": "Feature", "properties": {"wikidata": "Q3731339", "name": "eremo di San Domenico", "status": "done", "osm_id": "way/433546036", "group": "Religione", "subgroup": "Vita Monastica", "subcategory": "Eremo"}, "geometry": {"type": "Point", "coordinates": [13.82801, 41.94255]}}, {"type": "Feature", "properties": {"wikidata": "Q3673956", "name": "chiesa di Santa Maria delle Grazie", "status": "done", "osm_id": "way/542909575", "group": "Religione", "subgroup": "Luoghi di Culto", "subcategory": "Chiesa"}, "geometry": {"type": "Point", "coordinates": [14.135014, 42.290677]}}, {"type": "Feature", "properties": {"wikidata": "Q3674248", "name": "chiesa di Santa Vittoria", "status": "done", "osm_id": "way/1211186010", "group": "Religione", "subgroup": "Luoghi di Culto", "subcategory": "Chiesa"}, "geometry": {"type": "Point", "coordinates": [13.087598, 42.099388]}}, {"type": "Feature", "properties": {"wikidata": "Q3654603", "name": "Campo Felice", "status": "missing", "osm_id": null, "group": "Altro", "subgroup": "Altro", "subcategory": "Altro"}, "geometry": {"type": "Point", "coordinates": [13.44805556, 42.21583333]}}, {"type": "Feature", "properties": {"wikidata": "Q3620874", "name": "Appennino centrale", "status": "missing", "osm_id": null, "group": "Natura e paesaggio", "subgroup": "Montagna", "subcategory": "Montagna"}, "geometry": {"type": "Point", "coordinates": [13.416666666, 42.5]}}, {"type": "Feature", "properties": {"wikidata": "Q3654770", "name": "Campovalano", "status": "done", "osm_id": "way/343943701", "group": "Insediamenti", "subgroup": "Centri", "subcategory": "Frazione"}, "geometry": {"type": "Point", "coordinates": [13.66277778, 42.72861111]}}, {"type": "Feature", "properties": {"wikidata": "Q3394780", "name": "stazione di Giulianova", "status": "done", "osm_id": "node/12103826176", "group": "Infrastrutture", "subgroup": "Trasporti", "subcategory": "Stazione ferroviaria"}, "geometry": {"type": "Point", "coordinates": [13.9656, 42.7517]}}, {"type": "Feature", "properties": {"wikidata": "Q3131521", "name": "Forme", "status": "done", "osm_id": "node/1678665204", "group": "Insediamenti", "subgroup": "Centri", "subcategory": "Frazione"}, "geometry": {"type": "Point", "coordinates": [13.443611111, 42.111944444]}}, {"type": "Feature", "properties": {"wikidata": "Q3637886", "name": "Belvedere", "status": "done", "osm_id": "node/1069533948", "group": "Insediamenti", "subgroup": "Centri", "subcategory": "Frazione"}, "geometry": {"type": "Point", "coordinates": [13.52956, 42.67667]}}, {"type": "Feature", "properties": {"wikidata": "Q3392526", "name": "Grotta del Cavallone", "status": "missing", "osm_id": null, "group": "Altro", "subgroup": "Altro", "subcategory": "Altro"}, "geometry": {"type": "Point", "coordinates": [14.154722222, 42.038888888]}}, {"type": "Feature", "properties": {"wikidata": "Q3603228", "name": "abbazia di San Giovanni in Venere", "status": "done", "osm_id": "way/100607575", "group": "Religione", "subgroup": "Vita Monastica", "subcategory": "Abbazia"}, "geometry": {"type": "Point", "coordinates": [14.498456, 42.25488]}}, {"type": "Feature", "properties": {"wikidata": "Q3328401", "name": "Museo d'arte sacra della Marsica", "status": "done", "osm_id": "node/7619565740", "group": "Cultura e tempo libero", "subgroup": "Musei", "subcategory": "Museo d'arte"}, "geometry": {"type": "Point", "coordinates": [13.54507, 42.08463]}}, {"type": "Feature", "properties": {"wikidata": "Q3516759", "name": "Teatro Marrucino", "status": "done", "osm_id": "node/749862258", "group": "Cultura e tempo libero", "subgroup": "Spettacolo", "subcategory": "Teatro"}, "geometry": {"type": "Point", "coordinates": [14.167472, 42.349981]}}, {"type": "Feature", "properties": {"wikidata": "Q3322589", "name": "Q3322589", "status": "done", "osm_id": "node/8255095566", "group": "Natura e paesaggio", "subgroup": "Montagna", "subcategory": "Montagna"}, "geometry": {"type": "Point", "coordinates": [13.5086, 42.2936]}}, {"type": "Feature", "properties": {"wikidata": "Q3620489", "name": "Anxanum", "status": "missing", "osm_id": null, "group": "Archeologia", "subgroup": "Siti", "subcategory": "Sito archeologico"}, "geometry": {"type": "Point", "coordinates": [14.3903, 42.2309]}}, {"type": "Feature", "properties": {"wikidata": "Q3651130", "name": "Camarda", "status": "done", "osm_id": "relation/9870015", "group": "Insediamenti", "subgroup": "Centri", "subcategory": "Frazione"}, "geometry": {"type": "Point", "coordinates": [13.49928, 42.39547]}}, {"type": "Feature", "properties": {"wikidata": "Q3657825", "name": "Caprafico", "status": "missing", "osm_id": null, "group": "Insediamenti", "subgroup": "Centri", "subcategory": "Frazione"}, "geometry": {"type": "Point", "coordinates": [13.76722222, 42.63222222]}}, {"type": "Feature", "properties": {"wikidata": "Q3322761", "name": "Monti Gemelli", "status": "missing", "osm_id": null, "group": "Altro", "subgroup": "Altro", "subcategory": "Altro"}, "geometry": {"type": "Point", "coordinates": [13.59805556, 42.76361111]}}, {"type": "Feature", "properties": {"wikidata": "Q3034148", "name": "Scapriano", "status": "done", "osm_id": "node/1153801611", "group": "Insediamenti", "subgroup": "Centri", "subcategory": "Frazione"}, "geometry": {"type": "Point", "coordinates": [13.68583333, 42.67222222]}}, {"type": "Feature", "properties": {"wikidata": "Q3328396", "name": "Museo nazionale d'Abruzzo", "status": "done", "osm_id": "node/5749466283", "group": "Cultura e tempo libero", "subgroup": "Musei", "subcategory": "Museo d'arte"}, "geometry": {"type": "Point", "coordinates": [13.405069, 42.353689]}}, {"type": "Feature", "properties": {"wikidata": "Q3632908", "name": "Bagno", "status": "done", "osm_id": "relation/8098506", "group": "Insediamenti", "subgroup": "Centri", "subcategory": "Frazione"}, "geometry": {"type": "Point", "coordinates": [13.424311111, 42.308119444]}}, {"type": "Feature", "properties": {"wikidata": "Q3392844", "name": "stadio Gaetano Bonolis", "status": "done", "osm_id": "way/235219229", "group": "Cultura e tempo libero", "subgroup": "Sport", "subcategory": "Impianto sportivo"}, "geometry": {"type": "Point", "coordinates": [13.762583333, 42.682527777]}}, {"type": "Feature", "properties": {"wikidata": "Q3661080", "name": "Casa Caracciolo", "status": "missing", "osm_id": null, "group": "Dimore ed edifici", "subgroup": "Residenze", "subcategory": "Palazzo"}, "geometry": {"type": "Point", "coordinates": [14.350096, 41.949572]}}, {"type": "Feature", "properties": {"wikidata": "Q3661203", "name": "Casa dei Melatino", "status": "done", "osm_id": "way/625100655", "group": "Dimore ed edifici", "subgroup": "Residenze", "subcategory": "Palazzo"}, "geometry": {"type": "Point", "coordinates": [13.70645833, 42.65856944]}}, {"type": "Feature", "properties": {"wikidata": "Q3393213", "name": "PalaScapriano", "status": "done", "osm_id": "way/113756993", "group": "Altro", "subgroup": "Altro", "subcategory": "Altro"}, "geometry": {"type": "Point", "coordinates": [13.687261, 42.669683]}}, {"type": "Feature", "properties": {"wikidata": "Q3642575", "name": "Borgo fortificato di Policorvo", "status": "missing", "osm_id": null, "group": "Altro", "subgroup": "Altro", "subcategory": "Altro"}, "geometry": {"type": "Point", "coordinates": [14.490009, 42.025367]}}, {"type": "Feature", "properties": {"wikidata": "Q3632777", "name": "badia Morronese", "status": "done", "osm_id": "relation/5620482", "group": "Religione", "subgroup": "Vita Monastica", "subcategory": "Abbazia"}, "geometry": {"type": "Point", "coordinates": [13.922295, 42.08845]}}, {"type": "Feature", "properties": {"wikidata": "Q3639680", "name": "Biblioteca regionale Melchiorre D\u00e8lfico", "status": "done", "osm_id": "node/3763662287", "group": "Cultura e tempo libero", "subgroup": "Biblioteche", "subcategory": "Biblioteca pubblica"}, "geometry": {"type": "Point", "coordinates": [13.700833333, 42.659722222]}}, {"type": "Feature", "properties": {"wikidata": "Q3641994", "name": "Bominaco", "status": "done", "osm_id": "node/2405273306", "group": "Insediamenti", "subgroup": "Centri", "subcategory": "Frazione"}, "geometry": {"type": "Point", "coordinates": [13.657619, 42.243997]}}, {"type": "Feature", "properties": {"wikidata": "Q3290960", "name": "lago di Barrea", "status": "done", "osm_id": "way/23374428", "group": "Natura e paesaggio", "subgroup": "Verde", "subcategory": "Area protetta"}, "geometry": {"type": "Point", "coordinates": [13.96722, 41.76306]}}, {"type": "Feature", "properties": {"wikidata": "Q3613333", "name": "altopiano di Cascina", "status": "done", "osm_id": "relation/12556536", "group": "Altro", "subgroup": "Altro", "subcategory": "Altro"}, "geometry": {"type": "Point", "coordinates": [13.1691, 42.438]}}, {"type": "Feature", "properties": {"wikidata": "Q3635671", "name": "basilica della Madonna dei sette dolori", "status": "done", "osm_id": "way/308934658", "group": "Religione", "subgroup": "Luoghi di Culto", "subcategory": "Basilica minore"}, "geometry": {"type": "Point", "coordinates": [14.182118, 42.468037]}}, {"type": "Feature", "properties": {"wikidata": "Q3622017", "name": "area marina protetta Torre del Cerrano", "status": "missing", "osm_id": null, "group": "Natura e paesaggio", "subgroup": "Verde", "subcategory": "Area protetta"}, "geometry": {"type": "Point", "coordinates": [14.091449, 42.586215]}}, {"type": "Feature", "properties": {"wikidata": "Q3635763", "name": "basilica di Santa Maria del Colle", "status": "done", "osm_id": "way/839959253", "group": "Religione", "subgroup": "Luoghi di Culto", "subcategory": "Basilica minore"}, "geometry": {"type": "Point", "coordinates": [14.064861111, 41.889083333]}}, {"type": "Feature", "properties": {"wikidata": "Q3585436", "name": "chiesa di Santa Maria delle Grazie", "status": "done", "osm_id": "way/798391182", "group": "Religione", "subgroup": "Luoghi di Culto", "subcategory": "Chiesa"}, "geometry": {"type": "Point", "coordinates": [13.69932, 42.24691]}}, {"type": "Feature", "properties": {"wikidata": "Q3629524", "name": "Aufidena", "status": "missing", "osm_id": null, "group": "Archeologia", "subgroup": "Siti", "subcategory": "Sito archeologico"}, "geometry": {"type": "Point", "coordinates": [14.108223, 41.784299]}}, {"type": "Feature", "properties": {"wikidata": "Q3603272", "name": "abbazia di Santa Lucia", "status": "done", "osm_id": "way/467655004", "group": "Religione", "subgroup": "Vita Monastica", "subcategory": "Abbazia"}, "geometry": {"type": "Point", "coordinates": [13.494181, 42.242858]}}, {"type": "Feature", "properties": {"wikidata": "Q3629510", "name": "Auditorium del Parco", "status": "done", "osm_id": "way/545740657", "group": "Cultura e tempo libero", "subgroup": "Spettacolo", "subcategory": "Teatro"}, "geometry": {"type": "Point", "coordinates": [13.402604, 42.353517]}}, {"type": "Feature", "properties": {"wikidata": "Q3639635", "name": "Biblioteca comunale Publio Ovidio Nasone", "status": "missing", "osm_id": null, "group": "Cultura e tempo libero", "subgroup": "Biblioteche", "subcategory": "Biblioteca pubblica"}, "geometry": {"type": "Point", "coordinates": [13.923429, 42.048651]}}, {"type": "Feature", "properties": {"wikidata": "Q3613443", "name": "Alvi", "status": "done", "osm_id": "node/1710347053", "group": "Insediamenti", "subgroup": "Centri", "subcategory": "Frazione"}, "geometry": {"type": "Point", "coordinates": [13.45298, 42.55847]}}, {"type": "Feature", "properties": {"wikidata": "Q3613319", "name": "Altolaterra", "status": "missing", "osm_id": null, "group": "Insediamenti", "subgroup": "Zone Urbane", "subcategory": "Quartiere"}, "geometry": {"type": "Point", "coordinates": [13.24472222, 42.0675]}}, {"type": "Feature", "properties": {"wikidata": "Q3105480", "name": "Fano a Corno", "status": "done", "osm_id": "node/452630240", "group": "Insediamenti", "subgroup": "Centri", "subcategory": "Frazione"}, "geometry": {"type": "Point", "coordinates": [13.61695, 42.48993]}}, {"type": "Feature", "properties": {"wikidata": "Q3621055", "name": "Aprutium", "status": "missing", "osm_id": null, "group": "Archeologia", "subgroup": "Siti", "subcategory": "Citt\u00e0 antica"}, "geometry": {"type": "Point", "coordinates": [13.704189, 42.657953]}}, {"type": "Feature", "properties": {"wikidata": "Q3554226", "name": "Teate", "status": "missing", "osm_id": null, "group": "Archeologia", "subgroup": "Siti", "subcategory": "Sito archeologico"}, "geometry": {"type": "Point", "coordinates": [14.168101, 42.346992]}}, {"type": "Feature", "properties": {"wikidata": "Q3215560", "name": "lago di Talvacchia", "status": "done", "osm_id": "way/59428860", "group": "Natura e paesaggio", "subgroup": "Acqua", "subcategory": "Bacino artificiale"}, "geometry": {"type": "Point", "coordinates": [13.5121, 42.7841]}}, {"type": "Feature", "properties": {"wikidata": "Q3076103", "name": "Fontana delle 99 cannelle", "status": "done", "osm_id": "relation/9710969", "group": "Monumenti", "subgroup": "Monumenti", "subcategory": "Fontana"}, "geometry": {"type": "Point", "coordinates": [13.38961111, 42.34961111]}}, {"type": "Feature", "properties": {"wikidata": "Q3603283", "name": "abbazia di Santa Maria in Palazzo", "status": "missing", "osm_id": null, "group": "Religione", "subgroup": "Vita Monastica", "subcategory": "Abbazia"}, "geometry": {"type": "Point", "coordinates": [14.249896, 41.998365]}}, {"type": "Feature", "properties": {"wikidata": "Q3585373", "name": "chiesa di San Paolo di Peltuinum", "status": "done", "osm_id": "way/334783447", "group": "Religione", "subgroup": "Luoghi di Culto", "subcategory": "Chiesa"}, "geometry": {"type": "Point", "coordinates": [13.62117, 42.28326]}}, {"type": "Feature", "properties": {"wikidata": "Q3618727", "name": "Antinum", "status": "missing", "osm_id": null, "group": "Archeologia", "subgroup": "Siti", "subcategory": "Sito archeologico"}, "geometry": {"type": "Point", "coordinates": [13.473805555, 41.889111111]}}, {"type": "Feature", "properties": {"wikidata": "Q3621748", "name": "Arco 'Ndriano", "status": "missing", "osm_id": null, "group": "Altro", "subgroup": "Altro", "subcategory": "Altro"}, "geometry": {"type": "Point", "coordinates": [14.447029, 42.066222]}}, {"type": "Feature", "properties": {"wikidata": "Q3620896", "name": "Appignano", "status": "done", "osm_id": "node/2398252995", "group": "Insediamenti", "subgroup": "Centri", "subcategory": "Frazione"}, "geometry": {"type": "Point", "coordinates": [13.84967, 42.54543]}}, {"type": "Feature", "properties": {"wikidata": "Q3642574", "name": "Borgo fortificato con torre", "status": "missing", "osm_id": null, "group": "Altro", "subgroup": "Altro", "subcategory": "Altro"}, "geometry": {"type": "Point", "coordinates": [14.581289, 41.870164]}}, {"type": "Feature", "properties": {"wikidata": "Q3642572", "name": "Borgo fortificato di Casalbordino", "status": "missing", "osm_id": null, "group": "Altro", "subgroup": "Altro", "subcategory": "Altro"}, "geometry": {"type": "Point", "coordinates": [14.584802, 42.150601]}}, {"type": "Feature", "properties": {"wikidata": "Q3642573", "name": "Borgo fortificato di Monteodorisio", "status": "missing", "osm_id": null, "group": "Altro", "subgroup": "Altro", "subcategory": "Altro"}, "geometry": {"type": "Point", "coordinates": [14.650975, 42.086196]}}, {"type": "Feature", "properties": {"wikidata": "Q3322114", "name": "Monte Sirente", "status": "done", "osm_id": "node/26863973", "group": "Natura e paesaggio", "subgroup": "Montagna", "subcategory": "Montagna"}, "geometry": {"type": "Point", "coordinates": [13.611111111, 42.146111111]}}, {"type": "Feature", "properties": {"wikidata": "Q3627904", "name": "Aternum", "status": "missing", "osm_id": null, "group": "Archeologia", "subgroup": "Siti", "subcategory": "Sito archeologico"}, "geometry": {"type": "Point", "coordinates": [14.212194166, 42.460052222]}}, {"type": "Feature", "properties": {"wikidata": "Q3654682", "name": "campo di internamento di Casoli", "status": "missing", "osm_id": null, "group": "Fortificazioni e militare", "subgroup": "Militare", "subcategory": "Campo di concentramento"}, "geometry": {"type": "Point", "coordinates": [14.292472, 42.113278]}}, {"type": "Feature", "properties": {"wikidata": "Q3661338", "name": "Casa museo Signorini Corsi", "status": "done", "osm_id": "node/4942039184", "group": "Cultura e tempo libero", "subgroup": "Musei", "subcategory": "Museo"}, "geometry": {"type": "Point", "coordinates": [13.398666666, 42.349944444]}}, {"type": "Feature", "properties": {"wikidata": "Q3642527", "name": "Borgo San Lorenzo", "status": "done", "osm_id": "node/5848259448", "group": "Insediamenti", "subgroup": "Centri", "subcategory": "Insediamento umano"}, "geometry": {"type": "Point", "coordinates": [13.50785, 42.3076]}}, {"type": "Feature", "properties": {"wikidata": "Q3585422", "name": "chiesa di Santa Maria de' Centurelli", "status": "done", "osm_id": "way/323508795", "group": "Religione", "subgroup": "Luoghi di Culto", "subcategory": "Chiesa"}, "geometry": {"type": "Point", "coordinates": [13.675866, 42.268978]}}, {"type": "Feature", "properties": {"wikidata": "Q3661089", "name": "Casa De Marco", "status": "missing", "osm_id": null, "group": "Dimore ed edifici", "subgroup": "Residenze", "subcategory": "Palazzo"}, "geometry": {"type": "Point", "coordinates": [14.442121, 42.068281]}}, {"type": "Feature", "properties": {"wikidata": "Q3616688", "name": "Anfiteatro romano di Teramo", "status": "done", "osm_id": "way/235747563", "group": "Archeologia", "subgroup": "Siti", "subcategory": "Sito archeologico"}, "geometry": {"type": "Point", "coordinates": [13.7032, 42.6579]}}, {"type": "Feature", "properties": {"wikidata": "Q3639679", "name": "Biblioteca Salvatore Tommasi", "status": "done", "osm_id": "way/643485870", "group": "Cultura e tempo libero", "subgroup": "Biblioteche", "subcategory": "Biblioteca specializzata"}, "geometry": {"type": "Point", "coordinates": [13.466488, 42.341087]}}, {"type": "Feature", "properties": {"wikidata": "Q3637119", "name": "Bazzano", "status": "done", "osm_id": "relation/8413338", "group": "Insediamenti", "subgroup": "Centri", "subcategory": "Frazione"}, "geometry": {"type": "Point", "coordinates": [13.455, 42.338333333]}}, {"type": "Feature", "properties": {"wikidata": "Q3603171", "name": "abbazia Santa Maria in Montesanto", "status": "done", "osm_id": "way/1428513654", "group": "Religione", "subgroup": "Vita Monastica", "subcategory": "Abbazia"}, "geometry": {"type": "Point", "coordinates": [13.649755, 42.78731]}}, {"type": "Feature", "properties": {"wikidata": "Q3603289", "name": "abbazia di Santo Stefano in Rivomaris", "status": "done", "osm_id": "way/663232977", "group": "Religione", "subgroup": "Vita Monastica", "subcategory": "Abbazia"}, "geometry": {"type": "Point", "coordinates": [14.61371, 42.197471]}}, {"type": "Feature", "properties": {"wikidata": "Q3618645", "name": "Antico porto di Atri", "status": "missing", "osm_id": null, "group": "Archeologia", "subgroup": "Siti", "subcategory": "Sito archeologico"}, "geometry": {"type": "Point", "coordinates": [14.0894, 42.585]}}, {"type": "Feature", "properties": {"wikidata": "Q3604026", "name": "Accademia di Belle Arti dell'Aquila", "status": "done", "osm_id": "relation/11107218", "group": "Amministrazione", "subgroup": "Istruzione", "subcategory": "Istituzione accademica"}, "geometry": {"type": "Point", "coordinates": [13.372833333, 42.365166666]}}, {"type": "Feature", "properties": {"wikidata": "Q3642501", "name": "Borgo medievale di Teramo", "status": "done", "osm_id": "way/491351690", "group": "Dimore ed edifici", "subgroup": "Strutture Varie", "subcategory": "Complesso di edifici"}, "geometry": {"type": "Point", "coordinates": [13.69461111, 42.66093056]}}, {"type": "Feature", "properties": {"wikidata": "Q3642511", "name": "Borgo Pineta", "status": "done", "osm_id": "node/13495276286", "group": "Insediamenti", "subgroup": "Zone Urbane", "subcategory": "Quartiere"}, "geometry": {"type": "Point", "coordinates": [13.419166666, 42.045972222]}}, {"type": "Feature", "properties": {"wikidata": "Q3559049", "name": "Villa Petto", "status": "missing", "osm_id": null, "group": "Insediamenti", "subgroup": "Centri", "subcategory": "Frazione"}, "geometry": {"type": "Point", "coordinates": [13.7177, 42.57]}}, {"type": "Feature", "properties": {"wikidata": "Q3613304", "name": "Alto Sangro", "status": "missing", "osm_id": null, "group": "Altro", "subgroup": "Altro", "subcategory": "Altro"}, "geometry": {"type": "Point", "coordinates": [14.023167, 41.830321]}}, {"type": "Feature", "properties": {"wikidata": "Q18427137", "name": "Abbateggio", "status": "missing", "osm_id": null, "group": "Amministrazione", "subgroup": "Uffici Pubblici", "subcategory": "Municipio"}, "geometry": {"type": "Point", "coordinates": [14.01001, 42.22421]}}, {"type": "Feature", "properties": {"wikidata": "Q18427178", "name": "Carosella", "status": "missing", "osm_id": null, "group": "Insediamenti", "subgroup": "Centri", "subcategory": "Insediamento umano"}, "geometry": {"type": "Point", "coordinates": [14.09261, 42.38492]}}, {"type": "Feature", "properties": {"wikidata": "Q18427113", "name": "Via delle Selve", "status": "missing", "osm_id": null, "group": "Insediamenti", "subgroup": "Centri", "subcategory": "Insediamento umano"}, "geometry": {"type": "Point", "coordinates": [13.34639, 42.06713]}}, {"type": "Feature", "properties": {"wikidata": "Q18427124", "name": "Villa Santa Maria", "status": "missing", "osm_id": null, "group": "Insediamenti", "subgroup": "Centri", "subcategory": "Frazione"}, "geometry": {"type": "Point", "coordinates": [13.7395, 41.99778]}}, {"type": "Feature", "properties": {"wikidata": "Q18427224", "name": "Case Tobia", "status": "done", "osm_id": "node/452631193", "group": "Insediamenti", "subgroup": "Centri", "subcategory": "Insediamento umano"}, "geometry": {"type": "Point", "coordinates": [13.99101, 42.19558]}}, {"type": "Feature", "properties": {"wikidata": "Q18427258", "name": "Cesura", "status": "missing", "osm_id": null, "group": "Insediamenti", "subgroup": "Centri", "subcategory": "Frazione"}, "geometry": {"type": "Point", "coordinates": [13.96444, 42.31405]}}, {"type": "Feature", "properties": {"wikidata": "Q18427112", "name": "Verrico", "status": "done", "osm_id": "node/4364879080", "group": "Insediamenti", "subgroup": "Centri", "subcategory": "Frazione"}, "geometry": {"type": "Point", "coordinates": [13.21009, 42.56141]}}, {"type": "Feature", "properties": {"wikidata": "Q18427186", "name": "Case Boccacci", "status": "done", "osm_id": "node/452627350", "group": "Insediamenti", "subgroup": "Centri", "subcategory": "Insediamento umano"}, "geometry": {"type": "Point", "coordinates": [13.92816, 42.27755]}}, {"type": "Feature", "properties": {"wikidata": "Q18427154", "name": "Bauglione", "status": "missing", "osm_id": null, "group": "Insediamenti", "subgroup": "Centri", "subcategory": "Insediamento umano"}, "geometry": {"type": "Point", "coordinates": [13.91352, 42.33591]}}, {"type": "Feature", "properties": {"wikidata": "Q18427252", "name": "Cerratina", "status": "missing", "osm_id": null, "group": "Insediamenti", "subgroup": "Centri", "subcategory": "Frazione"}, "geometry": {"type": "Point", "coordinates": [14.10338, 42.39007]}}, {"type": "Feature", "properties": {"wikidata": "Q18427197", "name": "Case Cocciagrassa", "status": "done", "osm_id": "node/3828310801", "group": "Insediamenti", "subgroup": "Centri", "subcategory": "Insediamento umano"}, "geometry": {"type": "Point", "coordinates": [14.1008, 42.45677]}}, {"type": "Feature", "properties": {"wikidata": "Q18427103", "name": "Vallins\u00f9", "status": "done", "osm_id": "node/777995455", "group": "Insediamenti", "subgroup": "Centri", "subcategory": "Frazione"}, "geometry": {"type": "Point", "coordinates": [13.24893, 42.36397]}}, {"type": "Feature", "properties": {"wikidata": "Q18427183", "name": "Casali", "status": "missing", "osm_id": null, "group": "Insediamenti", "subgroup": "Centri", "subcategory": "Frazione"}, "geometry": {"type": "Point", "coordinates": [14.00717, 42.34423]}}, {"type": "Feature", "properties": {"wikidata": "Q18427172", "name": "Cappuccini", "status": "missing", "osm_id": null, "group": "Insediamenti", "subgroup": "Centri", "subcategory": "Insediamento umano"}, "geometry": {"type": "Point", "coordinates": [14.06283, 42.25042]}}, {"type": "Feature", "properties": {"wikidata": "Q18427130", "name": "Villa Romana", "status": "done", "osm_id": "node/4876781815", "group": "Insediamenti", "subgroup": "Centri", "subcategory": "Frazione"}, "geometry": {"type": "Point", "coordinates": [13.09674, 42.08583]}}, {"type": "Feature", "properties": {"wikidata": "Q18427220", "name": "Case Sferrella", "status": "missing", "osm_id": null, "group": "Insediamenti", "subgroup": "Centri", "subcategory": "Insediamento umano"}, "geometry": {"type": "Point", "coordinates": [14.1566, 42.46006]}}, {"type": "Feature", "properties": {"wikidata": "Q18427204", "name": "Case di Pietro", "status": "missing", "osm_id": null, "group": "Insediamenti", "subgroup": "Centri", "subcategory": "Frazione"}, "geometry": {"type": "Point", "coordinates": [14.13246, 42.48585]}}, {"type": "Feature", "properties": {"wikidata": "Q18427195", "name": "Case Cipriani", "status": "missing", "osm_id": null, "group": "Insediamenti", "subgroup": "Centri", "subcategory": "Insediamento umano"}, "geometry": {"type": "Point", "coordinates": [14.16629, 42.44144]}}, {"type": "Feature", "properties": {"wikidata": "Q18427238", "name": "Casoni", "status": "missing", "osm_id": null, "group": "Insediamenti", "subgroup": "Centri", "subcategory": "Frazione"}, "geometry": {"type": "Point", "coordinates": [14.10302, 42.33858]}}, {"type": "Feature", "properties": {"wikidata": "Q18427246", "name": "Cavaticchio Superiore", "status": "missing", "osm_id": null, "group": "Insediamenti", "subgroup": "Centri", "subcategory": "Insediamento umano"}, "geometry": {"type": "Point", "coordinates": [14.1231, 42.41654]}}, {"type": "Feature", "properties": {"wikidata": "Q18427214", "name": "Case Scalpelli", "status": "done", "osm_id": "node/452631182", "group": "Insediamenti", "subgroup": "Centri", "subcategory": "Insediamento umano"}, "geometry": {"type": "Point", "coordinates": [13.98602, 42.19262]}}, {"type": "Feature", "properties": {"wikidata": "Q18427135", "name": "Zappannotte", "status": "done", "osm_id": "node/5058174088", "group": "Insediamenti", "subgroup": "Centri", "subcategory": "Frazione"}, "geometry": {"type": "Point", "coordinates": [13.91513, 42.05424]}}, {"type": "Feature", "properties": {"wikidata": "Q18427146", "name": "Arcitelli", "status": "missing", "osm_id": null, "group": "Insediamenti", "subgroup": "Centri", "subcategory": "Frazione"}, "geometry": {"type": "Point", "coordinates": [13.96587, 42.31997]}}, {"type": "Feature", "properties": {"wikidata": "Q18427126", "name": "Villa Scontrone", "status": "done", "osm_id": "node/767914458", "group": "Insediamenti", "subgroup": "Centri", "subcategory": "Frazione"}, "geometry": {"type": "Point", "coordinates": [14.06391, 41.75207]}}, {"type": "Feature", "properties": {"wikidata": "Q18427165", "name": "Bussi Officine", "status": "done", "osm_id": "node/452631172", "group": "Insediamenti", "subgroup": "Centri", "subcategory": "Frazione"}, "geometry": {"type": "Point", "coordinates": [13.8454, 42.1966]}}, {"type": "Feature", "properties": {"wikidata": "Q18427157", "name": "Bivio Casone", "status": "missing", "osm_id": null, "group": "Insediamenti", "subgroup": "Centri", "subcategory": "Frazione"}, "geometry": {"type": "Point", "coordinates": [14.06884, 42.44968]}}, {"type": "Feature", "properties": {"wikidata": "Q18427210", "name": "Case Mennilli", "status": "missing", "osm_id": null, "group": "Insediamenti", "subgroup": "Centri", "subcategory": "Insediamento umano"}, "geometry": {"type": "Point", "coordinates": [14.14206, 42.43617]}}, {"type": "Feature", "properties": {"wikidata": "Q18427207", "name": "Case Fornace", "status": "done", "osm_id": "node/3828310802", "group": "Insediamenti", "subgroup": "Centri", "subcategory": "Insediamento umano"}, "geometry": {"type": "Point", "coordinates": [14.11591, 42.45947]}}, {"type": "Feature", "properties": {"wikidata": "Q18427180", "name": "Cartiera", "status": "done", "osm_id": "node/314755273", "group": "Insediamenti", "subgroup": "Centri", "subcategory": "Insediamento umano"}, "geometry": {"type": "Point", "coordinates": [14.01369, 42.41699]}}, {"type": "Feature", "properties": {"wikidata": "Q18427245", "name": "Cavaticchio Inferiore", "status": "missing", "osm_id": null, "group": "Insediamenti", "subgroup": "Centri", "subcategory": "Insediamento umano"}, "geometry": {"type": "Point", "coordinates": [14.14134, 42.41637]}}, {"type": "Feature", "properties": {"wikidata": "Q18427187", "name": "Case Bruciate", "status": "done", "osm_id": "node/10032111234", "group": "Insediamenti", "subgroup": "Centri", "subcategory": "Insediamento umano"}, "geometry": {"type": "Point", "coordinates": [13.85549, 42.43911]}}, {"type": "Feature", "properties": {"wikidata": "Q18427114", "name": "Viaro", "status": "done", "osm_id": "node/777991624", "group": "Insediamenti", "subgroup": "Centri", "subcategory": "Frazione"}, "geometry": {"type": "Point", "coordinates": [13.2866, 42.30847]}}, {"type": "Feature", "properties": {"wikidata": "Q18427175", "name": "Caprara", "status": "missing", "osm_id": null, "group": "Insediamenti", "subgroup": "Centri", "subcategory": "Frazione"}, "geometry": {"type": "Point", "coordinates": [14.10127, 42.43931]}}, {"type": "Feature", "properties": {"wikidata": "Q18427232", "name": "Case Vicario", "status": "missing", "osm_id": null, "group": "Insediamenti", "subgroup": "Centri", "subcategory": "Insediamento umano"}, "geometry": {"type": "Point", "coordinates": [14.03928, 42.40968]}}, {"type": "Feature", "properties": {"wikidata": "Q18427231", "name": "Case Vallerosa", "status": "done", "osm_id": "node/3828453185", "group": "Insediamenti", "subgroup": "Centri", "subcategory": "Insediamento umano"}, "geometry": {"type": "Point", "coordinates": [14.12618, 42.46417]}}, {"type": "Feature", "properties": {"wikidata": "Q18427152", "name": "Bastioni", "status": "missing", "osm_id": null, "group": "Insediamenti", "subgroup": "Centri", "subcategory": "Insediamento umano"}, "geometry": {"type": "Point", "coordinates": [14.00481, 42.49508]}}, {"type": "Feature", "properties": {"wikidata": "Q18427239", "name": "Castellana", "status": "missing", "osm_id": null, "group": "Insediamenti", "subgroup": "Centri", "subcategory": "Frazione"}, "geometry": {"type": "Point", "coordinates": [14.10773, 42.39861]}}, {"type": "Feature", "properties": {"wikidata": "Q18427120", "name": "Villa Mazza", "status": "done", "osm_id": "node/5620157299", "group": "Insediamenti", "subgroup": "Centri", "subcategory": "Insediamento umano"}, "geometry": {"type": "Point", "coordinates": [13.31313, 42.43601]}}, {"type": "Feature", "properties": {"wikidata": "Q18427213", "name": "Case Pettinella", "status": "missing", "osm_id": null, "group": "Insediamenti", "subgroup": "Centri", "subcategory": "Insediamento umano"}, "geometry": {"type": "Point", "coordinates": [14.16088, 42.44864]}}, {"type": "Feature", "properties": {"wikidata": "Q18427167", "name": "Calcasacco", "status": "missing", "osm_id": null, "group": "Insediamenti", "subgroup": "Centri", "subcategory": "Frazione"}, "geometry": {"type": "Point", "coordinates": [14.14218, 42.39986]}}, {"type": "Feature", "properties": {"wikidata": "Q18427125", "name": "Villa Sant'Angelo", "status": "done", "osm_id": "node/70992798", "group": "Insediamenti", "subgroup": "Centri", "subcategory": "Insediamento umano"}, "geometry": {"type": "Point", "coordinates": [13.5371, 42.27043]}}, {"type": "Feature", "properties": {"wikidata": "Q18427241", "name": "Castellano", "status": "missing", "osm_id": null, "group": "Insediamenti", "subgroup": "Centri", "subcategory": "Frazione"}, "geometry": {"type": "Point", "coordinates": [13.98269, 42.51789]}}, {"type": "Feature", "properties": {"wikidata": "Q18427216", "name": "Case Scuola Sferrella", "status": "missing", "osm_id": null, "group": "Insediamenti", "subgroup": "Centri", "subcategory": "Insediamento umano"}, "geometry": {"type": "Point", "coordinates": [14.15356, 42.4575]}}, {"type": "Feature", "properties": {"wikidata": "Q18427162", "name": "Bottini", "status": "missing", "osm_id": null, "group": "Insediamenti", "subgroup": "Centri", "subcategory": "Insediamento umano"}, "geometry": {"type": "Point", "coordinates": [13.97201, 42.39108]}}, {"type": "Feature", "properties": {"wikidata": "Q18427182", "name": "Casale", "status": "missing", "osm_id": null, "group": "Insediamenti", "subgroup": "Centri", "subcategory": "Frazione"}, "geometry": {"type": "Point", "coordinates": [13.95161, 42.44807]}}, {"type": "Feature", "properties": {"wikidata": "Q18427138", "name": "Alanno Scalo", "status": "done", "osm_id": "node/6790147849", "group": "Insediamenti", "subgroup": "Centri", "subcategory": "Insediamento umano"}, "geometry": {"type": "Point", "coordinates": [14.01658, 42.28311]}}, {"type": "Feature", "properties": {"wikidata": "Q18427173", "name": "Caprara d'Abruzzo", "status": "missing", "osm_id": null, "group": "Insediamenti", "subgroup": "Centri", "subcategory": "Frazione"}, "geometry": {"type": "Point", "coordinates": [14.11035, 42.43249]}}, {"type": "Feature", "properties": {"wikidata": "Q18427211", "name": "Case Pacchiarotta", "status": "missing", "osm_id": null, "group": "Insediamenti", "subgroup": "Centri", "subcategory": "Insediamento umano"}, "geometry": {"type": "Point", "coordinates": [14.13649, 42.43709]}}, {"type": "Feature", "properties": {"wikidata": "Q18427236", "name": "Case Zampetta", "status": "missing", "osm_id": null, "group": "Insediamenti", "subgroup": "Centri", "subcategory": "Insediamento umano"}, "geometry": {"type": "Point", "coordinates": [14.17683, 42.44482]}}, {"type": "Feature", "properties": {"wikidata": "Q18427254", "name": "Cerrone", "status": "done", "osm_id": "node/452627353", "group": "Insediamenti", "subgroup": "Centri", "subcategory": "Insediamento umano"}, "geometry": {"type": "Point", "coordinates": [13.97571, 42.254]}}, {"type": "Feature", "properties": {"wikidata": "Q18427193", "name": "Case Cesarie", "status": "missing", "osm_id": null, "group": "Insediamenti", "subgroup": "Centri", "subcategory": "Insediamento umano"}, "geometry": {"type": "Point", "coordinates": [13.86215, 42.32689]}}, {"type": "Feature", "properties": {"wikidata": "Q18427247", "name": "Centelle", "status": "missing", "osm_id": null, "group": "Insediamenti", "subgroup": "Centri", "subcategory": "Frazione"}, "geometry": {"type": "Point", "coordinates": [13.9236, 42.36942]}}, {"type": "Feature", "properties": {"wikidata": "Q18427122", "name": "Villa San Sebastiano", "status": "done", "osm_id": "way/556302536", "group": "Insediamenti", "subgroup": "Centri", "subcategory": "Frazione"}, "geometry": {"type": "Point", "coordinates": [13.31174, 42.03]}}, {"type": "Feature", "properties": {"wikidata": "Q18427096", "name": "Vallecorvo", "status": "missing", "osm_id": null, "group": "Insediamenti", "subgroup": "Centri", "subcategory": "Frazione"}, "geometry": {"type": "Point", "coordinates": [13.88441, 42.04298]}}, {"type": "Feature", "properties": {"wikidata": "Q18427164", "name": "Buccieri", "status": "missing", "osm_id": null, "group": "Insediamenti", "subgroup": "Centri", "subcategory": "Frazione"}, "geometry": {"type": "Point", "coordinates": [14.14365, 42.39406]}}, {"type": "Feature", "properties": {"wikidata": "Q18427228", "name": "Case Trufulone", "status": "missing", "osm_id": null, "group": "Insediamenti", "subgroup": "Centri", "subcategory": "Insediamento umano"}, "geometry": {"type": "Point", "coordinates": [14.15005, 42.45582]}}, {"type": "Feature", "properties": {"wikidata": "Q18427206", "name": "Case di Tillio", "status": "missing", "osm_id": null, "group": "Insediamenti", "subgroup": "Centri", "subcategory": "Insediamento umano"}, "geometry": {"type": "Point", "coordinates": [14.16761, 42.43773]}}, {"type": "Feature", "properties": {"wikidata": "Q18427161", "name": "Boragne", "status": "done", "osm_id": "node/9993084084", "group": "Insediamenti", "subgroup": "Centri", "subcategory": "Insediamento umano"}, "geometry": {"type": "Point", "coordinates": [13.86766, 42.30147]}}, {"type": "Feature", "properties": {"wikidata": "Q18427155", "name": "Belvedere", "status": "missing", "osm_id": null, "group": "Insediamenti", "subgroup": "Centri", "subcategory": "Frazione"}, "geometry": {"type": "Point", "coordinates": [14.02873, 42.2687]}}, {"type": "Feature", "properties": {"wikidata": "Q18427149", "name": "Baffo", "status": "missing", "osm_id": null, "group": "Insediamenti", "subgroup": "Centri", "subcategory": "Frazione"}, "geometry": {"type": "Point", "coordinates": [13.90936, 42.37668]}}, {"type": "Feature", "properties": {"wikidata": "Q18427105", "name": "Vallone San Pietro", "status": "missing", "osm_id": null, "group": "Insediamenti", "subgroup": "Centri", "subcategory": "Insediamento umano"}, "geometry": {"type": "Point", "coordinates": [13.94112, 42.01068]}}, {"type": "Feature", "properties": {"wikidata": "Q18427249", "name": "Cerasa", "status": "missing", "osm_id": null, "group": "Insediamenti", "subgroup": "Centri", "subcategory": "Frazione"}, "geometry": {"type": "Point", "coordinates": [14.00583, 42.35799]}}, {"type": "Feature", "properties": {"wikidata": "Q18427129", "name": "Villagrande", "status": "done", "osm_id": "node/3881245464", "group": "Insediamenti", "subgroup": "Centri", "subcategory": "Frazione"}, "geometry": {"type": "Point", "coordinates": [13.29999, 42.29533]}}, {"type": "Feature", "properties": {"wikidata": "Q18427099", "name": "Vallelarga", "status": "done", "osm_id": "node/1342224833", "group": "Insediamenti", "subgroup": "Centri", "subcategory": "Frazione"}, "geometry": {"type": "Point", "coordinates": [13.93904, 42.00006]}}, {"type": "Feature", "properties": {"wikidata": "Q18427159", "name": "Bivio Cupoli-Chirachiuccolo", "status": "missing", "osm_id": null, "group": "Insediamenti", "subgroup": "Centri", "subcategory": "Insediamento umano"}, "geometry": {"type": "Point", "coordinates": [13.83967, 42.46342]}}, {"type": "Feature", "properties": {"wikidata": "Q18427199", "name": "Case d'Amico", "status": "missing", "osm_id": null, "group": "Insediamenti", "subgroup": "Centri", "subcategory": "Insediamento umano"}, "geometry": {"type": "Point", "coordinates": [14.08882, 42.40005]}}, {"type": "Feature", "properties": {"wikidata": "Q18427191", "name": "Case Cappuccini", "status": "missing", "osm_id": null, "group": "Insediamenti", "subgroup": "Centri", "subcategory": "Insediamento umano"}, "geometry": {"type": "Point", "coordinates": [13.84679, 42.34064]}}, {"type": "Feature", "properties": {"wikidata": "Q18427108", "name": "Venere", "status": "done", "osm_id": "node/1416552961", "group": "Insediamenti", "subgroup": "Centri", "subcategory": "Frazione"}, "geometry": {"type": "Point", "coordinates": [13.64549, 41.99101]}}, {"type": "Feature", "properties": {"wikidata": "Q18427192", "name": "Case Castellini", "status": "missing", "osm_id": null, "group": "Insediamenti", "subgroup": "Centri", "subcategory": "Insediamento umano"}, "geometry": {"type": "Point", "coordinates": [14.15202, 42.44201]}}, {"type": "Feature", "properties": {"wikidata": "Q18427142", "name": "Annunziata", "status": "missing", "osm_id": null, "group": "Insediamenti", "subgroup": "Centri", "subcategory": "Frazione"}, "geometry": {"type": "Point", "coordinates": [14.05124, 42.51565]}}, {"type": "Feature", "properties": {"wikidata": "Q18427203", "name": "Case di Marzio", "status": "missing", "osm_id": null, "group": "Insediamenti", "subgroup": "Centri", "subcategory": "Insediamento umano"}, "geometry": {"type": "Point", "coordinates": [14.1522, 42.44985]}}, {"type": "Feature", "properties": {"wikidata": "Q18427181", "name": "Casa Monache", "status": "done", "osm_id": "node/452631176", "group": "Insediamenti", "subgroup": "Centri", "subcategory": "Insediamento umano"}, "geometry": {"type": "Point", "coordinates": [14.01108, 42.14231]}}, {"type": "Feature", "properties": {"wikidata": "Q18427209", "name": "Case Marcone I", "status": "missing", "osm_id": null, "group": "Insediamenti", "subgroup": "Centri", "subcategory": "Insediamento umano"}, "geometry": {"type": "Point", "coordinates": [14.12386, 42.45539]}}, {"type": "Feature", "properties": {"wikidata": "Q18427226", "name": "Case Tre Pini", "status": "missing", "osm_id": null, "group": "Insediamenti", "subgroup": "Centri", "subcategory": "Insediamento umano"}, "geometry": {"type": "Point", "coordinates": [14.16577, 42.44735]}}, {"type": "Feature", "properties": {"wikidata": "Q18427140", "name": "Andragona", "status": "missing", "osm_id": null, "group": "Insediamenti", "subgroup": "Centri", "subcategory": "Frazione"}, "geometry": {"type": "Point", "coordinates": [13.90892, 42.30855]}}, {"type": "Feature", "properties": {"wikidata": "Q18427133", "name": "Villetta", "status": "missing", "osm_id": null, "group": "Insediamenti", "subgroup": "Centri", "subcategory": "Insediamento umano"}, "geometry": {"type": "Point", "coordinates": [13.10656, 42.15585]}}, {"type": "Feature", "properties": {"wikidata": "Q18427118", "name": "Vigne Cerase", "status": "done", "osm_id": "node/6799098421", "group": "Insediamenti", "subgroup": "Centri", "subcategory": "Insediamento umano"}, "geometry": {"type": "Point", "coordinates": [13.55757, 41.81792]}}, {"type": "Feature", "properties": {"wikidata": "Q18427227", "name": "Case Troiani", "status": "missing", "osm_id": null, "group": "Insediamenti", "subgroup": "Centri", "subcategory": "Insediamento umano"}, "geometry": {"type": "Point", "coordinates": [14.17597, 42.46216]}}, {"type": "Feature", "properties": {"wikidata": "Q18427251", "name": "Cerqueglio", "status": "done", "osm_id": "way/1125890200", "group": "Insediamenti", "subgroup": "Centri", "subcategory": "Insediamento umano"}, "geometry": {"type": "Point", "coordinates": [13.87323, 42.30874]}}, {"type": "Feature", "properties": {"wikidata": "Q18427248", "name": "Centrale", "status": "done", "osm_id": "node/11205782100", "group": "Insediamenti", "subgroup": "Centri", "subcategory": "Frazione"}, "geometry": {"type": "Point", "coordinates": [13.81973, 42.43649]}}, {"type": "Feature", "properties": {"wikidata": "Q18427143", "name": "Arci", "status": "missing", "osm_id": null, "group": "Insediamenti", "subgroup": "Centri", "subcategory": "Insediamento umano"}, "geometry": {"type": "Point", "coordinates": [13.91207, 42.46635]}}, {"type": "Feature", "properties": {"wikidata": "Q18427134", "name": "Volpe", "status": "missing", "osm_id": null, "group": "Insediamenti", "subgroup": "Centri", "subcategory": "Frazione"}, "geometry": {"type": "Point", "coordinates": [13.73667, 42.29871]}}, {"type": "Feature", "properties": {"wikidata": "Q18427127", "name": "Villaggio Gemma", "status": "missing", "osm_id": null, "group": "Insediamenti", "subgroup": "Centri", "subcategory": "Insediamento umano"}, "geometry": {"type": "Point", "coordinates": [13.91294, 42.03132]}}, {"type": "Feature", "properties": {"wikidata": "Q18427201", "name": "Case di Luzio", "status": "missing", "osm_id": null, "group": "Insediamenti", "subgroup": "Centri", "subcategory": "Insediamento umano"}, "geometry": {"type": "Point", "coordinates": [14.02647, 42.44231]}}, {"type": "Feature", "properties": {"wikidata": "Q18427256", "name": "Cervarano", "status": "done", "osm_id": "node/533688814", "group": "Insediamenti", "subgroup": "Centri", "subcategory": "Frazione"}, "geometry": {"type": "Point", "coordinates": [13.91327, 42.25658]}}, {"type": "Feature", "properties": {"wikidata": "Q18427230", "name": "Case Valle Carbone", "status": "missing", "osm_id": null, "group": "Insediamenti", "subgroup": "Centri", "subcategory": "Insediamento umano"}, "geometry": {"type": "Point", "coordinates": [14.15724, 42.46214]}}, {"type": "Feature", "properties": {"wikidata": "Q18427168", "name": "Campotino", "status": "missing", "osm_id": null, "group": "Insediamenti", "subgroup": "Centri", "subcategory": "Frazione"}, "geometry": {"type": "Point", "coordinates": [14.07259, 42.4687]}}, {"type": "Feature", "properties": {"wikidata": "Q18427218", "name": "Case Seminario", "status": "missing", "osm_id": null, "group": "Insediamenti", "subgroup": "Centri", "subcategory": "Insediamento umano"}, "geometry": {"type": "Point", "coordinates": [14.1689, 42.447]}}, {"type": "Feature", "properties": {"wikidata": "Q18427242", "name": "Castelluccio", "status": "missing", "osm_id": null, "group": "Insediamenti", "subgroup": "Centri", "subcategory": "Insediamento umano"}, "geometry": {"type": "Point", "coordinates": [14.06277, 42.45236]}}, {"type": "Feature", "properties": {"wikidata": "Q18427170", "name": "Caparrone", "status": "missing", "osm_id": null, "group": "Insediamenti", "subgroup": "Centri", "subcategory": "Frazione"}, "geometry": {"type": "Point", "coordinates": [14.03418, 42.47507]}}, {"type": "Feature", "properties": {"wikidata": "Q18427116", "name": "Vigliano", "status": "done", "osm_id": "node/531252933", "group": "Insediamenti", "subgroup": "Centri", "subcategory": "Frazione"}, "geometry": {"type": "Point", "coordinates": [13.21876, 42.3492]}}, {"type": "Feature", "properties": {"wikidata": "Q18427234", "name": "Case Zagattella", "status": "missing", "osm_id": null, "group": "Insediamenti", "subgroup": "Centri", "subcategory": "Insediamento umano"}, "geometry": {"type": "Point", "coordinates": [14.12067, 42.45891]}}, {"type": "Feature", "properties": {"wikidata": "Q18427184", "name": "Casamarte", "status": "done", "osm_id": "node/3828335238", "group": "Insediamenti", "subgroup": "Centri", "subcategory": "Insediamento umano"}, "geometry": {"type": "Point", "coordinates": [14.05987, 42.46369]}}, {"type": "Feature", "properties": {"wikidata": "Q18427101", "name": "Vallepescara", "status": "missing", "osm_id": null, "group": "Insediamenti", "subgroup": "Centri", "subcategory": "Frazione"}, "geometry": {"type": "Point", "coordinates": [13.93672, 42.01679]}}, {"type": "Feature", "properties": {"wikidata": "Q18427222", "name": "Case Splendiani", "status": "missing", "osm_id": null, "group": "Insediamenti", "subgroup": "Centri", "subcategory": "Insediamento umano"}, "geometry": {"type": "Point", "coordinates": [14.18064, 42.44835]}}, {"type": "Feature", "properties": {"wikidata": "Q18427148", "name": "Astignano", "status": "done", "osm_id": "node/3831588585", "group": "Insediamenti", "subgroup": "Centri", "subcategory": "Insediamento umano"}, "geometry": {"type": "Point", "coordinates": [14.09084, 42.43093]}}, {"type": "Feature", "properties": {"wikidata": "Q18427136", "name": "zona industriale di Carsoli", "status": "missing", "osm_id": null, "group": "Altro", "subgroup": "Altro", "subcategory": "Altro"}, "geometry": {"type": "Point", "coordinates": [13.06159, 42.09201]}}, {"type": "Feature", "properties": {"wikidata": "Q18427151", "name": "Barberi", "status": "missing", "osm_id": null, "group": "Insediamenti", "subgroup": "Centri", "subcategory": "Frazione"}, "geometry": {"type": "Point", "coordinates": [14.04268, 42.44072]}}, {"type": "Feature", "properties": {"wikidata": "Q18427107", "name": "Velarde", "status": "missing", "osm_id": null, "group": "Insediamenti", "subgroup": "Centri", "subcategory": "Frazione"}, "geometry": {"type": "Point", "coordinates": [13.48576, 41.85271]}}, {"type": "Feature", "properties": {"wikidata": "Q18427189", "name": "Case Candeloro", "status": "missing", "osm_id": null, "group": "Insediamenti", "subgroup": "Centri", "subcategory": "Insediamento umano"}, "geometry": {"type": "Point", "coordinates": [14.16466, 42.47101]}}, {"type": "Feature", "properties": {"wikidata": "Q3672523", "name": "chiesa di Sant'Anna", "status": "done", "osm_id": "way/1426400585", "group": "Religione", "subgroup": "Luoghi di Culto", "subcategory": "Chiesa"}, "geometry": {"type": "Point", "coordinates": [14.363894, 42.038655]}}, {"type": "Feature", "properties": {"wikidata": "Q3669296", "name": "chiesa di Cristo Re", "status": "done", "osm_id": "way/14401819", "group": "Religione", "subgroup": "Luoghi di Culto", "subcategory": "Chiesa"}, "geometry": {"type": "Point", "coordinates": [14.193738888, 42.4713]}}, {"type": "Feature", "properties": {"wikidata": "Q3669899", "name": "chiesa di San Domenico", "status": "done", "osm_id": "way/242088513", "group": "Religione", "subgroup": "Luoghi di Culto", "subcategory": "Chiesa"}, "geometry": {"type": "Point", "coordinates": [13.700852777, 42.657080555]}}, {"type": "Feature", "properties": {"wikidata": "Q3672556", "name": "chiesa di Sant'Anna dei Pompetti", "status": "done", "osm_id": "way/456680573", "group": "Religione", "subgroup": "Luoghi di Culto", "subcategory": "Chiesa"}, "geometry": {"type": "Point", "coordinates": [13.70563889, 42.65882222]}}, {"type": "Feature", "properties": {"wikidata": "Q3671446", "name": "chiesa di San Nicola", "status": "done", "osm_id": "way/451463764", "group": "Religione", "subgroup": "Luoghi di Culto", "subcategory": "Chiesa"}, "geometry": {"type": "Point", "coordinates": [13.40909, 42.07998]}}, {"type": "Feature", "properties": {"wikidata": "Q3672620", "name": "chiesa di Sant'Antonio abate", "status": "done", "osm_id": "node/13173626868", "group": "Religione", "subgroup": "Luoghi di Culto", "subcategory": "Chiesa"}, "geometry": {"type": "Point", "coordinates": [14.345822, 42.034518]}}, {"type": "Feature", "properties": {"wikidata": "Q3672274", "name": "chiesa di Sant'Agostino", "status": "done", "osm_id": "way/1463712953", "group": "Religione", "subgroup": "Luoghi di Culto", "subcategory": "Ex chiesa"}, "geometry": {"type": "Point", "coordinates": [13.97817, 42.579891]}}, {"type": "Feature", "properties": {"wikidata": "Q3672918", "name": "chiesa di Santa Caterina", "status": "done", "osm_id": "node/11358527580", "group": "Religione", "subgroup": "Luoghi di Culto", "subcategory": "Chiesa"}, "geometry": {"type": "Point", "coordinates": [13.70538333, 42.658525]}}, {"type": "Feature", "properties": {"wikidata": "Q3672585", "name": "chiesa di Sant'Antonio", "status": "missing", "osm_id": null, "group": "Religione", "subgroup": "Luoghi di Culto", "subcategory": "Chiesa"}, "geometry": {"type": "Point", "coordinates": [14.304152, 41.919001]}}, {"type": "Feature", "properties": {"wikidata": "Q3672639", "name": "chiesa di Sant'Antonio Abate", "status": "done", "osm_id": "way/839959243", "group": "Religione", "subgroup": "Luoghi di Culto", "subcategory": "Chiesa"}, "geometry": {"type": "Point", "coordinates": [14.066462, 41.890504]}}, {"type": "Feature", "properties": {"wikidata": "Q3670991", "name": "chiesa di San Marcello", "status": "done", "osm_id": "way/118945627", "group": "Religione", "subgroup": "Luoghi di Culto", "subcategory": "Chiesa"}, "geometry": {"type": "Point", "coordinates": [13.803546, 41.99338]}}, {"type": "Feature", "properties": {"wikidata": "Q3671654", "name": "chiesa di San Pietro", "status": "done", "osm_id": "way/158852142", "group": "Religione", "subgroup": "Luoghi di Culto", "subcategory": "Chiesa"}, "geometry": {"type": "Point", "coordinates": [13.410861, 42.07725]}}, {"type": "Feature", "properties": {"wikidata": "Q3670055", "name": "chiesa di San Francesco", "status": "done", "osm_id": "way/310782697", "group": "Religione", "subgroup": "Luoghi di Culto", "subcategory": "Chiesa"}, "geometry": {"type": "Point", "coordinates": [14.220416, 42.19131]}}, {"type": "Feature", "properties": {"wikidata": "Q3672860", "name": "chiesa di Sant'Onofrio", "status": "missing", "osm_id": null, "group": "Religione", "subgroup": "Luoghi di Culto", "subcategory": "Chiesa"}, "geometry": {"type": "Point", "coordinates": [14.415059, 42.159656]}}, {"type": "Feature", "properties": {"wikidata": "Q3671970", "name": "chiesa di San Salvatore", "status": "done", "osm_id": "way/585935270", "group": "Religione", "subgroup": "Luoghi di Culto", "subcategory": "Chiesa"}, "geometry": {"type": "Point", "coordinates": [13.808472, 42.646058]}}, {"type": "Feature", "properties": {"wikidata": "Q3671934", "name": "chiesa di San Rocco", "status": "done", "osm_id": "way/1215149396", "group": "Religione", "subgroup": "Luoghi di Culto", "subcategory": "Chiesa"}, "geometry": {"type": "Point", "coordinates": [14.411893, 42.036451]}}, {"type": "Feature", "properties": {"wikidata": "Q3669052", "name": "chiesa della Madonna di Costantinopoli", "status": "done", "osm_id": "way/823938956", "group": "Religione", "subgroup": "Luoghi di Culto", "subcategory": "Chiesa"}, "geometry": {"type": "Point", "coordinates": [13.881314, 41.904475]}}, {"type": "Feature", "properties": {"wikidata": "Q3669037", "name": "chiesa della Madonna delle Grazie", "status": "done", "osm_id": "way/823938958", "group": "Religione", "subgroup": "Luoghi di Culto", "subcategory": "Chiesa"}, "geometry": {"type": "Point", "coordinates": [13.881332, 41.902919]}}, {"type": "Feature", "properties": {"wikidata": "Q3672170", "name": "chiesa di San Vincenzo de Flaturno", "status": "missing", "osm_id": null, "group": "Religione", "subgroup": "Luoghi di Culto", "subcategory": "Chiesa"}, "geometry": {"type": "Point", "coordinates": [13.805482, 41.999024]}}, {"type": "Feature", "properties": {"wikidata": "Q3668904", "name": "chiesa della Madonna Addolorata", "status": "done", "osm_id": "way/1412524586", "group": "Religione", "subgroup": "Luoghi di Culto", "subcategory": "Chiesa"}, "geometry": {"type": "Point", "coordinates": [14.444818, 42.067093]}}, {"type": "Feature", "properties": {"wikidata": "Q3672528", "name": "chiesa di Sant'Anna", "status": "done", "osm_id": "way/137885543", "group": "Religione", "subgroup": "Luoghi di Culto", "subcategory": "Chiesa"}, "geometry": {"type": "Point", "coordinates": [14.18397999, 42.35173035]}}, {"type": "Feature", "properties": {"wikidata": "Q3671518", "name": "chiesa di San Pancrazio", "status": "done", "osm_id": "way/691461754", "group": "Religione", "subgroup": "Luoghi di Culto", "subcategory": "Chiesa"}, "geometry": {"type": "Point", "coordinates": [14.318455, 42.068706]}}, {"type": "Feature", "properties": {"wikidata": "Q3671192", "name": "chiesa di San Maurizio", "status": "done", "osm_id": "way/849911834", "group": "Religione", "subgroup": "Luoghi di Culto", "subcategory": "Chiesa"}, "geometry": {"type": "Point", "coordinates": [14.484974, 41.81611]}}, {"type": "Feature", "properties": {"wikidata": "Q3671877", "name": "chiesa di San Rocco", "status": "missing", "osm_id": null, "group": "Religione", "subgroup": "Luoghi di Culto", "subcategory": "Chiesa"}, "geometry": {"type": "Point", "coordinates": [14.367812, 42.191989]}}, {"type": "Feature", "properties": {"wikidata": "Q3669726", "name": "chiesa di San Canziano", "status": "done", "osm_id": "way/1433851515", "group": "Religione", "subgroup": "Luoghi di Culto", "subcategory": "Chiesa"}, "geometry": {"type": "Point", "coordinates": [14.49652, 42.160579]}}, {"type": "Feature", "properties": {"wikidata": "Q3665599", "name": "Cese (Avezzano)", "status": "done", "osm_id": "node/2541756393", "group": "Insediamenti", "subgroup": "Centri", "subcategory": "Frazione"}, "geometry": {"type": "Point", "coordinates": [13.388277777, 42.026083333]}}, {"type": "Feature", "properties": {"wikidata": "Q3671614", "name": "chiesa di San Pietro", "status": "missing", "osm_id": null, "group": "Religione", "subgroup": "Luoghi di Culto", "subcategory": "Ex chiesa"}, "geometry": {"type": "Point", "coordinates": [14.441746, 42.068699]}}, {"type": "Feature", "properties": {"wikidata": "Q3668119", "name": "chiesa dei Santi Cosma e Damiano", "status": "missing", "osm_id": null, "group": "Religione", "subgroup": "Luoghi di Culto", "subcategory": "Chiesa"}, "geometry": {"type": "Point", "coordinates": [14.306026, 42.061807]}}, {"type": "Feature", "properties": {"wikidata": "Q3672601", "name": "chiesa di Sant'Antonio", "status": "missing", "osm_id": null, "group": "Religione", "subgroup": "Luoghi di Culto", "subcategory": "Chiesa"}, "geometry": {"type": "Point", "coordinates": [14.271102, 42.057534]}}, {"type": "Feature", "properties": {"wikidata": "Q3671982", "name": "chiesa di San Salvatore", "status": "missing", "osm_id": null, "group": "Religione", "subgroup": "Luoghi di Culto", "subcategory": "Chiesa"}, "geometry": {"type": "Point", "coordinates": [14.540793, 42.188209]}}, {"type": "Feature", "properties": {"wikidata": "Q3671264", "name": "chiesa di San Michele Arcangelo", "status": "done", "osm_id": "way/849824626", "group": "Religione", "subgroup": "Luoghi di Culto", "subcategory": "Chiesa"}, "geometry": {"type": "Point", "coordinates": [14.503585, 42.010175]}}, {"type": "Feature", "properties": {"wikidata": "Q3670468", "name": "chiesa di San Giovanni Battista", "status": "missing", "osm_id": null, "group": "Religione", "subgroup": "Luoghi di Culto", "subcategory": "Chiesa"}, "geometry": {"type": "Point", "coordinates": [14.421584, 42.020666]}}, {"type": "Feature", "properties": {"wikidata": "Q3669056", "name": "chiesa della Madonna di Loreto", "status": "done", "osm_id": "way/396605139", "group": "Religione", "subgroup": "Luoghi di Culto", "subcategory": "Chiesa"}, "geometry": {"type": "Point", "coordinates": [14.540448, 42.186739]}}, {"type": "Feature", "properties": {"wikidata": "Q3670036", "name": "chiesa di San Francesco", "status": "done", "osm_id": "way/915892586", "group": "Religione", "subgroup": "Luoghi di Culto", "subcategory": "Chiesa"}, "geometry": {"type": "Point", "coordinates": [14.168388888, 42.351488888]}}, {"type": "Feature", "properties": {"wikidata": "Q3670906", "name": "chiesa di San Lorenzo Martire", "status": "done", "osm_id": "way/1433573854", "group": "Religione", "subgroup": "Luoghi di Culto", "subcategory": "Chiesa"}, "geometry": {"type": "Point", "coordinates": [14.209545, 41.905071]}}, {"type": "Feature", "properties": {"wikidata": "Q3671426", "name": "chiesa di San Nicola", "status": "done", "osm_id": "way/310794335", "group": "Religione", "subgroup": "Luoghi di Culto", "subcategory": "Chiesa"}, "geometry": {"type": "Point", "coordinates": [13.97409, 42.58031]}}, {"type": "Feature", "properties": {"wikidata": "Q3669877", "name": "chiesa di San Domenico", "status": "done", "osm_id": "relation/10216200", "group": "Religione", "subgroup": "Luoghi di Culto", "subcategory": "Chiesa"}, "geometry": {"type": "Point", "coordinates": [13.394319444, 42.352369444]}}, {"type": "Feature", "properties": {"wikidata": "Q3671137", "name": "chiesa di San Martino e Santa Giusta", "status": "done", "osm_id": "node/8661719945", "group": "Religione", "subgroup": "Luoghi di Culto", "subcategory": "Chiesa"}, "geometry": {"type": "Point", "coordinates": [14.251824, 41.976414]}}, {"type": "Feature", "properties": {"wikidata": "Q3671676", "name": "chiesa di San Pietro", "status": "done", "osm_id": "way/979836931", "group": "Religione", "subgroup": "Luoghi di Culto", "subcategory": "Chiesa"}, "geometry": {"type": "Point", "coordinates": [14.30371, 42.062331]}}, {"type": "Feature", "properties": {"wikidata": "Q3669867", "name": "chiesa di San Domenico", "status": "done", "osm_id": "way/138403116", "group": "Religione", "subgroup": "Luoghi di Culto", "subcategory": "Chiesa"}, "geometry": {"type": "Point", "coordinates": [14.166135, 42.34849]}}, {"type": "Feature", "properties": {"wikidata": "Q3672690", "name": "chiesa di Sant'Antonio abate", "status": "missing", "osm_id": null, "group": "Religione", "subgroup": "Luoghi di Culto", "subcategory": "Chiesa"}, "geometry": {"type": "Point", "coordinates": [14.349817, 41.946926]}}, {"type": "Feature", "properties": {"wikidata": "Q3670480", "name": "chiesa di San Giovanni Battista Decollato", "status": "done", "osm_id": "way/1433847860", "group": "Religione", "subgroup": "Luoghi di Culto", "subcategory": "Chiesa"}, "geometry": {"type": "Point", "coordinates": [14.387832, 41.956152]}}, {"type": "Feature", "properties": {"wikidata": "Q3671315", "name": "chiesa di San Michele Arcangelo", "status": "done", "osm_id": "way/1213237159", "group": "Religione", "subgroup": "Luoghi di Culto", "subcategory": "Chiesa"}, "geometry": {"type": "Point", "coordinates": [13.875734, 41.909305]}}, {"type": "Feature", "properties": {"wikidata": "Q3670951", "name": "chiesa di San Luca", "status": "missing", "osm_id": null, "group": "Religione", "subgroup": "Luoghi di Culto", "subcategory": "Chiesa"}, "geometry": {"type": "Point", "coordinates": [14.430821, 42.112268]}}, {"type": "Feature", "properties": {"wikidata": "Q3672649", "name": "chiesa di Sant'Antonio Abate", "status": "done", "osm_id": "way/1211188121", "group": "Religione", "subgroup": "Luoghi di Culto", "subcategory": "Chiesa"}, "geometry": {"type": "Point", "coordinates": [13.881854, 41.902618]}}, {"type": "Feature", "properties": {"wikidata": "Q3670535", "name": "chiesa di San Giovanni ad insulam", "status": "missing", "osm_id": null, "group": "Religione", "subgroup": "Luoghi di Culto", "subcategory": "Chiesa"}, "geometry": {"type": "Point", "coordinates": [13.684857, 42.520017]}}, {"type": "Feature", "properties": {"wikidata": "Q3672752", "name": "chiesa di Sant'Egidio", "status": "done", "osm_id": "way/849839569", "group": "Religione", "subgroup": "Luoghi di Culto", "subcategory": "Chiesa"}, "geometry": {"type": "Point", "coordinates": [14.304325, 41.921865]}}, {"type": "Feature", "properties": {"wikidata": "Q3671203", "name": "chiesa di San Michele", "status": "missing", "osm_id": null, "group": "Religione", "subgroup": "Luoghi di Culto", "subcategory": "Chiesa"}, "geometry": {"type": "Point", "coordinates": [14.445693, 42.066719]}}, {"type": "Feature", "properties": {"wikidata": "Q3670455", "name": "chiesa di San Giovanni Battista", "status": "done", "osm_id": "way/1212986907", "group": "Religione", "subgroup": "Luoghi di Culto", "subcategory": "Chiesa"}, "geometry": {"type": "Point", "coordinates": [13.882236, 41.903505]}}, {"type": "Feature", "properties": {"wikidata": "Q3672614", "name": "chiesa di Sant'Antonio", "status": "done", "osm_id": "way/120866878", "group": "Religione", "subgroup": "Luoghi di Culto", "subcategory": "Chiesa"}, "geometry": {"type": "Point", "coordinates": [13.706552777, 42.658219444]}}, {"type": "Feature", "properties": {"wikidata": "Q3668663", "name": "chiesa del Santissimo Rosario", "status": "done", "osm_id": "way/850028001", "group": "Religione", "subgroup": "Luoghi di Culto", "subcategory": "Chiesa"}, "geometry": {"type": "Point", "coordinates": [14.479679, 42.244721]}}, {"type": "Feature", "properties": {"wikidata": "Q3669161", "name": "chiesa della Santissima Annunziata", "status": "missing", "osm_id": null, "group": "Religione", "subgroup": "Luoghi di Culto", "subcategory": "Chiesa"}, "geometry": {"type": "Point", "coordinates": [14.205155, 42.090541]}}, {"type": "Feature", "properties": {"wikidata": "Q3671852", "name": "chiesa di San Remigio", "status": "done", "osm_id": "way/849839565", "group": "Religione", "subgroup": "Luoghi di Culto", "subcategory": "Chiesa"}, "geometry": {"type": "Point", "coordinates": [14.205677, 42.090095]}}, {"type": "Feature", "properties": {"wikidata": "Q3670428", "name": "chiesa di San Giovanni Battista", "status": "done", "osm_id": "way/823872917", "group": "Religione", "subgroup": "Luoghi di Culto", "subcategory": "Chiesa"}, "geometry": {"type": "Point", "coordinates": [14.652027, 42.08798]}}, {"type": "Feature", "properties": {"wikidata": "Q3671863", "name": "chiesa di San Rocco", "status": "done", "osm_id": "node/6068945187", "group": "Religione", "subgroup": "Luoghi di Culto", "subcategory": "Chiesa"}, "geometry": {"type": "Point", "coordinates": [14.448665, 42.067191]}}, {"type": "Feature", "properties": {"wikidata": "Q3670807", "name": "chiesa di San Liberatore", "status": "done", "osm_id": "way/859632546", "group": "Religione", "subgroup": "Luoghi di Culto", "subcategory": "Chiesa"}, "geometry": {"type": "Point", "coordinates": [13.9756969, 42.5796329]}}, {"type": "Feature", "properties": {"wikidata": "Q3672052", "name": "chiesa di San Silvestro", "status": "done", "osm_id": "way/624424873", "group": "Religione", "subgroup": "Luoghi di Culto", "subcategory": "Ex chiesa"}, "geometry": {"type": "Point", "coordinates": [14.221023, 42.189402]}}, {"type": "Feature", "properties": {"wikidata": "Q3671475", "name": "chiesa di San Nicola di Bari", "status": "done", "osm_id": "way/1012989742", "group": "Religione", "subgroup": "Luoghi di Culto", "subcategory": "Chiesa"}, "geometry": {"type": "Point", "coordinates": [14.349771, 41.948977]}}, {"type": "Feature", "properties": {"wikidata": "Q3669707", "name": "basilica di San Giuseppe Artigiano", "status": "done", "osm_id": "way/501748940", "group": "Religione", "subgroup": "Luoghi di Culto", "subcategory": "Basilica minore"}, "geometry": {"type": "Point", "coordinates": [13.39674, 42.34973]}}, {"type": "Feature", "properties": {"wikidata": "Q3669058", "name": "chiesa della Madonna di Loreto", "status": "done", "osm_id": "way/1213225952", "group": "Religione", "subgroup": "Luoghi di Culto", "subcategory": "Chiesa"}, "geometry": {"type": "Point", "coordinates": [13.83811, 41.935485]}}, {"type": "Feature", "properties": {"wikidata": "Q3672816", "name": "chiesa di Sant'Eustachio", "status": "done", "osm_id": "way/823938954", "group": "Religione", "subgroup": "Luoghi di Culto", "subcategory": "Chiesa"}, "geometry": {"type": "Point", "coordinates": [13.881832, 41.904418]}}, {"type": "Feature", "properties": {"wikidata": "Q3672705", "name": "chiesa di Sant'Antonio da Padova", "status": "done", "osm_id": "way/823938957", "group": "Religione", "subgroup": "Luoghi di Culto", "subcategory": "Chiesa"}, "geometry": {"type": "Point", "coordinates": [13.878738, 41.904398]}}, {"type": "Feature", "properties": {"wikidata": "Q3670635", "name": "chiesa di San Giuseppe", "status": "missing", "osm_id": null, "group": "Religione", "subgroup": "Luoghi di Culto", "subcategory": "Chiesa"}, "geometry": {"type": "Point", "coordinates": [14.399833, 42.349125]}}, {"type": "Feature", "properties": {"wikidata": "Q3672053", "name": "chiesa di San Silvestro", "status": "done", "osm_id": "relation/10704311", "group": "Religione", "subgroup": "Luoghi di Culto", "subcategory": "Chiesa"}, "geometry": {"type": "Point", "coordinates": [13.39692974, 42.35478973]}}, {"type": "Feature", "properties": {"wikidata": "Q3671447", "name": "chiesa di San Nicola", "status": "missing", "osm_id": null, "group": "Religione", "subgroup": "Luoghi di Culto", "subcategory": "Chiesa"}, "geometry": {"type": "Point", "coordinates": [14.28263, 42.217908]}}, {"type": "Feature", "properties": {"wikidata": "Q3672190", "name": "chiesa di San Vito alla Rivera", "status": "done", "osm_id": "relation/9712893", "group": "Religione", "subgroup": "Luoghi di Culto", "subcategory": "Chiesa"}, "geometry": {"type": "Point", "coordinates": [13.389277777, 42.349916666]}}, {"type": "Feature", "properties": {"wikidata": "Q3669586", "name": "chiesa di San Benedetto", "status": "missing", "osm_id": null, "group": "Religione", "subgroup": "Luoghi di Culto", "subcategory": "Chiesa"}, "geometry": {"type": "Point", "coordinates": [14.414781, 42.130138]}}, {"type": "Feature", "properties": {"wikidata": "Q3671972", "name": "chiesa di San Salvatore", "status": "missing", "osm_id": null, "group": "Religione", "subgroup": "Luoghi di Culto", "subcategory": "Chiesa"}, "geometry": {"type": "Point", "coordinates": [14.584361, 42.150468]}}, {"type": "Feature", "properties": {"wikidata": "Q3672754", "name": "chiesa di Sant'Egidio", "status": "missing", "osm_id": null, "group": "Religione", "subgroup": "Luoghi di Culto", "subcategory": "Chiesa"}, "geometry": {"type": "Point", "coordinates": [14.270155, 42.058426]}}, {"type": "Feature", "properties": {"wikidata": "Q3672122", "name": "chiesa di San Tommaso", "status": "missing", "osm_id": null, "group": "Religione", "subgroup": "Luoghi di Culto", "subcategory": "Chiesa"}, "geometry": {"type": "Point", "coordinates": [14.357827, 41.92099]}}, {"type": "Feature", "properties": {"wikidata": "Q3671469", "name": "chiesa di San Nicola di Bari", "status": "done", "osm_id": "way/622143860", "group": "Religione", "subgroup": "Luoghi di Culto", "subcategory": "Chiesa"}, "geometry": {"type": "Point", "coordinates": [14.220829, 42.188939]}}, {"type": "Feature", "properties": {"wikidata": "Q3668266", "name": "chiesa dei Santi Marciano e Nicandro", "status": "done", "osm_id": "way/502093686", "group": "Religione", "subgroup": "Luoghi di Culto", "subcategory": "Chiesa"}, "geometry": {"type": "Point", "coordinates": [13.394777777, 42.348833333]}}, {"type": "Feature", "properties": {"wikidata": "Q3671703", "name": "chiesa di San Pietro Apostolo", "status": "missing", "osm_id": null, "group": "Religione", "subgroup": "Luoghi di Culto", "subcategory": "Chiesa"}, "geometry": {"type": "Point", "coordinates": [14.303148, 41.944863]}}, {"type": "Feature", "properties": {"wikidata": "Q3671470", "name": "chiesa di San Nicola di Bari", "status": "done", "osm_id": "way/158354635", "group": "Religione", "subgroup": "Luoghi di Culto", "subcategory": "Chiesa"}, "geometry": {"type": "Point", "coordinates": [14.388426, 42.233243]}}, {"type": "Feature", "properties": {"wikidata": "Q3671928", "name": "chiesa di San Rocco", "status": "done", "osm_id": "way/823938955", "group": "Religione", "subgroup": "Luoghi di Culto", "subcategory": "Chiesa"}, "geometry": {"type": "Point", "coordinates": [13.881746, 41.904242]}}, {"type": "Feature", "properties": {"wikidata": "Q3672583", "name": "chiesa di Sant'Antonio", "status": "missing", "osm_id": null, "group": "Religione", "subgroup": "Luoghi di Culto", "subcategory": "Chiesa"}, "geometry": {"type": "Point", "coordinates": [14.441841, 42.067444]}}, {"type": "Feature", "properties": {"wikidata": "Q3669855", "name": "chiesa di San Domenico", "status": "done", "osm_id": "way/310793318", "group": "Religione", "subgroup": "Luoghi di Culto", "subcategory": "Chiesa"}, "geometry": {"type": "Point", "coordinates": [14.443135, 42.067613]}}, {"type": "Feature", "properties": {"wikidata": "Q3668340", "name": "chiesa dei Santi Pietro e Paolo", "status": "done", "osm_id": "way/230698646", "group": "Religione", "subgroup": "Luoghi di Culto", "subcategory": "Chiesa"}, "geometry": {"type": "Point", "coordinates": [14.030555555, 41.735]}}, {"type": "Feature", "properties": {"wikidata": "Q3668905", "name": "chiesa della Madonna Addolorata", "status": "done", "osm_id": "way/1209667741", "group": "Religione", "subgroup": "Luoghi di Culto", "subcategory": "Chiesa"}, "geometry": {"type": "Point", "coordinates": [13.836938, 41.936484]}}, {"type": "Feature", "properties": {"wikidata": "Q3668959", "name": "chiesa della Madonna del Rosario", "status": "done", "osm_id": "way/686405366", "group": "Religione", "subgroup": "Luoghi di Culto", "subcategory": "Chiesa"}, "geometry": {"type": "Point", "coordinates": [14.347774, 41.947987]}}, {"type": "Feature", "properties": {"wikidata": "Q3671728", "name": "chiesa di San Pietro a Coppito", "status": "done", "osm_id": "way/496720144", "group": "Religione", "subgroup": "Luoghi di Culto", "subcategory": "Chiesa"}, "geometry": {"type": "Point", "coordinates": [13.395805555, 42.353138888]}}, {"type": "Feature", "properties": {"wikidata": "Q3671889", "name": "chiesa di San Rocco", "status": "done", "osm_id": "node/6779289784", "group": "Religione", "subgroup": "Luoghi di Culto", "subcategory": "Chiesa"}, "geometry": {"type": "Point", "coordinates": [14.221904, 42.190665]}}, {"type": "Feature", "properties": {"wikidata": "Q3670882", "name": "chiesa di San Lorenzo", "status": "done", "osm_id": "way/661137002", "group": "Religione", "subgroup": "Luoghi di Culto", "subcategory": "Chiesa"}, "geometry": {"type": "Point", "coordinates": [14.570285, 41.980409]}}, {"type": "Feature", "properties": {"wikidata": "Q3671289", "name": "chiesa di San Michele Arcangelo", "status": "done", "osm_id": "relation/11871851", "group": "Religione", "subgroup": "Luoghi di Culto", "subcategory": "Chiesa"}, "geometry": {"type": "Point", "coordinates": [13.314541, 42.396665]}}, {"type": "Feature", "properties": {"wikidata": "Q3671269", "name": "chiesa di San Michele Arcangelo", "status": "done", "osm_id": "way/329565762", "group": "Religione", "subgroup": "Luoghi di Culto", "subcategory": "Chiesa"}, "geometry": {"type": "Point", "coordinates": [14.450281, 41.867162]}}, {"type": "Feature", "properties": {"wikidata": "Q3670023", "name": "chiesa di San Francesco", "status": "done", "osm_id": "way/310794334", "group": "Religione", "subgroup": "Luoghi di Culto", "subcategory": "Chiesa"}, "geometry": {"type": "Point", "coordinates": [13.9768, 42.58018]}}, {"type": "Feature", "properties": {"wikidata": "Q3668944", "name": "chiesa della Madonna del Lago", "status": "done", "osm_id": "way/489094110", "group": "Religione", "subgroup": "Luoghi di Culto", "subcategory": "Chiesa"}, "geometry": {"type": "Point", "coordinates": [13.871809, 41.919213]}}, {"type": "Feature", "properties": {"wikidata": "Q3668908", "name": "chiesa di Maria Santissima della Cintura", "status": "missing", "osm_id": null, "group": "Religione", "subgroup": "Luoghi di Culto", "subcategory": "Chiesa"}, "geometry": {"type": "Point", "coordinates": [14.442583, 42.068195]}}, {"type": "Feature", "properties": {"wikidata": "Q3669914", "name": "chiesa di San Donato", "status": "done", "osm_id": "way/850028003", "group": "Religione", "subgroup": "Luoghi di Culto", "subcategory": "Chiesa"}, "geometry": {"type": "Point", "coordinates": [14.478125, 42.245644]}}, {"type": "Feature", "properties": {"wikidata": "Q3671908", "name": "chiesa di San Rocco", "status": "missing", "osm_id": null, "group": "Religione", "subgroup": "Luoghi di Culto", "subcategory": "Chiesa"}, "geometry": {"type": "Point", "coordinates": [14.282731, 42.218957]}}, {"type": "Feature", "properties": {"wikidata": "Q3670645", "name": "chiesa di San Giuseppe", "status": "done", "osm_id": "way/310786347", "group": "Religione", "subgroup": "Luoghi di Culto", "subcategory": "Chiesa"}, "geometry": {"type": "Point", "coordinates": [14.7316, 42.0449]}}, {"type": "Feature", "properties": {"wikidata": "Q3672166", "name": "chiesa di San Vincenzo Ferrer", "status": "missing", "osm_id": null, "group": "Religione", "subgroup": "Luoghi di Culto", "subcategory": "Chiesa"}, "geometry": {"type": "Point", "coordinates": [14.430638, 42.125053]}}, {"type": "Feature", "properties": {"wikidata": "Q3671937", "name": "chiesa di San Rocco", "status": "done", "osm_id": "node/13173626867", "group": "Religione", "subgroup": "Luoghi di Culto", "subcategory": "Chiesa"}, "geometry": {"type": "Point", "coordinates": [14.355746, 42.053238]}}, {"type": "Feature", "properties": {"wikidata": "Q3670954", "name": "chiesa di San Luca", "status": "missing", "osm_id": null, "group": "Religione", "subgroup": "Luoghi di Culto", "subcategory": "Chiesa"}, "geometry": {"type": "Point", "coordinates": [13.70678333, 42.65888611]}}, {"type": "Feature", "properties": {"wikidata": "Q3669065", "name": "chiesa della Madonna in Basilica", "status": "done", "osm_id": "way/520063854", "group": "Religione", "subgroup": "Luoghi di Culto", "subcategory": "Chiesa"}, "geometry": {"type": "Point", "coordinates": [14.356065, 41.952715]}}, {"type": "Feature", "properties": {"wikidata": "Q649559", "name": "Peltuinum", "status": "done", "osm_id": "relation/6243493", "group": "Archeologia", "subgroup": "Siti", "subcategory": "Sito archeologico"}, "geometry": {"type": "Point", "coordinates": [13.62261, 42.286929]}}, {"type": "Feature", "properties": {"wikidata": "Q71530", "name": "Aterno-Pescara", "status": "done", "osm_id": "relation/11321396", "group": "Natura e paesaggio", "subgroup": "Acqua", "subcategory": "Fiume"}, "geometry": {"type": "Point", "coordinates": [14.229722222, 42.469722222]}}, {"type": "Feature", "properties": {"wikidata": "Q1026065", "name": "Senarica", "status": "done", "osm_id": "node/1711107894", "group": "Altro", "subgroup": "Altro", "subcategory": "Altro"}, "geometry": {"type": "Point", "coordinates": [13.513888888, 42.5475]}}, {"type": "Feature", "properties": {"wikidata": "Q331635", "name": "Appennino abruzzese", "status": "done", "osm_id": "node/9855934421", "group": "Natura e paesaggio", "subgroup": "Montagna", "subcategory": "Montagna"}, "geometry": {"type": "Point", "coordinates": [13.56194444, 42.46861111]}}, {"type": "Feature", "properties": {"wikidata": "Q71664", "name": "Aventino", "status": "done", "osm_id": "relation/16219147", "group": "Natura e paesaggio", "subgroup": "Acqua", "subcategory": "Fiume"}, "geometry": {"type": "Point", "coordinates": [14.12027779, 41.96472223]}}, {"type": "Feature", "properties": {"wikidata": "Q973243", "name": "Faro di Punta Penna", "status": "done", "osm_id": "way/148977381", "group": "Infrastrutture", "subgroup": "Trasporti", "subcategory": "Faro"}, "geometry": {"type": "Point", "coordinates": [14.714578, 42.171086]}}, {"type": "Feature", "properties": {"wikidata": "Q512332", "name": "collegiata di Santa Maria Maggiore", "status": "done", "osm_id": "relation/3549632", "group": "Altro", "subgroup": "Altro", "subcategory": "Altro"}, "geometry": {"type": "Point", "coordinates": [14.221881, 42.190642]}}, {"type": "Feature", "properties": {"wikidata": "Q1072254", "name": "lago di Scanno", "status": "done", "osm_id": "way/32454217", "group": "Natura e paesaggio", "subgroup": "Acqua", "subcategory": "Lago"}, "geometry": {"type": "Point", "coordinates": [13.863888888, 41.92]}}, {"type": "Feature", "properties": {"wikidata": "Q951721", "name": "Bivio Castelli", "status": "done", "osm_id": "node/452630228", "group": "Insediamenti", "subgroup": "Centri", "subcategory": "Frazione"}, "geometry": {"type": "Point", "coordinates": [13.77472222, 42.53166667]}}, {"type": "Feature", "properties": {"wikidata": "Q71596", "name": "Sagittario", "status": "done", "osm_id": "relation/2506847", "group": "Natura e paesaggio", "subgroup": "Acqua", "subcategory": "Fiume"}, "geometry": {"type": "Point", "coordinates": [13.83333333, 42.15]}}, {"type": "Feature", "properties": {"wikidata": "Q921354", "name": "Rapino", "status": "done", "osm_id": "node/3924012838", "group": "Insediamenti", "subgroup": "Centri", "subcategory": "Frazione"}, "geometry": {"type": "Point", "coordinates": [13.69209, 42.60635]}}, {"type": "Feature", "properties": {"wikidata": "Q1085735", "name": "Parco nazionale della Maiella", "status": "done", "osm_id": "relation/3159222", "group": "Natura e paesaggio", "subgroup": "Verde", "subcategory": "Area protetta"}, "geometry": {"type": "Point", "coordinates": [14.06, 42.08194444]}}, {"type": "Feature", "properties": {"wikidata": "Q834348", "name": "lago di Bomba", "status": "done", "osm_id": "way/27775655", "group": "Natura e paesaggio", "subgroup": "Acqua", "subcategory": "Lago"}, "geometry": {"type": "Point", "coordinates": [14.362, 42.0]}}, {"type": "Feature", "properties": {"wikidata": "Q301456", "name": "Putignano", "status": "done", "osm_id": "node/1153801596", "group": "Insediamenti", "subgroup": "Centri", "subcategory": "Frazione"}, "geometry": {"type": "Point", "coordinates": [13.66388889, 42.68277778]}}, {"type": "Feature", "properties": {"wikidata": "Q1093372", "name": "Sambuceto", "status": "done", "osm_id": "node/981069964", "group": "Insediamenti", "subgroup": "Centri", "subcategory": "Frazione"}, "geometry": {"type": "Point", "coordinates": [14.18747, 42.42168]}}, {"type": "Feature", "properties": {"wikidata": "Q374305", "name": "Onna", "status": "done", "osm_id": "node/370328467", "group": "Insediamenti", "subgroup": "Centri", "subcategory": "Frazione"}, "geometry": {"type": "Point", "coordinates": [13.48055556, 42.32888889]}}, {"type": "Feature", "properties": {"wikidata": "Q1092230", "name": "stadio Tommaso Fattori", "status": "done", "osm_id": "relation/8902373", "group": "Cultura e tempo libero", "subgroup": "Sport", "subcategory": "Impianto sportivo"}, "geometry": {"type": "Point", "coordinates": [13.403889, 42.356389]}}, {"type": "Feature", "properties": {"wikidata": "Q929442", "name": "Monte Camicia", "status": "done", "osm_id": "node/1321728571", "group": "Natura e paesaggio", "subgroup": "Montagna", "subcategory": "Montagna"}, "geometry": {"type": "Point", "coordinates": [13.718, 42.44]}}, {"type": "Feature", "properties": {"wikidata": "Q944515", "name": "Alba Fucens", "status": "done", "osm_id": "way/849311280", "group": "Altro", "subgroup": "Altro", "subcategory": "Altro"}, "geometry": {"type": "Point", "coordinates": [13.411468116, 42.079059725]}}, {"type": "Feature", "properties": {"wikidata": "Q971792", "name": "Frunti", "status": "missing", "osm_id": null, "group": "Altro", "subgroup": "Altro", "subcategory": "Altro"}, "geometry": {"type": "Point", "coordinates": [13.60352, 42.62325]}}, {"type": "Feature", "properties": {"wikidata": "Q370751", "name": "Conca aquilana", "status": "missing", "osm_id": null, "group": "Natura e paesaggio", "subgroup": "Montagna", "subcategory": "Valle"}, "geometry": {"type": "Point", "coordinates": [13.329493, 42.370466]}}, {"type": "Feature", "properties": {"wikidata": "Q686840", "name": "OPERA", "status": "missing", "osm_id": null, "group": "Altro", "subgroup": "Altro", "subcategory": "Altro"}, "geometry": {"type": "Point", "coordinates": [13.57, 42.46]}}, {"type": "Feature", "properties": {"wikidata": "Q766840", "name": "Juvanum", "status": "done", "osm_id": "way/260824176", "group": "Cultura e tempo libero", "subgroup": "Musei", "subcategory": "Museo"}, "geometry": {"type": "Point", "coordinates": [14.249799, 41.997895]}}, {"type": "Feature", "properties": {"wikidata": "Q1119830", "name": "chiesa di Santa Maria Maggiore", "status": "done", "osm_id": "way/691483236", "group": "Religione", "subgroup": "Luoghi di Culto", "subcategory": "Chiesa"}, "geometry": {"type": "Point", "coordinates": [14.272138, 42.056726]}}, {"type": "Feature", "properties": {"wikidata": "Q177061", "name": "Amiternum", "status": "done", "osm_id": "relation/8430029", "group": "Archeologia", "subgroup": "Siti", "subcategory": "Sito archeologico"}, "geometry": {"type": "Point", "coordinates": [13.305769, 42.400776]}}, {"type": "Feature", "properties": {"wikidata": "Q427856", "name": "Monte Aquila", "status": "done", "osm_id": "node/2474940650", "group": "Natura e paesaggio", "subgroup": "Montagna", "subcategory": "Montagna"}, "geometry": {"type": "Point", "coordinates": [13.56584, 42.45916]}}, {"type": "Feature", "properties": {"wikidata": "Q788293", "name": "cattedrale di San Panfilo", "status": "done", "osm_id": "relation/11276935", "group": "Religione", "subgroup": "Luoghi di Culto", "subcategory": "Basilica minore"}, "geometry": {"type": "Point", "coordinates": [13.92047, 42.05398]}}, {"type": "Feature", "properties": {"wikidata": "Q403396", "name": "stadio Guido Biondi", "status": "done", "osm_id": "way/36818553", "group": "Cultura e tempo libero", "subgroup": "Sport", "subcategory": "Impianto sportivo"}, "geometry": {"type": "Point", "coordinates": [14.382222, 42.219722]}}, {"type": "Feature", "properties": {"wikidata": "Q848255", "name": "Pizzo Cefalone", "status": "done", "osm_id": "node/1322334207", "group": "Natura e paesaggio", "subgroup": "Montagna", "subcategory": "Montagna"}, "geometry": {"type": "Point", "coordinates": [13.56194444, 42.46861111]}}, {"type": "Feature", "properties": {"wikidata": "Q1123223", "name": "altopiano delle Rocche", "status": "done", "osm_id": "relation/8636395", "group": "Altro", "subgroup": "Altro", "subcategory": "Altro"}, "geometry": {"type": "Point", "coordinates": [13.5156, 42.1957]}}, {"type": "Feature", "properties": {"wikidata": "Q139875", "name": "Aeroporto di L'Aquila-Preturo", "status": "done", "osm_id": "way/86585507", "group": "Infrastrutture", "subgroup": "Trasporti", "subcategory": "Aeroporto"}, "geometry": {"type": "Point", "coordinates": [13.310278, 42.380555]}}, {"type": "Feature", "properties": {"wikidata": "Q427690", "name": "Villa Taraschi", "status": "missing", "osm_id": null, "group": "Insediamenti", "subgroup": "Centri", "subcategory": "Frazione"}, "geometry": {"type": "Point", "coordinates": [13.7025, 42.658611111]}}, {"type": "Feature", "properties": {"wikidata": "Q377004", "name": "chiesa di San Francesco", "status": "done", "osm_id": "way/28525201", "group": "Religione", "subgroup": "Luoghi di Culto", "subcategory": "Chiesa"}, "geometry": {"type": "Point", "coordinates": [14.390005, 42.2304]}}, {"type": "Feature", "properties": {"wikidata": "Q429784", "name": "Monte Brancastello", "status": "done", "osm_id": "node/2359063517", "group": "Natura e paesaggio", "subgroup": "Montagna", "subcategory": "Montagna"}, "geometry": {"type": "Point", "coordinates": [13.6399, 42.4474]}}, {"type": "Feature", "properties": {"wikidata": "Q729675", "name": "stadio Aragona", "status": "done", "osm_id": "way/97945384", "group": "Cultura e tempo libero", "subgroup": "Sport", "subcategory": "Impianto sportivo"}, "geometry": {"type": "Point", "coordinates": [14.705556, 42.107778]}}, {"type": "Feature", "properties": {"wikidata": "Q306162", "name": "abbazia di San Liberatore a Maiella", "status": "done", "osm_id": "way/59516555", "group": "Altro", "subgroup": "Altro", "subcategory": "Altro"}, "geometry": {"type": "Point", "coordinates": [14.099961, 42.235478]}}, {"type": "Feature", "properties": {"wikidata": "Q172882", "name": "circuito di Pescara", "status": "missing", "osm_id": null, "group": "Altro", "subgroup": "Altro", "subcategory": "Altro"}, "geometry": {"type": "Point", "coordinates": [14.150833333, 42.475]}}, {"type": "Feature", "properties": {"wikidata": "Q1120504", "name": "Giardino botanico Michele Tenore", "status": "missing", "osm_id": null, "group": "Natura e paesaggio", "subgroup": "Verde", "subcategory": "Orto botanico"}, "geometry": {"type": "Point", "coordinates": [14.190686, 42.046793]}}, {"type": "Feature", "properties": {"wikidata": "Q216869", "name": "Gran Sasso", "status": "done", "osm_id": "relation/7407610", "group": "Altro", "subgroup": "Altro", "subcategory": "Altro"}, "geometry": {"type": "Point", "coordinates": [13.565277777, 42.469166666]}}, {"type": "Feature", "properties": {"wikidata": "Q838391", "name": "Monti della Laga", "status": "done", "osm_id": "relation/11718289", "group": "Natura e paesaggio", "subgroup": "Montagna", "subcategory": "Montagna"}, "geometry": {"type": "Point", "coordinates": [13.383333, 42.616667]}}, {"type": "Feature", "properties": {"wikidata": "Q747464", "name": "Poggio Filippo", "status": "done", "osm_id": "node/4591632655", "group": "Insediamenti", "subgroup": "Centri", "subcategory": "Frazione"}, "geometry": {"type": "Point", "coordinates": [13.305055555, 42.085055555]}}, {"type": "Feature", "properties": {"wikidata": "Q338470", "name": "Bocca di Forl\u00ec", "status": "done", "osm_id": "node/724490517", "group": "Natura e paesaggio", "subgroup": "Montagna", "subcategory": "Passo"}, "geometry": {"type": "Point", "coordinates": [14.1216, 41.732]}}, {"type": "Feature", "properties": {"wikidata": "Q921646", "name": "Colleparco", "status": "done", "osm_id": "node/1152949553", "group": "Altro", "subgroup": "Altro", "subcategory": "Altro"}, "geometry": {"type": "Point", "coordinates": [13.70333333, 42.66972222]}}, {"type": "Feature", "properties": {"wikidata": "Q588918", "name": "San Pelino", "status": "done", "osm_id": "node/2541775580", "group": "Insediamenti", "subgroup": "Centri", "subcategory": "Frazione"}, "geometry": {"type": "Point", "coordinates": [13.462222, 42.051667]}}, {"type": "Feature", "properties": {"wikidata": "Q388412", "name": "basilica di San Tommaso Apostolo", "status": "done", "osm_id": "relation/19179208", "group": "Religione", "subgroup": "Luoghi di Culto", "subcategory": "Basilica minore"}, "geometry": {"type": "Point", "coordinates": [14.4044, 42.3572]}}, {"type": "Feature", "properties": {"wikidata": "Q631656", "name": "chiesa di Santa Maria in Valle Porclaneta", "status": "done", "osm_id": "way/222188869", "group": "Religione", "subgroup": "Luoghi di Culto", "subcategory": "Chiesa"}, "geometry": {"type": "Point", "coordinates": [13.336071, 42.137271]}}, {"type": "Feature", "properties": {"wikidata": "Q617515", "name": "Frondarola", "status": "done", "osm_id": "node/1156295907", "group": "Insediamenti", "subgroup": "Centri", "subcategory": "Frazione"}, "geometry": {"type": "Point", "coordinates": [13.64886, 42.62102]}}, {"type": "Feature", "properties": {"wikidata": "Q71609", "name": "Salto", "status": "missing", "osm_id": null, "group": "Natura e paesaggio", "subgroup": "Acqua", "subcategory": "Fiume"}, "geometry": {"type": "Point", "coordinates": [12.89361111, 42.38944444]}}, {"type": "Feature", "properties": {"wikidata": "Q1080161", "name": "Brecciarola", "status": "done", "osm_id": "node/1129353520", "group": "Insediamenti", "subgroup": "Centri", "subcategory": "Frazione"}, "geometry": {"type": "Point", "coordinates": [14.09306, 42.32528]}}, {"type": "Feature", "properties": {"wikidata": "Q857848", "name": "Campo Imperatore", "status": "done", "osm_id": "node/518506445", "group": "Altro", "subgroup": "Altro", "subcategory": "Altro"}, "geometry": {"type": "Point", "coordinates": [13.558333, 42.443698]}}, {"type": "Feature", "properties": {"wikidata": "Q774459", "name": "Rocciano", "status": "done", "osm_id": "node/3924012839", "group": "Insediamenti", "subgroup": "Centri", "subcategory": "Frazione"}, "geometry": {"type": "Point", "coordinates": [13.66527778, 42.62722222]}}, {"type": "Feature", "properties": {"wikidata": "Q636540", "name": "Corno Grande", "status": "done", "osm_id": "way/313558543", "group": "Natura e paesaggio", "subgroup": "Montagna", "subcategory": "Montagna"}, "geometry": {"type": "Point", "coordinates": [13.565555555, 42.469166666]}}, {"type": "Feature", "properties": {"wikidata": "Q731780", "name": "Melone", "status": "done", "osm_id": "node/386329002", "group": "Insediamenti", "subgroup": "Centri", "subcategory": "Frazione"}, "geometry": {"type": "Point", "coordinates": [14.25104, 42.19226]}}, {"type": "Feature", "properties": {"wikidata": "Q1027914", "name": "parco nazionale del Gran Sasso e Monti della Laga", "status": "done", "osm_id": "relation/3164710", "group": "Altro", "subgroup": "Altro", "subcategory": "Altro"}, "geometry": {"type": "Point", "coordinates": [13.4952371, 42.4906519]}}, {"type": "Feature", "properties": {"wikidata": "Q390294", "name": "Cavuccio", "status": "done", "osm_id": "node/1071119071", "group": "Insediamenti", "subgroup": "Centri", "subcategory": "Frazione"}, "geometry": {"type": "Point", "coordinates": [13.65472222, 42.64277778]}}, {"type": "Feature", "properties": {"wikidata": "Q71562", "name": "Liri", "status": "done", "osm_id": "way/414285415", "group": "Natura e paesaggio", "subgroup": "Acqua", "subcategory": "Fiume"}, "geometry": {"type": "Point", "coordinates": [13.8629, 41.4098]}}, {"type": "Feature", "properties": {"wikidata": "Q472455", "name": "diocesi di Amiterno", "status": "missing", "osm_id": null, "group": "Altro", "subgroup": "Altro", "subcategory": "Altro"}, "geometry": {"type": "Point", "coordinates": [13.306, 42.4005]}}, {"type": "Feature", "properties": {"wikidata": "Q334414", "name": "abbazia di San Clemente a Casauria", "status": "done", "osm_id": "way/42021343", "group": "Religione", "subgroup": "Vita Monastica", "subcategory": "Abbazia"}, "geometry": {"type": "Point", "coordinates": [13.930068, 42.235203]}}, {"type": "Feature", "properties": {"wikidata": "Q954684", "name": "Marsica", "status": "missing", "osm_id": null, "group": "Altro", "subgroup": "Altro", "subcategory": "Altro"}, "geometry": {"type": "Point", "coordinates": [13.438055555, 42.047027777]}}, {"type": "Feature", "properties": {"wikidata": "Q772872", "name": "santuario della Madonna delle Grazie", "status": "done", "osm_id": "way/122705551", "group": "Religione", "subgroup": "Luoghi di Culto", "subcategory": "Santuario"}, "geometry": {"type": "Point", "coordinates": [13.711697222, 42.657019444]}}, {"type": "Feature", "properties": {"wikidata": "Q838788", "name": "Monti Simbruini", "status": "missing", "osm_id": null, "group": "Natura e paesaggio", "subgroup": "Montagna", "subcategory": "Montagna"}, "geometry": {"type": "Point", "coordinates": [13.645833333, 41.791111111]}}, {"type": "Feature", "properties": {"wikidata": "Q71768", "name": "Trigno", "status": "done", "osm_id": "relation/2531018", "group": "Natura e paesaggio", "subgroup": "Acqua", "subcategory": "Fiume"}, "geometry": {"type": "Point", "coordinates": [14.7969, 42.0619]}}, {"type": "Feature", "properties": {"wikidata": "Q1079434", "name": "Maiella", "status": "missing", "osm_id": null, "group": "Altro", "subgroup": "Altro", "subcategory": "Altro"}, "geometry": {"type": "Point", "coordinates": [14.05, 42.05]}}, {"type": "Feature", "properties": {"wikidata": "Q914789", "name": "Fucino", "status": "done", "osm_id": "relation/1554294", "group": "Altro", "subgroup": "Altro", "subcategory": "Altro"}, "geometry": {"type": "Point", "coordinates": [13.480055555, 42.008222222]}}, {"type": "Feature", "properties": {"wikidata": "Q2261128", "name": "Universit\u00e0 degli Studi \"Gabriele d'Annunzio\"", "status": "done", "osm_id": "relation/11232823", "group": "Altro", "subgroup": "Altro", "subcategory": "Altro"}, "geometry": {"type": "Point", "coordinates": [14.1457, 42.3696129]}}, {"type": "Feature", "properties": {"wikidata": "Q2070533", "name": "Magliano", "status": "done", "osm_id": "node/4622596547", "group": "Insediamenti", "subgroup": "Centri", "subcategory": "Frazione"}, "geometry": {"type": "Point", "coordinates": [13.57194444, 42.67694444]}}, {"type": "Feature", "properties": {"wikidata": "Q2303527", "name": "Universit\u00e0 degli Studi di Teramo", "status": "done", "osm_id": "way/100974625", "group": "Altro", "subgroup": "Altro", "subcategory": "Altro"}, "geometry": {"type": "Point", "coordinates": [13.700680555, 42.669630555]}}, {"type": "Feature", "properties": {"wikidata": "Q2258295", "name": "Aringo", "status": "done", "osm_id": "node/4364879058", "group": "Insediamenti", "subgroup": "Centri", "subcategory": "Frazione"}, "geometry": {"type": "Point", "coordinates": [13.26611111, 42.56666667]}}, {"type": "Feature", "properties": {"wikidata": "Q2160151", "name": "Roccacaramanico", "status": "done", "osm_id": "node/452631226", "group": "Insediamenti", "subgroup": "Centri", "subcategory": "Frazione"}, "geometry": {"type": "Point", "coordinates": [14.01666667, 42.11666667]}}, {"type": "Feature", "properties": {"wikidata": "Q2257461", "name": "Terremoto della Marsica del 1915", "status": "missing", "osm_id": null, "group": "Altro", "subgroup": "Altro", "subcategory": "Altro"}, "geometry": {"type": "Point", "coordinates": [13.634722222, 41.984888888]}}, {"type": "Feature", "properties": {"wikidata": "Q2278808", "name": "basilica cattedrale di Santa Maria Assunta", "status": "done", "osm_id": "way/241473411", "group": "Altro", "subgroup": "Altro", "subcategory": "Altro"}, "geometry": {"type": "Point", "coordinates": [13.703724, 42.658584]}}, {"type": "Feature", "properties": {"wikidata": "Q2663678", "name": "Santa Margherita di Atri", "status": "done", "osm_id": "node/2335588450", "group": "Insediamenti", "subgroup": "Centri", "subcategory": "Frazione"}, "geometry": {"type": "Point", "coordinates": [13.94388889, 42.60777778]}}, {"type": "Feature", "properties": {"wikidata": "Q2383463", "name": "Tussio", "status": "done", "osm_id": "node/777998146", "group": "Insediamenti", "subgroup": "Centri", "subcategory": "Frazione"}, "geometry": {"type": "Point", "coordinates": [13.64068, 42.2651]}}, {"type": "Feature", "properties": {"wikidata": "Q2587049", "name": "Tamarete", "status": "missing", "osm_id": null, "group": "Altro", "subgroup": "Altro", "subcategory": "Altro"}, "geometry": {"type": "Point", "coordinates": [14.380652185, 42.339380595]}}, {"type": "Feature", "properties": {"wikidata": "Q2576985", "name": "Ripe", "status": "done", "osm_id": "node/1264014426", "group": "Insediamenti", "subgroup": "Centri", "subcategory": "Frazione"}, "geometry": {"type": "Point", "coordinates": [13.63712, 42.75615]}}, {"type": "Feature", "properties": {"wikidata": "Q2519856", "name": "San Vittorino", "status": "done", "osm_id": "node/777991507", "group": "Insediamenti", "subgroup": "Centri", "subcategory": "Frazione"}, "geometry": {"type": "Point", "coordinates": [13.313888888, 42.397222222]}}, {"type": "Feature", "properties": {"wikidata": "Q2441664", "name": "Padula", "status": "done", "osm_id": "node/1264006061", "group": "Insediamenti", "subgroup": "Centri", "subcategory": "Frazione"}, "geometry": {"type": "Point", "coordinates": [13.46888889, 42.63333333]}}, {"type": "Feature", "properties": {"wikidata": "Q2544205", "name": "Fontegrande", "status": "missing", "osm_id": null, "group": "Insediamenti", "subgroup": "Centri", "subcategory": "Frazione"}, "geometry": {"type": "Point", "coordinates": [14.38333333, 42.3]}}, {"type": "Feature", "properties": {"wikidata": "Q2230379", "name": "Montagna dei Fiori", "status": "missing", "osm_id": null, "group": "Natura e paesaggio", "subgroup": "Montagna", "subcategory": "Montagna"}, "geometry": {"type": "Point", "coordinates": [13.600833333, 42.763611111]}}, {"type": "Feature", "properties": {"wikidata": "Q2558224", "name": "Villa Popolo", "status": "done", "osm_id": "node/3924012847", "group": "Insediamenti", "subgroup": "Centri", "subcategory": "Frazione"}, "geometry": {"type": "Point", "coordinates": [13.620277777, 42.660833333]}}, {"type": "Feature", "properties": {"wikidata": "Q2343705", "name": "Monte Corvo", "status": "done", "osm_id": "node/1358300416", "group": "Natura e paesaggio", "subgroup": "Montagna", "subcategory": "Montagna"}, "geometry": {"type": "Point", "coordinates": [13.4935, 42.479]}}, {"type": "Feature", "properties": {"wikidata": "Q2592100", "name": "Costumi", "status": "done", "osm_id": "node/3924012834", "group": "Insediamenti", "subgroup": "Centri", "subcategory": "Frazione"}, "geometry": {"type": "Point", "coordinates": [13.63694444, 42.665]}}, {"type": "Feature", "properties": {"wikidata": "Q2440627", "name": "Bellante Stazione", "status": "done", "osm_id": "node/3922922093", "group": "Insediamenti", "subgroup": "Centri", "subcategory": "Frazione"}, "geometry": {"type": "Point", "coordinates": [13.8, 42.75]}}, {"type": "Feature", "properties": {"wikidata": "Q2752243", "name": "Villa Vomano", "status": "done", "osm_id": "node/1156298641", "group": "Insediamenti", "subgroup": "Centri", "subcategory": "Frazione"}, "geometry": {"type": "Point", "coordinates": [13.76407, 42.61339]}}, {"type": "Feature", "properties": {"wikidata": "Q2615419", "name": "Giuliopoli", "status": "done", "osm_id": "node/1226627718", "group": "Insediamenti", "subgroup": "Centri", "subcategory": "Frazione"}, "geometry": {"type": "Point", "coordinates": [14.35777778, 41.92194444]}}, {"type": "Feature", "properties": {"wikidata": "Q2097658", "name": "Pizzo Intermesoli", "status": "missing", "osm_id": null, "group": "Natura e paesaggio", "subgroup": "Montagna", "subcategory": "Montagna"}, "geometry": {"type": "Point", "coordinates": [13.527646415, 42.472449761]}}, {"type": "Feature", "properties": {"wikidata": "Q2012453", "name": "Leofara", "status": "done", "osm_id": "node/1264014455", "group": "Insediamenti", "subgroup": "Centri", "subcategory": "Frazione"}, "geometry": {"type": "Point", "coordinates": [13.55119, 42.74222]}}, {"type": "Feature", "properties": {"wikidata": "Q2169070", "name": "Pietrasecca", "status": "done", "osm_id": "node/1481347099", "group": "Insediamenti", "subgroup": "Centri", "subcategory": "Frazione"}, "geometry": {"type": "Point", "coordinates": [13.129166666, 42.134722222]}}, {"type": "Feature", "properties": {"wikidata": "Q2426888", "name": "passo delle Capannelle", "status": "done", "osm_id": "node/297009037", "group": "Natura e paesaggio", "subgroup": "Montagna", "subcategory": "Passo"}, "geometry": {"type": "Point", "coordinates": [13.3514445, 42.459345]}}, {"type": "Feature", "properties": {"wikidata": "Q2799135", "name": "Frattura", "status": "done", "osm_id": "node/1335096087", "group": "Insediamenti", "subgroup": "Centri", "subcategory": "Frazione"}, "geometry": {"type": "Point", "coordinates": [13.87079, 41.9305]}}, {"type": "Feature", "properties": {"wikidata": "Q2595395", "name": "Assergi", "status": "done", "osm_id": "node/452630227", "group": "Altro", "subgroup": "Altro", "subcategory": "Altro"}, "geometry": {"type": "Point", "coordinates": [13.50786, 42.41545]}}, {"type": "Feature", "properties": {"wikidata": "Q2267957", "name": "Ripoli", "status": "missing", "osm_id": null, "group": "Archeologia", "subgroup": "Siti", "subcategory": "Sito archeologico"}, "geometry": {"type": "Point", "coordinates": [13.89, 42.82611111]}}, {"type": "Feature", "properties": {"wikidata": "Q2216664", "name": "Paganica", "status": "done", "osm_id": "relation/9751695", "group": "Insediamenti", "subgroup": "Centri", "subcategory": "Frazione"}, "geometry": {"type": "Point", "coordinates": [13.47138, 42.35715]}}, {"type": "Feature", "properties": {"wikidata": "Q2116241", "name": "Orto botanico riserva Lago di Penne", "status": "missing", "osm_id": null, "group": "Natura e paesaggio", "subgroup": "Verde", "subcategory": "Orto botanico"}, "geometry": {"type": "Point", "coordinates": [13.903617, 42.442079]}}, {"type": "Feature", "properties": {"wikidata": "Q2631149", "name": "Monte Velino", "status": "done", "osm_id": "node/26863998", "group": "Natura e paesaggio", "subgroup": "Montagna", "subcategory": "Montagna"}, "geometry": {"type": "Point", "coordinates": [13.366666666, 42.15]}}, {"type": "Feature", "properties": {"wikidata": "Q1977592", "name": "Manoppello Scalo", "status": "done", "osm_id": "node/1780685564", "group": "Insediamenti", "subgroup": "Centri", "subcategory": "Frazione"}, "geometry": {"type": "Point", "coordinates": [14.060833333, 42.306944444]}}, {"type": "Feature", "properties": {"wikidata": "Q2430547", "name": "Monticelli", "status": "done", "osm_id": "node/3923961359", "group": "Insediamenti", "subgroup": "Centri", "subcategory": "Frazione"}, "geometry": {"type": "Point", "coordinates": [13.7325, 42.70166667]}}, {"type": "Feature", "properties": {"wikidata": "Q2428630", "name": "Corfinium", "status": "done", "osm_id": "relation/12038485", "group": "Archeologia", "subgroup": "Siti", "subcategory": "Sito archeologico"}, "geometry": {"type": "Point", "coordinates": [13.835249, 42.11739]}}, {"type": "Feature", "properties": {"wikidata": "Q2219378", "name": "chiesa di San Clemente al Vomano", "status": "done", "osm_id": "way/75520341", "group": "Religione", "subgroup": "Luoghi di Culto", "subcategory": "Chiesa"}, "geometry": {"type": "Point", "coordinates": [13.89061111, 42.63436111]}}, {"type": "Feature", "properties": {"wikidata": "Q2604048", "name": "Valle Piola", "status": "done", "osm_id": "node/1244614006", "group": "Altro", "subgroup": "Altro", "subcategory": "Altro"}, "geometry": {"type": "Point", "coordinates": [13.576944444, 42.697777777]}}, {"type": "Feature", "properties": {"wikidata": "Q2518166", "name": "lago di Campotosto", "status": "done", "osm_id": "way/17671525", "group": "Natura e paesaggio", "subgroup": "Acqua", "subcategory": "Bacino artificiale"}, "geometry": {"type": "Point", "coordinates": [13.383333333, 42.530833333]}}, {"type": "Feature", "properties": {"wikidata": "Q2187630", "name": "Valle Pezzata", "status": "done", "osm_id": "node/3832579295", "group": "Altro", "subgroup": "Altro", "subcategory": "Altro"}, "geometry": {"type": "Point", "coordinates": [13.526388888, 42.713333333]}}, {"type": "Feature", "properties": {"wikidata": "Q2611812", "name": "Pianibbie", "status": "done", "osm_id": "node/4993234096", "group": "Insediamenti", "subgroup": "Centri", "subcategory": "Frazione"}, "geometry": {"type": "Point", "coordinates": [14.31604, 42.14731]}}, {"type": "Feature", "properties": {"wikidata": "Q2626087", "name": "Pi\u00e9 La Costa", "status": "done", "osm_id": "node/777995514", "group": "Insediamenti", "subgroup": "Centri", "subcategory": "Frazione"}, "geometry": {"type": "Point", "coordinates": [13.27251, 42.31864]}}, {"type": "Feature", "properties": {"wikidata": "Q2121362", "name": "Monte Prena", "status": "done", "osm_id": "node/2358672598", "group": "Natura e paesaggio", "subgroup": "Montagna", "subcategory": "Montagna"}, "geometry": {"type": "Point", "coordinates": [13.6822, 42.4419]}}, {"type": "Feature", "properties": {"wikidata": "Q2362419", "name": "Le Morge", "status": "done", "osm_id": "node/4993231758", "group": "Insediamenti", "subgroup": "Centri", "subcategory": "Frazione"}, "geometry": {"type": "Point", "coordinates": [14.55833333, 42.20888889]}}, {"type": "Feature", "properties": {"wikidata": "Q2886989", "name": "basilica di San Bernardino", "status": "done", "osm_id": "relation/9407878", "group": "Religione", "subgroup": "Luoghi di Culto", "subcategory": "Basilica minore"}, "geometry": {"type": "Point", "coordinates": [13.401738, 42.350224]}}, {"type": "Feature", "properties": {"wikidata": "Q2455724", "name": "Ponzano", "status": "done", "osm_id": "node/3923961372", "group": "Insediamenti", "subgroup": "Centri", "subcategory": "Frazione"}, "geometry": {"type": "Point", "coordinates": [13.70555556, 42.77888889]}}, {"type": "Feature", "properties": {"wikidata": "Q2935386", "name": "Morrea", "status": "done", "osm_id": "node/930105999", "group": "Insediamenti", "subgroup": "Centri", "subcategory": "Frazione"}, "geometry": {"type": "Point", "coordinates": [13.512583333, 41.853444444]}}, {"type": "Feature", "properties": {"wikidata": "Q2158599", "name": "Santa Reparata", "status": "done", "osm_id": "node/452992242", "group": "Insediamenti", "subgroup": "Centri", "subcategory": "Frazione"}, "geometry": {"type": "Point", "coordinates": [13.69805556, 42.80861111]}}, {"type": "Feature", "properties": {"wikidata": "Q2407787", "name": "San Silvestro", "status": "missing", "osm_id": null, "group": "Insediamenti", "subgroup": "Centri", "subcategory": "Frazione"}, "geometry": {"type": "Point", "coordinates": [14.236933333, 42.435388888]}}, {"type": "Feature", "properties": {"wikidata": "Q1956293", "name": "Valle Soprana", "status": "done", "osm_id": "node/4760440200", "group": "Insediamenti", "subgroup": "Centri", "subcategory": "Frazione"}, "geometry": {"type": "Point", "coordinates": [13.608888888, 42.618611111]}}, {"type": "Feature", "properties": {"wikidata": "Q2873418", "name": "Aveia", "status": "missing", "osm_id": null, "group": "Archeologia", "subgroup": "Siti", "subcategory": "Sito archeologico"}, "geometry": {"type": "Point", "coordinates": [13.48972222, 42.3]}}, {"type": "Feature", "properties": {"wikidata": "Q2326040", "name": "stadio Teofilo Patini", "status": "done", "osm_id": "way/310795497", "group": "Cultura e tempo libero", "subgroup": "Sport", "subcategory": "Impianto sportivo"}, "geometry": {"type": "Point", "coordinates": [14.1027, 41.7795]}}, {"type": "Feature", "properties": {"wikidata": "Q1895726", "name": "Val Vomano", "status": "done", "osm_id": "node/314970768", "group": "Insediamenti", "subgroup": "Centri", "subcategory": "Frazione"}, "geometry": {"type": "Point", "coordinates": [13.751944444, 42.607222222]}}, {"type": "Feature", "properties": {"wikidata": "Q2625103", "name": "Serra", "status": "done", "osm_id": "node/2319358146", "group": "Altro", "subgroup": "Altro", "subcategory": "Altro"}, "geometry": {"type": "Point", "coordinates": [13.53223, 42.69511]}}, {"type": "Feature", "properties": {"wikidata": "Q2034923", "name": "basilica di Santa Maria di Collemaggio", "status": "done", "osm_id": "relation/8858804", "group": "Religione", "subgroup": "Luoghi di Culto", "subcategory": "Basilica minore"}, "geometry": {"type": "Point", "coordinates": [13.404722222, 42.342777777]}}, {"type": "Feature", "properties": {"wikidata": "Q2181656", "name": "Riano", "status": "missing", "osm_id": null, "group": "Insediamenti", "subgroup": "Centri", "subcategory": "Frazione"}, "geometry": {"type": "Point", "coordinates": [13.49329, 42.66386]}}, {"type": "Feature", "properties": {"wikidata": "Q2108799", "name": "Tavolero", "status": "done", "osm_id": "node/2498599018", "group": "Altro", "subgroup": "Altro", "subcategory": "Altro"}, "geometry": {"type": "Point", "coordinates": [13.533306662, 42.660452998]}}, {"type": "Feature", "properties": {"wikidata": "Q2294325", "name": "Scanzano", "status": "done", "osm_id": "node/4452500919", "group": "Insediamenti", "subgroup": "Centri", "subcategory": "Frazione"}, "geometry": {"type": "Point", "coordinates": [13.25, 42.10555556]}}, {"type": "Feature", "properties": {"wikidata": "Q2260460", "name": "Tofo-Sant'Eleuterio", "status": "done", "osm_id": "node/3923961384", "group": "Insediamenti", "subgroup": "Centri", "subcategory": "Frazione"}, "geometry": {"type": "Point", "coordinates": [13.751388888, 42.715833333]}}, {"type": "Feature", "properties": {"wikidata": "Q2789256", "name": "Aragno", "status": "done", "osm_id": "node/452630226", "group": "Insediamenti", "subgroup": "Centri", "subcategory": "Frazione"}, "geometry": {"type": "Point", "coordinates": [13.45772, 42.39639]}}, {"type": "Feature", "properties": {"wikidata": "Q2023096", "name": "Sant'Onofrio", "status": "done", "osm_id": "node/3274251712", "group": "Insediamenti", "subgroup": "Centri", "subcategory": "Frazione"}, "geometry": {"type": "Point", "coordinates": [13.73694444, 42.76027778]}}, {"type": "Feature", "properties": {"wikidata": "Q2379643", "name": "Anfiteatro romano di Amiternum", "status": "done", "osm_id": "way/606148989", "group": "Altro", "subgroup": "Altro", "subcategory": "Altro"}, "geometry": {"type": "Point", "coordinates": [13.306, 42.400556]}}, {"type": "Feature", "properties": {"wikidata": "Q2332899", "name": "Torri di Casanova", "status": "missing", "osm_id": null, "group": "Natura e paesaggio", "subgroup": "Montagna", "subcategory": "Montagna"}, "geometry": {"type": "Point", "coordinates": [13.6580472, 42.4403551]}}, {"type": "Feature", "properties": {"wikidata": "Q2609855", "name": "Albe", "status": "done", "osm_id": "node/2541762426", "group": "Insediamenti", "subgroup": "Centri", "subcategory": "Frazione"}, "geometry": {"type": "Point", "coordinates": [13.408581336, 42.080480133]}}, {"type": "Feature", "properties": {"wikidata": "Q2905711", "name": "San Nicol\u00f2 a Tordino", "status": "done", "osm_id": "node/1153801603", "group": "Insediamenti", "subgroup": "Centri", "subcategory": "Frazione"}, "geometry": {"type": "Point", "coordinates": [13.79708, 42.69648]}}, {"type": "Feature", "properties": {"wikidata": "Q2532660", "name": "Castrovalva", "status": "done", "osm_id": "node/1335089126", "group": "Insediamenti", "subgroup": "Centri", "subcategory": "Frazione"}, "geometry": {"type": "Point", "coordinates": [13.81344, 41.98294]}}, {"type": "Feature", "properties": {"wikidata": "Q2300764", "name": "Poggio Rattieri", "status": "done", "osm_id": "node/1070718740", "group": "Insediamenti", "subgroup": "Centri", "subcategory": "Frazione"}, "geometry": {"type": "Point", "coordinates": [13.59166667, 42.64222222]}}, {"type": "Feature", "properties": {"wikidata": "Q2218606", "name": "Monte Scindarella", "status": "done", "osm_id": "node/2546648259", "group": "Natura e paesaggio", "subgroup": "Montagna", "subcategory": "Montagna"}, "geometry": {"type": "Point", "coordinates": [13.5835929, 42.428928]}}, {"type": "Feature", "properties": {"wikidata": "Q2179972", "name": "San Giacomo", "status": "done", "osm_id": "node/452996776", "group": "Insediamenti", "subgroup": "Centri", "subcategory": "Frazione"}, "geometry": {"type": "Point", "coordinates": [13.56027778, 42.79944444]}}, {"type": "Feature", "properties": {"wikidata": "Q2006767", "name": "Gallo", "status": "missing", "osm_id": null, "group": "Insediamenti", "subgroup": "Centri", "subcategory": "Frazione"}, "geometry": {"type": "Point", "coordinates": [13.264916666, 42.097777777]}}, {"type": "Feature", "properties": {"wikidata": "Q2287431", "name": "Caldari", "status": "done", "osm_id": "node/6282912532", "group": "Insediamenti", "subgroup": "Centri", "subcategory": "Frazione"}, "geometry": {"type": "Point", "coordinates": [14.365555555, 42.2925]}}, {"type": "Feature", "properties": {"wikidata": "Q2686891", "name": "complesso della Santissima Annunziata", "status": "missing", "osm_id": null, "group": "Dimore ed edifici", "subgroup": "Strutture Varie", "subcategory": "Edificio"}, "geometry": {"type": "Point", "coordinates": [13.92343, 42.049228]}}, {"type": "Feature", "properties": {"wikidata": "Q1970743", "name": "Valle San Giovanni", "status": "done", "osm_id": "node/133311127", "group": "Insediamenti", "subgroup": "Centri", "subcategory": "Frazione"}, "geometry": {"type": "Point", "coordinates": [13.618055555, 42.621111111]}}, {"type": "Feature", "properties": {"wikidata": "Q2887128", "name": "basilica di Santa Maria Assunta", "status": "done", "osm_id": "way/402509927", "group": "Altro", "subgroup": "Altro", "subcategory": "Altro"}, "geometry": {"type": "Point", "coordinates": [14.109182, 41.78639]}}, {"type": "Feature", "properties": {"wikidata": "Q3748434", "name": "Foro", "status": "done", "osm_id": "node/4429665391", "group": "Insediamenti", "subgroup": "Centri", "subcategory": "Frazione"}, "geometry": {"type": "Point", "coordinates": [14.273333333, 42.3525]}}, {"type": "Feature", "properties": {"wikidata": "Q3861590", "name": "monte Giove", "status": "done", "osm_id": "node/4760440202", "group": "Natura e paesaggio", "subgroup": "Montagna", "subcategory": "Montagna"}, "geometry": {"type": "Point", "coordinates": [13.7914, 42.5681]}}, {"type": "Feature", "properties": {"wikidata": "Q3826017", "name": "lago di Provvidenza", "status": "done", "osm_id": "way/96191841", "group": "Natura e paesaggio", "subgroup": "Acqua", "subcategory": "Lago"}, "geometry": {"type": "Point", "coordinates": [13.41068, 42.50931]}}, {"type": "Feature", "properties": {"wikidata": "Q3777021", "name": "grotta del Colle", "status": "missing", "osm_id": null, "group": "Natura e paesaggio", "subgroup": "Montagna", "subcategory": "Grotta"}, "geometry": {"type": "Point", "coordinates": [14.1638, 42.204555]}}, {"type": "Feature", "properties": {"wikidata": "Q3862123", "name": "Monte Viglio", "status": "done", "osm_id": "node/1291463053", "group": "Natura e paesaggio", "subgroup": "Montagna", "subcategory": "Montagna"}, "geometry": {"type": "Point", "coordinates": [13.3736, 41.8845]}}, {"type": "Feature", "properties": {"wikidata": "Q3862435", "name": "Monti Cantari", "status": "missing", "osm_id": null, "group": "Natura e paesaggio", "subgroup": "Montagna", "subcategory": "Montagna"}, "geometry": {"type": "Point", "coordinates": [13.3736, 41.8845]}}, {"type": "Feature", "properties": {"wikidata": "Q3861228", "name": "Monte Bertona", "status": "done", "osm_id": "node/4311973989", "group": "Natura e paesaggio", "subgroup": "Montagna", "subcategory": "Montagna"}, "geometry": {"type": "Point", "coordinates": [13.8525, 42.40084]}}, {"type": "Feature", "properties": {"wikidata": "Q3788461", "name": "ICRANet", "status": "missing", "osm_id": null, "group": "Altro", "subgroup": "Altro", "subcategory": "Altro"}, "geometry": {"type": "Point", "coordinates": [14.205408, 42.469872]}}, {"type": "Feature", "properties": {"wikidata": "Q3862310", "name": "Montepagano", "status": "done", "osm_id": "node/1064708352", "group": "Insediamenti", "subgroup": "Centri", "subcategory": "Frazione"}, "geometry": {"type": "Point", "coordinates": [13.98966, 42.67682]}}, {"type": "Feature", "properties": {"wikidata": "Q3758430", "name": "Garrufo", "status": "done", "osm_id": "node/452992208", "group": "Insediamenti", "subgroup": "Centri", "subcategory": "Frazione"}, "geometry": {"type": "Point", "coordinates": [13.65716, 42.73702]}}, {"type": "Feature", "properties": {"wikidata": "Q3867665", "name": "Museo archeologico La Civitella", "status": "done", "osm_id": "way/137473583", "group": "Cultura e tempo libero", "subgroup": "Musei", "subcategory": "Museo archeologico"}, "geometry": {"type": "Point", "coordinates": [14.162026, 42.345096]}}, {"type": "Feature", "properties": {"wikidata": "Q3860322", "name": "Molviano", "status": "done", "osm_id": "node/3923961358", "group": "Insediamenti", "subgroup": "Centri", "subcategory": "Frazione"}, "geometry": {"type": "Point", "coordinates": [13.71892, 42.76132]}}, {"type": "Feature", "properties": {"wikidata": "Q3777011", "name": "grotta Sant'Angelo", "status": "missing", "osm_id": null, "group": "Religione", "subgroup": "Vita Monastica", "subcategory": "Eremo"}, "geometry": {"type": "Point", "coordinates": [14.178147222, 42.055502777]}}, {"type": "Feature", "properties": {"wikidata": "Q3825758", "name": "lago Pio", "status": "done", "osm_id": "way/96380294", "group": "Natura e paesaggio", "subgroup": "Acqua", "subcategory": "Lago"}, "geometry": {"type": "Point", "coordinates": [13.842097222, 41.933047222]}}, {"type": "Feature", "properties": {"wikidata": "Q3862637", "name": "Monumento a san Francesco Caracciolo", "status": "missing", "osm_id": null, "group": "Monumenti", "subgroup": "Monumenti", "subcategory": "Statua"}, "geometry": {"type": "Point", "coordinates": [14.350041, 41.949658]}}, {"type": "Feature", "properties": {"wikidata": "Q3747493", "name": "Fonte del Borgo", "status": "done", "osm_id": "node/308179759", "group": "Monumenti", "subgroup": "Monumenti", "subcategory": "Fontana"}, "geometry": {"type": "Point", "coordinates": [14.391001, 42.228138]}}, {"type": "Feature", "properties": {"wikidata": "Q3862484", "name": "Monticchio", "status": "done", "osm_id": "node/370328588", "group": "Insediamenti", "subgroup": "Centri", "subcategory": "Frazione"}, "geometry": {"type": "Point", "coordinates": [13.465322, 42.320438]}}, {"type": "Feature", "properties": {"wikidata": "Q3747929", "name": "Forca di Valle", "status": "done", "osm_id": "node/452630242", "group": "Insediamenti", "subgroup": "Centri", "subcategory": "Frazione"}, "geometry": {"type": "Point", "coordinates": [13.63127, 42.51903]}}, {"type": "Feature", "properties": {"wikidata": "Q3867555", "name": "Musei di palazzo d'Avalos", "status": "done", "osm_id": "relation/3011069", "group": "Cultura e tempo libero", "subgroup": "Musei", "subcategory": "Museo d'arte"}, "geometry": {"type": "Point", "coordinates": [14.710549, 42.111496]}}, {"type": "Feature", "properties": {"wikidata": "Q3827075", "name": "largo Torretta", "status": "missing", "osm_id": null, "group": "Insediamenti", "subgroup": "Zone Urbane", "subcategory": "Piazza"}, "geometry": {"type": "Point", "coordinates": [14.44658, 42.067]}}, {"type": "Feature", "properties": {"wikidata": "Q3754470", "name": "Funivia del Gran Sasso d'Italia", "status": "done", "osm_id": "way/30259797", "group": "Altro", "subgroup": "Altro", "subcategory": "Altro"}, "geometry": {"type": "Point", "coordinates": [13.528472, 42.426448]}}, {"type": "Feature", "properties": {"wikidata": "Q3861863", "name": "Monte Porrara", "status": "done", "osm_id": "node/1930745042", "group": "Natura e paesaggio", "subgroup": "Montagna", "subcategory": "Montagna"}, "geometry": {"type": "Point", "coordinates": [14.096, 41.9657]}}, {"type": "Feature", "properties": {"wikidata": "Q3867687", "name": "Museo archeologico di Guardiagrele", "status": "missing", "osm_id": null, "group": "Cultura e tempo libero", "subgroup": "Musei", "subcategory": "Museo archeologico"}, "geometry": {"type": "Point", "coordinates": [14.220353, 42.19105]}}, {"type": "Feature", "properties": {"wikidata": "Q3747926", "name": "Forca Caruso", "status": "done", "osm_id": "node/903622395", "group": "Natura e paesaggio", "subgroup": "Montagna", "subcategory": "Passo"}, "geometry": {"type": "Point", "coordinates": [13.697944444, 42.062638888]}}, {"type": "Feature", "properties": {"wikidata": "Q3817943", "name": "L'Aquila Temporary Concert Hall", "status": "missing", "osm_id": null, "group": "Cultura e tempo libero", "subgroup": "Spettacolo", "subcategory": "Teatro"}, "geometry": {"type": "Point", "coordinates": [13.417555555, 42.352277777]}}, {"type": "Feature", "properties": {"wikidata": "Q3825776", "name": "lago Sant'Angelo", "status": "done", "osm_id": "relation/12831945", "group": "Natura e paesaggio", "subgroup": "Acqua", "subcategory": "Lago"}, "geometry": {"type": "Point", "coordinates": [14.253044, 42.090006]}}, {"type": "Feature", "properties": {"wikidata": "Q3867241", "name": "mura dell'Aquila", "status": "done", "osm_id": "relation/8443311", "group": "Fortificazioni e militare", "subgroup": "Fortificazioni", "subcategory": "Mura cittadine"}, "geometry": {"type": "Point", "coordinates": [13.388967, 42.355823]}}, {"type": "Feature", "properties": {"wikidata": "Q3867563", "name": "Musellaro", "status": "done", "osm_id": "node/452631210", "group": "Altro", "subgroup": "Altro", "subcategory": "Altro"}, "geometry": {"type": "Point", "coordinates": [13.95272, 42.191243]}}, {"type": "Feature", "properties": {"wikidata": "Q3786936", "name": "Hotel Campo Imperatore", "status": "done", "osm_id": "way/73030418", "group": "Dimore ed edifici", "subgroup": "Ospitalit\u00e0", "subcategory": "Albergo"}, "geometry": {"type": "Point", "coordinates": [13.559065, 42.442423055]}}, {"type": "Feature", "properties": {"wikidata": "Q3839042", "name": "Lucus Angitiae", "status": "done", "osm_id": "way/372701598", "group": "Archeologia", "subgroup": "Siti", "subcategory": "Sito archeologico"}, "geometry": {"type": "Point", "coordinates": [13.460661, 41.970771]}}, {"type": "Feature", "properties": {"wikidata": "Q3861699", "name": "Monte Luco", "status": "missing", "osm_id": null, "group": "Natura e paesaggio", "subgroup": "Montagna", "subcategory": "Montagna"}, "geometry": {"type": "Point", "coordinates": [13.3735, 42.3408]}}, {"type": "Feature", "properties": {"wikidata": "Q3825876", "name": "lago della Montagna Spaccata", "status": "done", "osm_id": "way/37516959", "group": "Natura e paesaggio", "subgroup": "Acqua", "subcategory": "Lago"}, "geometry": {"type": "Point", "coordinates": [14.006, 41.721]}}, {"type": "Feature", "properties": {"wikidata": "Q3867645", "name": "Museo Staur\u00f3s", "status": "missing", "osm_id": null, "group": "Altro", "subgroup": "Altro", "subcategory": "Altro"}, "geometry": {"type": "Point", "coordinates": [13.6575, 42.516944]}}, {"type": "Feature", "properties": {"wikidata": "Q3773165", "name": "Golfo di Vasto", "status": "missing", "osm_id": null, "group": "Natura e paesaggio", "subgroup": "Mare e Costa", "subcategory": "Baia"}, "geometry": {"type": "Point", "coordinates": [14.75, 42.1]}}, {"type": "Feature", "properties": {"wikidata": "Q3862628", "name": "Monumento a Silvio Spaventa", "status": "done", "osm_id": "node/13112347657", "group": "Altro", "subgroup": "Altro", "subcategory": "Altro"}, "geometry": {"type": "Point", "coordinates": [14.3665086, 42.0349932]}}, {"type": "Feature", "properties": {"wikidata": "Q3773166", "name": "Golfo di Venere", "status": "missing", "osm_id": null, "group": "Natura e paesaggio", "subgroup": "Mare e Costa", "subcategory": "Baia"}, "geometry": {"type": "Point", "coordinates": [14.513625, 42.260133]}}, {"type": "Feature", "properties": {"wikidata": "Q3861939", "name": "Monte Ruzza", "status": "done", "osm_id": "node/2546633338", "group": "Natura e paesaggio", "subgroup": "Montagna", "subcategory": "Montagna"}, "geometry": {"type": "Point", "coordinates": [13.5625, 42.381388888]}}, {"type": "Feature", "properties": {"wikidata": "Q3825999", "name": "lago di Penne", "status": "done", "osm_id": "relation/12629009", "group": "Natura e paesaggio", "subgroup": "Acqua", "subcategory": "Lago"}, "geometry": {"type": "Point", "coordinates": [13.910365, 42.442303]}}, {"type": "Feature", "properties": {"wikidata": "Q3861929", "name": "Monte Rotondo", "status": "done", "osm_id": "node/6795459730", "group": "Natura e paesaggio", "subgroup": "Montagna", "subcategory": "Montagna"}, "geometry": {"type": "Point", "coordinates": [13.482705, 42.1983263]}}, {"type": "Feature", "properties": {"wikidata": "Q3861611", "name": "Monte Greco", "status": "done", "osm_id": "node/1783623767", "group": "Natura e paesaggio", "subgroup": "Montagna", "subcategory": "Montagna"}, "geometry": {"type": "Point", "coordinates": [13.9943, 41.7973]}}, {"type": "Feature", "properties": {"wikidata": "Q3861810", "name": "Monte Pallano", "status": "done", "osm_id": "node/4993231784", "group": "Natura e paesaggio", "subgroup": "Montagna", "subcategory": "Montagna"}, "geometry": {"type": "Point", "coordinates": [14.3769818, 42.0320896]}}, {"type": "Feature", "properties": {"wikidata": "Q3867702", "name": "Museo archeologico nazionale d'Abruzzo", "status": "missing", "osm_id": null, "group": "Cultura e tempo libero", "subgroup": "Musei", "subcategory": "Museo d'arte"}, "geometry": {"type": "Point", "coordinates": [14.1645, 42.343]}}, {"type": "Feature", "properties": {"wikidata": "Q3778337", "name": "Guardiabruna", "status": "done", "osm_id": "node/2047696268", "group": "Insediamenti", "subgroup": "Centri", "subcategory": "Frazione"}, "geometry": {"type": "Point", "coordinates": [14.516666666, 41.85]}}, {"type": "Feature", "properties": {"wikidata": "Q3785880", "name": "Histonium", "status": "missing", "osm_id": null, "group": "Archeologia", "subgroup": "Siti", "subcategory": "Sito archeologico"}, "geometry": {"type": "Point", "coordinates": [14.70821944, 42.11158889]}}, {"type": "Feature", "properties": {"wikidata": "Q3773089", "name": "Gole di Celano", "status": "missing", "osm_id": null, "group": "Altro", "subgroup": "Altro", "subcategory": "Altro"}, "geometry": {"type": "Point", "coordinates": [13.567829, 42.085703]}}, {"type": "Feature", "properties": {"wikidata": "Q3763889", "name": "Giardino botanico delle Sorgenti del Cavuto", "status": "missing", "osm_id": null, "group": "Natura e paesaggio", "subgroup": "Verde", "subcategory": "Orto botanico"}, "geometry": {"type": "Point", "coordinates": [13.803924, 41.995541]}}, {"type": "Feature", "properties": {"wikidata": "Q3747472", "name": "Fontanelle", "status": "missing", "osm_id": null, "group": "Insediamenti", "subgroup": "Zone Urbane", "subcategory": "Quartiere"}, "geometry": {"type": "Point", "coordinates": [14.2043, 42.4347]}}, {"type": "Feature", "properties": {"wikidata": "Q3763883", "name": "Giardino botanico alpino di Campo Imperatore", "status": "done", "osm_id": "way/126705554", "group": "Natura e paesaggio", "subgroup": "Verde", "subcategory": "Orto botanico"}, "geometry": {"type": "Point", "coordinates": [13.558272, 42.443759]}}, {"type": "Feature", "properties": {"wikidata": "Q3757748", "name": "Galleria delle antiche ceramiche abruzzesi", "status": "missing", "osm_id": null, "group": "Cultura e tempo libero", "subgroup": "Musei", "subcategory": "Museo d'arte"}, "geometry": {"type": "Point", "coordinates": [13.987699, 42.433189]}}, {"type": "Feature", "properties": {"wikidata": "Q3849998", "name": "Martese", "status": "done", "osm_id": "node/1300124772", "group": "Altro", "subgroup": "Altro", "subcategory": "Altro"}, "geometry": {"type": "Point", "coordinates": [13.52166667, 42.67805556]}}, {"type": "Feature", "properties": {"wikidata": "Q3747928", "name": "Forca d'Acero", "status": "done", "osm_id": "node/475841983", "group": "Natura e paesaggio", "subgroup": "Montagna", "subcategory": "Passo"}, "geometry": {"type": "Point", "coordinates": [13.816888888, 41.752472222]}}, {"type": "Feature", "properties": {"wikidata": "Q3867652", "name": "Museo Paparella Treccia Devlet", "status": "done", "osm_id": "node/5543784728", "group": "Cultura e tempo libero", "subgroup": "Musei", "subcategory": "Museo d'arte"}, "geometry": {"type": "Point", "coordinates": [14.208315, 42.472541]}}, {"type": "Feature", "properties": {"wikidata": "Q3867749", "name": "Museo Capitolare di Atri", "status": "missing", "osm_id": null, "group": "Cultura e tempo libero", "subgroup": "Musei", "subcategory": "Museo d'arte"}, "geometry": {"type": "Point", "coordinates": [13.979661, 42.580501]}}, {"type": "Feature", "properties": {"wikidata": "Q3867751", "name": "Museo casa natale Gabriele D'Annunzio", "status": "done", "osm_id": "node/5543784729", "group": "Cultura e tempo libero", "subgroup": "Musei", "subcategory": "Casa museo"}, "geometry": {"type": "Point", "coordinates": [14.211818, 42.46099]}}, {"type": "Feature", "properties": {"wikidata": "Q3867691", "name": "Museo archeologico di Santa Maria dei Raccomandati", "status": "done", "osm_id": "node/6813208256", "group": "Cultura e tempo libero", "subgroup": "Musei", "subcategory": "Museo archeologico"}, "geometry": {"type": "Point", "coordinates": [13.4005, 42.352138888]}}, {"type": "Feature", "properties": {"wikidata": "Q3853698", "name": "Mediamuseum", "status": "done", "osm_id": "way/24398315", "group": "Cultura e tempo libero", "subgroup": "Musei", "subcategory": "Museo"}, "geometry": {"type": "Point", "coordinates": [14.214055, 42.459933]}}, {"type": "Feature", "properties": {"wikidata": "Q3763876", "name": "Giardino botanico Loreto Grande", "status": "done", "osm_id": "way/787639289", "group": "Natura e paesaggio", "subgroup": "Verde", "subcategory": "Orto botanico"}, "geometry": {"type": "Point", "coordinates": [13.624342, 41.86622]}}, {"type": "Feature", "properties": {"wikidata": "Q3826032", "name": "lago di San Domenico", "status": "done", "osm_id": "relation/17345197", "group": "Natura e paesaggio", "subgroup": "Acqua", "subcategory": "Lago"}, "geometry": {"type": "Point", "coordinates": [13.828888888, 41.941944444]}}, {"type": "Feature", "properties": {"wikidata": "Q3862496", "name": "Montone", "status": "done", "osm_id": "node/1434997138", "group": "Insediamenti", "subgroup": "Centri", "subcategory": "Frazione"}, "geometry": {"type": "Point", "coordinates": [13.92173, 42.76651]}}, {"type": "Feature", "properties": {"wikidata": "Q3801322", "name": "Ioanella", "status": "done", "osm_id": "node/1711634538", "group": "Insediamenti", "subgroup": "Centri", "subcategory": "Frazione"}, "geometry": {"type": "Point", "coordinates": [13.62191, 42.66423]}}, {"type": "Feature", "properties": {"wikidata": "Q3971254", "name": "Stazione di Vasto-San Salvo", "status": "done", "osm_id": "node/747677596", "group": "Infrastrutture", "subgroup": "Trasporti", "subcategory": "Stazione ferroviaria"}, "geometry": {"type": "Point", "coordinates": [14.7396, 42.08]}}, {"type": "Feature", "properties": {"wikidata": "Q4010405", "name": "Vestea", "status": "done", "osm_id": "node/49807379", "group": "Insediamenti", "subgroup": "Centri", "subcategory": "Frazione"}, "geometry": {"type": "Point", "coordinates": [13.88438, 42.38999]}}, {"type": "Feature", "properties": {"wikidata": "Q3995450", "name": "Torre del Salinello", "status": "done", "osm_id": "way/154636864", "group": "Altro", "subgroup": "Altro", "subcategory": "Altro"}, "geometry": {"type": "Point", "coordinates": [13.958064, 42.763049]}}, {"type": "Feature", "properties": {"wikidata": "Q3970451", "name": "stazione di Pescara Centrale", "status": "done", "osm_id": "relation/11936157", "group": "Infrastrutture", "subgroup": "Trasporti", "subcategory": "Stazione ferroviaria"}, "geometry": {"type": "Point", "coordinates": [14.20416667, 42.46777778]}}, {"type": "Feature", "properties": {"wikidata": "Q4007491", "name": "Val di Foro", "status": "done", "osm_id": "node/6679857135", "group": "Insediamenti", "subgroup": "Centri", "subcategory": "Insediamento umano"}, "geometry": {"type": "Point", "coordinates": [14.1965, 42.26941]}}, {"type": "Feature", "properties": {"wikidata": "Q4008074", "name": "Valle Subequana", "status": "done", "osm_id": "way/1228328860", "group": "Natura e paesaggio", "subgroup": "Montagna", "subcategory": "Valle"}, "geometry": {"type": "Point", "coordinates": [13.715693, 42.14966]}}, {"type": "Feature", "properties": {"wikidata": "Q3971463", "name": "stazione meteorologica di Avezzano", "status": "missing", "osm_id": null, "group": "Infrastrutture", "subgroup": "Industria e Tecnica", "subcategory": "Stazione meteorologica"}, "geometry": {"type": "Point", "coordinates": [13.44, 42.03]}}, {"type": "Feature", "properties": {"wikidata": "Q4012680", "name": "Villa dei Ligustri", "status": "missing", "osm_id": null, "group": "Natura e paesaggio", "subgroup": "Verde", "subcategory": "Orto botanico"}, "geometry": {"type": "Point", "coordinates": [13.984333, 42.432606]}}, {"type": "Feature", "properties": {"wikidata": "Q3970445", "name": "stazione di Pescara Porta Nuova", "status": "done", "osm_id": "way/1341317617", "group": "Infrastrutture", "subgroup": "Trasporti", "subcategory": "Stazione ferroviaria"}, "geometry": {"type": "Point", "coordinates": [14.211781, 42.457787]}}, {"type": "Feature", "properties": {"wikidata": "Q3970689", "name": "stazione di Roccaraso", "status": "done", "osm_id": "node/5820954199", "group": "Infrastrutture", "subgroup": "Trasporti", "subcategory": "Stazione ferroviaria"}, "geometry": {"type": "Point", "coordinates": [14.0792, 41.8507]}}, {"type": "Feature", "properties": {"wikidata": "Q3969458", "name": "stazione di Colli di Monte Bove", "status": "done", "osm_id": "node/1783452057", "group": "Infrastrutture", "subgroup": "Trasporti", "subcategory": "Stazione ferroviaria"}, "geometry": {"type": "Point", "coordinates": [13.1506, 42.0972]}}, {"type": "Feature", "properties": {"wikidata": "Q3995726", "name": "Torri Montanare", "status": "missing", "osm_id": null, "group": "Fortificazioni e militare", "subgroup": "Fortificazioni", "subcategory": "Torre"}, "geometry": {"type": "Point", "coordinates": [14.385747, 42.229003]}}, {"type": "Feature", "properties": {"wikidata": "Q3995267", "name": "Torre San Rocco", "status": "done", "osm_id": "node/3924034650", "group": "Insediamenti", "subgroup": "Centri", "subcategory": "Frazione"}, "geometry": {"type": "Point", "coordinates": [14.0217, 42.6316]}}, {"type": "Feature", "properties": {"wikidata": "Q3970446", "name": "stazione di Pescara San Marco", "status": "done", "osm_id": "node/3404718468", "group": "Infrastrutture", "subgroup": "Trasporti", "subcategory": "Fermata ferroviaria"}, "geometry": {"type": "Point", "coordinates": [14.2071, 42.4443]}}, {"type": "Feature", "properties": {"wikidata": "Q3984600", "name": "Terranera", "status": "done", "osm_id": "node/777998165", "group": "Insediamenti", "subgroup": "Centri", "subcategory": "Frazione"}, "geometry": {"type": "Point", "coordinates": [13.534444444, 42.234722222]}}, {"type": "Feature", "properties": {"wikidata": "Q3970933", "name": "stazione di Scurcola Marsicana", "status": "done", "osm_id": "node/1106054690", "group": "Infrastrutture", "subgroup": "Trasporti", "subcategory": "Stazione ferroviaria"}, "geometry": {"type": "Point", "coordinates": [13.344387, 42.053122]}}, {"type": "Feature", "properties": {"wikidata": "Q3970459", "name": "stazione di Pettorano sul Gizio", "status": "done", "osm_id": "node/728389262", "group": "Infrastrutture", "subgroup": "Trasporti", "subcategory": "Fermata ferroviaria"}, "geometry": {"type": "Point", "coordinates": [13.9649, 41.9746]}}, {"type": "Feature", "properties": {"wikidata": "Q3974806", "name": "strada statale 17 dell'Appennino Abruzzese ed Appulo-Sannitico", "status": "done", "osm_id": "relation/32577", "group": "Infrastrutture", "subgroup": "Trasporti", "subcategory": "Strada urbana"}, "geometry": {"type": "Point", "coordinates": [15.277079, 41.497505]}}, {"type": "Feature", "properties": {"wikidata": "Q4010900", "name": "Viadotto Sente", "status": "done", "osm_id": "way/66983370", "group": "Infrastrutture", "subgroup": "Trasporti", "subcategory": "Ponte"}, "geometry": {"type": "Point", "coordinates": [14.434168, 41.841584]}}, {"type": "Feature", "properties": {"wikidata": "Q3970233", "name": "stazione di Morrea-Castronovo-Rendinara", "status": "done", "osm_id": "node/3777370132", "group": "Infrastrutture", "subgroup": "Trasporti", "subcategory": "Fermata ferroviaria"}, "geometry": {"type": "Point", "coordinates": [13.488, 41.852]}}, {"type": "Feature", "properties": {"wikidata": "Q4010578", "name": "via Belvedere", "status": "missing", "osm_id": null, "group": "Infrastrutture", "subgroup": "Trasporti", "subcategory": "Strada urbana"}, "geometry": {"type": "Point", "coordinates": [14.446075, 42.066622]}}, {"type": "Feature", "properties": {"wikidata": "Q3970218", "name": "stazione di Montesilvano", "status": "done", "osm_id": "node/84446902", "group": "Infrastrutture", "subgroup": "Trasporti", "subcategory": "Stazione ferroviaria"}, "geometry": {"type": "Point", "coordinates": [14.1514, 42.5165]}}, {"type": "Feature", "properties": {"wikidata": "Q3970906", "name": "stazione di Sassa-Tornimparte", "status": "done", "osm_id": "node/5369998584", "group": "Infrastrutture", "subgroup": "Trasporti", "subcategory": "Stazione ferroviaria"}, "geometry": {"type": "Point", "coordinates": [13.2953, 42.3606]}}, {"type": "Feature", "properties": {"wikidata": "Q3995142", "name": "Torre Bruciata", "status": "done", "osm_id": "way/624255174", "group": "Fortificazioni e militare", "subgroup": "Fortificazioni", "subcategory": "Torre"}, "geometry": {"type": "Point", "coordinates": [13.70557222, 42.65877222]}}, {"type": "Feature", "properties": {"wikidata": "Q3983111", "name": "Tempera", "status": "done", "osm_id": "relation/9751696", "group": "Insediamenti", "subgroup": "Centri", "subcategory": "Frazione"}, "geometry": {"type": "Point", "coordinates": [13.457222222, 42.365833333]}}, {"type": "Feature", "properties": {"wikidata": "Q3982372", "name": "teatro romano di Teramo", "status": "done", "osm_id": "way/235747351", "group": "Archeologia", "subgroup": "Siti", "subcategory": "Sito archeologico"}, "geometry": {"type": "Point", "coordinates": [13.704075, 42.65789722]}}, {"type": "Feature", "properties": {"wikidata": "Q3971159", "name": "stazione di Tortoreto Lido", "status": "done", "osm_id": "node/12294127308", "group": "Infrastrutture", "subgroup": "Trasporti", "subcategory": "Stazione ferroviaria"}, "geometry": {"type": "Point", "coordinates": [13.9388, 42.8052]}}, {"type": "Feature", "properties": {"wikidata": "Q4008138", "name": "Valle del Sole", "status": "done", "osm_id": "node/3658989896", "group": "Insediamenti", "subgroup": "Centri", "subcategory": "Frazione"}, "geometry": {"type": "Point", "coordinates": [14.21038, 41.92232]}}, {"type": "Feature", "properties": {"wikidata": "Q3970720", "name": "stazione di Roseto degli Abruzzi", "status": "done", "osm_id": "way/61456516", "group": "Infrastrutture", "subgroup": "Trasporti", "subcategory": "Stazione ferroviaria"}, "geometry": {"type": "Point", "coordinates": [14.015, 42.6778]}}, {"type": "Feature", "properties": {"wikidata": "Q3995320", "name": "Torre civica", "status": "done", "osm_id": "relation/9617802", "group": "Altro", "subgroup": "Altro", "subcategory": "Altro"}, "geometry": {"type": "Point", "coordinates": [13.398099, 42.351016]}}, {"type": "Feature", "properties": {"wikidata": "Q3969426", "name": "stazione di Civita d'Antino-Morino", "status": "done", "osm_id": "node/3777370131", "group": "Infrastrutture", "subgroup": "Trasporti", "subcategory": "Stazione ferroviaria"}, "geometry": {"type": "Point", "coordinates": [13.4591, 41.8707]}}, {"type": "Feature", "properties": {"wikidata": "Q3970401", "name": "Stazione di Palena", "status": "done", "osm_id": "node/7472868179", "group": "Infrastrutture", "subgroup": "Trasporti", "subcategory": "Stazione ferroviaria"}, "geometry": {"type": "Point", "coordinates": [14.1052, 41.9186]}}, {"type": "Feature", "properties": {"wikidata": "Q3995383", "name": "Torre dei Nolfi", "status": "done", "osm_id": "node/4598802674", "group": "Insediamenti", "subgroup": "Centri", "subcategory": "Frazione"}, "geometry": {"type": "Point", "coordinates": [13.86943, 42.04395]}}, {"type": "Feature", "properties": {"wikidata": "Q3969405", "name": "stazione di Chieti", "status": "done", "osm_id": "node/282550602", "group": "Infrastrutture", "subgroup": "Trasporti", "subcategory": "Stazione ferroviaria"}, "geometry": {"type": "Point", "coordinates": [14.13833333, 42.35694444]}}, {"type": "Feature", "properties": {"wikidata": "Q3971004", "name": "stazione di Silvi", "status": "done", "osm_id": "way/581005569", "group": "Infrastrutture", "subgroup": "Trasporti", "subcategory": "Stazione ferroviaria"}, "geometry": {"type": "Point", "coordinates": [14.1103, 42.5589]}}, {"type": "Feature", "properties": {"wikidata": "Q3970553", "name": "stazione di Popoli-Vittorito", "status": "done", "osm_id": "node/282496048", "group": "Infrastrutture", "subgroup": "Trasporti", "subcategory": "Stazione ferroviaria"}, "geometry": {"type": "Point", "coordinates": [13.8261, 42.1724]}}, {"type": "Feature", "properties": {"wikidata": "Q3995577", "name": "Torre di Martinsicuro", "status": "done", "osm_id": "way/125433747", "group": "Altro", "subgroup": "Altro", "subcategory": "Altro"}, "geometry": {"type": "Point", "coordinates": [13.899069, 42.889875]}}, {"type": "Feature", "properties": {"wikidata": "Q3995413", "name": "torre del Duomo di Teramo", "status": "done", "osm_id": "way/310788236", "group": "Fortificazioni e militare", "subgroup": "Fortificazioni", "subcategory": "Torre campanaria"}, "geometry": {"type": "Point", "coordinates": [13.703325, 42.658775]}}, {"type": "Feature", "properties": {"wikidata": "Q3971315", "name": "stazione di Villa San Sebastiano", "status": "done", "osm_id": "node/1783452059", "group": "Infrastrutture", "subgroup": "Trasporti", "subcategory": "Stazione ferroviaria"}, "geometry": {"type": "Point", "coordinates": [13.308241, 42.049345]}}, {"type": "Feature", "properties": {"wikidata": "Q3995566", "name": "Torre di Feudozzo", "status": "missing", "osm_id": null, "group": "Insediamenti", "subgroup": "Centri", "subcategory": "Frazione"}, "geometry": {"type": "Point", "coordinates": [14.191666666, 41.766111111]}}, {"type": "Feature", "properties": {"wikidata": "Q4009185", "name": "Vecchio municipio di Villalago", "status": "done", "osm_id": "way/715743339", "group": "Dimore ed edifici", "subgroup": "Residenze", "subcategory": "Palazzo"}, "geometry": {"type": "Point", "coordinates": [13.837173, 41.935897]}}, {"type": "Feature", "properties": {"wikidata": "Q3982356", "name": "Teatro monumento Gabriele D'Annunzio", "status": "done", "osm_id": "way/98937837", "group": "Cultura e tempo libero", "subgroup": "Spettacolo", "subcategory": "Teatro"}, "geometry": {"type": "Point", "coordinates": [14.234579, 42.457139]}}, {"type": "Feature", "properties": {"wikidata": "Q4012486", "name": "Villa Rosa", "status": "done", "osm_id": "node/3922920007", "group": "Insediamenti", "subgroup": "Centri", "subcategory": "Frazione"}, "geometry": {"type": "Point", "coordinates": [13.9225, 42.8525]}}, {"type": "Feature", "properties": {"wikidata": "Q3995505", "name": "Torre della Vibrata", "status": "done", "osm_id": "way/500801916", "group": "Altro", "subgroup": "Altro", "subcategory": "Altro"}, "geometry": {"type": "Point", "coordinates": [13.924202, 42.836458]}}, {"type": "Feature", "properties": {"wikidata": "Q4012586", "name": "Villa Tofo", "status": "done", "osm_id": "node/1067589876", "group": "Insediamenti", "subgroup": "Centri", "subcategory": "Frazione"}, "geometry": {"type": "Point", "coordinates": [13.64521, 42.65205]}}, {"type": "Feature", "properties": {"wikidata": "Q3970693", "name": "stazione di Roccavivi", "status": "done", "osm_id": "node/4503186807", "group": "Infrastrutture", "subgroup": "Trasporti", "subcategory": "Fermata ferroviaria"}, "geometry": {"type": "Point", "coordinates": [13.545, 41.818]}}, {"type": "Feature", "properties": {"wikidata": "Q3983297", "name": "Tempio italico", "status": "done", "osm_id": "way/262314995", "group": "Archeologia", "subgroup": "Siti", "subcategory": "Sito archeologico"}, "geometry": {"type": "Point", "coordinates": [13.755884, 42.102117]}}, {"type": "Feature", "properties": {"wikidata": "Q3970852", "name": "stazione di San Vincenzo Valle Roveto", "status": "done", "osm_id": "node/4314971590", "group": "Infrastrutture", "subgroup": "Trasporti", "subcategory": "Fermata ferroviaria"}, "geometry": {"type": "Point", "coordinates": [13.52617, 41.833005]}}, {"type": "Feature", "properties": {"wikidata": "Q3970577", "name": "Stazione di Porto di Vasto", "status": "done", "osm_id": "way/60196039", "group": "Infrastrutture", "subgroup": "Trasporti", "subcategory": "Stazione ferroviaria"}, "geometry": {"type": "Point", "coordinates": [14.6955, 42.1686]}}, {"type": "Feature", "properties": {"wikidata": "Q3971069", "name": "stazione di Tagliacozzo", "status": "done", "osm_id": "node/1106057325", "group": "Infrastrutture", "subgroup": "Trasporti", "subcategory": "Stazione ferroviaria"}, "geometry": {"type": "Point", "coordinates": [13.2556, 42.0706]}}, {"type": "Feature", "properties": {"wikidata": "Q3992632", "name": "tombe rupestri di San Liberatore a Maiella", "status": "missing", "osm_id": null, "group": "Altro", "subgroup": "Altro", "subcategory": "Altro"}, "geometry": {"type": "Point", "coordinates": [14.100504, 42.235099]}}, {"type": "Feature", "properties": {"wikidata": "Q3982363", "name": "Teatro romano di Amiternum", "status": "done", "osm_id": "relation/10623641", "group": "Altro", "subgroup": "Altro", "subcategory": "Altro"}, "geometry": {"type": "Point", "coordinates": [13.30991944, 42.40386111]}}, {"type": "Feature", "properties": {"wikidata": "Q4008206", "name": "Vallelonga", "status": "missing", "osm_id": null, "group": "Natura e paesaggio", "subgroup": "Montagna", "subcategory": "Valle"}, "geometry": {"type": "Point", "coordinates": [13.569833333, 41.91125]}}, {"type": "Feature", "properties": {"wikidata": "Q3982224", "name": "teatro comunale dell'Aquila", "status": "done", "osm_id": "relation/9423327", "group": "Cultura e tempo libero", "subgroup": "Spettacolo", "subcategory": "Teatro"}, "geometry": {"type": "Point", "coordinates": [13.402055555, 42.351111111]}}, {"type": "Feature", "properties": {"wikidata": "Q3971055", "name": "stazione di Sulmona", "status": "done", "osm_id": "relation/17475202", "group": "Infrastrutture", "subgroup": "Trasporti", "subcategory": "Stazione ferroviaria"}, "geometry": {"type": "Point", "coordinates": [13.9074, 42.0611]}}, {"type": "Feature", "properties": {"wikidata": "Q3981608", "name": "Tavola dei briganti", "status": "done", "osm_id": "node/1835009874", "group": "Altro", "subgroup": "Altro", "subcategory": "Altro"}, "geometry": {"type": "Point", "coordinates": [14.112806, 42.126996]}}, {"type": "Feature", "properties": {"wikidata": "Q4011818", "name": "Villa Bizzarri", "status": "done", "osm_id": "node/452992245", "group": "Insediamenti", "subgroup": "Centri", "subcategory": "Frazione"}, "geometry": {"type": "Point", "coordinates": [13.76177, 42.81929]}}, {"type": "Feature", "properties": {"wikidata": "Q4005946", "name": "Universit\u00e0 telematica Leonardo da Vinci", "status": "missing", "osm_id": null, "group": "Altro", "subgroup": "Altro", "subcategory": "Altro"}, "geometry": {"type": "Point", "coordinates": [14.2085032, 42.3806225]}}, {"type": "Feature", "properties": {"wikidata": "Q4010215", "name": "Verrecchie", "status": "done", "osm_id": "node/1523818508", "group": "Insediamenti", "subgroup": "Centri", "subcategory": "Frazione"}, "geometry": {"type": "Point", "coordinates": [13.24797, 42.03537]}}, {"type": "Feature", "properties": {"wikidata": "Q3995487", "name": "Torre della Fara", "status": "done", "osm_id": "way/663983152", "group": "Fortificazioni e militare", "subgroup": "Fortificazioni", "subcategory": "Torre"}, "geometry": {"type": "Point", "coordinates": [14.607494, 41.884047]}}, {"type": "Feature", "properties": {"wikidata": "Q3970453", "name": "stazione di Pescocanale", "status": "done", "osm_id": "node/1643641114", "group": "Infrastrutture", "subgroup": "Trasporti", "subcategory": "Fermata ferroviaria"}, "geometry": {"type": "Point", "coordinates": [13.3916, 41.9589]}}, {"type": "Feature", "properties": {"wikidata": "Q3969645", "name": "stazione di Fossacesia-Torino di Sangro", "status": "done", "osm_id": "way/60195873", "group": "Infrastrutture", "subgroup": "Trasporti", "subcategory": "Stazione ferroviaria"}, "geometry": {"type": "Point", "coordinates": [14.5229, 42.237]}}, {"type": "Feature", "properties": {"wikidata": "Q3998193", "name": "Trebula", "status": "done", "osm_id": "way/313573383", "group": "Archeologia", "subgroup": "Siti", "subcategory": "Sito archeologico"}, "geometry": {"type": "Point", "coordinates": [14.2829, 41.9137]}}, {"type": "Feature", "properties": {"wikidata": "Q3998065", "name": "Tre Nevi", "status": "missing", "osm_id": null, "group": "Altro", "subgroup": "Altro", "subcategory": "Altro"}, "geometry": {"type": "Point", "coordinates": [13.477904, 42.144427]}}, {"type": "Feature", "properties": {"wikidata": "Q4012464", "name": "Villa Ricci", "status": "done", "osm_id": "node/3923961389", "group": "Insediamenti", "subgroup": "Centri", "subcategory": "Frazione"}, "geometry": {"type": "Point", "coordinates": [13.766111111, 42.788333333]}}, {"type": "Feature", "properties": {"wikidata": "Q3970350", "name": "stazione di Oricola-Pereto", "status": "done", "osm_id": "node/1783452058", "group": "Infrastrutture", "subgroup": "Trasporti", "subcategory": "Stazione ferroviaria"}, "geometry": {"type": "Point", "coordinates": [13.0444, 42.0678]}}, {"type": "Feature", "properties": {"wikidata": "Q3970448", "name": "stazione di Pescara Tribunale", "status": "done", "osm_id": "node/5811145130", "group": "Infrastrutture", "subgroup": "Trasporti", "subcategory": "Fermata ferroviaria"}, "geometry": {"type": "Point", "coordinates": [14.2199, 42.449]}}, {"type": "Feature", "properties": {"wikidata": "Q3970853", "name": "stazione di San Vito-Lanciano", "status": "done", "osm_id": "node/306268279", "group": "Infrastrutture", "subgroup": "Trasporti", "subcategory": "Stazione ferroviaria"}, "geometry": {"type": "Point", "coordinates": [14.4406, 42.305]}}, {"type": "Feature", "properties": {"wikidata": "Q4012589", "name": "Villa Torlonia", "status": "done", "osm_id": "way/276223521", "group": "Natura e paesaggio", "subgroup": "Verde", "subcategory": "Parco cittadino"}, "geometry": {"type": "Point", "coordinates": [13.422944444, 42.031194444]}}, {"type": "Feature", "properties": {"wikidata": "Q3970664", "name": "stazione di Ridotti-Collepiano", "status": "done", "osm_id": "node/1125238873", "group": "Infrastrutture", "subgroup": "Trasporti", "subcategory": "Fermata ferroviaria"}, "geometry": {"type": "Point", "coordinates": [13.5786, 41.7891]}}, {"type": "Feature", "properties": {"wikidata": "Q3971099", "name": "stazione di Teramo", "status": "done", "osm_id": "node/5813769298", "group": "Infrastrutture", "subgroup": "Trasporti", "subcategory": "Stazione ferroviaria"}, "geometry": {"type": "Point", "coordinates": [13.7157, 42.6606]}}, {"type": "Feature", "properties": {"wikidata": "Q3969507", "name": "stazione di Cupone", "status": "done", "osm_id": "node/12294092349", "group": "Infrastrutture", "subgroup": "Trasporti", "subcategory": "Fermata ferroviaria"}, "geometry": {"type": "Point", "coordinates": [13.37749, 41.964792]}}, {"type": "Feature", "properties": {"wikidata": "Q3995583", "name": "Torre di Montegualtieri", "status": "missing", "osm_id": null, "group": "Fortificazioni e militare", "subgroup": "Fortificazioni", "subcategory": "Torre"}, "geometry": {"type": "Point", "coordinates": [13.821482, 42.615804]}}, {"type": "Feature", "properties": {"wikidata": "Q4010609", "name": "via Fortebraccio", "status": "done", "osm_id": "relation/9526733", "group": "Infrastrutture", "subgroup": "Trasporti", "subcategory": "Strada urbana"}, "geometry": {"type": "Point", "coordinates": [13.401789, 42.349184]}}, {"type": "Feature", "properties": {"wikidata": "Q4007384", "name": "Val Pescara", "status": "missing", "osm_id": null, "group": "Natura e paesaggio", "subgroup": "Montagna", "subcategory": "Valle"}, "geometry": {"type": "Point", "coordinates": [14.214189, 42.464278]}}, {"type": "Feature", "properties": {"wikidata": "Q3969431", "name": "stazione di Civitella Roveto", "status": "done", "osm_id": "node/3534232874", "group": "Infrastrutture", "subgroup": "Trasporti", "subcategory": "Stazione ferroviaria"}, "geometry": {"type": "Point", "coordinates": [13.4247, 41.9165]}}, {"type": "Feature", "properties": {"wikidata": "Q3982166", "name": "Teatro Stabile d'Innovazione L'Uovo", "status": "missing", "osm_id": null, "group": "Cultura e tempo libero", "subgroup": "Spettacolo", "subcategory": "Teatro"}, "geometry": {"type": "Point", "coordinates": [13.397649, 42.350001]}}, {"type": "Feature", "properties": {"wikidata": "Q3970357", "name": "stazione di Ortona", "status": "done", "osm_id": "way/182919604", "group": "Infrastrutture", "subgroup": "Trasporti", "subcategory": "Stazione ferroviaria"}, "geometry": {"type": "Point", "coordinates": [14.4074, 42.3539]}}, {"type": "Feature", "properties": {"wikidata": "Q3970890", "name": "stazione di Sante Marie", "status": "done", "osm_id": "node/1459739929", "group": "Infrastrutture", "subgroup": "Trasporti", "subcategory": "Stazione ferroviaria"}, "geometry": {"type": "Point", "coordinates": [13.21698, 42.09697]}}, {"type": "Feature", "properties": {"wikidata": "Q3999616", "name": "Troiano", "status": "done", "osm_id": "node/4592614015", "group": "Insediamenti", "subgroup": "Centri", "subcategory": "Frazione"}, "geometry": {"type": "Point", "coordinates": [13.819166666, 42.538055555]}}, {"type": "Feature", "properties": {"wikidata": "Q3970393", "name": "stazione di Paganica", "status": "done", "osm_id": "node/738133365", "group": "Infrastrutture", "subgroup": "Trasporti", "subcategory": "Stazione ferroviaria"}, "geometry": {"type": "Point", "coordinates": [13.4644, 42.3348]}}, {"type": "Feature", "properties": {"wikidata": "Q3970683", "name": "stazione di Rivisondoli-Pescocostanzo", "status": "done", "osm_id": "node/7472868177", "group": "Infrastrutture", "subgroup": "Trasporti", "subcategory": "Fermata ferroviaria"}, "geometry": {"type": "Point", "coordinates": [14.079, 41.8773]}}, {"type": "Feature", "properties": {"wikidata": "Q3982169", "name": "Teatro Stabile d'Abruzzo", "status": "done", "osm_id": "node/6780953542", "group": "Altro", "subgroup": "Altro", "subcategory": "Altro"}, "geometry": {"type": "Point", "coordinates": [13.402088, 42.35118]}}, {"type": "Feature", "properties": {"wikidata": "Q3995557", "name": "Torre di Cerrano", "status": "done", "osm_id": "way/60543115", "group": "Altro", "subgroup": "Altro", "subcategory": "Altro"}, "geometry": {"type": "Point", "coordinates": [14.089413, 42.58504]}}, {"type": "Feature", "properties": {"wikidata": "Q3868236", "name": "Museo di storia delle scienze biomediche", "status": "done", "osm_id": "node/3278566861", "group": "Cultura e tempo libero", "subgroup": "Musei", "subcategory": "Museo"}, "geometry": {"type": "Point", "coordinates": [14.165255, 42.346242]}}, {"type": "Feature", "properties": {"wikidata": "Q3867845", "name": "museo d'arte \"Costantino Barbella\"", "status": "done", "osm_id": "node/11510666694", "group": "Cultura e tempo libero", "subgroup": "Musei", "subcategory": "Museo d'arte"}, "geometry": {"type": "Point", "coordinates": [14.167693, 42.350185]}}, {"type": "Feature", "properties": {"wikidata": "Q3868132", "name": "Museo delle arti e tradizioni popolari", "status": "missing", "osm_id": null, "group": "Cultura e tempo libero", "subgroup": "Musei", "subcategory": "Museo"}, "geometry": {"type": "Point", "coordinates": [13.871525, 41.93031]}}, {"type": "Feature", "properties": {"wikidata": "Q3867831", "name": "Museo civico diocesano", "status": "done", "osm_id": "node/94374561", "group": "Altro", "subgroup": "Altro", "subcategory": "Altro"}, "geometry": {"type": "Point", "coordinates": [13.926704, 42.456064]}}, {"type": "Feature", "properties": {"wikidata": "Q3867840", "name": "Museo civico memorie della vita contadina", "status": "missing", "osm_id": null, "group": "Cultura e tempo libero", "subgroup": "Musei", "subcategory": "Museo etnografico"}, "geometry": {"type": "Point", "coordinates": [14.303575, 41.92024]}}, {"type": "Feature", "properties": {"wikidata": "Q3867864", "name": "Museo d'arte moderna Vittoria Colonna", "status": "done", "osm_id": "way/700846498", "group": "Cultura e tempo libero", "subgroup": "Musei", "subcategory": "Museo d'arte"}, "geometry": {"type": "Point", "coordinates": [14.212335, 42.472266]}}, {"type": "Feature", "properties": {"wikidata": "Q3868270", "name": "Museo diocesano", "status": "missing", "osm_id": null, "group": "Cultura e tempo libero", "subgroup": "Musei", "subcategory": "Museo d'arte"}, "geometry": {"type": "Point", "coordinates": [14.386692, 42.229649]}}, {"type": "Feature", "properties": {"wikidata": "Q3867819", "name": "Museo civico di Teramo", "status": "missing", "osm_id": null, "group": "Cultura e tempo libero", "subgroup": "Musei", "subcategory": "Museo d'arte"}, "geometry": {"type": "Point", "coordinates": [13.6976, 42.66181389]}}, {"type": "Feature", "properties": {"wikidata": "Q3867989", "name": "Museo dell'Abruzzo bizantino e altomedievale", "status": "done", "osm_id": "node/1942551035", "group": "Cultura e tempo libero", "subgroup": "Musei", "subcategory": "Casa museo"}, "geometry": {"type": "Point", "coordinates": [14.326572, 42.296644]}}, {"type": "Feature", "properties": {"wikidata": "Q3867899", "name": "Museo dei cuochi", "status": "done", "osm_id": "node/9101949395", "group": "Cultura e tempo libero", "subgroup": "Musei", "subcategory": "Museo"}, "geometry": {"type": "Point", "coordinates": [14.350033, 41.94954]}}, {"type": "Feature", "properties": {"wikidata": "Q3867772", "name": "museo civico \"Basilio Cascella\"", "status": "done", "osm_id": "way/697394847", "group": "Cultura e tempo libero", "subgroup": "Musei", "subcategory": "Museo d'arte"}, "geometry": {"type": "Point", "coordinates": [14.216634, 42.461567]}}, {"type": "Feature", "properties": {"wikidata": "Q3868014", "name": "Museo dell'arte e della tecnologia confettiera", "status": "done", "osm_id": "node/8093368489", "group": "Cultura e tempo libero", "subgroup": "Musei", "subcategory": "Museo"}, "geometry": {"type": "Point", "coordinates": [13.922519, 42.038636]}}, {"type": "Feature", "properties": {"wikidata": "Q3868143", "name": "Museo delle genti d'Abruzzo", "status": "done", "osm_id": "way/23142406", "group": "Cultura e tempo libero", "subgroup": "Biblioteche", "subcategory": "Biblioteca privata"}, "geometry": {"type": "Point", "coordinates": [14.213303, 42.462085]}}, {"type": "Feature", "properties": {"wikidata": "Q3868081", "name": "Museo della civilt\u00e0 contadina", "status": "done", "osm_id": "node/3694768619", "group": "Cultura e tempo libero", "subgroup": "Musei", "subcategory": "Museo etnografico"}, "geometry": {"type": "Point", "coordinates": [14.201803, 41.854134]}}, {"type": "Feature", "properties": {"wikidata": "Q3868057", "name": "Museo della battaglia di Ortona", "status": "done", "osm_id": "node/4260135990", "group": "Cultura e tempo libero", "subgroup": "Musei", "subcategory": "Museo storico"}, "geometry": {"type": "Point", "coordinates": [14.403574, 42.352913]}}, {"type": "Feature", "properties": {"wikidata": "Q3868330", "name": "Museo diocesano di Ortona", "status": "missing", "osm_id": null, "group": "Cultura e tempo libero", "subgroup": "Musei", "subcategory": "Museo d'arte"}, "geometry": {"type": "Point", "coordinates": [14.404406, 42.357325]}}, {"type": "Feature", "properties": {"wikidata": "Q3867800", "name": "Museo civico aufidenate", "status": "done", "osm_id": "node/1784738332", "group": "Cultura e tempo libero", "subgroup": "Musei", "subcategory": "Museo archeologico"}, "geometry": {"type": "Point", "coordinates": [14.102902, 41.787995]}}, {"type": "Feature", "properties": {"wikidata": "Q3868155", "name": "Museo delle tradizioni e arti contadine", "status": "missing", "osm_id": null, "group": "Cultura e tempo libero", "subgroup": "Musei", "subcategory": "Museo etnografico"}, "geometry": {"type": "Point", "coordinates": [13.991846, 42.476067]}}, {"type": "Feature", "properties": {"wikidata": "Q3868290", "name": "Museo diocesano", "status": "missing", "osm_id": null, "group": "Cultura e tempo libero", "subgroup": "Musei", "subcategory": "Museo d'arte"}, "geometry": {"type": "Point", "coordinates": [13.925999, 42.047265]}}, {"type": "Feature", "properties": {"wikidata": "Q3868093", "name": "Museo della lana", "status": "missing", "osm_id": null, "group": "Cultura e tempo libero", "subgroup": "Musei", "subcategory": "Museo"}, "geometry": {"type": "Point", "coordinates": [13.882748, 41.90175]}}, {"type": "Feature", "properties": {"wikidata": "Q3867859", "name": "Museo d'arte dello Splendore", "status": "done", "osm_id": "way/914623740", "group": "Cultura e tempo libero", "subgroup": "Musei", "subcategory": "Museo d'arte"}, "geometry": {"type": "Point", "coordinates": [13.952906, 42.757864]}}, {"type": "Feature", "properties": {"wikidata": "Q3868127", "name": "Museo delle armi antiche", "status": "missing", "osm_id": null, "group": "Cultura e tempo libero", "subgroup": "Musei", "subcategory": "Casa museo"}, "geometry": {"type": "Point", "coordinates": [13.913195, 42.886963]}}, {"type": "Feature", "properties": {"wikidata": "Q3868242", "name": "Museo di storia naturale (Sulmona)", "status": "missing", "osm_id": null, "group": "Altro", "subgroup": "Altro", "subcategory": "Altro"}, "geometry": {"type": "Point", "coordinates": [13.925863, 42.049007]}}, {"type": "Feature", "properties": {"wikidata": "Q3868029", "name": "Museo dell'orso marsicano", "status": "missing", "osm_id": null, "group": "Cultura e tempo libero", "subgroup": "Musei", "subcategory": "Museo"}, "geometry": {"type": "Point", "coordinates": [14.128544, 41.980128]}}, {"type": "Feature", "properties": {"wikidata": "Q3868016", "name": "Museo dell'artigianato artistico abruzzese", "status": "done", "osm_id": "node/6779289751", "group": "Cultura e tempo libero", "subgroup": "Musei", "subcategory": "Museo"}, "geometry": {"type": "Point", "coordinates": [14.221382, 42.192633]}}, {"type": "Feature", "properties": {"wikidata": "Q3868156", "name": "Museo delle tradizioni familiari", "status": "missing", "osm_id": null, "group": "Cultura e tempo libero", "subgroup": "Musei", "subcategory": "Museo"}, "geometry": {"type": "Point", "coordinates": [14.451519, 41.86724]}}, {"type": "Feature", "properties": {"wikidata": "Q3867946", "name": "Museo del costume e della tradizione della nostra gente", "status": "done", "osm_id": "node/5643853954", "group": "Cultura e tempo libero", "subgroup": "Musei", "subcategory": "Museo etnografico"}, "geometry": {"type": "Point", "coordinates": [14.220375, 42.191295]}}, {"type": "Feature", "properties": {"wikidata": "Q3868264", "name": "Museo diocesano", "status": "missing", "osm_id": null, "group": "Altro", "subgroup": "Altro", "subcategory": "Altro"}, "geometry": {"type": "Point", "coordinates": [13.730835, 42.13105]}}, {"type": "Feature", "properties": {"wikidata": "Q3867910", "name": "Museo del Duomo di Guardiagrele", "status": "missing", "osm_id": null, "group": "Cultura e tempo libero", "subgroup": "Musei", "subcategory": "Museo"}, "geometry": {"type": "Point", "coordinates": [14.221957, 42.190668]}}, {"type": "Feature", "properties": {"wikidata": "Q3867813", "name": "Museo civico di Cerchio", "status": "missing", "osm_id": null, "group": "Cultura e tempo libero", "subgroup": "Musei", "subcategory": "Museo d'arte"}, "geometry": {"type": "Point", "coordinates": [13.600291, 42.063858]}}, {"type": "Feature", "properties": {"wikidata": "Q3867955", "name": "Museo del maiale", "status": "missing", "osm_id": null, "group": "Cultura e tempo libero", "subgroup": "Musei", "subcategory": "Museo"}, "geometry": {"type": "Point", "coordinates": [14.503464, 42.010032]}}, {"type": "Feature", "properties": {"wikidata": "Q3868070", "name": "museo della ceramica", "status": "missing", "osm_id": null, "group": "Altro", "subgroup": "Altro", "subcategory": "Altro"}, "geometry": {"type": "Point", "coordinates": [14.188366, 42.214845]}}, {"type": "Feature", "properties": {"wikidata": "Q3867818", "name": "Museo civico di Sulmona", "status": "done", "osm_id": "node/4425522437", "group": "Cultura e tempo libero", "subgroup": "Musei", "subcategory": "Museo archeologico"}, "geometry": {"type": "Point", "coordinates": [13.923209, 42.049464]}}, {"type": "Feature", "properties": {"wikidata": "Q18427348", "name": "Fonte Natale", "status": "done", "osm_id": "node/452631205", "group": "Insediamenti", "subgroup": "Centri", "subcategory": "Insediamento umano"}, "geometry": {"type": "Point", "coordinates": [13.97264, 42.18449]}}, {"type": "Feature", "properties": {"wikidata": "Q18427293", "name": "Colli Superiori", "status": "missing", "osm_id": null, "group": "Insediamenti", "subgroup": "Centri", "subcategory": "Insediamento umano"}, "geometry": {"type": "Point", "coordinates": [14.00157, 42.23498]}}, {"type": "Feature", "properties": {"wikidata": "Q18427335", "name": "Fascitelli", "status": "missing", "osm_id": null, "group": "Insediamenti", "subgroup": "Centri", "subcategory": "Insediamento umano"}, "geometry": {"type": "Point", "coordinates": [14.00106, 42.28762]}}, {"type": "Feature", "properties": {"wikidata": "Q18427313", "name": "Cuppello", "status": "missing", "osm_id": null, "group": "Insediamenti", "subgroup": "Centri", "subcategory": "Insediamento umano"}, "geometry": {"type": "Point", "coordinates": [14.09849, 42.51341]}}, {"type": "Feature", "properties": {"wikidata": "Q18427261", "name": "Chianchiro", "status": "done", "osm_id": "node/12058653559", "group": "Insediamenti", "subgroup": "Centri", "subcategory": "Insediamento umano"}, "geometry": {"type": "Point", "coordinates": [13.82787, 42.46476]}}, {"type": "Feature", "properties": {"wikidata": "Q18427294", "name": "Colli", "status": "done", "osm_id": "node/3824644882", "group": "Insediamenti", "subgroup": "Centri", "subcategory": "Insediamento umano"}, "geometry": {"type": "Point", "coordinates": [14.05952, 42.33826]}}, {"type": "Feature", "properties": {"wikidata": "Q18427280", "name": "Colle Formica", "status": "missing", "osm_id": null, "group": "Insediamenti", "subgroup": "Centri", "subcategory": "Frazione"}, "geometry": {"type": "Point", "coordinates": [13.911, 42.44515]}}, {"type": "Feature", "properties": {"wikidata": "Q18427315", "name": "Decontra", "status": "missing", "osm_id": null, "group": "Insediamenti", "subgroup": "Centri", "subcategory": "Insediamento umano"}, "geometry": {"type": "Point", "coordinates": [14.01852, 42.24289]}}, {"type": "Feature", "properties": {"wikidata": "Q18427299", "name": "Cona", "status": "missing", "osm_id": null, "group": "Insediamenti", "subgroup": "Centri", "subcategory": "Frazione"}, "geometry": {"type": "Point", "coordinates": [13.84832, 42.30785]}}, {"type": "Feature", "properties": {"wikidata": "Q18427284", "name": "Colle Trotta", "status": "done", "osm_id": "node/49821143", "group": "Insediamenti", "subgroup": "Centri", "subcategory": "Insediamento umano"}, "geometry": {"type": "Point", "coordinates": [13.87414, 42.47166]}}, {"type": "Feature", "properties": {"wikidata": "Q18427400", "name": "Marulli-Solcano", "status": "done", "osm_id": "node/452627382", "group": "Insediamenti", "subgroup": "Centri", "subcategory": "Insediamento umano"}, "geometry": {"type": "Point", "coordinates": [13.98723, 42.26179]}}, {"type": "Feature", "properties": {"wikidata": "Q18427366", "name": "Il Tarallo", "status": "missing", "osm_id": null, "group": "Insediamenti", "subgroup": "Centri", "subcategory": "Insediamento umano"}, "geometry": {"type": "Point", "coordinates": [13.96197, 42.38438]}}, {"type": "Feature", "properties": {"wikidata": "Q18427340", "name": "Ferretti", "status": "done", "osm_id": "node/3828360918", "group": "Insediamenti", "subgroup": "Centri", "subcategory": "Insediamento umano"}, "geometry": {"type": "Point", "coordinates": [14.07536, 42.47453]}}, {"type": "Feature", "properties": {"wikidata": "Q18427296", "name": "Collina", "status": "missing", "osm_id": null, "group": "Insediamenti", "subgroup": "Centri", "subcategory": "Frazione"}, "geometry": {"type": "Point", "coordinates": [13.99876, 42.33145]}}, {"type": "Feature", "properties": {"wikidata": "Q18427342", "name": "Fiume Tavo", "status": "missing", "osm_id": null, "group": "Insediamenti", "subgroup": "Centri", "subcategory": "Insediamento umano"}, "geometry": {"type": "Point", "coordinates": [14.09082, 42.46607]}}, {"type": "Feature", "properties": {"wikidata": "Q18427272", "name": "Colle Arena", "status": "done", "osm_id": "node/452631199", "group": "Insediamenti", "subgroup": "Centri", "subcategory": "Insediamento umano"}, "geometry": {"type": "Point", "coordinates": [13.98147, 42.1952]}}, {"type": "Feature", "properties": {"wikidata": "Q18427276", "name": "Colle della Guardia", "status": "done", "osm_id": "node/452627359", "group": "Insediamenti", "subgroup": "Centri", "subcategory": "Frazione"}, "geometry": {"type": "Point", "coordinates": [13.88381, 42.24577]}}, {"type": "Feature", "properties": {"wikidata": "Q18427356", "name": "Fontebruna", "status": "missing", "osm_id": null, "group": "Insediamenti", "subgroup": "Centri", "subcategory": "Insediamento umano"}, "geometry": {"type": "Point", "coordinates": [13.90495, 42.37919]}}, {"type": "Feature", "properties": {"wikidata": "Q18427387", "name": "Macerine", "status": "missing", "osm_id": null, "group": "Insediamenti", "subgroup": "Centri", "subcategory": "Insediamento umano"}, "geometry": {"type": "Point", "coordinates": [13.975, 42.29893]}}, {"type": "Feature", "properties": {"wikidata": "Q18427355", "name": "Fonte Vetica", "status": "done", "osm_id": "node/452631206", "group": "Insediamenti", "subgroup": "Centri", "subcategory": "Insediamento umano"}, "geometry": {"type": "Point", "coordinates": [13.97909, 42.18735]}}, {"type": "Feature", "properties": {"wikidata": "Q18427409", "name": "Montesilvano Colle", "status": "missing", "osm_id": null, "group": "Insediamenti", "subgroup": "Centri", "subcategory": "Frazione"}, "geometry": {"type": "Point", "coordinates": [14.14464, 42.49074]}}, {"type": "Feature", "properties": {"wikidata": "Q18427360", "name": "Francoli", "status": "done", "osm_id": "node/452626633", "group": "Insediamenti", "subgroup": "Centri", "subcategory": "Frazione"}, "geometry": {"type": "Point", "coordinates": [13.9102, 42.22215]}}, {"type": "Feature", "properties": {"wikidata": "Q18427318", "name": "Di Girolamo", "status": "missing", "osm_id": null, "group": "Insediamenti", "subgroup": "Centri", "subcategory": "Frazione"}, "geometry": {"type": "Point", "coordinates": [14.1223, 42.37488]}}, {"type": "Feature", "properties": {"wikidata": "Q18427339", "name": "Ferrauto", "status": "done", "osm_id": "node/1893265192", "group": "Insediamenti", "subgroup": "Centri", "subcategory": "Insediamento umano"}, "geometry": {"type": "Point", "coordinates": [13.98942, 42.45362]}}, {"type": "Feature", "properties": {"wikidata": "Q18427273", "name": "Colle Cauto", "status": "done", "osm_id": "node/452631200", "group": "Insediamenti", "subgroup": "Centri", "subcategory": "Insediamento umano"}, "geometry": {"type": "Point", "coordinates": [14.03619, 42.21077]}}, {"type": "Feature", "properties": {"wikidata": "Q18427326", "name": "Faiolo", "status": "missing", "osm_id": null, "group": "Insediamenti", "subgroup": "Centri", "subcategory": "Frazione"}, "geometry": {"type": "Point", "coordinates": [14.09019, 42.37193]}}, {"type": "Feature", "properties": {"wikidata": "Q18427350", "name": "Fonte Nuova", "status": "missing", "osm_id": null, "group": "Insediamenti", "subgroup": "Centri", "subcategory": "Insediamento umano"}, "geometry": {"type": "Point", "coordinates": [14.05175, 42.50529]}}, {"type": "Feature", "properties": {"wikidata": "Q18427369", "name": "La Cesa", "status": "done", "osm_id": "node/452627378", "group": "Insediamenti", "subgroup": "Centri", "subcategory": "Insediamento umano"}, "geometry": {"type": "Point", "coordinates": [13.92776, 42.28442]}}, {"type": "Feature", "properties": {"wikidata": "Q18427421", "name": "Pagliaro di Tono", "status": "missing", "osm_id": null, "group": "Insediamenti", "subgroup": "Centri", "subcategory": "Insediamento umano"}, "geometry": {"type": "Point", "coordinates": [13.85413, 42.30528]}}, {"type": "Feature", "properties": {"wikidata": "Q18427260", "name": "Cetrano", "status": "missing", "osm_id": null, "group": "Insediamenti", "subgroup": "Centri", "subcategory": "Insediamento umano"}, "geometry": {"type": "Point", "coordinates": [13.93777, 42.34385]}}, {"type": "Feature", "properties": {"wikidata": "Q18427365", "name": "Giardino", "status": "missing", "osm_id": null, "group": "Insediamenti", "subgroup": "Centri", "subcategory": "Insediamento umano"}, "geometry": {"type": "Point", "coordinates": [14.07209, 42.51513]}}, {"type": "Feature", "properties": {"wikidata": "Q18427393", "name": "Madonna delle Grazie", "status": "missing", "osm_id": null, "group": "Insediamenti", "subgroup": "Centri", "subcategory": "Frazione"}, "geometry": {"type": "Point", "coordinates": [13.90291, 42.39653]}}, {"type": "Feature", "properties": {"wikidata": "Q18427403", "name": "Mirabello", "status": "missing", "osm_id": null, "group": "Insediamenti", "subgroup": "Centri", "subcategory": "Frazione"}, "geometry": {"type": "Point", "coordinates": [13.90657, 42.40501]}}, {"type": "Feature", "properties": {"wikidata": "Q18427352", "name": "Fonte Santa Croce", "status": "done", "osm_id": "node/452631207", "group": "Insediamenti", "subgroup": "Centri", "subcategory": "Insediamento umano"}, "geometry": {"type": "Point", "coordinates": [13.97818, 42.1821]}}, {"type": "Feature", "properties": {"wikidata": "Q18427279", "name": "Colle di Giogo", "status": "done", "osm_id": "node/3882579068", "group": "Insediamenti", "subgroup": "Centri", "subcategory": "Insediamento umano"}, "geometry": {"type": "Point", "coordinates": [14.07451, 42.44343]}}, {"type": "Feature", "properties": {"wikidata": "Q18427384", "name": "Lupi", "status": "missing", "osm_id": null, "group": "Insediamenti", "subgroup": "Centri", "subcategory": "Insediamento umano"}, "geometry": {"type": "Point", "coordinates": [14.03155, 42.45837]}}, {"type": "Feature", "properties": {"wikidata": "Q18427289", "name": "Collemezzano", "status": "missing", "osm_id": null, "group": "Insediamenti", "subgroup": "Centri", "subcategory": "Frazione"}, "geometry": {"type": "Point", "coordinates": [14.00758, 42.32042]}}, {"type": "Feature", "properties": {"wikidata": "Q18427414", "name": "Olivuccia", "status": "missing", "osm_id": null, "group": "Insediamenti", "subgroup": "Centri", "subcategory": "Frazione"}, "geometry": {"type": "Point", "coordinates": [13.98792, 42.24772]}}, {"type": "Feature", "properties": {"wikidata": "Q18427301", "name": "Conaprato", "status": "missing", "osm_id": null, "group": "Insediamenti", "subgroup": "Centri", "subcategory": "Frazione"}, "geometry": {"type": "Point", "coordinates": [13.89797, 42.46636]}}, {"type": "Feature", "properties": {"wikidata": "Q18427426", "name": "Passocordone", "status": "missing", "osm_id": null, "group": "Insediamenti", "subgroup": "Centri", "subcategory": "Insediamento umano"}, "geometry": {"type": "Point", "coordinates": [13.9611, 42.40112]}}, {"type": "Feature", "properties": {"wikidata": "Q18427312", "name": "Cupoli", "status": "missing", "osm_id": null, "group": "Insediamenti", "subgroup": "Centri", "subcategory": "Frazione"}, "geometry": {"type": "Point", "coordinates": [13.83379, 42.46243]}}, {"type": "Feature", "properties": {"wikidata": "Q18427383", "name": "Localit\u00e0 Villa", "status": "done", "osm_id": "node/452626635", "group": "Insediamenti", "subgroup": "Centri", "subcategory": "Insediamento umano"}, "geometry": {"type": "Point", "coordinates": [13.91717, 42.20218]}}, {"type": "Feature", "properties": {"wikidata": "Q18427401", "name": "Micarone", "status": "missing", "osm_id": null, "group": "Insediamenti", "subgroup": "Centri", "subcategory": "Frazione"}, "geometry": {"type": "Point", "coordinates": [13.98722, 42.36811]}}, {"type": "Feature", "properties": {"wikidata": "Q18427282", "name": "Colle Scurcola", "status": "done", "osm_id": "node/10304559723", "group": "Insediamenti", "subgroup": "Centri", "subcategory": "Insediamento umano"}, "geometry": {"type": "Point", "coordinates": [13.92257, 42.32091]}}, {"type": "Feature", "properties": {"wikidata": "Q18427381", "name": "Localit\u00e0 Viaro", "status": "done", "osm_id": "node/452626634", "group": "Insediamenti", "subgroup": "Centri", "subcategory": "Insediamento umano"}, "geometry": {"type": "Point", "coordinates": [13.90845, 42.2066]}}, {"type": "Feature", "properties": {"wikidata": "Q18427399", "name": "Marano", "status": "missing", "osm_id": null, "group": "Insediamenti", "subgroup": "Centri", "subcategory": "Frazione"}, "geometry": {"type": "Point", "coordinates": [13.93368, 42.21052]}}, {"type": "Feature", "properties": {"wikidata": "Q18427418", "name": "Pagliari II", "status": "missing", "osm_id": null, "group": "Insediamenti", "subgroup": "Centri", "subcategory": "Insediamento umano"}, "geometry": {"type": "Point", "coordinates": [13.97449, 42.48533]}}, {"type": "Feature", "properties": {"wikidata": "Q18427281", "name": "Colle San Luca", "status": "missing", "osm_id": null, "group": "Insediamenti", "subgroup": "Centri", "subcategory": "Frazione"}, "geometry": {"type": "Point", "coordinates": [13.92603, 42.29509]}}, {"type": "Feature", "properties": {"wikidata": "Q18427320", "name": "Dogli", "status": "done", "osm_id": "node/452627375", "group": "Insediamenti", "subgroup": "Centri", "subcategory": "Frazione"}, "geometry": {"type": "Point", "coordinates": [13.8614, 42.23295]}}, {"type": "Feature", "properties": {"wikidata": "Q18427379", "name": "Localit\u00e0 Produttiva", "status": "missing", "osm_id": null, "group": "Insediamenti", "subgroup": "Centri", "subcategory": "Insediamento umano"}, "geometry": {"type": "Point", "coordinates": [14.02701, 42.29584]}}, {"type": "Feature", "properties": {"wikidata": "Q18427346", "name": "Fonte Moro", "status": "missing", "osm_id": null, "group": "Insediamenti", "subgroup": "Centri", "subcategory": "Insediamento umano"}, "geometry": {"type": "Point", "coordinates": [13.84995, 42.31748]}}, {"type": "Feature", "properties": {"wikidata": "Q18427328", "name": "Falone", "status": "missing", "osm_id": null, "group": "Insediamenti", "subgroup": "Centri", "subcategory": "Insediamento umano"}, "geometry": {"type": "Point", "coordinates": [13.83685, 42.45983]}}, {"type": "Feature", "properties": {"wikidata": "Q18427420", "name": "Pagliari", "status": "missing", "osm_id": null, "group": "Insediamenti", "subgroup": "Centri", "subcategory": "Frazione"}, "geometry": {"type": "Point", "coordinates": [14.02778, 42.20559]}}, {"type": "Feature", "properties": {"wikidata": "Q18427308", "name": "Costa Pagliola", "status": "missing", "osm_id": null, "group": "Insediamenti", "subgroup": "Centri", "subcategory": "Insediamento umano"}, "geometry": {"type": "Point", "coordinates": [13.94263, 42.31564]}}, {"type": "Feature", "properties": {"wikidata": "Q18427344", "name": "Fontanelle", "status": "missing", "osm_id": null, "group": "Insediamenti", "subgroup": "Centri", "subcategory": "Insediamento umano"}, "geometry": {"type": "Point", "coordinates": [14.05184, 42.42443]}}, {"type": "Feature", "properties": {"wikidata": "Q18427394", "name": "Mallo", "status": "missing", "osm_id": null, "group": "Insediamenti", "subgroup": "Centri", "subcategory": "Insediamento umano"}, "geometry": {"type": "Point", "coordinates": [13.89401, 42.46508]}}, {"type": "Feature", "properties": {"wikidata": "Q18427277", "name": "Colle delle Bucache", "status": "missing", "osm_id": null, "group": "Insediamenti", "subgroup": "Centri", "subcategory": "Insediamento umano"}, "geometry": {"type": "Point", "coordinates": [13.9733, 42.32046]}}, {"type": "Feature", "properties": {"wikidata": "Q18427275", "name": "Colle del Popolo", "status": "missing", "osm_id": null, "group": "Insediamenti", "subgroup": "Centri", "subcategory": "Insediamento umano"}, "geometry": {"type": "Point", "coordinates": [13.92684, 42.34737]}}, {"type": "Feature", "properties": {"wikidata": "Q18427324", "name": "Fagnani Vecchia", "status": "missing", "osm_id": null, "group": "Insediamenti", "subgroup": "Centri", "subcategory": "Insediamento umano"}, "geometry": {"type": "Point", "coordinates": [14.02191, 42.49331]}}, {"type": "Feature", "properties": {"wikidata": "Q18427415", "name": "Orsini", "status": "missing", "osm_id": null, "group": "Insediamenti", "subgroup": "Centri", "subcategory": "Insediamento umano"}, "geometry": {"type": "Point", "coordinates": [14.01078, 42.46482]}}, {"type": "Feature", "properties": {"wikidata": "Q18427391", "name": "Madonna della Croce", "status": "done", "osm_id": "node/452626636", "group": "Insediamenti", "subgroup": "Centri", "subcategory": "Frazione"}, "geometry": {"type": "Point", "coordinates": [13.89515, 42.21951]}}, {"type": "Feature", "properties": {"wikidata": "Q18427389", "name": "Madonna degli Angeli", "status": "missing", "osm_id": null, "group": "Insediamenti", "subgroup": "Centri", "subcategory": "Frazione"}, "geometry": {"type": "Point", "coordinates": [13.96472, 42.50804]}}, {"type": "Feature", "properties": {"wikidata": "Q18427304", "name": "Contrada da Rigo", "status": "missing", "osm_id": null, "group": "Insediamenti", "subgroup": "Centri", "subcategory": "Insediamento umano"}, "geometry": {"type": "Point", "coordinates": [13.94041, 42.35438]}}, {"type": "Feature", "properties": {"wikidata": "Q18427330", "name": "Fara", "status": "missing", "osm_id": null, "group": "Insediamenti", "subgroup": "Centri", "subcategory": "Frazione"}, "geometry": {"type": "Point", "coordinates": [13.94416, 42.24382]}}, {"type": "Feature", "properties": {"wikidata": "Q18427423", "name": "Palozzo", "status": "missing", "osm_id": null, "group": "Insediamenti", "subgroup": "Centri", "subcategory": "Frazione"}, "geometry": {"type": "Point", "coordinates": [14.11817, 42.34953]}}, {"type": "Feature", "properties": {"wikidata": "Q18427271", "name": "Collarso", "status": "missing", "osm_id": null, "group": "Insediamenti", "subgroup": "Centri", "subcategory": "Frazione"}, "geometry": {"type": "Point", "coordinates": [14.0304, 42.21012]}}, {"type": "Feature", "properties": {"wikidata": "Q18427303", "name": "Congiunti", "status": "missing", "osm_id": null, "group": "Insediamenti", "subgroup": "Centri", "subcategory": "Frazione"}, "geometry": {"type": "Point", "coordinates": [14.0852, 42.47177]}}, {"type": "Feature", "properties": {"wikidata": "Q18427354", "name": "Fonte Umano-San Martino Alta", "status": "missing", "osm_id": null, "group": "Insediamenti", "subgroup": "Centri", "subcategory": "Insediamento umano"}, "geometry": {"type": "Point", "coordinates": [14.1076, 42.52084]}}, {"type": "Feature", "properties": {"wikidata": "Q18427386", "name": "Macchie", "status": "missing", "osm_id": null, "group": "Insediamenti", "subgroup": "Centri", "subcategory": "Frazione"}, "geometry": {"type": "Point", "coordinates": [13.81201, 42.43143]}}, {"type": "Feature", "properties": {"wikidata": "Q18427323", "name": "Fagnani Nuova", "status": "missing", "osm_id": null, "group": "Insediamenti", "subgroup": "Centri", "subcategory": "Insediamento umano"}, "geometry": {"type": "Point", "coordinates": [14.02826, 42.49566]}}, {"type": "Feature", "properties": {"wikidata": "Q18427314", "name": "De Contra", "status": "done", "osm_id": "node/452627374", "group": "Insediamenti", "subgroup": "Centri", "subcategory": "Insediamento umano"}, "geometry": {"type": "Point", "coordinates": [13.90595, 42.26337]}}, {"type": "Feature", "properties": {"wikidata": "Q18427395", "name": "Mampioppo", "status": "missing", "osm_id": null, "group": "Insediamenti", "subgroup": "Centri", "subcategory": "Frazione"}, "geometry": {"type": "Point", "coordinates": [14.00306, 42.24509]}}, {"type": "Feature", "properties": {"wikidata": "Q18427374", "name": "Le Piane", "status": "missing", "osm_id": null, "group": "Insediamenti", "subgroup": "Centri", "subcategory": "Frazione"}, "geometry": {"type": "Point", "coordinates": [14.00757, 42.23264]}}, {"type": "Feature", "properties": {"wikidata": "Q18427337", "name": "Fazio", "status": "missing", "osm_id": null, "group": "Insediamenti", "subgroup": "Centri", "subcategory": "Insediamento umano"}, "geometry": {"type": "Point", "coordinates": [13.9094, 42.39982]}}, {"type": "Feature", "properties": {"wikidata": "Q18427364", "name": "Fratte", "status": "missing", "osm_id": null, "group": "Insediamenti", "subgroup": "Centri", "subcategory": "Insediamento umano"}, "geometry": {"type": "Point", "coordinates": [13.85353, 42.33458]}}, {"type": "Feature", "properties": {"wikidata": "Q18427416", "name": "Osservanza", "status": "done", "osm_id": "node/452626638", "group": "Insediamenti", "subgroup": "Centri", "subcategory": "Insediamento umano"}, "geometry": {"type": "Point", "coordinates": [13.90769, 42.20361]}}, {"type": "Feature", "properties": {"wikidata": "Q18427265", "name": "Cipressi", "status": "missing", "osm_id": null, "group": "Insediamenti", "subgroup": "Centri", "subcategory": "Frazione"}, "geometry": {"type": "Point", "coordinates": [14.00465, 42.5078]}}, {"type": "Feature", "properties": {"wikidata": "Q18427353", "name": "Fonte Tudico", "status": "missing", "osm_id": null, "group": "Insediamenti", "subgroup": "Centri", "subcategory": "Frazione"}, "geometry": {"type": "Point", "coordinates": [13.92841, 42.31201]}}, {"type": "Feature", "properties": {"wikidata": "Q18427333", "name": "Farindolese", "status": "done", "osm_id": "node/10665056185", "group": "Insediamenti", "subgroup": "Centri", "subcategory": "Insediamento umano"}, "geometry": {"type": "Point", "coordinates": [13.85118, 42.42413]}}, {"type": "Feature", "properties": {"wikidata": "Q18427405", "name": "Mirri", "status": "missing", "osm_id": null, "group": "Insediamenti", "subgroup": "Centri", "subcategory": "Insediamento umano"}, "geometry": {"type": "Point", "coordinates": [13.82399, 42.45]}}, {"type": "Feature", "properties": {"wikidata": "Q18427285", "name": "Colle Vertiere", "status": "done", "osm_id": "node/2714826223", "group": "Insediamenti", "subgroup": "Centri", "subcategory": "Insediamento umano"}, "geometry": {"type": "Point", "coordinates": [13.89087, 42.32385]}}, {"type": "Feature", "properties": {"wikidata": "Q18427266", "name": "Cirichiello", "status": "done", "osm_id": "node/9560083588", "group": "Insediamenti", "subgroup": "Centri", "subcategory": "Insediamento umano"}, "geometry": {"type": "Point", "coordinates": [13.81237, 42.24011]}}, {"type": "Feature", "properties": {"wikidata": "Q18427407", "name": "Moncocitto", "status": "done", "osm_id": "node/3824494569", "group": "Insediamenti", "subgroup": "Centri", "subcategory": "Insediamento umano"}, "geometry": {"type": "Point", "coordinates": [14.10997, 42.36544]}}, {"type": "Feature", "properties": {"wikidata": "Q18427310", "name": "Crocefisso", "status": "missing", "osm_id": null, "group": "Insediamenti", "subgroup": "Centri", "subcategory": "Insediamento umano"}, "geometry": {"type": "Point", "coordinates": [14.07559, 42.52093]}}, {"type": "Feature", "properties": {"wikidata": "Q18427338", "name": "Feliciantonio", "status": "missing", "osm_id": null, "group": "Insediamenti", "subgroup": "Centri", "subcategory": "Insediamento umano"}, "geometry": {"type": "Point", "coordinates": [14.00666, 42.27197]}}, {"type": "Feature", "properties": {"wikidata": "Q18427371", "name": "Lavino", "status": "missing", "osm_id": null, "group": "Insediamenti", "subgroup": "Centri", "subcategory": "Frazione"}, "geometry": {"type": "Point", "coordinates": [14.02286, 42.246]}}, {"type": "Feature", "properties": {"wikidata": "Q18427287", "name": "Collecinciero", "status": "missing", "osm_id": null, "group": "Insediamenti", "subgroup": "Centri", "subcategory": "Insediamento umano"}, "geometry": {"type": "Point", "coordinates": [14.00802, 42.38431]}}, {"type": "Feature", "properties": {"wikidata": "Q18427361", "name": "Fraticelli", "status": "missing", "osm_id": null, "group": "Insediamenti", "subgroup": "Centri", "subcategory": "Frazione"}, "geometry": {"type": "Point", "coordinates": [13.99001, 42.28119]}}, {"type": "Feature", "properties": {"wikidata": "Q18427376", "name": "Le Pietre", "status": "missing", "osm_id": null, "group": "Insediamenti", "subgroup": "Centri", "subcategory": "Frazione"}, "geometry": {"type": "Point", "coordinates": [13.88473, 42.33272]}}, {"type": "Feature", "properties": {"wikidata": "Q18427367", "name": "Intro d'Acqua", "status": "done", "osm_id": "node/9993366629", "group": "Insediamenti", "subgroup": "Centri", "subcategory": "Insediamento umano"}, "geometry": {"type": "Point", "coordinates": [13.87396, 42.30406]}}, {"type": "Feature", "properties": {"wikidata": "Q18427319", "name": "Di Zio", "status": "missing", "osm_id": null, "group": "Insediamenti", "subgroup": "Centri", "subcategory": "Insediamento umano"}, "geometry": {"type": "Point", "coordinates": [14.15387, 42.41834]}}, {"type": "Feature", "properties": {"wikidata": "Q18427270", "name": "Colitti", "status": "done", "osm_id": "node/10032091092", "group": "Insediamenti", "subgroup": "Centri", "subcategory": "Insediamento umano"}, "geometry": {"type": "Point", "coordinates": [13.83587, 42.44135]}}, {"type": "Feature", "properties": {"wikidata": "Q18427373", "name": "Le Case", "status": "missing", "osm_id": null, "group": "Insediamenti", "subgroup": "Centri", "subcategory": "Insediamento umano"}, "geometry": {"type": "Point", "coordinates": [13.94747, 42.31797]}}, {"type": "Feature", "properties": {"wikidata": "Q18427291", "name": "Colli Mampioppo", "status": "done", "osm_id": "node/9010578086", "group": "Insediamenti", "subgroup": "Centri", "subcategory": "Insediamento umano"}, "geometry": {"type": "Point", "coordinates": [13.99848, 42.24659]}}, {"type": "Feature", "properties": {"wikidata": "Q18427363", "name": "Frattali l'Incotta", "status": "missing", "osm_id": null, "group": "Insediamenti", "subgroup": "Centri", "subcategory": "Insediamento umano"}, "geometry": {"type": "Point", "coordinates": [13.9499, 42.30997]}}, {"type": "Feature", "properties": {"wikidata": "Q18427359", "name": "Fornaci", "status": "missing", "osm_id": null, "group": "Insediamenti", "subgroup": "Centri", "subcategory": "Insediamento umano"}, "geometry": {"type": "Point", "coordinates": [13.94467, 42.33584]}}, {"type": "Feature", "properties": {"wikidata": "Q18427283", "name": "Colle Stella", "status": "missing", "osm_id": null, "group": "Insediamenti", "subgroup": "Centri", "subcategory": "Frazione"}, "geometry": {"type": "Point", "coordinates": [13.96635, 42.45556]}}, {"type": "Feature", "properties": {"wikidata": "Q18427298", "name": "Colline", "status": "missing", "osm_id": null, "group": "Insediamenti", "subgroup": "Centri", "subcategory": "Insediamento umano"}, "geometry": {"type": "Point", "coordinates": [13.99352, 42.46923]}}, {"type": "Feature", "properties": {"wikidata": "Q18427263", "name": "Ciafalone", "status": "done", "osm_id": "node/452627354", "group": "Insediamenti", "subgroup": "Centri", "subcategory": "Insediamento umano"}, "geometry": {"type": "Point", "coordinates": [13.98684, 42.27124]}}, {"type": "Feature", "properties": {"wikidata": "Q18427305", "name": "Contrada da Vicenne II", "status": "missing", "osm_id": null, "group": "Insediamenti", "subgroup": "Centri", "subcategory": "Insediamento umano"}, "geometry": {"type": "Point", "coordinates": [13.90811, 42.33291]}}, {"type": "Feature", "properties": {"wikidata": "Q18425177", "name": "Piane", "status": "missing", "osm_id": null, "group": "Insediamenti", "subgroup": "Centri", "subcategory": "Frazione"}, "geometry": {"type": "Point", "coordinates": [14.29941, 42.36851]}}, {"type": "Feature", "properties": {"wikidata": "Q18425249", "name": "Pincianesi II", "status": "missing", "osm_id": null, "group": "Insediamenti", "subgroup": "Centri", "subcategory": "Insediamento umano"}, "geometry": {"type": "Point", "coordinates": [14.25455, 42.0557]}}, {"type": "Feature", "properties": {"wikidata": "Q18424993", "name": "Monte Marcone", "status": "missing", "osm_id": null, "group": "Insediamenti", "subgroup": "Centri", "subcategory": "Insediamento umano"}, "geometry": {"type": "Point", "coordinates": [14.43243, 42.12346]}}, {"type": "Feature", "properties": {"wikidata": "Q18425299", "name": "Pozzi", "status": "missing", "osm_id": null, "group": "Insediamenti", "subgroup": "Centri", "subcategory": "Insediamento umano"}, "geometry": {"type": "Point", "coordinates": [14.66981, 41.97602]}}, {"type": "Feature", "properties": {"wikidata": "Q18425048", "name": "Mozzoni", "status": "done", "osm_id": "node/6348325489", "group": "Insediamenti", "subgroup": "Centri", "subcategory": "Insediamento umano"}, "geometry": {"type": "Point", "coordinates": [14.42058, 42.25108]}}, {"type": "Feature", "properties": {"wikidata": "Q18425036", "name": "Morrecine", "status": "done", "osm_id": "node/6341877985", "group": "Insediamenti", "subgroup": "Centri", "subcategory": "Insediamento umano"}, "geometry": {"type": "Point", "coordinates": [14.35654, 42.34086]}}, {"type": "Feature", "properties": {"wikidata": "Q18424977", "name": "Monaci", "status": "missing", "osm_id": null, "group": "Insediamenti", "subgroup": "Centri", "subcategory": "Frazione"}, "geometry": {"type": "Point", "coordinates": [14.47481, 42.15284]}}, {"type": "Feature", "properties": {"wikidata": "Q18425287", "name": "Pontoni", "status": "missing", "osm_id": null, "group": "Insediamenti", "subgroup": "Centri", "subcategory": "Frazione"}, "geometry": {"type": "Point", "coordinates": [14.43008, 42.30232]}}, {"type": "Feature", "properties": {"wikidata": "Q18425034", "name": "Morgia", "status": "missing", "osm_id": null, "group": "Insediamenti", "subgroup": "Centri", "subcategory": "Frazione"}, "geometry": {"type": "Point", "coordinates": [14.26491, 42.04566]}}, {"type": "Feature", "properties": {"wikidata": "Q18425157", "name": "Pianagrande", "status": "missing", "osm_id": null, "group": "Insediamenti", "subgroup": "Centri", "subcategory": "Frazione"}, "geometry": {"type": "Point", "coordinates": [14.24121, 42.28795]}}, {"type": "Feature", "properties": {"wikidata": "Q18425270", "name": "Pistuoli", "status": "missing", "osm_id": null, "group": "Insediamenti", "subgroup": "Centri", "subcategory": "Insediamento umano"}, "geometry": {"type": "Point", "coordinates": [14.26417, 42.13709]}}, {"type": "Feature", "properties": {"wikidata": "Q18425086", "name": "Pagliaroni", "status": "missing", "osm_id": null, "group": "Insediamenti", "subgroup": "Centri", "subcategory": "Insediamento umano"}, "geometry": {"type": "Point", "coordinates": [14.43003, 42.26177]}}, {"type": "Feature", "properties": {"wikidata": "Q18425102", "name": "Pantano", "status": "missing", "osm_id": null, "group": "Insediamenti", "subgroup": "Centri", "subcategory": "Frazione"}, "geometry": {"type": "Point", "coordinates": [14.63132, 42.01499]}}, {"type": "Feature", "properties": {"wikidata": "Q18425076", "name": "Padule", "status": "missing", "osm_id": null, "group": "Insediamenti", "subgroup": "Centri", "subcategory": "Insediamento umano"}, "geometry": {"type": "Point", "coordinates": [14.46569, 41.86112]}}, {"type": "Feature", "properties": {"wikidata": "Q18425254", "name": "Pinciare", "status": "missing", "osm_id": null, "group": "Insediamenti", "subgroup": "Centri", "subcategory": "Frazione"}, "geometry": {"type": "Point", "coordinates": [14.47541, 42.14754]}}, {"type": "Feature", "properties": {"wikidata": "Q18425091", "name": "Pagnotti", "status": "missing", "osm_id": null, "group": "Insediamenti", "subgroup": "Centri", "subcategory": "Insediamento umano"}, "geometry": {"type": "Point", "coordinates": [14.23935, 42.18501]}}, {"type": "Feature", "properties": {"wikidata": "Q18424955", "name": "Merosci", "status": "missing", "osm_id": null, "group": "Insediamenti", "subgroup": "Centri", "subcategory": "Insediamento umano"}, "geometry": {"type": "Point", "coordinates": [14.3425, 42.12324]}}, {"type": "Feature", "properties": {"wikidata": "Q18425142", "name": "Piana delle Vigne", "status": "missing", "osm_id": null, "group": "Insediamenti", "subgroup": "Centri", "subcategory": "Insediamento umano"}, "geometry": {"type": "Point", "coordinates": [14.31176, 42.12715]}}, {"type": "Feature", "properties": {"wikidata": "Q18425138", "name": "Piana delle Mele", "status": "missing", "osm_id": null, "group": "Insediamenti", "subgroup": "Centri", "subcategory": "Frazione"}, "geometry": {"type": "Point", "coordinates": [14.35037, 42.15557]}}, {"type": "Feature", "properties": {"wikidata": "Q18425179", "name": "Piane-Moretto", "status": "done", "osm_id": "node/10701769359", "group": "Insediamenti", "subgroup": "Centri", "subcategory": "Insediamento umano"}, "geometry": {"type": "Point", "coordinates": [14.27649, 42.40709]}}, {"type": "Feature", "properties": {"wikidata": "Q18425368", "name": "Rascitti", "status": "missing", "osm_id": null, "group": "Insediamenti", "subgroup": "Centri", "subcategory": "Frazione"}, "geometry": {"type": "Point", "coordinates": [14.38842, 42.09915]}}, {"type": "Feature", "properties": {"wikidata": "Q18425343", "name": "Quattrostrade", "status": "missing", "osm_id": null, "group": "Insediamenti", "subgroup": "Centri", "subcategory": "Insediamento umano"}, "geometry": {"type": "Point", "coordinates": [14.2773, 42.35973]}}, {"type": "Feature", "properties": {"wikidata": "Q18424971", "name": "Minco d'Adamo", "status": "done", "osm_id": "node/6365410707", "group": "Insediamenti", "subgroup": "Centri", "subcategory": "Insediamento umano"}, "geometry": {"type": "Point", "coordinates": [14.23279, 41.94338]}}, {"type": "Feature", "properties": {"wikidata": "Q18425205", "name": "Piano dell'Ospedale-Peschiola", "status": "missing", "osm_id": null, "group": "Insediamenti", "subgroup": "Centri", "subcategory": "Insediamento umano"}, "geometry": {"type": "Point", "coordinates": [14.57647, 42.05489]}}, {"type": "Feature", "properties": {"wikidata": "Q18425006", "name": "Montecalvo II", "status": "missing", "osm_id": null, "group": "Insediamenti", "subgroup": "Centri", "subcategory": "Insediamento umano"}, "geometry": {"type": "Point", "coordinates": [14.49306, 42.12056]}}, {"type": "Feature", "properties": {"wikidata": "Q18425079", "name": "Pagliarelli", "status": "done", "osm_id": "node/6174456220", "group": "Insediamenti", "subgroup": "Centri", "subcategory": "Frazione"}, "geometry": {"type": "Point", "coordinates": [14.6695, 42.16266]}}, {"type": "Feature", "properties": {"wikidata": "Q18425336", "name": "Quaglietta", "status": "missing", "osm_id": null, "group": "Insediamenti", "subgroup": "Centri", "subcategory": "Insediamento umano"}, "geometry": {"type": "Point", "coordinates": [14.20371, 42.41503]}}, {"type": "Feature", "properties": {"wikidata": "Q18425051", "name": "Muffo", "status": "missing", "osm_id": null, "group": "Insediamenti", "subgroup": "Centri", "subcategory": "Insediamento umano"}, "geometry": {"type": "Point", "coordinates": [14.17134, 42.42522]}}, {"type": "Feature", "properties": {"wikidata": "Q18425308", "name": "Pretara", "status": "missing", "osm_id": null, "group": "Insediamenti", "subgroup": "Centri", "subcategory": "Frazione"}, "geometry": {"type": "Point", "coordinates": [14.18065, 42.22237]}}, {"type": "Feature", "properties": {"wikidata": "Q18425145", "name": "Piana la Fara", "status": "missing", "osm_id": null, "group": "Insediamenti", "subgroup": "Centri", "subcategory": "Insediamento umano"}, "geometry": {"type": "Point", "coordinates": [14.40392, 42.13155]}}, {"type": "Feature", "properties": {"wikidata": "Q18425150", "name": "Piana Matteo", "status": "done", "osm_id": "node/6337543513", "group": "Insediamenti", "subgroup": "Centri", "subcategory": "Insediamento umano"}, "geometry": {"type": "Point", "coordinates": [14.46196, 42.1158]}}, {"type": "Feature", "properties": {"wikidata": "Q18425113", "name": "Passo Pincera", "status": "done", "osm_id": "node/6337513649", "group": "Insediamenti", "subgroup": "Centri", "subcategory": "Insediamento umano"}, "geometry": {"type": "Point", "coordinates": [14.51208, 42.1004]}}, {"type": "Feature", "properties": {"wikidata": "Q18425225", "name": "Piattelli", "status": "missing", "osm_id": null, "group": "Insediamenti", "subgroup": "Centri", "subcategory": "Frazione"}, "geometry": {"type": "Point", "coordinates": [14.29512, 42.3968]}}, {"type": "Feature", "properties": {"wikidata": "Q18425295", "name": "Postilli", "status": "done", "osm_id": "node/12036250446", "group": "Insediamenti", "subgroup": "Centri", "subcategory": "Insediamento umano"}, "geometry": {"type": "Point", "coordinates": [14.3232, 42.40238]}}, {"type": "Feature", "properties": {"wikidata": "Q18425119", "name": "Pedicagne Colle Martino", "status": "missing", "osm_id": null, "group": "Insediamenti", "subgroup": "Centri", "subcategory": "Insediamento umano"}, "geometry": {"type": "Point", "coordinates": [14.50895, 42.19781]}}, {"type": "Feature", "properties": {"wikidata": "Q18425276", "name": "Poggio", "status": "missing", "osm_id": null, "group": "Insediamenti", "subgroup": "Centri", "subcategory": "Frazione"}, "geometry": {"type": "Point", "coordinates": [14.35671, 41.94599]}}, {"type": "Feature", "properties": {"wikidata": "Q18425098", "name": "Pallano", "status": "missing", "osm_id": null, "group": "Insediamenti", "subgroup": "Centri", "subcategory": "Frazione"}, "geometry": {"type": "Point", "coordinates": [14.5859, 42.18897]}}, {"type": "Feature", "properties": {"wikidata": "Q18425305", "name": "Prato", "status": "missing", "osm_id": null, "group": "Insediamenti", "subgroup": "Centri", "subcategory": "Frazione"}, "geometry": {"type": "Point", "coordinates": [14.48072, 42.15377]}}, {"type": "Feature", "properties": {"wikidata": "Q18425173", "name": "Piane Favaro", "status": "missing", "osm_id": null, "group": "Insediamenti", "subgroup": "Centri", "subcategory": "Insediamento umano"}, "geometry": {"type": "Point", "coordinates": [14.48852, 42.26589]}}, {"type": "Feature", "properties": {"wikidata": "Q18425356", "name": "Rapanice", "status": "missing", "osm_id": null, "group": "Insediamenti", "subgroup": "Centri", "subcategory": "Frazione"}, "geometry": {"type": "Point", "coordinates": [14.43003, 42.2914]}}, {"type": "Feature", "properties": {"wikidata": "Q18425242", "name": "Pili", "status": "missing", "osm_id": null, "group": "Insediamenti", "subgroup": "Centri", "subcategory": "Insediamento umano"}, "geometry": {"type": "Point", "coordinates": [14.51602, 42.11254]}}, {"type": "Feature", "properties": {"wikidata": "Q18425201", "name": "Piano delle Fonti", "status": "missing", "osm_id": null, "group": "Insediamenti", "subgroup": "Centri", "subcategory": "Frazione"}, "geometry": {"type": "Point", "coordinates": [14.26743, 42.18768]}}, {"type": "Feature", "properties": {"wikidata": "Q18425111", "name": "Pasquini", "status": "missing", "osm_id": null, "group": "Insediamenti", "subgroup": "Centri", "subcategory": "Insediamento umano"}, "geometry": {"type": "Point", "coordinates": [14.41424, 42.17519]}}, {"type": "Feature", "properties": {"wikidata": "Q18425191", "name": "Piano Aventino", "status": "missing", "osm_id": null, "group": "Insediamenti", "subgroup": "Centri", "subcategory": "Insediamento umano"}, "geometry": {"type": "Point", "coordinates": [14.27588, 42.12474]}}, {"type": "Feature", "properties": {"wikidata": "Q18425039", "name": "Morretto", "status": "done", "osm_id": "node/1345161928", "group": "Insediamenti", "subgroup": "Centri", "subcategory": "Insediamento umano"}, "geometry": {"type": "Point", "coordinates": [14.32037, 42.0185]}}, {"type": "Feature", "properties": {"wikidata": "Q18425290", "name": "Porrechi", "status": "missing", "osm_id": null, "group": "Insediamenti", "subgroup": "Centri", "subcategory": "Frazione"}, "geometry": {"type": "Point", "coordinates": [14.34969, 42.18581]}}, {"type": "Feature", "properties": {"wikidata": "Q18425218", "name": "Piano la Barca-Carinci", "status": "missing", "osm_id": null, "group": "Insediamenti", "subgroup": "Centri", "subcategory": "Insediamento umano"}, "geometry": {"type": "Point", "coordinates": [14.47639, 42.15927]}}, {"type": "Feature", "properties": {"wikidata": "Q18425303", "name": "Prangiarella", "status": "done", "osm_id": "node/6337543527", "group": "Insediamenti", "subgroup": "Centri", "subcategory": "Insediamento umano"}, "geometry": {"type": "Point", "coordinates": [14.48682, 42.16203]}}, {"type": "Feature", "properties": {"wikidata": "Q18424981", "name": "Montagna", "status": "missing", "osm_id": null, "group": "Insediamenti", "subgroup": "Centri", "subcategory": "Frazione"}, "geometry": {"type": "Point", "coordinates": [14.38801, 42.08022]}}, {"type": "Feature", "properties": {"wikidata": "Q18425108", "name": "Parlapiano", "status": "done", "osm_id": "node/10744688139", "group": "Insediamenti", "subgroup": "Centri", "subcategory": "Insediamento umano"}, "geometry": {"type": "Point", "coordinates": [14.25369, 42.42335]}}, {"type": "Feature", "properties": {"wikidata": "Q18425372", "name": "Rasiccio", "status": "missing", "osm_id": null, "group": "Insediamenti", "subgroup": "Centri", "subcategory": "Frazione"}, "geometry": {"type": "Point", "coordinates": [14.22209, 42.34894]}}, {"type": "Feature", "properties": {"wikidata": "Q18425003", "name": "Montecalvo I", "status": "missing", "osm_id": null, "group": "Insediamenti", "subgroup": "Centri", "subcategory": "Insediamento umano"}, "geometry": {"type": "Point", "coordinates": [14.47933, 42.12199]}}, {"type": "Feature", "properties": {"wikidata": "Q18425134", "name": "Pian Querceto", "status": "done", "osm_id": "node/6190122028", "group": "Insediamenti", "subgroup": "Centri", "subcategory": "Insediamento umano"}, "geometry": {"type": "Point", "coordinates": [14.55349, 42.05644]}}, {"type": "Feature", "properties": {"wikidata": "Q18424997", "name": "Monte San Giuliano", "status": "done", "osm_id": "node/6338209753", "group": "Insediamenti", "subgroup": "Centri", "subcategory": "Insediamento umano"}, "geometry": {"type": "Point", "coordinates": [14.28688, 42.03308]}}, {"type": "Feature", "properties": {"wikidata": "Q18425151", "name": "Piana Mozzone", "status": "missing", "osm_id": null, "group": "Insediamenti", "subgroup": "Centri", "subcategory": "Frazione"}, "geometry": {"type": "Point", "coordinates": [14.32909, 42.36495]}}, {"type": "Feature", "properties": {"wikidata": "Q18425021", "name": "Morelle", "status": "missing", "osm_id": null, "group": "Insediamenti", "subgroup": "Centri", "subcategory": "Frazione"}, "geometry": {"type": "Point", "coordinates": [14.59447, 42.04732]}}, {"type": "Feature", "properties": {"wikidata": "Q18425238", "name": "Pilati", "status": "missing", "osm_id": null, "group": "Insediamenti", "subgroup": "Centri", "subcategory": "Frazione"}, "geometry": {"type": "Point", "coordinates": [14.11049, 42.25318]}}, {"type": "Feature", "properties": {"wikidata": "Q18425257", "name": "Pinciari", "status": "missing", "osm_id": null, "group": "Insediamenti", "subgroup": "Centri", "subcategory": "Insediamento umano"}, "geometry": {"type": "Point", "coordinates": [14.24672, 41.89482]}}, {"type": "Feature", "properties": {"wikidata": "Q18425340", "name": "Quattro Strade", "status": "missing", "osm_id": null, "group": "Insediamenti", "subgroup": "Centri", "subcategory": "Frazione"}, "geometry": {"type": "Point", "coordinates": [14.27672, 42.35819]}}, {"type": "Feature", "properties": {"wikidata": "Q18425351", "name": "Quercianera-Siberia", "status": "missing", "osm_id": null, "group": "Insediamenti", "subgroup": "Centri", "subcategory": "Insediamento umano"}, "geometry": {"type": "Point", "coordinates": [14.50719, 42.0531]}}, {"type": "Feature", "properties": {"wikidata": "Q18425009", "name": "Montecanavella", "status": "missing", "osm_id": null, "group": "Insediamenti", "subgroup": "Centri", "subcategory": "Insediamento umano"}, "geometry": {"type": "Point", "coordinates": [14.54341, 42.05104]}}, {"type": "Feature", "properties": {"wikidata": "Q18425213", "name": "Piano Guardiola", "status": "done", "osm_id": "node/3915571089", "group": "Insediamenti", "subgroup": "Centri", "subcategory": "Insediamento umano"}, "geometry": {"type": "Point", "coordinates": [14.64513, 42.01711]}}, {"type": "Feature", "properties": {"wikidata": "Q18425315", "name": "Pubbliconi", "status": "missing", "osm_id": null, "group": "Insediamenti", "subgroup": "Centri", "subcategory": "Insediamento umano"}, "geometry": {"type": "Point", "coordinates": [14.1918, 42.29138]}}, {"type": "Feature", "properties": {"wikidata": "Q18425130", "name": "Pettirossi", "status": "missing", "osm_id": null, "group": "Insediamenti", "subgroup": "Centri", "subcategory": "Insediamento umano"}, "geometry": {"type": "Point", "coordinates": [14.24767, 41.89176]}}, {"type": "Feature", "properties": {"wikidata": "Q18425195", "name": "Piano Carlino", "status": "missing", "osm_id": null, "group": "Insediamenti", "subgroup": "Centri", "subcategory": "Insediamento umano"}, "geometry": {"type": "Point", "coordinates": [14.30629, 42.14243]}}, {"type": "Feature", "properties": {"wikidata": "Q18425265", "name": "Pisavini", "status": "missing", "osm_id": null, "group": "Insediamenti", "subgroup": "Centri", "subcategory": "Frazione"}, "geometry": {"type": "Point", "coordinates": [14.20817, 42.15938]}}, {"type": "Feature", "properties": {"wikidata": "Q18425066", "name": "Olmi", "status": "done", "osm_id": "node/6175193985", "group": "Insediamenti", "subgroup": "Centri", "subcategory": "Insediamento umano"}, "geometry": {"type": "Point", "coordinates": [14.48209, 41.91976]}}, {"type": "Feature", "properties": {"wikidata": "Q18425187", "name": "Pianimarini", "status": "missing", "osm_id": null, "group": "Insediamenti", "subgroup": "Centri", "subcategory": "Insediamento umano"}, "geometry": {"type": "Point", "coordinates": [14.21187, 42.05205]}}, {"type": "Feature", "properties": {"wikidata": "Q18425312", "name": "Primavilla", "status": "done", "osm_id": "node/11016106962", "group": "Insediamenti", "subgroup": "Centri", "subcategory": "Insediamento umano"}, "geometry": {"type": "Point", "coordinates": [14.20454, 42.39422]}}, {"type": "Feature", "properties": {"wikidata": "Q18425246", "name": "Pincianesi I", "status": "missing", "osm_id": null, "group": "Insediamenti", "subgroup": "Centri", "subcategory": "Insediamento umano"}, "geometry": {"type": "Point", "coordinates": [14.25908, 42.05659]}}, {"type": "Feature", "properties": {"wikidata": "Q18425262", "name": "Pioppi", "status": "missing", "osm_id": null, "group": "Insediamenti", "subgroup": "Centri", "subcategory": "Frazione"}, "geometry": {"type": "Point", "coordinates": [14.13067, 42.25451]}}, {"type": "Feature", "properties": {"wikidata": "Q18424964", "name": "Micavante", "status": "missing", "osm_id": null, "group": "Insediamenti", "subgroup": "Centri", "subcategory": "Insediamento umano"}, "geometry": {"type": "Point", "coordinates": [14.28487, 42.36034]}}, {"type": "Feature", "properties": {"wikidata": "Q18425031", "name": "Morge", "status": "missing", "osm_id": null, "group": "Insediamenti", "subgroup": "Centri", "subcategory": "Frazione"}, "geometry": {"type": "Point", "coordinates": [14.64092, 42.03139]}}, {"type": "Feature", "properties": {"wikidata": "Q18425129", "name": "Peticcia", "status": "done", "osm_id": "node/6341889408", "group": "Insediamenti", "subgroup": "Centri", "subcategory": "Insediamento umano"}, "geometry": {"type": "Point", "coordinates": [14.39636, 42.36372]}}, {"type": "Feature", "properties": {"wikidata": "Q18425235", "name": "Pietragrossa", "status": "missing", "osm_id": null, "group": "Insediamenti", "subgroup": "Centri", "subcategory": "Frazione"}, "geometry": {"type": "Point", "coordinates": [14.37019, 42.18011]}}, {"type": "Feature", "properties": {"wikidata": "Q18425170", "name": "Piane Favaro V", "status": "missing", "osm_id": null, "group": "Insediamenti", "subgroup": "Centri", "subcategory": "Insediamento umano"}, "geometry": {"type": "Point", "coordinates": [14.49995, 42.26618]}}, {"type": "Feature", "properties": {"wikidata": "Q18425042", "name": "Moscete", "status": "missing", "osm_id": null, "group": "Insediamenti", "subgroup": "Centri", "subcategory": "Frazione"}, "geometry": {"type": "Point", "coordinates": [14.34757, 42.21262]}}, {"type": "Feature", "properties": {"wikidata": "Q18424984", "name": "Montalfano", "status": "missing", "osm_id": null, "group": "Insediamenti", "subgroup": "Centri", "subcategory": "Frazione"}, "geometry": {"type": "Point", "coordinates": [14.70074, 42.02478]}}, {"type": "Feature", "properties": {"wikidata": "Q18425322", "name": "Puncichitti", "status": "done", "osm_id": "node/6342843544", "group": "Insediamenti", "subgroup": "Centri", "subcategory": "Insediamento umano"}, "geometry": {"type": "Point", "coordinates": [14.45921, 42.26537]}}, {"type": "Feature", "properties": {"wikidata": "Q18424959", "name": "Mezzano", "status": "done", "osm_id": "node/10567711598", "group": "Insediamenti", "subgroup": "Centri", "subcategory": "Insediamento umano"}, "geometry": {"type": "Point", "coordinates": [14.27812, 42.37267]}}, {"type": "Feature", "properties": {"wikidata": "Q18425155", "name": "Piana Osento", "status": "done", "osm_id": "node/6337513641", "group": "Insediamenti", "subgroup": "Centri", "subcategory": "Insediamento umano"}, "geometry": {"type": "Point", "coordinates": [14.48711, 42.06962]}}, {"type": "Feature", "properties": {"wikidata": "Q18425164", "name": "Piane Favaro III", "status": "missing", "osm_id": null, "group": "Insediamenti", "subgroup": "Centri", "subcategory": "Insediamento umano"}, "geometry": {"type": "Point", "coordinates": [14.49583, 42.26794]}}, {"type": "Feature", "properties": {"wikidata": "Q18425083", "name": "Pagliari Gentili", "status": "missing", "osm_id": null, "group": "Insediamenti", "subgroup": "Centri", "subcategory": "Frazione"}, "geometry": {"type": "Point", "coordinates": [14.33081, 42.06404]}}, {"type": "Feature", "properties": {"wikidata": "Q18425319", "name": "Pujese", "status": "done", "osm_id": "node/10697456558", "group": "Insediamenti", "subgroup": "Centri", "subcategory": "Insediamento umano"}, "geometry": {"type": "Point", "coordinates": [14.31127, 42.39725]}}, {"type": "Feature", "properties": {"wikidata": "Q18425124", "name": "Peparuoli", "status": "missing", "osm_id": null, "group": "Insediamenti", "subgroup": "Centri", "subcategory": "Insediamento umano"}, "geometry": {"type": "Point", "coordinates": [14.26333, 41.90722]}}, {"type": "Feature", "properties": {"wikidata": "Q18425166", "name": "Piane Favaro IV", "status": "missing", "osm_id": null, "group": "Insediamenti", "subgroup": "Centri", "subcategory": "Insediamento umano"}, "geometry": {"type": "Point", "coordinates": [14.49443, 42.26572]}}, {"type": "Feature", "properties": {"wikidata": "Q18425325", "name": "Purgatoio", "status": "missing", "osm_id": null, "group": "Insediamenti", "subgroup": "Centri", "subcategory": "Frazione"}, "geometry": {"type": "Point", "coordinates": [14.22357, 42.02401]}}, {"type": "Feature", "properties": {"wikidata": "Q18425024", "name": "Moreto", "status": "missing", "osm_id": null, "group": "Insediamenti", "subgroup": "Centri", "subcategory": "Frazione"}, "geometry": {"type": "Point", "coordinates": [14.13775, 42.27121]}}, {"type": "Feature", "properties": {"wikidata": "Q18424951", "name": "Meneghini", "status": "missing", "osm_id": null, "group": "Insediamenti", "subgroup": "Centri", "subcategory": "Insediamento umano"}, "geometry": {"type": "Point", "coordinates": [14.20621, 42.40457]}}, {"type": "Feature", "properties": {"wikidata": "Q18425059", "name": "Novella I", "status": "missing", "osm_id": null, "group": "Insediamenti", "subgroup": "Centri", "subcategory": "Insediamento umano"}, "geometry": {"type": "Point", "coordinates": [14.44496, 42.25672]}}, {"type": "Feature", "properties": {"wikidata": "Q18425054", "name": "Murata Alta", "status": "missing", "osm_id": null, "group": "Insediamenti", "subgroup": "Centri", "subcategory": "Frazione"}, "geometry": {"type": "Point", "coordinates": [14.43718, 42.30953]}}, {"type": "Feature", "properties": {"wikidata": "Q18425207", "name": "Piano di Ascigno", "status": "missing", "osm_id": null, "group": "Insediamenti", "subgroup": "Centri", "subcategory": "Insediamento umano"}, "geometry": {"type": "Point", "coordinates": [14.28252, 42.1487]}}, {"type": "Feature", "properties": {"wikidata": "Q18425062", "name": "Novella II", "status": "missing", "osm_id": null, "group": "Insediamenti", "subgroup": "Centri", "subcategory": "Insediamento umano"}, "geometry": {"type": "Point", "coordinates": [14.4384, 42.25337]}}, {"type": "Feature", "properties": {"wikidata": "Q18425116", "name": "Pastini", "status": "missing", "osm_id": null, "group": "Insediamenti", "subgroup": "Centri", "subcategory": "Frazione"}, "geometry": {"type": "Point", "coordinates": [14.28838, 42.05769]}}, {"type": "Feature", "properties": {"wikidata": "Q18425211", "name": "Piano Favaro", "status": "missing", "osm_id": null, "group": "Insediamenti", "subgroup": "Centri", "subcategory": "Frazione"}, "geometry": {"type": "Point", "coordinates": [14.48615, 42.26025]}}, {"type": "Feature", "properties": {"wikidata": "Q18425333", "name": "Quadroni-Fontolfi-Impicciaturo-Maligni", "status": "missing", "osm_id": null, "group": "Insediamenti", "subgroup": "Centri", "subcategory": "Insediamento umano"}, "geometry": {"type": "Point", "coordinates": [14.37645, 42.10926]}}, {"type": "Feature", "properties": {"wikidata": "Q18425028", "name": "Morge della Penna", "status": "missing", "osm_id": null, "group": "Insediamenti", "subgroup": "Centri", "subcategory": "Insediamento umano"}, "geometry": {"type": "Point", "coordinates": [14.28091, 42.07167]}}, {"type": "Feature", "properties": {"wikidata": "Q18425104", "name": "Parco", "status": "missing", "osm_id": null, "group": "Insediamenti", "subgroup": "Centri", "subcategory": "Insediamento umano"}, "geometry": {"type": "Point", "coordinates": [14.18739, 42.41322]}}, {"type": "Feature", "properties": {"wikidata": "Q18425347", "name": "Quercianera", "status": "done", "osm_id": "node/6350397854", "group": "Insediamenti", "subgroup": "Centri", "subcategory": "Insediamento umano"}, "geometry": {"type": "Point", "coordinates": [14.50169, 42.05793]}}, {"type": "Feature", "properties": {"wikidata": "Q18425221", "name": "Piano la Fara", "status": "missing", "osm_id": null, "group": "Insediamenti", "subgroup": "Centri", "subcategory": "Insediamento umano"}, "geometry": {"type": "Point", "coordinates": [14.26328, 42.12194]}}, {"type": "Feature", "properties": {"wikidata": "Q3936743", "name": "Riserva naturale Valle dell'Orfento", "status": "missing", "osm_id": null, "group": "Natura e paesaggio", "subgroup": "Verde", "subcategory": "Area protetta"}, "geometry": {"type": "Point", "coordinates": [14.094325, 42.132421]}}, {"type": "Feature", "properties": {"wikidata": "Q3947932", "name": "San Salvo Marina", "status": "done", "osm_id": "node/1838579705", "group": "Insediamenti", "subgroup": "Centri", "subcategory": "Frazione"}, "geometry": {"type": "Point", "coordinates": [14.74416667, 42.08]}}, {"type": "Feature", "properties": {"wikidata": "Q3927150", "name": "Quarti dell'Aquila", "status": "missing", "osm_id": null, "group": "Insediamenti", "subgroup": "Zone Urbane", "subcategory": "Quartiere"}, "geometry": {"type": "Point", "coordinates": [13.39194444, 42.35388889]}}, {"type": "Feature", "properties": {"wikidata": "Q3950012", "name": "santuario di San Gabriele dell'Addolorata", "status": "done", "osm_id": "relation/11888425", "group": "Religione", "subgroup": "Luoghi di Culto", "subcategory": "Basilica minore"}, "geometry": {"type": "Point", "coordinates": [13.6575, 42.516944444]}}, {"type": "Feature", "properties": {"wikidata": "Q3949833", "name": "santuario della Madonna di Pietraquaria", "status": "done", "osm_id": "way/246792829", "group": "Religione", "subgroup": "Luoghi di Culto", "subcategory": "Santuario"}, "geometry": {"type": "Point", "coordinates": [13.400386, 42.02306]}}, {"type": "Feature", "properties": {"wikidata": "Q3949802", "name": "santuario della Madonna delle Grazie", "status": "done", "osm_id": "way/310784464", "group": "Religione", "subgroup": "Luoghi di Culto", "subcategory": "Santuario"}, "geometry": {"type": "Point", "coordinates": [14.653025, 42.084198]}}, {"type": "Feature", "properties": {"wikidata": "Q3949875", "name": "santuario di Ercole Curino", "status": "done", "osm_id": "way/262315474", "group": "Cultura e tempo libero", "subgroup": "Musei", "subcategory": "Museo"}, "geometry": {"type": "Point", "coordinates": [13.934617, 42.088539]}}, {"type": "Feature", "properties": {"wikidata": "Q3936330", "name": "Ripa di Fagnano Alto", "status": "missing", "osm_id": null, "group": "Insediamenti", "subgroup": "Centri", "subcategory": "Frazione"}, "geometry": {"type": "Point", "coordinates": [13.57527778, 42.25444444]}}, {"type": "Feature", "properties": {"wikidata": "Q3936922", "name": "riserva naturale speciale delle Grotte di Pietrasecca", "status": "done", "osm_id": "way/447008275", "group": "Natura e paesaggio", "subgroup": "Montagna", "subcategory": "Grotta"}, "geometry": {"type": "Point", "coordinates": [13.12862, 42.137392]}}, {"type": "Feature", "properties": {"wikidata": "Q3949519", "name": "Santo Stefano", "status": "done", "osm_id": "node/4503186808", "group": "Insediamenti", "subgroup": "Centri", "subcategory": "Frazione"}, "geometry": {"type": "Point", "coordinates": [13.2261, 42.12232]}}, {"type": "Feature", "properties": {"wikidata": "Q3936751", "name": "Riserva naturale controllata Lago di Serranella", "status": "done", "osm_id": "relation/12834712", "group": "Natura e paesaggio", "subgroup": "Verde", "subcategory": "Area protetta"}, "geometry": {"type": "Point", "coordinates": [14.376726, 42.124487]}}, {"type": "Feature", "properties": {"wikidata": "Q3936798", "name": "riserva naturale guidata Cascate del Verde", "status": "done", "osm_id": "relation/9383854", "group": "Natura e paesaggio", "subgroup": "Verde", "subcategory": "Area protetta"}, "geometry": {"type": "Point", "coordinates": [14.314536, 41.916094]}}, {"type": "Feature", "properties": {"wikidata": "Q3936750", "name": "riserva naturale controllata Castel Cerreto", "status": "missing", "osm_id": null, "group": "Natura e paesaggio", "subgroup": "Verde", "subcategory": "Area protetta"}, "geometry": {"type": "Point", "coordinates": [13.773128, 42.590506]}}, {"type": "Feature", "properties": {"wikidata": "Q3932932", "name": "Rendinara", "status": "done", "osm_id": "node/9403428828", "group": "Insediamenti", "subgroup": "Centri", "subcategory": "Frazione"}, "geometry": {"type": "Point", "coordinates": [13.468111111, 41.836333333]}}, {"type": "Feature", "properties": {"wikidata": "Q3936645", "name": "Riserva naturale Monte Rotondo", "status": "missing", "osm_id": null, "group": "Natura e paesaggio", "subgroup": "Verde", "subcategory": "Area protetta"}, "geometry": {"type": "Point", "coordinates": [13.885423, 42.187405]}}, {"type": "Feature", "properties": {"wikidata": "Q3948894", "name": "Sant'Onofrio", "status": "missing", "osm_id": null, "group": "Insediamenti", "subgroup": "Centri", "subcategory": "Insediamento umano"}, "geometry": {"type": "Point", "coordinates": [14.41583333, 42.16111111]}}, {"type": "Feature", "properties": {"wikidata": "Q3939514", "name": "Roccavivi", "status": "done", "osm_id": "node/4503186806", "group": "Insediamenti", "subgroup": "Centri", "subcategory": "Frazione"}, "geometry": {"type": "Point", "coordinates": [13.536805555, 41.812194444]}}, {"type": "Feature", "properties": {"wikidata": "Q3936564", "name": "Riserva naturale Fara San Martino-Palombaro", "status": "missing", "osm_id": null, "group": "Natura e paesaggio", "subgroup": "Verde", "subcategory": "Area protetta"}, "geometry": {"type": "Point", "coordinates": [14.158224, 42.090482]}}, {"type": "Feature", "properties": {"wikidata": "Q3936808", "name": "riserva naturale guidata Zompo lo Schioppo", "status": "missing", "osm_id": null, "group": "Natura e paesaggio", "subgroup": "Verde", "subcategory": "Area protetta"}, "geometry": {"type": "Point", "coordinates": [13.399222222, 41.841805555]}}, {"type": "Feature", "properties": {"wikidata": "Q3936807", "name": "Riserva naturale guidata Punta Aderci", "status": "done", "osm_id": "way/389262567", "group": "Natura e paesaggio", "subgroup": "Verde", "subcategory": "Area protetta"}, "geometry": {"type": "Point", "coordinates": [14.687666, 42.179934]}}, {"type": "Feature", "properties": {"wikidata": "Q3935673", "name": "rifugio Vincenzo Sebastiani", "status": "done", "osm_id": "way/1013138686", "group": "Dimore ed edifici", "subgroup": "Ospitalit\u00e0", "subcategory": "Rifugio di montagna"}, "geometry": {"type": "Point", "coordinates": [13.392454, 42.179066]}}, {"type": "Feature", "properties": {"wikidata": "Q3949778", "name": "santuario della Madonna della Portella", "status": "done", "osm_id": "way/306292599", "group": "Religione", "subgroup": "Luoghi di Culto", "subcategory": "Chiesa"}, "geometry": {"type": "Point", "coordinates": [14.047549, 41.865924]}}, {"type": "Feature", "properties": {"wikidata": "Q3936702", "name": "Riserva naturale Quarto Santa Chiara", "status": "missing", "osm_id": null, "group": "Natura e paesaggio", "subgroup": "Verde", "subcategory": "Area protetta"}, "geometry": {"type": "Point", "coordinates": [14.105108, 41.924552]}}, {"type": "Feature", "properties": {"wikidata": "Q3949677", "name": "santuario della Madonna d'Appari", "status": "done", "osm_id": "way/701443976", "group": "Religione", "subgroup": "Luoghi di Culto", "subcategory": "Chiesa"}, "geometry": {"type": "Point", "coordinates": [13.479975, 42.367373]}}, {"type": "Feature", "properties": {"wikidata": "Q3949706", "name": "santuario della Madonna del Carmine", "status": "done", "osm_id": "way/1215094052", "group": "Religione", "subgroup": "Luoghi di Culto", "subcategory": "Santuario"}, "geometry": {"type": "Point", "coordinates": [14.415287, 42.038368]}}, {"type": "Feature", "properties": {"wikidata": "Q3949687", "name": "santuario della Madonna dei Miracoli", "status": "done", "osm_id": "way/296471584", "group": "Religione", "subgroup": "Luoghi di Culto", "subcategory": "Basilica minore"}, "geometry": {"type": "Point", "coordinates": [14.613059, 42.158769]}}, {"type": "Feature", "properties": {"wikidata": "Q3927181", "name": "Quartiere Gammarana", "status": "done", "osm_id": "node/1152958500", "group": "Insediamenti", "subgroup": "Centri", "subcategory": "Insediamento umano"}, "geometry": {"type": "Point", "coordinates": [13.72055556, 42.66444444]}}, {"type": "Feature", "properties": {"wikidata": "Q3935487", "name": "Rifugio Carlo Franchetti", "status": "done", "osm_id": "way/96207220", "group": "Dimore ed edifici", "subgroup": "Ospitalit\u00e0", "subcategory": "Rifugio di montagna"}, "geometry": {"type": "Point", "coordinates": [13.565091, 42.477055]}}, {"type": "Feature", "properties": {"wikidata": "Q3949832", "name": "santuario della Madonna di Pietrabona", "status": "done", "osm_id": "way/408034716", "group": "Religione", "subgroup": "Luoghi di Culto", "subcategory": "Chiesa"}, "geometry": {"type": "Point", "coordinates": [13.74724, 42.08589]}}, {"type": "Feature", "properties": {"wikidata": "Q3950119", "name": "Santuario italico di Schiavi d'Abruzzo", "status": "done", "osm_id": "way/262801003", "group": "Religione", "subgroup": "Luoghi di Culto", "subcategory": "Santuario"}, "geometry": {"type": "Point", "coordinates": [14.480869, 41.80675]}}, {"type": "Feature", "properties": {"wikidata": "Q3936675", "name": "Riserva naturale Pantaniello", "status": "missing", "osm_id": null, "group": "Natura e paesaggio", "subgroup": "Verde", "subcategory": "Area protetta"}, "geometry": {"type": "Point", "coordinates": [13.985096, 41.814168]}}, {"type": "Feature", "properties": {"wikidata": "Q3940205", "name": "Roio", "status": "done", "osm_id": "node/777991667", "group": "Insediamenti", "subgroup": "Centri", "subcategory": "Frazione"}, "geometry": {"type": "Point", "coordinates": [13.38, 42.33194444]}}, {"type": "Feature", "properties": {"wikidata": "Q3946465", "name": "Sambuceto", "status": "done", "osm_id": "node/1417107761", "group": "Insediamenti", "subgroup": "Centri", "subcategory": "Frazione"}, "geometry": {"type": "Point", "coordinates": [14.37888889, 42.02388889]}}, {"type": "Feature", "properties": {"wikidata": "Q3936800", "name": "riserva naturale guidata Gole del Sagittario", "status": "done", "osm_id": "node/1348742444", "group": "Natura e paesaggio", "subgroup": "Verde", "subcategory": "Area protetta"}, "geometry": {"type": "Point", "coordinates": [13.80614, 41.9747]}}, {"type": "Feature", "properties": {"wikidata": "Q3936566", "name": "Riserva naturale Feudo Intramonti", "status": "missing", "osm_id": null, "group": "Altro", "subgroup": "Altro", "subcategory": "Altro"}, "geometry": {"type": "Point", "coordinates": [13.899239, 41.806799]}}, {"type": "Feature", "properties": {"wikidata": "Q3945479", "name": "Saletti", "status": "done", "osm_id": "node/4491412092", "group": "Insediamenti", "subgroup": "Centri", "subcategory": "Frazione"}, "geometry": {"type": "Point", "coordinates": [14.44305556, 42.14583333]}}, {"type": "Feature", "properties": {"wikidata": "Q3950000", "name": "santuario di San Camillo de Lellis", "status": "done", "osm_id": "relation/14464972", "group": "Religione", "subgroup": "Luoghi di Culto", "subcategory": "Santuario"}, "geometry": {"type": "Point", "coordinates": [14.181061, 42.304313]}}, {"type": "Feature", "properties": {"wikidata": "Q3936933", "name": "riserva regionale Abetina di Rosello", "status": "missing", "osm_id": null, "group": "Natura e paesaggio", "subgroup": "Verde", "subcategory": "Area protetta"}, "geometry": {"type": "Point", "coordinates": [14.357076, 41.884744]}}, {"type": "Feature", "properties": {"wikidata": "Q3948820", "name": "Sant'Elia", "status": "done", "osm_id": "relation/7883271", "group": "Insediamenti", "subgroup": "Centri", "subcategory": "Frazione"}, "geometry": {"type": "Point", "coordinates": [13.41888889, 42.33722222]}}, {"type": "Feature", "properties": {"wikidata": "Q3936680", "name": "Riserva naturale Piana Grande della Maielletta", "status": "missing", "osm_id": null, "group": "Natura e paesaggio", "subgroup": "Verde", "subcategory": "Area protetta"}, "geometry": {"type": "Point", "coordinates": [14.097228, 42.158716]}}, {"type": "Feature", "properties": {"wikidata": "Q3936806", "name": "riserva naturale guidata Monte Salviano", "status": "missing", "osm_id": null, "group": "Natura e paesaggio", "subgroup": "Verde", "subcategory": "Area protetta"}, "geometry": {"type": "Point", "coordinates": [13.403944444, 42.014083333]}}, {"type": "Feature", "properties": {"wikidata": "Q3936289", "name": "Rione Ospedale", "status": "missing", "osm_id": null, "group": "Altro", "subgroup": "Altro", "subcategory": "Altro"}, "geometry": {"type": "Point", "coordinates": [14.19712, 42.46366]}}, {"type": "Feature", "properties": {"wikidata": "Q3936745", "name": "Riserva naturale Valle dell'Orfento II", "status": "missing", "osm_id": null, "group": "Altro", "subgroup": "Altro", "subcategory": "Altro"}, "geometry": {"type": "Point", "coordinates": [14.014489, 42.165385]}}, {"type": "Feature", "properties": {"wikidata": "Q3939498", "name": "Rocca di Villalago", "status": "missing", "osm_id": null, "group": "Fortificazioni e militare", "subgroup": "Fortificazioni", "subcategory": "Rocca"}, "geometry": {"type": "Point", "coordinates": [13.83651783, 41.93647283]}}, {"type": "Feature", "properties": {"wikidata": "Q3947016", "name": "San Donato", "status": "missing", "osm_id": null, "group": "Insediamenti", "subgroup": "Zone Urbane", "subcategory": "Quartiere"}, "geometry": {"type": "Point", "coordinates": [14.2091, 42.4408]}}, {"type": "Feature", "properties": {"wikidata": "Q3936804", "name": "Riserva naturale guidata Monte Genzana e Alto Gizio", "status": "missing", "osm_id": null, "group": "Natura e paesaggio", "subgroup": "Verde", "subcategory": "Area protetta"}, "geometry": {"type": "Point", "coordinates": [13.959819, 41.973654]}}, {"type": "Feature", "properties": {"wikidata": "Q3936647", "name": "Riserva naturale Monte Velino", "status": "missing", "osm_id": null, "group": "Altro", "subgroup": "Altro", "subcategory": "Altro"}, "geometry": {"type": "Point", "coordinates": [13.368416666, 42.1095]}}, {"type": "Feature", "properties": {"wikidata": "Q3936614", "name": "Riserva naturale Lama Bianca di Sant'Eufemia a Maiella", "status": "missing", "osm_id": null, "group": "Natura e paesaggio", "subgroup": "Verde", "subcategory": "Area protetta"}, "geometry": {"type": "Point", "coordinates": [14.071094, 42.106231]}}, {"type": "Feature", "properties": {"wikidata": "Q3940206", "name": "Roio Piano", "status": "done", "osm_id": "relation/9148921", "group": "Insediamenti", "subgroup": "Centri", "subcategory": "Frazione"}, "geometry": {"type": "Point", "coordinates": [13.35701, 42.32781]}}, {"type": "Feature", "properties": {"wikidata": "Q3936802", "name": "riserva naturale regionale Lecceta di Torino di Sangro", "status": "done", "osm_id": "way/102321147", "group": "Natura e paesaggio", "subgroup": "Verde", "subcategory": "Area protetta"}, "geometry": {"type": "Point", "coordinates": [14.542396, 42.230617]}}, {"type": "Feature", "properties": {"wikidata": "Q3948804", "name": "Sant'Atto", "status": "done", "osm_id": "node/3922922136", "group": "Insediamenti", "subgroup": "Centri", "subcategory": "Frazione"}, "geometry": {"type": "Point", "coordinates": [13.80777778, 42.70777778]}}, {"type": "Feature", "properties": {"wikidata": "Q3936759", "name": "Riserva naturale del Lago di Campotosto", "status": "missing", "osm_id": null, "group": "Altro", "subgroup": "Altro", "subcategory": "Altro"}, "geometry": {"type": "Point", "coordinates": [13.389069, 42.534268]}}, {"type": "Feature", "properties": {"wikidata": "Q3947797", "name": "San Pietro", "status": "missing", "osm_id": null, "group": "Insediamenti", "subgroup": "Centri", "subcategory": "Frazione"}, "geometry": {"type": "Point", "coordinates": [13.78972222, 42.51138889]}}, {"type": "Feature", "properties": {"wikidata": "Q3950049", "name": "santuario di Santa Maria Mater Domini", "status": "missing", "osm_id": null, "group": "Religione", "subgroup": "Luoghi di Culto", "subcategory": "Santuario"}, "geometry": {"type": "Point", "coordinates": [14.48255, 41.88655]}}, {"type": "Feature", "properties": {"wikidata": "Q3936567", "name": "Riserva naturale Feudo Ugni", "status": "missing", "osm_id": null, "group": "Natura e paesaggio", "subgroup": "Verde", "subcategory": "Area protetta"}, "geometry": {"type": "Point", "coordinates": [14.164035, 42.123692]}}, {"type": "Feature", "properties": {"wikidata": "Q3950021", "name": "santuario di San Mauro Abate", "status": "done", "osm_id": "way/510284104", "group": "Religione", "subgroup": "Luoghi di Culto", "subcategory": "Santuario"}, "geometry": {"type": "Point", "coordinates": [14.361861, 42.035573]}}, {"type": "Feature", "properties": {"wikidata": "Q3936797", "name": "riserva naturale guidata Calanchi di Atri", "status": "done", "osm_id": "way/24590525", "group": "Natura e paesaggio", "subgroup": "Verde", "subcategory": "Area protetta"}, "geometry": {"type": "Point", "coordinates": [13.96481, 42.57619]}}, {"type": "Feature", "properties": {"wikidata": "Q3936801", "name": "riserva naturale guidata Grotta delle farfalle", "status": "missing", "osm_id": null, "group": "Natura e paesaggio", "subgroup": "Verde", "subcategory": "Area protetta"}, "geometry": {"type": "Point", "coordinates": [14.470073, 42.287517]}}, {"type": "Feature", "properties": {"wikidata": "Q3947351", "name": "San Gregorio", "status": "done", "osm_id": "node/370328541", "group": "Insediamenti", "subgroup": "Centri", "subcategory": "Frazione"}, "geometry": {"type": "Point", "coordinates": [13.49533, 42.32695]}}, {"type": "Feature", "properties": {"wikidata": "Q3936545", "name": "Riserva naturale Colle di Licco", "status": "missing", "osm_id": null, "group": "Altro", "subgroup": "Altro", "subcategory": "Altro"}, "geometry": {"type": "Point", "coordinates": [13.892653, 41.774336]}}, {"type": "Feature", "properties": {"wikidata": "Q3930007", "name": "Rancitelli", "status": "missing", "osm_id": null, "group": "Altro", "subgroup": "Altro", "subcategory": "Altro"}, "geometry": {"type": "Point", "coordinates": [14.20815, 42.45834]}}, {"type": "Feature", "properties": {"wikidata": "Q3949152", "name": "Santa Maria del Ponte", "status": "done", "osm_id": "node/777998117", "group": "Insediamenti", "subgroup": "Centri", "subcategory": "Frazione"}, "geometry": {"type": "Point", "coordinates": [13.64416667, 42.20888889]}}, {"type": "Feature", "properties": {"wikidata": "Q3936793", "name": "riserva naturale di interesse provinciale Pineta Dannunziana", "status": "done", "osm_id": "relation/8484", "group": "Natura e paesaggio", "subgroup": "Verde", "subcategory": "Area protetta"}, "geometry": {"type": "Point", "coordinates": [14.235563, 42.451693]}}, {"type": "Feature", "properties": {"wikidata": "Q3935762", "name": "Rigopiano", "status": "done", "osm_id": "node/314756281", "group": "Insediamenti", "subgroup": "Centri", "subcategory": "Localit\u00e0"}, "geometry": {"type": "Point", "coordinates": [13.781179, 42.431015]}}, {"type": "Feature", "properties": {"wikidata": "Q3936799", "name": "riserva naturale guidata Fiume Tirino", "status": "missing", "osm_id": null, "group": "Natura e paesaggio", "subgroup": "Verde", "subcategory": "Area protetta"}, "geometry": {"type": "Point", "coordinates": [13.822468, 42.214176]}}, {"type": "Feature", "properties": {"wikidata": "Q3936794", "name": "Riserva naturale guidata Bosco di Don Venanzio", "status": "done", "osm_id": "way/659760148", "group": "Natura e paesaggio", "subgroup": "Verde", "subcategory": "Area protetta"}, "geometry": {"type": "Point", "coordinates": [14.644603, 42.148322]}}, {"type": "Feature", "properties": {"wikidata": "Q3936812", "name": "riserva naturale guidata Sorgenti del Fiume Pescara", "status": "done", "osm_id": "relation/12766332", "group": "Natura e paesaggio", "subgroup": "Verde", "subcategory": "Area protetta"}, "geometry": {"type": "Point", "coordinates": [13.82163, 42.16861]}}, {"type": "Feature", "properties": {"wikidata": "Q3936689", "name": "Riserva naturale Pineta di Santa Filomena", "status": "missing", "osm_id": null, "group": "Natura e paesaggio", "subgroup": "Verde", "subcategory": "Area protetta"}, "geometry": {"type": "Point", "coordinates": [14.187052, 42.490504]}}, {"type": "Feature", "properties": {"wikidata": "Q3936805", "name": "Riserva naturale guidata Gole di San Venanzio", "status": "missing", "osm_id": null, "group": "Natura e paesaggio", "subgroup": "Verde", "subcategory": "Area protetta"}, "geometry": {"type": "Point", "coordinates": [13.789378, 42.112675]}}, {"type": "Feature", "properties": {"wikidata": "Q3936344", "name": "Ripattoni", "status": "done", "osm_id": "node/2952736944", "group": "Insediamenti", "subgroup": "Centri", "subcategory": "Frazione"}, "geometry": {"type": "Point", "coordinates": [13.8325, 42.71444444]}}, {"type": "Feature", "properties": {"wikidata": "Q18427075", "name": "Torrone", "status": "missing", "osm_id": null, "group": "Insediamenti", "subgroup": "Centri", "subcategory": "Frazione"}, "geometry": {"type": "Point", "coordinates": [13.89621, 42.04536]}}, {"type": "Feature", "properties": {"wikidata": "Q18426893", "name": "Piccola Svizzera", "status": "done", "osm_id": "node/2894455741", "group": "Insediamenti", "subgroup": "Centri", "subcategory": "Insediamento umano"}, "geometry": {"type": "Point", "coordinates": [13.24099, 42.05419]}}, {"type": "Feature", "properties": {"wikidata": "Q18426991", "name": "San Pio", "status": "done", "osm_id": "node/777998129", "group": "Insediamenti", "subgroup": "Centri", "subcategory": "Frazione"}, "geometry": {"type": "Point", "coordinates": [13.61209, 42.23706]}}, {"type": "Feature", "properties": {"wikidata": "Q18426887", "name": "Piagge", "status": "done", "osm_id": "node/4391227806", "group": "Insediamenti", "subgroup": "Centri", "subcategory": "Frazione"}, "geometry": {"type": "Point", "coordinates": [13.30238, 42.30194]}}, {"type": "Feature", "properties": {"wikidata": "Q18426943", "name": "Rivoli", "status": "missing", "osm_id": null, "group": "Insediamenti", "subgroup": "Centri", "subcategory": "Frazione"}, "geometry": {"type": "Point", "coordinates": [13.71039, 42.01821]}}, {"type": "Feature", "properties": {"wikidata": "Q18426954", "name": "Roccacinquemiglia", "status": "done", "osm_id": "node/4828661267", "group": "Insediamenti", "subgroup": "Centri", "subcategory": "Frazione"}, "geometry": {"type": "Point", "coordinates": [14.12073, 41.81218]}}, {"type": "Feature", "properties": {"wikidata": "Q18427006", "name": "Santa Maria dei Bisognosi", "status": "missing", "osm_id": null, "group": "Insediamenti", "subgroup": "Centri", "subcategory": "Insediamento umano"}, "geometry": {"type": "Point", "coordinates": [13.0928, 42.04318]}}, {"type": "Feature", "properties": {"wikidata": "Q18426927", "name": "Progetto Case Bazzano, L'Aquila", "status": "done", "osm_id": "relation/7339340", "group": "Altro", "subgroup": "Altro", "subcategory": "Altro"}, "geometry": {"type": "Point", "coordinates": [13.4441, 42.33643]}}, {"type": "Feature", "properties": {"wikidata": "Q18426915", "name": "Polverelli", "status": "done", "osm_id": "node/1291489685", "group": "Insediamenti", "subgroup": "Centri", "subcategory": "Frazione"}, "geometry": {"type": "Point", "coordinates": [13.41145, 41.87388]}}, {"type": "Feature", "properties": {"wikidata": "Q18426899", "name": "Pitassi", "status": "done", "osm_id": "node/1408999774", "group": "Insediamenti", "subgroup": "Centri", "subcategory": "Insediamento umano"}, "geometry": {"type": "Point", "coordinates": [14.17379, 41.86071]}}, {"type": "Feature", "properties": {"wikidata": "Q18427017", "name": "Sant'Eusanio", "status": "done", "osm_id": "node/4371144698", "group": "Insediamenti", "subgroup": "Centri", "subcategory": "Frazione"}, "geometry": {"type": "Point", "coordinates": [13.27239, 42.45053]}}, {"type": "Feature", "properties": {"wikidata": "Q18426948", "name": "Rocca Santo Stefano", "status": "done", "osm_id": "node/4391227813", "group": "Insediamenti", "subgroup": "Centri", "subcategory": "Frazione"}, "geometry": {"type": "Point", "coordinates": [13.26054, 42.33586]}}, {"type": "Feature", "properties": {"wikidata": "Q18426992", "name": "San Potito", "status": "done", "osm_id": "node/2541789311", "group": "Insediamenti", "subgroup": "Centri", "subcategory": "Frazione"}, "geometry": {"type": "Point", "coordinates": [13.51491, 42.12128]}}, {"type": "Feature", "properties": {"wikidata": "Q18427039", "name": "Sivignano", "status": "done", "osm_id": "node/4364879053", "group": "Insediamenti", "subgroup": "Centri", "subcategory": "Frazione"}, "geometry": {"type": "Point", "coordinates": [13.2902, 42.53297]}}, {"type": "Feature", "properties": {"wikidata": "Q18427080", "name": "Tratturo", "status": "done", "osm_id": "node/452631235", "group": "Insediamenti", "subgroup": "Centri", "subcategory": "Insediamento umano"}, "geometry": {"type": "Point", "coordinates": [13.86344, 42.08012]}}, {"type": "Feature", "properties": {"wikidata": "Q18426936", "name": "Ricci-Maccaroni", "status": "missing", "osm_id": null, "group": "Insediamenti", "subgroup": "Centri", "subcategory": "Insediamento umano"}, "geometry": {"type": "Point", "coordinates": [14.18637, 41.86874]}}, {"type": "Feature", "properties": {"wikidata": "Q18427013", "name": "Sante Marie", "status": "done", "osm_id": "node/70992668", "group": "Insediamenti", "subgroup": "Centri", "subcategory": "Frazione"}, "geometry": {"type": "Point", "coordinates": [13.20163, 42.10369]}}, {"type": "Feature", "properties": {"wikidata": "Q18426921", "name": "Pozzone", "status": "done", "osm_id": "node/5851782931", "group": "Insediamenti", "subgroup": "Centri", "subcategory": "Insediamento umano"}, "geometry": {"type": "Point", "coordinates": [13.50155, 42.04745]}}, {"type": "Feature", "properties": {"wikidata": "Q18426986", "name": "San Nicola", "status": "done", "osm_id": "node/4391227814", "group": "Insediamenti", "subgroup": "Centri", "subcategory": "Frazione"}, "geometry": {"type": "Point", "coordinates": [13.27374, 42.30244]}}, {"type": "Feature", "properties": {"wikidata": "Q18426919", "name": "Pontone", "status": "done", "osm_id": "node/12068258344", "group": "Insediamenti", "subgroup": "Centri", "subcategory": "Frazione"}, "geometry": {"type": "Point", "coordinates": [14.10431, 41.82124]}}, {"type": "Feature", "properties": {"wikidata": "Q18426950", "name": "Roccacasale", "status": "done", "osm_id": "node/70992765", "group": "Insediamenti", "subgroup": "Centri", "subcategory": "Insediamento umano"}, "geometry": {"type": "Point", "coordinates": [13.88758, 42.12249]}}, {"type": "Feature", "properties": {"wikidata": "Q18427051", "name": "Stazione di Scurcola", "status": "missing", "osm_id": null, "group": "Insediamenti", "subgroup": "Centri", "subcategory": "Insediamento umano"}, "geometry": {"type": "Point", "coordinates": [13.34408, 42.05337]}}, {"type": "Feature", "properties": {"wikidata": "Q18427085", "name": "Tufo Alto", "status": "done", "osm_id": "node/3682670342", "group": "Insediamenti", "subgroup": "Centri", "subcategory": "Insediamento umano"}, "geometry": {"type": "Point", "coordinates": [13.11185, 42.15635]}}, {"type": "Feature", "properties": {"wikidata": "Q18427081", "name": "Tremonti", "status": "done", "osm_id": "node/12107712649", "group": "Insediamenti", "subgroup": "Centri", "subcategory": "Frazione"}, "geometry": {"type": "Point", "coordinates": [13.194763, 42.092491]}}, {"type": "Feature", "properties": {"wikidata": "Q18427087", "name": "Tufo Basso", "status": "done", "osm_id": "node/3682590546", "group": "Insediamenti", "subgroup": "Centri", "subcategory": "Insediamento umano"}, "geometry": {"type": "Point", "coordinates": [13.11253, 42.15182]}}, {"type": "Feature", "properties": {"wikidata": "Q18426975", "name": "San Felice d'Ocre", "status": "done", "osm_id": "node/777998123", "group": "Insediamenti", "subgroup": "Centri", "subcategory": "Frazione"}, "geometry": {"type": "Point", "coordinates": [13.45559, 42.29363]}}, {"type": "Feature", "properties": {"wikidata": "Q18426993", "name": "Basanello", "status": "done", "osm_id": "node/4371144692", "group": "Insediamenti", "subgroup": "Centri", "subcategory": "Frazione"}, "geometry": {"type": "Point", "coordinates": [13.25713, 42.42496]}}, {"type": "Feature", "properties": {"wikidata": "Q18427092", "name": "Valdevarri", "status": "missing", "osm_id": null, "group": "Insediamenti", "subgroup": "Centri", "subcategory": "Frazione"}, "geometry": {"type": "Point", "coordinates": [13.18503, 42.15681]}}, {"type": "Feature", "properties": {"wikidata": "Q18426941", "name": "Rivisondoli", "status": "done", "osm_id": "relation/41586", "group": "Altro", "subgroup": "Altro", "subcategory": "Altro"}, "geometry": {"type": "Point", "coordinates": [14.06671, 41.87023]}}, {"type": "Feature", "properties": {"wikidata": "Q18427045", "name": "Spognetta", "status": "done", "osm_id": "node/6204111432", "group": "Insediamenti", "subgroup": "Centri", "subcategory": "Frazione"}, "geometry": {"type": "Point", "coordinates": [13.33727, 42.30037]}}, {"type": "Feature", "properties": {"wikidata": "Q18426964", "name": "Rovere", "status": "done", "osm_id": "node/1821312363", "group": "Insediamenti", "subgroup": "Centri", "subcategory": "Frazione"}, "geometry": {"type": "Point", "coordinates": [13.516777777, 42.175861111]}}, {"type": "Feature", "properties": {"wikidata": "Q18426944", "name": "Rocca di Botte", "status": "missing", "osm_id": null, "group": "Insediamenti", "subgroup": "Centri", "subcategory": "Insediamento umano"}, "geometry": {"type": "Point", "coordinates": [13.07185, 42.03102]}}, {"type": "Feature", "properties": {"wikidata": "Q18427044", "name": "Spineta", "status": "missing", "osm_id": null, "group": "Insediamenti", "subgroup": "Centri", "subcategory": "Insediamento umano"}, "geometry": {"type": "Point", "coordinates": [13.05601, 42.07651]}}, {"type": "Feature", "properties": {"wikidata": "Q18427008", "name": "Santa Maria d'Oriente", "status": "missing", "osm_id": null, "group": "Insediamenti", "subgroup": "Centri", "subcategory": "Insediamento umano"}, "geometry": {"type": "Point", "coordinates": [13.27178, 42.05874]}}, {"type": "Feature", "properties": {"wikidata": "Q18427091", "name": "Vado Lucoli", "status": "done", "osm_id": "node/3383779854", "group": "Insediamenti", "subgroup": "Centri", "subcategory": "Frazione"}, "geometry": {"type": "Point", "coordinates": [13.34809, 42.29234]}}, {"type": "Feature", "properties": {"wikidata": "Q18427010", "name": "Santa Maria Frascati", "status": "done", "osm_id": "node/8419899806", "group": "Insediamenti", "subgroup": "Centri", "subcategory": "Frazione"}, "geometry": {"type": "Point", "coordinates": [13.89123, 42.02135]}}, {"type": "Feature", "properties": {"wikidata": "Q18426996", "name": "San Sebastiano dei Marsi", "status": "done", "osm_id": "node/1345351626", "group": "Insediamenti", "subgroup": "Centri", "subcategory": "Frazione"}, "geometry": {"type": "Point", "coordinates": [13.75931, 41.94118]}}, {"type": "Feature", "properties": {"wikidata": "Q18427011", "name": "Santa Restituta", "status": "missing", "osm_id": null, "group": "Insediamenti", "subgroup": "Centri", "subcategory": "Frazione"}, "geometry": {"type": "Point", "coordinates": [13.49786, 41.84955]}}, {"type": "Feature", "properties": {"wikidata": "Q18427098", "name": "Vallecupa", "status": "done", "osm_id": "node/777998153", "group": "Insediamenti", "subgroup": "Centri", "subcategory": "Frazione"}, "geometry": {"type": "Point", "coordinates": [13.57467, 42.25366]}}, {"type": "Feature", "properties": {"wikidata": "Q18426997", "name": "San Vincenzo Valle Roveto Superiore", "status": "done", "osm_id": "way/634602409", "group": "Insediamenti", "subgroup": "Centri", "subcategory": "Frazione"}, "geometry": {"type": "Point", "coordinates": [13.5235, 41.8334]}}, {"type": "Feature", "properties": {"wikidata": "Q18426920", "name": "San Marco di Preturo", "status": "done", "osm_id": "node/5305085966", "group": "Insediamenti", "subgroup": "Centri", "subcategory": "Frazione"}, "geometry": {"type": "Point", "coordinates": [13.28118, 42.39497]}}, {"type": "Feature", "properties": {"wikidata": "Q18426917", "name": "Ponte d'Arce", "status": "done", "osm_id": "node/8286473069", "group": "Insediamenti", "subgroup": "Centri", "subcategory": "Insediamento umano"}, "geometry": {"type": "Point", "coordinates": [13.95575, 41.9921]}}, {"type": "Feature", "properties": {"wikidata": "Q18427036", "name": "Selve Piane", "status": "missing", "osm_id": null, "group": "Insediamenti", "subgroup": "Centri", "subcategory": "Insediamento umano"}, "geometry": {"type": "Point", "coordinates": [13.27297, 42.06955]}}, {"type": "Feature", "properties": {"wikidata": "Q18426970", "name": "San Benedetto", "status": "done", "osm_id": "node/777998120", "group": "Insediamenti", "subgroup": "Centri", "subcategory": "Insediamento umano"}, "geometry": {"type": "Point", "coordinates": [13.43582, 42.30322]}}, {"type": "Feature", "properties": {"wikidata": "Q18426872", "name": "Pedicciano", "status": "done", "osm_id": "node/777998150", "group": "Insediamenti", "subgroup": "Centri", "subcategory": "Frazione"}, "geometry": {"type": "Point", "coordinates": [13.59302, 42.2404]}}, {"type": "Feature", "properties": {"wikidata": "Q18426918", "name": "Ponte la Torre", "status": "missing", "osm_id": null, "group": "Insediamenti", "subgroup": "Centri", "subcategory": "Frazione"}, "geometry": {"type": "Point", "coordinates": [13.8921, 42.06062]}}, {"type": "Feature", "properties": {"wikidata": "Q18426902", "name": "Poggetello", "status": "done", "osm_id": "node/2497734505", "group": "Insediamenti", "subgroup": "Centri", "subcategory": "Frazione"}, "geometry": {"type": "Point", "coordinates": [13.23655, 42.08869]}}, {"type": "Feature", "properties": {"wikidata": "Q18426980", "name": "San Lorenzo", "status": "done", "osm_id": "node/2282532055", "group": "Insediamenti", "subgroup": "Centri", "subcategory": "Frazione"}, "geometry": {"type": "Point", "coordinates": [13.65616, 42.20606]}}, {"type": "Feature", "properties": {"wikidata": "Q18426916", "name": "Ponte Collepiano", "status": "missing", "osm_id": null, "group": "Insediamenti", "subgroup": "Centri", "subcategory": "Insediamento umano"}, "geometry": {"type": "Point", "coordinates": [13.57982, 41.78828]}}, {"type": "Feature", "properties": {"wikidata": "Q18427093", "name": "Valle", "status": "done", "osm_id": "node/4391227819", "group": "Insediamenti", "subgroup": "Centri", "subcategory": "Frazione"}, "geometry": {"type": "Point", "coordinates": [13.45757, 42.30575]}}, {"type": "Feature", "properties": {"wikidata": "Q18426932", "name": "Raiano", "status": "done", "osm_id": "node/1567345751", "group": "Insediamenti", "subgroup": "Centri", "subcategory": "Insediamento umano"}, "geometry": {"type": "Point", "coordinates": [13.81386, 42.10158]}}, {"type": "Feature", "properties": {"wikidata": "Q18427084", "name": "Tubione", "status": "done", "osm_id": "node/7195020690", "group": "Insediamenti", "subgroup": "Centri", "subcategory": "Frazione"}, "geometry": {"type": "Point", "coordinates": [13.23483, 42.10499]}}, {"type": "Feature", "properties": {"wikidata": "Q18426886", "name": "Pezzetaglie", "status": "missing", "osm_id": null, "group": "Insediamenti", "subgroup": "Centri", "subcategory": "Insediamento umano"}, "geometry": {"type": "Point", "coordinates": [13.05286, 42.07107]}}, {"type": "Feature", "properties": {"wikidata": "Q18426905", "name": "Poggio Cinolfo", "status": "done", "osm_id": "node/1952459584", "group": "Insediamenti", "subgroup": "Centri", "subcategory": "Frazione"}, "geometry": {"type": "Point", "coordinates": [13.050833333, 42.110472222]}}, {"type": "Feature", "properties": {"wikidata": "Q18426995", "name": "San Savino", "status": "done", "osm_id": "node/11430354496", "group": "Insediamenti", "subgroup": "Centri", "subcategory": "Frazione"}, "geometry": {"type": "Point", "coordinates": [13.40533, 41.89711]}}, {"type": "Feature", "properties": {"wikidata": "Q18426924", "name": "Prato Lonaro", "status": "done", "osm_id": "node/6204111430", "group": "Insediamenti", "subgroup": "Centri", "subcategory": "Frazione"}, "geometry": {"type": "Point", "coordinates": [13.36184, 42.27694]}}, {"type": "Feature", "properties": {"wikidata": "Q18426923", "name": "Prata", "status": "done", "osm_id": "node/4391227812", "group": "Insediamenti", "subgroup": "Centri", "subcategory": "Frazione"}, "geometry": {"type": "Point", "coordinates": [13.3283, 42.29613]}}, {"type": "Feature", "properties": {"wikidata": "Q18427050", "name": "Stazione di San Demetrio", "status": "done", "osm_id": "node/777998106", "group": "Insediamenti", "subgroup": "Centri", "subcategory": "Insediamento umano"}, "geometry": {"type": "Point", "coordinates": [13.53795, 42.2944]}}, {"type": "Feature", "properties": {"wikidata": "Q18427041", "name": "Soggiorno Montano Enel", "status": "missing", "osm_id": null, "group": "Insediamenti", "subgroup": "Centri", "subcategory": "Frazione"}, "geometry": {"type": "Point", "coordinates": [14.10014, 41.82525]}}, {"type": "Feature", "properties": {"wikidata": "Q18426966", "name": "Francolisco", "status": "done", "osm_id": "node/777991447", "group": "Insediamenti", "subgroup": "Centri", "subcategory": "Frazione"}, "geometry": {"type": "Point", "coordinates": [13.32199, 42.30878]}}, {"type": "Feature", "properties": {"wikidata": "Q18426981", "name": "San Martino d'Ocre", "status": "done", "osm_id": "node/777998112", "group": "Insediamenti", "subgroup": "Centri", "subcategory": "Frazione"}, "geometry": {"type": "Point", "coordinates": [13.47718, 42.27328]}}, {"type": "Feature", "properties": {"wikidata": "Q18426977", "name": "San Giovanni Valle Roveto", "status": "done", "osm_id": "node/7059552715", "group": "Insediamenti", "subgroup": "Centri", "subcategory": "Frazione"}, "geometry": {"type": "Point", "coordinates": [13.54376, 41.83579]}}, {"type": "Feature", "properties": {"wikidata": "Q18426989", "name": "San Pelagia", "status": "missing", "osm_id": null, "group": "Insediamenti", "subgroup": "Centri", "subcategory": "Insediamento umano"}, "geometry": {"type": "Point", "coordinates": [13.75054, 42.28306]}}, {"type": "Feature", "properties": {"wikidata": "Q18427029", "name": "Sciullo", "status": "done", "osm_id": "node/1409000312", "group": "Insediamenti", "subgroup": "Centri", "subcategory": "Insediamento umano"}, "geometry": {"type": "Point", "coordinates": [14.20012, 41.86476]}}, {"type": "Feature", "properties": {"wikidata": "Q18426984", "name": "San Nicandro", "status": "done", "osm_id": "node/777998096", "group": "Insediamenti", "subgroup": "Centri", "subcategory": "Frazione"}, "geometry": {"type": "Point", "coordinates": [13.59232, 42.28314]}}, {"type": "Feature", "properties": {"wikidata": "Q18426889", "name": "Pianelle", "status": "done", "osm_id": "node/4391227809", "group": "Insediamenti", "subgroup": "Centri", "subcategory": "Frazione"}, "geometry": {"type": "Point", "coordinates": [13.29496, 42.29029]}}, {"type": "Feature", "properties": {"wikidata": "Q18427053", "name": "Stazione di Vigliano", "status": "done", "osm_id": "node/777995489", "group": "Insediamenti", "subgroup": "Centri", "subcategory": "Insediamento umano"}, "geometry": {"type": "Point", "coordinates": [13.22912, 42.3421]}}, {"type": "Feature", "properties": {"wikidata": "Q18427012", "name": "Santa Vittoria", "status": "done", "osm_id": "node/4067088175", "group": "Insediamenti", "subgroup": "Centri", "subcategory": "Frazione"}, "geometry": {"type": "Point", "coordinates": [13.23333, 42.55]}}, {"type": "Feature", "properties": {"wikidata": "Q18426971", "name": "San Cipriano", "status": "done", "osm_id": "node/777991399", "group": "Insediamenti", "subgroup": "Centri", "subcategory": "Insediamento umano"}, "geometry": {"type": "Point", "coordinates": [13.41053, 42.33447]}}, {"type": "Feature", "properties": {"wikidata": "Q18426929", "name": "Progetto Case Coppito 3", "status": "missing", "osm_id": null, "group": "Insediamenti", "subgroup": "Centri", "subcategory": "Insediamento umano"}, "geometry": {"type": "Point", "coordinates": [13.31973, 42.36981]}}, {"type": "Feature", "properties": {"wikidata": "Q18426931", "name": "Progetto Case Sassa Nsi", "status": "missing", "osm_id": null, "group": "Insediamenti", "subgroup": "Centri", "subcategory": "Insediamento umano"}, "geometry": {"type": "Point", "coordinates": [13.31509, 42.3656]}}, {"type": "Feature", "properties": {"wikidata": "Q18427066", "name": "Termine", "status": "done", "osm_id": "node/4371144724", "group": "Insediamenti", "subgroup": "Centri", "subcategory": "Frazione"}, "geometry": {"type": "Point", "coordinates": [13.20973, 42.44401]}}, {"type": "Feature", "properties": {"wikidata": "Q18427020", "name": "Santa Jona", "status": "done", "osm_id": "node/2493739667", "group": "Insediamenti", "subgroup": "Centri", "subcategory": "Frazione"}, "geometry": {"type": "Point", "coordinates": [13.509722222, 42.099277777]}}, {"type": "Feature", "properties": {"wikidata": "Q18427079", "name": "Tratturo II", "status": "missing", "osm_id": null, "group": "Insediamenti", "subgroup": "Centri", "subcategory": "Frazione"}, "geometry": {"type": "Point", "coordinates": [13.89913, 42.05524]}}, {"type": "Feature", "properties": {"wikidata": "Q18427059", "name": "Stradale di Vigliano", "status": "done", "osm_id": "node/777995477", "group": "Insediamenti", "subgroup": "Centri", "subcategory": "Insediamento umano"}, "geometry": {"type": "Point", "coordinates": [13.22308, 42.34555]}}, {"type": "Feature", "properties": {"wikidata": "Q18426869", "name": "Palombara", "status": "done", "osm_id": "node/777991555", "group": "Insediamenti", "subgroup": "Centri", "subcategory": "Insediamento umano"}, "geometry": {"type": "Point", "coordinates": [13.43003, 42.34238]}}, {"type": "Feature", "properties": {"wikidata": "Q18427019", "name": "Santi di Preturo", "status": "done", "osm_id": "node/777995541", "group": "Insediamenti", "subgroup": "Centri", "subcategory": "Frazione"}, "geometry": {"type": "Point", "coordinates": [13.24138, 42.40261]}}, {"type": "Feature", "properties": {"wikidata": "Q18426922", "name": "Prata d'Ansidonia", "status": "done", "osm_id": "node/70993158", "group": "Insediamenti", "subgroup": "Centri", "subcategory": "Insediamento umano"}, "geometry": {"type": "Point", "coordinates": [13.6083, 42.27794]}}, {"type": "Feature", "properties": {"wikidata": "Q18427038", "name": "Sicinella", "status": "missing", "osm_id": null, "group": "Insediamenti", "subgroup": "Centri", "subcategory": "Insediamento umano"}, "geometry": {"type": "Point", "coordinates": [14.17322, 41.8547]}}, {"type": "Feature", "properties": {"wikidata": "Q18426982", "name": "San Martino", "status": "done", "osm_id": "node/777991569", "group": "Insediamenti", "subgroup": "Centri", "subcategory": "Frazione"}, "geometry": {"type": "Point", "coordinates": [13.53535, 42.32986]}}, {"type": "Feature", "properties": {"wikidata": "Q18427078", "name": "Tratturo I", "status": "missing", "osm_id": null, "group": "Insediamenti", "subgroup": "Centri", "subcategory": "Frazione"}, "geometry": {"type": "Point", "coordinates": [13.9125, 42.054]}}, {"type": "Feature", "properties": {"wikidata": "Q18427060", "name": "Succiano", "status": "done", "osm_id": "node/1260321442", "group": "Insediamenti", "subgroup": "Centri", "subcategory": "Frazione"}, "geometry": {"type": "Point", "coordinates": [13.66727, 42.20156]}}, {"type": "Feature", "properties": {"wikidata": "Q18426903", "name": "Poggio Cancelli", "status": "done", "osm_id": "node/4364893251", "group": "Insediamenti", "subgroup": "Centri", "subcategory": "Frazione"}, "geometry": {"type": "Point", "coordinates": [13.32703, 42.56233]}}, {"type": "Feature", "properties": {"wikidata": "Q18426881", "name": "Pescocanale", "status": "done", "osm_id": "node/1881705344", "group": "Insediamenti", "subgroup": "Centri", "subcategory": "Frazione"}, "geometry": {"type": "Point", "coordinates": [13.39152, 41.95563]}}, {"type": "Feature", "properties": {"wikidata": "Q18426973", "name": "San Donato", "status": "missing", "osm_id": null, "group": "Insediamenti", "subgroup": "Centri", "subcategory": "Frazione"}, "geometry": {"type": "Point", "coordinates": [13.28024, 42.09442]}}, {"type": "Feature", "properties": {"wikidata": "Q18426882", "name": "Pescomaggiore", "status": "done", "osm_id": "node/777991731", "group": "Insediamenti", "subgroup": "Centri", "subcategory": "Frazione"}, "geometry": {"type": "Point", "coordinates": [13.5102, 42.35664]}}, {"type": "Feature", "properties": {"wikidata": "Q18427005", "name": "Santa Lucia", "status": "done", "osm_id": "node/4364879034", "group": "Insediamenti", "subgroup": "Centri", "subcategory": "Frazione"}, "geometry": {"type": "Point", "coordinates": [13.2623, 42.57144]}}, {"type": "Feature", "properties": {"wikidata": "Q18427002", "name": "San Vito", "status": "done", "osm_id": "node/4364879073", "group": "Insediamenti", "subgroup": "Centri", "subcategory": "Frazione"}, "geometry": {"type": "Point", "coordinates": [13.26359, 42.54233]}}, {"type": "Feature", "properties": {"wikidata": "Q18427023", "name": "Sassa Scalo", "status": "done", "osm_id": "node/777991689", "group": "Insediamenti", "subgroup": "Centri", "subcategory": "Frazione"}, "geometry": {"type": "Point", "coordinates": [13.29354, 42.36064]}}, {"type": "Feature", "properties": {"wikidata": "Q18427022", "name": "Sardellino", "status": "missing", "osm_id": null, "group": "Insediamenti", "subgroup": "Centri", "subcategory": "Frazione"}, "geometry": {"type": "Point", "coordinates": [13.55193, 42.07834]}}, {"type": "Feature", "properties": {"wikidata": "Q18426876", "name": "Pero dei Santi", "status": "missing", "osm_id": null, "group": "Insediamenti", "subgroup": "Centri", "subcategory": "Frazione"}, "geometry": {"type": "Point", "coordinates": [13.45413, 41.87951]}}, {"type": "Feature", "properties": {"wikidata": "Q18427048", "name": "Stazione Cappelle", "status": "missing", "osm_id": null, "group": "Insediamenti", "subgroup": "Centri", "subcategory": "Insediamento umano"}, "geometry": {"type": "Point", "coordinates": [13.37328, 42.06015]}}, {"type": "Feature", "properties": {"wikidata": "Q18426976", "name": "San Giovanni Valle Roveto Inferiore", "status": "missing", "osm_id": null, "group": "Insediamenti", "subgroup": "Centri", "subcategory": "Frazione"}, "geometry": {"type": "Point", "coordinates": [13.54455, 41.82154]}}, {"type": "Feature", "properties": {"wikidata": "Q18427057", "name": "Stiffe", "status": "done", "osm_id": "node/777998087", "group": "Insediamenti", "subgroup": "Centri", "subcategory": "Frazione"}, "geometry": {"type": "Point", "coordinates": [13.54644, 42.25639]}}, {"type": "Feature", "properties": {"wikidata": "Q18426967", "name": "San Bartolomeo", "status": "done", "osm_id": "node/777995525", "group": "Insediamenti", "subgroup": "Centri", "subcategory": "Insediamento umano"}, "geometry": {"type": "Point", "coordinates": [13.25269, 42.35967]}}, {"type": "Feature", "properties": {"wikidata": "Q18426938", "name": "Ridotti", "status": "done", "osm_id": "node/5282593769", "group": "Insediamenti", "subgroup": "Centri", "subcategory": "Frazione"}, "geometry": {"type": "Point", "coordinates": [13.60643, 41.78741]}}, {"type": "Feature", "properties": {"wikidata": "Q18426883", "name": "Petogna", "status": "done", "osm_id": "node/777991488", "group": "Insediamenti", "subgroup": "Centri", "subcategory": "Frazione"}, "geometry": {"type": "Point", "coordinates": [13.52322, 42.332]}}, {"type": "Feature", "properties": {"wikidata": "Q18426978", "name": "San Giovanni", "status": "done", "osm_id": "node/4371138383", "group": "Insediamenti", "subgroup": "Centri", "subcategory": "Frazione"}, "geometry": {"type": "Point", "coordinates": [13.25844, 42.46423]}}, {"type": "Feature", "properties": {"wikidata": "Q18427064", "name": "Teora", "status": "done", "osm_id": "node/5850097374", "group": "Insediamenti", "subgroup": "Centri", "subcategory": "Frazione"}, "geometry": {"type": "Point", "coordinates": [13.26556, 42.4263]}}, {"type": "Feature", "properties": {"wikidata": "Q3890896", "name": "Palazzo Silone", "status": "done", "osm_id": "way/591326251", "group": "Dimore ed edifici", "subgroup": "Residenze", "subcategory": "Palazzo"}, "geometry": {"type": "Point", "coordinates": [13.374138888, 42.366055555]}}, {"type": "Feature", "properties": {"wikidata": "Q3890877", "name": "Palazzo Serafini-Ciancarelli", "status": "done", "osm_id": "way/712460397", "group": "Dimore ed edifici", "subgroup": "Residenze", "subcategory": "Palazzo"}, "geometry": {"type": "Point", "coordinates": [13.882322, 41.903409]}}, {"type": "Feature", "properties": {"wikidata": "Q3880770", "name": "Ocriticum", "status": "done", "osm_id": "way/342627499", "group": "Archeologia", "subgroup": "Siti", "subcategory": "Sito archeologico"}, "geometry": {"type": "Point", "coordinates": [13.99021111, 42.00298611]}}, {"type": "Feature", "properties": {"wikidata": "Q3890006", "name": "Palazzo Delfico", "status": "done", "osm_id": "way/449700286", "group": "Dimore ed edifici", "subgroup": "Residenze", "subcategory": "Palazzo"}, "geometry": {"type": "Point", "coordinates": [13.70061944, 42.65969722]}}, {"type": "Feature", "properties": {"wikidata": "Q3895593", "name": "parco eolico di Tocco da Casauria", "status": "missing", "osm_id": null, "group": "Altro", "subgroup": "Altro", "subcategory": "Altro"}, "geometry": {"type": "Point", "coordinates": [13.903684, 42.206418]}}, {"type": "Feature", "properties": {"wikidata": "Q3891136", "name": "palazzo baronale di Archi", "status": "done", "osm_id": "way/758086443", "group": "Fortificazioni e militare", "subgroup": "Fortificazioni", "subcategory": "Castello"}, "geometry": {"type": "Point", "coordinates": [14.38096983, 42.09145]}}, {"type": "Feature", "properties": {"wikidata": "Q3890926", "name": "Palazzo Spaventa", "status": "missing", "osm_id": null, "group": "Dimore ed edifici", "subgroup": "Residenze", "subcategory": "Palazzo"}, "geometry": {"type": "Point", "coordinates": [14.447385, 42.066953]}}, {"type": "Feature", "properties": {"wikidata": "Q3890528", "name": "Palazzo Mosca", "status": "done", "osm_id": "way/1373333038", "group": "Dimore ed edifici", "subgroup": "Residenze", "subcategory": "Palazzo"}, "geometry": {"type": "Point", "coordinates": [13.881049, 41.904226]}}, {"type": "Feature", "properties": {"wikidata": "Q3889926", "name": "Palazzo Contini", "status": "done", "osm_id": "relation/17287344", "group": "Dimore ed edifici", "subgroup": "Residenze", "subcategory": "Palazzo"}, "geometry": {"type": "Point", "coordinates": [14.478605, 42.245505]}}, {"type": "Feature", "properties": {"wikidata": "Q3891149", "name": "Palazzo d'Avalos", "status": "missing", "osm_id": null, "group": "Dimore ed edifici", "subgroup": "Residenze", "subcategory": "Palazzo"}, "geometry": {"type": "Point", "coordinates": [14.710561, 42.111489]}}, {"type": "Feature", "properties": {"wikidata": "Q3897330", "name": "passo Godi", "status": "done", "osm_id": "way/358808268", "group": "Natura e paesaggio", "subgroup": "Montagna", "subcategory": "Passo"}, "geometry": {"type": "Point", "coordinates": [13.92826, 41.84695]}}, {"type": "Feature", "properties": {"wikidata": "Q3895460", "name": "parco archeologico del Quadrilatero", "status": "missing", "osm_id": null, "group": "Archeologia", "subgroup": "Siti", "subcategory": "Parco archeologico"}, "geometry": {"type": "Point", "coordinates": [14.731295, 42.044919]}}, {"type": "Feature", "properties": {"wikidata": "Q3889378", "name": "palasport Giovanni Paolo II", "status": "missing", "osm_id": null, "group": "Altro", "subgroup": "Altro", "subcategory": "Altro"}, "geometry": {"type": "Point", "coordinates": [14.208236, 42.441574]}}, {"type": "Feature", "properties": {"wikidata": "Q3891466", "name": "Palazzo della Prefettura", "status": "done", "osm_id": "relation/7516858", "group": "Dimore ed edifici", "subgroup": "Residenze", "subcategory": "Palazzo"}, "geometry": {"type": "Point", "coordinates": [13.396981, 42.347399]}}, {"type": "Feature", "properties": {"wikidata": "Q3874140", "name": "necropoli del Crocifisso", "status": "missing", "osm_id": null, "group": "Archeologia", "subgroup": "Siti", "subcategory": "Sito archeologico"}, "geometry": {"type": "Point", "coordinates": [14.14303889, 42.21630278]}}, {"type": "Feature", "properties": {"wikidata": "Q3890724", "name": "Palazzo Quinzi", "status": "done", "osm_id": "relation/7292936", "group": "Dimore ed edifici", "subgroup": "Residenze", "subcategory": "Palazzo"}, "geometry": {"type": "Point", "coordinates": [13.397416666, 42.351888888]}}, {"type": "Feature", "properties": {"wikidata": "Q3889209", "name": "Pala San Nicol\u00f2", "status": "done", "osm_id": "way/221312518", "group": "Altro", "subgroup": "Altro", "subcategory": "Altro"}, "geometry": {"type": "Point", "coordinates": [13.789099, 42.697427]}}, {"type": "Feature", "properties": {"wikidata": "Q3895586", "name": "parco eolico di Fraine", "status": "missing", "osm_id": null, "group": "Altro", "subgroup": "Altro", "subcategory": "Altro"}, "geometry": {"type": "Point", "coordinates": [14.467176, 41.889445]}}, {"type": "Feature", "properties": {"wikidata": "Q3890878", "name": "Palazzo Serafini", "status": "missing", "osm_id": null, "group": "Dimore ed edifici", "subgroup": "Residenze", "subcategory": "Palazzo"}, "geometry": {"type": "Point", "coordinates": [13.88017, 41.903908]}}, {"type": "Feature", "properties": {"wikidata": "Q3889420", "name": "Palazzetto dei Nobili", "status": "done", "osm_id": "relation/10172672", "group": "Religione", "subgroup": "Luoghi di Culto", "subcategory": "Oratorio"}, "geometry": {"type": "Point", "coordinates": [13.3974, 42.3513]}}, {"type": "Feature", "properties": {"wikidata": "Q3890427", "name": "Palazzo Margherita", "status": "done", "osm_id": "relation/2084610", "group": "Amministrazione", "subgroup": "Uffici Pubblici", "subcategory": "Municipio"}, "geometry": {"type": "Point", "coordinates": [13.398222222, 42.351194444]}}, {"type": "Feature", "properties": {"wikidata": "Q3889175", "name": "PalaTricalle", "status": "done", "osm_id": "way/1382732249", "group": "Altro", "subgroup": "Altro", "subcategory": "Altro"}, "geometry": {"type": "Point", "coordinates": [14.162875, 42.359333]}}, {"type": "Feature", "properties": {"wikidata": "Q3868353", "name": "Museo etnografico di Bomba", "status": "done", "osm_id": "way/1426473377", "group": "Cultura e tempo libero", "subgroup": "Musei", "subcategory": "Museo"}, "geometry": {"type": "Point", "coordinates": [14.366925, 42.033057]}}, {"type": "Feature", "properties": {"wikidata": "Q3895771", "name": "parco territoriale attrezzato di Vicoli", "status": "missing", "osm_id": null, "group": "Natura e paesaggio", "subgroup": "Verde", "subcategory": "Area protetta"}, "geometry": {"type": "Point", "coordinates": [13.894789, 42.345049]}}, {"type": "Feature", "properties": {"wikidata": "Q3889818", "name": "Palazzo Castracane", "status": "missing", "osm_id": null, "group": "Dimore ed edifici", "subgroup": "Residenze", "subcategory": "Palazzo"}, "geometry": {"type": "Point", "coordinates": [14.348988, 41.948328]}}, {"type": "Feature", "properties": {"wikidata": "Q3868393", "name": "Museo del Mare", "status": "done", "osm_id": "way/821633087", "group": "Altro", "subgroup": "Altro", "subcategory": "Altro"}, "geometry": {"type": "Point", "coordinates": [14.221661, 42.466683]}}, {"type": "Feature", "properties": {"wikidata": "Q3897339", "name": "Passo San Leonardo", "status": "done", "osm_id": "node/229342686", "group": "Natura e paesaggio", "subgroup": "Montagna", "subcategory": "Passo"}, "geometry": {"type": "Point", "coordinates": [14.030396, 42.073619]}}, {"type": "Feature", "properties": {"wikidata": "Q3868390", "name": "Museo internazionale della pesca a mosca Stanislao Kuckiewicz", "status": "done", "osm_id": "node/4427483789", "group": "Altro", "subgroup": "Altro", "subcategory": "Altro"}, "geometry": {"type": "Point", "coordinates": [14.102901944, 41.787995]}}, {"type": "Feature", "properties": {"wikidata": "Q3895592", "name": "parco eolico di Schiavi di Abruzzo", "status": "missing", "osm_id": null, "group": "Altro", "subgroup": "Altro", "subcategory": "Altro"}, "geometry": {"type": "Point", "coordinates": [14.483888, 41.836354]}}, {"type": "Feature", "properties": {"wikidata": "Q3868407", "name": "Museo naturalistico archeologico Maurizio Locati", "status": "done", "osm_id": "way/849839560", "group": "Cultura e tempo libero", "subgroup": "Musei", "subcategory": "Museo"}, "geometry": {"type": "Point", "coordinates": [14.191176, 42.046557]}}, {"type": "Feature", "properties": {"wikidata": "Q3895764", "name": "parco territoriale attrezzato Fiume Fiumetto", "status": "missing", "osm_id": null, "group": "Natura e paesaggio", "subgroup": "Verde", "subcategory": "Area protetta"}, "geometry": {"type": "Point", "coordinates": [13.6793, 42.5525]}}, {"type": "Feature", "properties": {"wikidata": "Q3895584", "name": "parco eolico di Cocullo", "status": "missing", "osm_id": null, "group": "Altro", "subgroup": "Altro", "subcategory": "Altro"}, "geometry": {"type": "Point", "coordinates": [13.784899, 42.049016]}}, {"type": "Feature", "properties": {"wikidata": "Q3895765", "name": "Parco territoriale attrezzato Sorgenti solfuree del Lavino", "status": "missing", "osm_id": null, "group": "Natura e paesaggio", "subgroup": "Verde", "subcategory": "Area protetta"}, "geometry": {"type": "Point", "coordinates": [14.019213, 42.244061]}}, {"type": "Feature", "properties": {"wikidata": "Q3880420", "name": "Oasi naturale Abetina di Selva Grande", "status": "missing", "osm_id": null, "group": "Natura e paesaggio", "subgroup": "Verde", "subcategory": "Area protetta"}, "geometry": {"type": "Point", "coordinates": [14.400586, 41.891702]}}, {"type": "Feature", "properties": {"wikidata": "Q3895583", "name": "parco eolico di Castiglione Messer Marino", "status": "missing", "osm_id": null, "group": "Altro", "subgroup": "Altro", "subcategory": "Altro"}, "geometry": {"type": "Point", "coordinates": [14.425191, 41.877368]}}, {"type": "Feature", "properties": {"wikidata": "Q3889072", "name": "PalaBCC", "status": "missing", "osm_id": null, "group": "Altro", "subgroup": "Altro", "subcategory": "Altro"}, "geometry": {"type": "Point", "coordinates": [14.701953, 42.116515]}}, {"type": "Feature", "properties": {"wikidata": "Q3895770", "name": "riserva naturale regionale Sorgenti del Fiume Vera", "status": "missing", "osm_id": null, "group": "Natura e paesaggio", "subgroup": "Verde", "subcategory": "Area protetta"}, "geometry": {"type": "Point", "coordinates": [13.458858, 42.367691]}}, {"type": "Feature", "properties": {"wikidata": "Q3891403", "name": "Emiciclo", "status": "done", "osm_id": "way/562746034", "group": "Dimore ed edifici", "subgroup": "Residenze", "subcategory": "Palazzo"}, "geometry": {"type": "Point", "coordinates": [13.398444444, 42.344944444]}}, {"type": "Feature", "properties": {"wikidata": "Q3895585", "name": "parco eolico di Collarmele", "status": "missing", "osm_id": null, "group": "Altro", "subgroup": "Altro", "subcategory": "Altro"}, "geometry": {"type": "Point", "coordinates": [13.64553, 42.07341]}}, {"type": "Feature", "properties": {"wikidata": "Q3895591", "name": "parco eolico di Roio del Sangro", "status": "missing", "osm_id": null, "group": "Altro", "subgroup": "Altro", "subcategory": "Altro"}, "geometry": {"type": "Point", "coordinates": [14.390682, 41.902063]}}, {"type": "Feature", "properties": {"wikidata": "Q3891601", "name": "palazzo di Rienzo", "status": "done", "osm_id": "node/8653327696", "group": "Dimore ed edifici", "subgroup": "Residenze", "subcategory": "Palazzo"}, "geometry": {"type": "Point", "coordinates": [13.881936, 41.903922]}}, {"type": "Feature", "properties": {"wikidata": "Q3874146", "name": "necropoli di Coccitelle", "status": "done", "osm_id": "node/11219343834", "group": "Religione", "subgroup": "Cimiteri", "subcategory": "Necropoli"}, "geometry": {"type": "Point", "coordinates": [13.808328, 42.000704]}}, {"type": "Feature", "properties": {"wikidata": "Q3868380", "name": "Museo geopaleontologico Alto Aventino", "status": "done", "osm_id": "node/11093366880", "group": "Altro", "subgroup": "Altro", "subcategory": "Altro"}, "geometry": {"type": "Point", "coordinates": [14.139296, 41.985054]}}, {"type": "Feature", "properties": {"wikidata": "Q3889830", "name": "Palazzo Centi", "status": "done", "osm_id": "relation/7500504", "group": "Dimore ed edifici", "subgroup": "Residenze", "subcategory": "Palazzo"}, "geometry": {"type": "Point", "coordinates": [13.399027777, 42.347111111]}}, {"type": "Feature", "properties": {"wikidata": "Q3890099", "name": "Palazzo Fibbioni", "status": "done", "osm_id": "relation/10040823", "group": "Dimore ed edifici", "subgroup": "Residenze", "subcategory": "Palazzo"}, "geometry": {"type": "Point", "coordinates": [13.4, 42.350722222]}}, {"type": "Feature", "properties": {"wikidata": "Q3889557", "name": "Palazzo Ardinghelli", "status": "done", "osm_id": "relation/9400051", "group": "Dimore ed edifici", "subgroup": "Residenze", "subcategory": "Palazzo"}, "geometry": {"type": "Point", "coordinates": [13.39975, 42.352944444]}}, {"type": "Feature", "properties": {"wikidata": "Q3895766", "name": "parco territoriale attrezzato del Fiume Vomano", "status": "missing", "osm_id": null, "group": "Natura e paesaggio", "subgroup": "Verde", "subcategory": "Area protetta"}, "geometry": {"type": "Point", "coordinates": [13.629113, 42.581757]}}, {"type": "Feature", "properties": {"wikidata": "Q3890258", "name": "Palazzo Grilli", "status": "done", "osm_id": "node/11217479776", "group": "Dimore ed edifici", "subgroup": "Residenze", "subcategory": "Palazzo"}, "geometry": {"type": "Point", "coordinates": [14.064399, 41.890192]}}, {"type": "Feature", "properties": {"wikidata": "Q3868399", "name": "Aia dei Musei", "status": "done", "osm_id": "way/471953887", "group": "Cultura e tempo libero", "subgroup": "Musei", "subcategory": "Museo archeologico"}, "geometry": {"type": "Point", "coordinates": [13.439805555, 42.021722222]}}, {"type": "Feature", "properties": {"wikidata": "Q3889978", "name": "Palazzo De Angelis", "status": "done", "osm_id": "way/1210718886", "group": "Dimore ed edifici", "subgroup": "Residenze", "subcategory": "Palazzo"}, "geometry": {"type": "Point", "coordinates": [13.881791, 41.902719]}}, {"type": "Feature", "properties": {"wikidata": "Q3889605", "name": "Palazzo baronale di Borrello", "status": "missing", "osm_id": null, "group": "Dimore ed edifici", "subgroup": "Residenze", "subcategory": "Palazzo"}, "geometry": {"type": "Point", "coordinates": [14.303412, 41.920109]}}, {"type": "Feature", "properties": {"wikidata": "Q3886618", "name": "Ospedale psichiatrico di Teramo", "status": "missing", "osm_id": null, "group": "Infrastrutture", "subgroup": "Servizi", "subcategory": "Sanit\u00e0"}, "geometry": {"type": "Point", "coordinates": [13.70748056, 42.66013611]}}, {"type": "Feature", "properties": {"wikidata": "Q3895588", "name": "parco eolico di Montazzoli", "status": "missing", "osm_id": null, "group": "Altro", "subgroup": "Altro", "subcategory": "Altro"}, "geometry": {"type": "Point", "coordinates": [14.401676, 41.92079]}}, {"type": "Feature", "properties": {"wikidata": "Q3874768", "name": "Nerito", "status": "done", "osm_id": "node/4309941767", "group": "Insediamenti", "subgroup": "Centri", "subcategory": "Frazione"}, "geometry": {"type": "Point", "coordinates": [13.47759, 42.54763]}}, {"type": "Feature", "properties": {"wikidata": "Q3895587", "name": "parco eolico di Monteferrante", "status": "missing", "osm_id": null, "group": "Altro", "subgroup": "Altro", "subcategory": "Altro"}, "geometry": {"type": "Point", "coordinates": [14.397175, 41.947568]}}, {"type": "Feature", "properties": {"wikidata": "Q3868463", "name": "Museo sperimentale d'arte contemporanea", "status": "done", "osm_id": "way/753710031", "group": "Cultura e tempo libero", "subgroup": "Musei", "subcategory": "Museo d'arte"}, "geometry": {"type": "Point", "coordinates": [13.361525, 42.366832]}}, {"type": "Feature", "properties": {"wikidata": "Q3890087", "name": "Palazzo Farnese", "status": "done", "osm_id": "way/584335005", "group": "Dimore ed edifici", "subgroup": "Residenze", "subcategory": "Palazzo"}, "geometry": {"type": "Point", "coordinates": [14.404062, 42.355468]}}, {"type": "Feature", "properties": {"wikidata": "Q3890651", "name": "Palazzo Pica Alfieri", "status": "done", "osm_id": "relation/7355156", "group": "Dimore ed edifici", "subgroup": "Residenze", "subcategory": "Palazzo"}, "geometry": {"type": "Point", "coordinates": [13.39775, 42.351722222]}}, {"type": "Feature", "properties": {"wikidata": "Q3888962", "name": "Paglieroni", "status": "done", "osm_id": "node/4993231757", "group": "Insediamenti", "subgroup": "Centri", "subcategory": "Frazione"}, "geometry": {"type": "Point", "coordinates": [14.431388888, 42.266666666]}}, {"type": "Feature", "properties": {"wikidata": "Q3892331", "name": "Pallanum", "status": "done", "osm_id": "way/227957655", "group": "Archeologia", "subgroup": "Siti", "subcategory": "Sito archeologico"}, "geometry": {"type": "Point", "coordinates": [14.39527778, 42.03194444]}}, {"type": "Feature", "properties": {"wikidata": "Q3890450", "name": "Palazzo Mayer", "status": "done", "osm_id": "way/850028002", "group": "Dimore ed edifici", "subgroup": "Residenze", "subcategory": "Palazzo"}, "geometry": {"type": "Point", "coordinates": [14.479347, 42.245039]}}, {"type": "Feature", "properties": {"wikidata": "Q3889155", "name": "PalaRigopiano", "status": "missing", "osm_id": null, "group": "Altro", "subgroup": "Altro", "subcategory": "Altro"}, "geometry": {"type": "Point", "coordinates": [14.2001, 42.465576]}}, {"type": "Feature", "properties": {"wikidata": "Q3895590", "name": "parco eolico di Roccaspinalveti", "status": "missing", "osm_id": null, "group": "Altro", "subgroup": "Altro", "subcategory": "Altro"}, "geometry": {"type": "Point", "coordinates": [14.450819, 41.906445]}}, {"type": "Feature", "properties": {"wikidata": "Q3889805", "name": "Palazzo Carli Benedetti", "status": "done", "osm_id": "relation/7357488", "group": "Dimore ed edifici", "subgroup": "Residenze", "subcategory": "Palazzo"}, "geometry": {"type": "Point", "coordinates": [13.400055555, 42.352333333]}}, {"type": "Feature", "properties": {"wikidata": "Q3874155", "name": "necropoli di Ponte Messato", "status": "done", "osm_id": "way/450577930", "group": "Religione", "subgroup": "Cimiteri", "subcategory": "Necropoli"}, "geometry": {"type": "Point", "coordinates": [13.67653056, 42.64757778]}}, {"type": "Feature", "properties": {"wikidata": "Q3874705", "name": "Nepezzano", "status": "done", "osm_id": "node/1153801599", "group": "Insediamenti", "subgroup": "Centri", "subcategory": "Frazione"}, "geometry": {"type": "Point", "coordinates": [13.75, 42.68333333]}}, {"type": "Feature", "properties": {"wikidata": "Q3889109", "name": "PalaElettra", "status": "done", "osm_id": "way/24708515", "group": "Altro", "subgroup": "Altro", "subcategory": "Altro"}, "geometry": {"type": "Point", "coordinates": [14.22757, 42.45354]}}, {"type": "Feature", "properties": {"wikidata": "Q3895767", "name": "parco territoriale attrezzato dell'Annunziata", "status": "missing", "osm_id": null, "group": "Natura e paesaggio", "subgroup": "Verde", "subcategory": "Area protetta"}, "geometry": {"type": "Point", "coordinates": [14.270439, 42.23218]}}, {"type": "Feature", "properties": {"wikidata": "Q3889428", "name": "Palazzetto dello Sport", "status": "missing", "osm_id": null, "group": "Altro", "subgroup": "Altro", "subcategory": "Altro"}, "geometry": {"type": "Point", "coordinates": [13.931967, 42.055212]}}, {"type": "Feature", "properties": {"wikidata": "Q3890079", "name": "Palazzo Fanzago", "status": "done", "osm_id": "way/839959247", "group": "Dimore ed edifici", "subgroup": "Residenze", "subcategory": "Palazzo"}, "geometry": {"type": "Point", "coordinates": [14.065707, 41.890069]}}, {"type": "Feature", "properties": {"wikidata": "Q3868443", "name": "Museo per l'economia tra l'antichit\u00e0 ed il Rinascimento", "status": "done", "osm_id": "node/7692110097", "group": "Cultura e tempo libero", "subgroup": "Musei", "subcategory": "Museo"}, "geometry": {"type": "Point", "coordinates": [14.650831, 42.086197]}}, {"type": "Feature", "properties": {"wikidata": "Q21552096", "name": "Museo civico etnografico", "status": "missing", "osm_id": null, "group": "Cultura e tempo libero", "subgroup": "Musei", "subcategory": "Museo etnografico"}, "geometry": {"type": "Point", "coordinates": [13.978864, 42.581143]}}, {"type": "Feature", "properties": {"wikidata": "Q21552354", "name": "Polo museale Santo Spirito - Civico museo archeologico", "status": "missing", "osm_id": null, "group": "Cultura e tempo libero", "subgroup": "Musei", "subcategory": "Museo archeologico"}, "geometry": {"type": "Point", "coordinates": [14.394448, 42.22321]}}, {"type": "Feature", "properties": {"wikidata": "Q23888579", "name": "Palazzo Farinosi Branconi", "status": "done", "osm_id": "relation/7293391", "group": "Dimore ed edifici", "subgroup": "Residenze", "subcategory": "Palazzo"}, "geometry": {"type": "Point", "coordinates": [13.396896, 42.354271]}}, {"type": "Feature", "properties": {"wikidata": "Q21552081", "name": "Museo Civico Archeologico 'Antonio De Nino'", "status": "done", "osm_id": "relation/12343796", "group": "Cultura e tempo libero", "subgroup": "Musei", "subcategory": "Museo archeologico"}, "geometry": {"type": "Point", "coordinates": [13.842989, 42.124124]}}, {"type": "Feature", "properties": {"wikidata": "Q21552041", "name": "Museo Archeologico Nazionale", "status": "done", "osm_id": "way/323617039", "group": "Cultura e tempo libero", "subgroup": "Musei", "subcategory": "Museo archeologico"}, "geometry": {"type": "Point", "coordinates": [13.687709, 42.727121]}}, {"type": "Feature", "properties": {"wikidata": "Q23000145", "name": "Cunicoli di Claudio", "status": "done", "osm_id": "node/4692708127", "group": "Archeologia", "subgroup": "Siti", "subcategory": "Sito archeologico"}, "geometry": {"type": "Point", "coordinates": [13.433388888, 41.988527777]}}, {"type": "Feature", "properties": {"wikidata": "Q21551961", "name": "chiesa di Santa Maria in Platea", "status": "done", "osm_id": "way/290024349", "group": "Religione", "subgroup": "Luoghi di Culto", "subcategory": "Chiesa"}, "geometry": {"type": "Point", "coordinates": [13.686124, 42.726358]}}, {"type": "Feature", "properties": {"wikidata": "Q21552368", "name": "chiesa di San Francesco della Scarpa", "status": "done", "osm_id": "node/5212309128", "group": "Religione", "subgroup": "Luoghi di Culto", "subcategory": "Chiesa"}, "geometry": {"type": "Point", "coordinates": [13.924508, 42.047843]}}, {"type": "Feature", "properties": {"wikidata": "Q21992975", "name": "Monte Amaro", "status": "done", "osm_id": "node/26863786", "group": "Natura e paesaggio", "subgroup": "Montagna", "subcategory": "Montagna"}, "geometry": {"type": "Point", "coordinates": [14.0859108, 42.0863319]}}, {"type": "Feature", "properties": {"wikidata": "Q21551946", "name": "chiesa e convento di San Francesco", "status": "done", "osm_id": "way/934047610", "group": "Religione", "subgroup": "Vita Monastica", "subcategory": "Convento"}, "geometry": {"type": "Point", "coordinates": [13.730739, 42.130812]}}, {"type": "Feature", "properties": {"wikidata": "Q21551995", "name": "Museo Paludi di Celano", "status": "done", "osm_id": "way/764578872", "group": "Cultura e tempo libero", "subgroup": "Musei", "subcategory": "Casa museo"}, "geometry": {"type": "Point", "coordinates": [13.514512, 42.052705]}}, {"type": "Feature", "properties": {"wikidata": "Q21552082", "name": "Museo archeologico Francesco Savini", "status": "done", "osm_id": "node/11358527581", "group": "Cultura e tempo libero", "subgroup": "Musei", "subcategory": "Museo archeologico"}, "geometry": {"type": "Point", "coordinates": [13.701452, 42.659192]}}, {"type": "Feature", "properties": {"wikidata": "Q21552331", "name": "pinacoteca civica Vincenzo Bindi", "status": "done", "osm_id": "node/11582704594", "group": "Cultura e tempo libero", "subgroup": "Musei", "subcategory": "Museo d'arte"}, "geometry": {"type": "Point", "coordinates": [13.95815, 42.751217]}}, {"type": "Feature", "properties": {"wikidata": "Q23826240", "name": "castello Caracciolo", "status": "done", "osm_id": "way/929606757", "group": "Fortificazioni e militare", "subgroup": "Fortificazioni", "subcategory": "Castello"}, "geometry": {"type": "Point", "coordinates": [13.912041, 42.213431]}}, {"type": "Feature", "properties": {"wikidata": "Q23888858", "name": "chiesa di San Flaviano", "status": "done", "osm_id": "relation/10526535", "group": "Religione", "subgroup": "Luoghi di Culto", "subcategory": "Chiesa"}, "geometry": {"type": "Point", "coordinates": [13.400916666, 42.348472222]}}, {"type": "Feature", "properties": {"wikidata": "Q21552085", "name": "Museo Civico Aufidenate 'Antonio De Nino'", "status": "missing", "osm_id": null, "group": "Cultura e tempo libero", "subgroup": "Musei", "subcategory": "Museo archeologico"}, "geometry": {"type": "Point", "coordinates": [14.039239, 41.737312]}}, {"type": "Feature", "properties": {"wikidata": "Q23833688", "name": "Eremo di San Michele Arcangelo", "status": "done", "osm_id": "way/471522148", "group": "Religione", "subgroup": "Vita Monastica", "subcategory": "Eremo"}, "geometry": {"type": "Point", "coordinates": [14.062763, 41.910499]}}, {"type": "Feature", "properties": {"wikidata": "Q23709747", "name": "oratorio di Sant'Antonio dei Cavalieri de Nardis", "status": "done", "osm_id": "relation/8857804", "group": "Religione", "subgroup": "Luoghi di Culto", "subcategory": "Oratorio"}, "geometry": {"type": "Point", "coordinates": [13.396471, 42.348612]}}, {"type": "Feature", "properties": {"wikidata": "Q23892248", "name": "Castello Gizzi", "status": "done", "osm_id": "relation/13464139", "group": "Fortificazioni e militare", "subgroup": "Fortificazioni", "subcategory": "Castello"}, "geometry": {"type": "Point", "coordinates": [13.926938888, 42.243647222]}}, {"type": "Feature", "properties": {"wikidata": "Q21747181", "name": "Sperone", "status": "missing", "osm_id": null, "group": "Altro", "subgroup": "Altro", "subcategory": "Altro"}, "geometry": {"type": "Point", "coordinates": [13.729444, 41.937778]}}, {"type": "Feature", "properties": {"wikidata": "Q21552297", "name": "Museo Orientale e Santuario di Santa Maria dell'Oriente", "status": "missing", "osm_id": null, "group": "Cultura e tempo libero", "subgroup": "Musei", "subcategory": "Museo"}, "geometry": {"type": "Point", "coordinates": [13.276405, 42.058393]}}, {"type": "Feature", "properties": {"wikidata": "Q21620062", "name": "Villa Clemente", "status": "missing", "osm_id": null, "group": "Dimore ed edifici", "subgroup": "Residenze", "subcategory": "Palazzo"}, "geometry": {"type": "Point", "coordinates": [14.008118, 42.686155]}}, {"type": "Feature", "properties": {"wikidata": "Q23702078", "name": "Castello Orsini (Massa d'Albe)", "status": "done", "osm_id": "way/230875050", "group": "Fortificazioni e militare", "subgroup": "Fortificazioni", "subcategory": "Castello"}, "geometry": {"type": "Point", "coordinates": [13.412480555, 42.084233333]}}, {"type": "Feature", "properties": {"wikidata": "Q21551949", "name": "chiesa e Convento di San Francesco", "status": "done", "osm_id": "node/4782603125", "group": "Religione", "subgroup": "Luoghi di Culto", "subcategory": "Chiesa"}, "geometry": {"type": "Point", "coordinates": [13.251096, 42.068148]}}, {"type": "Feature", "properties": {"wikidata": "Q21552360", "name": "Raccolta Internazionale d'Arte Ceramica Contemporanea", "status": "missing", "osm_id": null, "group": "Cultura e tempo libero", "subgroup": "Musei", "subcategory": "Museo d'arte"}, "geometry": {"type": "Point", "coordinates": [13.711761, 42.484573]}}, {"type": "Feature", "properties": {"wikidata": "Q21551967", "name": "convento di San Francesco", "status": "done", "osm_id": "relation/10685923", "group": "Religione", "subgroup": "Vita Monastica", "subcategory": "Convento"}, "geometry": {"type": "Point", "coordinates": [13.763325, 42.27148]}}, {"type": "Feature", "properties": {"wikidata": "Q23387867", "name": "castello di Gagliano Aterno", "status": "missing", "osm_id": null, "group": "Fortificazioni e militare", "subgroup": "Fortificazioni", "subcategory": "Castello"}, "geometry": {"type": "Point", "coordinates": [13.699332, 42.127108]}}, {"type": "Feature", "properties": {"wikidata": "Q23671483", "name": "castello di Oricola", "status": "done", "osm_id": "way/317293294", "group": "Fortificazioni e militare", "subgroup": "Fortificazioni", "subcategory": "Castello"}, "geometry": {"type": "Point", "coordinates": [13.039091, 42.049498]}}, {"type": "Feature", "properties": {"wikidata": "Q23826431", "name": "castello ducale di Casoli", "status": "missing", "osm_id": null, "group": "Fortificazioni e militare", "subgroup": "Fortificazioni", "subcategory": "Castello"}, "geometry": {"type": "Point", "coordinates": [14.292373, 42.118708]}}, {"type": "Feature", "properties": {"wikidata": "Q23638921", "name": "castello ducale Cantelmo", "status": "done", "osm_id": "relation/11701596", "group": "Fortificazioni e militare", "subgroup": "Fortificazioni", "subcategory": "Castello"}, "geometry": {"type": "Point", "coordinates": [13.83888, 42.173244]}}, {"type": "Feature", "properties": {"wikidata": "Q21551959", "name": "collegiata di San Michele arcangelo", "status": "done", "osm_id": "way/998403820", "group": "Altro", "subgroup": "Altro", "subcategory": "Altro"}, "geometry": {"type": "Point", "coordinates": [14.06081, 42.51917]}}, {"type": "Feature", "properties": {"wikidata": "Q21552153", "name": "Museo del merletto a tombolo", "status": "done", "osm_id": "node/2956882656", "group": "Cultura e tempo libero", "subgroup": "Musei", "subcategory": "Museo"}, "geometry": {"type": "Point", "coordinates": [14.065706, 41.890112]}}, {"type": "Feature", "properties": {"wikidata": "Q21552026", "name": "Museo Archeologico Civico 'De Albentiis - Tascini - De Galitis'", "status": "missing", "osm_id": null, "group": "Cultura e tempo libero", "subgroup": "Musei", "subcategory": "Museo archeologico"}, "geometry": {"type": "Point", "coordinates": [13.979704, 42.580359]}}, {"type": "Feature", "properties": {"wikidata": "Q21551934", "name": "chiesa di Santa Maria a Vico", "status": "missing", "osm_id": null, "group": "Religione", "subgroup": "Luoghi di Culto", "subcategory": "Chiesa"}, "geometry": {"type": "Point", "coordinates": [13.797074, 42.80465]}}, {"type": "Feature", "properties": {"wikidata": "Q21552323", "name": "Palazzo Marchesale", "status": "missing", "osm_id": null, "group": "Dimore ed edifici", "subgroup": "Residenze", "subcategory": "Palazzo"}, "geometry": {"type": "Point", "coordinates": [13.648418, 42.545521]}}, {"type": "Feature", "properties": {"wikidata": "Q22263726", "name": "chiesa di Santa Giusta fuori le mura", "status": "done", "osm_id": "relation/9897072", "group": "Religione", "subgroup": "Luoghi di Culto", "subcategory": "Chiesa"}, "geometry": {"type": "Point", "coordinates": [13.453891, 42.338078]}}, {"type": "Feature", "properties": {"wikidata": "Q23826311", "name": "Palazzo Santucci", "status": "done", "osm_id": "relation/11044324", "group": "Altro", "subgroup": "Altro", "subcategory": "Altro"}, "geometry": {"type": "Point", "coordinates": [13.728423, 42.23872]}}, {"type": "Feature", "properties": {"wikidata": "Q21551987", "name": "sala civica di scultura \"Raffaello Pagliaccetti\"", "status": "missing", "osm_id": null, "group": "Cultura e tempo libero", "subgroup": "Musei", "subcategory": "Museo d'arte"}, "geometry": {"type": "Point", "coordinates": [13.957223, 42.750615]}}, {"type": "Feature", "properties": {"wikidata": "Q21551940", "name": "chiesa di Santa Maria delle Grazie", "status": "done", "osm_id": "relation/10686318", "group": "Religione", "subgroup": "Luoghi di Culto", "subcategory": "Chiesa"}, "geometry": {"type": "Point", "coordinates": [13.700525, 42.327367]}}, {"type": "Feature", "properties": {"wikidata": "Q22263725", "name": "chiesa di Sant'Agostino", "status": "done", "osm_id": "relation/10154020", "group": "Religione", "subgroup": "Luoghi di Culto", "subcategory": "Chiesa"}, "geometry": {"type": "Point", "coordinates": [13.397472222, 42.347286111]}}, {"type": "Feature", "properties": {"wikidata": "Q22263761", "name": "Palazzo Porcinari", "status": "done", "osm_id": "relation/9622321", "group": "Dimore ed edifici", "subgroup": "Residenze", "subcategory": "Palazzo"}, "geometry": {"type": "Point", "coordinates": [13.396, 42.352555555]}}, {"type": "Feature", "properties": {"wikidata": "Q23893814", "name": "Castello Cantelmo", "status": "done", "osm_id": "way/415934348", "group": "Fortificazioni e militare", "subgroup": "Fortificazioni", "subcategory": "Castello"}, "geometry": {"type": "Point", "coordinates": [13.96114, 41.971859]}}, {"type": "Feature", "properties": {"wikidata": "Q21551943", "name": "chiesa di Santa Maria in Piano", "status": "done", "osm_id": "way/107328746", "group": "Religione", "subgroup": "Luoghi di Culto", "subcategory": "Chiesa"}, "geometry": {"type": "Point", "coordinates": [13.988208, 42.427215]}}, {"type": "Feature", "properties": {"wikidata": "Q23662338", "name": "castello di Pereto", "status": "done", "osm_id": "way/475443541", "group": "Fortificazioni e militare", "subgroup": "Fortificazioni", "subcategory": "Castello"}, "geometry": {"type": "Point", "coordinates": [13.10186, 42.05999]}}, {"type": "Feature", "properties": {"wikidata": "Q23388466", "name": "eremo di San Venanzio", "status": "done", "osm_id": "way/422703943", "group": "Religione", "subgroup": "Vita Monastica", "subcategory": "Eremo"}, "geometry": {"type": "Point", "coordinates": [13.795971, 42.110987]}}, {"type": "Feature", "properties": {"wikidata": "Q23702079", "name": "Castello Piccolomini", "status": "done", "osm_id": "relation/6897191", "group": "Fortificazioni e militare", "subgroup": "Fortificazioni", "subcategory": "Castello"}, "geometry": {"type": "Point", "coordinates": [13.643923, 41.955154]}}, {"type": "Feature", "properties": {"wikidata": "Q23833576", "name": "ex eremo di Sant'Onofrio all'Orfento", "status": "missing", "osm_id": null, "group": "Religione", "subgroup": "Vita Monastica", "subcategory": "Eremo"}, "geometry": {"type": "Point", "coordinates": [14.076177777, 42.152113888]}}, {"type": "Feature", "properties": {"wikidata": "Q21552212", "name": "Museo delle tradizioni artigiane", "status": "missing", "osm_id": null, "group": "Cultura e tempo libero", "subgroup": "Musei", "subcategory": "Museo"}, "geometry": {"type": "Point", "coordinates": [13.648616, 42.545569]}}, {"type": "Feature", "properties": {"wikidata": "Q22263721", "name": "chiesa di San Marco", "status": "done", "osm_id": "relation/7510310", "group": "Religione", "subgroup": "Luoghi di Culto", "subcategory": "Chiesa"}, "geometry": {"type": "Point", "coordinates": [13.3975, 42.347833333]}}, {"type": "Feature", "properties": {"wikidata": "Q23541400", "name": "Castello De Sanctis", "status": "done", "osm_id": "way/1431129298", "group": "Fortificazioni e militare", "subgroup": "Fortificazioni", "subcategory": "Castello"}, "geometry": {"type": "Point", "coordinates": [13.886416, 42.125972]}}, {"type": "Feature", "properties": {"wikidata": "Q23697703", "name": "eremo di San Germano", "status": "done", "osm_id": "way/419738715", "group": "Religione", "subgroup": "Vita Monastica", "subcategory": "Eremo"}, "geometry": {"type": "Point", "coordinates": [14.03565, 42.035622222]}}, {"type": "Feature", "properties": {"wikidata": "Q21552280", "name": "Museo Musicale d'Abruzzo", "status": "missing", "osm_id": null, "group": "Cultura e tempo libero", "subgroup": "Musei", "subcategory": "Museo d'arte"}, "geometry": {"type": "Point", "coordinates": [14.405553, 42.358045]}}, {"type": "Feature", "properties": {"wikidata": "Q21552258", "name": "Museo e Archivio degli Artisti Abruzzesi Contemporanei - Castello di Nocciano", "status": "missing", "osm_id": null, "group": "Cultura e tempo libero", "subgroup": "Musei", "subcategory": "Museo d'arte"}, "geometry": {"type": "Point", "coordinates": [13.983383888, 42.333256944]}}, {"type": "Feature", "properties": {"wikidata": "Q21552206", "name": "Museo delle ceramiche di Castelli", "status": "done", "osm_id": "node/6726159168", "group": "Cultura e tempo libero", "subgroup": "Musei", "subcategory": "Museo d'arte"}, "geometry": {"type": "Point", "coordinates": [13.711525, 42.487939]}}, {"type": "Feature", "properties": {"wikidata": "Q22263742", "name": "Ex mattatoio", "status": "done", "osm_id": "relation/9712891", "group": "Altro", "subgroup": "Altro", "subcategory": "Altro"}, "geometry": {"type": "Point", "coordinates": [13.389166666, 42.350194444]}}, {"type": "Feature", "properties": {"wikidata": "Q21552203", "name": "Museo delle Armi e delle Mappe Antiche della Fortezza di Civitella del Tronto", "status": "missing", "osm_id": null, "group": "Cultura e tempo libero", "subgroup": "Musei", "subcategory": "Museo storico"}, "geometry": {"type": "Point", "coordinates": [13.676165, 42.773052]}}, {"type": "Feature", "properties": {"wikidata": "Q23888159", "name": "Palazzo Gagliardi Sardi", "status": "done", "osm_id": "relation/7452466", "group": "Dimore ed edifici", "subgroup": "Residenze", "subcategory": "Palazzo"}, "geometry": {"type": "Point", "coordinates": [13.400722222, 42.348527777]}}, {"type": "Feature", "properties": {"wikidata": "Q23455602", "name": "Valle di Nerfa", "status": "missing", "osm_id": null, "group": "Natura e paesaggio", "subgroup": "Montagna", "subcategory": "Valle"}, "geometry": {"type": "Point", "coordinates": [13.309555555, 42.004972222]}}, {"type": "Feature", "properties": {"wikidata": "Q23902457", "name": "Eremo della Madonna di Coccia", "status": "done", "osm_id": "way/666635866", "group": "Religione", "subgroup": "Vita Monastica", "subcategory": "Eremo"}, "geometry": {"type": "Point", "coordinates": [14.079155555, 42.000441666]}}, {"type": "Feature", "properties": {"wikidata": "Q21552379", "name": "santuario della Madonna dello Splendore", "status": "done", "osm_id": "way/682520981", "group": "Altro", "subgroup": "Altro", "subcategory": "Altro"}, "geometry": {"type": "Point", "coordinates": [13.952897, 42.757475]}}, {"type": "Feature", "properties": {"wikidata": "Q21551937", "name": "chiesa di Santa Maria delle Grazie", "status": "done", "osm_id": "way/1197349976", "group": "Religione", "subgroup": "Luoghi di Culto", "subcategory": "Chiesa"}, "geometry": {"type": "Point", "coordinates": [14.400992, 42.354784]}}, {"type": "Feature", "properties": {"wikidata": "Q21552346", "name": "Pinacoteca Patiniana", "status": "done", "osm_id": "node/9975078106", "group": "Cultura e tempo libero", "subgroup": "Musei", "subcategory": "Museo d'arte"}, "geometry": {"type": "Point", "coordinates": [14.107823, 41.78595]}}, {"type": "Feature", "properties": {"wikidata": "Q22915214", "name": "chiesa di Santa Sabina", "status": "done", "osm_id": "way/1211186496", "group": "Religione", "subgroup": "Luoghi di Culto", "subcategory": "Chiesa"}, "geometry": {"type": "Point", "coordinates": [13.624608, 42.005564]}}, {"type": "Feature", "properties": {"wikidata": "Q18426776", "name": "Le Fosse", "status": "done", "osm_id": "node/7059552717", "group": "Insediamenti", "subgroup": "Centri", "subcategory": "Insediamento umano"}, "geometry": {"type": "Point", "coordinates": [13.5569, 41.82395]}}, {"type": "Feature", "properties": {"wikidata": "Q18426692", "name": "Contrada d'Appolloni", "status": "missing", "osm_id": null, "group": "Insediamenti", "subgroup": "Centri", "subcategory": "Insediamento umano"}, "geometry": {"type": "Point", "coordinates": [13.27133, 42.3488]}}, {"type": "Feature", "properties": {"wikidata": "Q18426837", "name": "nucleo industriale Pile", "status": "done", "osm_id": "relation/8744448", "group": "Altro", "subgroup": "Altro", "subcategory": "Altro"}, "geometry": {"type": "Point", "coordinates": [13.34857, 42.35214]}}, {"type": "Feature", "properties": {"wikidata": "Q18426769", "name": "La Grancia", "status": "done", "osm_id": "node/1291489747", "group": "Insediamenti", "subgroup": "Centri", "subcategory": "Frazione"}, "geometry": {"type": "Point", "coordinates": [13.43349, 41.86143]}}, {"type": "Feature", "properties": {"wikidata": "Q18426718", "name": "Deposito Irti-Cicolani", "status": "missing", "osm_id": null, "group": "Insediamenti", "subgroup": "Centri", "subcategory": "Insediamento umano"}, "geometry": {"type": "Point", "coordinates": [13.29138, 42.36413]}}, {"type": "Feature", "properties": {"wikidata": "Q18426809", "name": "Marignano", "status": "done", "osm_id": "node/4364879112", "group": "Insediamenti", "subgroup": "Centri", "subcategory": "Frazione"}, "geometry": {"type": "Point", "coordinates": [13.2647, 42.53114]}}, {"type": "Feature", "properties": {"wikidata": "Q18426700", "name": "Coppito", "status": "done", "osm_id": "node/777991469", "group": "Insediamenti", "subgroup": "Centri", "subcategory": "Frazione"}, "geometry": {"type": "Point", "coordinates": [13.34358, 42.3673]}}, {"type": "Feature", "properties": {"wikidata": "Q18426844", "name": "Opi", "status": "done", "osm_id": "node/777998160", "group": "Insediamenti", "subgroup": "Centri", "subcategory": "Frazione"}, "geometry": {"type": "Point", "coordinates": [13.60797, 42.2515]}}, {"type": "Feature", "properties": {"wikidata": "Q18426835", "name": "nucleo industriale di Bazzano", "status": "done", "osm_id": "relation/8902975", "group": "Altro", "subgroup": "Altro", "subcategory": "Altro"}, "geometry": {"type": "Point", "coordinates": [13.46755, 42.33623]}}, {"type": "Feature", "properties": {"wikidata": "Q18426799", "name": "Madonna Pietracquaria", "status": "missing", "osm_id": null, "group": "Insediamenti", "subgroup": "Centri", "subcategory": "Insediamento umano"}, "geometry": {"type": "Point", "coordinates": [13.40038, 42.02287]}}, {"type": "Feature", "properties": {"wikidata": "Q18426657", "name": "Colle Perdonesco", "status": "done", "osm_id": "node/777991386", "group": "Insediamenti", "subgroup": "Centri", "subcategory": "Frazione"}, "geometry": {"type": "Point", "coordinates": [13.27762, 42.30798]}}, {"type": "Feature", "properties": {"wikidata": "Q18426720", "name": "Esperita", "status": "done", "osm_id": "node/777991498", "group": "Insediamenti", "subgroup": "Centri", "subcategory": "Frazione"}, "geometry": {"type": "Point", "coordinates": [13.4217, 42.32653]}}, {"type": "Feature", "properties": {"wikidata": "Q18426832", "name": "Nucleo Area Artigianale", "status": "done", "osm_id": "node/452631213", "group": "Insediamenti", "subgroup": "Centri", "subcategory": "Insediamento umano"}, "geometry": {"type": "Point", "coordinates": [13.83601, 42.10041]}}, {"type": "Feature", "properties": {"wikidata": "Q18426656", "name": "Colle Moresce", "status": "missing", "osm_id": null, "group": "Insediamenti", "subgroup": "Centri", "subcategory": "Insediamento umano"}, "geometry": {"type": "Point", "coordinates": [13.38461, 42.07439]}}, {"type": "Feature", "properties": {"wikidata": "Q18426767", "name": "La Fossa", "status": "done", "osm_id": "node/1291489701", "group": "Insediamenti", "subgroup": "Centri", "subcategory": "Insediamento umano"}, "geometry": {"type": "Point", "coordinates": [13.4206, 41.85165]}}, {"type": "Feature", "properties": {"wikidata": "Q18426665", "name": "Colle", "status": "done", "osm_id": "node/777998126", "group": "Insediamenti", "subgroup": "Centri", "subcategory": "Frazione"}, "geometry": {"type": "Point", "coordinates": [13.58293, 42.24743]}}, {"type": "Feature", "properties": {"wikidata": "Q18426683", "name": "Colonnella", "status": "missing", "osm_id": null, "group": "Insediamenti", "subgroup": "Centri", "subcategory": "Frazione"}, "geometry": {"type": "Point", "coordinates": [13.0448, 42.06461]}}, {"type": "Feature", "properties": {"wikidata": "Q18426801", "name": "Magnola", "status": "done", "osm_id": "node/2139361166", "group": "Insediamenti", "subgroup": "Centri", "subcategory": "Insediamento umano"}, "geometry": {"type": "Point", "coordinates": [13.49693, 42.14454]}}, {"type": "Feature", "properties": {"wikidata": "Q18426690", "name": "Contrada Croce", "status": "missing", "osm_id": null, "group": "Insediamenti", "subgroup": "Centri", "subcategory": "Insediamento umano"}, "geometry": {"type": "Point", "coordinates": [13.32014, 42.07129]}}, {"type": "Feature", "properties": {"wikidata": "Q18426724", "name": "Faiella", "status": "missing", "osm_id": null, "group": "Insediamenti", "subgroup": "Centri", "subcategory": "Frazione"}, "geometry": {"type": "Point", "coordinates": [13.88167, 42.04209]}}, {"type": "Feature", "properties": {"wikidata": "Q18426674", "name": "Collepiano", "status": "done", "osm_id": "node/9555860037", "group": "Insediamenti", "subgroup": "Centri", "subcategory": "Frazione"}, "geometry": {"type": "Point", "coordinates": [13.57064, 41.78843]}}, {"type": "Feature", "properties": {"wikidata": "Q18426747", "name": "Fossato di Sasso", "status": "missing", "osm_id": null, "group": "Insediamenti", "subgroup": "Centri", "subcategory": "Insediamento umano"}, "geometry": {"type": "Point", "coordinates": [13.58957, 41.78548]}}, {"type": "Feature", "properties": {"wikidata": "Q18426757", "name": "Golfarolo", "status": "missing", "osm_id": null, "group": "Insediamenti", "subgroup": "Centri", "subcategory": "Insediamento umano"}, "geometry": {"type": "Point", "coordinates": [13.06168, 42.07745]}}, {"type": "Feature", "properties": {"wikidata": "Q18426803", "name": "Maiorana", "status": "done", "osm_id": "node/5851782929", "group": "Insediamenti", "subgroup": "Centri", "subcategory": "Insediamento umano"}, "geometry": {"type": "Point", "coordinates": [13.42774, 42.06207]}}, {"type": "Feature", "properties": {"wikidata": "Q18426658", "name": "Colle San Giacomo", "status": "missing", "osm_id": null, "group": "Insediamenti", "subgroup": "Centri", "subcategory": "Frazione"}, "geometry": {"type": "Point", "coordinates": [13.29464, 42.05929]}}, {"type": "Feature", "properties": {"wikidata": "Q18426749", "name": "Frasca", "status": "done", "osm_id": "node/11345833461", "group": "Insediamenti", "subgroup": "Centri", "subcategory": "Frazione"}, "geometry": {"type": "Point", "coordinates": [13.73459, 42.30588]}}, {"type": "Feature", "properties": {"wikidata": "Q18426821", "name": "Montereale", "status": "done", "osm_id": "node/70993219", "group": "Insediamenti", "subgroup": "Centri", "subcategory": "Insediamento umano"}, "geometry": {"type": "Point", "coordinates": [13.24585, 42.52332]}}, {"type": "Feature", "properties": {"wikidata": "Q18426694", "name": "Contrada Paolo Borsellino", "status": "missing", "osm_id": null, "group": "Insediamenti", "subgroup": "Centri", "subcategory": "Frazione"}, "geometry": {"type": "Point", "coordinates": [13.58919, 42.0753]}}, {"type": "Feature", "properties": {"wikidata": "Q18426786", "name": "Localit\u00e0 Produttiva Sant'Ippolito", "status": "done", "osm_id": "node/452631209", "group": "Insediamenti", "subgroup": "Centri", "subcategory": "Insediamento umano"}, "geometry": {"type": "Point", "coordinates": [13.85313, 42.12885]}}, {"type": "Feature", "properties": {"wikidata": "Q18426818", "name": "Meta", "status": "done", "osm_id": "node/1291489715", "group": "Insediamenti", "subgroup": "Centri", "subcategory": "Frazione"}, "geometry": {"type": "Point", "coordinates": [13.40321, 41.8887]}}, {"type": "Feature", "properties": {"wikidata": "Q18426713", "name": "Cotardo", "status": "missing", "osm_id": null, "group": "Insediamenti", "subgroup": "Centri", "subcategory": "Frazione"}, "geometry": {"type": "Point", "coordinates": [13.4091, 41.93407]}}, {"type": "Feature", "properties": {"wikidata": "Q18426684", "name": "Cominio", "status": "done", "osm_id": "node/777991547", "group": "Insediamenti", "subgroup": "Centri", "subcategory": "Insediamento umano"}, "geometry": {"type": "Point", "coordinates": [13.4325, 42.31248]}}, {"type": "Feature", "properties": {"wikidata": "Q18426780", "name": "Le Piane", "status": "missing", "osm_id": null, "group": "Insediamenti", "subgroup": "Centri", "subcategory": "Frazione"}, "geometry": {"type": "Point", "coordinates": [14.07185, 41.99564]}}, {"type": "Feature", "properties": {"wikidata": "Q18426863", "name": "Pago-Rovagnano", "status": "missing", "osm_id": null, "group": "Insediamenti", "subgroup": "Centri", "subcategory": "Frazione"}, "geometry": {"type": "Point", "coordinates": [13.27359, 42.52765]}}, {"type": "Feature", "properties": {"wikidata": "Q18426763", "name": "Impianti Sportivi Incoronata", "status": "missing", "osm_id": null, "group": "Insediamenti", "subgroup": "Centri", "subcategory": "Insediamento umano"}, "geometry": {"type": "Point", "coordinates": [13.93999, 42.02986]}}, {"type": "Feature", "properties": {"wikidata": "Q18426848", "name": "Ortona dei Marsi", "status": "done", "osm_id": "node/70992468", "group": "Amministrazione", "subgroup": "Uffici Pubblici", "subcategory": "Municipio"}, "geometry": {"type": "Point", "coordinates": [13.72909, 41.9982]}}, {"type": "Feature", "properties": {"wikidata": "Q18426649", "name": "Colle Farelli", "status": "done", "osm_id": "node/777991420", "group": "Insediamenti", "subgroup": "Centri", "subcategory": "Frazione"}, "geometry": {"type": "Point", "coordinates": [13.27665, 42.32562]}}, {"type": "Feature", "properties": {"wikidata": "Q18426673", "name": "Collenoveri", "status": "done", "osm_id": "node/4364879097", "group": "Insediamenti", "subgroup": "Centri", "subcategory": "Frazione"}, "geometry": {"type": "Point", "coordinates": [13.27803, 42.53608]}}, {"type": "Feature", "properties": {"wikidata": "Q18426830", "name": "Noce Grande", "status": "missing", "osm_id": null, "group": "Insediamenti", "subgroup": "Centri", "subcategory": "Insediamento umano"}, "geometry": {"type": "Point", "coordinates": [13.59673, 41.77732]}}, {"type": "Feature", "properties": {"wikidata": "Q18426804", "name": "Malepasso", "status": "done", "osm_id": "node/777991395", "group": "Insediamenti", "subgroup": "Centri", "subcategory": "Frazione"}, "geometry": {"type": "Point", "coordinates": [13.39945, 42.33578]}}, {"type": "Feature", "properties": {"wikidata": "Q18426811", "name": "Marsia", "status": "done", "osm_id": "node/818827185", "group": "Insediamenti", "subgroup": "Centri", "subcategory": "Frazione"}, "geometry": {"type": "Point", "coordinates": [13.18825, 42.06577]}}, {"type": "Feature", "properties": {"wikidata": "Q18426717", "name": "Curiuso", "status": "done", "osm_id": "node/11430354492", "group": "Insediamenti", "subgroup": "Centri", "subcategory": "Insediamento umano"}, "geometry": {"type": "Point", "coordinates": [13.44455, 41.89052]}}, {"type": "Feature", "properties": {"wikidata": "Q18426729", "name": "Fiugni", "status": "done", "osm_id": "node/4371144744", "group": "Insediamenti", "subgroup": "Centri", "subcategory": "Frazione"}, "geometry": {"type": "Point", "coordinates": [13.2131, 42.47053]}}, {"type": "Feature", "properties": {"wikidata": "Q18426652", "name": "Colle Giovenchi", "status": "missing", "osm_id": null, "group": "Insediamenti", "subgroup": "Centri", "subcategory": "Insediamento umano"}, "geometry": {"type": "Point", "coordinates": [14.19403, 41.86882]}}, {"type": "Feature", "properties": {"wikidata": "Q18426797", "name": "Macerino Vecchio", "status": "done", "osm_id": "node/5851782928", "group": "Insediamenti", "subgroup": "Centri", "subcategory": "Insediamento umano"}, "geometry": {"type": "Point", "coordinates": [13.43454, 42.06453]}}, {"type": "Feature", "properties": {"wikidata": "Q18426816", "name": "Menzano", "status": "done", "osm_id": "node/777995407", "group": "Insediamenti", "subgroup": "Centri", "subcategory": "Frazione"}, "geometry": {"type": "Point", "coordinates": [13.22736, 42.40502]}}, {"type": "Feature", "properties": {"wikidata": "Q18426740", "name": "Forcelle", "status": "done", "osm_id": "node/777995469", "group": "Insediamenti", "subgroup": "Centri", "subcategory": "Frazione"}, "geometry": {"type": "Point", "coordinates": [13.26269, 42.32885]}}, {"type": "Feature", "properties": {"wikidata": "Q18426726", "name": "Femminella", "status": "done", "osm_id": "node/11430354495", "group": "Insediamenti", "subgroup": "Centri", "subcategory": "Frazione"}, "geometry": {"type": "Point", "coordinates": [13.42438, 41.92426]}}, {"type": "Feature", "properties": {"wikidata": "Q18426770", "name": "La Roscia", "status": "done", "osm_id": "node/11430354493", "group": "Insediamenti", "subgroup": "Centri", "subcategory": "Insediamento umano"}, "geometry": {"type": "Point", "coordinates": [13.47492, 41.86352]}}, {"type": "Feature", "properties": {"wikidata": "Q18426867", "name": "Palombaia di Tornimparte", "status": "done", "osm_id": "node/777991516", "group": "Insediamenti", "subgroup": "Centri", "subcategory": "Frazione"}, "geometry": {"type": "Point", "coordinates": [13.2826, 42.32557]}}, {"type": "Feature", "properties": {"wikidata": "Q18426808", "name": "Marano dei Marsi", "status": "done", "osm_id": "node/4591604634", "group": "Insediamenti", "subgroup": "Centri", "subcategory": "Frazione"}, "geometry": {"type": "Point", "coordinates": [13.27054, 42.12435]}}, {"type": "Feature", "properties": {"wikidata": "Q18426781", "name": "Loc. Ind. Artig. e Comm.Impianata", "status": "done", "osm_id": "node/452631208", "group": "Insediamenti", "subgroup": "Centri", "subcategory": "Insediamento umano"}, "geometry": {"type": "Point", "coordinates": [13.84545, 42.11654]}}, {"type": "Feature", "properties": {"wikidata": "Q18426784", "name": "Localit\u00e0 Produttiva Abbazia", "status": "missing", "osm_id": null, "group": "Insediamenti", "subgroup": "Centri", "subcategory": "Insediamento umano"}, "geometry": {"type": "Point", "coordinates": [13.61445, 42.01601]}}, {"type": "Feature", "properties": {"wikidata": "Q18426851", "name": "Paccucci", "status": "missing", "osm_id": null, "group": "Insediamenti", "subgroup": "Centri", "subcategory": "Frazione"}, "geometry": {"type": "Point", "coordinates": [13.86165, 42.03986]}}, {"type": "Feature", "properties": {"wikidata": "Q18426795", "name": "Lucoli Alto", "status": "done", "osm_id": "node/3383781507", "group": "Insediamenti", "subgroup": "Centri", "subcategory": "Frazione"}, "geometry": {"type": "Point", "coordinates": [13.34955, 42.28982]}}, {"type": "Feature", "properties": {"wikidata": "Q18426847", "name": "Ortolano", "status": "missing", "osm_id": null, "group": "Insediamenti", "subgroup": "Centri", "subcategory": "Frazione"}, "geometry": {"type": "Point", "coordinates": [13.42376, 42.51935]}}, {"type": "Feature", "properties": {"wikidata": "Q18426764", "name": "Inciampa la Notte", "status": "done", "osm_id": "node/777991610", "group": "Insediamenti", "subgroup": "Centri", "subcategory": "Insediamento umano"}, "geometry": {"type": "Point", "coordinates": [13.42146, 42.32058]}}, {"type": "Feature", "properties": {"wikidata": "Q18426736", "name": "Fonteavignone", "status": "done", "osm_id": "node/777998162", "group": "Insediamenti", "subgroup": "Centri", "subcategory": "Frazione"}, "geometry": {"type": "Point", "coordinates": [13.51047, 42.25581]}}, {"type": "Feature", "properties": {"wikidata": "Q18426659", "name": "Colle San Giovanni", "status": "missing", "osm_id": null, "group": "Insediamenti", "subgroup": "Centri", "subcategory": "Insediamento umano"}, "geometry": {"type": "Point", "coordinates": [13.04048, 42.06719]}}, {"type": "Feature", "properties": {"wikidata": "Q18426761", "name": "I Colli", "status": "done", "osm_id": "node/777995435", "group": "Insediamenti", "subgroup": "Centri", "subcategory": "Insediamento umano"}, "geometry": {"type": "Point", "coordinates": [13.26919, 42.36177]}}, {"type": "Feature", "properties": {"wikidata": "Q18426682", "name": "Collimento", "status": "done", "osm_id": "node/70992165", "group": "Insediamenti", "subgroup": "Centri", "subcategory": "Frazione"}, "geometry": {"type": "Point", "coordinates": [13.33955, 42.2928]}}, {"type": "Feature", "properties": {"wikidata": "Q18426710", "name": "Costa d'Orsa", "status": "done", "osm_id": "node/452631202", "group": "Insediamenti", "subgroup": "Centri", "subcategory": "Insediamento umano"}, "geometry": {"type": "Point", "coordinates": [13.88378, 42.10333]}}, {"type": "Feature", "properties": {"wikidata": "Q18426733", "name": "Fonte d'Amore", "status": "missing", "osm_id": null, "group": "Insediamenti", "subgroup": "Centri", "subcategory": "Frazione"}, "geometry": {"type": "Point", "coordinates": [13.93107, 42.08262]}}, {"type": "Feature", "properties": {"wikidata": "Q18426859", "name": "Paganica", "status": "done", "osm_id": "node/8073925534", "group": "Insediamenti", "subgroup": "Centri", "subcategory": "Frazione"}, "geometry": {"type": "Point", "coordinates": [13.272335, 42.508491]}}, {"type": "Feature", "properties": {"wikidata": "Q18426707", "name": "Corroccioni", "status": "done", "osm_id": "node/4371144701", "group": "Insediamenti", "subgroup": "Centri", "subcategory": "Insediamento umano"}, "geometry": {"type": "Point", "coordinates": [13.23951, 42.46171]}}, {"type": "Feature", "properties": {"wikidata": "Q18426866", "name": "Palombaia di Sassa", "status": "done", "osm_id": "node/777991678", "group": "Insediamenti", "subgroup": "Centri", "subcategory": "Frazione"}, "geometry": {"type": "Point", "coordinates": [13.31479, 42.35805]}}, {"type": "Feature", "properties": {"wikidata": "Q18426789", "name": "Localit\u00e0 Produttiva Via Tiburtina", "status": "missing", "osm_id": null, "group": "Insediamenti", "subgroup": "Centri", "subcategory": "Insediamento umano"}, "geometry": {"type": "Point", "coordinates": [13.56354, 42.05733]}}, {"type": "Feature", "properties": {"wikidata": "Q18426677", "name": "Colletara", "status": "done", "osm_id": "node/777995482", "group": "Insediamenti", "subgroup": "Centri", "subcategory": "Frazione"}, "geometry": {"type": "Point", "coordinates": [13.27462, 42.36644]}}, {"type": "Feature", "properties": {"wikidata": "Q18426697", "name": "Contrada Porcini", "status": "missing", "osm_id": null, "group": "Insediamenti", "subgroup": "Centri", "subcategory": "Insediamento umano"}, "geometry": {"type": "Point", "coordinates": [13.32502, 42.05608]}}, {"type": "Feature", "properties": {"wikidata": "Q18426865", "name": "Pallocco", "status": "done", "osm_id": "node/11430354497", "group": "Insediamenti", "subgroup": "Centri", "subcategory": "Insediamento umano"}, "geometry": {"type": "Point", "coordinates": [13.42767, 41.90193]}}, {"type": "Feature", "properties": {"wikidata": "Q18426732", "name": "Fonte Cerreto", "status": "done", "osm_id": "node/452630243", "group": "Insediamenti", "subgroup": "Centri", "subcategory": "Insediamento umano"}, "geometry": {"type": "Point", "coordinates": [13.52842, 42.42595]}}, {"type": "Feature", "properties": {"wikidata": "Q18426760", "name": "Goriano Valli", "status": "done", "osm_id": "node/4948858237", "group": "Insediamenti", "subgroup": "Centri", "subcategory": "Frazione"}, "geometry": {"type": "Point", "coordinates": [13.66932, 42.18066]}}, {"type": "Feature", "properties": {"wikidata": "Q18426681", "name": "Colli", "status": "done", "osm_id": "node/4371144703", "group": "Insediamenti", "subgroup": "Centri", "subcategory": "Frazione"}, "geometry": {"type": "Point", "coordinates": [13.25955, 42.43273]}}, {"type": "Feature", "properties": {"wikidata": "Q18426686", "name": "Conca", "status": "done", "osm_id": "node/8286473155", "group": "Insediamenti", "subgroup": "Centri", "subcategory": "Frazione"}, "geometry": {"type": "Point", "coordinates": [13.95448, 42.00244]}}, {"type": "Feature", "properties": {"wikidata": "Q18426841", "name": "Occhibelli", "status": "done", "osm_id": "node/777995548", "group": "Insediamenti", "subgroup": "Centri", "subcategory": "Insediamento umano"}, "geometry": {"type": "Point", "coordinates": [13.24968, 42.34587]}}, {"type": "Feature", "properties": {"wikidata": "Q18426778", "name": "Le Grette", "status": "done", "osm_id": "node/8303102923", "group": "Insediamenti", "subgroup": "Centri", "subcategory": "Frazione"}, "geometry": {"type": "Point", "coordinates": [13.69902, 41.96175]}}, {"type": "Feature", "properties": {"wikidata": "Q18426839", "name": "Nuovo Borgo Villa San Sebastiano", "status": "missing", "osm_id": null, "group": "Insediamenti", "subgroup": "Centri", "subcategory": "Insediamento umano"}, "geometry": {"type": "Point", "coordinates": [13.30582, 42.04307]}}, {"type": "Feature", "properties": {"wikidata": "Q18426742", "name": "Forcellette", "status": "done", "osm_id": "node/777995450", "group": "Insediamenti", "subgroup": "Centri", "subcategory": "Frazione"}, "geometry": {"type": "Point", "coordinates": [13.24629, 42.36179]}}, {"type": "Feature", "properties": {"wikidata": "Q18426728", "name": "Filetto", "status": "done", "osm_id": "node/777991656", "group": "Insediamenti", "subgroup": "Centri", "subcategory": "Frazione"}, "geometry": {"type": "Point", "coordinates": [13.51988, 42.37838]}}, {"type": "Feature", "properties": {"wikidata": "Q18426822", "name": "Montesabinese", "status": "done", "osm_id": "node/9720437955", "group": "Insediamenti", "subgroup": "Centri", "subcategory": "Frazione"}, "geometry": {"type": "Point", "coordinates": [13.114444444, 42.091861111]}}, {"type": "Feature", "properties": {"wikidata": "Q18426688", "name": "Contrada Civitatomassa", "status": "missing", "osm_id": null, "group": "Insediamenti", "subgroup": "Centri", "subcategory": "Insediamento umano"}, "geometry": {"type": "Point", "coordinates": [13.28393, 42.35666]}}, {"type": "Feature", "properties": {"wikidata": "Q18426843", "name": "Olmetto", "status": "done", "osm_id": "node/5851782930", "group": "Insediamenti", "subgroup": "Centri", "subcategory": "Insediamento umano"}, "geometry": {"type": "Point", "coordinates": [13.49474, 42.05419]}}, {"type": "Feature", "properties": {"wikidata": "Q18426667", "name": "Collecastagno", "status": "missing", "osm_id": null, "group": "Insediamenti", "subgroup": "Centri", "subcategory": "Frazione"}, "geometry": {"type": "Point", "coordinates": [13.60507, 41.77202]}}, {"type": "Feature", "properties": {"wikidata": "Q18426820", "name": "Molino Salomone", "status": "done", "osm_id": "node/777991562", "group": "Insediamenti", "subgroup": "Centri", "subcategory": "Frazione"}, "geometry": {"type": "Point", "coordinates": [13.28294, 42.31463]}}, {"type": "Feature", "properties": {"wikidata": "Q18426731", "name": "Foce di Sassa", "status": "done", "osm_id": "node/777991425", "group": "Insediamenti", "subgroup": "Centri", "subcategory": "Frazione"}, "geometry": {"type": "Point", "coordinates": [13.29758, 42.31356]}}, {"type": "Feature", "properties": {"wikidata": "Q18426773", "name": "Le Campora", "status": "missing", "osm_id": null, "group": "Insediamenti", "subgroup": "Centri", "subcategory": "Insediamento umano"}, "geometry": {"type": "Point", "coordinates": [13.05114, 42.08739]}}, {"type": "Feature", "properties": {"wikidata": "Q18426868", "name": "Palombaia", "status": "missing", "osm_id": null, "group": "Insediamenti", "subgroup": "Centri", "subcategory": "Insediamento umano"}, "geometry": {"type": "Point", "coordinates": [13.28138, 42.3251]}}, {"type": "Feature", "properties": {"wikidata": "Q18426702", "name": "Corbellino", "status": "done", "osm_id": "node/777998090", "group": "Insediamenti", "subgroup": "Centri", "subcategory": "Frazione"}, "geometry": {"type": "Point", "coordinates": [13.57786, 42.24961]}}, {"type": "Feature", "properties": {"wikidata": "Q18426723", "name": "Faenza", "status": "done", "osm_id": "node/5851782927", "group": "Insediamenti", "subgroup": "Centri", "subcategory": "Frazione"}, "geometry": {"type": "Point", "coordinates": [13.49192, 41.99741]}}, {"type": "Feature", "properties": {"wikidata": "Q18426654", "name": "Colle Marino", "status": "done", "osm_id": "node/777995502", "group": "Insediamenti", "subgroup": "Centri", "subcategory": "Frazione"}, "geometry": {"type": "Point", "coordinates": [13.26376, 42.32661]}}, {"type": "Feature", "properties": {"wikidata": "Q18426807", "name": "Marane", "status": "missing", "osm_id": null, "group": "Insediamenti", "subgroup": "Centri", "subcategory": "Frazione"}, "geometry": {"type": "Point", "coordinates": [13.94766, 42.06379]}}, {"type": "Feature", "properties": {"wikidata": "Q18426783", "name": "Loc. Prod. Ovidio", "status": "missing", "osm_id": null, "group": "Insediamenti", "subgroup": "Centri", "subcategory": "Insediamento umano"}, "geometry": {"type": "Point", "coordinates": [13.9069, 42.0769]}}, {"type": "Feature", "properties": {"wikidata": "Q18426672", "name": "Collemare di Sassa", "status": "done", "osm_id": "node/5831876541", "group": "Insediamenti", "subgroup": "Centri", "subcategory": "Frazione"}, "geometry": {"type": "Point", "coordinates": [13.3027, 42.32521]}}, {"type": "Feature", "properties": {"wikidata": "Q18426828", "name": "Nazzari", "status": "done", "osm_id": "node/1408999728", "group": "Insediamenti", "subgroup": "Centri", "subcategory": "Insediamento umano"}, "geometry": {"type": "Point", "coordinates": [14.17336, 41.85102]}}, {"type": "Feature", "properties": {"wikidata": "Q18426805", "name": "Marana", "status": "done", "osm_id": "node/2961633841", "group": "Insediamenti", "subgroup": "Centri", "subcategory": "Frazione"}, "geometry": {"type": "Point", "coordinates": [13.22359, 42.49666]}}, {"type": "Feature", "properties": {"wikidata": "Q18426793", "name": "Luco dei Marsi", "status": "done", "osm_id": "node/70992419", "group": "Insediamenti", "subgroup": "Centri", "subcategory": "Insediamento umano"}, "geometry": {"type": "Point", "coordinates": [13.47349, 41.95925]}}, {"type": "Feature", "properties": {"wikidata": "Q18426716", "name": "Cotica-Mingone", "status": "missing", "osm_id": null, "group": "Insediamenti", "subgroup": "Centri", "subcategory": "Insediamento umano"}, "geometry": {"type": "Point", "coordinates": [14.18996, 41.86952]}}, {"type": "Feature", "properties": {"wikidata": "Q18426774", "name": "Le Crete", "status": "missing", "osm_id": null, "group": "Insediamenti", "subgroup": "Centri", "subcategory": "Insediamento umano"}, "geometry": {"type": "Point", "coordinates": [13.23405, 42.08436]}}, {"type": "Feature", "properties": {"wikidata": "Q18426668", "name": "Collefracido di Sassa", "status": "done", "osm_id": "node/777991586", "group": "Insediamenti", "subgroup": "Centri", "subcategory": "Frazione"}, "geometry": {"type": "Point", "coordinates": [13.32323, 42.32436]}}, {"type": "Feature", "properties": {"wikidata": "Q18428369", "name": "Morricone", "status": "done", "osm_id": "node/1067589895", "group": "Insediamenti", "subgroup": "Centri", "subcategory": "Insediamento umano"}, "geometry": {"type": "Point", "coordinates": [13.64599, 42.64898]}}, {"type": "Feature", "properties": {"wikidata": "Q18428249", "name": "Fornaci", "status": "done", "osm_id": "node/262288768", "group": "Insediamenti", "subgroup": "Centri", "subcategory": "Insediamento umano"}, "geometry": {"type": "Point", "coordinates": [13.66525, 42.66268]}}, {"type": "Feature", "properties": {"wikidata": "Q18428254", "name": "Frattoli", "status": "done", "osm_id": "node/2482182519", "group": "Insediamenti", "subgroup": "Centri", "subcategory": "Insediamento umano"}, "geometry": {"type": "Point", "coordinates": [13.46446, 42.57559]}}, {"type": "Feature", "properties": {"wikidata": "Q18428312", "name": "Macchia Vomano", "status": "done", "osm_id": "node/2734697100", "group": "Insediamenti", "subgroup": "Centri", "subcategory": "Insediamento umano"}, "geometry": {"type": "Point", "coordinates": [13.51718, 42.56722]}}, {"type": "Feature", "properties": {"wikidata": "Q18428238", "name": "Fonte del Fico", "status": "missing", "osm_id": null, "group": "Insediamenti", "subgroup": "Centri", "subcategory": "Insediamento umano"}, "geometry": {"type": "Point", "coordinates": [14.0924, 42.5516]}}, {"type": "Feature", "properties": {"wikidata": "Q18428273", "name": "Guazzano", "status": "missing", "osm_id": null, "group": "Insediamenti", "subgroup": "Centri", "subcategory": "Frazione"}, "geometry": {"type": "Point", "coordinates": [13.64489, 42.73463]}}, {"type": "Feature", "properties": {"wikidata": "Q18428290", "name": "La Collina", "status": "missing", "osm_id": null, "group": "Insediamenti", "subgroup": "Centri", "subcategory": "Insediamento umano"}, "geometry": {"type": "Point", "coordinates": [13.91695, 42.55445]}}, {"type": "Feature", "properties": {"wikidata": "Q18428338", "name": "Medoro", "status": "missing", "osm_id": null, "group": "Insediamenti", "subgroup": "Centri", "subcategory": "Frazione"}, "geometry": {"type": "Point", "coordinates": [13.89671, 42.60315]}}, {"type": "Feature", "properties": {"wikidata": "Q18428216", "name": "Elce", "status": "done", "osm_id": "node/3923993899", "group": "Insediamenti", "subgroup": "Centri", "subcategory": "Frazione"}, "geometry": {"type": "Point", "coordinates": [13.53145, 42.64339]}}, {"type": "Feature", "properties": {"wikidata": "Q18428391", "name": "Paduli-Solagne", "status": "missing", "osm_id": null, "group": "Insediamenti", "subgroup": "Centri", "subcategory": "Insediamento umano"}, "geometry": {"type": "Point", "coordinates": [13.65514, 42.5522]}}, {"type": "Feature", "properties": {"wikidata": "Q18428225", "name": "Faraone Nuovo", "status": "done", "osm_id": "node/452991276", "group": "Insediamenti", "subgroup": "Centri", "subcategory": "Frazione"}, "geometry": {"type": "Point", "coordinates": [13.67394, 42.80302]}}, {"type": "Feature", "properties": {"wikidata": "Q18428278", "name": "Imposte", "status": "missing", "osm_id": null, "group": "Insediamenti", "subgroup": "Centri", "subcategory": "Insediamento umano"}, "geometry": {"type": "Point", "coordinates": [13.52829, 42.68634]}}, {"type": "Feature", "properties": {"wikidata": "Q18428358", "name": "Monteverde Basso", "status": "done", "osm_id": "node/3924006289", "group": "Insediamenti", "subgroup": "Centri", "subcategory": "Insediamento umano"}, "geometry": {"type": "Point", "coordinates": [13.85116, 42.61816]}}, {"type": "Feature", "properties": {"wikidata": "Q18428234", "name": "Flaio", "status": "done", "osm_id": "node/3923934352", "group": "Insediamenti", "subgroup": "Centri", "subcategory": "Insediamento umano"}, "geometry": {"type": "Point", "coordinates": [13.78979, 42.82411]}}, {"type": "Feature", "properties": {"wikidata": "Q18428365", "name": "Morge", "status": "missing", "osm_id": null, "group": "Insediamenti", "subgroup": "Centri", "subcategory": "Frazione"}, "geometry": {"type": "Point", "coordinates": [13.70421, 42.73722]}}, {"type": "Feature", "properties": {"wikidata": "Q18428232", "name": "Fichieri", "status": "missing", "osm_id": null, "group": "Insediamenti", "subgroup": "Centri", "subcategory": "Frazione"}, "geometry": {"type": "Point", "coordinates": [13.69688, 42.744]}}, {"type": "Feature", "properties": {"wikidata": "Q18428376", "name": "Muraglie", "status": "missing", "osm_id": null, "group": "Insediamenti", "subgroup": "Centri", "subcategory": "Frazione"}, "geometry": {"type": "Point", "coordinates": [13.86536, 42.55796]}}, {"type": "Feature", "properties": {"wikidata": "Q18428329", "name": "Marrocchi", "status": "done", "osm_id": "node/3923960455", "group": "Insediamenti", "subgroup": "Centri", "subcategory": "Insediamento umano"}, "geometry": {"type": "Point", "coordinates": [13.73398, 42.76689]}}, {"type": "Feature", "properties": {"wikidata": "Q18428255", "name": "Friscoli", "status": "missing", "osm_id": null, "group": "Insediamenti", "subgroup": "Centri", "subcategory": "Frazione"}, "geometry": {"type": "Point", "coordinates": [13.74659, 42.77148]}}, {"type": "Feature", "properties": {"wikidata": "Q18428276", "name": "I Cappuccini", "status": "missing", "osm_id": null, "group": "Insediamenti", "subgroup": "Centri", "subcategory": "Frazione"}, "geometry": {"type": "Point", "coordinates": [13.71243, 42.72942]}}, {"type": "Feature", "properties": {"wikidata": "Q18428333", "name": "Mastrisco", "status": "done", "osm_id": "node/8248469493", "group": "Insediamenti", "subgroup": "Centri", "subcategory": "Insediamento umano"}, "geometry": {"type": "Point", "coordinates": [13.4488, 42.59271]}}, {"type": "Feature", "properties": {"wikidata": "Q18428327", "name": "Marina I", "status": "done", "osm_id": "node/3924023938", "group": "Insediamenti", "subgroup": "Centri", "subcategory": "Insediamento umano"}, "geometry": {"type": "Point", "coordinates": [13.94854, 42.7717]}}, {"type": "Feature", "properties": {"wikidata": "Q18428328", "name": "Marina II", "status": "done", "osm_id": "node/3924023939", "group": "Insediamenti", "subgroup": "Centri", "subcategory": "Insediamento umano"}, "geometry": {"type": "Point", "coordinates": [13.93814, 42.7741]}}, {"type": "Feature", "properties": {"wikidata": "Q18428291", "name": "Lame", "status": "missing", "osm_id": null, "group": "Insediamenti", "subgroup": "Centri", "subcategory": "Frazione"}, "geometry": {"type": "Point", "coordinates": [13.48444, 42.6425]}}, {"type": "Feature", "properties": {"wikidata": "Q18428350", "name": "Molviano Basso (La Madonna)", "status": "missing", "osm_id": null, "group": "Insediamenti", "subgroup": "Centri", "subcategory": "Insediamento umano"}, "geometry": {"type": "Point", "coordinates": [13.72336, 42.76172]}}, {"type": "Feature", "properties": {"wikidata": "Q18428301", "name": "Localit\u00e0 Cappuccini", "status": "done", "osm_id": "node/3923960453", "group": "Insediamenti", "subgroup": "Centri", "subcategory": "Insediamento umano"}, "geometry": {"type": "Point", "coordinates": [13.70831, 42.73064]}}, {"type": "Feature", "properties": {"wikidata": "Q18428341", "name": "Micaletti", "status": "missing", "osm_id": null, "group": "Insediamenti", "subgroup": "Centri", "subcategory": "Insediamento umano"}, "geometry": {"type": "Point", "coordinates": [13.80028, 42.58625]}}, {"type": "Feature", "properties": {"wikidata": "Q18428307", "name": "Lupi", "status": "done", "osm_id": "node/3922920005", "group": "Insediamenti", "subgroup": "Centri", "subcategory": "Insediamento umano"}, "geometry": {"type": "Point", "coordinates": [13.90485, 42.84559]}}, {"type": "Feature", "properties": {"wikidata": "Q18428263", "name": "Garrano Alto", "status": "done", "osm_id": "node/3924012836", "group": "Insediamenti", "subgroup": "Centri", "subcategory": "Insediamento umano"}, "geometry": {"type": "Point", "coordinates": [13.65912, 42.69734]}}, {"type": "Feature", "properties": {"wikidata": "Q18428212", "name": "Di Bonaventura", "status": "done", "osm_id": "node/3922922113", "group": "Insediamenti", "subgroup": "Centri", "subcategory": "Insediamento umano"}, "geometry": {"type": "Point", "coordinates": [13.86, 42.70675]}}, {"type": "Feature", "properties": {"wikidata": "Q18428390", "name": "Paduli", "status": "missing", "osm_id": null, "group": "Insediamenti", "subgroup": "Centri", "subcategory": "Frazione"}, "geometry": {"type": "Point", "coordinates": [13.70035, 42.72282]}}, {"type": "Feature", "properties": {"wikidata": "Q18428335", "name": "Mattere", "status": "done", "osm_id": "node/1263508910", "group": "Insediamenti", "subgroup": "Centri", "subcategory": "Frazione"}, "geometry": {"type": "Point", "coordinates": [13.50759, 42.72486]}}, {"type": "Feature", "properties": {"wikidata": "Q18428241", "name": "Fonte Luca", "status": "done", "osm_id": "node/3922922115", "group": "Insediamenti", "subgroup": "Centri", "subcategory": "Insediamento umano"}, "geometry": {"type": "Point", "coordinates": [13.86489, 42.75914]}}, {"type": "Feature", "properties": {"wikidata": "Q18428274", "name": "Guzzano", "status": "missing", "osm_id": null, "group": "Insediamenti", "subgroup": "Centri", "subcategory": "Frazione"}, "geometry": {"type": "Point", "coordinates": [13.82884, 42.6658]}}, {"type": "Feature", "properties": {"wikidata": "Q18428319", "name": "Maggi", "status": "done", "osm_id": "node/3924023937", "group": "Insediamenti", "subgroup": "Centri", "subcategory": "Insediamento umano"}, "geometry": {"type": "Point", "coordinates": [13.91912, 42.77252]}}, {"type": "Feature", "properties": {"wikidata": "Q18428315", "name": "Maciera", "status": "done", "osm_id": "node/3924006285", "group": "Insediamenti", "subgroup": "Centri", "subcategory": "Insediamento umano"}, "geometry": {"type": "Point", "coordinates": [13.82802, 42.62991]}}, {"type": "Feature", "properties": {"wikidata": "Q18428392", "name": "Pagannoni Inferiore", "status": "done", "osm_id": "node/3923961363", "group": "Insediamenti", "subgroup": "Centri", "subcategory": "Insediamento umano"}, "geometry": {"type": "Point", "coordinates": [13.72181, 42.72439]}}, {"type": "Feature", "properties": {"wikidata": "Q18428229", "name": "Feudo Alto", "status": "done", "osm_id": "node/3924006279", "group": "Insediamenti", "subgroup": "Centri", "subcategory": "Insediamento umano"}, "geometry": {"type": "Point", "coordinates": [13.81727, 42.65854]}}, {"type": "Feature", "properties": {"wikidata": "Q18428342", "name": "Mingarelli", "status": "done", "osm_id": "node/3924006287", "group": "Insediamenti", "subgroup": "Centri", "subcategory": "Insediamento umano"}, "geometry": {"type": "Point", "coordinates": [13.85618, 42.60235]}}, {"type": "Feature", "properties": {"wikidata": "Q18428245", "name": "Forcella", "status": "done", "osm_id": "node/1156295917", "group": "Insediamenti", "subgroup": "Centri", "subcategory": "Insediamento umano"}, "geometry": {"type": "Point", "coordinates": [13.76888, 42.62322]}}, {"type": "Feature", "properties": {"wikidata": "Q18428296", "name": "Li Piane", "status": "done", "osm_id": "node/452992209", "group": "Insediamenti", "subgroup": "Centri", "subcategory": "Insediamento umano"}, "geometry": {"type": "Point", "coordinates": [13.72004, 42.80845]}}, {"type": "Feature", "properties": {"wikidata": "Q18428384", "name": "Nocella", "status": "missing", "osm_id": null, "group": "Insediamenti", "subgroup": "Centri", "subcategory": "Frazione"}, "geometry": {"type": "Point", "coordinates": [13.6722, 42.71803]}}, {"type": "Feature", "properties": {"wikidata": "Q18428322", "name": "Maranella", "status": "done", "osm_id": "node/10895734416", "group": "Insediamenti", "subgroup": "Centri", "subcategory": "Insediamento umano"}, "geometry": {"type": "Point", "coordinates": [13.80582, 42.57028]}}, {"type": "Feature", "properties": {"wikidata": "Q18428268", "name": "Ginepri", "status": "done", "osm_id": "node/1300124843", "group": "Insediamenti", "subgroup": "Centri", "subcategory": "Insediamento umano"}, "geometry": {"type": "Point", "coordinates": [13.58427, 42.65343]}}, {"type": "Feature", "properties": {"wikidata": "Q18428287", "name": "La Cava", "status": "done", "osm_id": "node/3923934354", "group": "Insediamenti", "subgroup": "Centri", "subcategory": "Insediamento umano"}, "geometry": {"type": "Point", "coordinates": [13.69519, 42.81396]}}, {"type": "Feature", "properties": {"wikidata": "Q18428337", "name": "Mediana", "status": "missing", "osm_id": null, "group": "Insediamenti", "subgroup": "Centri", "subcategory": "Frazione"}, "geometry": {"type": "Point", "coordinates": [13.78108, 42.77681]}}, {"type": "Feature", "properties": {"wikidata": "Q18428311", "name": "Macchia Santa Cecilia", "status": "done", "osm_id": "node/1712356535", "group": "Insediamenti", "subgroup": "Centri", "subcategory": "Insediamento umano"}, "geometry": {"type": "Point", "coordinates": [13.54934, 42.68319]}}, {"type": "Feature", "properties": {"wikidata": "Q18428260", "name": "Gabbiano", "status": "done", "osm_id": "node/452991279", "group": "Insediamenti", "subgroup": "Centri", "subcategory": "Insediamento umano"}, "geometry": {"type": "Point", "coordinates": [13.60665, 42.80271]}}, {"type": "Feature", "properties": {"wikidata": "Q18428208", "name": "Cupo-Casarino", "status": "done", "osm_id": "node/3924006277", "group": "Insediamenti", "subgroup": "Centri", "subcategory": "Insediamento umano"}, "geometry": {"type": "Point", "coordinates": [13.886, 42.65583]}}, {"type": "Feature", "properties": {"wikidata": "Q18428217", "name": "Faiano", "status": "missing", "osm_id": null, "group": "Insediamenti", "subgroup": "Centri", "subcategory": "Frazione"}, "geometry": {"type": "Point", "coordinates": [13.6296, 42.56648]}}, {"type": "Feature", "properties": {"wikidata": "Q18428261", "name": "Gagliano", "status": "missing", "osm_id": null, "group": "Insediamenti", "subgroup": "Centri", "subcategory": "Frazione"}, "geometry": {"type": "Point", "coordinates": [13.70922, 42.75338]}}, {"type": "Feature", "properties": {"wikidata": "Q18428388", "name": "Ornano Piccolo", "status": "missing", "osm_id": null, "group": "Insediamenti", "subgroup": "Centri", "subcategory": "Frazione"}, "geometry": {"type": "Point", "coordinates": [13.65606, 42.54282]}}, {"type": "Feature", "properties": {"wikidata": "Q18428344", "name": "Minghetti", "status": "missing", "osm_id": null, "group": "Insediamenti", "subgroup": "Centri", "subcategory": "Frazione"}, "geometry": {"type": "Point", "coordinates": [13.89159, 42.59577]}}, {"type": "Feature", "properties": {"wikidata": "Q18428351", "name": "Montagnola", "status": "missing", "osm_id": null, "group": "Insediamenti", "subgroup": "Centri", "subcategory": "Frazione"}, "geometry": {"type": "Point", "coordinates": [14.05401, 42.56653]}}, {"type": "Feature", "properties": {"wikidata": "Q18428262", "name": "Galeotti", "status": "done", "osm_id": "node/3924006281", "group": "Insediamenti", "subgroup": "Centri", "subcategory": "Insediamento umano"}, "geometry": {"type": "Point", "coordinates": [13.71192, 42.69272]}}, {"type": "Feature", "properties": {"wikidata": "Q18428395", "name": "Pagannoni-Piane a Canfora", "status": "done", "osm_id": "node/3923961365", "group": "Insediamenti", "subgroup": "Centri", "subcategory": "Insediamento umano"}, "geometry": {"type": "Point", "coordinates": [13.72867, 42.72294]}}, {"type": "Feature", "properties": {"wikidata": "Q18428394", "name": "Pagannoni Superiore", "status": "done", "osm_id": "node/3923961364", "group": "Insediamenti", "subgroup": "Centri", "subcategory": "Insediamento umano"}, "geometry": {"type": "Point", "coordinates": [13.71756, 42.72049]}}, {"type": "Feature", "properties": {"wikidata": "Q18428236", "name": "Floriano", "status": "missing", "osm_id": null, "group": "Insediamenti", "subgroup": "Centri", "subcategory": "Frazione"}, "geometry": {"type": "Point", "coordinates": [13.88945, 42.5668]}}, {"type": "Feature", "properties": {"wikidata": "Q18428367", "name": "Morrice", "status": "missing", "osm_id": null, "group": "Insediamenti", "subgroup": "Centri", "subcategory": "Frazione"}, "geometry": {"type": "Point", "coordinates": [13.4508, 42.72857]}}, {"type": "Feature", "properties": {"wikidata": "Q18428269", "name": "Grasciano", "status": "missing", "osm_id": null, "group": "Insediamenti", "subgroup": "Centri", "subcategory": "Frazione"}, "geometry": {"type": "Point", "coordinates": [13.91356, 42.69049]}}, {"type": "Feature", "properties": {"wikidata": "Q18428387", "name": "Ornano Grande", "status": "missing", "osm_id": null, "group": "Insediamenti", "subgroup": "Centri", "subcategory": "Frazione"}, "geometry": {"type": "Point", "coordinates": [13.65171, 42.53411]}}, {"type": "Feature", "properties": {"wikidata": "Q18428294", "name": "Leognano", "status": "missing", "osm_id": null, "group": "Insediamenti", "subgroup": "Centri", "subcategory": "Frazione"}, "geometry": {"type": "Point", "coordinates": [13.67968, 42.58275]}}, {"type": "Feature", "properties": {"wikidata": "Q18428284", "name": "Isola", "status": "done", "osm_id": "node/3922922118", "group": "Insediamenti", "subgroup": "Centri", "subcategory": "Frazione"}, "geometry": {"type": "Point", "coordinates": [13.87911, 42.89321]}}, {"type": "Feature", "properties": {"wikidata": "Q18428305", "name": "Lucignano", "status": "done", "osm_id": "node/3923960454", "group": "Insediamenti", "subgroup": "Centri", "subcategory": "Insediamento umano"}, "geometry": {"type": "Point", "coordinates": [13.74031, 42.77757]}}, {"type": "Feature", "properties": {"wikidata": "Q18428374", "name": "Mulinetto", "status": "missing", "osm_id": null, "group": "Insediamenti", "subgroup": "Centri", "subcategory": "Frazione"}, "geometry": {"type": "Point", "coordinates": [13.91848, 42.71128]}}, {"type": "Feature", "properties": {"wikidata": "Q18428279", "name": "Intermesoli", "status": "missing", "osm_id": null, "group": "Insediamenti", "subgroup": "Centri", "subcategory": "Frazione"}, "geometry": {"type": "Point", "coordinates": [13.54153, 42.53516]}}, {"type": "Feature", "properties": {"wikidata": "Q18428340", "name": "Miano", "status": "missing", "osm_id": null, "group": "Insediamenti", "subgroup": "Centri", "subcategory": "Insediamento umano"}, "geometry": {"type": "Point", "coordinates": [13.70705, 42.61906]}}, {"type": "Feature", "properties": {"wikidata": "Q18428250", "name": "Fornisco", "status": "done", "osm_id": "node/1264005889", "group": "Insediamenti", "subgroup": "Centri", "subcategory": "Frazione"}, "geometry": {"type": "Point", "coordinates": [13.49757, 42.72266]}}, {"type": "Feature", "properties": {"wikidata": "Q18428214", "name": "Di Febo", "status": "done", "osm_id": "node/3922922114", "group": "Insediamenti", "subgroup": "Centri", "subcategory": "Insediamento umano"}, "geometry": {"type": "Point", "coordinates": [13.88488, 42.80141]}}, {"type": "Feature", "properties": {"wikidata": "Q18428318", "name": "Madonna della Carit\u00e0", "status": "missing", "osm_id": null, "group": "Insediamenti", "subgroup": "Centri", "subcategory": "Frazione"}, "geometry": {"type": "Point", "coordinates": [13.75582, 42.83604]}}, {"type": "Feature", "properties": {"wikidata": "Q18428266", "name": "Giardino", "status": "done", "osm_id": "node/3924034633", "group": "Insediamenti", "subgroup": "Centri", "subcategory": "Insediamento umano"}, "geometry": {"type": "Point", "coordinates": [13.99939, 42.66961]}}, {"type": "Feature", "properties": {"wikidata": "Q18428219", "name": "Faiete", "status": "done", "osm_id": "node/1070718737", "group": "Insediamenti", "subgroup": "Centri", "subcategory": "Insediamento umano"}, "geometry": {"type": "Point", "coordinates": [13.54857, 42.66115]}}, {"type": "Feature", "properties": {"wikidata": "Q18428373", "name": "Mosciano Stazione", "status": "missing", "osm_id": null, "group": "Insediamenti", "subgroup": "Centri", "subcategory": "Frazione"}, "geometry": {"type": "Point", "coordinates": [13.90727, 42.71206]}}, {"type": "Feature", "properties": {"wikidata": "Q18428303", "name": "Loricco", "status": "missing", "osm_id": null, "group": "Insediamenti", "subgroup": "Centri", "subcategory": "Frazione"}, "geometry": {"type": "Point", "coordinates": [13.75054, 42.49826]}}, {"type": "Feature", "properties": {"wikidata": "Q18428237", "name": "Fontanelle", "status": "missing", "osm_id": null, "group": "Insediamenti", "subgroup": "Centri", "subcategory": "Frazione"}, "geometry": {"type": "Point", "coordinates": [13.92562, 42.61756]}}, {"type": "Feature", "properties": {"wikidata": "Q18428347", "name": "Molino San Antimo", "status": "missing", "osm_id": null, "group": "Insediamenti", "subgroup": "Centri", "subcategory": "Insediamento umano"}, "geometry": {"type": "Point", "coordinates": [14.01661, 42.65213]}}, {"type": "Feature", "properties": {"wikidata": "Q18428386", "name": "Nucleo Artigianale", "status": "done", "osm_id": "node/3923961362", "group": "Insediamenti", "subgroup": "Centri", "subcategory": "Insediamento umano"}, "geometry": {"type": "Point", "coordinates": [13.78572, 42.79696]}}, {"type": "Feature", "properties": {"wikidata": "Q18428321", "name": "Manzitti", "status": "missing", "osm_id": null, "group": "Insediamenti", "subgroup": "Centri", "subcategory": "Frazione"}, "geometry": {"type": "Point", "coordinates": [13.91156, 42.57363]}}, {"type": "Feature", "properties": {"wikidata": "Q18428252", "name": "Frattari", "status": "done", "osm_id": "node/3922922116", "group": "Insediamenti", "subgroup": "Centri", "subcategory": "Insediamento umano"}, "geometry": {"type": "Point", "coordinates": [13.83467, 42.81358]}}, {"type": "Feature", "properties": {"wikidata": "Q18428310", "name": "Macchia da Sole", "status": "done", "osm_id": "node/1264014476", "group": "Insediamenti", "subgroup": "Centri", "subcategory": "Frazione"}, "geometry": {"type": "Point", "coordinates": [13.57214, 42.74361]}}, {"type": "Feature", "properties": {"wikidata": "Q18428308", "name": "Macchia da Borea", "status": "done", "osm_id": "node/1264014503", "group": "Insediamenti", "subgroup": "Centri", "subcategory": "Frazione"}, "geometry": {"type": "Point", "coordinates": [13.57191, 42.73812]}}, {"type": "Feature", "properties": {"wikidata": "Q18428356", "name": "Monteverde Alto", "status": "done", "osm_id": "node/3924006288", "group": "Insediamenti", "subgroup": "Centri", "subcategory": "Insediamento umano"}, "geometry": {"type": "Point", "coordinates": [13.84674, 42.60677]}}, {"type": "Feature", "properties": {"wikidata": "Q18428230", "name": "Feudo Basso", "status": "done", "osm_id": "node/3924006280", "group": "Insediamenti", "subgroup": "Centri", "subcategory": "Insediamento umano"}, "geometry": {"type": "Point", "coordinates": [13.83431, 42.64116]}}, {"type": "Feature", "properties": {"wikidata": "Q18428298", "name": "Li Puzz", "status": "done", "osm_id": "node/3923934355", "group": "Insediamenti", "subgroup": "Centri", "subcategory": "Insediamento umano"}, "geometry": {"type": "Point", "coordinates": [13.70022, 42.81955]}}, {"type": "Feature", "properties": {"wikidata": "Q18428235", "name": "Flammignano", "status": "missing", "osm_id": null, "group": "Insediamenti", "subgroup": "Centri", "subcategory": "Insediamento umano"}, "geometry": {"type": "Point", "coordinates": [13.6255, 42.5455]}}, {"type": "Feature", "properties": {"wikidata": "Q18428385", "name": "Notaresco Stazione", "status": "missing", "osm_id": null, "group": "Insediamenti", "subgroup": "Centri", "subcategory": "Frazione"}, "geometry": {"type": "Point", "coordinates": [13.87768, 42.70747]}}, {"type": "Feature", "properties": {"wikidata": "Q18428239", "name": "Fonte della Corte", "status": "missing", "osm_id": null, "group": "Insediamenti", "subgroup": "Centri", "subcategory": "Insediamento umano"}, "geometry": {"type": "Point", "coordinates": [13.62959, 42.60694]}}, {"type": "Feature", "properties": {"wikidata": "Q18428286", "name": "La Carpenta-Pop\u00f2-Troiano", "status": "missing", "osm_id": null, "group": "Insediamenti", "subgroup": "Centri", "subcategory": "Insediamento umano"}, "geometry": {"type": "Point", "coordinates": [13.81691, 42.53998]}}, {"type": "Feature", "properties": {"wikidata": "Q18428227", "name": "Feudi", "status": "missing", "osm_id": null, "group": "Insediamenti", "subgroup": "Centri", "subcategory": "Frazione"}, "geometry": {"type": "Point", "coordinates": [13.86535, 42.56947]}}, {"type": "Feature", "properties": {"wikidata": "Q18428346", "name": "Molino del Papa", "status": "missing", "osm_id": null, "group": "Insediamenti", "subgroup": "Centri", "subcategory": "Insediamento umano"}, "geometry": {"type": "Point", "coordinates": [13.85209, 42.58361]}}, {"type": "Feature", "properties": {"wikidata": "Q18428320", "name": "Magnanella", "status": "done", "osm_id": "node/1711667049", "group": "Insediamenti", "subgroup": "Centri", "subcategory": "Insediamento umano"}, "geometry": {"type": "Point", "coordinates": [13.64089, 42.68491]}}, {"type": "Feature", "properties": {"wikidata": "Q18428247", "name": "Forchetta", "status": "done", "osm_id": "node/12012090269", "group": "Insediamenti", "subgroup": "Centri", "subcategory": "Insediamento umano"}, "geometry": {"type": "Point", "coordinates": [14.09693, 42.55434]}}, {"type": "Feature", "properties": {"wikidata": "Q18428325", "name": "Marconi", "status": "done", "osm_id": "node/452995558", "group": "Insediamenti", "subgroup": "Centri", "subcategory": "Insediamento umano"}, "geometry": {"type": "Point", "coordinates": [13.89203, 42.87793]}}, {"type": "Feature", "properties": {"wikidata": "Q18428292", "name": "Le Casette", "status": "done", "osm_id": "node/3923960450", "group": "Insediamenti", "subgroup": "Centri", "subcategory": "Insediamento umano"}, "geometry": {"type": "Point", "coordinates": [13.76381, 42.73457]}}, {"type": "Feature", "properties": {"wikidata": "Q18428336", "name": "Mazzocco", "status": "done", "osm_id": "node/3924028334", "group": "Insediamenti", "subgroup": "Centri", "subcategory": "Insediamento umano"}, "geometry": {"type": "Point", "coordinates": [13.96858, 42.70088]}}, {"type": "Feature", "properties": {"wikidata": "Q18428299", "name": "Licciano", "status": "done", "osm_id": "node/1264005822", "group": "Insediamenti", "subgroup": "Centri", "subcategory": "Insediamento umano"}, "geometry": {"type": "Point", "coordinates": [13.50588, 42.67777]}}, {"type": "Feature", "properties": {"wikidata": "Q18428258", "name": "Fucignano", "status": "done", "osm_id": "node/6117096394", "group": "Insediamenti", "subgroup": "Centri", "subcategory": "Insediamento umano"}, "geometry": {"type": "Point", "coordinates": [13.64605, 42.77058]}}, {"type": "Feature", "properties": {"wikidata": "Q18428331", "name": "Mascimantonio", "status": "missing", "osm_id": null, "group": "Insediamenti", "subgroup": "Centri", "subcategory": "Insediamento umano"}, "geometry": {"type": "Point", "coordinates": [13.82803, 42.50045]}}, {"type": "Feature", "properties": {"wikidata": "Q18428313", "name": "Macchiatornella", "status": "missing", "osm_id": null, "group": "Insediamenti", "subgroup": "Centri", "subcategory": "Frazione"}, "geometry": {"type": "Point", "coordinates": [13.46649, 42.62993]}}, {"type": "Feature", "properties": {"wikidata": "Q18428324", "name": "Marchetti", "status": "done", "osm_id": "node/452992211", "group": "Insediamenti", "subgroup": "Centri", "subcategory": "Insediamento umano"}, "geometry": {"type": "Point", "coordinates": [13.74878, 42.81115]}}, {"type": "Feature", "properties": {"wikidata": "Q18427640", "name": "Villa Scannella", "status": "missing", "osm_id": null, "group": "Insediamenti", "subgroup": "Centri", "subcategory": "Insediamento umano"}, "geometry": {"type": "Point", "coordinates": [13.92848, 42.39689]}}, {"type": "Feature", "properties": {"wikidata": "Q18427797", "name": "Brecciola II", "status": "done", "osm_id": "node/3924006258", "group": "Insediamenti", "subgroup": "Centri", "subcategory": "Insediamento umano"}, "geometry": {"type": "Point", "coordinates": [13.7247, 42.61476]}}, {"type": "Feature", "properties": {"wikidata": "Q18427633", "name": "Villa Oliveti", "status": "missing", "osm_id": null, "group": "Insediamenti", "subgroup": "Centri", "subcategory": "Frazione"}, "geometry": {"type": "Point", "coordinates": [14.06676, 42.33816]}}, {"type": "Feature", "properties": {"wikidata": "Q18427851", "name": "Capsano", "status": "missing", "osm_id": null, "group": "Insediamenti", "subgroup": "Centri", "subcategory": "Frazione"}, "geometry": {"type": "Point", "coordinates": [13.69457, 42.5207]}}, {"type": "Feature", "properties": {"wikidata": "Q18427862", "name": "Carpani", "status": "missing", "osm_id": null, "group": "Insediamenti", "subgroup": "Centri", "subcategory": "Insediamento umano"}, "geometry": {"type": "Point", "coordinates": [13.55474, 42.78788]}}, {"type": "Feature", "properties": {"wikidata": "Q18427670", "name": "Acquaratola", "status": "done", "osm_id": "node/1264014483", "group": "Insediamenti", "subgroup": "Centri", "subcategory": "Insediamento umano"}, "geometry": {"type": "Point", "coordinates": [13.55962, 42.70133]}}, {"type": "Feature", "properties": {"wikidata": "Q18427925", "name": "Case Lucidi", "status": "done", "osm_id": "node/452992202", "group": "Insediamenti", "subgroup": "Centri", "subcategory": "Insediamento umano"}, "geometry": {"type": "Point", "coordinates": [13.77085, 42.81122]}}, {"type": "Feature", "properties": {"wikidata": "Q18427896", "name": "Case Cavicchi", "status": "missing", "osm_id": null, "group": "Insediamenti", "subgroup": "Centri", "subcategory": "Frazione"}, "geometry": {"type": "Point", "coordinates": [13.93327, 42.64517]}}, {"type": "Feature", "properties": {"wikidata": "Q18427818", "name": "Campodino", "status": "done", "osm_id": "node/3923934349", "group": "Insediamenti", "subgroup": "Centri", "subcategory": "Insediamento umano"}, "geometry": {"type": "Point", "coordinates": [13.78581, 42.81069]}}, {"type": "Feature", "properties": {"wikidata": "Q18427597", "name": "Valle Pelillo Ovest", "status": "missing", "osm_id": null, "group": "Insediamenti", "subgroup": "Centri", "subcategory": "Insediamento umano"}, "geometry": {"type": "Point", "coordinates": [14.08903, 42.4243]}}, {"type": "Feature", "properties": {"wikidata": "Q18427948", "name": "Case Pilotti", "status": "done", "osm_id": "node/3923960434", "group": "Insediamenti", "subgroup": "Centri", "subcategory": "Insediamento umano"}, "geometry": {"type": "Point", "coordinates": [13.77762, 42.73572]}}, {"type": "Feature", "properties": {"wikidata": "Q18427898", "name": "Case Ciafette", "status": "missing", "osm_id": null, "group": "Insediamenti", "subgroup": "Centri", "subcategory": "Insediamento umano"}, "geometry": {"type": "Point", "coordinates": [13.8184, 42.58639]}}, {"type": "Feature", "properties": {"wikidata": "Q18427869", "name": "Casal Thaulero", "status": "missing", "osm_id": null, "group": "Insediamenti", "subgroup": "Centri", "subcategory": "Frazione"}, "geometry": {"type": "Point", "coordinates": [13.97491, 42.65787]}}, {"type": "Feature", "properties": {"wikidata": "Q18427720", "name": "Azzinano", "status": "done", "osm_id": "node/4373018818", "group": "Insediamenti", "subgroup": "Centri", "subcategory": "Frazione"}, "geometry": {"type": "Point", "coordinates": [13.63228, 42.55621]}}, {"type": "Feature", "properties": {"wikidata": "Q18427674", "name": "Agnova", "status": "missing", "osm_id": null, "group": "Insediamenti", "subgroup": "Centri", "subcategory": "Frazione"}, "geometry": {"type": "Point", "coordinates": [13.51807, 42.65493]}}, {"type": "Feature", "properties": {"wikidata": "Q18427710", "name": "Artigianale Marina", "status": "done", "osm_id": "node/3924023933", "group": "Insediamenti", "subgroup": "Centri", "subcategory": "Insediamento umano"}, "geometry": {"type": "Point", "coordinates": [13.94006, 42.77697]}}, {"type": "Feature", "properties": {"wikidata": "Q18427820", "name": "Campogrande", "status": "missing", "osm_id": null, "group": "Insediamenti", "subgroup": "Centri", "subcategory": "Frazione"}, "geometry": {"type": "Point", "coordinates": [13.80211, 42.6823]}}, {"type": "Feature", "properties": {"wikidata": "Q18427687", "name": "Alvelli", "status": "done", "osm_id": "node/1264005792", "group": "Insediamenti", "subgroup": "Centri", "subcategory": "Insediamento umano"}, "geometry": {"type": "Point", "coordinates": [13.4962, 42.67565]}}, {"type": "Feature", "properties": {"wikidata": "Q18427935", "name": "Case Muzi", "status": "done", "osm_id": "node/3924028327", "group": "Insediamenti", "subgroup": "Centri", "subcategory": "Insediamento umano"}, "geometry": {"type": "Point", "coordinates": [13.92669, 42.70995]}}, {"type": "Feature", "properties": {"wikidata": "Q18427916", "name": "Case Fulgenzi", "status": "done", "osm_id": "node/3923960430", "group": "Insediamenti", "subgroup": "Centri", "subcategory": "Insediamento umano"}, "geometry": {"type": "Point", "coordinates": [13.75955, 42.72254]}}, {"type": "Feature", "properties": {"wikidata": "Q18427588", "name": "Vadalloni", "status": "missing", "osm_id": null, "group": "Insediamenti", "subgroup": "Centri", "subcategory": "Insediamento umano"}, "geometry": {"type": "Point", "coordinates": [13.94485, 42.31667]}}, {"type": "Feature", "properties": {"wikidata": "Q18427666", "name": "Accattapane", "status": "missing", "osm_id": null, "group": "Insediamenti", "subgroup": "Centri", "subcategory": "Frazione"}, "geometry": {"type": "Point", "coordinates": [13.82339, 42.8295]}}, {"type": "Feature", "properties": {"wikidata": "Q18427812", "name": "Camerale", "status": "missing", "osm_id": null, "group": "Insediamenti", "subgroup": "Centri", "subcategory": "Frazione"}, "geometry": {"type": "Point", "coordinates": [13.64174, 42.55751]}}, {"type": "Feature", "properties": {"wikidata": "Q18427651", "name": "Zampacorta", "status": "missing", "osm_id": null, "group": "Insediamenti", "subgroup": "Centri", "subcategory": "Insediamento umano"}, "geometry": {"type": "Point", "coordinates": [14.16515, 42.44486]}}, {"type": "Feature", "properties": {"wikidata": "Q18427607", "name": "Vertonica-Lungofino", "status": "missing", "osm_id": null, "group": "Insediamenti", "subgroup": "Centri", "subcategory": "Insediamento umano"}, "geometry": {"type": "Point", "coordinates": [14.10199, 42.49107]}}, {"type": "Feature", "properties": {"wikidata": "Q18427905", "name": "Case di Bonaventura", "status": "missing", "osm_id": null, "group": "Insediamenti", "subgroup": "Centri", "subcategory": "Frazione"}, "geometry": {"type": "Point", "coordinates": [13.93106, 42.67813]}}, {"type": "Feature", "properties": {"wikidata": "Q18427758", "name": "Bivio Boceto", "status": "done", "osm_id": "node/3923960422", "group": "Insediamenti", "subgroup": "Centri", "subcategory": "Insediamento umano"}, "geometry": {"type": "Point", "coordinates": [13.75692, 42.72618]}}, {"type": "Feature", "properties": {"wikidata": "Q18427890", "name": "Case Caprioli", "status": "done", "osm_id": "node/452996750", "group": "Insediamenti", "subgroup": "Centri", "subcategory": "Insediamento umano"}, "geometry": {"type": "Point", "coordinates": [13.54747, 42.79502]}}, {"type": "Feature", "properties": {"wikidata": "Q18427892", "name": "Case Carnevale", "status": "missing", "osm_id": null, "group": "Insediamenti", "subgroup": "Centri", "subcategory": "Insediamento umano"}, "geometry": {"type": "Point", "coordinates": [13.81925, 42.5585]}}, {"type": "Feature", "properties": {"wikidata": "Q18427715", "name": "Artigianale Ripoli", "status": "done", "osm_id": "node/3924028326", "group": "Insediamenti", "subgroup": "Centri", "subcategory": "Insediamento umano"}, "geometry": {"type": "Point", "coordinates": [13.91046, 42.72363]}}, {"type": "Feature", "properties": {"wikidata": "Q18427866", "name": "Casabianca", "status": "done", "osm_id": "node/3924006263", "group": "Insediamenti", "subgroup": "Centri", "subcategory": "Insediamento umano"}, "geometry": {"type": "Point", "coordinates": [13.88465, 42.62249]}}, {"type": "Feature", "properties": {"wikidata": "Q18427628", "name": "Villa d'Orazio", "status": "missing", "osm_id": null, "group": "Insediamenti", "subgroup": "Centri", "subcategory": "Insediamento umano"}, "geometry": {"type": "Point", "coordinates": [14.00321, 42.30468]}}, {"type": "Feature", "properties": {"wikidata": "Q18427595", "name": "Valle Molino", "status": "done", "osm_id": "node/3828310805", "group": "Insediamenti", "subgroup": "Centri", "subcategory": "Insediamento umano"}, "geometry": {"type": "Point", "coordinates": [14.0809, 42.45603]}}, {"type": "Feature", "properties": {"wikidata": "Q18427590", "name": "Vallarno", "status": "missing", "osm_id": null, "group": "Insediamenti", "subgroup": "Centri", "subcategory": "Frazione"}, "geometry": {"type": "Point", "coordinates": [13.94714, 42.31287]}}, {"type": "Feature", "properties": {"wikidata": "Q18427884", "name": "Casavino", "status": "missing", "osm_id": null, "group": "Insediamenti", "subgroup": "Centri", "subcategory": "Frazione"}, "geometry": {"type": "Point", "coordinates": [13.78722, 42.59473]}}, {"type": "Feature", "properties": {"wikidata": "Q18427828", "name": "Canili", "status": "done", "osm_id": "node/1069534014", "group": "Insediamenti", "subgroup": "Centri", "subcategory": "Insediamento umano"}, "geometry": {"type": "Point", "coordinates": [13.52377, 42.6656]}}, {"type": "Feature", "properties": {"wikidata": "Q18427684", "name": "Altavilla", "status": "missing", "osm_id": null, "group": "Insediamenti", "subgroup": "Centri", "subcategory": "Frazione"}, "geometry": {"type": "Point", "coordinates": [13.57471, 42.58694]}}, {"type": "Feature", "properties": {"wikidata": "Q18427725", "name": "Bascianella", "status": "missing", "osm_id": null, "group": "Insediamenti", "subgroup": "Centri", "subcategory": "Frazione"}, "geometry": {"type": "Point", "coordinates": [13.69625, 42.56035]}}, {"type": "Feature", "properties": {"wikidata": "Q18427854", "name": "Cardarelli", "status": "missing", "osm_id": null, "group": "Insediamenti", "subgroup": "Centri", "subcategory": "Insediamento umano"}, "geometry": {"type": "Point", "coordinates": [13.81395, 42.49768]}}, {"type": "Feature", "properties": {"wikidata": "Q18427836", "name": "Capo le Coste", "status": "missing", "osm_id": null, "group": "Insediamenti", "subgroup": "Centri", "subcategory": "Frazione"}, "geometry": {"type": "Point", "coordinates": [13.92909, 42.68622]}}, {"type": "Feature", "properties": {"wikidata": "Q18427807", "name": "Caforno", "status": "done", "osm_id": "node/10900053633", "group": "Insediamenti", "subgroup": "Centri", "subcategory": "Insediamento umano"}, "geometry": {"type": "Point", "coordinates": [13.85144, 42.58167]}}, {"type": "Feature", "properties": {"wikidata": "Q18427636", "name": "Villa San Giovanni", "status": "missing", "osm_id": null, "group": "Insediamenti", "subgroup": "Centri", "subcategory": "Frazione"}, "geometry": {"type": "Point", "coordinates": [14.02626, 42.33839]}}, {"type": "Feature", "properties": {"wikidata": "Q18427600", "name": "Valleiuta", "status": "missing", "osm_id": null, "group": "Insediamenti", "subgroup": "Centri", "subcategory": "Insediamento umano"}, "geometry": {"type": "Point", "coordinates": [14.05399, 42.43438]}}, {"type": "Feature", "properties": {"wikidata": "Q18427939", "name": "Case Novere", "status": "done", "osm_id": "node/3923960432", "group": "Insediamenti", "subgroup": "Centri", "subcategory": "Insediamento umano"}, "geometry": {"type": "Point", "coordinates": [13.67076, 42.79606]}}, {"type": "Feature", "properties": {"wikidata": "Q18427737", "name": "Battaglia", "status": "missing", "osm_id": null, "group": "Insediamenti", "subgroup": "Centri", "subcategory": "Frazione"}, "geometry": {"type": "Point", "coordinates": [13.636657353, 42.714114322]}}, {"type": "Feature", "properties": {"wikidata": "Q18427771", "name": "Bivio San Nicola", "status": "done", "osm_id": "node/9950978350", "group": "Insediamenti", "subgroup": "Centri", "subcategory": "Insediamento umano"}, "geometry": {"type": "Point", "coordinates": [13.8212, 42.51943]}}, {"type": "Feature", "properties": {"wikidata": "Q18427591", "name": "Valle Baroni", "status": "done", "osm_id": "node/452627431", "group": "Insediamenti", "subgroup": "Centri", "subcategory": "Frazione"}, "geometry": {"type": "Point", "coordinates": [13.92775, 42.26949]}}, {"type": "Feature", "properties": {"wikidata": "Q18427902", "name": "Case de' Cesari", "status": "done", "osm_id": "node/3924034622", "group": "Insediamenti", "subgroup": "Centri", "subcategory": "Insediamento umano"}, "geometry": {"type": "Point", "coordinates": [13.92591, 42.65204]}}, {"type": "Feature", "properties": {"wikidata": "Q18427780", "name": "Bonaduce", "status": "missing", "osm_id": null, "group": "Insediamenti", "subgroup": "Centri", "subcategory": "Frazione"}, "geometry": {"type": "Point", "coordinates": [13.95458, 42.69792]}}, {"type": "Feature", "properties": {"wikidata": "Q18427704", "name": "Aprati", "status": "done", "osm_id": "node/12146286808", "group": "Insediamenti", "subgroup": "Centri", "subcategory": "Insediamento umano"}, "geometry": {"type": "Point", "coordinates": [13.47745, 42.55268]}}, {"type": "Feature", "properties": {"wikidata": "Q18427785", "name": "Borgo Santa Maria Immacolata", "status": "done", "osm_id": "node/1594837749", "group": "Insediamenti", "subgroup": "Centri", "subcategory": "Insediamento umano"}, "geometry": {"type": "Point", "coordinates": [14.04553, 42.61172]}}, {"type": "Feature", "properties": {"wikidata": "Q18427637", "name": "Villa Santa Maria", "status": "missing", "osm_id": null, "group": "Insediamenti", "subgroup": "Centri", "subcategory": "Frazione"}, "geometry": {"type": "Point", "coordinates": [14.11068, 42.44829]}}, {"type": "Feature", "properties": {"wikidata": "Q18427679", "name": "Aiello", "status": "done", "osm_id": "node/2734697094", "group": "Insediamenti", "subgroup": "Centri", "subcategory": "Frazione"}, "geometry": {"type": "Point", "coordinates": [13.5155, 42.58623]}}, {"type": "Feature", "properties": {"wikidata": "Q18427765", "name": "Bivio Fontanelle", "status": "done", "osm_id": "node/3924034614", "group": "Insediamenti", "subgroup": "Centri", "subcategory": "Insediamento umano"}, "geometry": {"type": "Point", "coordinates": [13.91758, 42.63561]}}, {"type": "Feature", "properties": {"wikidata": "Q18427841", "name": "Cappelletti", "status": "done", "osm_id": "node/452995549", "group": "Insediamenti", "subgroup": "Centri", "subcategory": "Insediamento umano"}, "geometry": {"type": "Point", "coordinates": [13.87873, 42.87875]}}, {"type": "Feature", "properties": {"wikidata": "Q18427769", "name": "Bivio Risteccio", "status": "done", "osm_id": "node/502906077", "group": "Insediamenti", "subgroup": "Centri", "subcategory": "Insediamento umano"}, "geometry": {"type": "Point", "coordinates": [13.65335, 42.76667]}}, {"type": "Feature", "properties": {"wikidata": "Q18427615", "name": "Vicenne", "status": "missing", "osm_id": null, "group": "Insediamenti", "subgroup": "Centri", "subcategory": "Insediamento umano"}, "geometry": {"type": "Point", "coordinates": [13.90238, 42.33058]}}, {"type": "Feature", "properties": {"wikidata": "Q18427881", "name": "Casanova", "status": "missing", "osm_id": null, "group": "Insediamenti", "subgroup": "Centri", "subcategory": "Frazione"}, "geometry": {"type": "Point", "coordinates": [13.57352, 42.63129]}}, {"type": "Feature", "properties": {"wikidata": "Q18427839", "name": "Capoposta", "status": "done", "osm_id": "node/3922922094", "group": "Insediamenti", "subgroup": "Centri", "subcategory": "Insediamento umano"}, "geometry": {"type": "Point", "coordinates": [13.87662, 42.7251]}}, {"type": "Feature", "properties": {"wikidata": "Q18427815", "name": "Campiglio", "status": "missing", "osm_id": null, "group": "Insediamenti", "subgroup": "Centri", "subcategory": "Frazione"}, "geometry": {"type": "Point", "coordinates": [13.68429, 42.71271]}}, {"type": "Feature", "properties": {"wikidata": "Q18427624", "name": "Villa Breda", "status": "done", "osm_id": "node/8998369246", "group": "Insediamenti", "subgroup": "Centri", "subcategory": "Insediamento umano"}, "geometry": {"type": "Point", "coordinates": [14.01093, 42.26679]}}, {"type": "Feature", "properties": {"wikidata": "Q18427794", "name": "Bozzano", "status": "missing", "osm_id": null, "group": "Insediamenti", "subgroup": "Centri", "subcategory": "Frazione"}, "geometry": {"type": "Point", "coordinates": [13.84416, 42.50079]}}, {"type": "Feature", "properties": {"wikidata": "Q18427722", "name": "Barracche", "status": "missing", "osm_id": null, "group": "Insediamenti", "subgroup": "Centri", "subcategory": "Frazione"}, "geometry": {"type": "Point", "coordinates": [13.81396, 42.78459]}}, {"type": "Feature", "properties": {"wikidata": "Q18427792", "name": "Borrano", "status": "done", "osm_id": "node/3923960425", "group": "Insediamenti", "subgroup": "Centri", "subcategory": "Insediamento umano"}, "geometry": {"type": "Point", "coordinates": [13.70051, 42.78283]}}, {"type": "Feature", "properties": {"wikidata": "Q18427875", "name": "Casale", "status": "done", "osm_id": "node/3923993896", "group": "Insediamenti", "subgroup": "Centri", "subcategory": "Insediamento umano"}, "geometry": {"type": "Point", "coordinates": [13.57432, 42.61405]}}, {"type": "Feature", "properties": {"wikidata": "Q18427945", "name": "Case Picci\u00f2", "status": "done", "osm_id": "node/3922922097", "group": "Insediamenti", "subgroup": "Centri", "subcategory": "Insediamento umano"}, "geometry": {"type": "Point", "coordinates": [13.83542, 42.80847]}}, {"type": "Feature", "properties": {"wikidata": "Q18427631", "name": "Villa Finocchio", "status": "missing", "osm_id": null, "group": "Insediamenti", "subgroup": "Centri", "subcategory": "Insediamento umano"}, "geometry": {"type": "Point", "coordinates": [14.02443, 42.40528]}}, {"type": "Feature", "properties": {"wikidata": "Q18427921", "name": "Case Ippoliti", "status": "done", "osm_id": "node/3922922096", "group": "Insediamenti", "subgroup": "Centri", "subcategory": "Insediamento umano"}, "geometry": {"type": "Point", "coordinates": [13.84409, 42.74185]}}, {"type": "Feature", "properties": {"wikidata": "Q18427799", "name": "Brecciola Uno", "status": "done", "osm_id": "node/3924006259", "group": "Insediamenti", "subgroup": "Centri", "subcategory": "Insediamento umano"}, "geometry": {"type": "Point", "coordinates": [13.72097, 42.61234]}}, {"type": "Feature", "properties": {"wikidata": "Q18427908", "name": "Case di Pasquale", "status": "missing", "osm_id": null, "group": "Insediamenti", "subgroup": "Centri", "subcategory": "Frazione"}, "geometry": {"type": "Point", "coordinates": [13.91346, 42.66252]}}, {"type": "Feature", "properties": {"wikidata": "Q18427618", "name": "Vignoli", "status": "missing", "osm_id": null, "group": "Insediamenti", "subgroup": "Centri", "subcategory": "Insediamento umano"}, "geometry": {"type": "Point", "coordinates": [13.95058, 42.31637]}}, {"type": "Feature", "properties": {"wikidata": "Q18427844", "name": "Capracchia", "status": "missing", "osm_id": null, "group": "Insediamenti", "subgroup": "Centri", "subcategory": "Frazione"}, "geometry": {"type": "Point", "coordinates": [13.86359, 42.65278]}}, {"type": "Feature", "properties": {"wikidata": "Q18427931", "name": "Case Merluzzo", "status": "done", "osm_id": "node/3924034618", "group": "Insediamenti", "subgroup": "Centri", "subcategory": "Insediamento umano"}, "geometry": {"type": "Point", "coordinates": [13.93383, 42.64116]}}, {"type": "Feature", "properties": {"wikidata": "Q18427732", "name": "Basto", "status": "done", "osm_id": "node/1263508914", "group": "Insediamenti", "subgroup": "Centri", "subcategory": "Frazione"}, "geometry": {"type": "Point", "coordinates": [13.51702, 42.74537]}}, {"type": "Feature", "properties": {"wikidata": "Q18427644", "name": "Villanova", "status": "missing", "osm_id": null, "group": "Insediamenti", "subgroup": "Centri", "subcategory": "Frazione"}, "geometry": {"type": "Point", "coordinates": [14.12338, 42.38251]}}, {"type": "Feature", "properties": {"wikidata": "Q18427809", "name": "Caiano", "status": "missing", "osm_id": null, "group": "Insediamenti", "subgroup": "Centri", "subcategory": "Frazione"}, "geometry": {"type": "Point", "coordinates": [13.50464, 42.66016]}}, {"type": "Feature", "properties": {"wikidata": "Q18427803", "name": "Bufali", "status": "missing", "osm_id": null, "group": "Insediamenti", "subgroup": "Centri", "subcategory": "Insediamento umano"}, "geometry": {"type": "Point", "coordinates": [14.09786, 42.55786]}}, {"type": "Feature", "properties": {"wikidata": "Q18427923", "name": "Case Loretone", "status": "done", "osm_id": "node/3923960431", "group": "Insediamenti", "subgroup": "Centri", "subcategory": "Insediamento umano"}, "geometry": {"type": "Point", "coordinates": [13.79015, 42.74375]}}, {"type": "Feature", "properties": {"wikidata": "Q18427887", "name": "Case Alte", "status": "missing", "osm_id": null, "group": "Insediamenti", "subgroup": "Centri", "subcategory": "Frazione"}, "geometry": {"type": "Point", "coordinates": [13.81711, 42.78879]}}, {"type": "Feature", "properties": {"wikidata": "Q18427647", "name": "Villareia", "status": "missing", "osm_id": null, "group": "Insediamenti", "subgroup": "Centri", "subcategory": "Frazione"}, "geometry": {"type": "Point", "coordinates": [14.11125, 42.34319]}}, {"type": "Feature", "properties": {"wikidata": "Q18427598", "name": "Valle Pelillo", "status": "missing", "osm_id": null, "group": "Insediamenti", "subgroup": "Centri", "subcategory": "Frazione"}, "geometry": {"type": "Point", "coordinates": [14.09345, 42.42446]}}, {"type": "Feature", "properties": {"wikidata": "Q18427774", "name": "Bivio Sant'Omero", "status": "missing", "osm_id": null, "group": "Insediamenti", "subgroup": "Centri", "subcategory": "Insediamento umano"}, "geometry": {"type": "Point", "coordinates": [13.79718, 42.79754]}}, {"type": "Feature", "properties": {"wikidata": "Q18427858", "name": "Carosi", "status": "done", "osm_id": "node/3923960428", "group": "Insediamenti", "subgroup": "Centri", "subcategory": "Insediamento umano"}, "geometry": {"type": "Point", "coordinates": [13.70811, 42.77505]}}, {"type": "Feature", "properties": {"wikidata": "Q18427830", "name": "Cannelli", "status": "done", "osm_id": "node/3924006261", "group": "Insediamenti", "subgroup": "Centri", "subcategory": "Insediamento umano"}, "geometry": {"type": "Point", "coordinates": [13.70404, 42.68628]}}, {"type": "Feature", "properties": {"wikidata": "Q18427694", "name": "Antonini", "status": "done", "osm_id": "node/3922922091", "group": "Insediamenti", "subgroup": "Centri", "subcategory": "Insediamento umano"}, "geometry": {"type": "Point", "coordinates": [13.88929, 42.8005]}}, {"type": "Feature", "properties": {"wikidata": "Q18427878", "name": "Casaleno", "status": "done", "osm_id": "node/3923960429", "group": "Insediamenti", "subgroup": "Centri", "subcategory": "Insediamento umano"}, "geometry": {"type": "Point", "coordinates": [13.77776, 42.73975]}}, {"type": "Feature", "properties": {"wikidata": "Q18427913", "name": "Case di Trento", "status": "missing", "osm_id": null, "group": "Insediamenti", "subgroup": "Centri", "subcategory": "Frazione"}, "geometry": {"type": "Point", "coordinates": [13.93236, 42.74644]}}, {"type": "Feature", "properties": {"wikidata": "Q18427593", "name": "Valle Grazietti", "status": "done", "osm_id": "node/452627434", "group": "Insediamenti", "subgroup": "Centri", "subcategory": "Frazione"}, "geometry": {"type": "Point", "coordinates": [13.92699, 42.27375]}}, {"type": "Feature", "properties": {"wikidata": "Q18426870", "name": "Paterno", "status": "done", "osm_id": "node/3930876858", "group": "Insediamenti", "subgroup": "Centri", "subcategory": "Frazione"}, "geometry": {"type": "Point", "coordinates": [13.28376, 42.53765]}}, {"type": "Feature", "properties": {"wikidata": "Q18427604", "name": "Vallemare", "status": "missing", "osm_id": null, "group": "Insediamenti", "subgroup": "Centri", "subcategory": "Frazione"}, "geometry": {"type": "Point", "coordinates": [14.10398, 42.35243]}}, {"type": "Feature", "properties": {"wikidata": "Q18427911", "name": "Case di Renzo", "status": "missing", "osm_id": null, "group": "Insediamenti", "subgroup": "Centri", "subcategory": "Frazione"}, "geometry": {"type": "Point", "coordinates": [13.66437, 42.55559]}}, {"type": "Feature", "properties": {"wikidata": "Q18427706", "name": "Aquilano", "status": "missing", "osm_id": null, "group": "Insediamenti", "subgroup": "Centri", "subcategory": "Frazione"}, "geometry": {"type": "Point", "coordinates": [13.62442, 42.55655]}}, {"type": "Feature", "properties": {"wikidata": "Q18427756", "name": "Bivio Arsita", "status": "missing", "osm_id": null, "group": "Insediamenti", "subgroup": "Centri", "subcategory": "Insediamento umano"}, "geometry": {"type": "Point", "coordinates": [13.79153, 42.50901]}}, {"type": "Feature", "properties": {"wikidata": "Q18427749", "name": "Biasciuokc", "status": "done", "osm_id": "node/452992199", "group": "Insediamenti", "subgroup": "Centri", "subcategory": "Insediamento umano"}, "geometry": {"type": "Point", "coordinates": [13.73719, 42.8163]}}, {"type": "Feature", "properties": {"wikidata": "Q18427777", "name": "Boceto", "status": "missing", "osm_id": null, "group": "Insediamenti", "subgroup": "Centri", "subcategory": "Frazione"}, "geometry": {"type": "Point", "coordinates": [13.74444, 42.72263]}}, {"type": "Feature", "properties": {"wikidata": "Q18427662", "name": "Abetemozzo", "status": "done", "osm_id": "node/3923993895", "group": "Insediamenti", "subgroup": "Centri", "subcategory": "Insediamento umano"}, "geometry": {"type": "Point", "coordinates": [13.56153, 42.64533]}}, {"type": "Feature", "properties": {"wikidata": "Q18427655", "name": "Zubbitilli", "status": "missing", "osm_id": null, "group": "Insediamenti", "subgroup": "Centri", "subcategory": "Insediamento umano"}, "geometry": {"type": "Point", "coordinates": [14.0165, 42.34351]}}, {"type": "Feature", "properties": {"wikidata": "Q18427659", "name": "Abbadia", "status": "done", "osm_id": "node/3922922089", "group": "Insediamenti", "subgroup": "Centri", "subcategory": "Insediamento umano"}, "geometry": {"type": "Point", "coordinates": [13.83471, 42.83267]}}, {"type": "Feature", "properties": {"wikidata": "Q18427634", "name": "Villa Raspa", "status": "missing", "osm_id": null, "group": "Insediamenti", "subgroup": "Centri", "subcategory": "Frazione"}, "geometry": {"type": "Point", "coordinates": [14.18457, 42.45542]}}, {"type": "Feature", "properties": {"wikidata": "Q18427941", "name": "Case Pediconi", "status": "done", "osm_id": "node/3923960433", "group": "Insediamenti", "subgroup": "Centri", "subcategory": "Insediamento umano"}, "geometry": {"type": "Point", "coordinates": [13.77156, 42.73486]}}, {"type": "Feature", "properties": {"wikidata": "Q18424597", "name": "Fonterossi", "status": "missing", "osm_id": null, "group": "Insediamenti", "subgroup": "Centri", "subcategory": "Insediamento umano"}, "geometry": {"type": "Point", "coordinates": [14.20804, 42.05399]}}, {"type": "Feature", "properties": {"wikidata": "Q18424577", "name": "Fontechiaro", "status": "missing", "osm_id": null, "group": "Insediamenti", "subgroup": "Centri", "subcategory": "Frazione"}, "geometry": {"type": "Point", "coordinates": [14.24188, 42.42109]}}, {"type": "Feature", "properties": {"wikidata": "Q18424612", "name": "Foro III", "status": "missing", "osm_id": null, "group": "Insediamenti", "subgroup": "Centri", "subcategory": "Insediamento umano"}, "geometry": {"type": "Point", "coordinates": [14.32434, 42.39417]}}, {"type": "Feature", "properties": {"wikidata": "Q18424862", "name": "Macchie", "status": "missing", "osm_id": null, "group": "Insediamenti", "subgroup": "Centri", "subcategory": "Frazione"}, "geometry": {"type": "Point", "coordinates": [14.26825, 42.07374]}}, {"type": "Feature", "properties": {"wikidata": "Q18424484", "name": "Fanatici", "status": "missing", "osm_id": null, "group": "Insediamenti", "subgroup": "Centri", "subcategory": "Frazione"}, "geometry": {"type": "Point", "coordinates": [14.15333, 42.26906]}}, {"type": "Feature", "properties": {"wikidata": "Q18424591", "name": "Fontenuova", "status": "missing", "osm_id": null, "group": "Insediamenti", "subgroup": "Centri", "subcategory": "Frazione"}, "geometry": {"type": "Point", "coordinates": [14.6007, 42.10655]}}, {"type": "Feature", "properties": {"wikidata": "Q18424565", "name": "Fonte San Giovanni", "status": "missing", "osm_id": null, "group": "Insediamenti", "subgroup": "Centri", "subcategory": "Frazione"}, "geometry": {"type": "Point", "coordinates": [14.43798, 41.96604]}}, {"type": "Feature", "properties": {"wikidata": "Q18424768", "name": "Isipponi-Pasoni", "status": "missing", "osm_id": null, "group": "Insediamenti", "subgroup": "Centri", "subcategory": "Insediamento umano"}, "geometry": {"type": "Point", "coordinates": [14.2599, 41.90226]}}, {"type": "Feature", "properties": {"wikidata": "Q18424722", "name": "Grotte", "status": "missing", "osm_id": null, "group": "Insediamenti", "subgroup": "Centri", "subcategory": "Frazione"}, "geometry": {"type": "Point", "coordinates": [14.36445, 42.07238]}}, {"type": "Feature", "properties": {"wikidata": "Q18424569", "name": "Fonte Tasca", "status": "done", "osm_id": "node/6390442507", "group": "Insediamenti", "subgroup": "Centri", "subcategory": "Insediamento umano"}, "geometry": {"type": "Point", "coordinates": [14.43223, 42.10419]}}, {"type": "Feature", "properties": {"wikidata": "Q18424497", "name": "Fara", "status": "missing", "osm_id": null, "group": "Insediamenti", "subgroup": "Centri", "subcategory": "Frazione"}, "geometry": {"type": "Point", "coordinates": [14.36208, 42.07861]}}, {"type": "Feature", "properties": {"wikidata": "Q18424850", "name": "Lucianetti", "status": "missing", "osm_id": null, "group": "Insediamenti", "subgroup": "Centri", "subcategory": "Frazione"}, "geometry": {"type": "Point", "coordinates": [14.44254, 42.20094]}}, {"type": "Feature", "properties": {"wikidata": "Q18424550", "name": "Fonte Giardino", "status": "missing", "osm_id": null, "group": "Insediamenti", "subgroup": "Centri", "subcategory": "Insediamento umano"}, "geometry": {"type": "Point", "coordinates": [14.21627, 42.23004]}}, {"type": "Feature", "properties": {"wikidata": "Q18424547", "name": "Fonte delle Chiavi", "status": "missing", "osm_id": null, "group": "Insediamenti", "subgroup": "Centri", "subcategory": "Frazione"}, "geometry": {"type": "Point", "coordinates": [14.29946, 42.2635]}}, {"type": "Feature", "properties": {"wikidata": "Q18424884", "name": "Malandra Vecchia", "status": "missing", "osm_id": null, "group": "Insediamenti", "subgroup": "Centri", "subcategory": "Frazione"}, "geometry": {"type": "Point", "coordinates": [14.13909, 42.28237]}}, {"type": "Feature", "properties": {"wikidata": "Q18424821", "name": "Leonzio", "status": "done", "osm_id": "node/10701769358", "group": "Insediamenti", "subgroup": "Centri", "subcategory": "Insediamento umano"}, "geometry": {"type": "Point", "coordinates": [14.28243, 42.40506]}}, {"type": "Feature", "properties": {"wikidata": "Q18424690", "name": "Ghiomera", "status": "missing", "osm_id": null, "group": "Insediamenti", "subgroup": "Centri", "subcategory": "Insediamento umano"}, "geometry": {"type": "Point", "coordinates": [14.34916, 42.39008]}}, {"type": "Feature", "properties": {"wikidata": "Q18424521", "name": "Finocchieto", "status": "missing", "osm_id": null, "group": "Insediamenti", "subgroup": "Centri", "subcategory": "Frazione"}, "geometry": {"type": "Point", "coordinates": [14.31969, 42.07686]}}, {"type": "Feature", "properties": {"wikidata": "Q18424895", "name": "Mandrella", "status": "missing", "osm_id": null, "group": "Insediamenti", "subgroup": "Centri", "subcategory": "Frazione"}, "geometry": {"type": "Point", "coordinates": [14.32205, 42.097]}}, {"type": "Feature", "properties": {"wikidata": "Q18424775", "name": "La Fonte", "status": "missing", "osm_id": null, "group": "Insediamenti", "subgroup": "Centri", "subcategory": "Frazione"}, "geometry": {"type": "Point", "coordinates": [14.23024, 42.09052]}}, {"type": "Feature", "properties": {"wikidata": "Q18424812", "name": "Lentiscie", "status": "missing", "osm_id": null, "group": "Insediamenti", "subgroup": "Centri", "subcategory": "Insediamento umano"}, "geometry": {"type": "Point", "coordinates": [14.44526, 42.0024]}}, {"type": "Feature", "properties": {"wikidata": "Q18424539", "name": "Fontacciaro", "status": "missing", "osm_id": null, "group": "Insediamenti", "subgroup": "Centri", "subcategory": "Frazione"}, "geometry": {"type": "Point", "coordinates": [14.30683, 42.09238]}}, {"type": "Feature", "properties": {"wikidata": "Q18424799", "name": "Lazzaretto", "status": "done", "osm_id": "node/6241823876", "group": "Insediamenti", "subgroup": "Centri", "subcategory": "Insediamento umano"}, "geometry": {"type": "Point", "coordinates": [14.33097, 42.39173]}}, {"type": "Feature", "properties": {"wikidata": "Q18424803", "name": "Legnini", "status": "missing", "osm_id": null, "group": "Insediamenti", "subgroup": "Centri", "subcategory": "Frazione"}, "geometry": {"type": "Point", "coordinates": [14.12116, 42.26015]}}, {"type": "Feature", "properties": {"wikidata": "Q18424531", "name": "Fondi", "status": "done", "osm_id": "node/6342843547", "group": "Insediamenti", "subgroup": "Centri", "subcategory": "Insediamento umano"}, "geometry": {"type": "Point", "coordinates": [14.49161, 42.2625]}}, {"type": "Feature", "properties": {"wikidata": "Q18424866", "name": "Macelli", "status": "missing", "osm_id": null, "group": "Insediamenti", "subgroup": "Centri", "subcategory": "Insediamento umano"}, "geometry": {"type": "Point", "coordinates": [14.20126, 42.3932]}}, {"type": "Feature", "properties": {"wikidata": "Q18424508", "name": "Feudo", "status": "missing", "osm_id": null, "group": "Insediamenti", "subgroup": "Centri", "subcategory": "Insediamento umano"}, "geometry": {"type": "Point", "coordinates": [14.3335, 42.37444]}}, {"type": "Feature", "properties": {"wikidata": "Q18424733", "name": "Guardiola", "status": "missing", "osm_id": null, "group": "Insediamenti", "subgroup": "Centri", "subcategory": "Frazione"}, "geometry": {"type": "Point", "coordinates": [14.65131, 42.00665]}}, {"type": "Feature", "properties": {"wikidata": "Q18424921", "name": "Marina di Vasto", "status": "missing", "osm_id": null, "group": "Insediamenti", "subgroup": "Centri", "subcategory": "Insediamento umano"}, "geometry": {"type": "Point", "coordinates": [14.72683, 42.09373]}}, {"type": "Feature", "properties": {"wikidata": "Q18424794", "name": "Lappeto", "status": "done", "osm_id": "node/6342876572", "group": "Insediamenti", "subgroup": "Centri", "subcategory": "Insediamento umano"}, "geometry": {"type": "Point", "coordinates": [14.45181, 42.2548]}}, {"type": "Feature", "properties": {"wikidata": "Q18424914", "name": "Marapelle", "status": "missing", "osm_id": null, "group": "Insediamenti", "subgroup": "Centri", "subcategory": "Insediamento umano"}, "geometry": {"type": "Point", "coordinates": [14.28437, 42.34628]}}, {"type": "Feature", "properties": {"wikidata": "Q18424934", "name": "Martelli", "status": "missing", "osm_id": null, "group": "Insediamenti", "subgroup": "Centri", "subcategory": "Frazione"}, "geometry": {"type": "Point", "coordinates": [14.26864, 42.36003]}}, {"type": "Feature", "properties": {"wikidata": "Q18424891", "name": "Mancini", "status": "missing", "osm_id": null, "group": "Insediamenti", "subgroup": "Centri", "subcategory": "Frazione"}, "geometry": {"type": "Point", "coordinates": [14.45382, 42.28803]}}, {"type": "Feature", "properties": {"wikidata": "Q18424761", "name": "Isca d'Archi", "status": "missing", "osm_id": null, "group": "Insediamenti", "subgroup": "Centri", "subcategory": "Frazione"}, "geometry": {"type": "Point", "coordinates": [14.34938, 42.06251]}}, {"type": "Feature", "properties": {"wikidata": "Q18424630", "name": "Fosso Cioffolello", "status": "done", "osm_id": "node/6175231983", "group": "Insediamenti", "subgroup": "Centri", "subcategory": "Insediamento umano"}, "geometry": {"type": "Point", "coordinates": [14.47252, 41.83112]}}, {"type": "Feature", "properties": {"wikidata": "Q18424881", "name": "Malandra Nuova", "status": "missing", "osm_id": null, "group": "Insediamenti", "subgroup": "Centri", "subcategory": "Frazione"}, "geometry": {"type": "Point", "coordinates": [14.1448, 42.2864]}}, {"type": "Feature", "properties": {"wikidata": "Q18424783", "name": "Lago Dragoni", "status": "missing", "osm_id": null, "group": "Insediamenti", "subgroup": "Centri", "subcategory": "Frazione"}, "geometry": {"type": "Point", "coordinates": [14.56646, 42.22139]}}, {"type": "Feature", "properties": {"wikidata": "Q18424858", "name": "Luzio", "status": "missing", "osm_id": null, "group": "Insediamenti", "subgroup": "Centri", "subcategory": "Frazione"}, "geometry": {"type": "Point", "coordinates": [14.34218, 42.11159]}}, {"type": "Feature", "properties": {"wikidata": "Q18424763", "name": "Ischia", "status": "missing", "osm_id": null, "group": "Insediamenti", "subgroup": "Centri", "subcategory": "Insediamento umano"}, "geometry": {"type": "Point", "coordinates": [14.33159, 42.18171]}}, {"type": "Feature", "properties": {"wikidata": "Q18424918", "name": "Marina di San Vito", "status": "missing", "osm_id": null, "group": "Insediamenti", "subgroup": "Centri", "subcategory": "Frazione"}, "geometry": {"type": "Point", "coordinates": [14.44844, 42.30514]}}, {"type": "Feature", "properties": {"wikidata": "Q18424911", "name": "Mantini", "status": "missing", "osm_id": null, "group": "Insediamenti", "subgroup": "Centri", "subcategory": "Insediamento umano"}, "geometry": {"type": "Point", "coordinates": [14.18411, 42.33119]}}, {"type": "Feature", "properties": {"wikidata": "Q18424679", "name": "Genova-Rulli", "status": "missing", "osm_id": null, "group": "Insediamenti", "subgroup": "Centri", "subcategory": "Insediamento umano"}, "geometry": {"type": "Point", "coordinates": [14.70671, 42.16612]}}, {"type": "Feature", "properties": {"wikidata": "Q18424488", "name": "Fannini", "status": "missing", "osm_id": null, "group": "Insediamenti", "subgroup": "Centri", "subcategory": "Insediamento umano"}, "geometry": {"type": "Point", "coordinates": [14.24222, 41.9001]}}, {"type": "Feature", "properties": {"wikidata": "Q18424827", "name": "Liberati", "status": "missing", "osm_id": null, "group": "Insediamenti", "subgroup": "Centri", "subcategory": "Frazione"}, "geometry": {"type": "Point", "coordinates": [14.11768, 42.25874]}}, {"type": "Feature", "properties": {"wikidata": "Q18424854", "name": "Luigiotti", "status": "missing", "osm_id": null, "group": "Insediamenti", "subgroup": "Centri", "subcategory": "Insediamento umano"}, "geometry": {"type": "Point", "coordinates": [14.26175, 41.90978]}}, {"type": "Feature", "properties": {"wikidata": "Q18427951", "name": "Case Razzano", "status": "done", "osm_id": "node/3924034619", "group": "Insediamenti", "subgroup": "Centri", "subcategory": "Insediamento umano"}, "geometry": {"type": "Point", "coordinates": [13.95034, 42.68046]}}, {"type": "Feature", "properties": {"wikidata": "Q18424603", "name": "Fonticelli", "status": "done", "osm_id": "node/6341889404", "group": "Insediamenti", "subgroup": "Centri", "subcategory": "Insediamento umano"}, "geometry": {"type": "Point", "coordinates": [14.39421, 42.34051]}}, {"type": "Feature", "properties": {"wikidata": "Q18424672", "name": "Gallo", "status": "missing", "osm_id": null, "group": "Insediamenti", "subgroup": "Centri", "subcategory": "Frazione"}, "geometry": {"type": "Point", "coordinates": [14.22246, 42.07333]}}, {"type": "Feature", "properties": {"wikidata": "Q18424796", "name": "Laroscia", "status": "done", "osm_id": "node/6332011294", "group": "Insediamenti", "subgroup": "Centri", "subcategory": "Insediamento umano"}, "geometry": {"type": "Point", "coordinates": [14.35449, 42.14169]}}, {"type": "Feature", "properties": {"wikidata": "Q18424931", "name": "Marisi", "status": "done", "osm_id": "node/6190122025", "group": "Insediamenti", "subgroup": "Centri", "subcategory": "Insediamento umano"}, "geometry": {"type": "Point", "coordinates": [14.59632, 42.06404]}}, {"type": "Feature", "properties": {"wikidata": "Q18424608", "name": "Forconi II", "status": "missing", "osm_id": null, "group": "Insediamenti", "subgroup": "Centri", "subcategory": "Insediamento umano"}, "geometry": {"type": "Point", "coordinates": [14.23483, 42.07065]}}]}