{"type": "FeatureCollection", "features": [{"type": "Feature", "properties": {"wikidata": "Q1255974", "name": "Chiesa di San Rocco", "status": "done", "osm_id": "way/1444375027", "group": "Religione", "subgroup": "Luoghi di Culto", "subcategory": "Chiesa"}, "geometry": {"type": "Point", "coordinates": [14.33404, 40.85804]}}, {"type": "Feature", "properties": {"wikidata": "Q1256492", "name": "chiesa della Santissima Trinit\u00e0 degli Spagnoli", "status": "done", "osm_id": "way/270252908", "group": "Religione", "subgroup": "Luoghi di Culto", "subcategory": "Chiesa"}, "geometry": {"type": "Point", "coordinates": [14.246474, 40.839988]}}, {"type": "Feature", "properties": {"wikidata": "Q1256227", "name": "chiesa di Santa Maria Egiziaca a Forcella", "status": "done", "osm_id": "way/227468056", "group": "Religione", "subgroup": "Luoghi di Culto", "subcategory": "Chiesa"}, "geometry": {"type": "Point", "coordinates": [14.264282, 40.849634]}}, {"type": "Feature", "properties": {"wikidata": "Q1256238", "name": "chiesa di Santa Maria Incoronata", "status": "done", "osm_id": "way/183944791", "group": "Religione", "subgroup": "Luoghi di Culto", "subcategory": "Chiesa"}, "geometry": {"type": "Point", "coordinates": [14.252063, 40.84121]}}, {"type": "Feature", "properties": {"wikidata": "Q1256443", "name": "chiesa dei Santi Marcellino e Festo", "status": "done", "osm_id": "way/267075527", "group": "Religione", "subgroup": "Luoghi di Culto", "subcategory": "Ex chiesa"}, "geometry": {"type": "Point", "coordinates": [14.2585, 40.8471]}}, {"type": "Feature", "properties": {"wikidata": "Q1256222", "name": "chiesa di Santa Maria Egiziaca a Pizzofalcone", "status": "done", "osm_id": "way/183710784", "group": "Religione", "subgroup": "Luoghi di Culto", "subcategory": "Chiesa"}, "geometry": {"type": "Point", "coordinates": [14.247, 40.83415]}}, {"type": "Feature", "properties": {"wikidata": "Q1256375", "name": "chiesa di Santa Maria di Gerusalemme", "status": "done", "osm_id": "way/271298245", "group": "Religione", "subgroup": "Luoghi di Culto", "subcategory": "Chiesa"}, "geometry": {"type": "Point", "coordinates": [14.255163, 40.852424]}}, {"type": "Feature", "properties": {"wikidata": "Q1256356", "name": "chiesa di Santa Maria delle Anime del Purgatorio ad Arco", "status": "done", "osm_id": "way/270097736", "group": "Religione", "subgroup": "Luoghi di Culto", "subcategory": "Chiesa"}, "geometry": {"type": "Point", "coordinates": [14.2557, 40.850571]}}, {"type": "Feature", "properties": {"wikidata": "Q1256271", "name": "chiesa di Santa Maria del Ben Morire", "status": "missing", "osm_id": null, "group": "Religione", "subgroup": "Luoghi di Culto", "subcategory": "Chiesa"}, "geometry": {"type": "Point", "coordinates": [14.25798611, 40.84628889]}}, {"type": "Feature", "properties": {"wikidata": "Q1256256", "name": "chiesa di Santa Maria degli Angeli alle Croci", "status": "done", "osm_id": "way/391688326", "group": "Religione", "subgroup": "Luoghi di Culto", "subcategory": "Chiesa"}, "geometry": {"type": "Point", "coordinates": [14.26009, 40.86165]}}, {"type": "Feature", "properties": {"wikidata": "Q1256347", "name": "Catacombe di Santa Maria della Vita", "status": "missing", "osm_id": null, "group": "Altro", "subgroup": "Altro", "subcategory": "Altro"}, "geometry": {"type": "Point", "coordinates": [14.25, 40.83333333]}}, {"type": "Feature", "properties": {"wikidata": "Q1256603", "name": "chiesa di Sant'Onofrio dei Vecchi", "status": "done", "osm_id": "way/184410157", "group": "Religione", "subgroup": "Luoghi di Culto", "subcategory": "Chiesa"}, "geometry": {"type": "Point", "coordinates": [14.255991, 40.844521]}}, {"type": "Feature", "properties": {"wikidata": "Q1256251", "name": "chiesa di Santa Maria a Piazza", "status": "done", "osm_id": "way/270724621", "group": "Religione", "subgroup": "Luoghi di Culto", "subcategory": "Chiesa"}, "geometry": {"type": "Point", "coordinates": [14.26214, 40.85079]}}, {"type": "Feature", "properties": {"wikidata": "Q1255911", "name": "chiesa di San Nicola a Pistaso", "status": "done", "osm_id": "way/271219326", "group": "Religione", "subgroup": "Luoghi di Culto", "subcategory": "Chiesa"}, "geometry": {"type": "Point", "coordinates": [14.25942778, 40.84983611]}}, {"type": "Feature", "properties": {"wikidata": "Q1256429", "name": "chiesa dei Santi Apostoli", "status": "done", "osm_id": "way/288081368", "group": "Religione", "subgroup": "Luoghi di Culto", "subcategory": "Chiesa"}, "geometry": {"type": "Point", "coordinates": [14.26045, 40.85457]}}, {"type": "Feature", "properties": {"wikidata": "Q1255771", "name": "chiesa di San Giuseppe dei Nudi", "status": "done", "osm_id": "way/543306166", "group": "Religione", "subgroup": "Luoghi di Culto", "subcategory": "Chiesa"}, "geometry": {"type": "Point", "coordinates": [14.24798, 40.85281]}}, {"type": "Feature", "properties": {"wikidata": "Q1299488", "name": "Q1299488", "status": "missing", "osm_id": null, "group": "Altro", "subgroup": "Altro", "subcategory": "Altro"}, "geometry": {"type": "Point", "coordinates": [14.25, 40.83333333]}}, {"type": "Feature", "properties": {"wikidata": "Q1256390", "name": "chiesa di Santa Maria di Portosalvo", "status": "done", "osm_id": "way/248722052", "group": "Religione", "subgroup": "Luoghi di Culto", "subcategory": "Ex chiesa"}, "geometry": {"type": "Point", "coordinates": [14.257547, 40.842819]}}, {"type": "Feature", "properties": {"wikidata": "Q1256361", "name": "chiesa di Santa Maria delle Grazie Maggiore a Caponapoli", "status": "done", "osm_id": "way/271291358", "group": "Religione", "subgroup": "Luoghi di Culto", "subcategory": "Ex chiesa"}, "geometry": {"type": "Point", "coordinates": [14.254, 40.85304]}}, {"type": "Feature", "properties": {"wikidata": "Q1256182", "name": "chiesa di Santa Maria Apparente", "status": "done", "osm_id": "way/515769240", "group": "Religione", "subgroup": "Luoghi di Culto", "subcategory": "Chiesa"}, "geometry": {"type": "Point", "coordinates": [14.238436, 40.83995]}}, {"type": "Feature", "properties": {"wikidata": "Q1256559", "name": "chiesa di Sant'Anna dei Lombardi", "status": "done", "osm_id": "way/248688357", "group": "Religione", "subgroup": "Luoghi di Culto", "subcategory": "Chiesa"}, "geometry": {"type": "Point", "coordinates": [14.250525, 40.844816]}}, {"type": "Feature", "properties": {"wikidata": "Q1256316", "name": "Complesso di Santa Maria della Misericordia", "status": "done", "osm_id": "way/615504573", "group": "Dimore ed edifici", "subgroup": "Strutture Varie", "subcategory": "Complesso di edifici"}, "geometry": {"type": "Point", "coordinates": [14.253028, 40.865444]}}, {"type": "Feature", "properties": {"wikidata": "Q1255908", "name": "chiesa di San Nicola a Nilo", "status": "done", "osm_id": "way/270653513", "group": "Religione", "subgroup": "Luoghi di Culto", "subcategory": "Chiesa"}, "geometry": {"type": "Point", "coordinates": [14.256765, 40.84908]}}, {"type": "Feature", "properties": {"wikidata": "Q1256286", "name": "chiesa di Santa Maria del Rimedio al Molo Grande", "status": "missing", "osm_id": null, "group": "Religione", "subgroup": "Luoghi di Culto", "subcategory": "Chiesa"}, "geometry": {"type": "Point", "coordinates": [14.25377, 40.84123]}}, {"type": "Feature", "properties": {"wikidata": "Q1255969", "name": "chiesa di San Raffaele", "status": "done", "osm_id": "way/433251425", "group": "Religione", "subgroup": "Luoghi di Culto", "subcategory": "Chiesa"}, "geometry": {"type": "Point", "coordinates": [14.244, 40.85515]}}, {"type": "Feature", "properties": {"wikidata": "Q1256248", "name": "chiesa di Santa Maria Materdomini", "status": "done", "osm_id": "way/1318999325", "group": "Religione", "subgroup": "Luoghi di Culto", "subcategory": "Chiesa"}, "geometry": {"type": "Point", "coordinates": [14.247758, 40.847352]}}, {"type": "Feature", "properties": {"wikidata": "Q1256380", "name": "chiesa di Santa Maria di Montesanto", "status": "done", "osm_id": "way/270262027", "group": "Religione", "subgroup": "Luoghi di Culto", "subcategory": "Chiesa"}, "geometry": {"type": "Point", "coordinates": [14.245488, 40.847696]}}, {"type": "Feature", "properties": {"wikidata": "Q1256199", "name": "chiesa di Santa Maria Avvocata dei Peccatori", "status": "done", "osm_id": "way/338836016", "group": "Religione", "subgroup": "Luoghi di Culto", "subcategory": "Chiesa"}, "geometry": {"type": "Point", "coordinates": [14.26330833, 40.85876389]}}, {"type": "Feature", "properties": {"wikidata": "Q1255915", "name": "chiesa di San Nicola da Tolentino", "status": "done", "osm_id": "way/618305963", "group": "Religione", "subgroup": "Luoghi di Culto", "subcategory": "Chiesa"}, "geometry": {"type": "Point", "coordinates": [14.24167, 40.840262]}}, {"type": "Feature", "properties": {"wikidata": "Q1348884", "name": "terremoto dell'Irpinia del 1980", "status": "missing", "osm_id": null, "group": "Altro", "subgroup": "Altro", "subcategory": "Altro"}, "geometry": {"type": "Point", "coordinates": [15.366, 40.914]}}, {"type": "Feature", "properties": {"wikidata": "Q1256392", "name": "chiesa di Santa Maria in Cosmedin", "status": "done", "osm_id": "way/267249292", "group": "Religione", "subgroup": "Luoghi di Culto", "subcategory": "Chiesa"}, "geometry": {"type": "Point", "coordinates": [14.25954, 40.846792]}}, {"type": "Feature", "properties": {"wikidata": "Q1256295", "name": "chiesa di Santa Maria del Soccorso", "status": "done", "osm_id": "way/434396168", "group": "Religione", "subgroup": "Luoghi di Culto", "subcategory": "Chiesa"}, "geometry": {"type": "Point", "coordinates": [14.24863, 40.8615]}}, {"type": "Feature", "properties": {"wikidata": "Q1256307", "name": "chiesa di Santa Maria della Fede", "status": "done", "osm_id": "way/329371465", "group": "Religione", "subgroup": "Luoghi di Culto", "subcategory": "Chiesa"}, "geometry": {"type": "Point", "coordinates": [14.268358, 40.85812]}}, {"type": "Feature", "properties": {"wikidata": "Q1256345", "name": "chiesa di Santa Maria della Sapienza", "status": "done", "osm_id": "way/267283841", "group": "Religione", "subgroup": "Luoghi di Culto", "subcategory": "Ex chiesa"}, "geometry": {"type": "Point", "coordinates": [14.252066, 40.851053]}}, {"type": "Feature", "properties": {"wikidata": "Q1256144", "name": "chiesa di Santa Caterina a Chiaia", "status": "done", "osm_id": "way/183340573", "group": "Religione", "subgroup": "Luoghi di Culto", "subcategory": "Chiesa"}, "geometry": {"type": "Point", "coordinates": [14.242042, 40.835114]}}, {"type": "Feature", "properties": {"wikidata": "Q1256490", "name": "basilica della Santissima Annunziata Maggiore", "status": "done", "osm_id": "way/29509820", "group": "Religione", "subgroup": "Luoghi di Culto", "subcategory": "Chiesa"}, "geometry": {"type": "Point", "coordinates": [14.26523, 40.85114]}}, {"type": "Feature", "properties": {"wikidata": "Q1292401", "name": "complesso monastico di Suor Orsola Benincasa", "status": "missing", "osm_id": null, "group": "Religione", "subgroup": "Vita Monastica", "subcategory": "Convento"}, "geometry": {"type": "Point", "coordinates": [14.242975, 40.841062]}}, {"type": "Feature", "properties": {"wikidata": "Q1256324", "name": "chiesa di Santa Maria della Pace", "status": "done", "osm_id": "way/183749378", "group": "Altro", "subgroup": "Altro", "subcategory": "Altro"}, "geometry": {"type": "Point", "coordinates": [14.261925, 40.85231]}}, {"type": "Feature", "properties": {"wikidata": "Q1256250", "name": "chiesa di Santa Maria Regina Coeli", "status": "done", "osm_id": "way/184065050", "group": "Religione", "subgroup": "Luoghi di Culto", "subcategory": "Chiesa"}, "geometry": {"type": "Point", "coordinates": [14.25427, 40.852194]}}, {"type": "Feature", "properties": {"wikidata": "Q1256395", "name": "chiesa di Santa Maria in Portico", "status": "done", "osm_id": "way/270120708", "group": "Religione", "subgroup": "Luoghi di Culto", "subcategory": "Chiesa"}, "geometry": {"type": "Point", "coordinates": [14.231212, 40.835024]}}, {"type": "Feature", "properties": {"wikidata": "Q1349926", "name": "Sinuessa", "status": "missing", "osm_id": null, "group": "Archeologia", "subgroup": "Siti", "subcategory": "Sito archeologico"}, "geometry": {"type": "Point", "coordinates": [13.847624066, 41.153941536]}}, {"type": "Feature", "properties": {"wikidata": "Q1256440", "name": "chiesa dei Santi Francesco e Matteo", "status": "done", "osm_id": "way/292555235", "group": "Religione", "subgroup": "Luoghi di Culto", "subcategory": "Chiesa"}, "geometry": {"type": "Point", "coordinates": [14.246634, 40.840782]}}, {"type": "Feature", "properties": {"wikidata": "Q1256458", "name": "chiesa dei Santi Severino e Sossio", "status": "done", "osm_id": "way/267288986", "group": "Religione", "subgroup": "Luoghi di Culto", "subcategory": "Chiesa"}, "geometry": {"type": "Point", "coordinates": [14.258294, 40.847764]}}, {"type": "Feature", "properties": {"wikidata": "Q1256454", "name": "chiesa dei Santi Pietro e Paolo dei Greci", "status": "done", "osm_id": "way/248321665", "group": "Religione", "subgroup": "Luoghi di Culto", "subcategory": "Chiesa"}, "geometry": {"type": "Point", "coordinates": [14.250808, 40.841736]}}, {"type": "Feature", "properties": {"wikidata": "Q1256543", "name": "Complesso di Sant'Andrea delle Dame", "status": "missing", "osm_id": null, "group": "Dimore ed edifici", "subgroup": "Strutture Varie", "subcategory": "Complesso di edifici"}, "geometry": {"type": "Point", "coordinates": [14.25255, 40.85301]}}, {"type": "Feature", "properties": {"wikidata": "Q1256178", "name": "chiesa di Santa Maria Ancillarum", "status": "done", "osm_id": "way/313383068", "group": "Religione", "subgroup": "Luoghi di Culto", "subcategory": "Chiesa"}, "geometry": {"type": "Point", "coordinates": [14.259126, 40.85377]}}, {"type": "Feature", "properties": {"wikidata": "Q1256314", "name": "chiesa di Santa Maria della Mercede a Montecalvario", "status": "done", "osm_id": "way/183944426", "group": "Religione", "subgroup": "Luoghi di Culto", "subcategory": "Chiesa"}, "geometry": {"type": "Point", "coordinates": [14.245781, 40.842589]}}, {"type": "Feature", "properties": {"wikidata": "Q1255775", "name": "chiesa di San Giuseppe dei Ruffi", "status": "done", "osm_id": "way/270141398", "group": "Religione", "subgroup": "Luoghi di Culto", "subcategory": "Chiesa"}, "geometry": {"type": "Point", "coordinates": [14.25806, 40.85341]}}, {"type": "Feature", "properties": {"wikidata": "Q1256554", "name": "chiesa di Sant'Anna al Trivio", "status": "done", "osm_id": "way/377337733", "group": "Religione", "subgroup": "Luoghi di Culto", "subcategory": "Chiesa"}, "geometry": {"type": "Point", "coordinates": [14.271189, 40.859576]}}, {"type": "Feature", "properties": {"wikidata": "Q1256349", "name": "chiesa di Santa Maria della Stella", "status": "done", "osm_id": "way/625327540", "group": "Religione", "subgroup": "Luoghi di Culto", "subcategory": "Chiesa"}, "geometry": {"type": "Point", "coordinates": [14.25166, 40.855855]}}, {"type": "Feature", "properties": {"wikidata": "Q1256340", "name": "chiesa di Santa Maria della Purit\u00e0 al Vomero", "status": "done", "osm_id": "way/591817722", "group": "Religione", "subgroup": "Luoghi di Culto", "subcategory": "Chiesa"}, "geometry": {"type": "Point", "coordinates": [14.23829, 40.85212]}}, {"type": "Feature", "properties": {"wikidata": "Q1256574", "name": "chiesa di Sant'Aspreno ai Crociferi", "status": "done", "osm_id": "way/431217940", "group": "Religione", "subgroup": "Luoghi di Culto", "subcategory": "Ex chiesa"}, "geometry": {"type": "Point", "coordinates": [14.25611111, 40.85638889]}}, {"type": "Feature", "properties": {"wikidata": "Q1256553", "name": "chiesa di Sant'Agnello Maggiore", "status": "done", "osm_id": "way/271270412", "group": "Religione", "subgroup": "Luoghi di Culto", "subcategory": "Chiesa"}, "geometry": {"type": "Point", "coordinates": [14.25256, 40.85327]}}, {"type": "Feature", "properties": {"wikidata": "Q1256355", "name": "chiesa di Santa Maria della Stella alle Paparelle", "status": "done", "osm_id": "way/270718955", "group": "Religione", "subgroup": "Luoghi di Culto", "subcategory": "Chiesa"}, "geometry": {"type": "Point", "coordinates": [14.26015, 40.8493]}}, {"type": "Feature", "properties": {"wikidata": "Q1256385", "name": "chiesa di Santa Maria di Monteverginella", "status": "done", "osm_id": "way/254713290", "group": "Religione", "subgroup": "Luoghi di Culto", "subcategory": "Chiesa"}, "geometry": {"type": "Point", "coordinates": [14.25707, 40.847598]}}, {"type": "Feature", "properties": {"wikidata": "Q1256212", "name": "chiesa di Santa Maria Donnaregina Nuova", "status": "done", "osm_id": "way/288081824", "group": "Religione", "subgroup": "Luoghi di Culto", "subcategory": "Ex chiesa"}, "geometry": {"type": "Point", "coordinates": [14.25869, 40.854]}}, {"type": "Feature", "properties": {"wikidata": "Q1256577", "name": "chiesa di Sant'Eframo Vecchio", "status": "missing", "osm_id": null, "group": "Religione", "subgroup": "Luoghi di Culto", "subcategory": "Chiesa"}, "geometry": {"type": "Point", "coordinates": [14.259405, 40.867979]}}, {"type": "Feature", "properties": {"wikidata": "Q1256539", "name": "chiesa di Sant'Agrippino", "status": "done", "osm_id": "way/183993511", "group": "Religione", "subgroup": "Luoghi di Culto", "subcategory": "Chiesa"}, "geometry": {"type": "Point", "coordinates": [14.262085, 40.85057]}}, {"type": "Feature", "properties": {"wikidata": "Q1255774", "name": "chiesa di San Giuseppe a Chiaia", "status": "done", "osm_id": "way/617596386", "group": "Religione", "subgroup": "Luoghi di Culto", "subcategory": "Chiesa"}, "geometry": {"type": "Point", "coordinates": [14.228225, 40.83321]}}, {"type": "Feature", "properties": {"wikidata": "Q1256560", "name": "chiesa di Sant'Anna a Capuana", "status": "done", "osm_id": "way/287905987", "group": "Religione", "subgroup": "Luoghi di Culto", "subcategory": "Chiesa"}, "geometry": {"type": "Point", "coordinates": [14.26542, 40.855741]}}, {"type": "Feature", "properties": {"wikidata": "Q1256225", "name": "chiesa di Santa Maria Francesca delle Cinque Piaghe", "status": "done", "osm_id": "way/1331321434", "group": "Religione", "subgroup": "Luoghi di Culto", "subcategory": "Chiesa"}, "geometry": {"type": "Point", "coordinates": [14.24771, 40.84044]}}, {"type": "Feature", "properties": {"wikidata": "Q1256604", "name": "chiesa di Sant'Orsola a Chiaia", "status": "done", "osm_id": "way/183334572", "group": "Religione", "subgroup": "Luoghi di Culto", "subcategory": "Chiesa"}, "geometry": {"type": "Point", "coordinates": [14.24365, 40.8361]}}, {"type": "Feature", "properties": {"wikidata": "Q1256497", "name": "complesso della Santissima Trinit\u00e0 delle Monache", "status": "done", "osm_id": "way/306531572", "group": "Dimore ed edifici", "subgroup": "Strutture Varie", "subcategory": "Complesso di edifici"}, "geometry": {"type": "Point", "coordinates": [14.24417, 40.84578]}}, {"type": "Feature", "properties": {"wikidata": "Q1256493", "name": "chiesa della Santissima Trinit\u00e0 dei Pellegrini", "status": "done", "osm_id": "way/248710931", "group": "Religione", "subgroup": "Luoghi di Culto", "subcategory": "Chiesa"}, "geometry": {"type": "Point", "coordinates": [14.24749, 40.8476]}}, {"type": "Feature", "properties": {"wikidata": "Q1256190", "name": "chiesa di Santa Maria Avvocata", "status": "done", "osm_id": "way/270242965", "group": "Religione", "subgroup": "Luoghi di Culto", "subcategory": "Chiesa"}, "geometry": {"type": "Point", "coordinates": [14.248615, 40.850295]}}, {"type": "Feature", "properties": {"wikidata": "Q1256579", "name": "monastero di Sant'Eframo Nuovo", "status": "missing", "osm_id": null, "group": "Religione", "subgroup": "Vita Monastica", "subcategory": "Convento"}, "geometry": {"type": "Point", "coordinates": [14.244925, 40.853865]}}, {"type": "Feature", "properties": {"wikidata": "Q1256215", "name": "chiesa di Santa Maria Donnaromita", "status": "done", "osm_id": "way/267074752", "group": "Religione", "subgroup": "Luoghi di Culto", "subcategory": "Ex chiesa"}, "geometry": {"type": "Point", "coordinates": [14.256251, 40.848016]}}, {"type": "Feature", "properties": {"wikidata": "Q1256136", "name": "chiesa di Santa Brigida", "status": "done", "osm_id": "way/183334568", "group": "Religione", "subgroup": "Luoghi di Culto", "subcategory": "Chiesa"}, "geometry": {"type": "Point", "coordinates": [14.249149, 40.838965]}}, {"type": "Feature", "properties": {"wikidata": "Q1255785", "name": "chiesa di San Gregorio Armeno", "status": "done", "osm_id": "way/270103233", "group": "Religione", "subgroup": "Luoghi di Culto", "subcategory": "Chiesa"}, "geometry": {"type": "Point", "coordinates": [14.257636, 40.850175]}}, {"type": "Feature", "properties": {"wikidata": "Q1256586", "name": "chiesa di Sant'Eligio Maggiore", "status": "done", "osm_id": "way/253354479", "group": "Religione", "subgroup": "Luoghi di Culto", "subcategory": "Chiesa"}, "geometry": {"type": "Point", "coordinates": [14.26448, 40.846755]}}, {"type": "Feature", "properties": {"wikidata": "Q1256284", "name": "chiesa di Santa Maria del Parto", "status": "done", "osm_id": "way/270118908", "group": "Religione", "subgroup": "Luoghi di Culto", "subcategory": "Chiesa"}, "geometry": {"type": "Point", "coordinates": [14.220245, 40.824912]}}, {"type": "Feature", "properties": {"wikidata": "Q1255991", "name": "chiesa di San Severo fuori le mura", "status": "done", "osm_id": "way/416767237", "group": "Religione", "subgroup": "Luoghi di Culto", "subcategory": "Chiesa"}, "geometry": {"type": "Point", "coordinates": [14.25157, 40.86084]}}, {"type": "Feature", "properties": {"wikidata": "Q1256522", "name": "basilica Santuario di Santa Maria della Neve", "status": "done", "osm_id": "way/340930071", "group": "Religione", "subgroup": "Luoghi di Culto", "subcategory": "Basilica minore"}, "geometry": {"type": "Point", "coordinates": [14.33189, 40.85465]}}, {"type": "Feature", "properties": {"wikidata": "Q1256322", "name": "chiesa di Santa Maria della Neve in San Giuseppe", "status": "missing", "osm_id": null, "group": "Religione", "subgroup": "Luoghi di Culto", "subcategory": "Chiesa"}, "geometry": {"type": "Point", "coordinates": [14.22462, 40.83234]}}, {"type": "Feature", "properties": {"wikidata": "Q1256235", "name": "chiesa di Santa Maria Maddalena delle Convertite Spagnole", "status": "done", "osm_id": "way/270252592", "group": "Religione", "subgroup": "Luoghi di Culto", "subcategory": "Chiesa"}, "geometry": {"type": "Point", "coordinates": [14.24667, 40.838142]}}, {"type": "Feature", "properties": {"wikidata": "Q1255776", "name": "chiesa di San Giuseppe dei Vecchi", "status": "done", "osm_id": "way/563401897", "group": "Religione", "subgroup": "Luoghi di Culto", "subcategory": "Chiesa"}, "geometry": {"type": "Point", "coordinates": [14.246645, 40.851875]}}, {"type": "Feature", "properties": {"wikidata": "Q1256305", "name": "chiesa di Santa Maria della Concordia", "status": "done", "osm_id": "way/292550756", "group": "Religione", "subgroup": "Luoghi di Culto", "subcategory": "Chiesa"}, "geometry": {"type": "Point", "coordinates": [14.244753, 40.83954]}}, {"type": "Feature", "properties": {"wikidata": "Q1256291", "name": "chiesa di Santa Maria del Rifugio", "status": "done", "osm_id": "way/314769654", "group": "Religione", "subgroup": "Luoghi di Culto", "subcategory": "Chiesa"}, "geometry": {"type": "Point", "coordinates": [14.26263, 40.85284]}}, {"type": "Feature", "properties": {"wikidata": "Q1256446", "name": "chiesa dei Santi Filippo e Giacomo", "status": "done", "osm_id": "way/267071762", "group": "Religione", "subgroup": "Luoghi di Culto", "subcategory": "Chiesa"}, "geometry": {"type": "Point", "coordinates": [14.25719, 40.84883]}}, {"type": "Feature", "properties": {"wikidata": "Q1256210", "name": "chiesa di Santa Maria Donnaregina Vecchia", "status": "done", "osm_id": "way/288082000", "group": "Religione", "subgroup": "Luoghi di Culto", "subcategory": "Ex chiesa"}, "geometry": {"type": "Point", "coordinates": [14.2585, 40.8545]}}, {"type": "Feature", "properties": {"wikidata": "Q1256194", "name": "chiesa di Santa Maria Assunta dei Pignatelli", "status": "done", "osm_id": "way/434326794", "group": "Religione", "subgroup": "Luoghi di Culto", "subcategory": "Ex chiesa"}, "geometry": {"type": "Point", "coordinates": [14.256007, 40.848752]}}, {"type": "Feature", "properties": {"wikidata": "Q1256274", "name": "chiesa di Santa Maria del Faro", "status": "done", "osm_id": "way/270111038", "group": "Religione", "subgroup": "Luoghi di Culto", "subcategory": "Chiesa"}, "geometry": {"type": "Point", "coordinates": [14.19135, 40.79575]}}, {"type": "Feature", "properties": {"wikidata": "Q1256338", "name": "chiesa di Santa Maria della Salute", "status": "missing", "osm_id": null, "group": "Religione", "subgroup": "Luoghi di Culto", "subcategory": "Chiesa"}, "geometry": {"type": "Point", "coordinates": [14.238006, 40.855166]}}, {"type": "Feature", "properties": {"wikidata": "Q1256549", "name": "chiesa di Sant'Angelo a Nilo", "status": "done", "osm_id": "way/166243077", "group": "Religione", "subgroup": "Luoghi di Culto", "subcategory": "Chiesa"}, "geometry": {"type": "Point", "coordinates": [14.255575, 40.848326]}}, {"type": "Feature", "properties": {"wikidata": "Q1257335", "name": "Oplontis", "status": "missing", "osm_id": null, "group": "Altro", "subgroup": "Altro", "subcategory": "Altro"}, "geometry": {"type": "Point", "coordinates": [14.452336, 40.757567]}}, {"type": "Feature", "properties": {"wikidata": "Q1256142", "name": "chiesa di Santa Caterina da Siena", "status": "done", "osm_id": "way/113735503", "group": "Religione", "subgroup": "Luoghi di Culto", "subcategory": "Ex chiesa"}, "geometry": {"type": "Point", "coordinates": [14.242866, 40.83915]}}, {"type": "Feature", "properties": {"wikidata": "Q596652", "name": "chiesa di Santa Maria della Speranza", "status": "done", "osm_id": "way/270253246", "group": "Religione", "subgroup": "Luoghi di Culto", "subcategory": "Chiesa"}, "geometry": {"type": "Point", "coordinates": [14.247413, 40.839683]}}, {"type": "Feature", "properties": {"wikidata": "Q534647", "name": "autostrada A3", "status": "done", "osm_id": "relation/6867819", "group": "Altro", "subgroup": "Altro", "subcategory": "Altro"}, "geometry": {"type": "Point", "coordinates": [14.50418, 40.743]}}, {"type": "Feature", "properties": {"wikidata": "Q589347", "name": "Posillipo", "status": "done", "osm_id": "node/2633818562", "group": "Altro", "subgroup": "Altro", "subcategory": "Altro"}, "geometry": {"type": "Point", "coordinates": [14.20333333, 40.80555556]}}, {"type": "Feature", "properties": {"wikidata": "Q583609", "name": "Carano", "status": "done", "osm_id": "node/1223068709", "group": "Insediamenti", "subgroup": "Centri", "subcategory": "Frazione"}, "geometry": {"type": "Point", "coordinates": [13.90972, 41.20526]}}, {"type": "Feature", "properties": {"wikidata": "Q529067", "name": "basilica di San Pietro ad Aram", "status": "done", "osm_id": "way/227468047", "group": "Religione", "subgroup": "Luoghi di Culto", "subcategory": "Basilica minore"}, "geometry": {"type": "Point", "coordinates": [14.266723, 40.851317]}}, {"type": "Feature", "properties": {"wikidata": "Q372068", "name": "Casertavecchia", "status": "done", "osm_id": "node/262327713", "group": "Insediamenti", "subgroup": "Centri", "subcategory": "Frazione"}, "geometry": {"type": "Point", "coordinates": [14.366389, 41.096667]}}, {"type": "Feature", "properties": {"wikidata": "Q427828", "name": "Poggioreale", "status": "done", "osm_id": "node/4406284769", "group": "Altro", "subgroup": "Altro", "subcategory": "Altro"}, "geometry": {"type": "Point", "coordinates": [14.301389, 40.868611]}}, {"type": "Feature", "properties": {"wikidata": "Q572151", "name": "chiesa di San Potito", "status": "done", "osm_id": "way/565872590", "group": "Religione", "subgroup": "Luoghi di Culto", "subcategory": "Ex chiesa"}, "geometry": {"type": "Point", "coordinates": [14.24914, 40.85207]}}, {"type": "Feature", "properties": {"wikidata": "Q376757", "name": "basilica di Santa Maria di Cubulteria", "status": "done", "osm_id": "way/540854864", "group": "Altro", "subgroup": "Altro", "subcategory": "Altro"}, "geometry": {"type": "Point", "coordinates": [14.33888889, 41.26361111]}}, {"type": "Feature", "properties": {"wikidata": "Q605185", "name": "Grotta Azzurra", "status": "done", "osm_id": "node/399395084", "group": "Altro", "subgroup": "Altro", "subcategory": "Altro"}, "geometry": {"type": "Point", "coordinates": [14.205419, 40.56102]}}, {"type": "Feature", "properties": {"wikidata": "Q571146", "name": "chiesa di Sant'Antonio a Tarsia", "status": "done", "osm_id": "way/433282587", "group": "Religione", "subgroup": "Luoghi di Culto", "subcategory": "Chiesa"}, "geometry": {"type": "Point", "coordinates": [14.24612, 40.84893]}}, {"type": "Feature", "properties": {"wikidata": "Q377059", "name": "Soccavo", "status": "done", "osm_id": "node/1583868415", "group": "Altro", "subgroup": "Altro", "subcategory": "Altro"}, "geometry": {"type": "Point", "coordinates": [14.1975, 40.84611111]}}, {"type": "Feature", "properties": {"wikidata": "Q376425", "name": "chiesa di Santa Maria Maggiore alla Pietrasanta", "status": "done", "osm_id": "way/270087463", "group": "Religione", "subgroup": "Luoghi di Culto", "subcategory": "Chiesa"}, "geometry": {"type": "Point", "coordinates": [14.25443, 40.85042]}}, {"type": "Feature", "properties": {"wikidata": "Q429873", "name": "chiesa di Santa Maria Maddalena de' Pazzi", "status": "done", "osm_id": "way/610574413", "group": "Religione", "subgroup": "Luoghi di Culto", "subcategory": "Chiesa"}, "geometry": {"type": "Point", "coordinates": [14.24441, 40.85285]}}, {"type": "Feature", "properties": {"wikidata": "Q518104", "name": "grotta di Cocceio", "status": "done", "osm_id": "way/158469355", "group": "Altro", "subgroup": "Altro", "subcategory": "Altro"}, "geometry": {"type": "Point", "coordinates": [14.07058, 40.84011]}}, {"type": "Feature", "properties": {"wikidata": "Q535133", "name": "cappella dei Pontano", "status": "done", "osm_id": "way/166243074", "group": "Religione", "subgroup": "Luoghi di Culto", "subcategory": "Cappella"}, "geometry": {"type": "Point", "coordinates": [14.25444, 40.85015]}}, {"type": "Feature", "properties": {"wikidata": "Q474970", "name": "Anfiteatro campano", "status": "done", "osm_id": "relation/18389981", "group": "Cultura e tempo libero", "subgroup": "Musei", "subcategory": "Museo"}, "geometry": {"type": "Point", "coordinates": [14.25, 41.08611111]}}, {"type": "Feature", "properties": {"wikidata": "Q385226", "name": "chiesa di San Felice in Pincis", "status": "done", "osm_id": "way/288075660", "group": "Religione", "subgroup": "Luoghi di Culto", "subcategory": "Chiesa"}, "geometry": {"type": "Point", "coordinates": [14.2629, 40.8534]}}, {"type": "Feature", "properties": {"wikidata": "Q526833", "name": "chiesa dei Santi Giovanni e Teresa", "status": "done", "osm_id": "way/369579181", "group": "Religione", "subgroup": "Luoghi di Culto", "subcategory": "Chiesa"}, "geometry": {"type": "Point", "coordinates": [14.2256, 40.8348]}}, {"type": "Feature", "properties": {"wikidata": "Q384957", "name": "piazza San Domenico Maggiore", "status": "done", "osm_id": "relation/3507438", "group": "Insediamenti", "subgroup": "Zone Urbane", "subcategory": "Piazza"}, "geometry": {"type": "Point", "coordinates": [14.25486389, 40.84856389]}}, {"type": "Feature", "properties": {"wikidata": "Q535047", "name": "stazione di Mercato San Severino", "status": "done", "osm_id": "node/1598007930", "group": "Infrastrutture", "subgroup": "Trasporti", "subcategory": "Stazione ferroviaria"}, "geometry": {"type": "Point", "coordinates": [14.7599, 40.7832]}}, {"type": "Feature", "properties": {"wikidata": "Q514901", "name": "basilica di Santa Maria della Sanit\u00e0", "status": "done", "osm_id": "way/29509497", "group": "Religione", "subgroup": "Luoghi di Culto", "subcategory": "Chiesa parrocchiale"}, "geometry": {"type": "Point", "coordinates": [14.24893, 40.859684]}}, {"type": "Feature", "properties": {"wikidata": "Q430878", "name": "Complesso di Santa Lucia Vergine al Monte", "status": "done", "osm_id": "way/308703263", "group": "Dimore ed edifici", "subgroup": "Strutture Varie", "subcategory": "Complesso di edifici"}, "geometry": {"type": "Point", "coordinates": [14.2445, 40.8436]}}, {"type": "Feature", "properties": {"wikidata": "Q388302", "name": "chiesa dell'Ecce Homo al Cerriglio", "status": "done", "osm_id": "way/1448693558", "group": "Religione", "subgroup": "Luoghi di Culto", "subcategory": "Chiesa"}, "geometry": {"type": "Point", "coordinates": [14.25403, 40.84392]}}, {"type": "Feature", "properties": {"wikidata": "Q470839", "name": "Nuceria", "status": "missing", "osm_id": null, "group": "Archeologia", "subgroup": "Siti", "subcategory": "Sito archeologico"}, "geometry": {"type": "Point", "coordinates": [14.672222222, 40.741666666]}}, {"type": "Feature", "properties": {"wikidata": "Q432441", "name": "Palazzo Saluzzo di Corigliano", "status": "done", "osm_id": "way/150562143", "group": "Dimore ed edifici", "subgroup": "Residenze", "subcategory": "Palazzo"}, "geometry": {"type": "Point", "coordinates": [14.255285, 40.84853]}}, {"type": "Feature", "properties": {"wikidata": "Q522743", "name": "Palazzo Castriota Scanderbeg", "status": "done", "osm_id": "relation/3621045", "group": "Dimore ed edifici", "subgroup": "Residenze", "subcategory": "Palazzo"}, "geometry": {"type": "Point", "coordinates": [14.251645, 40.850445]}}, {"type": "Feature", "properties": {"wikidata": "Q373208", "name": "Baia Domizia", "status": "done", "osm_id": "node/4422620382", "group": "Insediamenti", "subgroup": "Centri", "subcategory": "Frazione"}, "geometry": {"type": "Point", "coordinates": [13.8, 41.2]}}, {"type": "Feature", "properties": {"wikidata": "Q453634", "name": "Tempio di Nettuno", "status": "done", "osm_id": "way/255691054", "group": "Archeologia", "subgroup": "Siti", "subcategory": "Rovine"}, "geometry": {"type": "Point", "coordinates": [15.005611111, 40.42]}}, {"type": "Feature", "properties": {"wikidata": "Q604040", "name": "castello Aselmeyer", "status": "done", "osm_id": "way/1122261408", "group": "Altro", "subgroup": "Altro", "subcategory": "Altro"}, "geometry": {"type": "Point", "coordinates": [14.23281, 40.838739]}}, {"type": "Feature", "properties": {"wikidata": "Q581270", "name": "chiesa di San Pasquale a Chiaia", "status": "done", "osm_id": "way/292550755", "group": "Religione", "subgroup": "Luoghi di Culto", "subcategory": "Chiesa"}, "geometry": {"type": "Point", "coordinates": [14.236083, 40.834315]}}, {"type": "Feature", "properties": {"wikidata": "Q428574", "name": "complesso di Santa Maria di Materdei", "status": "missing", "osm_id": null, "group": "Religione", "subgroup": "Vita Monastica", "subcategory": "Convento"}, "geometry": {"type": "Point", "coordinates": [14.245322, 40.855994]}}, {"type": "Feature", "properties": {"wikidata": "Q542944", "name": "Villa di Poppea", "status": "done", "osm_id": "relation/10174558", "group": "Archeologia", "subgroup": "Siti", "subcategory": "Sito archeologico"}, "geometry": {"type": "Point", "coordinates": [14.4525, 40.75722222]}}, {"type": "Feature", "properties": {"wikidata": "Q576462", "name": "pianura campana", "status": "missing", "osm_id": null, "group": "Altro", "subgroup": "Altro", "subcategory": "Altro"}, "geometry": {"type": "Point", "coordinates": [14.25, 41.0]}}, {"type": "Feature", "properties": {"wikidata": "Q600863", "name": "Giardini di Augusto", "status": "missing", "osm_id": null, "group": "Natura e paesaggio", "subgroup": "Verde", "subcategory": "Orto botanico"}, "geometry": {"type": "Point", "coordinates": [14.243333333, 40.5475]}}, {"type": "Feature", "properties": {"wikidata": "Q499139", "name": "Villa Literno", "status": "done", "osm_id": "relation/40977", "group": "Amministrazione", "subgroup": "Uffici Pubblici", "subcategory": "Comune italiano"}, "geometry": {"type": "Point", "coordinates": [14.0740848, 41.0095855]}}, {"type": "Feature", "properties": {"wikidata": "Q374012", "name": "Fontana del Sebeto", "status": "done", "osm_id": "node/3319968049", "group": "Monumenti", "subgroup": "Monumenti", "subcategory": "Fontana"}, "geometry": {"type": "Point", "coordinates": [14.2193, 40.823155]}}, {"type": "Feature", "properties": {"wikidata": "Q536771", "name": "Costiera cilentana", "status": "missing", "osm_id": null, "group": "Altro", "subgroup": "Altro", "subcategory": "Altro"}, "geometry": {"type": "Point", "coordinates": [15.182, 40.125]}}, {"type": "Feature", "properties": {"wikidata": "Q568823", "name": "complesso dell'eremo dei Camaldoli", "status": "done", "osm_id": "relation/8522381", "group": "Religione", "subgroup": "Vita Monastica", "subcategory": "Monastero"}, "geometry": {"type": "Point", "coordinates": [14.19206, 40.8582]}}, {"type": "Feature", "properties": {"wikidata": "Q525329", "name": "chiesa di Santa Caterina a Formiello", "status": "done", "osm_id": "way/287529352", "group": "Religione", "subgroup": "Luoghi di Culto", "subcategory": "Chiesa"}, "geometry": {"type": "Point", "coordinates": [14.26481, 40.85448]}}, {"type": "Feature", "properties": {"wikidata": "Q464384", "name": "tomba del Tuffatore", "status": "missing", "osm_id": null, "group": "Altro", "subgroup": "Altro", "subcategory": "Altro"}, "geometry": {"type": "Point", "coordinates": [15.0, 40.4]}}, {"type": "Feature", "properties": {"wikidata": "Q539873", "name": "Vela ai Giochi della XVII Olimpiade", "status": "missing", "osm_id": null, "group": "Altro", "subgroup": "Altro", "subcategory": "Altro"}, "geometry": {"type": "Point", "coordinates": [14.249436111, 40.826522222]}}, {"type": "Feature", "properties": {"wikidata": "Q431023", "name": "chiesa di Santa Marta", "status": "done", "osm_id": "way/261252588", "group": "Religione", "subgroup": "Luoghi di Culto", "subcategory": "Chiesa"}, "geometry": {"type": "Point", "coordinates": [14.252748, 40.847631]}}, {"type": "Feature", "properties": {"wikidata": "Q586646", "name": "Monte Massico", "status": "done", "osm_id": "node/26863898", "group": "Natura e paesaggio", "subgroup": "Montagna", "subcategory": "Montagna"}, "geometry": {"type": "Point", "coordinates": [13.919166666, 41.176111111]}}, {"type": "Feature", "properties": {"wikidata": "Q568227", "name": "chiesa di Santa Maria di Bellavista", "status": "done", "osm_id": "way/617030370", "group": "Religione", "subgroup": "Luoghi di Culto", "subcategory": "Chiesa"}, "geometry": {"type": "Point", "coordinates": [14.20045, 40.80328]}}, {"type": "Feature", "properties": {"wikidata": "Q595120", "name": "chiesa di San Nicola dei Caserti", "status": "done", "osm_id": "way/295093654", "group": "Religione", "subgroup": "Luoghi di Culto", "subcategory": "Chiesa"}, "geometry": {"type": "Point", "coordinates": [14.26316, 40.851525]}}, {"type": "Feature", "properties": {"wikidata": "Q581560", "name": "spiaggia di Citara", "status": "missing", "osm_id": null, "group": "Natura e paesaggio", "subgroup": "Mare e Costa", "subcategory": "Spiaggia"}, "geometry": {"type": "Point", "coordinates": [13.86119, 40.71727]}}, {"type": "Feature", "properties": {"wikidata": "Q568892", "name": "Briano", "status": "done", "osm_id": "node/3528224651", "group": "Insediamenti", "subgroup": "Centri", "subcategory": "Frazione"}, "geometry": {"type": "Point", "coordinates": [14.216666666, 41.166666666]}}, {"type": "Feature", "properties": {"wikidata": "Q580446", "name": "chiesa di San Giovanni a Carbonara", "status": "done", "osm_id": "way/184005596", "group": "Religione", "subgroup": "Luoghi di Culto", "subcategory": "Chiesa"}, "geometry": {"type": "Point", "coordinates": [14.26005, 40.85612]}}, {"type": "Feature", "properties": {"wikidata": "Q473110", "name": "San Marco", "status": "done", "osm_id": "node/704386980", "group": "Insediamenti", "subgroup": "Centri", "subcategory": "Frazione"}, "geometry": {"type": "Point", "coordinates": [14.93898, 40.2674]}}, {"type": "Feature", "properties": {"wikidata": "Q531746", "name": "Scario", "status": "done", "osm_id": "node/290948651", "group": "Insediamenti", "subgroup": "Centri", "subcategory": "Frazione"}, "geometry": {"type": "Point", "coordinates": [15.491319444, 40.052730555]}}, {"type": "Feature", "properties": {"wikidata": "Q380497", "name": "Aeculanum", "status": "done", "osm_id": "way/260839351", "group": "Archeologia", "subgroup": "Siti", "subcategory": "Sito archeologico"}, "geometry": {"type": "Point", "coordinates": [15.010536, 41.054035]}}, {"type": "Feature", "properties": {"wikidata": "Q549995", "name": "chiesa di Santa Teresa a Chiaia", "status": "done", "osm_id": "way/346039457", "group": "Religione", "subgroup": "Luoghi di Culto", "subcategory": "Chiesa"}, "geometry": {"type": "Point", "coordinates": [14.235785, 40.83695]}}, {"type": "Feature", "properties": {"wikidata": "Q534088", "name": "chiesa di Santa Maria dei Bianchi dell'Arte dei Verdummari", "status": "missing", "osm_id": null, "group": "Religione", "subgroup": "Luoghi di Culto", "subcategory": "Chiesa"}, "geometry": {"type": "Point", "coordinates": [14.26503056, 40.85199722]}}, {"type": "Feature", "properties": {"wikidata": "Q603166", "name": "Acquamela", "status": "done", "osm_id": "node/2315857148", "group": "Insediamenti", "subgroup": "Centri", "subcategory": "Frazione"}, "geometry": {"type": "Point", "coordinates": [14.766944444, 40.733333333]}}, {"type": "Feature", "properties": {"wikidata": "Q596459", "name": "chiesa di San Tommaso a Capuana", "status": "done", "osm_id": "way/287857203", "group": "Religione", "subgroup": "Luoghi di Culto", "subcategory": "Chiesa"}, "geometry": {"type": "Point", "coordinates": [14.26282, 40.85269]}}, {"type": "Feature", "properties": {"wikidata": "Q426339", "name": "Palazzo Reale", "status": "done", "osm_id": "relation/62237", "group": "Cultura e tempo libero", "subgroup": "Musei", "subcategory": "Museo d'arte"}, "geometry": {"type": "Point", "coordinates": [14.249283, 40.836136]}}, {"type": "Feature", "properties": {"wikidata": "Q372769", "name": "Faro di Punta Carena", "status": "done", "osm_id": "way/751447841", "group": "Infrastrutture", "subgroup": "Trasporti", "subcategory": "Faro"}, "geometry": {"type": "Point", "coordinates": [14.19888889, 40.53611111]}}, {"type": "Feature", "properties": {"wikidata": "Q590108", "name": "Lentiscosa", "status": "done", "osm_id": "node/1210268320", "group": "Insediamenti", "subgroup": "Centri", "subcategory": "Frazione"}, "geometry": {"type": "Point", "coordinates": [15.38286, 40.02195]}}, {"type": "Feature", "properties": {"wikidata": "Q401231", "name": "Miseno", "status": "done", "osm_id": "node/4210998162", "group": "Insediamenti", "subgroup": "Centri", "subcategory": "Frazione"}, "geometry": {"type": "Point", "coordinates": [14.086389, 40.786389]}}, {"type": "Feature", "properties": {"wikidata": "Q429349", "name": "autostrada A1", "status": "done", "osm_id": "relation/8753535", "group": "Altro", "subgroup": "Altro", "subcategory": "Altro"}, "geometry": {"type": "Point", "coordinates": [11.91278, 43.02213]}}, {"type": "Feature", "properties": {"wikidata": "Q598639", "name": "chiesa di San Giacomo degli Italiani", "status": "done", "osm_id": "way/248011864", "group": "Religione", "subgroup": "Luoghi di Culto", "subcategory": "Ex chiesa"}, "geometry": {"type": "Point", "coordinates": [14.254525, 40.84224]}}, {"type": "Feature", "properties": {"wikidata": "Q523944", "name": "chiesa di Santa Teresa degli Scalzi", "status": "done", "osm_id": "way/245710176", "group": "Religione", "subgroup": "Luoghi di Culto", "subcategory": "Chiesa"}, "geometry": {"type": "Point", "coordinates": [14.249135, 40.854856]}}, {"type": "Feature", "properties": {"wikidata": "Q576746", "name": "Palazzo arcivescovile", "status": "done", "osm_id": "relation/3816257", "group": "Dimore ed edifici", "subgroup": "Residenze", "subcategory": "Palazzo"}, "geometry": {"type": "Point", "coordinates": [14.25926, 40.8533]}}, {"type": "Feature", "properties": {"wikidata": "Q578044", "name": "Capitello", "status": "done", "osm_id": "node/1166103893", "group": "Insediamenti", "subgroup": "Centri", "subcategory": "Frazione"}, "geometry": {"type": "Point", "coordinates": [15.54965, 40.07684]}}, {"type": "Feature", "properties": {"wikidata": "Q578775", "name": "chiesa di San Giuseppe delle Scalze a Pontecorvo", "status": "done", "osm_id": "way/254068157", "group": "Religione", "subgroup": "Luoghi di Culto", "subcategory": "Chiesa"}, "geometry": {"type": "Point", "coordinates": [14.2472, 40.849531]}}, {"type": "Feature", "properties": {"wikidata": "Q635414", "name": "parco nazionale del Vesuvio", "status": "done", "osm_id": "relation/10443572", "group": "Natura e paesaggio", "subgroup": "Verde", "subcategory": "Area protetta"}, "geometry": {"type": "Point", "coordinates": [14.427, 40.817]}}, {"type": "Feature", "properties": {"wikidata": "Q612827", "name": "Teatro Verdi", "status": "done", "osm_id": "way/93219444", "group": "Cultura e tempo libero", "subgroup": "Spettacolo", "subcategory": "Teatro d'opera"}, "geometry": {"type": "Point", "coordinates": [14.75236, 40.67881]}}, {"type": "Feature", "properties": {"wikidata": "Q631511", "name": "chiesa della Croce di Lucca", "status": "done", "osm_id": "way/273529768", "group": "Religione", "subgroup": "Luoghi di Culto", "subcategory": "Ex chiesa"}, "geometry": {"type": "Point", "coordinates": [14.2537, 40.8499]}}, {"type": "Feature", "properties": {"wikidata": "Q612963", "name": "Palazzo Como", "status": "done", "osm_id": "way/269735713", "group": "Dimore ed edifici", "subgroup": "Residenze", "subcategory": "Palazzo"}, "geometry": {"type": "Point", "coordinates": [14.260712, 40.848908]}}, {"type": "Feature", "properties": {"wikidata": "Q608398", "name": "palazzo di Sangro di Casacalenda", "status": "done", "osm_id": "way/261256957", "group": "Dimore ed edifici", "subgroup": "Residenze", "subcategory": "Palazzo italiano"}, "geometry": {"type": "Point", "coordinates": [14.255015, 40.848233]}}, {"type": "Feature", "properties": {"wikidata": "Q650739", "name": "chiesa di San Severo al Pendino", "status": "done", "osm_id": "way/183749304", "group": "Religione", "subgroup": "Luoghi di Culto", "subcategory": "Ex chiesa"}, "geometry": {"type": "Point", "coordinates": [14.260505, 40.849155]}}, {"type": "Feature", "properties": {"wikidata": "Q655949", "name": "Palazzo Cellammare", "status": "done", "osm_id": "relation/4869957", "group": "Dimore ed edifici", "subgroup": "Residenze", "subcategory": "Palazzo"}, "geometry": {"type": "Point", "coordinates": [14.242175, 40.83605]}}, {"type": "Feature", "properties": {"wikidata": "Q649784", "name": "Palazzo Serra di Cassano", "status": "done", "osm_id": "relation/5340246", "group": "Altro", "subgroup": "Altro", "subcategory": "Altro"}, "geometry": {"type": "Point", "coordinates": [14.2458, 40.8335]}}, {"type": "Feature", "properties": {"wikidata": "Q621202", "name": "Alento", "status": "done", "osm_id": "relation/2569976", "group": "Natura e paesaggio", "subgroup": "Acqua", "subcategory": "Fiume"}, "geometry": {"type": "Point", "coordinates": [15.14325, 40.163739]}}, {"type": "Feature", "properties": {"wikidata": "Q630318", "name": "via San Gregorio Armeno", "status": "done", "osm_id": "way/270656262", "group": "Altro", "subgroup": "Altro", "subcategory": "Altro"}, "geometry": {"type": "Point", "coordinates": [14.25774, 40.850258]}}, {"type": "Feature", "properties": {"wikidata": "Q654157", "name": "chiesa di Santa Maria dell'Aiuto", "status": "done", "osm_id": "way/183744544", "group": "Religione", "subgroup": "Luoghi di Culto", "subcategory": "Chiesa"}, "geometry": {"type": "Point", "coordinates": [14.253988, 40.844407]}}, {"type": "Feature", "properties": {"wikidata": "Q651536", "name": "complesso di San Francesco delle Cappuccinelle", "status": "done", "osm_id": "relation/7753348", "group": "Religione", "subgroup": "Luoghi di Culto", "subcategory": "Chiesa"}, "geometry": {"type": "Point", "coordinates": [14.245872, 40.850897]}}, {"type": "Feature", "properties": {"wikidata": "Q614251", "name": "Bolano", "status": "done", "osm_id": "node/3084375005", "group": "Insediamenti", "subgroup": "Centri", "subcategory": "Frazione"}, "geometry": {"type": "Point", "coordinates": [14.766666666, 40.733333333]}}, {"type": "Feature", "properties": {"wikidata": "Q641244", "name": "Villa Rufolo", "status": "done", "osm_id": "way/215288585", "group": "Cultura e tempo libero", "subgroup": "Musei", "subcategory": "Museo"}, "geometry": {"type": "Point", "coordinates": [14.6126882, 40.648665]}}, {"type": "Feature", "properties": {"wikidata": "Q645041", "name": "Castel dell'ovo", "status": "done", "osm_id": "relation/12313135", "group": "Fortificazioni e militare", "subgroup": "Fortificazioni", "subcategory": "Castello"}, "geometry": {"type": "Point", "coordinates": [14.247656, 40.828315]}}, {"type": "Feature", "properties": {"wikidata": "Q657102", "name": "Atella", "status": "done", "osm_id": "way/260784121", "group": "Archeologia", "subgroup": "Siti", "subcategory": "Sito archeologico"}, "geometry": {"type": "Point", "coordinates": [14.25935, 40.95999]}}, {"type": "Feature", "properties": {"wikidata": "Q637248", "name": "Museo archeologico nazionale di Napoli", "status": "done", "osm_id": "relation/3824019", "group": "Altro", "subgroup": "Altro", "subcategory": "Altro"}, "geometry": {"type": "Point", "coordinates": [14.250555555, 40.853611111]}}, {"type": "Feature", "properties": {"wikidata": "Q647313", "name": "chiesa di Santa Maria del Rosario alle Pigne", "status": "done", "osm_id": "way/517469400", "group": "Religione", "subgroup": "Luoghi di Culto", "subcategory": "Chiesa"}, "geometry": {"type": "Point", "coordinates": [14.253355, 40.85496]}}, {"type": "Feature", "properties": {"wikidata": "Q646913", "name": "Porta Medina", "status": "missing", "osm_id": null, "group": "Fortificazioni e militare", "subgroup": "Fortificazioni", "subcategory": "Porta cittadina"}, "geometry": {"type": "Point", "coordinates": [14.25, 40.83333333]}}, {"type": "Feature", "properties": {"wikidata": "Q628491", "name": "Teatro di San Carlo", "status": "done", "osm_id": "way/29403569", "group": "Cultura e tempo libero", "subgroup": "Spettacolo", "subcategory": "Teatro d'opera"}, "geometry": {"type": "Point", "coordinates": [14.2496871, 40.837388229]}}, {"type": "Feature", "properties": {"wikidata": "Q646019", "name": "centro direzionale di Napoli", "status": "done", "osm_id": "relation/10244327", "group": "Insediamenti", "subgroup": "Zone Urbane", "subcategory": "Quartiere"}, "geometry": {"type": "Point", "coordinates": [14.2816, 40.8577]}}, {"type": "Feature", "properties": {"wikidata": "Q632705", "name": "Pino di Napoli", "status": "missing", "osm_id": null, "group": "Natura e paesaggio", "subgroup": "Verde", "subcategory": "Albero monumentale"}, "geometry": {"type": "Point", "coordinates": [14.2185, 40.8279]}}, {"type": "Feature", "properties": {"wikidata": "Q642011", "name": "Arenella", "status": "done", "osm_id": "node/4406284753", "group": "Altro", "subgroup": "Altro", "subcategory": "Altro"}, "geometry": {"type": "Point", "coordinates": [14.2221, 40.86589]}}, {"type": "Feature", "properties": {"wikidata": "Q631734", "name": "acquedotto romano del Serino", "status": "missing", "osm_id": null, "group": "Altro", "subgroup": "Altro", "subcategory": "Altro"}, "geometry": {"type": "Point", "coordinates": [14.080277777, 40.795277777]}}, {"type": "Feature", "properties": {"wikidata": "Q616403", "name": "chiesa di Sant'Antonio Abate", "status": "done", "osm_id": "way/288219065", "group": "Religione", "subgroup": "Luoghi di Culto", "subcategory": "Chiesa"}, "geometry": {"type": "Point", "coordinates": [14.2651, 40.8612]}}, {"type": "Feature", "properties": {"wikidata": "Q642612", "name": "chiesa di Santa Maria delle Grazie a Toledo", "status": "done", "osm_id": "way/183944788", "group": "Religione", "subgroup": "Luoghi di Culto", "subcategory": "Chiesa"}, "geometry": {"type": "Point", "coordinates": [14.248754, 40.842672]}}, {"type": "Feature", "properties": {"wikidata": "Q643725", "name": "chiesa di San Giorgio Martire", "status": "done", "osm_id": "way/148046054", "group": "Religione", "subgroup": "Luoghi di Culto", "subcategory": "Chiesa"}, "geometry": {"type": "Point", "coordinates": [14.17751, 40.86308]}}, {"type": "Feature", "properties": {"wikidata": "Q610420", "name": "Policastro Bussentino", "status": "done", "osm_id": "node/1166103529", "group": "Insediamenti", "subgroup": "Centri", "subcategory": "Frazione"}, "geometry": {"type": "Point", "coordinates": [15.522113027, 40.073690763]}}, {"type": "Feature", "properties": {"wikidata": "Q655709", "name": "Sabato", "status": "done", "osm_id": "relation/5560964", "group": "Natura e paesaggio", "subgroup": "Acqua", "subcategory": "Fiume"}, "geometry": {"type": "Point", "coordinates": [14.75, 41.13333333]}}, {"type": "Feature", "properties": {"wikidata": "Q606869", "name": "chiesa del Santissimo Crocifisso", "status": "done", "osm_id": "way/274485877", "group": "Religione", "subgroup": "Luoghi di Culto", "subcategory": "Chiesa"}, "geometry": {"type": "Point", "coordinates": [14.7616, 40.6783]}}, {"type": "Feature", "properties": {"wikidata": "Q80715", "name": "Calvanico", "status": "done", "osm_id": "relation/40764", "group": "Amministrazione", "subgroup": "Uffici Pubblici", "subcategory": "Comune italiano"}, "geometry": {"type": "Point", "coordinates": [14.833333333, 40.783333333]}}, {"type": "Feature", "properties": {"wikidata": "Q80787", "name": "Castelnuovo Cilento", "status": "done", "osm_id": "relation/40334", "group": "Amministrazione", "subgroup": "Uffici Pubblici", "subcategory": "Comune italiano"}, "geometry": {"type": "Point", "coordinates": [15.177111111, 40.217888888]}}, {"type": "Feature", "properties": {"wikidata": "Q80652", "name": "Battipaglia", "status": "done", "osm_id": "relation/40609", "group": "Amministrazione", "subgroup": "Uffici Pubblici", "subcategory": "Comune italiano"}, "geometry": {"type": "Point", "coordinates": [14.983333333, 40.616666666]}}, {"type": "Feature", "properties": {"wikidata": "Q80586", "name": "Atena Lucana", "status": "done", "osm_id": "relation/40517", "group": "Amministrazione", "subgroup": "Uffici Pubblici", "subcategory": "Comune italiano"}, "geometry": {"type": "Point", "coordinates": [15.55, 40.45]}}, {"type": "Feature", "properties": {"wikidata": "Q80685", "name": "Buonabitacolo", "status": "done", "osm_id": "relation/40412", "group": "Amministrazione", "subgroup": "Uffici Pubblici", "subcategory": "Comune italiano"}, "geometry": {"type": "Point", "coordinates": [15.616666666, 40.266666666]}}, {"type": "Feature", "properties": {"wikidata": "Q80781", "name": "Castelcivita", "status": "done", "osm_id": "relation/40548", "group": "Amministrazione", "subgroup": "Uffici Pubblici", "subcategory": "Comune italiano"}, "geometry": {"type": "Point", "coordinates": [15.233333333, 40.5]}}, {"type": "Feature", "properties": {"wikidata": "Q81330", "name": "Pisciotta", "status": "done", "osm_id": "relation/40275", "group": "Amministrazione", "subgroup": "Uffici Pubblici", "subcategory": "Comune italiano"}, "geometry": {"type": "Point", "coordinates": [15.233333333, 40.116666666]}}, {"type": "Feature", "properties": {"wikidata": "Q80881", "name": "Colliano", "status": "done", "osm_id": "relation/40693", "group": "Amministrazione", "subgroup": "Uffici Pubblici", "subcategory": "Comune italiano"}, "geometry": {"type": "Point", "coordinates": [15.283333333, 40.733333333]}}, {"type": "Feature", "properties": {"wikidata": "Q80969", "name": "Giungano", "status": "done", "osm_id": "relation/40476", "group": "Amministrazione", "subgroup": "Uffici Pubblici", "subcategory": "Comune italiano"}, "geometry": {"type": "Point", "coordinates": [15.0930254, 40.3903372]}}, {"type": "Feature", "properties": {"wikidata": "Q80753", "name": "Casalbuono", "status": "done", "osm_id": "relation/40343", "group": "Amministrazione", "subgroup": "Uffici Pubblici", "subcategory": "Comune italiano"}, "geometry": {"type": "Point", "coordinates": [15.6888, 40.215277777]}}, {"type": "Feature", "properties": {"wikidata": "Q80961", "name": "Giffoni Valle Piana", "status": "done", "osm_id": "relation/40680", "group": "Amministrazione", "subgroup": "Uffici Pubblici", "subcategory": "Comune italiano"}, "geometry": {"type": "Point", "coordinates": [14.933333333, 40.716666666]}}, {"type": "Feature", "properties": {"wikidata": "Q80941", "name": "Felitto", "status": "done", "osm_id": "relation/40473", "group": "Amministrazione", "subgroup": "Uffici Pubblici", "subcategory": "Comune italiano"}, "geometry": {"type": "Point", "coordinates": [15.25, 40.366666666]}}, {"type": "Feature", "properties": {"wikidata": "Q80972", "name": "Ispani", "status": "done", "osm_id": "relation/40257", "group": "Amministrazione", "subgroup": "Uffici Pubblici", "subcategory": "Comune italiano"}, "geometry": {"type": "Point", "coordinates": [15.566666666, 40.083333333]}}, {"type": "Feature", "properties": {"wikidata": "Q80558", "name": "Altavilla Silentina", "status": "done", "osm_id": "relation/40568", "group": "Amministrazione", "subgroup": "Uffici Pubblici", "subcategory": "Comune italiano"}, "geometry": {"type": "Point", "coordinates": [15.133333333, 40.533333333]}}, {"type": "Feature", "properties": {"wikidata": "Q81085", "name": "Montesano sulla Marcellana", "status": "done", "osm_id": "relation/40356", "group": "Amministrazione", "subgroup": "Uffici Pubblici", "subcategory": "Comune italiano"}, "geometry": {"type": "Point", "coordinates": [15.7, 40.283333333]}}, {"type": "Feature", "properties": {"wikidata": "Q80898", "name": "Cetara", "status": "done", "osm_id": "relation/40674", "group": "Amministrazione", "subgroup": "Uffici Pubblici", "subcategory": "Comune italiano"}, "geometry": {"type": "Point", "coordinates": [14.7, 40.65]}}, {"type": "Feature", "properties": {"wikidata": "Q80829", "name": "Castelnuovo di Conza", "status": "done", "osm_id": "relation/40793", "group": "Amministrazione", "subgroup": "Uffici Pubblici", "subcategory": "Comune italiano"}, "geometry": {"type": "Point", "coordinates": [15.316666666, 40.816666666]}}, {"type": "Feature", "properties": {"wikidata": "Q80948", "name": "Furore", "status": "done", "osm_id": "relation/40630", "group": "Amministrazione", "subgroup": "Uffici Pubblici", "subcategory": "Comune italiano"}, "geometry": {"type": "Point", "coordinates": [14.549444444, 40.621388888]}}, {"type": "Feature", "properties": {"wikidata": "Q81060", "name": "Monte San Giacomo", "status": "done", "osm_id": "relation/40419", "group": "Amministrazione", "subgroup": "Uffici Pubblici", "subcategory": "Comune italiano"}, "geometry": {"type": "Point", "coordinates": [15.533333333, 40.35]}}, {"type": "Feature", "properties": {"wikidata": "Q81141", "name": "Nocera Superiore", "status": "done", "osm_id": "relation/40712", "group": "Amministrazione", "subgroup": "Uffici Pubblici", "subcategory": "Comune italiano"}, "geometry": {"type": "Point", "coordinates": [14.672222222, 40.741666666]}}, {"type": "Feature", "properties": {"wikidata": "Q81283", "name": "Perdifumo", "status": "done", "osm_id": "relation/40383", "group": "Amministrazione", "subgroup": "Uffici Pubblici", "subcategory": "Comune italiano"}, "geometry": {"type": "Point", "coordinates": [15.00528065, 40.28103485]}}, {"type": "Feature", "properties": {"wikidata": "Q80963", "name": "Gioi", "status": "done", "osm_id": "relation/40381", "group": "Amministrazione", "subgroup": "Uffici Pubblici", "subcategory": "Comune italiano"}, "geometry": {"type": "Point", "coordinates": [15.216666666, 40.283333333]}}, {"type": "Feature", "properties": {"wikidata": "Q80669", "name": "Buccino", "status": "done", "osm_id": "relation/40619", "group": "Amministrazione", "subgroup": "Uffici Pubblici", "subcategory": "Comune italiano"}, "geometry": {"type": "Point", "coordinates": [15.383333333, 40.633333333]}}, {"type": "Feature", "properties": {"wikidata": "Q80580", "name": "Ascea", "status": "done", "osm_id": "relation/40313", "group": "Amministrazione", "subgroup": "Uffici Pubblici", "subcategory": "Comune italiano"}, "geometry": {"type": "Point", "coordinates": [15.183333333, 40.15]}}, {"type": "Feature", "properties": {"wikidata": "Q80544", "name": "Agropoli", "status": "done", "osm_id": "relation/40441", "group": "Amministrazione", "subgroup": "Uffici Pubblici", "subcategory": "Comune italiano"}, "geometry": {"type": "Point", "coordinates": [14.99655, 40.3469]}}, {"type": "Feature", "properties": {"wikidata": "Q81049", "name": "Mercato San Severino", "status": "done", "osm_id": "relation/40741", "group": "Amministrazione", "subgroup": "Uffici Pubblici", "subcategory": "Comune italiano"}, "geometry": {"type": "Point", "coordinates": [14.7347607, 40.7831279]}}, {"type": "Feature", "properties": {"wikidata": "Q81341", "name": "Pontecagnano Faiano", "status": "done", "osm_id": "relation/40621", "group": "Amministrazione", "subgroup": "Uffici Pubblici", "subcategory": "Comune italiano"}, "geometry": {"type": "Point", "coordinates": [14.883333333, 40.65]}}, {"type": "Feature", "properties": {"wikidata": "Q80563", "name": "Amalfi", "status": "done", "osm_id": "relation/40641", "group": "Amministrazione", "subgroup": "Uffici Pubblici", "subcategory": "Comune italiano"}, "geometry": {"type": "Point", "coordinates": [14.602777777, 40.633333333]}}, {"type": "Feature", "properties": {"wikidata": "Q80721", "name": "Camerota", "status": "done", "osm_id": "relation/40223", "group": "Amministrazione", "subgroup": "Uffici Pubblici", "subcategory": "Comune italiano"}, "geometry": {"type": "Point", "coordinates": [15.369927777, 40.033033333]}}, {"type": "Feature", "properties": {"wikidata": "Q81325", "name": "Piaggine", "status": "done", "osm_id": "relation/40417", "group": "Amministrazione", "subgroup": "Uffici Pubblici", "subcategory": "Comune italiano"}, "geometry": {"type": "Point", "coordinates": [15.383333333, 40.35]}}, {"type": "Feature", "properties": {"wikidata": "Q81267", "name": "Palomonte", "status": "done", "osm_id": "relation/40651", "group": "Amministrazione", "subgroup": "Uffici Pubblici", "subcategory": "Comune italiano"}, "geometry": {"type": "Point", "coordinates": [15.3, 40.666666666]}}, {"type": "Feature", "properties": {"wikidata": "Q80599", "name": "Auletta", "status": "done", "osm_id": "relation/40560", "group": "Amministrazione", "subgroup": "Uffici Pubblici", "subcategory": "Comune italiano"}, "geometry": {"type": "Point", "coordinates": [15.424444444, 40.561111111]}}, {"type": "Feature", "properties": {"wikidata": "Q80870", "name": "Ceraso", "status": "done", "osm_id": "relation/40319", "group": "Amministrazione", "subgroup": "Uffici Pubblici", "subcategory": "Comune italiano"}, "geometry": {"type": "Point", "coordinates": [15.25, 40.2]}}, {"type": "Feature", "properties": {"wikidata": "Q80878", "name": "Cicerale", "status": "done", "osm_id": "relation/40448", "group": "Amministrazione", "subgroup": "Uffici Pubblici", "subcategory": "Comune italiano"}, "geometry": {"type": "Point", "coordinates": [15.133333333, 40.35]}}, {"type": "Feature", "properties": {"wikidata": "Q80933", "name": "Eboli", "status": "done", "osm_id": "relation/40564", "group": "Amministrazione", "subgroup": "Uffici Pubblici", "subcategory": "Comune italiano"}, "geometry": {"type": "Point", "coordinates": [15.056388888, 40.616944444]}}, {"type": "Feature", "properties": {"wikidata": "Q81333", "name": "Polla", "status": "done", "osm_id": "relation/40553", "group": "Amministrazione", "subgroup": "Uffici Pubblici", "subcategory": "Comune italiano"}, "geometry": {"type": "Point", "coordinates": [15.49795, 40.5171]}}, {"type": "Feature", "properties": {"wikidata": "Q80888", "name": "Corbara", "status": "done", "osm_id": "relation/40709", "group": "Amministrazione", "subgroup": "Uffici Pubblici", "subcategory": "Comune italiano"}, "geometry": {"type": "Point", "coordinates": [14.6, 40.716666666]}}, {"type": "Feature", "properties": {"wikidata": "Q80554", "name": "Alfano", "status": "done", "osm_id": "relation/40327", "group": "Amministrazione", "subgroup": "Uffici Pubblici", "subcategory": "Comune italiano"}, "geometry": {"type": "Point", "coordinates": [15.424597222, 40.177458333]}}, {"type": "Feature", "properties": {"wikidata": "Q81057", "name": "Montano Antilia", "status": "done", "osm_id": "relation/40298", "group": "Amministrazione", "subgroup": "Uffici Pubblici", "subcategory": "Comune italiano"}, "geometry": {"type": "Point", "coordinates": [15.366666666, 40.162008333]}}, {"type": "Feature", "properties": {"wikidata": "Q80734", "name": "Campagna", "status": "done", "osm_id": "relation/40634", "group": "Amministrazione", "subgroup": "Uffici Pubblici", "subcategory": "Comune italiano"}, "geometry": {"type": "Point", "coordinates": [15.10638, 40.66661]}}, {"type": "Feature", "properties": {"wikidata": "Q81164", "name": "Orria", "status": "done", "osm_id": "relation/40401", "group": "Amministrazione", "subgroup": "Uffici Pubblici", "subcategory": "Comune italiano"}, "geometry": {"type": "Point", "coordinates": [15.166666666, 40.3]}}, {"type": "Feature", "properties": {"wikidata": "Q80773", "name": "Castel San Giorgio", "status": "done", "osm_id": "relation/40756", "group": "Amministrazione", "subgroup": "Uffici Pubblici", "subcategory": "Comune italiano"}, "geometry": {"type": "Point", "coordinates": [14.7, 40.783333333]}}, {"type": "Feature", "properties": {"wikidata": "Q80709", "name": "Caggiano", "status": "done", "osm_id": "relation/40587", "group": "Amministrazione", "subgroup": "Uffici Pubblici", "subcategory": "Comune italiano"}, "geometry": {"type": "Point", "coordinates": [15.5, 40.566666666]}}, {"type": "Feature", "properties": {"wikidata": "Q80770", "name": "Caselle in Pittari", "status": "done", "osm_id": "relation/40326", "group": "Amministrazione", "subgroup": "Uffici Pubblici", "subcategory": "Comune italiano"}, "geometry": {"type": "Point", "coordinates": [15.55, 40.166666666]}}, {"type": "Feature", "properties": {"wikidata": "Q80885", "name": "Controne", "status": "done", "osm_id": "relation/40572", "group": "Amministrazione", "subgroup": "Uffici Pubblici", "subcategory": "Comune italiano"}, "geometry": {"type": "Point", "coordinates": [15.2, 40.516666666]}}, {"type": "Feature", "properties": {"wikidata": "Q81013", "name": "Magliano Vetere", "status": "done", "osm_id": "relation/40443", "group": "Amministrazione", "subgroup": "Uffici Pubblici", "subcategory": "Comune italiano"}, "geometry": {"type": "Point", "coordinates": [15.233333333, 40.35]}}, {"type": "Feature", "properties": {"wikidata": "Q80851", "name": "Celle di Bulgheria", "status": "done", "osm_id": "relation/40261", "group": "Amministrazione", "subgroup": "Uffici Pubblici", "subcategory": "Comune italiano"}, "geometry": {"type": "Point", "coordinates": [15.4, 40.1]}}, {"type": "Feature", "properties": {"wikidata": "Q80750", "name": "Casal Velino", "status": "done", "osm_id": "relation/40329", "group": "Amministrazione", "subgroup": "Uffici Pubblici", "subcategory": "Comune italiano"}, "geometry": {"type": "Point", "coordinates": [15.116666666, 40.183333333]}}, {"type": "Feature", "properties": {"wikidata": "Q80743", "name": "Cannalonga", "status": "done", "osm_id": "relation/40373", "group": "Amministrazione", "subgroup": "Uffici Pubblici", "subcategory": "Comune italiano"}, "geometry": {"type": "Point", "coordinates": [15.3, 40.25]}}, {"type": "Feature", "properties": {"wikidata": "Q80887", "name": "Contursi Terme", "status": "done", "osm_id": "relation/40650", "group": "Amministrazione", "subgroup": "Uffici Pubblici", "subcategory": "Comune italiano"}, "geometry": {"type": "Point", "coordinates": [15.233333333, 40.633333333]}}, {"type": "Feature", "properties": {"wikidata": "Q80591", "name": "Atrani", "status": "done", "osm_id": "relation/40656", "group": "Amministrazione", "subgroup": "Uffici Pubblici", "subcategory": "Comune italiano"}, "geometry": {"type": "Point", "coordinates": [14.60754, 40.6369]}}, {"type": "Feature", "properties": {"wikidata": "Q81016", "name": "Maiori", "status": "done", "osm_id": "relation/40669", "group": "Amministrazione", "subgroup": "Uffici Pubblici", "subcategory": "Comune italiano"}, "geometry": {"type": "Point", "coordinates": [14.638888888, 40.648611111]}}, {"type": "Feature", "properties": {"wikidata": "Q81055", "name": "Moio della Civitella", "status": "done", "osm_id": "relation/40382", "group": "Amministrazione", "subgroup": "Uffici Pubblici", "subcategory": "Comune italiano"}, "geometry": {"type": "Point", "coordinates": [15.26886, 40.2471]}}, {"type": "Feature", "properties": {"wikidata": "Q81077", "name": "Montecorvino Rovella", "status": "done", "osm_id": "relation/40662", "group": "Amministrazione", "subgroup": "Uffici Pubblici", "subcategory": "Comune italiano"}, "geometry": {"type": "Point", "coordinates": [14.983333333, 40.7]}}, {"type": "Feature", "properties": {"wikidata": "Q80537", "name": "Acerno", "status": "done", "osm_id": "relation/40700", "group": "Amministrazione", "subgroup": "Uffici Pubblici", "subcategory": "Comune italiano"}, "geometry": {"type": "Point", "coordinates": [15.05, 40.75]}}, {"type": "Feature", "properties": {"wikidata": "Q80785", "name": "Castellabate", "status": "done", "osm_id": "relation/40398", "group": "Altro", "subgroup": "Altro", "subcategory": "Altro"}, "geometry": {"type": "Point", "coordinates": [14.952777777, 40.278888888]}}, {"type": "Feature", "properties": {"wikidata": "Q80663", "name": "Bracigliano", "status": "done", "osm_id": "relation/40800", "group": "Amministrazione", "subgroup": "Uffici Pubblici", "subcategory": "Comune italiano"}, "geometry": {"type": "Point", "coordinates": [14.7057, 40.8226]}}, {"type": "Feature", "properties": {"wikidata": "Q81338", "name": "Pollica", "status": "done", "osm_id": "relation/40336", "group": "Amministrazione", "subgroup": "Uffici Pubblici", "subcategory": "Comune italiano"}, "geometry": {"type": "Point", "coordinates": [15.066666666, 40.183333333]}}, {"type": "Feature", "properties": {"wikidata": "Q81072", "name": "Montecorvino Pugliano", "status": "done", "osm_id": "relation/40664", "group": "Altro", "subgroup": "Altro", "subcategory": "Altro"}, "geometry": {"type": "Point", "coordinates": [14.95, 40.683333333]}}, {"type": "Feature", "properties": {"wikidata": "Q80568", "name": "Angri", "status": "done", "osm_id": "relation/40719", "group": "Amministrazione", "subgroup": "Uffici Pubblici", "subcategory": "Comune italiano"}, "geometry": {"type": "Point", "coordinates": [14.569444444, 40.743055555]}}, {"type": "Feature", "properties": {"wikidata": "Q80834", "name": "Castiglione del Genovesi", "status": "done", "osm_id": "relation/40723", "group": "Amministrazione", "subgroup": "Uffici Pubblici", "subcategory": "Comune italiano"}, "geometry": {"type": "Point", "coordinates": [14.85, 40.733333333]}}, {"type": "Feature", "properties": {"wikidata": "Q81010", "name": "Lustra", "status": "done", "osm_id": "relation/40392", "group": "Amministrazione", "subgroup": "Uffici Pubblici", "subcategory": "Comune italiano"}, "geometry": {"type": "Point", "coordinates": [15.066666666, 40.283333333]}}, {"type": "Feature", "properties": {"wikidata": "Q80997", "name": "Laureana Cilento", "status": "done", "osm_id": "relation/40429", "group": "Amministrazione", "subgroup": "Uffici Pubblici", "subcategory": "Comune italiano"}, "geometry": {"type": "Point", "coordinates": [15.033333333, 40.3]}}, {"type": "Feature", "properties": {"wikidata": "Q81053", "name": "Minori", "status": "done", "osm_id": "relation/40665", "group": "Amministrazione", "subgroup": "Uffici Pubblici", "subcategory": "Comune italiano"}, "geometry": {"type": "Point", "coordinates": [14.62495, 40.65269]}}, {"type": "Feature", "properties": {"wikidata": "Q81290", "name": "Perito", "status": "done", "osm_id": "relation/40395", "group": "Amministrazione", "subgroup": "Uffici Pubblici", "subcategory": "Comune italiano"}, "geometry": {"type": "Point", "coordinates": [15.14766, 40.29771]}}, {"type": "Feature", "properties": {"wikidata": "Q81160", "name": "Oliveto Citra", "status": "done", "osm_id": "relation/40692", "group": "Amministrazione", "subgroup": "Uffici Pubblici", "subcategory": "Comune italiano"}, "geometry": {"type": "Point", "coordinates": [15.231111111, 40.689444444]}}, {"type": "Feature", "properties": {"wikidata": "Q80893", "name": "Corleto Monforte", "status": "done", "osm_id": "relation/40496", "group": "Amministrazione", "subgroup": "Uffici Pubblici", "subcategory": "Comune italiano"}, "geometry": {"type": "Point", "coordinates": [15.383333333, 40.433333333]}}, {"type": "Feature", "properties": {"wikidata": "Q75524", "name": "Isole Flegree", "status": "done", "osm_id": "relation/6496943", "group": "Altro", "subgroup": "Altro", "subcategory": "Altro"}, "geometry": {"type": "Point", "coordinates": [14.01666667, 40.75]}}, {"type": "Feature", "properties": {"wikidata": "Q80661", "name": "Bellosguardo", "status": "done", "osm_id": "relation/40488", "group": "Amministrazione", "subgroup": "Uffici Pubblici", "subcategory": "Comune italiano"}, "geometry": {"type": "Point", "coordinates": [15.31219, 40.42222]}}, {"type": "Feature", "properties": {"wikidata": "Q80746", "name": "Capaccio Paestum", "status": "done", "osm_id": "relation/40478", "group": "Amministrazione", "subgroup": "Uffici Pubblici", "subcategory": "Comune italiano"}, "geometry": {"type": "Point", "coordinates": [15.083333333, 40.416666666]}}, {"type": "Feature", "properties": {"wikidata": "Q81089", "name": "Morigerati", "status": "done", "osm_id": "relation/40301", "group": "Amministrazione", "subgroup": "Uffici Pubblici", "subcategory": "Comune italiano"}, "geometry": {"type": "Point", "coordinates": [15.555083333, 40.139583333]}}, {"type": "Feature", "properties": {"wikidata": "Q80867", "name": "Centola", "status": "done", "osm_id": "relation/40216", "group": "Amministrazione", "subgroup": "Uffici Pubblici", "subcategory": "Comune italiano"}, "geometry": {"type": "Point", "coordinates": [15.316666666, 40.066666666]}}, {"type": "Feature", "properties": {"wikidata": "Q81146", "name": "Novi Velia", "status": "done", "osm_id": "relation/40348", "group": "Amministrazione", "subgroup": "Uffici Pubblici", "subcategory": "Comune italiano"}, "geometry": {"type": "Point", "coordinates": [15.283333333, 40.216666666]}}, {"type": "Feature", "properties": {"wikidata": "Q81155", "name": "Olevano sul Tusciano", "status": "done", "osm_id": "relation/40661", "group": "Altro", "subgroup": "Altro", "subcategory": "Altro"}, "geometry": {"type": "Point", "coordinates": [15.02305, 40.65719]}}, {"type": "Feature", "properties": {"wikidata": "Q80954", "name": "Futani", "status": "done", "osm_id": "relation/40320", "group": "Amministrazione", "subgroup": "Uffici Pubblici", "subcategory": "Comune italiano"}, "geometry": {"type": "Point", "coordinates": [15.322222222, 40.151666666]}}, {"type": "Feature", "properties": {"wikidata": "Q81004", "name": "Laviano", "status": "done", "osm_id": "relation/40745", "group": "Amministrazione", "subgroup": "Uffici Pubblici", "subcategory": "Comune italiano"}, "geometry": {"type": "Point", "coordinates": [15.30791, 40.78619]}}, {"type": "Feature", "properties": {"wikidata": "Q80757", "name": "Casaletto Spartano", "status": "done", "osm_id": "relation/40282", "group": "Amministrazione", "subgroup": "Uffici Pubblici", "subcategory": "Comune italiano"}, "geometry": {"type": "Point", "coordinates": [15.616666666, 40.15]}}, {"type": "Feature", "properties": {"wikidata": "Q80896", "name": "Cuccaro Vetere", "status": "done", "osm_id": "relation/40344", "group": "Amministrazione", "subgroup": "Uffici Pubblici", "subcategory": "Comune italiano"}, "geometry": {"type": "Point", "coordinates": [15.316666666, 40.166666666]}}, {"type": "Feature", "properties": {"wikidata": "Q71562", "name": "Liri", "status": "missing", "osm_id": null, "group": "Natura e paesaggio", "subgroup": "Acqua", "subcategory": "Fiume"}, "geometry": {"type": "Point", "coordinates": [13.8629, 41.4098]}}, {"type": "Feature", "properties": {"wikidata": "Q80655", "name": "Bellizzi", "status": "done", "osm_id": "relation/40645", "group": "Amministrazione", "subgroup": "Uffici Pubblici", "subcategory": "Comune italiano"}, "geometry": {"type": "Point", "coordinates": [14.95, 40.616666666]}}, {"type": "Feature", "properties": {"wikidata": "Q81296", "name": "Pertosa", "status": "done", "osm_id": "relation/40586", "group": "Amministrazione", "subgroup": "Uffici Pubblici", "subcategory": "Comune italiano"}, "geometry": {"type": "Point", "coordinates": [15.45, 40.55]}}, {"type": "Feature", "properties": {"wikidata": "Q81311", "name": "Petina", "status": "done", "osm_id": "relation/40562", "group": "Amministrazione", "subgroup": "Uffici Pubblici", "subcategory": "Comune italiano"}, "geometry": {"type": "Point", "coordinates": [15.37345, 40.53209]}}, {"type": "Feature", "properties": {"wikidata": "Q80957", "name": "Giffoni Sei Casali", "status": "done", "osm_id": "relation/40729", "group": "Amministrazione", "subgroup": "Uffici Pubblici", "subcategory": "Comune italiano"}, "geometry": {"type": "Point", "coordinates": [14.9, 40.716666666]}}, {"type": "Feature", "properties": {"wikidata": "Q80547", "name": "Albanella", "status": "done", "osm_id": "relation/40554", "group": "Amministrazione", "subgroup": "Uffici Pubblici", "subcategory": "Comune italiano"}, "geometry": {"type": "Point", "coordinates": [15.116666666, 40.483333333]}}, {"type": "Feature", "properties": {"wikidata": "Q80737", "name": "Campora", "status": "done", "osm_id": "relation/40403", "group": "Amministrazione", "subgroup": "Uffici Pubblici", "subcategory": "Comune italiano"}, "geometry": {"type": "Point", "coordinates": [15.3, 40.3]}}, {"type": "Feature", "properties": {"wikidata": "Q80883", "name": "Conca dei Marini", "status": "done", "osm_id": "relation/40637", "group": "Amministrazione", "subgroup": "Uffici Pubblici", "subcategory": "Comune italiano"}, "geometry": {"type": "Point", "coordinates": [14.566666666, 40.616666666]}}, {"type": "Feature", "properties": {"wikidata": "Q81062", "name": "Montecorice", "status": "done", "osm_id": "relation/40358", "group": "Amministrazione", "subgroup": "Uffici Pubblici", "subcategory": "Comune italiano"}, "geometry": {"type": "Point", "coordinates": [14.983888888, 40.234166666]}}, {"type": "Feature", "properties": {"wikidata": "Q81270", "name": "Pellezzano", "status": "done", "osm_id": "relation/40720", "group": "Amministrazione", "subgroup": "Uffici Pubblici", "subcategory": "Comune italiano"}, "geometry": {"type": "Point", "coordinates": [14.766666666, 40.733333333]}}, {"type": "Feature", "properties": {"wikidata": "Q80999", "name": "Laurino", "status": "done", "osm_id": "relation/40402", "group": "Amministrazione", "subgroup": "Uffici Pubblici", "subcategory": "Comune italiano"}, "geometry": {"type": "Point", "coordinates": [15.333333333, 40.333333333]}}, {"type": "Feature", "properties": {"wikidata": "Q80647", "name": "Baronissi", "status": "done", "osm_id": "relation/40722", "group": "Amministrazione", "subgroup": "Uffici Pubblici", "subcategory": "Comune italiano"}, "geometry": {"type": "Point", "coordinates": [14.78, 40.75]}}, {"type": "Feature", "properties": {"wikidata": "Q81080", "name": "Monteforte Cilento", "status": "done", "osm_id": "relation/40444", "group": "Amministrazione", "subgroup": "Uffici Pubblici", "subcategory": "Comune italiano"}, "geometry": {"type": "Point", "coordinates": [15.2, 40.366666666]}}, {"type": "Feature", "properties": {"wikidata": "Q80778", "name": "Castel San Lorenzo", "status": "done", "osm_id": "relation/40508", "group": "Amministrazione", "subgroup": "Uffici Pubblici", "subcategory": "Comune italiano"}, "geometry": {"type": "Point", "coordinates": [15.233333333, 40.416666666]}}, {"type": "Feature", "properties": {"wikidata": "Q81138", "name": "Nocera Inferiore", "status": "done", "osm_id": "relation/40716", "group": "Amministrazione", "subgroup": "Uffici Pubblici", "subcategory": "Comune italiano"}, "geometry": {"type": "Point", "coordinates": [14.633333333, 40.75]}}, {"type": "Feature", "properties": {"wikidata": "Q80944", "name": "Fisciano", "status": "done", "osm_id": "relation/40744", "group": "Amministrazione", "subgroup": "Uffici Pubblici", "subcategory": "Comune italiano"}, "geometry": {"type": "Point", "coordinates": [14.8, 40.766666666]}}, {"type": "Feature", "properties": {"wikidata": "Q81167", "name": "Ottati", "status": "done", "osm_id": "relation/40518", "group": "Amministrazione", "subgroup": "Uffici Pubblici", "subcategory": "Comune italiano"}, "geometry": {"type": "Point", "coordinates": [15.316666666, 40.466666666]}}, {"type": "Feature", "properties": {"wikidata": "Q81263", "name": "Pagani", "status": "done", "osm_id": "relation/40718", "group": "Amministrazione", "subgroup": "Uffici Pubblici", "subcategory": "Comune italiano"}, "geometry": {"type": "Point", "coordinates": [14.616666666, 40.741666666]}}, {"type": "Feature", "properties": {"wikidata": "Q81151", "name": "Ogliastro Cilento", "status": "done", "osm_id": "relation/40456", "group": "Amministrazione", "subgroup": "Uffici Pubblici", "subcategory": "Comune italiano"}, "geometry": {"type": "Point", "coordinates": [15.05, 40.35]}}, {"type": "Feature", "properties": {"wikidata": "Q80574", "name": "Aquara", "status": "done", "osm_id": "relation/40509", "group": "Amministrazione", "subgroup": "Uffici Pubblici", "subcategory": "Comune italiano"}, "geometry": {"type": "Point", "coordinates": [15.25385, 40.44391]}}, {"type": "Feature", "properties": {"wikidata": "Q81161", "name": "Omignano", "status": "done", "osm_id": "relation/40374", "group": "Amministrazione", "subgroup": "Uffici Pubblici", "subcategory": "Comune italiano"}, "geometry": {"type": "Point", "coordinates": [15.1020957, 40.2505987]}}, {"type": "Feature", "properties": {"wikidata": "Q1152689", "name": "Caprioli", "status": "done", "osm_id": "node/1239117255", "group": "Insediamenti", "subgroup": "Centri", "subcategory": "Frazione"}, "geometry": {"type": "Point", "coordinates": [15.265981, 40.083953]}}, {"type": "Feature", "properties": {"wikidata": "Q1239540", "name": "Port'Alba", "status": "done", "osm_id": "way/270240996", "group": "Fortificazioni e militare", "subgroup": "Fortificazioni", "subcategory": "Porta cittadina"}, "geometry": {"type": "Point", "coordinates": [14.2518, 40.8494]}}, {"type": "Feature", "properties": {"wikidata": "Q1235367", "name": "Picentino", "status": "missing", "osm_id": null, "group": "Natura e paesaggio", "subgroup": "Acqua", "subcategory": "Fiume"}, "geometry": {"type": "Point", "coordinates": [14.83333, 40.63333]}}, {"type": "Feature", "properties": {"wikidata": "Q1119211", "name": "San Severino", "status": "done", "osm_id": "way/108190747", "group": "Insediamenti", "subgroup": "Centri", "subcategory": "Frazione"}, "geometry": {"type": "Point", "coordinates": [15.35, 40.08333333]}}, {"type": "Feature", "properties": {"wikidata": "Q1225142", "name": "oratorio della Confraternita dei Bianchi", "status": "missing", "osm_id": null, "group": "Religione", "subgroup": "Luoghi di Culto", "subcategory": "Oratorio"}, "geometry": {"type": "Point", "coordinates": [14.248393, 40.847404]}}, {"type": "Feature", "properties": {"wikidata": "Q1113663", "name": "stazione di Pontecagnano", "status": "done", "osm_id": "relation/6663518", "group": "Infrastrutture", "subgroup": "Trasporti", "subcategory": "Stazione ferroviaria"}, "geometry": {"type": "Point", "coordinates": [14.8727, 40.6403]}}, {"type": "Feature", "properties": {"wikidata": "Q1179065", "name": "monte Mutria", "status": "done", "osm_id": "node/7968771214", "group": "Natura e paesaggio", "subgroup": "Montagna", "subcategory": "Montagna"}, "geometry": {"type": "Point", "coordinates": [14.523333333, 41.385]}}, {"type": "Feature", "properties": {"wikidata": "Q1094172", "name": "Teatro San Bartolomeo", "status": "missing", "osm_id": null, "group": "Cultura e tempo libero", "subgroup": "Spettacolo", "subcategory": "Teatro d'opera"}, "geometry": {"type": "Point", "coordinates": [14.2531, 40.8417]}}, {"type": "Feature", "properties": {"wikidata": "Q1133915", "name": "stadio San Francesco d'Assisi", "status": "done", "osm_id": "way/225982620", "group": "Cultura e tempo libero", "subgroup": "Sport", "subcategory": "Impianto sportivo"}, "geometry": {"type": "Point", "coordinates": [14.652581, 40.747319]}}, {"type": "Feature", "properties": {"wikidata": "Q1218468", "name": "Agro nolano", "status": "missing", "osm_id": null, "group": "Altro", "subgroup": "Altro", "subcategory": "Altro"}, "geometry": {"type": "Point", "coordinates": [14.45, 40.9333]}}, {"type": "Feature", "properties": {"wikidata": "Q1246201", "name": "Duomo di Ravello", "status": "done", "osm_id": "way/99684738", "group": "Religione", "subgroup": "Luoghi di Culto", "subcategory": "Basilica minore"}, "geometry": {"type": "Point", "coordinates": [14.612, 40.6493]}}, {"type": "Feature", "properties": {"wikidata": "Q1242721", "name": "Penta", "status": "done", "osm_id": "node/1586327461", "group": "Insediamenti", "subgroup": "Centri", "subcategory": "Frazione"}, "geometry": {"type": "Point", "coordinates": [14.794116666, 40.761611111]}}, {"type": "Feature", "properties": {"wikidata": "Q1215731", "name": "area metropolitana di Napoli", "status": "missing", "osm_id": null, "group": "Altro", "subgroup": "Altro", "subcategory": "Altro"}, "geometry": {"type": "Point", "coordinates": [14.248611111, 40.835833333]}}, {"type": "Feature", "properties": {"wikidata": "Q1114092", "name": "Rione Sanit\u00e0", "status": "done", "osm_id": "node/8125035463", "group": "Insediamenti", "subgroup": "Zone Urbane", "subcategory": "Quartiere"}, "geometry": {"type": "Point", "coordinates": [14.249074, 40.859346]}}, {"type": "Feature", "properties": {"wikidata": "Q1174435", "name": "castello di Arechi", "status": "done", "osm_id": "way/104213919", "group": "Altro", "subgroup": "Altro", "subcategory": "Altro"}, "geometry": {"type": "Point", "coordinates": [14.754746, 40.684511]}}, {"type": "Feature", "properties": {"wikidata": "Q1094532", "name": "chiesa di San Giovanni del Toro", "status": "done", "osm_id": "way/207969354", "group": "Religione", "subgroup": "Luoghi di Culto", "subcategory": "Chiesa"}, "geometry": {"type": "Point", "coordinates": [14.6126, 40.6514]}}, {"type": "Feature", "properties": {"wikidata": "Q1228164", "name": "Palazzo Guevara di Bovino", "status": "done", "osm_id": "relation/8539306", "group": "Dimore ed edifici", "subgroup": "Residenze", "subcategory": "Palazzo"}, "geometry": {"type": "Point", "coordinates": [14.226145, 40.83266]}}, {"type": "Feature", "properties": {"wikidata": "Q1157122", "name": "Montevergine", "status": "done", "osm_id": "node/1074831387", "group": "Natura e paesaggio", "subgroup": "Montagna", "subcategory": "Montagna"}, "geometry": {"type": "Point", "coordinates": [14.7244325, 40.9393747]}}, {"type": "Feature", "properties": {"wikidata": "Q1123095", "name": "Museo di anatomia umana", "status": "done", "osm_id": "node/2785675445", "group": "Cultura e tempo libero", "subgroup": "Musei", "subcategory": "Museo"}, "geometry": {"type": "Point", "coordinates": [14.255558, 40.853369]}}, {"type": "Feature", "properties": {"wikidata": "Q1228267", "name": "Palazzo Tufarelli", "status": "done", "osm_id": "relation/3507425", "group": "Dimore ed edifici", "subgroup": "Residenze", "subcategory": "Palazzo"}, "geometry": {"type": "Point", "coordinates": [14.25453, 40.84825]}}, {"type": "Feature", "properties": {"wikidata": "Q1228166", "name": "Palazzo Calabritto", "status": "done", "osm_id": "way/343498358", "group": "Dimore ed edifici", "subgroup": "Residenze", "subcategory": "Palazzo"}, "geometry": {"type": "Point", "coordinates": [14.241762, 40.83386]}}, {"type": "Feature", "properties": {"wikidata": "Q1228178", "name": "Villa Carafa di Belvedere", "status": "missing", "osm_id": null, "group": "Dimore ed edifici", "subgroup": "Residenze", "subcategory": "Villa"}, "geometry": {"type": "Point", "coordinates": [14.226367, 40.840628]}}, {"type": "Feature", "properties": {"wikidata": "Q1236912", "name": "Pizzofalcone", "status": "missing", "osm_id": null, "group": "Natura e paesaggio", "subgroup": "Montagna", "subcategory": "Collina"}, "geometry": {"type": "Point", "coordinates": [14.24649954, 40.83229586]}}, {"type": "Feature", "properties": {"wikidata": "Q1228302", "name": "Palazzo della Regina Giovanna", "status": "missing", "osm_id": null, "group": "Dimore ed edifici", "subgroup": "Residenze", "subcategory": "Palazzo"}, "geometry": {"type": "Point", "coordinates": [14.25, 40.83333333]}}, {"type": "Feature", "properties": {"wikidata": "Q1111781", "name": "chiesa di Santa Maria dell'Arco in via Soprammuro", "status": "done", "osm_id": "way/261133791", "group": "Religione", "subgroup": "Luoghi di Culto", "subcategory": "Chiesa"}, "geometry": {"type": "Point", "coordinates": [14.2681, 40.8489]}}, {"type": "Feature", "properties": {"wikidata": "Q1123182", "name": "Comunit\u00e0 montana Penisola Amalfitana", "status": "missing", "osm_id": null, "group": "Altro", "subgroup": "Altro", "subcategory": "Altro"}, "geometry": {"type": "Point", "coordinates": [14.63333333, 40.7]}}, {"type": "Feature", "properties": {"wikidata": "Q1101657", "name": "Pianura", "status": "done", "osm_id": "node/1583868410", "group": "Altro", "subgroup": "Altro", "subcategory": "Altro"}, "geometry": {"type": "Point", "coordinates": [14.16888889, 40.85833333]}}, {"type": "Feature", "properties": {"wikidata": "Q1123318", "name": "Comunit\u00e0 montana dell'Ufita", "status": "missing", "osm_id": null, "group": "Altro", "subgroup": "Altro", "subcategory": "Altro"}, "geometry": {"type": "Point", "coordinates": [15.08416667, 41.14972222]}}, {"type": "Feature", "properties": {"wikidata": "Q1228239", "name": "Palazzo Pinelli", "status": "missing", "osm_id": null, "group": "Dimore ed edifici", "subgroup": "Residenze", "subcategory": "Palazzo"}, "geometry": {"type": "Point", "coordinates": [14.25458, 40.848065]}}, {"type": "Feature", "properties": {"wikidata": "Q1228217", "name": "Palazzo Orsini di Gravina", "status": "done", "osm_id": "relation/1191646", "group": "Dimore ed edifici", "subgroup": "Residenze", "subcategory": "Palazzo"}, "geometry": {"type": "Point", "coordinates": [14.251462, 40.845237]}}, {"type": "Feature", "properties": {"wikidata": "Q1152518", "name": "Palasport Giacomo Del Mauro", "status": "missing", "osm_id": null, "group": "Altro", "subgroup": "Altro", "subcategory": "Altro"}, "geometry": {"type": "Point", "coordinates": [14.789267, 40.925814]}}, {"type": "Feature", "properties": {"wikidata": "Q1241298", "name": "Villa dei Misteri", "status": "done", "osm_id": "relation/8758442", "group": "Altro", "subgroup": "Altro", "subcategory": "Altro"}, "geometry": {"type": "Point", "coordinates": [14.47744444, 40.75369444]}}, {"type": "Feature", "properties": {"wikidata": "Q1123155", "name": "Comunit\u00e0 montana Monti Lattari - Penisola Sorrentina", "status": "missing", "osm_id": null, "group": "Altro", "subgroup": "Altro", "subcategory": "Altro"}, "geometry": {"type": "Point", "coordinates": [14.55, 40.63333333]}}, {"type": "Feature", "properties": {"wikidata": "Q1239998", "name": "cattedrale di Pozzuoli", "status": "done", "osm_id": "way/124063597", "group": "Religione", "subgroup": "Luoghi di Culto", "subcategory": "Basilica minore"}, "geometry": {"type": "Point", "coordinates": [14.12056, 40.82145]}}, {"type": "Feature", "properties": {"wikidata": "Q1165149", "name": "chiesa di Maria Santissima Desolata", "status": "done", "osm_id": "way/226237952", "group": "Religione", "subgroup": "Luoghi di Culto", "subcategory": "Chiesa"}, "geometry": {"type": "Point", "coordinates": [14.16741, 40.81545]}}, {"type": "Feature", "properties": {"wikidata": "Q1239397", "name": "Porta Nolana", "status": "done", "osm_id": "way/253496296", "group": "Fortificazioni e militare", "subgroup": "Fortificazioni", "subcategory": "Porta cittadina"}, "geometry": {"type": "Point", "coordinates": [14.267918, 40.850278]}}, {"type": "Feature", "properties": {"wikidata": "Q1228306", "name": "Palazzo delle Arti di Napoli", "status": "done", "osm_id": "node/3683555296", "group": "Cultura e tempo libero", "subgroup": "Musei", "subcategory": "Museo"}, "geometry": {"type": "Point", "coordinates": [14.236977, 40.836647]}}, {"type": "Feature", "properties": {"wikidata": "Q1235330", "name": "piazza del Mercato", "status": "done", "osm_id": "way/914791212", "group": "Insediamenti", "subgroup": "Zone Urbane", "subcategory": "Piazza"}, "geometry": {"type": "Point", "coordinates": [14.2658, 40.8472]}}, {"type": "Feature", "properties": {"wikidata": "Q1177865", "name": "chiesa della Missione ai Vergini", "status": "done", "osm_id": "way/433777189", "group": "Religione", "subgroup": "Luoghi di Culto", "subcategory": "Chiesa"}, "geometry": {"type": "Point", "coordinates": [14.2549, 40.8571]}}, {"type": "Feature", "properties": {"wikidata": "Q1119370", "name": "Villa Paradiso", "status": "missing", "osm_id": null, "group": "Dimore ed edifici", "subgroup": "Residenze", "subcategory": "Villa"}, "geometry": {"type": "Point", "coordinates": [14.225668, 40.860492]}}, {"type": "Feature", "properties": {"wikidata": "Q1235801", "name": "chiesa della Piet\u00e0 dei Turchini", "status": "done", "osm_id": "way/183944787", "group": "Religione", "subgroup": "Luoghi di Culto", "subcategory": "Chiesa"}, "geometry": {"type": "Point", "coordinates": [14.252637, 40.841238]}}, {"type": "Feature", "properties": {"wikidata": "Q1229708", "name": "chiesa dei Pappacoda", "status": "done", "osm_id": "way/166243068", "group": "Religione", "subgroup": "Luoghi di Culto", "subcategory": "Cappella"}, "geometry": {"type": "Point", "coordinates": [14.255717, 40.845764]}}, {"type": "Feature", "properties": {"wikidata": "Q1166662", "name": "lago del Matese", "status": "done", "osm_id": "way/228756407", "group": "Natura e paesaggio", "subgroup": "Acqua", "subcategory": "Lago"}, "geometry": {"type": "Point", "coordinates": [14.3914723, 41.4140046]}}, {"type": "Feature", "properties": {"wikidata": "Q1129928", "name": "Isola di Licosa", "status": "missing", "osm_id": null, "group": "Natura e paesaggio", "subgroup": "Mare e Costa", "subcategory": "Isola"}, "geometry": {"type": "Point", "coordinates": [14.900251, 40.251468]}}, {"type": "Feature", "properties": {"wikidata": "Q1131545", "name": "capo Palinuro", "status": "missing", "osm_id": null, "group": "Natura e paesaggio", "subgroup": "Mare e Costa", "subcategory": "Capo"}, "geometry": {"type": "Point", "coordinates": [15.275, 40.02638889]}}, {"type": "Feature", "properties": {"wikidata": "Q1120354", "name": "Palazzo Mormando", "status": "done", "osm_id": "relation/3619207", "group": "Dimore ed edifici", "subgroup": "Residenze", "subcategory": "Palazzo"}, "geometry": {"type": "Point", "coordinates": [14.25825, 40.849731]}}, {"type": "Feature", "properties": {"wikidata": "Q1218390", "name": "Agro nocerino-sarnese", "status": "missing", "osm_id": null, "group": "Altro", "subgroup": "Altro", "subcategory": "Altro"}, "geometry": {"type": "Point", "coordinates": [14.55, 40.75]}}, {"type": "Feature", "properties": {"wikidata": "Q1139820", "name": "Cervati", "status": "done", "osm_id": "node/26863818", "group": "Natura e paesaggio", "subgroup": "Montagna", "subcategory": "Montagna"}, "geometry": {"type": "Point", "coordinates": [15.466666666, 40.266666666]}}, {"type": "Feature", "properties": {"wikidata": "Q1179106", "name": "parco regionale dei Monti Lattari", "status": "missing", "osm_id": null, "group": "Natura e paesaggio", "subgroup": "Verde", "subcategory": "Area protetta"}, "geometry": {"type": "Point", "coordinates": [14.6159, 40.6752]}}, {"type": "Feature", "properties": {"wikidata": "Q1111291", "name": "Q1111291", "status": "missing", "osm_id": null, "group": "Dimore ed edifici", "subgroup": "Residenze", "subcategory": "Palazzo"}, "geometry": {"type": "Point", "coordinates": [14.25, 40.83333333]}}, {"type": "Feature", "properties": {"wikidata": "Q1239719", "name": "Q1239719", "status": "missing", "osm_id": null, "group": "Dimore ed edifici", "subgroup": "Strutture Varie", "subcategory": "Edificio"}, "geometry": {"type": "Point", "coordinates": [14.25, 40.83333333]}}, {"type": "Feature", "properties": {"wikidata": "Q1239412", "name": "Q1239412", "status": "missing", "osm_id": null, "group": "Altro", "subgroup": "Altro", "subcategory": "Altro"}, "geometry": {"type": "Point", "coordinates": [14.25, 40.83333333]}}, {"type": "Feature", "properties": {"wikidata": "Q1235318", "name": "piazza Bellini", "status": "done", "osm_id": "way/269923048", "group": "Insediamenti", "subgroup": "Zone Urbane", "subcategory": "Piazza"}, "geometry": {"type": "Point", "coordinates": [14.252121, 40.84958]}}, {"type": "Feature", "properties": {"wikidata": "Q1221442", "name": "largo Corpo di Napoli", "status": "missing", "osm_id": null, "group": "Insediamenti", "subgroup": "Zone Urbane", "subcategory": "Piazza"}, "geometry": {"type": "Point", "coordinates": [14.256096, 40.848752]}}, {"type": "Feature", "properties": {"wikidata": "Q1130883", "name": "Tammaro", "status": "done", "osm_id": "relation/2570009", "group": "Natura e paesaggio", "subgroup": "Acqua", "subcategory": "Fiume"}, "geometry": {"type": "Point", "coordinates": [14.8322, 41.1467]}}, {"type": "Feature", "properties": {"wikidata": "Q1116885", "name": "chiesa dei Santi Cosma e Damiano a Porta Nolana", "status": "done", "osm_id": "way/259970565", "group": "Religione", "subgroup": "Luoghi di Culto", "subcategory": "Chiesa"}, "geometry": {"type": "Point", "coordinates": [14.26876, 40.85035]}}, {"type": "Feature", "properties": {"wikidata": "Q1115670", "name": "Palazzo Mirelli di Teora", "status": "done", "osm_id": "way/434338487", "group": "Dimore ed edifici", "subgroup": "Residenze", "subcategory": "Palazzo"}, "geometry": {"type": "Point", "coordinates": [14.22557, 40.83261]}}, {"type": "Feature", "properties": {"wikidata": "Q1228253", "name": "Palazzo Spinelli di Laurino", "status": "done", "osm_id": "relation/3622924", "group": "Dimore ed edifici", "subgroup": "Residenze", "subcategory": "Palazzo"}, "geometry": {"type": "Point", "coordinates": [14.255567, 40.850115]}}, {"type": "Feature", "properties": {"wikidata": "Q1235324", "name": "piazza Carlo III", "status": "done", "osm_id": "way/330085801", "group": "Insediamenti", "subgroup": "Zone Urbane", "subcategory": "Piazza"}, "geometry": {"type": "Point", "coordinates": [14.26655, 40.862775]}}, {"type": "Feature", "properties": {"wikidata": "Q1137764", "name": "battaglia dei Monti Lattari", "status": "missing", "osm_id": null, "group": "Altro", "subgroup": "Altro", "subcategory": "Altro"}, "geometry": {"type": "Point", "coordinates": [14.5, 40.65]}}, {"type": "Feature", "properties": {"wikidata": "Q1228171", "name": "Palazzo Caracciolo di Avellino", "status": "missing", "osm_id": null, "group": "Dimore ed edifici", "subgroup": "Residenze", "subcategory": "Palazzo"}, "geometry": {"type": "Point", "coordinates": [14.257257, 40.85268]}}, {"type": "Feature", "properties": {"wikidata": "Q1228280", "name": "Palazzo De Scorciatis", "status": "done", "osm_id": "way/271199558", "group": "Dimore ed edifici", "subgroup": "Residenze", "subcategory": "Palazzo"}, "geometry": {"type": "Point", "coordinates": [14.257204, 40.851813]}}, {"type": "Feature", "properties": {"wikidata": "Q1239408", "name": "Porta San Gennaro", "status": "done", "osm_id": "way/183334565", "group": "Fortificazioni e militare", "subgroup": "Fortificazioni", "subcategory": "Porta cittadina"}, "geometry": {"type": "Point", "coordinates": [14.256151, 40.855121]}}, {"type": "Feature", "properties": {"wikidata": "Q1192720", "name": "isola di Nisida", "status": "done", "osm_id": "way/437376371", "group": "Natura e paesaggio", "subgroup": "Mare e Costa", "subcategory": "Isola"}, "geometry": {"type": "Point", "coordinates": [14.163333333, 40.795277777]}}, {"type": "Feature", "properties": {"wikidata": "Q1139764", "name": "Licosa", "status": "done", "osm_id": "way/122364454", "group": "Insediamenti", "subgroup": "Centri", "subcategory": "Frazione"}, "geometry": {"type": "Point", "coordinates": [14.91666667, 40.25]}}, {"type": "Feature", "properties": {"wikidata": "Q1228270", "name": "Palazzo Venezia", "status": "done", "osm_id": "way/261253456", "group": "Dimore ed edifici", "subgroup": "Residenze", "subcategory": "Palazzo"}, "geometry": {"type": "Point", "coordinates": [14.25387, 40.84798]}}, {"type": "Feature", "properties": {"wikidata": "Q1228238", "name": "Palazzo Petrucci", "status": "done", "osm_id": "relation/3507493", "group": "Dimore ed edifici", "subgroup": "Residenze", "subcategory": "Palazzo"}, "geometry": {"type": "Point", "coordinates": [14.25421, 40.84855]}}, {"type": "Feature", "properties": {"wikidata": "Q1228207", "name": "Palazzo Filomarino", "status": "done", "osm_id": "way/261253328", "group": "Dimore ed edifici", "subgroup": "Residenze", "subcategory": "Palazzo"}, "geometry": {"type": "Point", "coordinates": [14.253083, 40.847755]}}, {"type": "Feature", "properties": {"wikidata": "Q1239405", "name": "Porta del Carmine", "status": "missing", "osm_id": null, "group": "Fortificazioni e militare", "subgroup": "Fortificazioni", "subcategory": "Porta cittadina"}, "geometry": {"type": "Point", "coordinates": [14.25, 40.83333333]}}, {"type": "Feature", "properties": {"wikidata": "Q1239402", "name": "Porta dello Spirito Santo", "status": "missing", "osm_id": null, "group": "Fortificazioni e militare", "subgroup": "Fortificazioni", "subcategory": "Porta cittadina"}, "geometry": {"type": "Point", "coordinates": [14.25, 40.83333333]}}, {"type": "Feature", "properties": {"wikidata": "Q1228180", "name": "Palazzo Carafa di Maddaloni", "status": "done", "osm_id": "way/248713748", "group": "Dimore ed edifici", "subgroup": "Residenze", "subcategory": "Palazzo"}, "geometry": {"type": "Point", "coordinates": [14.249711, 40.846427]}}, {"type": "Feature", "properties": {"wikidata": "Q1246545", "name": "San Giuseppe", "status": "done", "osm_id": "node/5294455985", "group": "Altro", "subgroup": "Altro", "subcategory": "Altro"}, "geometry": {"type": "Point", "coordinates": [14.25138889, 40.84527778]}}, {"type": "Feature", "properties": {"wikidata": "Q1235337", "name": "piazza della Vittoria", "status": "done", "osm_id": "relation/4808360", "group": "Insediamenti", "subgroup": "Zone Urbane", "subcategory": "Piazza"}, "geometry": {"type": "Point", "coordinates": [14.24093611, 40.83236944]}}, {"type": "Feature", "properties": {"wikidata": "Q1228314", "name": "palazzo di Majo", "status": "missing", "osm_id": null, "group": "Dimore ed edifici", "subgroup": "Residenze", "subcategory": "Palazzo"}, "geometry": {"type": "Point", "coordinates": [14.248114, 40.857387]}}, {"type": "Feature", "properties": {"wikidata": "Q1230048", "name": "parco Virgiliano", "status": "done", "osm_id": "relation/16857049", "group": "Natura e paesaggio", "subgroup": "Verde", "subcategory": "Parco cittadino"}, "geometry": {"type": "Point", "coordinates": [14.18083333, 40.79972222]}}, {"type": "Feature", "properties": {"wikidata": "Q3669195", "name": "Chiesa della Santissima Annunziata a Fonseca", "status": "done", "osm_id": "way/1437014536", "group": "Religione", "subgroup": "Luoghi di Culto", "subcategory": "Chiesa"}, "geometry": {"type": "Point", "coordinates": [14.24974, 40.85665]}}, {"type": "Feature", "properties": {"wikidata": "Q3669260", "name": "chiesa delle Clarisse", "status": "done", "osm_id": "way/1425647393", "group": "Religione", "subgroup": "Luoghi di Culto", "subcategory": "Chiesa"}, "geometry": {"type": "Point", "coordinates": [14.25201, 40.84683]}}, {"type": "Feature", "properties": {"wikidata": "Q3668729", "name": "chiesa dell'Annunziata", "status": "missing", "osm_id": null, "group": "Religione", "subgroup": "Luoghi di Culto", "subcategory": "Chiesa"}, "geometry": {"type": "Point", "coordinates": [14.77896111, 41.129375]}}, {"type": "Feature", "properties": {"wikidata": "Q3668527", "name": "chiesa del Corpo di Cristo", "status": "done", "osm_id": "way/273445838", "group": "Religione", "subgroup": "Luoghi di Culto", "subcategory": "Chiesa"}, "geometry": {"type": "Point", "coordinates": [14.64400556, 40.74658333]}}, {"type": "Feature", "properties": {"wikidata": "Q3668804", "name": "chiesa dell'Immacolata alle Fontanelle", "status": "done", "osm_id": "way/614264406", "group": "Religione", "subgroup": "Luoghi di Culto", "subcategory": "Chiesa"}, "geometry": {"type": "Point", "coordinates": [14.244016, 40.859083]}}, {"type": "Feature", "properties": {"wikidata": "Q3668800", "name": "chiesa dell'Immacolata a Forcella", "status": "missing", "osm_id": null, "group": "Religione", "subgroup": "Luoghi di Culto", "subcategory": "Ex chiesa"}, "geometry": {"type": "Point", "coordinates": [14.2662, 40.8504]}}, {"type": "Feature", "properties": {"wikidata": "Q3668525", "name": "chiesa del Cenacolo", "status": "done", "osm_id": "node/13141187034", "group": "Religione", "subgroup": "Luoghi di Culto", "subcategory": "Chiesa"}, "geometry": {"type": "Point", "coordinates": [14.24076, 40.83955]}}, {"type": "Feature", "properties": {"wikidata": "Q3669205", "name": "chiesa della Santissima Piet\u00e0", "status": "missing", "osm_id": null, "group": "Religione", "subgroup": "Luoghi di Culto", "subcategory": "Chiesa"}, "geometry": {"type": "Point", "coordinates": [15.54265, 40.380218]}}, {"type": "Feature", "properties": {"wikidata": "Q3668987", "name": "chiesa della Madonna della Libera", "status": "done", "osm_id": "way/682235664", "group": "Religione", "subgroup": "Luoghi di Culto", "subcategory": "Chiesa"}, "geometry": {"type": "Point", "coordinates": [14.56271944, 41.30575556]}}, {"type": "Feature", "properties": {"wikidata": "Q3668715", "name": "chiesa dell'Addolorata a Palazzo Cassano Ayerbo D'Aragona", "status": "done", "osm_id": "way/433840418", "group": "Religione", "subgroup": "Luoghi di Culto", "subcategory": "Chiesa"}, "geometry": {"type": "Point", "coordinates": [14.2438, 40.8543]}}, {"type": "Feature", "properties": {"wikidata": "Q3668522", "name": "chiesa del Carminiello ai Mannesi", "status": "done", "osm_id": "way/1112311694", "group": "Religione", "subgroup": "Luoghi di Culto", "subcategory": "Ex chiesa"}, "geometry": {"type": "Point", "coordinates": [14.2603, 40.8512]}}, {"type": "Feature", "properties": {"wikidata": "Q3668121", "name": "chiesa dei Santi Cosma e Damiano ai Banchi Nuovi", "status": "done", "osm_id": "way/261265596", "group": "Religione", "subgroup": "Luoghi di Culto", "subcategory": "Chiesa"}, "geometry": {"type": "Point", "coordinates": [14.25497, 40.84531]}}, {"type": "Feature", "properties": {"wikidata": "Q3668737", "name": "chiesa dell'Annunziata", "status": "missing", "osm_id": null, "group": "Religione", "subgroup": "Luoghi di Culto", "subcategory": "Chiesa"}, "geometry": {"type": "Point", "coordinates": [14.196696, 40.92834]}}, {"type": "Feature", "properties": {"wikidata": "Q3669149", "name": "chiesa della Santissima Annunziata", "status": "missing", "osm_id": null, "group": "Religione", "subgroup": "Luoghi di Culto", "subcategory": "Chiesa"}, "geometry": {"type": "Point", "coordinates": [14.56731, 40.62501]}}, {"type": "Feature", "properties": {"wikidata": "Q3669263", "name": "chiesa delle Crocelle ai Mannesi", "status": "done", "osm_id": "way/312997704", "group": "Religione", "subgroup": "Luoghi di Culto", "subcategory": "Edificio religioso"}, "geometry": {"type": "Point", "coordinates": [14.260333, 40.850325]}}, {"type": "Feature", "properties": {"wikidata": "Q3668303", "name": "chiesa dei Santi Michele ed Omobono", "status": "done", "osm_id": "way/288229537", "group": "Religione", "subgroup": "Luoghi di Culto", "subcategory": "Chiesa"}, "geometry": {"type": "Point", "coordinates": [14.25367, 40.8532]}}, {"type": "Feature", "properties": {"wikidata": "Q3668748", "name": "chiesa dell'Arciconfraternita dei Santissimi Apostoli Pietro e Paolo Basacoena", "status": "done", "osm_id": "way/1335004893", "group": "Religione", "subgroup": "Luoghi di Culto", "subcategory": "Chiesa"}, "geometry": {"type": "Point", "coordinates": [14.24601, 40.84452]}}, {"type": "Feature", "properties": {"wikidata": "Q3668323", "name": "chiesa dei Santi Pellegrino ed Emiliano", "status": "done", "osm_id": "way/282971007", "group": "Religione", "subgroup": "Luoghi di Culto", "subcategory": "Chiesa"}, "geometry": {"type": "Point", "coordinates": [14.25558, 40.85196]}}, {"type": "Feature", "properties": {"wikidata": "Q3668802", "name": "chiesa dell'Immacolata a Vico", "status": "done", "osm_id": "way/617817337", "group": "Religione", "subgroup": "Luoghi di Culto", "subcategory": "Chiesa"}, "geometry": {"type": "Point", "coordinates": [14.230978, 40.834472]}}, {"type": "Feature", "properties": {"wikidata": "Q3668731", "name": "chiesa dell'Annunziata", "status": "missing", "osm_id": null, "group": "Religione", "subgroup": "Luoghi di Culto", "subcategory": "Chiesa"}, "geometry": {"type": "Point", "coordinates": [13.940917, 41.03414]}}, {"type": "Feature", "properties": {"wikidata": "Q3667556", "name": "via Chiatamone", "status": "missing", "osm_id": null, "group": "Infrastrutture", "subgroup": "Trasporti", "subcategory": "Strada urbana"}, "geometry": {"type": "Point", "coordinates": [14.246043, 40.830486]}}, {"type": "Feature", "properties": {"wikidata": "Q3668428", "name": "chiesa dei Santi Rocco e Sebastiano e Congrega del Rosario", "status": "missing", "osm_id": null, "group": "Religione", "subgroup": "Luoghi di Culto", "subcategory": "Chiesa"}, "geometry": {"type": "Point", "coordinates": [14.691417, 40.801753]}}, {"type": "Feature", "properties": {"wikidata": "Q3668500", "name": "chiesa del Carmine", "status": "done", "osm_id": "way/249341722", "group": "Religione", "subgroup": "Luoghi di Culto", "subcategory": "Chiesa"}, "geometry": {"type": "Point", "coordinates": [14.77711667, 41.131375]}}, {"type": "Feature", "properties": {"wikidata": "Q3669073", "name": "Museo laboratorio della civilt\u00e0 contadina \"Masseria Luce\"", "status": "done", "osm_id": "node/7494999517", "group": "Cultura e tempo libero", "subgroup": "Musei", "subcategory": "Museo"}, "geometry": {"type": "Point", "coordinates": [14.29051, 40.89362]}}, {"type": "Feature", "properties": {"wikidata": "Q3668689", "name": "chiesa del Santo Sepolcro di Gerusalemme", "status": "done", "osm_id": "way/308703447", "group": "Religione", "subgroup": "Luoghi di Culto", "subcategory": "Ex chiesa"}, "geometry": {"type": "Point", "coordinates": [14.24346, 40.84214]}}, {"type": "Feature", "properties": {"wikidata": "Q3668808", "name": "chiesa dell'Immacolata e Sant'Anna al Vasto", "status": "done", "osm_id": "node/3418407330", "group": "Religione", "subgroup": "Luoghi di Culto", "subcategory": "Chiesa"}, "geometry": {"type": "Point", "coordinates": [14.27379167, 40.85653056]}}, {"type": "Feature", "properties": {"wikidata": "Q3667875", "name": "chiesa Madre San Gregorio Magno", "status": "missing", "osm_id": null, "group": "Religione", "subgroup": "Luoghi di Culto", "subcategory": "Chiesa"}, "geometry": {"type": "Point", "coordinates": [15.405167, 40.655944]}}, {"type": "Feature", "properties": {"wikidata": "Q3668714", "name": "chiesa dell'Addolorata", "status": "done", "osm_id": "way/183993538", "group": "Religione", "subgroup": "Luoghi di Culto", "subcategory": "Ex chiesa"}, "geometry": {"type": "Point", "coordinates": [14.2117, 40.8183]}}, {"type": "Feature", "properties": {"wikidata": "Q3668391", "name": "chiesa dei Santi Prisco e Agnello", "status": "missing", "osm_id": null, "group": "Religione", "subgroup": "Luoghi di Culto", "subcategory": "Chiesa"}, "geometry": {"type": "Point", "coordinates": [14.396111, 40.629778]}}, {"type": "Feature", "properties": {"wikidata": "Q3668682", "name": "chiesa del Santissimo Salvatore e Sant'Antonino", "status": "missing", "osm_id": null, "group": "Religione", "subgroup": "Luoghi di Culto", "subcategory": "Chiesa"}, "geometry": {"type": "Point", "coordinates": [15.104831, 40.665083]}}, {"type": "Feature", "properties": {"wikidata": "Q3667404", "name": "Chiaiano-Marianella", "status": "done", "osm_id": "node/8440420525", "group": "Infrastrutture", "subgroup": "Trasporti", "subcategory": "Stazione metropolitana"}, "geometry": {"type": "Point", "coordinates": [14.2235, 40.8907]}}, {"type": "Feature", "properties": {"wikidata": "Q3668889", "name": "chiesa della Congregazione dei 63 sacerdoti", "status": "missing", "osm_id": null, "group": "Religione", "subgroup": "Luoghi di Culto", "subcategory": "Ex chiesa"}, "geometry": {"type": "Point", "coordinates": [14.24741, 40.837645]}}, {"type": "Feature", "properties": {"wikidata": "Q3668875", "name": "chiesa della Compagnia della Disciplina della Santa Croce", "status": "done", "osm_id": "way/294822356", "group": "Altro", "subgroup": "Altro", "subcategory": "Altro"}, "geometry": {"type": "Point", "coordinates": [14.2632, 40.8497]}}, {"type": "Feature", "properties": {"wikidata": "Q3668801", "name": "chiesa dell'Immacolata a Fuorigrotta", "status": "done", "osm_id": "way/226553337", "group": "Religione", "subgroup": "Luoghi di Culto", "subcategory": "Chiesa"}, "geometry": {"type": "Point", "coordinates": [14.198944, 40.829167]}}, {"type": "Feature", "properties": {"wikidata": "Q3668739", "name": "chiesa dell'Annunziata", "status": "done", "osm_id": "way/107830981", "group": "Religione", "subgroup": "Luoghi di Culto", "subcategory": "Chiesa"}, "geometry": {"type": "Point", "coordinates": [15.007373, 40.423998]}}, {"type": "Feature", "properties": {"wikidata": "Q3668893", "name": "chiesa della Consolazione a Carbonara", "status": "done", "osm_id": "way/288227748", "group": "Religione", "subgroup": "Luoghi di Culto", "subcategory": "Chiesa"}, "geometry": {"type": "Point", "coordinates": [14.260372, 40.856013]}}, {"type": "Feature", "properties": {"wikidata": "Q3668900", "name": "chiesa di Santa Maria delle Grazie", "status": "done", "osm_id": "way/248008104", "group": "Religione", "subgroup": "Luoghi di Culto", "subcategory": "Chiesa"}, "geometry": {"type": "Point", "coordinates": [14.2531, 40.8418]}}, {"type": "Feature", "properties": {"wikidata": "Q3668745", "name": "chiesa dell'Annunziatella", "status": "done", "osm_id": "way/278279740", "group": "Religione", "subgroup": "Luoghi di Culto", "subcategory": "Chiesa"}, "geometry": {"type": "Point", "coordinates": [14.7573, 40.68]}}, {"type": "Feature", "properties": {"wikidata": "Q3668065", "name": "chiesa dei Santi Alberto e Teresa", "status": "done", "osm_id": "way/261264758", "group": "Religione", "subgroup": "Luoghi di Culto", "subcategory": "Chiesa"}, "geometry": {"type": "Point", "coordinates": [14.2527, 40.8442]}}, {"type": "Feature", "properties": {"wikidata": "Q3668727", "name": "chiesa dell'Annunziata", "status": "done", "osm_id": "way/1335000873", "group": "Religione", "subgroup": "Luoghi di Culto", "subcategory": "Chiesa"}, "geometry": {"type": "Point", "coordinates": [14.319178, 40.8391337]}}, {"type": "Feature", "properties": {"wikidata": "Q3669222", "name": "chiesa della Santissima Trinit\u00e0", "status": "done", "osm_id": "way/387757808", "group": "Religione", "subgroup": "Luoghi di Culto", "subcategory": "Chiesa"}, "geometry": {"type": "Point", "coordinates": [14.219055, 40.83845]}}, {"type": "Feature", "properties": {"wikidata": "Q3668657", "name": "chiesa del Santissimo Redentore", "status": "done", "osm_id": "way/416945254", "group": "Religione", "subgroup": "Luoghi di Culto", "subcategory": "Chiesa"}, "geometry": {"type": "Point", "coordinates": [14.23093, 40.83738]}}, {"type": "Feature", "properties": {"wikidata": "Q3668089", "name": "chiesa dei Santi Bernardo e Margherita", "status": "done", "osm_id": "way/546831917", "group": "Religione", "subgroup": "Luoghi di Culto", "subcategory": "Chiesa"}, "geometry": {"type": "Point", "coordinates": [14.24696, 40.85288]}}, {"type": "Feature", "properties": {"wikidata": "Q3668646", "name": "chiesa del Santissimo Crocifisso e Anime del Purgatorio", "status": "done", "osm_id": "way/734893266", "group": "Religione", "subgroup": "Luoghi di Culto", "subcategory": "Chiesa"}, "geometry": {"type": "Point", "coordinates": [14.479283, 40.694155]}}, {"type": "Feature", "properties": {"wikidata": "Q3668796", "name": "chiesa dell'Immacolata Concezione e San Gioacchino", "status": "done", "osm_id": "way/261133537", "group": "Religione", "subgroup": "Luoghi di Culto", "subcategory": "Ex chiesa"}, "geometry": {"type": "Point", "coordinates": [14.2683, 40.8478]}}, {"type": "Feature", "properties": {"wikidata": "Q3668550", "name": "chiesa del Divino Amore", "status": "done", "osm_id": "way/269649179", "group": "Religione", "subgroup": "Luoghi di Culto", "subcategory": "Chiesa"}, "geometry": {"type": "Point", "coordinates": [14.259832, 40.849429]}}, {"type": "Feature", "properties": {"wikidata": "Q3669236", "name": "chiesa della Sommaria", "status": "missing", "osm_id": null, "group": "Religione", "subgroup": "Luoghi di Culto", "subcategory": "Chiesa"}, "geometry": {"type": "Point", "coordinates": [14.26419, 40.85327]}}, {"type": "Feature", "properties": {"wikidata": "Q3667892", "name": "chiesa di Regina Paradisi", "status": "done", "osm_id": "way/737161423", "group": "Religione", "subgroup": "Luoghi di Culto", "subcategory": "Chiesa"}, "geometry": {"type": "Point", "coordinates": [14.19122, 40.8686]}}, {"type": "Feature", "properties": {"wikidata": "Q3668142", "name": "chiesa dei Santi Felice e Baccolo", "status": "done", "osm_id": "way/1008117806", "group": "Religione", "subgroup": "Luoghi di Culto", "subcategory": "Chiesa"}, "geometry": {"type": "Point", "coordinates": [14.371994, 40.626175]}}, {"type": "Feature", "properties": {"wikidata": "Q3668722", "name": "chiesa dell'Annunciata-Ave Gratia Plena", "status": "done", "osm_id": "way/340582754", "group": "Religione", "subgroup": "Luoghi di Culto", "subcategory": "Chiesa"}, "geometry": {"type": "Point", "coordinates": [14.59623056, 41.25481389]}}, {"type": "Feature", "properties": {"wikidata": "Q3668927", "name": "chiesa della Madonna del Carmine", "status": "missing", "osm_id": null, "group": "Religione", "subgroup": "Luoghi di Culto", "subcategory": "Chiesa"}, "geometry": {"type": "Point", "coordinates": [14.56414444, 41.29601389]}}, {"type": "Feature", "properties": {"wikidata": "Q3668092", "name": "chiesa dei Santi Bernardo e Margherita a Fonseca", "status": "done", "osm_id": "way/625327511", "group": "Religione", "subgroup": "Luoghi di Culto", "subcategory": "Ex chiesa"}, "geometry": {"type": "Point", "coordinates": [14.250225, 40.85802]}}, {"type": "Feature", "properties": {"wikidata": "Q3668747", "name": "Chiesa dell'Architiello", "status": "done", "osm_id": "way/1437015451", "group": "Religione", "subgroup": "Luoghi di Culto", "subcategory": "Chiesa"}, "geometry": {"type": "Point", "coordinates": [14.22342, 40.8487]}}, {"type": "Feature", "properties": {"wikidata": "Q3668373", "name": "chiesa dei Santi Pietro e Paolo", "status": "done", "osm_id": "way/259064546", "group": "Religione", "subgroup": "Luoghi di Culto", "subcategory": "Chiesa"}, "geometry": {"type": "Point", "coordinates": [14.195361, 40.847806]}}, {"type": "Feature", "properties": {"wikidata": "Q3668750", "name": "chiesa dell'Arciconfraternita della Santissima Resurrezione", "status": "done", "osm_id": "node/3501333157", "group": "Religione", "subgroup": "Luoghi di Culto", "subcategory": "Chiesa"}, "geometry": {"type": "Point", "coordinates": [14.243336, 40.835776]}}, {"type": "Feature", "properties": {"wikidata": "Q3668799", "name": "chiesa dell'Immacolata concezione a Capodichino", "status": "done", "osm_id": "way/609610876", "group": "Religione", "subgroup": "Luoghi di Culto", "subcategory": "Chiesa"}, "geometry": {"type": "Point", "coordinates": [14.271806, 40.882583]}}, {"type": "Feature", "properties": {"wikidata": "Q3668487", "name": "chiesa dei Tutti i Santi al borgo Sant'Antonio", "status": "done", "osm_id": "way/342081971", "group": "Religione", "subgroup": "Luoghi di Culto", "subcategory": "Chiesa"}, "geometry": {"type": "Point", "coordinates": [14.26524, 40.8593]}}, {"type": "Feature", "properties": {"wikidata": "Q3668768", "name": "chiesa dell'Ecce Homo ai Banchi Nuovi", "status": "done", "osm_id": "way/261265527", "group": "Religione", "subgroup": "Luoghi di Culto", "subcategory": "Chiesa"}, "geometry": {"type": "Point", "coordinates": [14.25389, 40.84497]}}, {"type": "Feature", "properties": {"wikidata": "Q3667403", "name": "Chiaia", "status": "done", "osm_id": "node/8894696180", "group": "Infrastrutture", "subgroup": "Trasporti", "subcategory": "Stazione metropolitana"}, "geometry": {"type": "Point", "coordinates": [14.2451, 40.8357]}}, {"type": "Feature", "properties": {"wikidata": "Q3667870", "name": "chiesa Luterana di Napoli", "status": "done", "osm_id": "way/183340575", "group": "Religione", "subgroup": "Luoghi di Culto", "subcategory": "Chiesa"}, "geometry": {"type": "Point", "coordinates": [14.240935, 40.83385]}}, {"type": "Feature", "properties": {"wikidata": "Q3669112", "name": "chiesa della Nunziatella", "status": "done", "osm_id": "relation/5340771", "group": "Religione", "subgroup": "Luoghi di Culto", "subcategory": "Chiesa"}, "geometry": {"type": "Point", "coordinates": [14.244668, 40.8329]}}, {"type": "Feature", "properties": {"wikidata": "Q3668267", "name": "chiesa dei Santi Marco e Andrea a Nilo", "status": "done", "osm_id": "way/270653728", "group": "Religione", "subgroup": "Luoghi di Culto", "subcategory": "Ex chiesa"}, "geometry": {"type": "Point", "coordinates": [14.25621, 40.84829]}}, {"type": "Feature", "properties": {"wikidata": "Q3669181", "name": "chiesa della Santissima Annunziata", "status": "done", "osm_id": "way/274913998", "group": "Religione", "subgroup": "Luoghi di Culto", "subcategory": "Chiesa"}, "geometry": {"type": "Point", "coordinates": [14.7539, 40.6793]}}, {"type": "Feature", "properties": {"wikidata": "Q3668751", "name": "chiesa dell'Arciconfraternita di Santa Maria della Sanit\u00e0", "status": "done", "osm_id": "node/12022544831", "group": "Religione", "subgroup": "Luoghi di Culto", "subcategory": "Chiesa"}, "geometry": {"type": "Point", "coordinates": [14.2563, 40.8506]}}, {"type": "Feature", "properties": {"wikidata": "Q3668718", "name": "chiesa dell'Addolorata alla Pigna", "status": "done", "osm_id": "way/183993508", "group": "Religione", "subgroup": "Luoghi di Culto", "subcategory": "Chiesa"}, "geometry": {"type": "Point", "coordinates": [14.22032072, 40.85044661]}}, {"type": "Feature", "properties": {"wikidata": "Q3668320", "name": "chiesa delle Sante Orsola e Caterina dei Rossi", "status": "missing", "osm_id": null, "group": "Religione", "subgroup": "Luoghi di Culto", "subcategory": "Chiesa"}, "geometry": {"type": "Point", "coordinates": [14.25387, 40.84448]}}, {"type": "Feature", "properties": {"wikidata": "Q3668805", "name": "chiesa dell'Immacolata degli Operatori Sanitari", "status": "done", "osm_id": "node/2758744626", "group": "Religione", "subgroup": "Luoghi di Culto", "subcategory": "Chiesa"}, "geometry": {"type": "Point", "coordinates": [14.25026, 40.84975]}}, {"type": "Feature", "properties": {"wikidata": "Q3668595", "name": "chiesa del Sacro Cuore di Ges\u00f9", "status": "done", "osm_id": "way/124048202", "group": "Religione", "subgroup": "Luoghi di Culto", "subcategory": "Chiesa"}, "geometry": {"type": "Point", "coordinates": [14.7723, 40.6746]}}, {"type": "Feature", "properties": {"wikidata": "Q3668125", "name": "chiesa dei Santi Crispino e Crispiniano", "status": "done", "osm_id": "way/295362469", "group": "Religione", "subgroup": "Luoghi di Culto", "subcategory": "Chiesa"}, "geometry": {"type": "Point", "coordinates": [14.26592, 40.8515]}}, {"type": "Feature", "properties": {"wikidata": "Q3668810", "name": "chiesa dell'Immacolatella a Pizzofalcone", "status": "done", "osm_id": "way/358671593", "group": "Religione", "subgroup": "Luoghi di Culto", "subcategory": "Ex chiesa"}, "geometry": {"type": "Point", "coordinates": [14.24733, 40.83158]}}, {"type": "Feature", "properties": {"wikidata": "Q3669231", "name": "chiesa della Santissima Trinit\u00e0 alla Cesarea", "status": "done", "osm_id": "way/610720860", "group": "Religione", "subgroup": "Luoghi di Culto", "subcategory": "Chiesa"}, "geometry": {"type": "Point", "coordinates": [14.2405, 40.85217]}}, {"type": "Feature", "properties": {"wikidata": "Q3668680", "name": "chiesa del Santissimo Salvatore e San Michele", "status": "missing", "osm_id": null, "group": "Religione", "subgroup": "Luoghi di Culto", "subcategory": "Chiesa"}, "geometry": {"type": "Point", "coordinates": [14.488671, 40.692246]}}, {"type": "Feature", "properties": {"wikidata": "Q3668104", "name": "chiesa dei Santi Ciro e Giovanni", "status": "done", "osm_id": "way/749594078", "group": "Religione", "subgroup": "Luoghi di Culto", "subcategory": "Chiesa"}, "geometry": {"type": "Point", "coordinates": [14.42505, 40.66137]}}, {"type": "Feature", "properties": {"wikidata": "Q3668601", "name": "chiesa del Sacro Cuore dei Salesiani", "status": "done", "osm_id": "way/591892829", "group": "Religione", "subgroup": "Luoghi di Culto", "subcategory": "Chiesa"}, "geometry": {"type": "Point", "coordinates": [14.23465, 40.84393]}}, {"type": "Feature", "properties": {"wikidata": "Q3669280", "name": "chiesa dello Spirito Santo", "status": "done", "osm_id": "way/734893796", "group": "Religione", "subgroup": "Luoghi di Culto", "subcategory": "Chiesa"}, "geometry": {"type": "Point", "coordinates": [14.474723, 40.690816]}}, {"type": "Feature", "properties": {"wikidata": "Q3669137", "name": "chiesa della Sacra Famiglia", "status": "done", "osm_id": "way/278197917", "group": "Religione", "subgroup": "Luoghi di Culto", "subcategory": "Chiesa"}, "geometry": {"type": "Point", "coordinates": [14.7779, 40.6955]}}, {"type": "Feature", "properties": {"wikidata": "Q3669194", "name": "chiesa della Santissima Annunziata", "status": "done", "osm_id": "way/150236835", "group": "Altro", "subgroup": "Altro", "subcategory": "Altro"}, "geometry": {"type": "Point", "coordinates": [14.42394, 40.6639]}}, {"type": "Feature", "properties": {"wikidata": "Q3668890", "name": "chiesa della Congregazione della Sanit\u00e0", "status": "done", "osm_id": "way/555566699", "group": "Religione", "subgroup": "Luoghi di Culto", "subcategory": "Chiesa"}, "geometry": {"type": "Point", "coordinates": [14.54317222, 41.277875]}}, {"type": "Feature", "properties": {"wikidata": "Q3668806", "name": "chiesa dell'Immacolata di Nazareth", "status": "missing", "osm_id": null, "group": "Religione", "subgroup": "Luoghi di Culto", "subcategory": "Chiesa"}, "geometry": {"type": "Point", "coordinates": [14.187917, 40.865083]}}, {"type": "Feature", "properties": {"wikidata": "Q3668716", "name": "chiesa dell'Addolorata a Secondigliano", "status": "done", "osm_id": "way/1337180160", "group": "Religione", "subgroup": "Luoghi di Culto", "subcategory": "Chiesa"}, "geometry": {"type": "Point", "coordinates": [14.2639, 40.8929]}}, {"type": "Feature", "properties": {"wikidata": "Q3668891", "name": "chiesa della Congregazione della Trinit\u00e0 dei Pellegrini", "status": "done", "osm_id": "way/1433790205", "group": "Religione", "subgroup": "Luoghi di Culto", "subcategory": "Chiesa"}, "geometry": {"type": "Point", "coordinates": [14.247188, 40.847344]}}, {"type": "Feature", "properties": {"wikidata": "Q3668886", "name": "chiesa della Confraternita del Santissimo Sacramento", "status": "done", "osm_id": "node/13333477325", "group": "Religione", "subgroup": "Luoghi di Culto", "subcategory": "Chiesa"}, "geometry": {"type": "Point", "coordinates": [14.254391, 40.849009]}}, {"type": "Feature", "properties": {"wikidata": "Q3668819", "name": "chiesa dell'Oratorio", "status": "missing", "osm_id": null, "group": "Religione", "subgroup": "Luoghi di Culto", "subcategory": "Ex chiesa"}, "geometry": {"type": "Point", "coordinates": [14.479739, 40.694596]}}, {"type": "Feature", "properties": {"wikidata": "Q3668673", "name": "chiesa del Santissimo Sacramento e San Michele Arcangelo", "status": "done", "osm_id": "way/558540909", "group": "Religione", "subgroup": "Luoghi di Culto", "subcategory": "Chiesa"}, "geometry": {"type": "Point", "coordinates": [14.3674, 40.78806]}}, {"type": "Feature", "properties": {"wikidata": "Q3668675", "name": "chiesa del Santissimo Salvatore", "status": "done", "osm_id": "way/189132666", "group": "Religione", "subgroup": "Luoghi di Culto", "subcategory": "Chiesa"}, "geometry": {"type": "Point", "coordinates": [14.781375, 41.12928889]}}, {"type": "Feature", "properties": {"wikidata": "Q1871199", "name": "Cardile", "status": "done", "osm_id": "node/1084917615", "group": "Insediamenti", "subgroup": "Centri", "subcategory": "Frazione"}, "geometry": {"type": "Point", "coordinates": [15.24386, 40.27014]}}, {"type": "Feature", "properties": {"wikidata": "Q1617215", "name": "teatro romano di Benevento", "status": "done", "osm_id": "way/373842946", "group": "Altro", "subgroup": "Altro", "subcategory": "Altro"}, "geometry": {"type": "Point", "coordinates": [14.7711024, 41.1303701]}}, {"type": "Feature", "properties": {"wikidata": "Q1476257", "name": "Comando della forza congiunta alleata a Napoli", "status": "done", "osm_id": "way/164629103", "group": "Altro", "subgroup": "Altro", "subcategory": "Altro"}, "geometry": {"type": "Point", "coordinates": [14.046722222, 40.930388888]}}, {"type": "Feature", "properties": {"wikidata": "Q1575042", "name": "abbazia territoriale di Montevergine", "status": "missing", "osm_id": null, "group": "Altro", "subgroup": "Altro", "subcategory": "Altro"}, "geometry": {"type": "Point", "coordinates": [14.740747, 40.937794]}}, {"type": "Feature", "properties": {"wikidata": "Q1775971", "name": "abbazia di Santa Maria di Realvalle", "status": "missing", "osm_id": null, "group": "Religione", "subgroup": "Luoghi di Culto", "subcategory": "Chiesa"}, "geometry": {"type": "Point", "coordinates": [14.54666667, 40.76361111]}}, {"type": "Feature", "properties": {"wikidata": "Q1863418", "name": "Seiano", "status": "done", "osm_id": "node/327043913", "group": "Insediamenti", "subgroup": "Centri", "subcategory": "Frazione"}, "geometry": {"type": "Point", "coordinates": [14.433333333, 40.666666666]}}, {"type": "Feature", "properties": {"wikidata": "Q1622806", "name": "Stabilimento Alfa Romeo di Pomigliano d'Arco", "status": "missing", "osm_id": null, "group": "Altro", "subgroup": "Altro", "subcategory": "Altro"}, "geometry": {"type": "Point", "coordinates": [14.401279, 40.926756]}}, {"type": "Feature", "properties": {"wikidata": "Q1590905", "name": "casa del Menandro", "status": "missing", "osm_id": null, "group": "Archeologia", "subgroup": "Siti", "subcategory": "Rovine"}, "geometry": {"type": "Point", "coordinates": [14.49, 40.74972222]}}, {"type": "Feature", "properties": {"wikidata": "Q1812834", "name": "Li Galli", "status": "done", "osm_id": "relation/6496946", "group": "Altro", "subgroup": "Altro", "subcategory": "Altro"}, "geometry": {"type": "Point", "coordinates": [14.432323888, 40.581031944]}}, {"type": "Feature", "properties": {"wikidata": "Q1630997", "name": "Hotel Pagano", "status": "done", "osm_id": "node/4195537203", "group": "Dimore ed edifici", "subgroup": "Ospitalit\u00e0", "subcategory": "Albergo"}, "geometry": {"type": "Point", "coordinates": [14.2439, 40.5503]}}, {"type": "Feature", "properties": {"wikidata": "Q1616669", "name": "chiesa di Santa Maria della Carit\u00e0", "status": "done", "osm_id": "way/183334583", "group": "Religione", "subgroup": "Luoghi di Culto", "subcategory": "Chiesa"}, "geometry": {"type": "Point", "coordinates": [14.24864, 40.84451]}}, {"type": "Feature", "properties": {"wikidata": "Q1817283", "name": "San Carlo", "status": "done", "osm_id": "node/3281010228", "group": "Insediamenti", "subgroup": "Centri", "subcategory": "Frazione"}, "geometry": {"type": "Point", "coordinates": [13.91794, 41.31077]}}, {"type": "Feature", "properties": {"wikidata": "Q1855704", "name": "Villammare", "status": "done", "osm_id": "node/1166103960", "group": "Insediamenti", "subgroup": "Centri", "subcategory": "Frazione"}, "geometry": {"type": "Point", "coordinates": [15.583333333, 40.083333333]}}, {"type": "Feature", "properties": {"wikidata": "Q1547308", "name": "casa del Fauno", "status": "done", "osm_id": "way/240715554", "group": "Archeologia", "subgroup": "Siti", "subcategory": "Rovine"}, "geometry": {"type": "Point", "coordinates": [14.48458333, 40.75125]}}, {"type": "Feature", "properties": {"wikidata": "Q1882599", "name": "Macellum", "status": "done", "osm_id": "way/240715560", "group": "Dimore ed edifici", "subgroup": "Strutture Varie", "subcategory": "Edificio"}, "geometry": {"type": "Point", "coordinates": [14.484728, 40.750077]}}, {"type": "Feature", "properties": {"wikidata": "Q1471556", "name": "Telesia", "status": "missing", "osm_id": null, "group": "Archeologia", "subgroup": "Siti", "subcategory": "Sito archeologico"}, "geometry": {"type": "Point", "coordinates": [14.5066, 41.22621]}}, {"type": "Feature", "properties": {"wikidata": "Q1898350", "name": "Marina di Camerota", "status": "done", "osm_id": "node/1210266474", "group": "Insediamenti", "subgroup": "Centri", "subcategory": "Frazione"}, "geometry": {"type": "Point", "coordinates": [15.36717, 40.00356]}}, {"type": "Feature", "properties": {"wikidata": "Q1702378", "name": "Museo del Mare di Napoli", "status": "done", "osm_id": "way/239564249", "group": "Cultura e tempo libero", "subgroup": "Musei", "subcategory": "Museo"}, "geometry": {"type": "Point", "coordinates": [14.165218, 40.814248]}}, {"type": "Feature", "properties": {"wikidata": "Q1548190", "name": "Santa Maria di Castellabate", "status": "done", "osm_id": "node/704386965", "group": "Insediamenti", "subgroup": "Centri", "subcategory": "Frazione"}, "geometry": {"type": "Point", "coordinates": [14.95214, 40.29782]}}, {"type": "Feature", "properties": {"wikidata": "Q1934453", "name": "Galdo degli Alburni", "status": "done", "osm_id": "node/1131386657", "group": "Insediamenti", "subgroup": "Centri", "subcategory": "Frazione"}, "geometry": {"type": "Point", "coordinates": [15.31245, 40.56228]}}, {"type": "Feature", "properties": {"wikidata": "Q1635935", "name": "Gelbison", "status": "done", "osm_id": "node/26863956", "group": "Natura e paesaggio", "subgroup": "Montagna", "subcategory": "Montagna"}, "geometry": {"type": "Point", "coordinates": [15.3358, 40.2175]}}, {"type": "Feature", "properties": {"wikidata": "Q1860399", "name": "Sant'Agata sui Due Golfi", "status": "done", "osm_id": "node/705576753", "group": "Insediamenti", "subgroup": "Centri", "subcategory": "Frazione"}, "geometry": {"type": "Point", "coordinates": [14.3737, 40.60756667]}}, {"type": "Feature", "properties": {"wikidata": "Q1633367", "name": "Scampia", "status": "done", "osm_id": "node/1246607066", "group": "Altro", "subgroup": "Altro", "subcategory": "Altro"}, "geometry": {"type": "Point", "coordinates": [14.24, 40.9]}}, {"type": "Feature", "properties": {"wikidata": "Q1765626", "name": "Serpi", "status": "missing", "osm_id": null, "group": "Insediamenti", "subgroup": "Centri", "subcategory": "Frazione"}, "geometry": {"type": "Point", "coordinates": [15.00527778, 40.37277778]}}, {"type": "Feature", "properties": {"wikidata": "Q1636698", "name": "Nocelle", "status": "done", "osm_id": "node/474146305", "group": "Insediamenti", "subgroup": "Centri", "subcategory": "Frazione"}, "geometry": {"type": "Point", "coordinates": [14.5034, 40.62918]}}, {"type": "Feature", "properties": {"wikidata": "Q1590867", "name": "casa di Ottavio Quartione", "status": "done", "osm_id": "relation/18701979", "group": "Archeologia", "subgroup": "Siti", "subcategory": "Rovine"}, "geometry": {"type": "Point", "coordinates": [14.4924, 40.7517]}}, {"type": "Feature", "properties": {"wikidata": "Q1590894", "name": "casa del Labirinto", "status": "done", "osm_id": "way/502223007", "group": "Archeologia", "subgroup": "Siti", "subcategory": "Rovine"}, "geometry": {"type": "Point", "coordinates": [14.48436111, 40.75183333]}}, {"type": "Feature", "properties": {"wikidata": "Q1671970", "name": "Stadio Ciro Vigorito", "status": "done", "osm_id": "way/180665346", "group": "Cultura e tempo libero", "subgroup": "Sport", "subcategory": "Impianto sportivo"}, "geometry": {"type": "Point", "coordinates": [14.781111, 41.116389]}}, {"type": "Feature", "properties": {"wikidata": "Q1632525", "name": "Universit\u00e0 degli Studi di Napoli \"L'Orientale\"", "status": "done", "osm_id": "node/4508575948", "group": "Altro", "subgroup": "Altro", "subcategory": "Altro"}, "geometry": {"type": "Point", "coordinates": [14.255, 40.845]}}, {"type": "Feature", "properties": {"wikidata": "Q1954314", "name": "Museo d'arte contemporanea Donnaregina", "status": "done", "osm_id": "relation/3821123", "group": "Cultura e tempo libero", "subgroup": "Musei", "subcategory": "Museo d'arte"}, "geometry": {"type": "Point", "coordinates": [14.258669444, 40.854861111]}}, {"type": "Feature", "properties": {"wikidata": "Q1631800", "name": "San Giovanni a Teduccio", "status": "done", "osm_id": "node/4406284771", "group": "Altro", "subgroup": "Altro", "subcategory": "Altro"}, "geometry": {"type": "Point", "coordinates": [14.30638889, 40.835]}}, {"type": "Feature", "properties": {"wikidata": "Q1674857", "name": "Istituto Italiano per gli Studi Storici", "status": "done", "osm_id": "node/10123271938", "group": "Altro", "subgroup": "Altro", "subcategory": "Altro"}, "geometry": {"type": "Point", "coordinates": [14.2531, 40.8478]}}, {"type": "Feature", "properties": {"wikidata": "Q1945985", "name": "Montecalvario", "status": "done", "osm_id": "node/5294455980", "group": "Altro", "subgroup": "Altro", "subcategory": "Altro"}, "geometry": {"type": "Point", "coordinates": [14.24472222, 40.84444444]}}, {"type": "Feature", "properties": {"wikidata": "Q1942404", "name": "Castagneto", "status": "done", "osm_id": "node/2704185006", "group": "Insediamenti", "subgroup": "Centri", "subcategory": "Frazione"}, "geometry": {"type": "Point", "coordinates": [14.685555555, 40.685555555]}}, {"type": "Feature", "properties": {"wikidata": "Q1611116", "name": "piazza del Ges\u00f9 Nuovo", "status": "done", "osm_id": "way/563345000", "group": "Insediamenti", "subgroup": "Zone Urbane", "subcategory": "Piazza"}, "geometry": {"type": "Point", "coordinates": [14.25181111, 40.84706667]}}, {"type": "Feature", "properties": {"wikidata": "Q1590855", "name": "casa dei Vettii", "status": "done", "osm_id": "relation/3247807", "group": "Archeologia", "subgroup": "Siti", "subcategory": "Rovine"}, "geometry": {"type": "Point", "coordinates": [14.48458333, 40.75208333]}}, {"type": "Feature", "properties": {"wikidata": "Q1938363", "name": "Agnone Cilento", "status": "done", "osm_id": "node/1116408993", "group": "Insediamenti", "subgroup": "Centri", "subcategory": "Frazione"}, "geometry": {"type": "Point", "coordinates": [15.0, 40.216666666]}}, {"type": "Feature", "properties": {"wikidata": "Q1547618", "name": "grotte di Pertosa", "status": "done", "osm_id": "node/331313744", "group": "Altro", "subgroup": "Altro", "subcategory": "Altro"}, "geometry": {"type": "Point", "coordinates": [15.45551111, 40.53693889]}}, {"type": "Feature", "properties": {"wikidata": "Q1910856", "name": "Lanzara", "status": "done", "osm_id": "node/2790850479", "group": "Insediamenti", "subgroup": "Centri", "subcategory": "Frazione"}, "geometry": {"type": "Point", "coordinates": [14.67619, 40.77473]}}, {"type": "Feature", "properties": {"wikidata": "Q1775215", "name": "abbazia di Santa Maria della Ferraria", "status": "done", "osm_id": "way/663607068", "group": "Religione", "subgroup": "Vita Monastica", "subcategory": "Abbazia"}, "geometry": {"type": "Point", "coordinates": [14.16666667, 41.36666667]}}, {"type": "Feature", "properties": {"wikidata": "Q1633215", "name": "Universit\u00e0 degli Studi di Salerno", "status": "done", "osm_id": "way/588793407", "group": "Altro", "subgroup": "Altro", "subcategory": "Altro"}, "geometry": {"type": "Point", "coordinates": [14.790555555, 40.771111111]}}, {"type": "Feature", "properties": {"wikidata": "Q1538548", "name": "Pruno", "status": "missing", "osm_id": null, "group": "Insediamenti", "subgroup": "Centri", "subcategory": "Frazione"}, "geometry": {"type": "Point", "coordinates": [15.40611111, 40.25972222]}}, {"type": "Feature", "properties": {"wikidata": "Q1460943", "name": "Casa del Volto Santo", "status": "done", "osm_id": "way/414637229", "group": "Religione", "subgroup": "Luoghi di Culto", "subcategory": "Chiesa"}, "geometry": {"type": "Point", "coordinates": [14.2565, 40.8684]}}, {"type": "Feature", "properties": {"wikidata": "Q1569609", "name": "Napoli Teatro Festival Italia", "status": "missing", "osm_id": null, "group": "Altro", "subgroup": "Altro", "subcategory": "Altro"}, "geometry": {"type": "Point", "coordinates": [14.18475, 40.794586]}}, {"type": "Feature", "properties": {"wikidata": "Q1577731", "name": "Minuta", "status": "missing", "osm_id": null, "group": "Insediamenti", "subgroup": "Centri", "subcategory": "Frazione"}, "geometry": {"type": "Point", "coordinates": [14.60805556, 40.65361111]}}, {"type": "Feature", "properties": {"wikidata": "Q1539795", "name": "via Krupp", "status": "done", "osm_id": "relation/7389066", "group": "Altro", "subgroup": "Altro", "subcategory": "Altro"}, "geometry": {"type": "Point", "coordinates": [14.242533, 40.546942]}}, {"type": "Feature", "properties": {"wikidata": "Q1824654", "name": "Scanzano", "status": "done", "osm_id": "node/3461490765", "group": "Insediamenti", "subgroup": "Centri", "subcategory": "Frazione"}, "geometry": {"type": "Point", "coordinates": [14.483333333, 40.7]}}, {"type": "Feature", "properties": {"wikidata": "Q1547614", "name": "grotta di Seiano", "status": "done", "osm_id": "way/124086243", "group": "Altro", "subgroup": "Altro", "subcategory": "Altro"}, "geometry": {"type": "Point", "coordinates": [14.18053865, 40.79820078]}}, {"type": "Feature", "properties": {"wikidata": "Q1978715", "name": "Borgo Centore", "status": "done", "osm_id": "way/1084604522", "group": "Insediamenti", "subgroup": "Centri", "subcategory": "Frazione"}, "geometry": {"type": "Point", "coordinates": [13.795, 41.23]}}, {"type": "Feature", "properties": {"wikidata": "Q1921150", "name": "Mercato", "status": "done", "osm_id": "node/5294455983", "group": "Altro", "subgroup": "Altro", "subcategory": "Altro"}, "geometry": {"type": "Point", "coordinates": [14.27222222, 40.8475]}}, {"type": "Feature", "properties": {"wikidata": "Q1988020", "name": "Santa Maria del Rovo", "status": "done", "osm_id": "node/2704121831", "group": "Insediamenti", "subgroup": "Centri", "subcategory": "Frazione"}, "geometry": {"type": "Point", "coordinates": [14.714166666, 40.7]}}, {"type": "Feature", "properties": {"wikidata": "Q1528532", "name": "Q1528532", "status": "missing", "osm_id": null, "group": "Amministrazione", "subgroup": "Uffici Pubblici", "subcategory": "Carcere"}, "geometry": {"type": "Point", "coordinates": [14.27888889, 40.86]}}, {"type": "Feature", "properties": {"wikidata": "Q1747625", "name": "Laceno", "status": "done", "osm_id": "node/1488713941", "group": "Insediamenti", "subgroup": "Centri", "subcategory": "Frazione"}, "geometry": {"type": "Point", "coordinates": [15.11111111, 40.80833333]}}, {"type": "Feature", "properties": {"wikidata": "Q1876414", "name": "Lausdomini", "status": "missing", "osm_id": null, "group": "Insediamenti", "subgroup": "Centri", "subcategory": "Frazione"}, "geometry": {"type": "Point", "coordinates": [14.45, 40.933333333]}}, {"type": "Feature", "properties": {"wikidata": "Q1633376", "name": "Secondigliano", "status": "done", "osm_id": "node/4406284773", "group": "Altro", "subgroup": "Altro", "subcategory": "Altro"}, "geometry": {"type": "Point", "coordinates": [14.2683421, 40.8854976]}}, {"type": "Feature", "properties": {"wikidata": "Q1631971", "name": "Villa Rosebery", "status": "done", "osm_id": "way/415639763", "group": "Dimore ed edifici", "subgroup": "Residenze", "subcategory": "Villa"}, "geometry": {"type": "Point", "coordinates": [14.204972, 40.800605]}}, {"type": "Feature", "properties": {"wikidata": "Q1590766", "name": "casa dei Gladiatori", "status": "done", "osm_id": "node/2032848651", "group": "Archeologia", "subgroup": "Siti", "subcategory": "Rovine"}, "geometry": {"type": "Point", "coordinates": [14.48847222, 40.75277778]}}, {"type": "Feature", "properties": {"wikidata": "Q1861925", "name": "Case del Conte", "status": "missing", "osm_id": null, "group": "Insediamenti", "subgroup": "Centri", "subcategory": "Frazione"}, "geometry": {"type": "Point", "coordinates": [14.96765, 40.24109]}}, {"type": "Feature", "properties": {"wikidata": "Q2202658", "name": "Teatro romano di Neapolis", "status": "done", "osm_id": "node/2762632324", "group": "Altro", "subgroup": "Altro", "subcategory": "Altro"}, "geometry": {"type": "Point", "coordinates": [14.25668389, 40.85235375]}}, {"type": "Feature", "properties": {"wikidata": "Q3321680", "name": "Monte Gauro", "status": "done", "osm_id": "node/2422613005", "group": "Altro", "subgroup": "Altro", "subcategory": "Altro"}, "geometry": {"type": "Point", "coordinates": [14.109, 40.8445]}}, {"type": "Feature", "properties": {"wikidata": "Q2942752", "name": "concattedrale di Santa Maria Assunta", "status": "done", "osm_id": "way/109673816", "group": "Altro", "subgroup": "Altro", "subcategory": "Altro"}, "geometry": {"type": "Point", "coordinates": [15.522, 40.0764]}}, {"type": "Feature", "properties": {"wikidata": "Q3309400", "name": "tempio di Giove", "status": "done", "osm_id": "way/240715566", "group": "Archeologia", "subgroup": "Siti", "subcategory": "Sito archeologico"}, "geometry": {"type": "Point", "coordinates": [14.4845, 40.7499]}}, {"type": "Feature", "properties": {"wikidata": "Q2016183", "name": "Ogliastro Marina", "status": "done", "osm_id": "node/1116407976", "group": "Insediamenti", "subgroup": "Centri", "subcategory": "Frazione"}, "geometry": {"type": "Point", "coordinates": [14.95103, 40.23507]}}, {"type": "Feature", "properties": {"wikidata": "Q3021161", "name": "Avigliano", "status": "done", "osm_id": "node/1084082385", "group": "Insediamenti", "subgroup": "Centri", "subcategory": "Frazione"}, "geometry": {"type": "Point", "coordinates": [15.11803, 40.67]}}, {"type": "Feature", "properties": {"wikidata": "Q3070312", "name": "Santa Croce", "status": "missing", "osm_id": null, "group": "Insediamenti", "subgroup": "Centri", "subcategory": "Frazione"}, "geometry": {"type": "Point", "coordinates": [14.684722222, 40.783333333]}}, {"type": "Feature", "properties": {"wikidata": "Q3290373", "name": "Marechiaro", "status": "missing", "osm_id": null, "group": "Insediamenti", "subgroup": "Zone Urbane", "subcategory": "Quartiere"}, "geometry": {"type": "Point", "coordinates": [14.1919, 40.7949]}}, {"type": "Feature", "properties": {"wikidata": "Q2061218", "name": "San Pietro", "status": "done", "osm_id": "node/4450927797", "group": "Insediamenti", "subgroup": "Centri", "subcategory": "Frazione"}, "geometry": {"type": "Point", "coordinates": [14.534722222, 40.75]}}, {"type": "Feature", "properties": {"wikidata": "Q3136685", "name": "Capua", "status": "missing", "osm_id": null, "group": "Altro", "subgroup": "Altro", "subcategory": "Altro"}, "geometry": {"type": "Point", "coordinates": [14.25, 41.083333333]}}, {"type": "Feature", "properties": {"wikidata": "Q3329345", "name": "Museo nazionale di San Martino", "status": "done", "osm_id": "relation/6451203", "group": "Cultura e tempo libero", "subgroup": "Musei", "subcategory": "Museo d'arte"}, "geometry": {"type": "Point", "coordinates": [14.2407, 40.8431]}}, {"type": "Feature", "properties": {"wikidata": "Q2047647", "name": "palazzo delle Poste", "status": "done", "osm_id": "relation/3360038", "group": "Dimore ed edifici", "subgroup": "Residenze", "subcategory": "Palazzo"}, "geometry": {"type": "Point", "coordinates": [14.25138116, 40.8437571]}}, {"type": "Feature", "properties": {"wikidata": "Q2136656", "name": "Materdomini", "status": "done", "osm_id": "node/2869082922", "group": "Insediamenti", "subgroup": "Centri", "subcategory": "Frazione"}, "geometry": {"type": "Point", "coordinates": [15.093333333, 41.09]}}, {"type": "Feature", "properties": {"wikidata": "Q3330426", "name": "Museo del Corallo \u2013 Collezione privata Liverino", "status": "missing", "osm_id": null, "group": "Altro", "subgroup": "Altro", "subcategory": "Altro"}, "geometry": {"type": "Point", "coordinates": [14.38259, 40.80367]}}, {"type": "Feature", "properties": {"wikidata": "Q2060974", "name": "Lago Patria", "status": "done", "osm_id": "node/1762401610", "group": "Insediamenti", "subgroup": "Centri", "subcategory": "Frazione"}, "geometry": {"type": "Point", "coordinates": [14.035833333, 40.925833333]}}, {"type": "Feature", "properties": {"wikidata": "Q2093955", "name": "Pioppaino", "status": "done", "osm_id": "node/4443004254", "group": "Insediamenti", "subgroup": "Centri", "subcategory": "Frazione"}, "geometry": {"type": "Point", "coordinates": [14.483333333, 40.7]}}, {"type": "Feature", "properties": {"wikidata": "Q2105634", "name": "Posillipo", "status": "missing", "osm_id": null, "group": "Altro", "subgroup": "Altro", "subcategory": "Altro"}, "geometry": {"type": "Point", "coordinates": [14.203434, 40.805624]}}, {"type": "Feature", "properties": {"wikidata": "Q2942823", "name": "cattedrale di Santa Maria Maggiore", "status": "done", "osm_id": "way/1428456479", "group": "Altro", "subgroup": "Altro", "subcategory": "Altro"}, "geometry": {"type": "Point", "coordinates": [15.539311, 40.379374]}}, {"type": "Feature", "properties": {"wikidata": "Q2942741", "name": "duomo di Nola", "status": "done", "osm_id": "way/732201912", "group": "Religione", "subgroup": "Luoghi di Culto", "subcategory": "Basilica minore"}, "geometry": {"type": "Point", "coordinates": [14.52816, 40.92583]}}, {"type": "Feature", "properties": {"wikidata": "Q2167726", "name": "Massicelle", "status": "done", "osm_id": "node/1324508085", "group": "Insediamenti", "subgroup": "Centri", "subcategory": "Frazione"}, "geometry": {"type": "Point", "coordinates": [15.3279, 40.1395]}}, {"type": "Feature", "properties": {"wikidata": "Q2034636", "name": "Osservatorio Astronomico di Capodimonte", "status": "done", "osm_id": "way/416313604", "group": "Altro", "subgroup": "Altro", "subcategory": "Altro"}, "geometry": {"type": "Point", "coordinates": [14.25505556, 40.86286111]}}, {"type": "Feature", "properties": {"wikidata": "Q2107485", "name": "Castelluccio", "status": "missing", "osm_id": null, "group": "Insediamenti", "subgroup": "Centri", "subcategory": "Frazione"}, "geometry": {"type": "Point", "coordinates": [14.684722222, 40.783333333]}}, {"type": "Feature", "properties": {"wikidata": "Q2165447", "name": "Villa Malaparte", "status": "done", "osm_id": "way/752097981", "group": "Altro", "subgroup": "Altro", "subcategory": "Altro"}, "geometry": {"type": "Point", "coordinates": [14.259166666, 40.546944444]}}, {"type": "Feature", "properties": {"wikidata": "Q2103859", "name": "Ponticelli", "status": "done", "osm_id": "node/3713750300", "group": "Altro", "subgroup": "Altro", "subcategory": "Altro"}, "geometry": {"type": "Point", "coordinates": [14.33, 40.8625]}}, {"type": "Feature", "properties": {"wikidata": "Q2942809", "name": "cattedrale di Sessa Aurunca", "status": "done", "osm_id": "way/542163223", "group": "Altro", "subgroup": "Altro", "subcategory": "Altro"}, "geometry": {"type": "Point", "coordinates": [13.9352, 41.2365]}}, {"type": "Feature", "properties": {"wikidata": "Q2190951", "name": "Santa Lucia", "status": "done", "osm_id": "node/2705642479", "group": "Insediamenti", "subgroup": "Centri", "subcategory": "Frazione"}, "geometry": {"type": "Point", "coordinates": [14.730555555, 40.733333333]}}, {"type": "Feature", "properties": {"wikidata": "Q2942798", "name": "Duomo di Sarno", "status": "missing", "osm_id": null, "group": "Altro", "subgroup": "Altro", "subcategory": "Altro"}, "geometry": {"type": "Point", "coordinates": [14.6116, 40.8278]}}, {"type": "Feature", "properties": {"wikidata": "Q2015116", "name": "anfiteatro romano di Pompei", "status": "done", "osm_id": "relation/57304", "group": "Altro", "subgroup": "Altro", "subcategory": "Altro"}, "geometry": {"type": "Point", "coordinates": [14.494969444, 40.751263888]}}, {"type": "Feature", "properties": {"wikidata": "Q2979771", "name": "chiostro di San Pietro ad Aram", "status": "missing", "osm_id": null, "group": "Altro", "subgroup": "Altro", "subcategory": "Altro"}, "geometry": {"type": "Point", "coordinates": [14.2667, 40.8513]}}, {"type": "Feature", "properties": {"wikidata": "Q3162439", "name": "Saragnano", "status": "done", "osm_id": "node/4336191119", "group": "Insediamenti", "subgroup": "Centri", "subcategory": "Frazione"}, "geometry": {"type": "Point", "coordinates": [14.775, 40.741666666]}}, {"type": "Feature", "properties": {"wikidata": "Q3046404", "name": "Cortedomini", "status": "missing", "osm_id": null, "group": "Insediamenti", "subgroup": "Centri", "subcategory": "Frazione"}, "geometry": {"type": "Point", "coordinates": [14.684722222, 40.783333333]}}, {"type": "Feature", "properties": {"wikidata": "Q2032113", "name": "Capo Saragnano", "status": "done", "osm_id": "node/3734184014", "group": "Insediamenti", "subgroup": "Centri", "subcategory": "Frazione"}, "geometry": {"type": "Point", "coordinates": [14.766666666, 40.733333333]}}, {"type": "Feature", "properties": {"wikidata": "Q2165460", "name": "Villa Jovis", "status": "done", "osm_id": "way/118497544", "group": "Archeologia", "subgroup": "Siti", "subcategory": "Sito archeologico"}, "geometry": {"type": "Point", "coordinates": [14.262628, 40.55823]}}, {"type": "Feature", "properties": {"wikidata": "Q2096936", "name": "Piscinola", "status": "done", "osm_id": "node/4951300769", "group": "Altro", "subgroup": "Altro", "subcategory": "Altro"}, "geometry": {"type": "Point", "coordinates": [14.23388889, 40.88666667]}}, {"type": "Feature", "properties": {"wikidata": "Q3220896", "name": "Sant'Andrea del Pizzone", "status": "done", "osm_id": "node/4318865968", "group": "Insediamenti", "subgroup": "Centri", "subcategory": "Frazione"}, "geometry": {"type": "Point", "coordinates": [14.037777777, 41.144444444]}}, {"type": "Feature", "properties": {"wikidata": "Q3328394", "name": "Museo archeologico nazionale di Pontecagnano", "status": "done", "osm_id": "node/4340367751", "group": "Cultura e tempo libero", "subgroup": "Musei", "subcategory": "Museo archeologico"}, "geometry": {"type": "Point", "coordinates": [14.87914, 40.64009]}}, {"type": "Feature", "properties": {"wikidata": "Q2942791", "name": "duomo di Sant'Angelo dei Lombardi", "status": "done", "osm_id": "way/439405863", "group": "Altro", "subgroup": "Altro", "subcategory": "Altro"}, "geometry": {"type": "Point", "coordinates": [15.1764, 40.9268]}}, {"type": "Feature", "properties": {"wikidata": "Q2942820", "name": "cattedrale di Teano", "status": "missing", "osm_id": null, "group": "Altro", "subgroup": "Altro", "subcategory": "Altro"}, "geometry": {"type": "Point", "coordinates": [14.0655, 41.2507]}}, {"type": "Feature", "properties": {"wikidata": "Q2942792", "name": "Duomo di Sant'Agata de' Goti", "status": "done", "osm_id": "way/232973199", "group": "Altro", "subgroup": "Altro", "subcategory": "Altro"}, "geometry": {"type": "Point", "coordinates": [14.50442, 41.09163]}}, {"type": "Feature", "properties": {"wikidata": "Q2067511", "name": "Sant'Andrea dei Lagni", "status": "missing", "osm_id": null, "group": "Insediamenti", "subgroup": "Centri", "subcategory": "Frazione"}, "geometry": {"type": "Point", "coordinates": [14.257222222, 41.067222222]}}, {"type": "Feature", "properties": {"wikidata": "Q2059749", "name": "grotta delle Felci", "status": "missing", "osm_id": null, "group": "Natura e paesaggio", "subgroup": "Montagna", "subcategory": "Grotta"}, "geometry": {"type": "Point", "coordinates": [14.23277778, 40.54722222]}}, {"type": "Feature", "properties": {"wikidata": "Q2942747", "name": "concattedrale di Nusco", "status": "done", "osm_id": "way/460816277", "group": "Altro", "subgroup": "Altro", "subcategory": "Altro"}, "geometry": {"type": "Point", "coordinates": [15.0848, 40.8878]}}, {"type": "Feature", "properties": {"wikidata": "Q2152049", "name": "Pioppi", "status": "done", "osm_id": "node/1116409244", "group": "Insediamenti", "subgroup": "Centri", "subcategory": "Frazione"}, "geometry": {"type": "Point", "coordinates": [15.08943333, 40.17457778]}}, {"type": "Feature", "properties": {"wikidata": "Q3183624", "name": "Baia Felice", "status": "done", "osm_id": "node/4422620383", "group": "Insediamenti", "subgroup": "Centri", "subcategory": "Frazione"}, "geometry": {"type": "Point", "coordinates": [13.841611273, 41.165185885]}}, {"type": "Feature", "properties": {"wikidata": "Q3076292", "name": "Fontana del Tritone", "status": "done", "osm_id": "node/2636412027", "group": "Monumenti", "subgroup": "Monumenti", "subcategory": "Fontana"}, "geometry": {"type": "Point", "coordinates": [14.2525, 40.8542]}}, {"type": "Feature", "properties": {"wikidata": "Q2116424", "name": "Terranova", "status": "done", "osm_id": "node/4334224661", "group": "Insediamenti", "subgroup": "Centri", "subcategory": "Frazione"}, "geometry": {"type": "Point", "coordinates": [15.288261111, 40.57015]}}, {"type": "Feature", "properties": {"wikidata": "Q2068666", "name": "cattedrale dei Santi Filippo e Giacomo", "status": "done", "osm_id": "way/308897321", "group": "Altro", "subgroup": "Altro", "subcategory": "Altro"}, "geometry": {"type": "Point", "coordinates": [14.3727, 40.62519]}}, {"type": "Feature", "properties": {"wikidata": "Q2942740", "name": "cattedrale di Nocera Inferiore", "status": "done", "osm_id": "way/312820753", "group": "Altro", "subgroup": "Altro", "subcategory": "Altro"}, "geometry": {"type": "Point", "coordinates": [14.6521, 40.7381]}}, {"type": "Feature", "properties": {"wikidata": "Q2942846", "name": "cattedrale di San Pantaleone", "status": "done", "osm_id": "way/150544200", "group": "Altro", "subgroup": "Altro", "subcategory": "Altro"}, "geometry": {"type": "Point", "coordinates": [15.2679, 40.2314]}}, {"type": "Feature", "properties": {"wikidata": "Q2219347", "name": "San Carlo all'Arena", "status": "done", "osm_id": "node/5351551832", "group": "Altro", "subgroup": "Altro", "subcategory": "Altro"}, "geometry": {"type": "Point", "coordinates": [14.25944444, 40.87138889]}}, {"type": "Feature", "properties": {"wikidata": "Q2118735", "name": "campo di internamento di Campagna", "status": "missing", "osm_id": null, "group": "Fortificazioni e militare", "subgroup": "Militare", "subcategory": "Campo di concentramento"}, "geometry": {"type": "Point", "coordinates": [15.106806, 40.667083]}}, {"type": "Feature", "properties": {"wikidata": "Q2189877", "name": "San Mauro", "status": "done", "osm_id": "node/5231448124", "group": "Insediamenti", "subgroup": "Centri", "subcategory": "Frazione"}, "geometry": {"type": "Point", "coordinates": [14.333333333, 41.25]}}, {"type": "Feature", "properties": {"wikidata": "Q2046364", "name": "Sava", "status": "done", "osm_id": "node/4406156436", "group": "Insediamenti", "subgroup": "Centri", "subcategory": "Frazione"}, "geometry": {"type": "Point", "coordinates": [14.767222222, 40.733333333]}}, {"type": "Feature", "properties": {"wikidata": "Q3322000", "name": "monte Olibano", "status": "missing", "osm_id": null, "group": "Natura e paesaggio", "subgroup": "Montagna", "subcategory": "Montagna"}, "geometry": {"type": "Point", "coordinates": [14.1414, 40.8244]}}, {"type": "Feature", "properties": {"wikidata": "Q2185877", "name": "tempio di Giove", "status": "done", "osm_id": "way/736918795", "group": "Altro", "subgroup": "Altro", "subcategory": "Altro"}, "geometry": {"type": "Point", "coordinates": [14.05136, 40.8494]}}, {"type": "Feature", "properties": {"wikidata": "Q3183991", "name": "Quadrivio", "status": "done", "osm_id": "node/1081511435", "group": "Insediamenti", "subgroup": "Centri", "subcategory": "Frazione"}, "geometry": {"type": "Point", "coordinates": [15.10353, 40.62494]}}, {"type": "Feature", "properties": {"wikidata": "Q2136797", "name": "Raito", "status": "done", "osm_id": "node/2767287524", "group": "Insediamenti", "subgroup": "Centri", "subcategory": "Frazione"}, "geometry": {"type": "Point", "coordinates": [14.716111111, 40.668055555]}}, {"type": "Feature", "properties": {"wikidata": "Q2142241", "name": "Arco di Traiano", "status": "done", "osm_id": "way/122652341", "group": "Altro", "subgroup": "Altro", "subcategory": "Altro"}, "geometry": {"type": "Point", "coordinates": [14.77916667, 41.1325]}}, {"type": "Feature", "properties": {"wikidata": "Q3329487", "name": "Museo archeologico nazionale di Paestum", "status": "done", "osm_id": "way/107830986", "group": "Cultura e tempo libero", "subgroup": "Musei", "subcategory": "Museo archeologico"}, "geometry": {"type": "Point", "coordinates": [15.006858, 40.42339]}}, {"type": "Feature", "properties": {"wikidata": "Q3322117", "name": "Monte Solaro", "status": "done", "osm_id": "node/1474276095", "group": "Natura e paesaggio", "subgroup": "Montagna", "subcategory": "Montagna"}, "geometry": {"type": "Point", "coordinates": [14.22388889, 40.54444444]}}, {"type": "Feature", "properties": {"wikidata": "Q690518", "name": "chiesa di San Giovanni Battista delle Monache", "status": "done", "osm_id": "way/270221660", "group": "Religione", "subgroup": "Luoghi di Culto", "subcategory": "Chiesa"}, "geometry": {"type": "Point", "coordinates": [14.251495, 40.850942]}}, {"type": "Feature", "properties": {"wikidata": "Q741174", "name": "chiesa di Santa Maria ad Ogni Bene dei Sette Dolori", "status": "done", "osm_id": "way/270259889", "group": "Religione", "subgroup": "Luoghi di Culto", "subcategory": "Chiesa"}, "geometry": {"type": "Point", "coordinates": [14.24505, 40.84497]}}, {"type": "Feature", "properties": {"wikidata": "Q778960", "name": "chiesa dell'Immacolata e San Vincenzo", "status": "missing", "osm_id": null, "group": "Religione", "subgroup": "Luoghi di Culto", "subcategory": "Ex chiesa"}, "geometry": {"type": "Point", "coordinates": [14.24734, 40.86046]}}, {"type": "Feature", "properties": {"wikidata": "Q662766", "name": "Anfiteatro Flavio", "status": "done", "osm_id": "way/38139365", "group": "Archeologia", "subgroup": "Siti", "subcategory": "Sito archeologico"}, "geometry": {"type": "Point", "coordinates": [14.125078, 40.825869]}}, {"type": "Feature", "properties": {"wikidata": "Q786177", "name": "chiesa di Santa Maria Antesaecula", "status": "done", "osm_id": "way/207383887", "group": "Religione", "subgroup": "Luoghi di Culto", "subcategory": "Chiesa"}, "geometry": {"type": "Point", "coordinates": [14.22716, 40.85813]}}, {"type": "Feature", "properties": {"wikidata": "Q782896", "name": "lago d'Averno", "status": "done", "osm_id": "way/22909375", "group": "Altro", "subgroup": "Altro", "subcategory": "Altro"}, "geometry": {"type": "Point", "coordinates": [14.075, 40.838333333]}}, {"type": "Feature", "properties": {"wikidata": "Q734285", "name": "parco regionale di Roccamonfina e Foce Garigliano", "status": "missing", "osm_id": null, "group": "Natura e paesaggio", "subgroup": "Verde", "subcategory": "Area protetta"}, "geometry": {"type": "Point", "coordinates": [13.9945, 41.2963]}}, {"type": "Feature", "properties": {"wikidata": "Q663838", "name": "chiesa di Sant'Antonio a Posillipo", "status": "done", "osm_id": "way/1120756060", "group": "Religione", "subgroup": "Luoghi di Culto", "subcategory": "Chiesa"}, "geometry": {"type": "Point", "coordinates": [14.21717, 40.828315]}}, {"type": "Feature", "properties": {"wikidata": "Q719029", "name": "piazza Cavour", "status": "done", "osm_id": "way/254861408", "group": "Insediamenti", "subgroup": "Zone Urbane", "subcategory": "Piazza"}, "geometry": {"type": "Point", "coordinates": [14.2533, 40.8544]}}, {"type": "Feature", "properties": {"wikidata": "Q680667", "name": "Fortore", "status": "done", "osm_id": "relation/2531014", "group": "Natura e paesaggio", "subgroup": "Acqua", "subcategory": "Fiume"}, "geometry": {"type": "Point", "coordinates": [15.293016, 41.919882]}}, {"type": "Feature", "properties": {"wikidata": "Q677362", "name": "basilica dell'Incoronata Madre del Buon Consiglio", "status": "done", "osm_id": "way/209119070", "group": "Religione", "subgroup": "Luoghi di Culto", "subcategory": "Basilica minore"}, "geometry": {"type": "Point", "coordinates": [14.24708, 40.86459]}}, {"type": "Feature", "properties": {"wikidata": "Q721189", "name": "Napoli sotterranea", "status": "missing", "osm_id": null, "group": "Cultura e tempo libero", "subgroup": "Musei", "subcategory": "Museo"}, "geometry": {"type": "Point", "coordinates": [14.256867, 40.851044]}}, {"type": "Feature", "properties": {"wikidata": "Q747184", "name": "metropolitana di Napoli", "status": "missing", "osm_id": null, "group": "Altro", "subgroup": "Altro", "subcategory": "Altro"}, "geometry": {"type": "Point", "coordinates": [14.248611111, 40.835833333]}}, {"type": "Feature", "properties": {"wikidata": "Q719100", "name": "chiesa di Sant'Anna di Palazzo", "status": "done", "osm_id": "way/270252378", "group": "Religione", "subgroup": "Luoghi di Culto", "subcategory": "Chiesa"}, "geometry": {"type": "Point", "coordinates": [14.245996, 40.838255]}}, {"type": "Feature", "properties": {"wikidata": "Q718973", "name": "Spaccanapoli", "status": "missing", "osm_id": null, "group": "Altro", "subgroup": "Altro", "subcategory": "Altro"}, "geometry": {"type": "Point", "coordinates": [14.25, 40.83333333]}}, {"type": "Feature", "properties": {"wikidata": "Q769647", "name": "chiesa anglicana", "status": "done", "osm_id": "way/481369969", "group": "Altro", "subgroup": "Altro", "subcategory": "Altro"}, "geometry": {"type": "Point", "coordinates": [14.235757, 40.83499]}}, {"type": "Feature", "properties": {"wikidata": "Q682404", "name": "Scavi archeologici dell'agro pompeiano", "status": "done", "osm_id": "relation/6005685", "group": "Archeologia", "subgroup": "Siti", "subcategory": "Sito archeologico"}, "geometry": {"type": "Point", "coordinates": [14.471389, 40.761389]}}, {"type": "Feature", "properties": {"wikidata": "Q731459", "name": "chiesa del Ges\u00f9 delle Monache", "status": "done", "osm_id": "way/271302533", "group": "Religione", "subgroup": "Luoghi di Culto", "subcategory": "Chiesa"}, "geometry": {"type": "Point", "coordinates": [14.256478, 40.854666]}}, {"type": "Feature", "properties": {"wikidata": "Q784660", "name": "basilica dello Spirito Santo", "status": "done", "osm_id": "way/267279208", "group": "Altro", "subgroup": "Altro", "subcategory": "Altro"}, "geometry": {"type": "Point", "coordinates": [14.24899, 40.84712]}}, {"type": "Feature", "properties": {"wikidata": "Q765037", "name": "chiesa di San Bonaventura", "status": "done", "osm_id": "way/261268904", "group": "Religione", "subgroup": "Luoghi di Culto", "subcategory": "Chiesa"}, "geometry": {"type": "Point", "coordinates": [14.25486, 40.84673]}}, {"type": "Feature", "properties": {"wikidata": "Q671696", "name": "Avvocata", "status": "done", "osm_id": "node/5294455981", "group": "Altro", "subgroup": "Altro", "subcategory": "Altro"}, "geometry": {"type": "Point", "coordinates": [14.24194444, 40.85361111]}}, {"type": "Feature", "properties": {"wikidata": "Q671420", "name": "Vomero", "status": "done", "osm_id": "node/4406284776", "group": "Altro", "subgroup": "Altro", "subcategory": "Altro"}, "geometry": {"type": "Point", "coordinates": [14.22694444, 40.84361111]}}, {"type": "Feature", "properties": {"wikidata": "Q718790", "name": "Palazzo Donn'Anna", "status": "done", "osm_id": "way/122851274", "group": "Dimore ed edifici", "subgroup": "Residenze", "subcategory": "Villa"}, "geometry": {"type": "Point", "coordinates": [14.2143, 40.8199]}}, {"type": "Feature", "properties": {"wikidata": "Q718869", "name": "Scuola militare \"Nunziatella\"", "status": "done", "osm_id": "relation/5340770", "group": "Altro", "subgroup": "Altro", "subcategory": "Altro"}, "geometry": {"type": "Point", "coordinates": [14.2444, 40.8326]}}, {"type": "Feature", "properties": {"wikidata": "Q719096", "name": "chiesa della Concezione al Chiatamone", "status": "done", "osm_id": "way/362619341", "group": "Religione", "subgroup": "Luoghi di Culto", "subcategory": "Ex chiesa"}, "geometry": {"type": "Point", "coordinates": [14.246, 40.830583333]}}, {"type": "Feature", "properties": {"wikidata": "Q776548", "name": "Arco Felice", "status": "done", "osm_id": "node/1039278077", "group": "Insediamenti", "subgroup": "Centri", "subcategory": "Frazione"}, "geometry": {"type": "Point", "coordinates": [14.071944444, 40.845277777]}}, {"type": "Feature", "properties": {"wikidata": "Q729943", "name": "Museo del corallo", "status": "done", "osm_id": "node/4258447333", "group": "Altro", "subgroup": "Altro", "subcategory": "Altro"}, "geometry": {"type": "Point", "coordinates": [14.249478, 40.837975]}}, {"type": "Feature", "properties": {"wikidata": "Q718777", "name": "chiesa di Santa Maria di Piedigrotta", "status": "done", "osm_id": "way/183459538", "group": "Religione", "subgroup": "Luoghi di Culto", "subcategory": "Chiesa"}, "geometry": {"type": "Point", "coordinates": [14.21916, 40.8306]}}, {"type": "Feature", "properties": {"wikidata": "Q692408", "name": "Mercato Cilento", "status": "done", "osm_id": "node/1235323768", "group": "Insediamenti", "subgroup": "Centri", "subcategory": "Frazione"}, "geometry": {"type": "Point", "coordinates": [15.0415, 40.2711]}}, {"type": "Feature", "properties": {"wikidata": "Q729764", "name": "Monte Epomeo", "status": "done", "osm_id": "node/26863248", "group": "Altro", "subgroup": "Altro", "subcategory": "Altro"}, "geometry": {"type": "Point", "coordinates": [13.8951395, 40.7301287]}}, {"type": "Feature", "properties": {"wikidata": "Q769786", "name": "cimitero acattolico di Santa Maria della Fede", "status": "done", "osm_id": "way/329371758", "group": "Religione", "subgroup": "Cimiteri", "subcategory": "Cimitero"}, "geometry": {"type": "Point", "coordinates": [14.268969444, 40.858616666]}}, {"type": "Feature", "properties": {"wikidata": "Q686306", "name": "duomo di Amalfi", "status": "done", "osm_id": "way/254643211", "group": "Altro", "subgroup": "Altro", "subcategory": "Altro"}, "geometry": {"type": "Point", "coordinates": [14.60305556, 40.63444444]}}, {"type": "Feature", "properties": {"wikidata": "Q770169", "name": "cattedrale di Alife", "status": "done", "osm_id": "way/278535586", "group": "Cultura e tempo libero", "subgroup": "Archivi", "subcategory": "Archivio"}, "geometry": {"type": "Point", "coordinates": [14.32916667, 41.32916667]}}, {"type": "Feature", "properties": {"wikidata": "Q744779", "name": "chiesa di San Giorgio dei Genovesi", "status": "done", "osm_id": "way/183944789", "group": "Religione", "subgroup": "Luoghi di Culto", "subcategory": "Ex chiesa"}, "geometry": {"type": "Point", "coordinates": [14.251835, 40.841507]}}, {"type": "Feature", "properties": {"wikidata": "Q751119", "name": "stazione di Benevento", "status": "done", "osm_id": "node/13424607466", "group": "Infrastrutture", "subgroup": "Trasporti", "subcategory": "Stazione ferroviaria"}, "geometry": {"type": "Point", "coordinates": [14.76972222, 41.14194444]}}, {"type": "Feature", "properties": {"wikidata": "Q690629", "name": "Auditorium Oscar Niemeyer", "status": "done", "osm_id": "way/227421961", "group": "Altro", "subgroup": "Altro", "subcategory": "Altro"}, "geometry": {"type": "Point", "coordinates": [14.614368, 40.650828]}}, {"type": "Feature", "properties": {"wikidata": "Q722460", "name": "Area naturale marina protetta Punta Campanella", "status": "done", "osm_id": "relation/13807226", "group": "Natura e paesaggio", "subgroup": "Verde", "subcategory": "Area protetta"}, "geometry": {"type": "Point", "coordinates": [14.324722222, 40.569]}}, {"type": "Feature", "properties": {"wikidata": "Q717930", "name": "basilica santuario di Santa Maria del Carmine Maggiore", "status": "done", "osm_id": "relation/12409454", "group": "Religione", "subgroup": "Luoghi di Culto", "subcategory": "Chiesa"}, "geometry": {"type": "Point", "coordinates": [14.26823, 40.84677]}}, {"type": "Feature", "properties": {"wikidata": "Q718751", "name": "chiesa di Santa Maria di Costantinopoli", "status": "done", "osm_id": "way/184008195", "group": "Religione", "subgroup": "Luoghi di Culto", "subcategory": "Chiesa"}, "geometry": {"type": "Point", "coordinates": [14.251215, 40.852794]}}, {"type": "Feature", "properties": {"wikidata": "Q776522", "name": "stazione di Nocera Superiore", "status": "done", "osm_id": "relation/6662116", "group": "Infrastrutture", "subgroup": "Trasporti", "subcategory": "Stazione ferroviaria"}, "geometry": {"type": "Point", "coordinates": [14.6724, 40.7427]}}, {"type": "Feature", "properties": {"wikidata": "Q732709", "name": "chiesa della Pietatella a Carbonara", "status": "done", "osm_id": "way/288223017", "group": "Altro", "subgroup": "Altro", "subcategory": "Altro"}, "geometry": {"type": "Point", "coordinates": [14.2604, 40.856]}}, {"type": "Feature", "properties": {"wikidata": "Q719089", "name": "piazza del Municipio", "status": "done", "osm_id": "relation/7778893", "group": "Insediamenti", "subgroup": "Zone Urbane", "subcategory": "Piazza"}, "geometry": {"type": "Point", "coordinates": [14.25168611, 40.83998056]}}, {"type": "Feature", "properties": {"wikidata": "Q779975", "name": "chiesa di Sant'Agostino alla Zecca", "status": "done", "osm_id": "way/183758399", "group": "Religione", "subgroup": "Luoghi di Culto", "subcategory": "Ex chiesa"}, "geometry": {"type": "Point", "coordinates": [14.262928, 40.849242]}}, {"type": "Feature", "properties": {"wikidata": "Q693174", "name": "basilica di San Paolo Maggiore", "status": "done", "osm_id": "way/123153059", "group": "Religione", "subgroup": "Luoghi di Culto", "subcategory": "Basilica minore"}, "geometry": {"type": "Point", "coordinates": [14.25683, 40.85144]}}, {"type": "Feature", "properties": {"wikidata": "Q782843", "name": "chiesa dell'Ave Gratia Plena", "status": "missing", "osm_id": null, "group": "Religione", "subgroup": "Luoghi di Culto", "subcategory": "Chiesa"}, "geometry": {"type": "Point", "coordinates": [14.3553859, 41.1207812]}}, {"type": "Feature", "properties": {"wikidata": "Q673296", "name": "Palazzo San Giacomo", "status": "done", "osm_id": "relation/3346542", "group": "Dimore ed edifici", "subgroup": "Residenze", "subcategory": "Palazzo italiano"}, "geometry": {"type": "Point", "coordinates": [14.25006, 40.8403]}}, {"type": "Feature", "properties": {"wikidata": "Q666043", "name": "Varano", "status": "done", "osm_id": "node/3468137936", "group": "Insediamenti", "subgroup": "Centri", "subcategory": "Frazione"}, "geometry": {"type": "Point", "coordinates": [14.483333333, 40.7]}}, {"type": "Feature", "properties": {"wikidata": "Q758943", "name": "Auditorium Rai di Napoli", "status": "missing", "osm_id": null, "group": "Dimore ed edifici", "subgroup": "Strutture Varie", "subcategory": "Struttura architettonica"}, "geometry": {"type": "Point", "coordinates": [14.190008, 40.826367]}}, {"type": "Feature", "properties": {"wikidata": "Q676394", "name": "Riviera di Chiaia", "status": "missing", "osm_id": null, "group": "Infrastrutture", "subgroup": "Trasporti", "subcategory": "Strada urbana"}, "geometry": {"type": "Point", "coordinates": [14.23361111, 40.83361111]}}, {"type": "Feature", "properties": {"wikidata": "Q718599", "name": "chiesa di Santa Maria di Caravaggio", "status": "done", "osm_id": "way/245710189", "group": "Religione", "subgroup": "Luoghi di Culto", "subcategory": "Chiesa"}, "geometry": {"type": "Point", "coordinates": [14.249632, 40.850066]}}, {"type": "Feature", "properties": {"wikidata": "Q717729", "name": "basilica di San Gennaro fuori le mura", "status": "done", "osm_id": "way/29509208", "group": "Religione", "subgroup": "Luoghi di Culto", "subcategory": "Basilica minore"}, "geometry": {"type": "Point", "coordinates": [14.246425, 40.863919444]}}, {"type": "Feature", "properties": {"wikidata": "Q718633", "name": "piazza Trieste e Trento", "status": "done", "osm_id": "way/248982619", "group": "Insediamenti", "subgroup": "Zone Urbane", "subcategory": "Piazza"}, "geometry": {"type": "Point", "coordinates": [14.2487, 40.8372]}}, {"type": "Feature", "properties": {"wikidata": "Q774851", "name": "chiesa di San Nicola alla Carit\u00e0", "status": "done", "osm_id": "way/183334567", "group": "Religione", "subgroup": "Luoghi di Culto", "subcategory": "Chiesa"}, "geometry": {"type": "Point", "coordinates": [14.248962, 40.845426]}}, {"type": "Feature", "properties": {"wikidata": "Q769609", "name": "Complesso di Sant'Antonio delle Monache a Port'Alba", "status": "done", "osm_id": "way/267283947", "group": "Dimore ed edifici", "subgroup": "Strutture Varie", "subcategory": "Struttura architettonica"}, "geometry": {"type": "Point", "coordinates": [14.252277, 40.850415]}}, {"type": "Feature", "properties": {"wikidata": "Q782398", "name": "cimitero delle Fontanelle", "status": "done", "osm_id": "way/414420462", "group": "Religione", "subgroup": "Cimiteri", "subcategory": "Cimitero"}, "geometry": {"type": "Point", "coordinates": [14.239055555, 40.858111111]}}, {"type": "Feature", "properties": {"wikidata": "Q745075", "name": "stazione di Cancello", "status": "done", "osm_id": "node/324825150", "group": "Infrastrutture", "subgroup": "Trasporti", "subcategory": "Stazione ferroviaria"}, "geometry": {"type": "Point", "coordinates": [14.4196, 40.9942]}}, {"type": "Feature", "properties": {"wikidata": "Q718774", "name": "chiesa del Ges\u00f9 Nuovo", "status": "done", "osm_id": "way/261249895", "group": "Religione", "subgroup": "Luoghi di Culto", "subcategory": "Chiesa"}, "geometry": {"type": "Point", "coordinates": [14.25180278, 40.84762222]}}, {"type": "Feature", "properties": {"wikidata": "Q767353", "name": "Galdo", "status": "done", "osm_id": "node/1081511429", "group": "Insediamenti", "subgroup": "Centri", "subcategory": "Frazione"}, "geometry": {"type": "Point", "coordinates": [15.112222222, 40.626944444]}}, {"type": "Feature", "properties": {"wikidata": "Q760264", "name": "santuario delle Ancelle del Sacro Cuore", "status": "done", "osm_id": "way/1428346611", "group": "Religione", "subgroup": "Luoghi di Culto", "subcategory": "Santuario"}, "geometry": {"type": "Point", "coordinates": [14.237892, 40.856235]}}, {"type": "Feature", "properties": {"wikidata": "Q682173", "name": "Villa Pignatelli", "status": "done", "osm_id": "way/79246694", "group": "Cultura e tempo libero", "subgroup": "Musei", "subcategory": "Museo"}, "geometry": {"type": "Point", "coordinates": [14.2335, 40.8349]}}, {"type": "Feature", "properties": {"wikidata": "Q691851", "name": "Universit\u00e0 degli Studi di Napoli Federico II", "status": "missing", "osm_id": null, "group": "Altro", "subgroup": "Altro", "subcategory": "Altro"}, "geometry": {"type": "Point", "coordinates": [14.2569, 40.8472]}}, {"type": "Feature", "properties": {"wikidata": "Q670342", "name": "chiesa dell'Ascensione a Chiaia", "status": "done", "osm_id": "way/183403332", "group": "Religione", "subgroup": "Luoghi di Culto", "subcategory": "Chiesa"}, "geometry": {"type": "Point", "coordinates": [14.23431, 40.83629]}}, {"type": "Feature", "properties": {"wikidata": "Q718071", "name": "chiesa di San Pietro a Majella", "status": "done", "osm_id": "way/270082218", "group": "Religione", "subgroup": "Luoghi di Culto", "subcategory": "Chiesa"}, "geometry": {"type": "Point", "coordinates": [14.252974, 40.849518]}}, {"type": "Feature", "properties": {"wikidata": "Q718801", "name": "Palazzo Doria d'Angri", "status": "done", "osm_id": "relation/2439646", "group": "Dimore ed edifici", "subgroup": "Residenze", "subcategory": "Palazzo"}, "geometry": {"type": "Point", "coordinates": [14.249611, 40.84687]}}, {"type": "Feature", "properties": {"wikidata": "Q729873", "name": "Monte Somma", "status": "missing", "osm_id": null, "group": "Altro", "subgroup": "Altro", "subcategory": "Altro"}, "geometry": {"type": "Point", "coordinates": [14.426111111, 40.821666666]}}, {"type": "Feature", "properties": {"wikidata": "Q719084", "name": "chiesa di Santa Maria della Catena", "status": "done", "osm_id": "way/339405624", "group": "Religione", "subgroup": "Luoghi di Culto", "subcategory": "Chiesa"}, "geometry": {"type": "Point", "coordinates": [14.248585, 40.83156]}}, {"type": "Feature", "properties": {"wikidata": "Q779257", "name": "Riserva naturale Cratere degli Astroni", "status": "done", "osm_id": "relation/6057291", "group": "Natura e paesaggio", "subgroup": "Verde", "subcategory": "Area protetta"}, "geometry": {"type": "Point", "coordinates": [14.14983, 40.842136]}}, {"type": "Feature", "properties": {"wikidata": "Q692803", "name": "ferrovia Circumflegrea", "status": "done", "osm_id": "relation/19835122", "group": "Infrastrutture", "subgroup": "Trasporti", "subcategory": "Linea ferroviaria"}, "geometry": {"type": "Point", "coordinates": [14.14129, 40.86138]}}, {"type": "Feature", "properties": {"wikidata": "Q781219", "name": "Maschio Angioino", "status": "done", "osm_id": "relation/15009683", "group": "Fortificazioni e militare", "subgroup": "Fortificazioni", "subcategory": "Castello"}, "geometry": {"type": "Point", "coordinates": [14.253807, 40.838376]}}, {"type": "Feature", "properties": {"wikidata": "Q718623", "name": "chiesa di San Michele Arcangelo", "status": "done", "osm_id": "way/270240643", "group": "Religione", "subgroup": "Luoghi di Culto", "subcategory": "Chiesa"}, "geometry": {"type": "Point", "coordinates": [14.249763, 40.8483]}}, {"type": "Feature", "properties": {"wikidata": "Q718315", "name": "Villa Floridiana", "status": "done", "osm_id": "way/36769618", "group": "Dimore ed edifici", "subgroup": "Residenze", "subcategory": "Villa"}, "geometry": {"type": "Point", "coordinates": [14.23005, 40.8394]}}, {"type": "Feature", "properties": {"wikidata": "Q779810", "name": "chiesa di Santa Maria Donnalbina", "status": "done", "osm_id": "way/261264193", "group": "Religione", "subgroup": "Luoghi di Culto", "subcategory": "Chiesa"}, "geometry": {"type": "Point", "coordinates": [14.252553, 40.844575]}}, {"type": "Feature", "properties": {"wikidata": "Q719093", "name": "basilica di Santa Maria degli Angeli a Pizzofalcone", "status": "done", "osm_id": "way/183334570", "group": "Religione", "subgroup": "Luoghi di Culto", "subcategory": "Chiesa"}, "geometry": {"type": "Point", "coordinates": [14.244594, 40.835326]}}, {"type": "Feature", "properties": {"wikidata": "Q769262", "name": "Palinuro", "status": "done", "osm_id": "node/1210265796", "group": "Insediamenti", "subgroup": "Centri", "subcategory": "Frazione"}, "geometry": {"type": "Point", "coordinates": [15.283333333, 40.033333333]}}, {"type": "Feature", "properties": {"wikidata": "Q667605", "name": "chiesa di Santa Luciella a San Biagio dei Librai", "status": "done", "osm_id": "way/270701756", "group": "Religione", "subgroup": "Luoghi di Culto", "subcategory": "Chiesa"}, "geometry": {"type": "Point", "coordinates": [14.257212, 40.849364]}}, {"type": "Feature", "properties": {"wikidata": "Q220221", "name": "Stazione zoologica Anton Dohrn", "status": "missing", "osm_id": null, "group": "Altro", "subgroup": "Altro", "subcategory": "Altro"}, "geometry": {"type": "Point", "coordinates": [14.23577, 40.8327]}}, {"type": "Feature", "properties": {"wikidata": "Q221640", "name": "Real Albergo dei Poveri", "status": "done", "osm_id": "relation/62884", "group": "Altro", "subgroup": "Altro", "subcategory": "Altro"}, "geometry": {"type": "Point", "coordinates": [14.26546, 40.863465]}}, {"type": "Feature", "properties": {"wikidata": "Q81345", "name": "Positano", "status": "done", "osm_id": "relation/40642", "group": "Amministrazione", "subgroup": "Uffici Pubblici", "subcategory": "Comune italiano"}, "geometry": {"type": "Point", "coordinates": [14.481944444, 40.627777777]}}, {"type": "Feature", "properties": {"wikidata": "Q81544", "name": "San Gregorio Magno", "status": "done", "osm_id": "relation/40659", "group": "Amministrazione", "subgroup": "Uffici Pubblici", "subcategory": "Comune italiano"}, "geometry": {"type": "Point", "coordinates": [15.4, 40.65]}}, {"type": "Feature", "properties": {"wikidata": "Q81695", "name": "Sessa Cilento", "status": "done", "osm_id": "relation/40366", "group": "Amministrazione", "subgroup": "Uffici Pubblici", "subcategory": "Comune italiano"}, "geometry": {"type": "Point", "coordinates": [15.083333333, 40.266666666]}}, {"type": "Feature", "properties": {"wikidata": "Q219830", "name": "Zona Industriale", "status": "missing", "osm_id": null, "group": "Altro", "subgroup": "Altro", "subcategory": "Altro"}, "geometry": {"type": "Point", "coordinates": [14.28361111, 40.84722222]}}, {"type": "Feature", "properties": {"wikidata": "Q81808", "name": "Vibonati", "status": "done", "osm_id": "relation/40256", "group": "Amministrazione", "subgroup": "Uffici Pubblici", "subcategory": "Comune italiano"}, "geometry": {"type": "Point", "coordinates": [15.583333333, 40.1]}}, {"type": "Feature", "properties": {"wikidata": "Q248568", "name": "chiesa di Santa Maria dei Vergini", "status": "done", "osm_id": "way/433777233", "group": "Religione", "subgroup": "Luoghi di Culto", "subcategory": "Chiesa"}, "geometry": {"type": "Point", "coordinates": [14.2546, 40.857114]}}, {"type": "Feature", "properties": {"wikidata": "Q81349", "name": "Postiglione", "status": "done", "osm_id": "relation/40582", "group": "Amministrazione", "subgroup": "Uffici Pubblici", "subcategory": "Comune italiano"}, "geometry": {"type": "Point", "coordinates": [15.233333333, 40.566666666]}}, {"type": "Feature", "properties": {"wikidata": "Q3669608", "name": "chiesa di San Benedetto", "status": "done", "osm_id": "way/275036771", "group": "Religione", "subgroup": "Luoghi di Culto", "subcategory": "Chiesa"}, "geometry": {"type": "Point", "coordinates": [14.7626, 40.6794]}}, {"type": "Feature", "properties": {"wikidata": "Q81358", "name": "Prignano Cilento", "status": "done", "osm_id": "relation/40433", "group": "Amministrazione", "subgroup": "Uffici Pubblici", "subcategory": "Comune italiano"}, "geometry": {"type": "Point", "coordinates": [15.066666666, 40.333333333]}}, {"type": "Feature", "properties": {"wikidata": "Q129388", "name": "Funicolare di Montevergine", "status": "done", "osm_id": "relation/16807413", "group": "Altro", "subgroup": "Altro", "subcategory": "Altro"}, "geometry": {"type": "Point", "coordinates": [14.744672, 40.923059]}}, {"type": "Feature", "properties": {"wikidata": "Q3669451", "name": "chiesa di Palazzo Troiano Spinelli di Laurino", "status": "done", "osm_id": "node/13104298809", "group": "Religione", "subgroup": "Luoghi di Culto", "subcategory": "Chiesa"}, "geometry": {"type": "Point", "coordinates": [14.255567, 40.850115]}}, {"type": "Feature", "properties": {"wikidata": "Q81558", "name": "San Marzano sul Sarno", "status": "done", "osm_id": "relation/40754", "group": "Amministrazione", "subgroup": "Uffici Pubblici", "subcategory": "Comune italiano"}, "geometry": {"type": "Point", "coordinates": [14.594661111, 40.769702777]}}, {"type": "Feature", "properties": {"wikidata": "Q81446", "name": "Roccagloriosa", "status": "done", "osm_id": "relation/40245", "group": "Amministrazione", "subgroup": "Uffici Pubblici", "subcategory": "Comune italiano"}, "geometry": {"type": "Point", "coordinates": [15.433333333, 40.116666666]}}, {"type": "Feature", "properties": {"wikidata": "Q3669517", "name": "chiesa di San Bartolomeo", "status": "done", "osm_id": "way/273446676", "group": "Religione", "subgroup": "Luoghi di Culto", "subcategory": "Chiesa"}, "geometry": {"type": "Point", "coordinates": [14.64901944, 40.74768611]}}, {"type": "Feature", "properties": {"wikidata": "Q81486", "name": "Salvitelle", "status": "done", "osm_id": "relation/40617", "group": "Amministrazione", "subgroup": "Uffici Pubblici", "subcategory": "Comune italiano"}, "geometry": {"type": "Point", "coordinates": [15.45876, 40.5909]}}, {"type": "Feature", "properties": {"wikidata": "Q81658", "name": "Sarno", "status": "done", "osm_id": "relation/40765", "group": "Amministrazione", "subgroup": "Uffici Pubblici", "subcategory": "Comune italiano"}, "geometry": {"type": "Point", "coordinates": [14.616666666, 40.816666666]}}, {"type": "Feature", "properties": {"wikidata": "Q3669319", "name": "chiesa di Ges\u00f9 e Maria", "status": "done", "osm_id": "way/734893276", "group": "Religione", "subgroup": "Luoghi di Culto", "subcategory": "Chiesa"}, "geometry": {"type": "Point", "coordinates": [14.478921, 40.693893]}}, {"type": "Feature", "properties": {"wikidata": "Q81733", "name": "Torraca", "status": "done", "osm_id": "relation/40264", "group": "Amministrazione", "subgroup": "Uffici Pubblici", "subcategory": "Comune italiano"}, "geometry": {"type": "Point", "coordinates": [15.633333333, 40.116666666]}}, {"type": "Feature", "properties": {"wikidata": "Q81662", "name": "Sassano", "status": "done", "osm_id": "relation/40420", "group": "Amministrazione", "subgroup": "Uffici Pubblici", "subcategory": "Comune italiano"}, "geometry": {"type": "Point", "coordinates": [15.56555, 40.3403]}}, {"type": "Feature", "properties": {"wikidata": "Q81782", "name": "Valle dell'Angelo", "status": "done", "osm_id": "relation/40390", "group": "Amministrazione", "subgroup": "Uffici Pubblici", "subcategory": "Comune italiano"}, "geometry": {"type": "Point", "coordinates": [15.369166666, 40.344722222]}}, {"type": "Feature", "properties": {"wikidata": "Q81588", "name": "San Rufo", "status": "done", "osm_id": "relation/40493", "group": "Amministrazione", "subgroup": "Uffici Pubblici", "subcategory": "Comune italiano"}, "geometry": {"type": "Point", "coordinates": [15.466666666, 40.433333333]}}, {"type": "Feature", "properties": {"wikidata": "Q81605", "name": "Sant'Angelo a Fasanella", "status": "done", "osm_id": "relation/40512", "group": "Amministrazione", "subgroup": "Uffici Pubblici", "subcategory": "Comune italiano"}, "geometry": {"type": "Point", "coordinates": [15.35, 40.45]}}, {"type": "Feature", "properties": {"wikidata": "Q100008", "name": "funicolare Centrale", "status": "done", "osm_id": "relation/2168320", "group": "Altro", "subgroup": "Altro", "subcategory": "Altro"}, "geometry": {"type": "Point", "coordinates": [14.240819444, 40.840713888]}}, {"type": "Feature", "properties": {"wikidata": "Q3669351", "name": "chiesa di Maria Santissima del Carmine", "status": "done", "osm_id": "way/414420463", "group": "Religione", "subgroup": "Luoghi di Culto", "subcategory": "Chiesa"}, "geometry": {"type": "Point", "coordinates": [14.238972, 40.858694]}}, {"type": "Feature", "properties": {"wikidata": "Q81453", "name": "Rofrano", "status": "done", "osm_id": "relation/40325", "group": "Amministrazione", "subgroup": "Uffici Pubblici", "subcategory": "Comune italiano"}, "geometry": {"type": "Point", "coordinates": [15.433333333, 40.216666666]}}, {"type": "Feature", "properties": {"wikidata": "Q3669705", "name": "chiesa di San Biagio ai Taffettanari", "status": "done", "osm_id": "way/267251949", "group": "Religione", "subgroup": "Luoghi di Culto", "subcategory": "Chiesa"}, "geometry": {"type": "Point", "coordinates": [14.26036, 40.84749]}}, {"type": "Feature", "properties": {"wikidata": "Q3669515", "name": "chiesa di San Bartolomeo", "status": "done", "osm_id": "way/248008315", "group": "Religione", "subgroup": "Luoghi di Culto", "subcategory": "Ex chiesa"}, "geometry": {"type": "Point", "coordinates": [14.25338, 40.84117]}}, {"type": "Feature", "properties": {"wikidata": "Q81450", "name": "Roccapiemonte", "status": "done", "osm_id": "relation/40740", "group": "Amministrazione", "subgroup": "Uffici Pubblici", "subcategory": "Comune italiano"}, "geometry": {"type": "Point", "coordinates": [14.693333333, 40.761666666]}}, {"type": "Feature", "properties": {"wikidata": "Q81355", "name": "Praiano", "status": "done", "osm_id": "relation/40639", "group": "Amministrazione", "subgroup": "Uffici Pubblici", "subcategory": "Comune italiano"}, "geometry": {"type": "Point", "coordinates": [14.533333333, 40.611111111]}}, {"type": "Feature", "properties": {"wikidata": "Q81553", "name": "San Mango Piemonte", "status": "done", "osm_id": "relation/40708", "group": "Amministrazione", "subgroup": "Uffici Pubblici", "subcategory": "Comune italiano"}, "geometry": {"type": "Point", "coordinates": [14.833333333, 40.7]}}, {"type": "Feature", "properties": {"wikidata": "Q3669452", "name": "Chiesa di Palazzo Sanfelice", "status": "done", "osm_id": "node/13226587683", "group": "Religione", "subgroup": "Luoghi di Culto", "subcategory": "Chiesa"}, "geometry": {"type": "Point", "coordinates": [14.2514, 40.85758]}}, {"type": "Feature", "properties": {"wikidata": "Q221245", "name": "basilica di Santa Maria della Pazienza", "status": "done", "osm_id": "way/210821321", "group": "Religione", "subgroup": "Luoghi di Culto", "subcategory": "Chiesa"}, "geometry": {"type": "Point", "coordinates": [14.241325, 40.85132]}}, {"type": "Feature", "properties": {"wikidata": "Q241410", "name": "basilica di San Francesco di Paola", "status": "done", "osm_id": "way/27182810", "group": "Religione", "subgroup": "Luoghi di Culto", "subcategory": "Chiesa"}, "geometry": {"type": "Point", "coordinates": [14.2475, 40.8353]}}, {"type": "Feature", "properties": {"wikidata": "Q3669343", "name": "chiesa di Maria Santissima Assunta", "status": "missing", "osm_id": null, "group": "Religione", "subgroup": "Luoghi di Culto", "subcategory": "Chiesa"}, "geometry": {"type": "Point", "coordinates": [14.759971853, 41.033435763]}}, {"type": "Feature", "properties": {"wikidata": "Q222410", "name": "Piscina mirabilis", "status": "done", "osm_id": "way/1241141330", "group": "Altro", "subgroup": "Altro", "subcategory": "Altro"}, "geometry": {"type": "Point", "coordinates": [14.08, 40.795277777]}}, {"type": "Feature", "properties": {"wikidata": "Q179714", "name": "Borgo Santa Lucia", "status": "missing", "osm_id": null, "group": "Altro", "subgroup": "Altro", "subcategory": "Altro"}, "geometry": {"type": "Point", "coordinates": [14.25009, 40.832104]}}, {"type": "Feature", "properties": {"wikidata": "Q81705", "name": "Sicignano degli Alburni", "status": "done", "osm_id": "relation/40588", "group": "Amministrazione", "subgroup": "Uffici Pubblici", "subcategory": "Comune italiano"}, "geometry": {"type": "Point", "coordinates": [15.307, 40.559666666]}}, {"type": "Feature", "properties": {"wikidata": "Q81474", "name": "Sala Consilina", "status": "done", "osm_id": "relation/40471", "group": "Amministrazione", "subgroup": "Uffici Pubblici", "subcategory": "Comune italiano"}, "geometry": {"type": "Point", "coordinates": [15.6, 40.4]}}, {"type": "Feature", "properties": {"wikidata": "Q81462", "name": "Roscigno", "status": "done", "osm_id": "relation/40487", "group": "Amministrazione", "subgroup": "Uffici Pubblici", "subcategory": "Comune italiano"}, "geometry": {"type": "Point", "coordinates": [15.35, 40.4]}}, {"type": "Feature", "properties": {"wikidata": "Q81608", "name": "Sant'Arsenio", "status": "done", "osm_id": "relation/40504", "group": "Amministrazione", "subgroup": "Uffici Pubblici", "subcategory": "Comune italiano"}, "geometry": {"type": "Point", "coordinates": [15.483333, 40.466667]}}, {"type": "Feature", "properties": {"wikidata": "Q81470", "name": "Sacco", "status": "done", "osm_id": "relation/40472", "group": "Amministrazione", "subgroup": "Uffici Pubblici", "subcategory": "Comune italiano"}, "geometry": {"type": "Point", "coordinates": [15.378333333, 40.378888888]}}, {"type": "Feature", "properties": {"wikidata": "Q81633", "name": "Santomenna", "status": "done", "osm_id": "relation/40792", "group": "Amministrazione", "subgroup": "Uffici Pubblici", "subcategory": "Comune italiano"}, "geometry": {"type": "Point", "coordinates": [15.3435659, 40.81235005]}}, {"type": "Feature", "properties": {"wikidata": "Q81585", "name": "San Pietro al Tanagro", "status": "done", "osm_id": "relation/40516", "group": "Amministrazione", "subgroup": "Uffici Pubblici", "subcategory": "Comune italiano"}, "geometry": {"type": "Point", "coordinates": [15.483055555, 40.456388888]}}, {"type": "Feature", "properties": {"wikidata": "Q240234", "name": "Palazzo Penne", "status": "done", "osm_id": "way/261266552", "group": "Dimore ed edifici", "subgroup": "Residenze", "subcategory": "Palazzo"}, "geometry": {"type": "Point", "coordinates": [14.254341, 40.84495]}}, {"type": "Feature", "properties": {"wikidata": "Q3669479", "name": "basilica di San Bartolomeo Apostolo", "status": "done", "osm_id": "way/248975068", "group": "Altro", "subgroup": "Altro", "subcategory": "Altro"}, "geometry": {"type": "Point", "coordinates": [14.778686111, 41.130638888]}}, {"type": "Feature", "properties": {"wikidata": "Q212214", "name": "Costiera amalfitana", "status": "missing", "osm_id": null, "group": "Altro", "subgroup": "Altro", "subcategory": "Altro"}, "geometry": {"type": "Point", "coordinates": [14.6, 40.633333333]}}, {"type": "Feature", "properties": {"wikidata": "Q81708", "name": "Stella Cilento", "status": "done", "osm_id": "relation/40365", "group": "Amministrazione", "subgroup": "Uffici Pubblici", "subcategory": "Comune italiano"}, "geometry": {"type": "Point", "coordinates": [15.1, 40.233333333]}}, {"type": "Feature", "properties": {"wikidata": "Q81687", "name": "Serramezzana", "status": "done", "osm_id": "relation/40378", "group": "Amministrazione", "subgroup": "Uffici Pubblici", "subcategory": "Comune italiano"}, "geometry": {"type": "Point", "coordinates": [15.016667, 40.25]}}, {"type": "Feature", "properties": {"wikidata": "Q81654", "name": "Sapri", "status": "done", "osm_id": "relation/40236", "group": "Amministrazione", "subgroup": "Uffici Pubblici", "subcategory": "Comune italiano"}, "geometry": {"type": "Point", "coordinates": [15.633333333, 40.066666666]}}, {"type": "Feature", "properties": {"wikidata": "Q81688", "name": "Serre", "status": "done", "osm_id": "relation/40576", "group": "Amministrazione", "subgroup": "Uffici Pubblici", "subcategory": "Comune italiano"}, "geometry": {"type": "Point", "coordinates": [15.18555, 40.58251]}}, {"type": "Feature", "properties": {"wikidata": "Q81628", "name": "Santa Marina", "status": "done", "osm_id": "relation/40248", "group": "Amministrazione", "subgroup": "Uffici Pubblici", "subcategory": "Comune italiano"}, "geometry": {"type": "Point", "coordinates": [15.5232699, 40.0970798]}}, {"type": "Feature", "properties": {"wikidata": "Q228974", "name": "Zum Kater Hiddigeigei", "status": "missing", "osm_id": null, "group": "Dimore ed edifici", "subgroup": "Ospitalit\u00e0", "subcategory": "Locanda"}, "geometry": {"type": "Point", "coordinates": [14.2439, 40.5506]}}, {"type": "Feature", "properties": {"wikidata": "Q189387", "name": "isola d'Ischia", "status": "done", "osm_id": "relation/2675420", "group": "Altro", "subgroup": "Altro", "subcategory": "Altro"}, "geometry": {"type": "Point", "coordinates": [13.895555555, 40.731111111]}}, {"type": "Feature", "properties": {"wikidata": "Q81535", "name": "San Cipriano Picentino", "status": "done", "osm_id": "relation/40688", "group": "Amministrazione", "subgroup": "Uffici Pubblici", "subcategory": "Comune italiano"}, "geometry": {"type": "Point", "coordinates": [14.866666666, 40.716666666]}}, {"type": "Feature", "properties": {"wikidata": "Q81805", "name": "Valva", "status": "done", "osm_id": "relation/40713", "group": "Amministrazione", "subgroup": "Uffici Pubblici", "subcategory": "Comune italiano"}, "geometry": {"type": "Point", "coordinates": [15.26946, 40.73821]}}, {"type": "Feature", "properties": {"wikidata": "Q157747", "name": "Lupanare", "status": "done", "osm_id": "way/240573967", "group": "Altro", "subgroup": "Altro", "subcategory": "Altro"}, "geometry": {"type": "Point", "coordinates": [14.48677778, 40.75025]}}, {"type": "Feature", "properties": {"wikidata": "Q3669492", "name": "chiesa di San Bartolomeo", "status": "missing", "osm_id": null, "group": "Religione", "subgroup": "Luoghi di Culto", "subcategory": "Chiesa"}, "geometry": {"type": "Point", "coordinates": [14.3618, 41.07407]}}, {"type": "Feature", "properties": {"wikidata": "Q81622", "name": "Sant'Egidio del Monte Albino", "status": "done", "osm_id": "relation/40717", "group": "Amministrazione", "subgroup": "Uffici Pubblici", "subcategory": "Comune italiano"}, "geometry": {"type": "Point", "coordinates": [14.594444444, 40.740277777]}}, {"type": "Feature", "properties": {"wikidata": "Q81565", "name": "San Mauro Cilento", "status": "done", "osm_id": "relation/40347", "group": "Amministrazione", "subgroup": "Uffici Pubblici", "subcategory": "Comune italiano"}, "geometry": {"type": "Point", "coordinates": [15.05, 40.233333333]}}, {"type": "Feature", "properties": {"wikidata": "Q81786", "name": "Vallo della Lucania", "status": "done", "osm_id": "relation/40352", "group": "Amministrazione", "subgroup": "Uffici Pubblici", "subcategory": "Comune italiano"}, "geometry": {"type": "Point", "coordinates": [15.266666666, 40.233333333]}}, {"type": "Feature", "properties": {"wikidata": "Q81600", "name": "San Valentino Torio", "status": "done", "osm_id": "relation/40763", "group": "Amministrazione", "subgroup": "Uffici Pubblici", "subcategory": "Comune italiano"}, "geometry": {"type": "Point", "coordinates": [14.60333, 40.79109]}}, {"type": "Feature", "properties": {"wikidata": "Q81776", "name": "Trentinara", "status": "done", "osm_id": "relation/40474", "group": "Amministrazione", "subgroup": "Uffici Pubblici", "subcategory": "Comune italiano"}, "geometry": {"type": "Point", "coordinates": [15.116666666, 40.4]}}, {"type": "Feature", "properties": {"wikidata": "Q81730", "name": "Torchiara", "status": "done", "osm_id": "relation/40430", "group": "Amministrazione", "subgroup": "Uffici Pubblici", "subcategory": "Comune italiano"}, "geometry": {"type": "Point", "coordinates": [15.05, 40.316666666]}}, {"type": "Feature", "properties": {"wikidata": "Q81648", "name": "Sanza", "status": "done", "osm_id": "relation/40357", "group": "Amministrazione", "subgroup": "Uffici Pubblici", "subcategory": "Comune italiano"}, "geometry": {"type": "Point", "coordinates": [15.55, 40.25]}}, {"type": "Feature", "properties": {"wikidata": "Q81540", "name": "San Giovanni a Piro", "status": "done", "osm_id": "relation/40242", "group": "Amministrazione", "subgroup": "Uffici Pubblici", "subcategory": "Comune italiano"}, "geometry": {"type": "Point", "coordinates": [15.433333333, 40.05]}}, {"type": "Feature", "properties": {"wikidata": "Q81723", "name": "Stio", "status": "done", "osm_id": "relation/40428", "group": "Amministrazione", "subgroup": "Uffici Pubblici", "subcategory": "Comune italiano"}, "geometry": {"type": "Point", "coordinates": [15.25153, 40.3102]}}, {"type": "Feature", "properties": {"wikidata": "Q81681", "name": "Scala", "status": "done", "osm_id": "relation/40657", "group": "Amministrazione", "subgroup": "Uffici Pubblici", "subcategory": "Comune italiano"}, "geometry": {"type": "Point", "coordinates": [14.60778, 40.65361]}}, {"type": "Feature", "properties": {"wikidata": "Q81439", "name": "Roccadaspide", "status": "done", "osm_id": "relation/40481", "group": "Amministrazione", "subgroup": "Uffici Pubblici", "subcategory": "Comune italiano"}, "geometry": {"type": "Point", "coordinates": [15.2, 40.433333333]}}, {"type": "Feature", "properties": {"wikidata": "Q81467", "name": "Rutino", "status": "done", "osm_id": "relation/40421", "group": "Amministrazione", "subgroup": "Uffici Pubblici", "subcategory": "Comune italiano"}, "geometry": {"type": "Point", "coordinates": [15.066666666, 40.3]}}, {"type": "Feature", "properties": {"wikidata": "Q81728", "name": "Teggiano", "status": "done", "osm_id": "relation/40469", "group": "Amministrazione", "subgroup": "Uffici Pubblici", "subcategory": "Comune italiano"}, "geometry": {"type": "Point", "coordinates": [15.533333333, 40.383333333]}}, {"type": "Feature", "properties": {"wikidata": "Q82709", "name": "Stadio Diego Armando Maradona (Napoli)", "status": "done", "osm_id": "way/22790881", "group": "Altro", "subgroup": "Altro", "subcategory": "Altro"}, "geometry": {"type": "Point", "coordinates": [14.193008, 40.827967]}}, {"type": "Feature", "properties": {"wikidata": "Q81458", "name": "Romagnano al Monte", "status": "done", "osm_id": "relation/40629", "group": "Amministrazione", "subgroup": "Uffici Pubblici", "subcategory": "Comune italiano"}, "geometry": {"type": "Point", "coordinates": [15.458055555, 40.628055555]}}, {"type": "Feature", "properties": {"wikidata": "Q81434", "name": "Ricigliano", "status": "done", "osm_id": "relation/40660", "group": "Amministrazione", "subgroup": "Uffici Pubblici", "subcategory": "Comune italiano"}, "geometry": {"type": "Point", "coordinates": [15.483333333, 40.666666666]}}, {"type": "Feature", "properties": {"wikidata": "Q81427", "name": "Ravello", "status": "done", "osm_id": "relation/40658", "group": "Amministrazione", "subgroup": "Uffici Pubblici", "subcategory": "Comune italiano"}, "geometry": {"type": "Point", "coordinates": [14.616666666, 40.65]}}, {"type": "Feature", "properties": {"wikidata": "Q3669353", "name": "chiesa di Maria Santissima del Carmine", "status": "done", "osm_id": "way/734891818", "group": "Religione", "subgroup": "Luoghi di Culto", "subcategory": "Chiesa"}, "geometry": {"type": "Point", "coordinates": [14.483648, 40.699886]}}, {"type": "Feature", "properties": {"wikidata": "Q81814", "name": "Vietri sul Mare", "status": "done", "osm_id": "relation/40677", "group": "Amministrazione", "subgroup": "Uffici Pubblici", "subcategory": "Comune italiano"}, "geometry": {"type": "Point", "coordinates": [14.727777777, 40.672222222]}}, {"type": "Feature", "properties": {"wikidata": "Q128377", "name": "Abbazia territoriale della Santissima Trinit\u00e0 di Cava de' Tirreni", "status": "done", "osm_id": "way/495189115", "group": "Altro", "subgroup": "Altro", "subcategory": "Altro"}, "geometry": {"type": "Point", "coordinates": [14.69083333, 40.68222222]}}, {"type": "Feature", "properties": {"wikidata": "Q81699", "name": "Siano", "status": "done", "osm_id": "relation/40776", "group": "Amministrazione", "subgroup": "Uffici Pubblici", "subcategory": "Comune italiano"}, "geometry": {"type": "Point", "coordinates": [14.694444444, 40.8025]}}, {"type": "Feature", "properties": {"wikidata": "Q81765", "name": "Tramonti", "status": "done", "osm_id": "relation/40685", "group": "Amministrazione", "subgroup": "Uffici Pubblici", "subcategory": "Comune italiano"}, "geometry": {"type": "Point", "coordinates": [14.63988, 40.69426]}}, {"type": "Feature", "properties": {"wikidata": "Q3669782", "name": "chiesa di San Clemente", "status": "missing", "osm_id": null, "group": "Religione", "subgroup": "Luoghi di Culto", "subcategory": "Chiesa"}, "geometry": {"type": "Point", "coordinates": [15.39339, 40.2033]}}, {"type": "Feature", "properties": {"wikidata": "Q3669357", "name": "chiesa di Maria Santissima del Rosario", "status": "missing", "osm_id": null, "group": "Religione", "subgroup": "Luoghi di Culto", "subcategory": "Chiesa"}, "geometry": {"type": "Point", "coordinates": [14.744733333, 41.059538888]}}, {"type": "Feature", "properties": {"wikidata": "Q81479", "name": "Salento", "status": "done", "osm_id": "relation/40375", "group": "Amministrazione", "subgroup": "Uffici Pubblici", "subcategory": "Comune italiano"}, "geometry": {"type": "Point", "coordinates": [15.1909, 40.2496]}}, {"type": "Feature", "properties": {"wikidata": "Q81761", "name": "Tortorella", "status": "done", "osm_id": "relation/40265", "group": "Amministrazione", "subgroup": "Uffici Pubblici", "subcategory": "Comune italiano"}, "geometry": {"type": "Point", "coordinates": [15.6, 40.133333333]}}, {"type": "Feature", "properties": {"wikidata": "Q81755", "name": "Torre Orsaia", "status": "done", "osm_id": "relation/40270", "group": "Amministrazione", "subgroup": "Uffici Pubblici", "subcategory": "Comune italiano"}, "geometry": {"type": "Point", "coordinates": [15.466666666, 40.133333333]}}, {"type": "Feature", "properties": {"wikidata": "Q81579", "name": "San Mauro La Bruca", "status": "done", "osm_id": "relation/40288", "group": "Amministrazione", "subgroup": "Uffici Pubblici", "subcategory": "Comune italiano"}, "geometry": {"type": "Point", "coordinates": [15.283333333, 40.116666666]}}, {"type": "Feature", "properties": {"wikidata": "Q3618777", "name": "Antiquarium di Pompei", "status": "missing", "osm_id": null, "group": "Cultura e tempo libero", "subgroup": "Musei", "subcategory": "Museo"}, "geometry": {"type": "Point", "coordinates": [14.48329, 40.74854]}}, {"type": "Feature", "properties": {"wikidata": "Q3618774", "name": "Antiquarium di Boscoreale", "status": "missing", "osm_id": null, "group": "Cultura e tempo libero", "subgroup": "Musei", "subcategory": "Museo archeologico"}, "geometry": {"type": "Point", "coordinates": [14.471401, 40.761482]}}, {"type": "Feature", "properties": {"wikidata": "Q3361337", "name": "Palazzo Trabucco", "status": "done", "osm_id": "relation/3614836", "group": "Dimore ed edifici", "subgroup": "Residenze", "subcategory": "Palazzo"}, "geometry": {"type": "Point", "coordinates": [14.2485, 40.84432]}}, {"type": "Feature", "properties": {"wikidata": "Q3623653", "name": "Arola", "status": "done", "osm_id": "node/3110207850", "group": "Insediamenti", "subgroup": "Centri", "subcategory": "Frazione"}, "geometry": {"type": "Point", "coordinates": [14.438611111, 40.635277777]}}, {"type": "Feature", "properties": {"wikidata": "Q3360366", "name": "Santa Cecilia", "status": "done", "osm_id": "node/253053187", "group": "Insediamenti", "subgroup": "Centri", "subcategory": "Frazione"}, "geometry": {"type": "Point", "coordinates": [15.001666666, 40.523888888]}}, {"type": "Feature", "properties": {"wikidata": "Q3551649", "name": "Universit\u00e0 degli Studi della Campania \"Luigi Vanvitelli\"", "status": "done", "osm_id": "way/93887394", "group": "Altro", "subgroup": "Altro", "subcategory": "Altro"}, "geometry": {"type": "Point", "coordinates": [14.3307853, 41.0677696]}}, {"type": "Feature", "properties": {"wikidata": "Q3517526", "name": "tempio di Iside", "status": "missing", "osm_id": null, "group": "Archeologia", "subgroup": "Siti", "subcategory": "Sito archeologico"}, "geometry": {"type": "Point", "coordinates": [14.780887, 41.132373]}}, {"type": "Feature", "properties": {"wikidata": "Q3361317", "name": "Palazzo Partanna", "status": "done", "osm_id": "way/343496834", "group": "Dimore ed edifici", "subgroup": "Residenze", "subcategory": "Palazzo"}, "geometry": {"type": "Point", "coordinates": [14.24148, 40.834296]}}, {"type": "Feature", "properties": {"wikidata": "Q3551499", "name": "Universit\u00e0 degli Studi Suor Orsola Benincasa", "status": "missing", "osm_id": null, "group": "Altro", "subgroup": "Altro", "subcategory": "Altro"}, "geometry": {"type": "Point", "coordinates": [14.2421304, 40.8404996]}}, {"type": "Feature", "properties": {"wikidata": "Q3613758", "name": "Ambassador's Palace Hotel", "status": "done", "osm_id": "relation/8515958", "group": "Dimore ed edifici", "subgroup": "Ospitalit\u00e0", "subcategory": "Albergo"}, "geometry": {"type": "Point", "coordinates": [14.2519, 40.8424]}}, {"type": "Feature", "properties": {"wikidata": "Q3516747", "name": "Teatro Augusteo", "status": "done", "osm_id": "way/400565328", "group": "Cultura e tempo libero", "subgroup": "Spettacolo", "subcategory": "Teatro"}, "geometry": {"type": "Point", "coordinates": [14.2477, 40.8389]}}, {"type": "Feature", "properties": {"wikidata": "Q3606886", "name": "Agro aversano", "status": "missing", "osm_id": null, "group": "Altro", "subgroup": "Altro", "subcategory": "Altro"}, "geometry": {"type": "Point", "coordinates": [14.2167, 41.0833]}}, {"type": "Feature", "properties": {"wikidata": "Q3621787", "name": "Arco di San Catello", "status": "missing", "osm_id": null, "group": "Religione", "subgroup": "Luoghi di Culto", "subcategory": "Chiesa"}, "geometry": {"type": "Point", "coordinates": [14.4833, 40.7]}}, {"type": "Feature", "properties": {"wikidata": "Q3517528", "name": "Tempio di Iside", "status": "done", "osm_id": "way/1101753181", "group": "Archeologia", "subgroup": "Siti", "subcategory": "Rovine"}, "geometry": {"type": "Point", "coordinates": [14.4883, 40.7492]}}, {"type": "Feature", "properties": {"wikidata": "Q3361065", "name": "Palazzo della Prefettura", "status": "done", "osm_id": "relation/6439206", "group": "Dimore ed edifici", "subgroup": "Strutture Varie", "subcategory": "Struttura architettonica"}, "geometry": {"type": "Point", "coordinates": [14.2482, 40.8366]}}, {"type": "Feature", "properties": {"wikidata": "Q3620872", "name": "Appennino campano", "status": "missing", "osm_id": null, "group": "Natura e paesaggio", "subgroup": "Montagna", "subcategory": "Montagna"}, "geometry": {"type": "Point", "coordinates": [14.75, 40.833333333]}}, {"type": "Feature", "properties": {"wikidata": "Q3413605", "name": "Lago di Agnano", "status": "missing", "osm_id": null, "group": "Altro", "subgroup": "Altro", "subcategory": "Altro"}, "geometry": {"type": "Point", "coordinates": [14.17045, 40.82974]}}, {"type": "Feature", "properties": {"wikidata": "Q3626067", "name": "Allifae", "status": "missing", "osm_id": null, "group": "Archeologia", "subgroup": "Siti", "subcategory": "Sito archeologico"}, "geometry": {"type": "Point", "coordinates": [14.334859, 41.325511]}}, {"type": "Feature", "properties": {"wikidata": "Q3603174", "name": "abbazia benedettina del Santissimo Salvatore", "status": "missing", "osm_id": null, "group": "Altro", "subgroup": "Altro", "subcategory": "Altro"}, "geometry": {"type": "Point", "coordinates": [14.50413, 41.23405]}}, {"type": "Feature", "properties": {"wikidata": "Q3396620", "name": "Ponte Leproso", "status": "done", "osm_id": "way/249341735", "group": "Altro", "subgroup": "Altro", "subcategory": "Altro"}, "geometry": {"type": "Point", "coordinates": [14.765439, 41.131394]}}, {"type": "Feature", "properties": {"wikidata": "Q3545235", "name": "Santa Maria La Nova", "status": "done", "osm_id": "node/1081511436", "group": "Insediamenti", "subgroup": "Centri", "subcategory": "Frazione"}, "geometry": {"type": "Point", "coordinates": [15.07888889, 40.63055556]}}, {"type": "Feature", "properties": {"wikidata": "Q3621754", "name": "Arco Mirelli-Repubblica", "status": "done", "osm_id": "node/11929061005", "group": "Infrastrutture", "subgroup": "Trasporti", "subcategory": "Stazione metropolitana"}, "geometry": {"type": "Point", "coordinates": [14.22602, 40.832221]}}, {"type": "Feature", "properties": {"wikidata": "Q3618771", "name": "Antiquarium Silio Italico", "status": "missing", "osm_id": null, "group": "Cultura e tempo libero", "subgroup": "Musei", "subcategory": "Museo archeologico"}, "geometry": {"type": "Point", "coordinates": [14.424897, 40.663696]}}, {"type": "Feature", "properties": {"wikidata": "Q3563821", "name": "Vulcano buono", "status": "done", "osm_id": "relation/7184892", "group": "Altro", "subgroup": "Altro", "subcategory": "Altro"}, "geometry": {"type": "Point", "coordinates": [14.4879, 40.9498]}}, {"type": "Feature", "properties": {"wikidata": "Q3621772", "name": "Arco di Adriano", "status": "done", "osm_id": "way/1241013651", "group": "Altro", "subgroup": "Altro", "subcategory": "Altro"}, "geometry": {"type": "Point", "coordinates": [14.2478, 41.0839]}}, {"type": "Feature", "properties": {"wikidata": "Q3361324", "name": "Palazzo Salerno", "status": "done", "osm_id": "relation/2446014", "group": "Dimore ed edifici", "subgroup": "Residenze", "subcategory": "Palazzo"}, "geometry": {"type": "Point", "coordinates": [14.24927, 40.8349]}}, {"type": "Feature", "properties": {"wikidata": "Q3605952", "name": "Aequum Tuticum", "status": "done", "osm_id": "node/12287653810", "group": "Altro", "subgroup": "Altro", "subcategory": "Altro"}, "geometry": {"type": "Point", "coordinates": [15.0984744, 41.24230833]}}, {"type": "Feature", "properties": {"wikidata": "Q3607085", "name": "Aiello", "status": "missing", "osm_id": null, "group": "Insediamenti", "subgroup": "Centri", "subcategory": "Frazione"}, "geometry": {"type": "Point", "coordinates": [14.684722222, 40.783333333]}}, {"type": "Feature", "properties": {"wikidata": "Q3604732", "name": "Acquedotto medievale di Salerno", "status": "done", "osm_id": "node/6439300742", "group": "Archeologia", "subgroup": "Siti", "subcategory": "Sito archeologico"}, "geometry": {"type": "Point", "coordinates": [14.7667, 40.6833]}}, {"type": "Feature", "properties": {"wikidata": "Q3398528", "name": "porto di Napoli", "status": "done", "osm_id": "node/11938692071", "group": "Infrastrutture", "subgroup": "Trasporti", "subcategory": "Porto"}, "geometry": {"type": "Point", "coordinates": [14.26666667, 40.83333333]}}, {"type": "Feature", "properties": {"wikidata": "Q3555920", "name": "Tempio di Era", "status": "done", "osm_id": "way/255770715", "group": "Religione", "subgroup": "Luoghi di Culto", "subcategory": "Tempio"}, "geometry": {"type": "Point", "coordinates": [15.005280555, 40.419294444]}}, {"type": "Feature", "properties": {"wikidata": "Q3621766", "name": "Arco del Sacramento", "status": "done", "osm_id": "way/228486757", "group": "Archeologia", "subgroup": "Siti", "subcategory": "Sito archeologico"}, "geometry": {"type": "Point", "coordinates": [14.7736, 41.131]}}, {"type": "Feature", "properties": {"wikidata": "Q3551650", "name": "Universit\u00e0 degli Studi di Napoli \"Parthenope\"", "status": "missing", "osm_id": null, "group": "Altro", "subgroup": "Altro", "subcategory": "Altro"}, "geometry": {"type": "Point", "coordinates": [14.253833333, 40.837611111]}}, {"type": "Feature", "properties": {"wikidata": "Q3419034", "name": "Colli di Fontanelle", "status": "done", "osm_id": "node/4336167121", "group": "Insediamenti", "subgroup": "Centri", "subcategory": "Frazione"}, "geometry": {"type": "Point", "coordinates": [14.4075, 40.613055555]}}, {"type": "Feature", "properties": {"wikidata": "Q3551769", "name": "Universit\u00e0 degli Studi del Sannio", "status": "missing", "osm_id": null, "group": "Altro", "subgroup": "Altro", "subcategory": "Altro"}, "geometry": {"type": "Point", "coordinates": [14.7814067, 41.127368]}}, {"type": "Feature", "properties": {"wikidata": "Q3604037", "name": "Accademia di belle arti di Napoli", "status": "done", "osm_id": "relation/2440708", "group": "Altro", "subgroup": "Altro", "subcategory": "Altro"}, "geometry": {"type": "Point", "coordinates": [14.2512, 40.8516]}}, {"type": "Feature", "properties": {"wikidata": "Q3364865", "name": "parco archeologico urbano dell'antica Picentia", "status": "missing", "osm_id": null, "group": "Archeologia", "subgroup": "Siti", "subcategory": "Sito archeologico"}, "geometry": {"type": "Point", "coordinates": [14.884121, 40.643444]}}, {"type": "Feature", "properties": {"wikidata": "Q3603236", "name": "abbazia di San Pietro ad Montes", "status": "missing", "osm_id": null, "group": "Religione", "subgroup": "Luoghi di Culto", "subcategory": "Ex chiesa"}, "geometry": {"type": "Point", "coordinates": [14.35968, 41.09566]}}, {"type": "Feature", "properties": {"wikidata": "Q3622156", "name": "Arenaccia", "status": "missing", "osm_id": null, "group": "Insediamenti", "subgroup": "Centri", "subcategory": "Insediamento umano"}, "geometry": {"type": "Point", "coordinates": [14.26833333, 40.85916667]}}, {"type": "Feature", "properties": {"wikidata": "Q3621440", "name": "Arcella", "status": "done", "osm_id": "node/2589241866", "group": "Insediamenti", "subgroup": "Centri", "subcategory": "Frazione"}, "geometry": {"type": "Point", "coordinates": [14.948888888, 41.001944444]}}, {"type": "Feature", "properties": {"wikidata": "Q3606036", "name": "Aeroporto di Benevento-Olivola", "status": "done", "osm_id": "way/341212443", "group": "Altro", "subgroup": "Altro", "subcategory": "Altro"}, "geometry": {"type": "Point", "coordinates": [14.7472, 41.1775]}}, {"type": "Feature", "properties": {"wikidata": "Q3621981", "name": "Area archeologica etrusco-sannitica di Fratte", "status": "done", "osm_id": "relation/18034481", "group": "Archeologia", "subgroup": "Siti", "subcategory": "Sito archeologico"}, "geometry": {"type": "Point", "coordinates": [14.7776, 40.6981]}}, {"type": "Feature", "properties": {"wikidata": "Q3625122", "name": "Asilo Filangieri", "status": "missing", "osm_id": null, "group": "Dimore ed edifici", "subgroup": "Residenze", "subcategory": "Palazzo"}, "geometry": {"type": "Point", "coordinates": [14.2565, 40.8504]}}, {"type": "Feature", "properties": {"wikidata": "Q3361053", "name": "Palazzo della Borsa", "status": "missing", "osm_id": null, "group": "Dimore ed edifici", "subgroup": "Residenze", "subcategory": "Palazzo"}, "geometry": {"type": "Point", "coordinates": [14.255489, 40.84412]}}, {"type": "Feature", "properties": {"wikidata": "Q3620882", "name": "Appennino sannita", "status": "missing", "osm_id": null, "group": "Natura e paesaggio", "subgroup": "Montagna", "subcategory": "Montagna"}, "geometry": {"type": "Point", "coordinates": [14.66666667, 41.66666667]}}, {"type": "Feature", "properties": {"wikidata": "Q3603264", "name": "abbazia di Sant'Angelo in Formis", "status": "missing", "osm_id": null, "group": "Religione", "subgroup": "Vita Monastica", "subcategory": "Abbazia"}, "geometry": {"type": "Point", "coordinates": [14.260573, 41.118242]}}, {"type": "Feature", "properties": {"wikidata": "Q3603270", "name": "abbazia di Santa Maria Maddalena in Armillis", "status": "done", "osm_id": "way/272421662", "group": "Religione", "subgroup": "Vita Monastica", "subcategory": "Abbazia"}, "geometry": {"type": "Point", "coordinates": [14.604, 40.733]}}, {"type": "Feature", "properties": {"wikidata": "Q3616683", "name": "anfiteatro romano di Benevento", "status": "done", "osm_id": "way/373759270", "group": "Archeologia", "subgroup": "Siti", "subcategory": "Sito archeologico"}, "geometry": {"type": "Point", "coordinates": [14.7674, 41.1324]}}, {"type": "Feature", "properties": {"wikidata": "Q3622016", "name": "Area marina protetta Santa Maria di Castellabate", "status": "missing", "osm_id": null, "group": "Natura e paesaggio", "subgroup": "Verde", "subcategory": "Area protetta"}, "geometry": {"type": "Point", "coordinates": [14.9393, 40.2719]}}, {"type": "Feature", "properties": {"wikidata": "Q3620441", "name": "antro della Sibilla", "status": "done", "osm_id": "way/118640919", "group": "Altro", "subgroup": "Altro", "subcategory": "Altro"}, "geometry": {"type": "Point", "coordinates": [14.0532, 40.8479]}}, {"type": "Feature", "properties": {"wikidata": "Q3604670", "name": "Acquara", "status": "missing", "osm_id": null, "group": "Insediamenti", "subgroup": "Centri", "subcategory": "Insediamento umano"}, "geometry": {"type": "Point", "coordinates": [15.22461, 40.55421]}}, {"type": "Feature", "properties": {"wikidata": "Q3603185", "name": "abbazia del Goleto", "status": "done", "osm_id": "way/435717995", "group": "Altro", "subgroup": "Altro", "subcategory": "Altro"}, "geometry": {"type": "Point", "coordinates": [15.143435, 40.905919]}}, {"type": "Feature", "properties": {"wikidata": "Q3575454", "name": "parco archeologico di Posillipo", "status": "done", "osm_id": "way/124085716", "group": "Archeologia", "subgroup": "Siti", "subcategory": "Parco archeologico"}, "geometry": {"type": "Point", "coordinates": [14.18603, 40.79323]}}, {"type": "Feature", "properties": {"wikidata": "Q3622007", "name": "Area marina protetta Costa degli Infreschi e della Masseta", "status": "done", "osm_id": "relation/9585419", "group": "Natura e paesaggio", "subgroup": "Verde", "subcategory": "Area protetta"}, "geometry": {"type": "Point", "coordinates": [15.4324, 39.9992]}}, {"type": "Feature", "properties": {"wikidata": "Q3364769", "name": "parco sommerso di Gaiola", "status": "done", "osm_id": "relation/5877260", "group": "Natura e paesaggio", "subgroup": "Verde", "subcategory": "Area protetta"}, "geometry": {"type": "Point", "coordinates": [14.187, 40.7911]}}, {"type": "Feature", "properties": {"wikidata": "Q3361312", "name": "Palazzo Mastelloni", "status": "done", "osm_id": "relation/3614835", "group": "Dimore ed edifici", "subgroup": "Residenze", "subcategory": "Palazzo"}, "geometry": {"type": "Point", "coordinates": [14.248637, 40.844205]}}, {"type": "Feature", "properties": {"wikidata": "Q3623952", "name": "Arsenale di Napoli", "status": "missing", "osm_id": null, "group": "Altro", "subgroup": "Altro", "subcategory": "Altro"}, "geometry": {"type": "Point", "coordinates": [14.2565344, 40.8351523]}}, {"type": "Feature", "properties": {"wikidata": "Q3622015", "name": "area marina protetta Regno di Nettuno", "status": "done", "osm_id": "relation/4016536", "group": "Natura e paesaggio", "subgroup": "Verde", "subcategory": "Area protetta"}, "geometry": {"type": "Point", "coordinates": [13.8857, 40.7385]}}, {"type": "Feature", "properties": {"wikidata": "Q3382268", "name": "piazzetta Duca d'Aosta", "status": "done", "osm_id": "way/400565314", "group": "Insediamenti", "subgroup": "Zone Urbane", "subcategory": "Piazza"}, "geometry": {"type": "Point", "coordinates": [14.2482, 40.8389]}}, {"type": "Feature", "properties": {"wikidata": "Q3495598", "name": "casa di Sallustio", "status": "done", "osm_id": "node/2032812264", "group": "Archeologia", "subgroup": "Siti", "subcategory": "Rovine"}, "geometry": {"type": "Point", "coordinates": [14.4826, 40.7512]}}, {"type": "Feature", "properties": {"wikidata": "Q3608881", "name": "Albori", "status": "done", "osm_id": "node/2767291596", "group": "Insediamenti", "subgroup": "Centri", "subcategory": "Frazione"}, "geometry": {"type": "Point", "coordinates": [14.733333333, 40.666666666]}}, {"type": "Feature", "properties": {"wikidata": "Q3361360", "name": "Palazzo dello Spagnolo", "status": "done", "osm_id": "relation/6440463", "group": "Dimore ed edifici", "subgroup": "Residenze", "subcategory": "Palazzo"}, "geometry": {"type": "Point", "coordinates": [14.2544, 40.8568]}}, {"type": "Feature", "properties": {"wikidata": "Q3983287", "name": "Tempio di Vespasiano", "status": "done", "osm_id": "way/240715565", "group": "Religione", "subgroup": "Luoghi di Culto", "subcategory": "Tempio"}, "geometry": {"type": "Point", "coordinates": [14.485165, 40.749594]}}, {"type": "Feature", "properties": {"wikidata": "Q3983809", "name": "tenuta degli Astroni", "status": "missing", "osm_id": null, "group": "Dimore ed edifici", "subgroup": "Strutture Varie", "subcategory": "Edificio"}, "geometry": {"type": "Point", "coordinates": [14.161618, 40.845162]}}, {"type": "Feature", "properties": {"wikidata": "Q3982061", "name": "Teatro Mercadante", "status": "done", "osm_id": "relation/12351556", "group": "Cultura e tempo libero", "subgroup": "Spettacolo", "subcategory": "Teatro"}, "geometry": {"type": "Point", "coordinates": [14.2542, 40.8398]}}, {"type": "Feature", "properties": {"wikidata": "Q3995571", "name": "Torre di Guevara", "status": "missing", "osm_id": null, "group": "Fortificazioni e militare", "subgroup": "Fortificazioni", "subcategory": "Torre"}, "geometry": {"type": "Point", "coordinates": [13.959444, 40.727667]}}, {"type": "Feature", "properties": {"wikidata": "Q3992393", "name": "Toledo", "status": "done", "osm_id": "node/8440405199", "group": "Infrastrutture", "subgroup": "Trasporti", "subcategory": "Stazione metropolitana"}, "geometry": {"type": "Point", "coordinates": [14.2493, 40.8424]}}, {"type": "Feature", "properties": {"wikidata": "Q3981887", "name": "Teatrino di corte", "status": "missing", "osm_id": null, "group": "Cultura e tempo libero", "subgroup": "Spettacolo", "subcategory": "Teatro"}, "geometry": {"type": "Point", "coordinates": [14.24917, 40.83658]}}, {"type": "Feature", "properties": {"wikidata": "Q3983228", "name": "Tempio di Atena", "status": "done", "osm_id": "way/107830700", "group": "Religione", "subgroup": "Luoghi di Culto", "subcategory": "Tempio"}, "geometry": {"type": "Point", "coordinates": [15.005377777, 40.424502777]}}, {"type": "Feature", "properties": {"wikidata": "Q3981998", "name": "Teatro Garibaldi", "status": "done", "osm_id": "way/231099792", "group": "Cultura e tempo libero", "subgroup": "Spettacolo", "subcategory": "Teatro"}, "geometry": {"type": "Point", "coordinates": [14.255922, 41.079946]}}, {"type": "Feature", "properties": {"wikidata": "Q3995527", "name": "Torre di Bassano", "status": "done", "osm_id": "way/334155513", "group": "Fortificazioni e militare", "subgroup": "Fortificazioni", "subcategory": "Torre"}, "geometry": {"type": "Point", "coordinates": [14.713666666, 40.662444444]}}, {"type": "Feature", "properties": {"wikidata": "Q3982236", "name": "Teatro comunale Vittorio Emanuele", "status": "missing", "osm_id": null, "group": "Cultura e tempo libero", "subgroup": "Spettacolo", "subcategory": "Teatro"}, "geometry": {"type": "Point", "coordinates": [14.78056, 41.13058]}}, {"type": "Feature", "properties": {"wikidata": "Q4008656", "name": "Vanvitelli", "status": "done", "osm_id": "node/8440405211", "group": "Infrastrutture", "subgroup": "Trasporti", "subcategory": "Stazione metropolitana"}, "geometry": {"type": "Point", "coordinates": [14.2319, 40.8439]}}, {"type": "Feature", "properties": {"wikidata": "Q3995979", "name": "Totari", "status": "done", "osm_id": "node/1727691990", "group": "Insediamenti", "subgroup": "Centri", "subcategory": "Frazione"}, "geometry": {"type": "Point", "coordinates": [14.38436, 41.30187]}}, {"type": "Feature", "properties": {"wikidata": "Q4005876", "name": "Universit\u00e0", "status": "done", "osm_id": "node/8440405192", "group": "Altro", "subgroup": "Altro", "subcategory": "Altro"}, "geometry": {"type": "Point", "coordinates": [14.2559, 40.8437]}}, {"type": "Feature", "properties": {"wikidata": "Q4008025", "name": "Valle Caudina", "status": "missing", "osm_id": null, "group": "Natura e paesaggio", "subgroup": "Montagna", "subcategory": "Valle"}, "geometry": {"type": "Point", "coordinates": [14.6, 41.05]}}, {"type": "Feature", "properties": {"wikidata": "Q3982267", "name": "Teatro dei Fiorentini", "status": "missing", "osm_id": null, "group": "Cultura e tempo libero", "subgroup": "Spettacolo", "subcategory": "Teatro d'opera"}, "geometry": {"type": "Point", "coordinates": [14.250058333, 40.842297222]}}, {"type": "Feature", "properties": {"wikidata": "Q3995116", "name": "Torre", "status": "missing", "osm_id": null, "group": "Insediamenti", "subgroup": "Centri", "subcategory": "Frazione"}, "geometry": {"type": "Point", "coordinates": [14.633333, 40.65]}}, {"type": "Feature", "properties": {"wikidata": "Q3983249", "name": "Tempio di Flora", "status": "missing", "osm_id": null, "group": "Religione", "subgroup": "Luoghi di Culto", "subcategory": "Tempio"}, "geometry": {"type": "Point", "coordinates": [14.56272222, 41.30575556]}}, {"type": "Feature", "properties": {"wikidata": "Q3993695", "name": "Torca", "status": "done", "osm_id": "node/716413703", "group": "Insediamenti", "subgroup": "Centri", "subcategory": "Frazione"}, "geometry": {"type": "Point", "coordinates": [14.383333333, 40.6]}}, {"type": "Feature", "properties": {"wikidata": "Q3981594", "name": "Borgo le Taverne", "status": "done", "osm_id": "node/4499275277", "group": "Insediamenti", "subgroup": "Centri", "subcategory": "Frazione"}, "geometry": {"type": "Point", "coordinates": [15.207033333, 40.959958333]}}, {"type": "Feature", "properties": {"wikidata": "Q3995732", "name": "Torri Saverio e Francesco", "status": "done", "osm_id": "way/334304056", "group": "Dimore ed edifici", "subgroup": "Strutture Varie", "subcategory": "Edificio"}, "geometry": {"type": "Point", "coordinates": [14.282141, 40.856362]}}, {"type": "Feature", "properties": {"wikidata": "Q3890758", "name": "Palazzo Riario Sforza", "status": "done", "osm_id": "relation/3507731", "group": "Dimore ed edifici", "subgroup": "Residenze", "subcategory": "Palazzo"}, "geometry": {"type": "Point", "coordinates": [14.25507, 40.846484]}}, {"type": "Feature", "properties": {"wikidata": "Q3995301", "name": "Torre Telecom Italia", "status": "missing", "osm_id": null, "group": "Altro", "subgroup": "Altro", "subcategory": "Altro"}, "geometry": {"type": "Point", "coordinates": [14.2797, 40.8582]}}, {"type": "Feature", "properties": {"wikidata": "Q4009361", "name": "Velina", "status": "done", "osm_id": "node/331263334", "group": "Insediamenti", "subgroup": "Centri", "subcategory": "Frazione"}, "geometry": {"type": "Point", "coordinates": [15.183333333, 40.216666666]}}, {"type": "Feature", "properties": {"wikidata": "Q3991274", "name": "Tignano", "status": "missing", "osm_id": null, "group": "Insediamenti", "subgroup": "Centri", "subcategory": "Frazione"}, "geometry": {"type": "Point", "coordinates": [14.955991, 41.169842]}}, {"type": "Feature", "properties": {"wikidata": "Q4000186", "name": "Tufara Valle", "status": "done", "osm_id": "node/2391258452", "group": "Insediamenti", "subgroup": "Centri", "subcategory": "Frazione"}, "geometry": {"type": "Point", "coordinates": [14.7039717, 41.0557298]}}, {"type": "Feature", "properties": {"wikidata": "Q3982133", "name": "Teatro Sannazaro", "status": "done", "osm_id": "way/343265712", "group": "Cultura e tempo libero", "subgroup": "Spettacolo", "subcategory": "Teatro"}, "geometry": {"type": "Point", "coordinates": [14.243337, 40.836052]}}, {"type": "Feature", "properties": {"wikidata": "Q3995251", "name": "Torre Ranieri", "status": "done", "osm_id": "way/599894489", "group": "Fortificazioni e militare", "subgroup": "Fortificazioni", "subcategory": "Torre"}, "geometry": {"type": "Point", "coordinates": [14.194872, 40.808617]}}, {"type": "Feature", "properties": {"wikidata": "Q3983283", "name": "Tempio di Venere", "status": "done", "osm_id": "node/318031901", "group": "Archeologia", "subgroup": "Siti", "subcategory": "Rovine"}, "geometry": {"type": "Point", "coordinates": [14.483872, 40.748425]}}, {"type": "Feature", "properties": {"wikidata": "Q3995154", "name": "Torre Caprioli", "status": "done", "osm_id": "way/987429776", "group": "Altro", "subgroup": "Altro", "subcategory": "Altro"}, "geometry": {"type": "Point", "coordinates": [15.278905, 40.063372]}}, {"type": "Feature", "properties": {"wikidata": "Q3995748", "name": "torri del Banco di Napoli", "status": "done", "osm_id": "relation/10244377", "group": "Dimore ed edifici", "subgroup": "Strutture Varie", "subcategory": "Edificio"}, "geometry": {"type": "Point", "coordinates": [14.279538, 40.855964]}}, {"type": "Feature", "properties": {"wikidata": "Q4009697", "name": "Ventaroli", "status": "done", "osm_id": "node/4453902688", "group": "Insediamenti", "subgroup": "Centri", "subcategory": "Frazione"}, "geometry": {"type": "Point", "coordinates": [13.98506, 41.21264]}}, {"type": "Feature", "properties": {"wikidata": "Q4008107", "name": "Valle del Cervaro", "status": "missing", "osm_id": null, "group": "Natura e paesaggio", "subgroup": "Montagna", "subcategory": "Valle"}, "geometry": {"type": "Point", "coordinates": [15.275881, 41.240756]}}, {"type": "Feature", "properties": {"wikidata": "Q3981587", "name": "Taverna di Rotola", "status": "missing", "osm_id": null, "group": "Altro", "subgroup": "Altro", "subcategory": "Altro"}, "geometry": {"type": "Point", "coordinates": [15.2825, 41.1005]}}, {"type": "Feature", "properties": {"wikidata": "Q3981916", "name": "Teatro Bellini", "status": "done", "osm_id": "way/270951006", "group": "Cultura e tempo libero", "subgroup": "Spettacolo", "subcategory": "Teatro d'opera"}, "geometry": {"type": "Point", "coordinates": [14.250835, 40.851]}}, {"type": "Feature", "properties": {"wikidata": "Q3982012", "name": "Teatro Grande", "status": "done", "osm_id": "relation/14673806", "group": "Altro", "subgroup": "Altro", "subcategory": "Altro"}, "geometry": {"type": "Point", "coordinates": [14.488416, 40.748795]}}, {"type": "Feature", "properties": {"wikidata": "Q3995420", "name": "Torre del II Policlinico", "status": "done", "osm_id": "way/301070193", "group": "Fortificazioni e militare", "subgroup": "Fortificazioni", "subcategory": "Torre"}, "geometry": {"type": "Point", "coordinates": [14.21915, 40.86983]}}, {"type": "Feature", "properties": {"wikidata": "Q3890789", "name": "Palazzo Rota", "status": "missing", "osm_id": null, "group": "Dimore ed edifici", "subgroup": "Residenze", "subcategory": "Palazzo"}, "geometry": {"type": "Point", "coordinates": [14.254192, 40.847539]}}, {"type": "Feature", "properties": {"wikidata": "Q4010590", "name": "via Chiaia", "status": "missing", "osm_id": null, "group": "Infrastrutture", "subgroup": "Trasporti", "subcategory": "Strada urbana"}, "geometry": {"type": "Point", "coordinates": [14.24552, 40.836095]}}, {"type": "Feature", "properties": {"wikidata": "Q3981601", "name": "Tavernola San Felice", "status": "done", "osm_id": "node/2596566281", "group": "Insediamenti", "subgroup": "Centri", "subcategory": "Frazione"}, "geometry": {"type": "Point", "coordinates": [14.821944444, 40.894722222]}}, {"type": "Feature", "properties": {"wikidata": "Q3983204", "name": "Tempio della Fortuna Augusta", "status": "done", "osm_id": "way/355834242", "group": "Religione", "subgroup": "Luoghi di Culto", "subcategory": "Tempio"}, "geometry": {"type": "Point", "coordinates": [14.484351, 40.750682]}}, {"type": "Feature", "properties": {"wikidata": "Q3983101", "name": "Tempa delle Guardie", "status": "missing", "osm_id": null, "group": "Insediamenti", "subgroup": "Centri", "subcategory": "Frazione"}, "geometry": {"type": "Point", "coordinates": [15.108888888, 40.4675]}}, {"type": "Feature", "properties": {"wikidata": "Q4000489", "name": "Tunnel borbonico", "status": "done", "osm_id": "way/963625185", "group": "Archeologia", "subgroup": "Siti", "subcategory": "Sito archeologico"}, "geometry": {"type": "Point", "coordinates": [14.24627202, 40.835472769]}}, {"type": "Feature", "properties": {"wikidata": "Q4005943", "name": "Universit\u00e0 telematica Giustino Fortunato", "status": "missing", "osm_id": null, "group": "Altro", "subgroup": "Altro", "subcategory": "Altro"}, "geometry": {"type": "Point", "coordinates": [14.7991072, 41.1202404]}}, {"type": "Feature", "properties": {"wikidata": "Q3980567", "name": "Tamaricchio", "status": "missing", "osm_id": null, "group": "Natura e paesaggio", "subgroup": "Acqua", "subcategory": "Fiume"}, "geometry": {"type": "Point", "coordinates": [14.886432, 41.260205]}}, {"type": "Feature", "properties": {"wikidata": "Q3995157", "name": "Torre Cervati", "status": "done", "osm_id": "node/12816523625", "group": "Fortificazioni e militare", "subgroup": "Fortificazioni", "subcategory": "Torre"}, "geometry": {"type": "Point", "coordinates": [14.210031, 40.835332]}}, {"type": "Feature", "properties": {"wikidata": "Q3980632", "name": "Tammarecchia", "status": "done", "osm_id": "way/197677161", "group": "Natura e paesaggio", "subgroup": "Acqua", "subcategory": "Fiume"}, "geometry": {"type": "Point", "coordinates": [14.795811, 41.271031]}}, {"type": "Feature", "properties": {"wikidata": "Q3983209", "name": "tempio della Gaiola", "status": "done", "osm_id": "way/392301928", "group": "Religione", "subgroup": "Luoghi di Culto", "subcategory": "Chiesa"}, "geometry": {"type": "Point", "coordinates": [14.185971, 40.795832]}}, {"type": "Feature", "properties": {"wikidata": "Q4010595", "name": "via Cristoforo Colombo", "status": "missing", "osm_id": null, "group": "Infrastrutture", "subgroup": "Trasporti", "subcategory": "Strada urbana"}, "geometry": {"type": "Point", "coordinates": [14.256215, 40.840683]}}, {"type": "Feature", "properties": {"wikidata": "Q4008077", "name": "Valle Vitulanese", "status": "missing", "osm_id": null, "group": "Natura e paesaggio", "subgroup": "Montagna", "subcategory": "Valle"}, "geometry": {"type": "Point", "coordinates": [14.67, 41.15]}}, {"type": "Feature", "properties": {"wikidata": "Q3995721", "name": "Torri ENEL", "status": "done", "osm_id": "way/332302620", "group": "Dimore ed edifici", "subgroup": "Strutture Varie", "subcategory": "Edificio"}, "geometry": {"type": "Point", "coordinates": [14.277267, 40.856471]}}, {"type": "Feature", "properties": {"wikidata": "Q3995467", "name": "Torre dell'Orologio", "status": "done", "osm_id": "way/185553618", "group": "Fortificazioni e militare", "subgroup": "Fortificazioni", "subcategory": "Torre"}, "geometry": {"type": "Point", "coordinates": [14.7959675, 40.9150467]}}, {"type": "Feature", "properties": {"wikidata": "Q3982091", "name": "Teatro Piccolo di Pompei", "status": "done", "osm_id": "relation/18714331", "group": "Archeologia", "subgroup": "Siti", "subcategory": "Sito archeologico"}, "geometry": {"type": "Point", "coordinates": [14.488987, 40.748854]}}, {"type": "Feature", "properties": {"wikidata": "Q3995749", "name": "Palazzo di Giustizia", "status": "done", "osm_id": "relation/10760715", "group": "Amministrazione", "subgroup": "Uffici Pubblici", "subcategory": "Palazzo di giustizia"}, "geometry": {"type": "Point", "coordinates": [14.283175, 40.8598972]}}, {"type": "Feature", "properties": {"wikidata": "Q4005947", "name": "Universit\u00e0 telematica Pegaso", "status": "missing", "osm_id": null, "group": "Altro", "subgroup": "Altro", "subcategory": "Altro"}, "geometry": {"type": "Point", "coordinates": [14.280386388, 40.857468333]}}, {"type": "Feature", "properties": {"wikidata": "Q3993735", "name": "Torelli", "status": "done", "osm_id": "node/2581027424", "group": "Insediamenti", "subgroup": "Centri", "subcategory": "Frazione"}, "geometry": {"type": "Point", "coordinates": [14.635555555, 40.940555555]}}, {"type": "Feature", "properties": {"wikidata": "Q3995219", "name": "Torre Materita", "status": "missing", "osm_id": null, "group": "Fortificazioni e militare", "subgroup": "Fortificazioni", "subcategory": "Torre"}, "geometry": {"type": "Point", "coordinates": [14.208, 40.546]}}, {"type": "Feature", "properties": {"wikidata": "Q4008095", "name": "Valle dei Mulini", "status": "done", "osm_id": "way/854998559", "group": "Natura e paesaggio", "subgroup": "Montagna", "subcategory": "Valle"}, "geometry": {"type": "Point", "coordinates": [14.5329, 40.6835]}}, {"type": "Feature", "properties": {"wikidata": "Q3984382", "name": "Terme Stabiane", "status": "done", "osm_id": "way/240639210", "group": "Archeologia", "subgroup": "Siti", "subcategory": "Rovine"}, "geometry": {"type": "Point", "coordinates": [14.487616, 40.749921]}}, {"type": "Feature", "properties": {"wikidata": "Q3890794", "name": "Palazzo Ruffo della Scaletta", "status": "done", "osm_id": "relation/6442751", "group": "Dimore ed edifici", "subgroup": "Residenze", "subcategory": "Palazzo"}, "geometry": {"type": "Point", "coordinates": [14.234035, 40.834056]}}, {"type": "Feature", "properties": {"wikidata": "Q3975714", "name": "strage di Castel Volturno", "status": "missing", "osm_id": null, "group": "Altro", "subgroup": "Altro", "subcategory": "Altro"}, "geometry": {"type": "Point", "coordinates": [14.024383916, 40.92022825]}}, {"type": "Feature", "properties": {"wikidata": "Q3982184", "name": "Teatro Trianon", "status": "done", "osm_id": "way/270725031", "group": "Cultura e tempo libero", "subgroup": "Spettacolo", "subcategory": "Teatro"}, "geometry": {"type": "Point", "coordinates": [14.263346, 40.85042]}}, {"type": "Feature", "properties": {"wikidata": "Q4010322", "name": "Vescovado (Nocera Inferiore)", "status": "missing", "osm_id": null, "group": "Altro", "subgroup": "Altro", "subcategory": "Altro"}, "geometry": {"type": "Point", "coordinates": [14.65166667, 40.73583333]}}, {"type": "Feature", "properties": {"wikidata": "Q3991837", "name": "Titerno", "status": "missing", "osm_id": null, "group": "Natura e paesaggio", "subgroup": "Acqua", "subcategory": "Fiume"}, "geometry": {"type": "Point", "coordinates": [14.419363, 41.241469]}}, {"type": "Feature", "properties": {"wikidata": "Q4009174", "name": "Vecchia fucina", "status": "missing", "osm_id": null, "group": "Archeologia", "subgroup": "Siti", "subcategory": "Sito archeologico"}, "geometry": {"type": "Point", "coordinates": [14.56389722, 41.28674167]}}, {"type": "Feature", "properties": {"wikidata": "Q3983179", "name": "Tempio Dorico", "status": "done", "osm_id": "way/1026234548", "group": "Archeologia", "subgroup": "Siti", "subcategory": "Sito archeologico"}, "geometry": {"type": "Point", "coordinates": [14.488005, 40.748279]}}, {"type": "Feature", "properties": {"wikidata": "Q3995114", "name": "Torre/Licinella", "status": "done", "osm_id": "node/1131397567", "group": "Insediamenti", "subgroup": "Centri", "subcategory": "Frazione"}, "geometry": {"type": "Point", "coordinates": [15.001388888, 40.410833333]}}, {"type": "Feature", "properties": {"wikidata": "Q3982131", "name": "Teatro San Ferdinando", "status": "done", "osm_id": "way/329673946", "group": "Cultura e tempo libero", "subgroup": "Spettacolo", "subcategory": "Teatro"}, "geometry": {"type": "Point", "coordinates": [14.2636, 40.8572]}}, {"type": "Feature", "properties": {"wikidata": "Q3984489", "name": "Termovalorizzatore di Acerra", "status": "done", "osm_id": "way/248690432", "group": "Altro", "subgroup": "Altro", "subcategory": "Altro"}, "geometry": {"type": "Point", "coordinates": [14.384058, 40.978473]}}, {"type": "Feature", "properties": {"wikidata": "Q3642850", "name": "Bosco", "status": "done", "osm_id": "node/1255701618", "group": "Insediamenti", "subgroup": "Centri", "subcategory": "Frazione"}, "geometry": {"type": "Point", "coordinates": [15.45732, 40.07208]}}, {"type": "Feature", "properties": {"wikidata": "Q3639683", "name": "Biblioteca pubblica statale annessa al monumento nazionale di Montevergine", "status": "missing", "osm_id": null, "group": "Cultura e tempo libero", "subgroup": "Biblioteche", "subcategory": "Biblioteca specializzata"}, "geometry": {"type": "Point", "coordinates": [14.749575, 40.91894]}}, {"type": "Feature", "properties": {"wikidata": "Q3635631", "name": "basilica dell'Ave Gratia Plena", "status": "done", "osm_id": "way/396377910", "group": "Religione", "subgroup": "Luoghi di Culto", "subcategory": "Chiesa"}, "geometry": {"type": "Point", "coordinates": [14.4524, 40.7533]}}, {"type": "Feature", "properties": {"wikidata": "Q3657311", "name": "Cappella", "status": "done", "osm_id": "node/4210998158", "group": "Insediamenti", "subgroup": "Centri", "subcategory": "Frazione"}, "geometry": {"type": "Point", "coordinates": [14.066944444, 40.8]}}, {"type": "Feature", "properties": {"wikidata": "Q3655411", "name": "Canneto", "status": "done", "osm_id": "node/1293018143", "group": "Insediamenti", "subgroup": "Centri", "subcategory": "Frazione"}, "geometry": {"type": "Point", "coordinates": [15.20079, 40.54806]}}, {"type": "Feature", "properties": {"wikidata": "Q3657701", "name": "cappella di Santa Maria della Rotonda", "status": "missing", "osm_id": null, "group": "Religione", "subgroup": "Luoghi di Culto", "subcategory": "Chiesa"}, "geometry": {"type": "Point", "coordinates": [14.618453, 40.655]}}, {"type": "Feature", "properties": {"wikidata": "Q3636820", "name": "battistero paleocristiano di Santa Maria Maggiore", "status": "done", "osm_id": "way/76726549", "group": "Religione", "subgroup": "Luoghi di Culto", "subcategory": "Chiesa"}, "geometry": {"type": "Point", "coordinates": [14.66824722, 40.74238333]}}, {"type": "Feature", "properties": {"wikidata": "Q3635761", "name": "basilica di Santa Maria del Lauro", "status": "done", "osm_id": "way/419353570", "group": "Religione", "subgroup": "Luoghi di Culto", "subcategory": "Basilica minore"}, "geometry": {"type": "Point", "coordinates": [14.41798, 40.64199]}}, {"type": "Feature", "properties": {"wikidata": "Q3661299", "name": "casa di Lucio Cecilio Giocondo", "status": "done", "osm_id": "way/674281873", "group": "Archeologia", "subgroup": "Siti", "subcategory": "Rovine"}, "geometry": {"type": "Point", "coordinates": [14.48594, 40.751971]}}, {"type": "Feature", "properties": {"wikidata": "Q3657199", "name": "Capo di Fiume", "status": "done", "osm_id": "node/1131391657", "group": "Insediamenti", "subgroup": "Centri", "subcategory": "Frazione"}, "geometry": {"type": "Point", "coordinates": [15.041944444, 40.450833333]}}, {"type": "Feature", "properties": {"wikidata": "Q3661700", "name": "caserma Garibaldi", "status": "done", "osm_id": "relation/3823835", "group": "Fortificazioni e militare", "subgroup": "Militare", "subcategory": "Caserma"}, "geometry": {"type": "Point", "coordinates": [14.259752, 40.85686]}}, {"type": "Feature", "properties": {"wikidata": "Q3661412", "name": "Casalba", "status": "done", "osm_id": "node/5215247827", "group": "Insediamenti", "subgroup": "Centri", "subcategory": "Frazione"}, "geometry": {"type": "Point", "coordinates": [14.27261, 41.05784]}}, {"type": "Feature", "properties": {"wikidata": "Q3635755", "name": "basilica di Santa Maria Maggiore", "status": "done", "osm_id": "way/610581356", "group": "Religione", "subgroup": "Luoghi di Culto", "subcategory": "Chiesa"}, "geometry": {"type": "Point", "coordinates": [14.256111, 41.075794]}}, {"type": "Feature", "properties": {"wikidata": "Q3635784", "name": "basilica pontificia di San Tammaro Vescovo", "status": "done", "osm_id": "way/727355044", "group": "Religione", "subgroup": "Luoghi di Culto", "subcategory": "Basilica minore"}, "geometry": {"type": "Point", "coordinates": [14.2589, 40.9374]}}, {"type": "Feature", "properties": {"wikidata": "Q3637809", "name": "Bellizzi Irpino", "status": "done", "osm_id": "node/4455593829", "group": "Insediamenti", "subgroup": "Centri", "subcategory": "Frazione"}, "geometry": {"type": "Point", "coordinates": [14.79822, 40.89016]}}, {"type": "Feature", "properties": {"wikidata": "Q3642853", "name": "Bosco Camerine", "status": "done", "osm_id": "node/4424295298", "group": "Insediamenti", "subgroup": "Centri", "subcategory": "Frazione"}, "geometry": {"type": "Point", "coordinates": [15.14425, 40.49264]}}, {"type": "Feature", "properties": {"wikidata": "Q3655748", "name": "Cantiere navale di Castellammare di Stabia", "status": "done", "osm_id": "way/301575796", "group": "Altro", "subgroup": "Altro", "subcategory": "Altro"}, "geometry": {"type": "Point", "coordinates": [14.4678, 40.6923]}}, {"type": "Feature", "properties": {"wikidata": "Q3635748", "name": "basilica di Santa Croce", "status": "done", "osm_id": "way/315026102", "group": "Religione", "subgroup": "Luoghi di Culto", "subcategory": "Chiesa"}, "geometry": {"type": "Point", "coordinates": [14.36858, 40.7871]}}, {"type": "Feature", "properties": {"wikidata": "Q3650993", "name": "Calore", "status": "done", "osm_id": "node/675985193", "group": "Insediamenti", "subgroup": "Centri", "subcategory": "Frazione"}, "geometry": {"type": "Point", "coordinates": [14.916666666, 41.05]}}, {"type": "Feature", "properties": {"wikidata": "Q3639618", "name": "Biblioteca Tarsia", "status": "missing", "osm_id": null, "group": "Cultura e tempo libero", "subgroup": "Biblioteche", "subcategory": "Biblioteca"}, "geometry": {"type": "Point", "coordinates": [14.24705, 40.848625]}}, {"type": "Feature", "properties": {"wikidata": "Q3661352", "name": "Casa sannitica", "status": "done", "osm_id": "way/305742298", "group": "Archeologia", "subgroup": "Siti", "subcategory": "Domus de Janas"}, "geometry": {"type": "Point", "coordinates": [14.3474, 40.8061]}}, {"type": "Feature", "properties": {"wikidata": "Q3642508", "name": "Borgo Orefici", "status": "missing", "osm_id": null, "group": "Altro", "subgroup": "Altro", "subcategory": "Altro"}, "geometry": {"type": "Point", "coordinates": [14.2597, 40.84549]}}, {"type": "Feature", "properties": {"wikidata": "Q3657367", "name": "cappella Piccolomini", "status": "missing", "osm_id": null, "group": "Religione", "subgroup": "Luoghi di Culto", "subcategory": "Cappella"}, "geometry": {"type": "Point", "coordinates": [14.250675, 40.84489444]}}, {"type": "Feature", "properties": {"wikidata": "Q3658366", "name": "Carceri feudali", "status": "missing", "osm_id": null, "group": "Fortificazioni e militare", "subgroup": "Fortificazioni", "subcategory": "Fortificazione"}, "geometry": {"type": "Point", "coordinates": [14.55806944, 41.28413333]}}, {"type": "Feature", "properties": {"wikidata": "Q3657530", "name": "cappella di Palazzo Ruffo di Bagnara", "status": "missing", "osm_id": null, "group": "Religione", "subgroup": "Luoghi di Culto", "subcategory": "Cappella"}, "geometry": {"type": "Point", "coordinates": [14.24969, 40.84963]}}, {"type": "Feature", "properties": {"wikidata": "Q3646496", "name": "bue Apis", "status": "done", "osm_id": "node/2548429350", "group": "Monumenti", "subgroup": "Monumenti", "subcategory": "Statua"}, "geometry": {"type": "Point", "coordinates": [14.77023889, 41.13375833]}}, {"type": "Feature", "properties": {"wikidata": "Q3660671", "name": "Carpignano", "status": "done", "osm_id": "node/4340367748", "group": "Insediamenti", "subgroup": "Centri", "subcategory": "Frazione"}, "geometry": {"type": "Point", "coordinates": [15.183333333, 40.933333333]}}, {"type": "Feature", "properties": {"wikidata": "Q3661148", "name": "Casa Professa dei Padri Gesuiti", "status": "missing", "osm_id": null, "group": "Altro", "subgroup": "Altro", "subcategory": "Altro"}, "geometry": {"type": "Point", "coordinates": [14.252169, 40.84743]}}, {"type": "Feature", "properties": {"wikidata": "Q3631448", "name": "Azienda Ospedaliera Universitaria Federico II", "status": "done", "osm_id": "way/37330011", "group": "Altro", "subgroup": "Altro", "subcategory": "Altro"}, "geometry": {"type": "Point", "coordinates": [14.221678, 40.866639]}}, {"type": "Feature", "properties": {"wikidata": "Q3661200", "name": "casa dei Dioscuri (VI.9.6)", "status": "done", "osm_id": "node/318616353", "group": "Archeologia", "subgroup": "Siti", "subcategory": "Rovine"}, "geometry": {"type": "Point", "coordinates": [14.483828, 40.751781]}}, {"type": "Feature", "properties": {"wikidata": "Q3649568", "name": "Cafasso Borgo Nuovo", "status": "done", "osm_id": "node/1131393179", "group": "Insediamenti", "subgroup": "Centri", "subcategory": "Frazione"}, "geometry": {"type": "Point", "coordinates": [15.017222222, 40.426388888]}}, {"type": "Feature", "properties": {"wikidata": "Q3650783", "name": "Calitri Scalo", "status": "done", "osm_id": "node/4424328249", "group": "Insediamenti", "subgroup": "Centri", "subcategory": "Frazione"}, "geometry": {"type": "Point", "coordinates": [15.431388888, 40.903055555]}}, {"type": "Feature", "properties": {"wikidata": "Q3657782", "name": "Cappellone di San Giacomo della Marca", "status": "missing", "osm_id": null, "group": "Religione", "subgroup": "Luoghi di Culto", "subcategory": "Chiesa"}, "geometry": {"type": "Point", "coordinates": [14.25317, 40.84378]}}, {"type": "Feature", "properties": {"wikidata": "Q3657392", "name": "Cappella dei Capece Minutolo", "status": "missing", "osm_id": null, "group": "Religione", "subgroup": "Luoghi di Culto", "subcategory": "Cappella"}, "geometry": {"type": "Point", "coordinates": [14.260052916, 40.852532193]}}, {"type": "Feature", "properties": {"wikidata": "Q3661238", "name": "Casa del Salvatore", "status": "missing", "osm_id": null, "group": "Dimore ed edifici", "subgroup": "Strutture Varie", "subcategory": "Complesso di edifici"}, "geometry": {"type": "Point", "coordinates": [14.25732222, 40.84682778]}}, {"type": "Feature", "properties": {"wikidata": "Q3657420", "name": "Cappella del Succorpo", "status": "missing", "osm_id": null, "group": "Religione", "subgroup": "Luoghi di Culto", "subcategory": "Cappella"}, "geometry": {"type": "Point", "coordinates": [14.259873194, 40.852696575]}}, {"type": "Feature", "properties": {"wikidata": "Q3635636", "name": "basilica Pontificia di Santa Maria de Gulia", "status": "done", "osm_id": "way/175553143", "group": "Religione", "subgroup": "Luoghi di Culto", "subcategory": "Basilica minore"}, "geometry": {"type": "Point", "coordinates": [14.9515, 40.2786]}}, {"type": "Feature", "properties": {"wikidata": "Q3661692", "name": "caserma Vittoria", "status": "done", "osm_id": "way/341241215", "group": "Fortificazioni e militare", "subgroup": "Militare", "subcategory": "Caserma"}, "geometry": {"type": "Point", "coordinates": [14.24323056, 40.83256111]}}, {"type": "Feature", "properties": {"wikidata": "Q3639626", "name": "Biblioteca arcivescovile Francesco Pacca", "status": "missing", "osm_id": null, "group": "Cultura e tempo libero", "subgroup": "Biblioteche", "subcategory": "Biblioteca privata"}, "geometry": {"type": "Point", "coordinates": [14.7745753, 41.1308252]}}, {"type": "Feature", "properties": {"wikidata": "Q3635687", "name": "basilica di Santa Maria della Nativit\u00e0 e San Ciro", "status": "done", "osm_id": "way/436159431", "group": "Religione", "subgroup": "Luoghi di Culto", "subcategory": "Chiesa"}, "geometry": {"type": "Point", "coordinates": [14.338868, 40.814497]}}, {"type": "Feature", "properties": {"wikidata": "Q3656639", "name": "Capaccio Scalo", "status": "done", "osm_id": "node/1131390812", "group": "Insediamenti", "subgroup": "Centri", "subcategory": "Frazione"}, "geometry": {"type": "Point", "coordinates": [15.00891, 40.45531]}}, {"type": "Feature", "properties": {"wikidata": "Q3642538", "name": "Borgo Sant'Antonio Abate", "status": "done", "osm_id": "node/9522414870", "group": "Insediamenti", "subgroup": "Zone Urbane", "subcategory": "Quartiere"}, "geometry": {"type": "Point", "coordinates": [14.265641666, 40.856080555]}}, {"type": "Feature", "properties": {"wikidata": "Q3657677", "name": "cappella di Santa Lucia", "status": "missing", "osm_id": null, "group": "Religione", "subgroup": "Luoghi di Culto", "subcategory": "Chiesa"}, "geometry": {"type": "Point", "coordinates": [14.44809, 40.66215]}}, {"type": "Feature", "properties": {"wikidata": "Q3639622", "name": "Biblioteca universitaria di Napoli", "status": "missing", "osm_id": null, "group": "Altro", "subgroup": "Altro", "subcategory": "Altro"}, "geometry": {"type": "Point", "coordinates": [14.25703, 40.847164]}}, {"type": "Feature", "properties": {"wikidata": "Q3661528", "name": "Cascano", "status": "done", "osm_id": "node/1371850060", "group": "Insediamenti", "subgroup": "Centri", "subcategory": "Frazione"}, "geometry": {"type": "Point", "coordinates": [13.96927, 41.23232]}}, {"type": "Feature", "properties": {"wikidata": "Q3657496", "name": "cappella della Purit\u00e0", "status": "missing", "osm_id": null, "group": "Religione", "subgroup": "Luoghi di Culto", "subcategory": "Cappella"}, "geometry": {"type": "Point", "coordinates": [14.25683, 40.85144]}}, {"type": "Feature", "properties": {"wikidata": "Q3642521", "name": "Borgo San Cesareo", "status": "done", "osm_id": "node/1549924545", "group": "Insediamenti", "subgroup": "Centri", "subcategory": "Frazione"}, "geometry": {"type": "Point", "coordinates": [15.04093, 40.50803]}}, {"type": "Feature", "properties": {"wikidata": "Q3656642", "name": "Capaccio Vecchio", "status": "missing", "osm_id": null, "group": "Archeologia", "subgroup": "Siti", "subcategory": "Sito archeologico"}, "geometry": {"type": "Point", "coordinates": [15.054698, 40.445317]}}, {"type": "Feature", "properties": {"wikidata": "Q3642500", "name": "Borgo Marinari", "status": "done", "osm_id": "node/8759639219", "group": "Altro", "subgroup": "Altro", "subcategory": "Altro"}, "geometry": {"type": "Point", "coordinates": [14.24833333, 40.82833333]}}, {"type": "Feature", "properties": {"wikidata": "Q3642878", "name": "Bosco dei Preti", "status": "missing", "osm_id": null, "group": "Insediamenti", "subgroup": "Centri", "subcategory": "Frazione"}, "geometry": {"type": "Point", "coordinates": [14.927777777, 40.994166666]}}, {"type": "Feature", "properties": {"wikidata": "Q3658505", "name": "Carditello", "status": "missing", "osm_id": null, "group": "Insediamenti", "subgroup": "Centri", "subcategory": "Frazione"}, "geometry": {"type": "Point", "coordinates": [14.287, 40.937]}}, {"type": "Feature", "properties": {"wikidata": "Q3641467", "name": "Bocca della Selva", "status": "missing", "osm_id": null, "group": "Natura e paesaggio", "subgroup": "Montagna", "subcategory": "Passo"}, "geometry": {"type": "Point", "coordinates": [14.508611111, 41.338888888]}}, {"type": "Feature", "properties": {"wikidata": "Q3635781", "name": "basilica e convento di Sant'Antonio", "status": "done", "osm_id": "way/149979063", "group": "Religione", "subgroup": "Luoghi di Culto", "subcategory": "Chiesa"}, "geometry": {"type": "Point", "coordinates": [14.645475, 40.74688056]}}, {"type": "Feature", "properties": {"wikidata": "Q3661122", "name": "Casa Marotta", "status": "missing", "osm_id": null, "group": "Dimore ed edifici", "subgroup": "Strutture Varie", "subcategory": "Edificio"}, "geometry": {"type": "Point", "coordinates": [14.22964728, 40.84472]}}, {"type": "Feature", "properties": {"wikidata": "Q3657411", "name": "cappella del Monte dei Poveri", "status": "done", "osm_id": "node/2914255019", "group": "Religione", "subgroup": "Luoghi di Culto", "subcategory": "Cappella"}, "geometry": {"type": "Point", "coordinates": [14.2539, 40.848]}}, {"type": "Feature", "properties": {"wikidata": "Q3639629", "name": "Biblioteca capitolare di Benevento", "status": "missing", "osm_id": null, "group": "Cultura e tempo libero", "subgroup": "Biblioteche", "subcategory": "Biblioteca privata"}, "geometry": {"type": "Point", "coordinates": [14.7745055, 41.1317891]}}, {"type": "Feature", "properties": {"wikidata": "Q3657369", "name": "cappella palatina", "status": "missing", "osm_id": null, "group": "Religione", "subgroup": "Luoghi di Culto", "subcategory": "Cappella"}, "geometry": {"type": "Point", "coordinates": [14.25028, 40.836546]}}, {"type": "Feature", "properties": {"wikidata": "Q3661216", "name": "casa del Chirurgo", "status": "done", "osm_id": "node/318613075", "group": "Archeologia", "subgroup": "Siti", "subcategory": "Rovine"}, "geometry": {"type": "Point", "coordinates": [14.4819, 40.7516]}}, {"type": "Feature", "properties": {"wikidata": "Q3652019", "name": "Campigliano", "status": "done", "osm_id": "node/1131351923", "group": "Insediamenti", "subgroup": "Centri", "subcategory": "Frazione"}, "geometry": {"type": "Point", "coordinates": [14.87292, 40.6825]}}, {"type": "Feature", "properties": {"wikidata": "Q3635629", "name": "basilica di Pompei", "status": "done", "osm_id": "way/240573966", "group": "Archeologia", "subgroup": "Siti", "subcategory": "Rovine"}, "geometry": {"type": "Point", "coordinates": [14.4845, 40.7488]}}, {"type": "Feature", "properties": {"wikidata": "Q3657610", "name": "cappella di San Nicola (Nocera Inferiore)", "status": "done", "osm_id": "way/273624743", "group": "Religione", "subgroup": "Luoghi di Culto", "subcategory": "Chiesa"}, "geometry": {"type": "Point", "coordinates": [14.65204444, 40.74274167]}}, {"type": "Feature", "properties": {"wikidata": "Q3657332", "name": "Cappella Cangiani", "status": "done", "osm_id": "way/310138165", "group": "Religione", "subgroup": "Luoghi di Culto", "subcategory": "Chiesa"}, "geometry": {"type": "Point", "coordinates": [14.21998, 40.86341]}}, {"type": "Feature", "properties": {"wikidata": "Q3661431", "name": "Casale del Pozzo", "status": "done", "osm_id": "node/5347098362", "group": "Altro", "subgroup": "Altro", "subcategory": "Altro"}, "geometry": {"type": "Point", "coordinates": [14.63333333, 40.75]}}, {"type": "Feature", "properties": {"wikidata": "Q282819", "name": "Decumano maggiore", "status": "missing", "osm_id": null, "group": "Infrastrutture", "subgroup": "Trasporti", "subcategory": "Strada urbana"}, "geometry": {"type": "Point", "coordinates": [14.25873, 40.85146]}}, {"type": "Feature", "properties": {"wikidata": "Q256486", "name": "cattedrale di Napoli", "status": "done", "osm_id": "way/122982019", "group": "Altro", "subgroup": "Altro", "subcategory": "Altro"}, "geometry": {"type": "Point", "coordinates": [14.259528, 40.852606]}}, {"type": "Feature", "properties": {"wikidata": "Q370428", "name": "certosa di San Giacomo", "status": "done", "osm_id": "relation/3031544", "group": "Religione", "subgroup": "Luoghi di Culto", "subcategory": "Chiesa"}, "geometry": {"type": "Point", "coordinates": [14.245207, 40.547794]}}, {"type": "Feature", "properties": {"wikidata": "Q318659", "name": "Abella", "status": "missing", "osm_id": null, "group": "Archeologia", "subgroup": "Siti", "subcategory": "Sito archeologico"}, "geometry": {"type": "Point", "coordinates": [14.60009, 40.96049]}}, {"type": "Feature", "properties": {"wikidata": "Q325771", "name": "diocesi di Eclano", "status": "missing", "osm_id": null, "group": "Altro", "subgroup": "Altro", "subcategory": "Altro"}, "geometry": {"type": "Point", "coordinates": [14.993548, 41.041503]}}, {"type": "Feature", "properties": {"wikidata": "Q867156", "name": "Ciampate del Diavolo", "status": "done", "osm_id": "node/6860122137", "group": "Archeologia", "subgroup": "Siti", "subcategory": "Sito archeologico"}, "geometry": {"type": "Point", "coordinates": [14.024577, 41.332533]}}, {"type": "Feature", "properties": {"wikidata": "Q278768", "name": "chiesa di San Carlo alle Mortelle", "status": "done", "osm_id": "way/387753165", "group": "Religione", "subgroup": "Luoghi di Culto", "subcategory": "Chiesa"}, "geometry": {"type": "Point", "coordinates": [14.24127, 40.83865]}}, {"type": "Feature", "properties": {"wikidata": "Q859383", "name": "Cento Camerelle", "status": "done", "osm_id": "node/1086081656", "group": "Archeologia", "subgroup": "Siti", "subcategory": "Sito archeologico"}, "geometry": {"type": "Point", "coordinates": [14.08409, 40.79821]}}, {"type": "Feature", "properties": {"wikidata": "Q897839", "name": "cappella Sansevero", "status": "done", "osm_id": "way/123977918", "group": "Cultura e tempo libero", "subgroup": "Musei", "subcategory": "Museo d'arte"}, "geometry": {"type": "Point", "coordinates": [14.25488, 40.84919]}}, {"type": "Feature", "properties": {"wikidata": "Q266587", "name": "Monti Alburni", "status": "missing", "osm_id": null, "group": "Natura e paesaggio", "subgroup": "Montagna", "subcategory": "Montagna"}, "geometry": {"type": "Point", "coordinates": [15.31666667, 40.55]}}, {"type": "Feature", "properties": {"wikidata": "Q318664", "name": "Abellinum", "status": "missing", "osm_id": null, "group": "Archeologia", "subgroup": "Siti", "subcategory": "Sito archeologico"}, "geometry": {"type": "Point", "coordinates": [14.83123, 40.92212]}}, {"type": "Feature", "properties": {"wikidata": "Q269173", "name": "chiesa di Santa Monica", "status": "done", "osm_id": "way/288227744", "group": "Religione", "subgroup": "Luoghi di Culto", "subcategory": "Chiesa"}, "geometry": {"type": "Point", "coordinates": [14.260372, 40.856013]}}, {"type": "Feature", "properties": {"wikidata": "Q922996", "name": "Palazzo Marigliano", "status": "done", "osm_id": "way/270703321", "group": "Dimore ed edifici", "subgroup": "Residenze", "subcategory": "Palazzo"}, "geometry": {"type": "Point", "coordinates": [14.258846, 40.849635]}}, {"type": "Feature", "properties": {"wikidata": "Q897603", "name": "chiesa di San Domenico Maggiore", "status": "done", "osm_id": "way/151347628", "group": "Religione", "subgroup": "Luoghi di Culto", "subcategory": "Basilica minore"}, "geometry": {"type": "Point", "coordinates": [14.254407, 40.848731]}}, {"type": "Feature", "properties": {"wikidata": "Q857589", "name": "Calore Irpino", "status": "done", "osm_id": "relation/2570005", "group": "Natura e paesaggio", "subgroup": "Acqua", "subcategory": "Fiume"}, "geometry": {"type": "Point", "coordinates": [15.0058, 40.7775]}}, {"type": "Feature", "properties": {"wikidata": "Q859732", "name": "Certosa di San Martino", "status": "done", "osm_id": "way/29403905", "group": "Altro", "subgroup": "Altro", "subcategory": "Altro"}, "geometry": {"type": "Point", "coordinates": [14.241129, 40.84341]}}, {"type": "Feature", "properties": {"wikidata": "Q329967", "name": "Paestum", "status": "done", "osm_id": "way/97709710", "group": "Altro", "subgroup": "Altro", "subcategory": "Altro"}, "geometry": {"type": "Point", "coordinates": [15.005555555, 40.42]}}, {"type": "Feature", "properties": {"wikidata": "Q255343", "name": "chiesa di Sant'Aspreno al Porto", "status": "done", "osm_id": "node/2669010776", "group": "Religione", "subgroup": "Luoghi di Culto", "subcategory": "Chiesa"}, "geometry": {"type": "Point", "coordinates": [14.25502, 40.84428]}}, {"type": "Feature", "properties": {"wikidata": "Q867361", "name": "Parco nazionale del Cilento, Vallo di Diano e Alburni", "status": "done", "osm_id": "relation/4100859", "group": "Altro", "subgroup": "Altro", "subcategory": "Altro"}, "geometry": {"type": "Point", "coordinates": [15.2, 40.2]}}, {"type": "Feature", "properties": {"wikidata": "Q368820", "name": "Conservatorio di San Pietro a Majella", "status": "done", "osm_id": "relation/3619445", "group": "Altro", "subgroup": "Altro", "subcategory": "Altro"}, "geometry": {"type": "Point", "coordinates": [14.2525, 40.84944444]}}, {"type": "Feature", "properties": {"wikidata": "Q925606", "name": "chiesa di San Gioacchino a Pontenuovo", "status": "done", "osm_id": "way/320846742", "group": "Religione", "subgroup": "Luoghi di Culto", "subcategory": "Chiesa"}, "geometry": {"type": "Point", "coordinates": [14.261756, 40.85632]}}, {"type": "Feature", "properties": {"wikidata": "Q920930", "name": "Palazzo del Panormita", "status": "done", "osm_id": "way/270652594", "group": "Dimore ed edifici", "subgroup": "Residenze", "subcategory": "Palazzo"}, "geometry": {"type": "Point", "coordinates": [14.2561, 40.8488]}}, {"type": "Feature", "properties": {"wikidata": "Q869033", "name": "chiesa Cor Jesu", "status": "done", "osm_id": "way/1334841511", "group": "Religione", "subgroup": "Luoghi di Culto", "subcategory": "Chiesa"}, "geometry": {"type": "Point", "coordinates": [14.2446, 40.8547]}}, {"type": "Feature", "properties": {"wikidata": "Q255801", "name": "chiesa di San Giuseppe Maggiore dei Falegnami", "status": "done", "osm_id": "way/636413812", "group": "Religione", "subgroup": "Luoghi di Culto", "subcategory": "Chiesa"}, "geometry": {"type": "Point", "coordinates": [14.29008, 40.85775]}}, {"type": "Feature", "properties": {"wikidata": "Q281957", "name": "chiesa di San Giorgio Maggiore", "status": "done", "osm_id": "way/183749303", "group": "Religione", "subgroup": "Luoghi di Culto", "subcategory": "Chiesa"}, "geometry": {"type": "Point", "coordinates": [14.26075, 40.84971]}}, {"type": "Feature", "properties": {"wikidata": "Q276784", "name": "stadio Romeo Menti", "status": "done", "osm_id": "way/150199670", "group": "Cultura e tempo libero", "subgroup": "Sport", "subcategory": "Impianto sportivo"}, "geometry": {"type": "Point", "coordinates": [14.494444, 40.706667]}}, {"type": "Feature", "properties": {"wikidata": "Q367838", "name": "chiesa dei Santi Cosma e Damiano a Secondigliano", "status": "done", "osm_id": "way/632635185", "group": "Religione", "subgroup": "Luoghi di Culto", "subcategory": "Chiesa"}, "geometry": {"type": "Point", "coordinates": [14.263212, 40.893636]}}, {"type": "Feature", "properties": {"wikidata": "Q327983", "name": "reggia di Caserta", "status": "done", "osm_id": "relation/1555812", "group": "Cultura e tempo libero", "subgroup": "Musei", "subcategory": "Museo d'arte"}, "geometry": {"type": "Point", "coordinates": [14.325833333, 41.07]}}, {"type": "Feature", "properties": {"wikidata": "Q289414", "name": "chiesa dei Girolamini", "status": "done", "osm_id": "way/123028910", "group": "Religione", "subgroup": "Luoghi di Culto", "subcategory": "Chiesa"}, "geometry": {"type": "Point", "coordinates": [14.258482, 40.851929]}}, {"type": "Feature", "properties": {"wikidata": "Q272968", "name": "Elea-Velia", "status": "done", "osm_id": "way/97710114", "group": "Altro", "subgroup": "Altro", "subcategory": "Altro"}, "geometry": {"type": "Point", "coordinates": [15.154444444, 40.159444444]}}, {"type": "Feature", "properties": {"wikidata": "Q898417", "name": "Liternum", "status": "done", "osm_id": "way/291938074", "group": "Archeologia", "subgroup": "Siti", "subcategory": "Sito archeologico"}, "geometry": {"type": "Point", "coordinates": [14.030128, 40.921094]}}, {"type": "Feature", "properties": {"wikidata": "Q898155", "name": "Roccamonfina", "status": "missing", "osm_id": null, "group": "Natura e paesaggio", "subgroup": "Montagna", "subcategory": "Montagna"}, "geometry": {"type": "Point", "coordinates": [13.969195, 41.293563]}}, {"type": "Feature", "properties": {"wikidata": "Q868687", "name": "chiesa di Santa Maria della Concezione a Montecalvario", "status": "done", "osm_id": "way/183944425", "group": "Religione", "subgroup": "Luoghi di Culto", "subcategory": "Chiesa"}, "geometry": {"type": "Point", "coordinates": [14.246101, 40.842816]}}, {"type": "Feature", "properties": {"wikidata": "Q283124", "name": "Municipalit\u00e0 7 di Napoli", "status": "done", "osm_id": "relation/6548753", "group": "Altro", "subgroup": "Altro", "subcategory": "Altro"}, "geometry": {"type": "Point", "coordinates": [14.263705, 40.890017]}}, {"type": "Feature", "properties": {"wikidata": "Q259128", "name": "chiesa di Santa Maria Ognibene", "status": "done", "osm_id": "way/1328788020", "group": "Religione", "subgroup": "Luoghi di Culto", "subcategory": "Chiesa"}, "geometry": {"type": "Point", "coordinates": [14.24554, 40.844226]}}, {"type": "Feature", "properties": {"wikidata": "Q325776", "name": "diocesi di Volturno", "status": "missing", "osm_id": null, "group": "Altro", "subgroup": "Altro", "subcategory": "Altro"}, "geometry": {"type": "Point", "coordinates": [13.91666667, 41.05]}}, {"type": "Feature", "properties": {"wikidata": "Q290549", "name": "Museo nazionale di Capodimonte", "status": "done", "osm_id": "relation/9734895", "group": "Cultura e tempo libero", "subgroup": "Musei", "subcategory": "Museo d'arte"}, "geometry": {"type": "Point", "coordinates": [14.250346, 40.86699]}}, {"type": "Feature", "properties": {"wikidata": "Q898150", "name": "Matese", "status": "done", "osm_id": "relation/14434408", "group": "Natura e paesaggio", "subgroup": "Montagna", "subcategory": "Montagna"}, "geometry": {"type": "Point", "coordinates": [14.37, 41.45]}}, {"type": "Feature", "properties": {"wikidata": "Q858940", "name": "Castel Capuano", "status": "done", "osm_id": "relation/2830094", "group": "Fortificazioni e militare", "subgroup": "Fortificazioni", "subcategory": "Castello"}, "geometry": {"type": "Point", "coordinates": [14.264441, 40.853544]}}, {"type": "Feature", "properties": {"wikidata": "Q283693", "name": "Monte di Piet\u00e0 (Napoli)", "status": "done", "osm_id": "node/2748670954", "group": "Dimore ed edifici", "subgroup": "Residenze", "subcategory": "Palazzo"}, "geometry": {"type": "Point", "coordinates": [14.257711, 40.8489]}}, {"type": "Feature", "properties": {"wikidata": "Q922615", "name": "Complesso di Santa Maria dei Monti", "status": "missing", "osm_id": null, "group": "Dimore ed edifici", "subgroup": "Strutture Varie", "subcategory": "Complesso di edifici"}, "geometry": {"type": "Point", "coordinates": [14.2664, 40.8791]}}, {"type": "Feature", "properties": {"wikidata": "Q278605", "name": "basilica di Santa Lucia a Mare", "status": "done", "osm_id": "way/334996953", "group": "Religione", "subgroup": "Luoghi di Culto", "subcategory": "Basilica minore"}, "geometry": {"type": "Point", "coordinates": [14.250517, 40.833592]}}, {"type": "Feature", "properties": {"wikidata": "Q290097", "name": "Baia", "status": "done", "osm_id": "node/2239104805", "group": "Insediamenti", "subgroup": "Centri", "subcategory": "Frazione"}, "geometry": {"type": "Point", "coordinates": [14.069722222, 40.816666666]}}, {"type": "Feature", "properties": {"wikidata": "Q4011769", "name": "Villa Arata", "status": "missing", "osm_id": null, "group": "Dimore ed edifici", "subgroup": "Residenze", "subcategory": "Villa"}, "geometry": {"type": "Point", "coordinates": [14.209, 40.8186]}}, {"type": "Feature", "properties": {"wikidata": "Q18436096", "name": "Mandroni", "status": "done", "osm_id": "node/6467837508", "group": "Insediamenti", "subgroup": "Centri", "subcategory": "Insediamento umano"}, "geometry": {"type": "Point", "coordinates": [14.87388, 41.41254]}}, {"type": "Feature", "properties": {"wikidata": "Q4011742", "name": "Villa Addeo", "status": "missing", "osm_id": null, "group": "Dimore ed edifici", "subgroup": "Residenze", "subcategory": "Villa"}, "geometry": {"type": "Point", "coordinates": [14.260446, 40.868851]}}, {"type": "Feature", "properties": {"wikidata": "Q18436112", "name": "Masseria della Ratta", "status": "missing", "osm_id": null, "group": "Insediamenti", "subgroup": "Centri", "subcategory": "Insediamento umano"}, "geometry": {"type": "Point", "coordinates": [14.49825, 41.11219]}}, {"type": "Feature", "properties": {"wikidata": "Q18436081", "name": "Lotola", "status": "missing", "osm_id": null, "group": "Insediamenti", "subgroup": "Centri", "subcategory": "Insediamento umano"}, "geometry": {"type": "Point", "coordinates": [14.62604, 41.1122]}}, {"type": "Feature", "properties": {"wikidata": "Q4011862", "name": "Villa Carafa di Percuoco", "status": "missing", "osm_id": null, "group": "Dimore ed edifici", "subgroup": "Residenze", "subcategory": "Villa"}, "geometry": {"type": "Point", "coordinates": [14.335376, 40.828371]}}, {"type": "Feature", "properties": {"wikidata": "Q18436092", "name": "Madonna Immacolata", "status": "missing", "osm_id": null, "group": "Insediamenti", "subgroup": "Centri", "subcategory": "Insediamento umano"}, "geometry": {"type": "Point", "coordinates": [14.59045, 41.07369]}}, {"type": "Feature", "properties": {"wikidata": "Q18436106", "name": "Masseria Calandra", "status": "missing", "osm_id": null, "group": "Insediamenti", "subgroup": "Centri", "subcategory": "Insediamento umano"}, "geometry": {"type": "Point", "coordinates": [14.48154, 41.12309]}}, {"type": "Feature", "properties": {"wikidata": "Q18436101", "name": "Marzano", "status": "done", "osm_id": "node/8354631670", "group": "Insediamenti", "subgroup": "Centri", "subcategory": "Insediamento umano"}, "geometry": {"type": "Point", "coordinates": [14.65581, 41.11949]}}, {"type": "Feature", "properties": {"wikidata": "Q18436115", "name": "Masseria Fusco-Torretta", "status": "missing", "osm_id": null, "group": "Insediamenti", "subgroup": "Centri", "subcategory": "Insediamento umano"}, "geometry": {"type": "Point", "coordinates": [14.47326, 41.11829]}}, {"type": "Feature", "properties": {"wikidata": "Q4011860", "name": "Villa Caracciolo di Forino", "status": "missing", "osm_id": null, "group": "Dimore ed edifici", "subgroup": "Residenze", "subcategory": "Villa"}, "geometry": {"type": "Point", "coordinates": [14.333661, 40.827076]}}, {"type": "Feature", "properties": {"wikidata": "Q4011812", "name": "Villa Bianca", "status": "missing", "osm_id": null, "group": "Dimore ed edifici", "subgroup": "Residenze", "subcategory": "Villa"}, "geometry": {"type": "Point", "coordinates": [14.200119, 40.808706]}}, {"type": "Feature", "properties": {"wikidata": "Q18436103", "name": "Mascambroni", "status": "missing", "osm_id": null, "group": "Insediamenti", "subgroup": "Centri", "subcategory": "Insediamento umano"}, "geometry": {"type": "Point", "coordinates": [14.72809, 41.18001]}}, {"type": "Feature", "properties": {"wikidata": "Q18436095", "name": "Mandarisi", "status": "missing", "osm_id": null, "group": "Insediamenti", "subgroup": "Centri", "subcategory": "Frazione"}, "geometry": {"type": "Point", "coordinates": [14.65497, 41.20771]}}, {"type": "Feature", "properties": {"wikidata": "Q4010704", "name": "via Posillipo", "status": "missing", "osm_id": null, "group": "Infrastrutture", "subgroup": "Trasporti", "subcategory": "Strada urbana"}, "geometry": {"type": "Point", "coordinates": [14.205518, 40.810941]}}, {"type": "Feature", "properties": {"wikidata": "Q18436084", "name": "Maccabei Valle", "status": "missing", "osm_id": null, "group": "Insediamenti", "subgroup": "Centri", "subcategory": "Insediamento umano"}, "geometry": {"type": "Point", "coordinates": [14.78233, 41.09098]}}, {"type": "Feature", "properties": {"wikidata": "Q18436136", "name": "Masseria Quarantiello", "status": "missing", "osm_id": null, "group": "Insediamenti", "subgroup": "Centri", "subcategory": "Insediamento umano"}, "geometry": {"type": "Point", "coordinates": [14.74184, 41.10583]}}, {"type": "Feature", "properties": {"wikidata": "Q18436064", "name": "Isca", "status": "done", "osm_id": "node/6467837509", "group": "Insediamenti", "subgroup": "Centri", "subcategory": "Insediamento umano"}, "geometry": {"type": "Point", "coordinates": [14.88856, 41.40268]}}, {"type": "Feature", "properties": {"wikidata": "Q18436072", "name": "Lamia", "status": "done", "osm_id": "node/1727509610", "group": "Insediamenti", "subgroup": "Centri", "subcategory": "Insediamento umano"}, "geometry": {"type": "Point", "coordinates": [14.44012, 41.14812]}}, {"type": "Feature", "properties": {"wikidata": "Q4011852", "name": "Villa Campolieto", "status": "done", "osm_id": "relation/13691100", "group": "Dimore ed edifici", "subgroup": "Residenze", "subcategory": "Villa"}, "geometry": {"type": "Point", "coordinates": [14.353116, 40.801387]}}, {"type": "Feature", "properties": {"wikidata": "Q18436100", "name": "Marraioli", "status": "missing", "osm_id": null, "group": "Insediamenti", "subgroup": "Centri", "subcategory": "Frazione"}, "geometry": {"type": "Point", "coordinates": [14.55888, 41.23517]}}, {"type": "Feature", "properties": {"wikidata": "Q18436117", "name": "Masseria Germani", "status": "missing", "osm_id": null, "group": "Insediamenti", "subgroup": "Centri", "subcategory": "Insediamento umano"}, "geometry": {"type": "Point", "coordinates": [14.79111, 41.40241]}}, {"type": "Feature", "properties": {"wikidata": "Q18436089", "name": "Maddalena", "status": "missing", "osm_id": null, "group": "Insediamenti", "subgroup": "Centri", "subcategory": "Insediamento umano"}, "geometry": {"type": "Point", "coordinates": [14.91114, 41.26603]}}, {"type": "Feature", "properties": {"wikidata": "Q18436113", "name": "Masseria Fattori", "status": "missing", "osm_id": null, "group": "Insediamenti", "subgroup": "Centri", "subcategory": "Insediamento umano"}, "geometry": {"type": "Point", "coordinates": [14.8303, 41.40715]}}, {"type": "Feature", "properties": {"wikidata": "Q18436123", "name": "Masseria Izzo", "status": "missing", "osm_id": null, "group": "Insediamenti", "subgroup": "Centri", "subcategory": "Insediamento umano"}, "geometry": {"type": "Point", "coordinates": [14.46047, 41.09701]}}, {"type": "Feature", "properties": {"wikidata": "Q4011830", "name": "Villa Borrelli", "status": "missing", "osm_id": null, "group": "Dimore ed edifici", "subgroup": "Residenze", "subcategory": "Villa"}, "geometry": {"type": "Point", "coordinates": [14.335485, 40.828139]}}, {"type": "Feature", "properties": {"wikidata": "Q18436133", "name": "Masseria Paoloni", "status": "missing", "osm_id": null, "group": "Insediamenti", "subgroup": "Centri", "subcategory": "Insediamento umano"}, "geometry": {"type": "Point", "coordinates": [14.8034, 41.42989]}}, {"type": "Feature", "properties": {"wikidata": "Q4011868", "name": "Villa Carrara", "status": "done", "osm_id": "way/240347683", "group": "Dimore ed edifici", "subgroup": "Residenze", "subcategory": "Villa"}, "geometry": {"type": "Point", "coordinates": [14.79287, 40.66526]}}, {"type": "Feature", "properties": {"wikidata": "Q18436134", "name": "Masseria Peppesurdo", "status": "missing", "osm_id": null, "group": "Insediamenti", "subgroup": "Centri", "subcategory": "Insediamento umano"}, "geometry": {"type": "Point", "coordinates": [14.80903, 41.42184]}}, {"type": "Feature", "properties": {"wikidata": "Q18436107", "name": "Masseria Catalano", "status": "missing", "osm_id": null, "group": "Insediamenti", "subgroup": "Centri", "subcategory": "Insediamento umano"}, "geometry": {"type": "Point", "coordinates": [14.73457, 41.12752]}}, {"type": "Feature", "properties": {"wikidata": "Q4011844", "name": "Villa Bruno", "status": "missing", "osm_id": null, "group": "Dimore ed edifici", "subgroup": "Residenze", "subcategory": "Villa"}, "geometry": {"type": "Point", "coordinates": [14.33969, 40.828066]}}, {"type": "Feature", "properties": {"wikidata": "Q18436119", "name": "Masseria Grande", "status": "missing", "osm_id": null, "group": "Insediamenti", "subgroup": "Centri", "subcategory": "Insediamento umano"}, "geometry": {"type": "Point", "coordinates": [14.84747, 41.13475]}}, {"type": "Feature", "properties": {"wikidata": "Q4011817", "name": "Villa Bisignano", "status": "missing", "osm_id": null, "group": "Dimore ed edifici", "subgroup": "Residenze", "subcategory": "Villa"}, "geometry": {"type": "Point", "coordinates": [14.322444, 40.834905]}}, {"type": "Feature", "properties": {"wikidata": "Q18436065", "name": "Ischitella", "status": "done", "osm_id": "node/7572392822", "group": "Insediamenti", "subgroup": "Centri", "subcategory": "Insediamento umano"}, "geometry": {"type": "Point", "coordinates": [14.47166, 41.13063]}}, {"type": "Feature", "properties": {"wikidata": "Q18436067", "name": "La Francesca I", "status": "missing", "osm_id": null, "group": "Insediamenti", "subgroup": "Centri", "subcategory": "Insediamento umano"}, "geometry": {"type": "Point", "coordinates": [14.78439, 41.18116]}}, {"type": "Feature", "properties": {"wikidata": "Q4010733", "name": "via Santa Maria di Costantinopoli", "status": "missing", "osm_id": null, "group": "Infrastrutture", "subgroup": "Trasporti", "subcategory": "Strada urbana"}, "geometry": {"type": "Point", "coordinates": [14.2517, 40.851958]}}, {"type": "Feature", "properties": {"wikidata": "Q18436083", "name": "Maccabei Centro", "status": "missing", "osm_id": null, "group": "Insediamenti", "subgroup": "Centri", "subcategory": "Insediamento umano"}, "geometry": {"type": "Point", "coordinates": [14.77708, 41.08809]}}, {"type": "Feature", "properties": {"wikidata": "Q18436086", "name": "Macchione", "status": "missing", "osm_id": null, "group": "Insediamenti", "subgroup": "Centri", "subcategory": "Insediamento umano"}, "geometry": {"type": "Point", "coordinates": [14.99906, 41.11557]}}, {"type": "Feature", "properties": {"wikidata": "Q18436090", "name": "Madonna del Canale", "status": "missing", "osm_id": null, "group": "Insediamenti", "subgroup": "Centri", "subcategory": "Insediamento umano"}, "geometry": {"type": "Point", "coordinates": [14.72313, 41.29229]}}, {"type": "Feature", "properties": {"wikidata": "Q18436093", "name": "Madonnella", "status": "missing", "osm_id": null, "group": "Insediamenti", "subgroup": "Centri", "subcategory": "Insediamento umano"}, "geometry": {"type": "Point", "coordinates": [14.54912, 41.26327]}}, {"type": "Feature", "properties": {"wikidata": "Q18436060", "name": "Iebba", "status": "done", "osm_id": "node/1350029123", "group": "Insediamenti", "subgroup": "Centri", "subcategory": "Insediamento umano"}, "geometry": {"type": "Point", "coordinates": [14.96803, 41.10278]}}, {"type": "Feature", "properties": {"wikidata": "Q18436073", "name": "Lammia I", "status": "missing", "osm_id": null, "group": "Insediamenti", "subgroup": "Centri", "subcategory": "Insediamento umano"}, "geometry": {"type": "Point", "coordinates": [14.75086, 41.1993]}}, {"type": "Feature", "properties": {"wikidata": "Q18436094", "name": "Mancusi", "status": "missing", "osm_id": null, "group": "Insediamenti", "subgroup": "Centri", "subcategory": "Frazione"}, "geometry": {"type": "Point", "coordinates": [14.82747, 41.06807]}}, {"type": "Feature", "properties": {"wikidata": "Q18436131", "name": "Masseria Orefice", "status": "missing", "osm_id": null, "group": "Insediamenti", "subgroup": "Centri", "subcategory": "Insediamento umano"}, "geometry": {"type": "Point", "coordinates": [14.49409, 41.11391]}}, {"type": "Feature", "properties": {"wikidata": "Q18436074", "name": "Lanzi", "status": "done", "osm_id": "node/7531774529", "group": "Insediamenti", "subgroup": "Centri", "subcategory": "Insediamento umano"}, "geometry": {"type": "Point", "coordinates": [14.45004, 41.12384]}}, {"type": "Feature", "properties": {"wikidata": "Q4011839", "name": "Villa Bozzi", "status": "missing", "osm_id": null, "group": "Dimore ed edifici", "subgroup": "Residenze", "subcategory": "Villa"}, "geometry": {"type": "Point", "coordinates": [14.257827, 40.870558]}}, {"type": "Feature", "properties": {"wikidata": "Q18436099", "name": "Marchitti", "status": "missing", "osm_id": null, "group": "Insediamenti", "subgroup": "Centri", "subcategory": "Insediamento umano"}, "geometry": {"type": "Point", "coordinates": [14.53214, 41.12018]}}, {"type": "Feature", "properties": {"wikidata": "Q18436080", "name": "Lombardara", "status": "missing", "osm_id": null, "group": "Insediamenti", "subgroup": "Centri", "subcategory": "Insediamento umano"}, "geometry": {"type": "Point", "coordinates": [14.70756, 41.30535]}}, {"type": "Feature", "properties": {"wikidata": "Q18436122", "name": "Masseria Iannotta", "status": "missing", "osm_id": null, "group": "Insediamenti", "subgroup": "Centri", "subcategory": "Insediamento umano"}, "geometry": {"type": "Point", "coordinates": [14.49588, 41.13204]}}, {"type": "Feature", "properties": {"wikidata": "Q18436076", "name": "Li Mai", "status": "missing", "osm_id": null, "group": "Insediamenti", "subgroup": "Centri", "subcategory": "Frazione"}, "geometry": {"type": "Point", "coordinates": [14.87092, 41.06112]}}, {"type": "Feature", "properties": {"wikidata": "Q18436114", "name": "Masseria Fiorenza", "status": "missing", "osm_id": null, "group": "Insediamenti", "subgroup": "Centri", "subcategory": "Insediamento umano"}, "geometry": {"type": "Point", "coordinates": [14.75609, 41.36338]}}, {"type": "Feature", "properties": {"wikidata": "Q4010672", "name": "via Mezzocannone", "status": "missing", "osm_id": null, "group": "Infrastrutture", "subgroup": "Trasporti", "subcategory": "Strada urbana"}, "geometry": {"type": "Point", "coordinates": [14.256086, 40.846588]}}, {"type": "Feature", "properties": {"wikidata": "Q18436125", "name": "Masseria la Ripa", "status": "missing", "osm_id": null, "group": "Insediamenti", "subgroup": "Centri", "subcategory": "Insediamento umano"}, "geometry": {"type": "Point", "coordinates": [14.79462, 41.41909]}}, {"type": "Feature", "properties": {"wikidata": "Q18436111", "name": "Masseria del Ponte", "status": "missing", "osm_id": null, "group": "Insediamenti", "subgroup": "Centri", "subcategory": "Insediamento umano"}, "geometry": {"type": "Point", "coordinates": [14.7328, 41.19202]}}, {"type": "Feature", "properties": {"wikidata": "Q18436116", "name": "Masseria Fusco-Traversano", "status": "missing", "osm_id": null, "group": "Insediamenti", "subgroup": "Centri", "subcategory": "Insediamento umano"}, "geometry": {"type": "Point", "coordinates": [14.51249, 41.12792]}}, {"type": "Feature", "properties": {"wikidata": "Q18436105", "name": "Massari", "status": "done", "osm_id": "node/7866711488", "group": "Insediamenti", "subgroup": "Centri", "subcategory": "Insediamento umano"}, "geometry": {"type": "Point", "coordinates": [14.45582, 41.28119]}}, {"type": "Feature", "properties": {"wikidata": "Q4011759", "name": "Villa Amalia", "status": "missing", "osm_id": null, "group": "Dimore ed edifici", "subgroup": "Residenze", "subcategory": "Villa"}, "geometry": {"type": "Point", "coordinates": [14.326113, 40.839118]}}, {"type": "Feature", "properties": {"wikidata": "Q18436102", "name": "Marzilongo", "status": "missing", "osm_id": null, "group": "Insediamenti", "subgroup": "Centri", "subcategory": "Insediamento umano"}, "geometry": {"type": "Point", "coordinates": [14.68699, 41.29882]}}, {"type": "Feature", "properties": {"wikidata": "Q18436110", "name": "Masseria de Gregorio", "status": "missing", "osm_id": null, "group": "Insediamenti", "subgroup": "Centri", "subcategory": "Insediamento umano"}, "geometry": {"type": "Point", "coordinates": [14.7797, 41.15994]}}, {"type": "Feature", "properties": {"wikidata": "Q4010664", "name": "via Nuova Marina", "status": "missing", "osm_id": null, "group": "Infrastrutture", "subgroup": "Trasporti", "subcategory": "Strada urbana"}, "geometry": {"type": "Point", "coordinates": [14.263504, 40.845774]}}, {"type": "Feature", "properties": {"wikidata": "Q18436121", "name": "Masseria Guarnieri", "status": "missing", "osm_id": null, "group": "Insediamenti", "subgroup": "Centri", "subcategory": "Insediamento umano"}, "geometry": {"type": "Point", "coordinates": [14.45243, 41.22709]}}, {"type": "Feature", "properties": {"wikidata": "Q4010610", "name": "via Foria", "status": "missing", "osm_id": null, "group": "Infrastrutture", "subgroup": "Trasporti", "subcategory": "Strada urbana"}, "geometry": {"type": "Point", "coordinates": [14.261214, 40.858805]}}, {"type": "Feature", "properties": {"wikidata": "Q18436129", "name": "Masseria Masilli", "status": "missing", "osm_id": null, "group": "Insediamenti", "subgroup": "Centri", "subcategory": "Insediamento umano"}, "geometry": {"type": "Point", "coordinates": [14.81305, 41.42018]}}, {"type": "Feature", "properties": {"wikidata": "Q18436108", "name": "Masseria Ciccoporcari", "status": "done", "osm_id": "node/8719108562", "group": "Insediamenti", "subgroup": "Centri", "subcategory": "Insediamento umano"}, "geometry": {"type": "Point", "coordinates": [14.81687, 41.40203]}}, {"type": "Feature", "properties": {"wikidata": "Q4010613", "name": "via Francesco Caracciolo", "status": "missing", "osm_id": null, "group": "Infrastrutture", "subgroup": "Trasporti", "subcategory": "Strada urbana"}, "geometry": {"type": "Point", "coordinates": [14.227101, 40.83122]}}, {"type": "Feature", "properties": {"wikidata": "Q4011781", "name": "Villa Avallone Tufarelli", "status": "missing", "osm_id": null, "group": "Dimore ed edifici", "subgroup": "Residenze", "subcategory": "Villa"}, "geometry": {"type": "Point", "coordinates": [14.334884, 40.827368]}}, {"type": "Feature", "properties": {"wikidata": "Q18436061", "name": "Iella", "status": "missing", "osm_id": null, "group": "Insediamenti", "subgroup": "Centri", "subcategory": "Insediamento umano"}, "geometry": {"type": "Point", "coordinates": [14.68062, 41.299]}}, {"type": "Feature", "properties": {"wikidata": "Q18436077", "name": "Lisa", "status": "missing", "osm_id": null, "group": "Insediamenti", "subgroup": "Centri", "subcategory": "Insediamento umano"}, "geometry": {"type": "Point", "coordinates": [14.6966, 41.31182]}}, {"type": "Feature", "properties": {"wikidata": "Q4010659", "name": "via Marechiaro", "status": "done", "osm_id": "way/206166254", "group": "Insediamenti", "subgroup": "Centri", "subcategory": "Insediamento umano"}, "geometry": {"type": "Point", "coordinates": [14.190165, 40.799153]}}, {"type": "Feature", "properties": {"wikidata": "Q18436098", "name": "Marcandindoli", "status": "missing", "osm_id": null, "group": "Insediamenti", "subgroup": "Centri", "subcategory": "Insediamento umano"}, "geometry": {"type": "Point", "coordinates": [14.86274, 41.3793]}}, {"type": "Feature", "properties": {"wikidata": "Q4011820", "name": "Villa Bloch", "status": "done", "osm_id": "way/216975201", "group": "Dimore ed edifici", "subgroup": "Residenze", "subcategory": "Villa"}, "geometry": {"type": "Point", "coordinates": [14.238323, 40.865164]}}, {"type": "Feature", "properties": {"wikidata": "Q4010696", "name": "via Ponti Rossi", "status": "missing", "osm_id": null, "group": "Infrastrutture", "subgroup": "Trasporti", "subcategory": "Strada urbana"}, "geometry": {"type": "Point", "coordinates": [14.258088, 40.870444]}}, {"type": "Feature", "properties": {"wikidata": "Q18436120", "name": "Masseria Grasso", "status": "done", "osm_id": "node/5758300801", "group": "Insediamenti", "subgroup": "Centri", "subcategory": "Insediamento umano"}, "geometry": {"type": "Point", "coordinates": [14.83473, 41.11083]}}, {"type": "Feature", "properties": {"wikidata": "Q18436126", "name": "Masseria Lombardi", "status": "missing", "osm_id": null, "group": "Insediamenti", "subgroup": "Centri", "subcategory": "Insediamento umano"}, "geometry": {"type": "Point", "coordinates": [14.47147, 41.12061]}}, {"type": "Feature", "properties": {"wikidata": "Q4011557", "name": "Vigna San Martino", "status": "done", "osm_id": "way/420620706", "group": "Altro", "subgroup": "Altro", "subcategory": "Altro"}, "geometry": {"type": "Point", "coordinates": [14.242902, 40.843165]}}, {"type": "Feature", "properties": {"wikidata": "Q18436063", "name": "Innesto", "status": "missing", "osm_id": null, "group": "Insediamenti", "subgroup": "Centri", "subcategory": "Insediamento umano"}, "geometry": {"type": "Point", "coordinates": [14.84507, 41.26864]}}, {"type": "Feature", "properties": {"wikidata": "Q18436109", "name": "Masseria Costamarotta", "status": "missing", "osm_id": null, "group": "Insediamenti", "subgroup": "Centri", "subcategory": "Insediamento umano"}, "geometry": {"type": "Point", "coordinates": [14.80822, 41.42586]}}, {"type": "Feature", "properties": {"wikidata": "Q18436128", "name": "Masseria Marcocci", "status": "missing", "osm_id": null, "group": "Insediamenti", "subgroup": "Centri", "subcategory": "Insediamento umano"}, "geometry": {"type": "Point", "coordinates": [14.79392, 41.42676]}}, {"type": "Feature", "properties": {"wikidata": "Q4011824", "name": "Villa Bonocore", "status": "missing", "osm_id": null, "group": "Dimore ed edifici", "subgroup": "Residenze", "subcategory": "Villa"}, "geometry": {"type": "Point", "coordinates": [14.342748, 40.836655]}}, {"type": "Feature", "properties": {"wikidata": "Q4010602", "name": "via Duomo", "status": "done", "osm_id": "way/914846142", "group": "Infrastrutture", "subgroup": "Trasporti", "subcategory": "Strada urbana"}, "geometry": {"type": "Point", "coordinates": [14.259845, 40.85083]}}, {"type": "Feature", "properties": {"wikidata": "Q18436062", "name": "Ignazia", "status": "missing", "osm_id": null, "group": "Insediamenti", "subgroup": "Centri", "subcategory": "Frazione"}, "geometry": {"type": "Point", "coordinates": [14.87875, 41.17381]}}, {"type": "Feature", "properties": {"wikidata": "Q4010756", "name": "via Vittorio Emanuele III", "status": "done", "osm_id": "way/1253172477", "group": "Infrastrutture", "subgroup": "Trasporti", "subcategory": "Strada urbana"}, "geometry": {"type": "Point", "coordinates": [14.2437, 40.5502]}}, {"type": "Feature", "properties": {"wikidata": "Q18436127", "name": "Masseria Marchittari", "status": "missing", "osm_id": null, "group": "Insediamenti", "subgroup": "Centri", "subcategory": "Insediamento umano"}, "geometry": {"type": "Point", "coordinates": [14.96157, 41.22983]}}, {"type": "Feature", "properties": {"wikidata": "Q18436068", "name": "La Francesca II", "status": "missing", "osm_id": null, "group": "Insediamenti", "subgroup": "Centri", "subcategory": "Insediamento umano"}, "geometry": {"type": "Point", "coordinates": [14.77826, 41.17482]}}, {"type": "Feature", "properties": {"wikidata": "Q18436070", "name": "La Vipera", "status": "missing", "osm_id": null, "group": "Insediamenti", "subgroup": "Centri", "subcategory": "Insediamento umano"}, "geometry": {"type": "Point", "coordinates": [14.8139, 41.13589]}}, {"type": "Feature", "properties": {"wikidata": "Q18436130", "name": "Masseria Monteforte", "status": "missing", "osm_id": null, "group": "Insediamenti", "subgroup": "Centri", "subcategory": "Insediamento umano"}, "geometry": {"type": "Point", "coordinates": [14.45863, 41.07794]}}, {"type": "Feature", "properties": {"wikidata": "Q18436071", "name": "Laiano", "status": "missing", "osm_id": null, "group": "Insediamenti", "subgroup": "Centri", "subcategory": "Frazione"}, "geometry": {"type": "Point", "coordinates": [14.53467, 41.12331]}}, {"type": "Feature", "properties": {"wikidata": "Q4010732", "name": "via Santa Maria Antesaecula", "status": "missing", "osm_id": null, "group": "Infrastrutture", "subgroup": "Trasporti", "subcategory": "Strada urbana"}, "geometry": {"type": "Point", "coordinates": [14.252042, 40.8586333]}}, {"type": "Feature", "properties": {"wikidata": "Q18436066", "name": "Izzo", "status": "missing", "osm_id": null, "group": "Insediamenti", "subgroup": "Centri", "subcategory": "Insediamento umano"}, "geometry": {"type": "Point", "coordinates": [14.53442, 41.2678]}}, {"type": "Feature", "properties": {"wikidata": "Q18436088", "name": "Macella", "status": "missing", "osm_id": null, "group": "Insediamenti", "subgroup": "Centri", "subcategory": "Frazione"}, "geometry": {"type": "Point", "coordinates": [14.68793, 41.26319]}}, {"type": "Feature", "properties": {"wikidata": "Q18436087", "name": "Maccoli-Perrillo", "status": "missing", "osm_id": null, "group": "Insediamenti", "subgroup": "Centri", "subcategory": "Insediamento umano"}, "geometry": {"type": "Point", "coordinates": [14.80585, 41.08762]}}, {"type": "Feature", "properties": {"wikidata": "Q4011853", "name": "Villa Campbell", "status": "missing", "osm_id": null, "group": "Dimore ed edifici", "subgroup": "Residenze", "subcategory": "Villa"}, "geometry": {"type": "Point", "coordinates": [14.242498, 40.872276]}}, {"type": "Feature", "properties": {"wikidata": "Q18436118", "name": "Masseria Giordano", "status": "done", "osm_id": "node/8725995890", "group": "Insediamenti", "subgroup": "Centri", "subcategory": "Insediamento umano"}, "geometry": {"type": "Point", "coordinates": [14.74939, 41.32476]}}, {"type": "Feature", "properties": {"wikidata": "Q18436091", "name": "Madonna della Libera", "status": "done", "osm_id": "node/1727691758", "group": "Insediamenti", "subgroup": "Centri", "subcategory": "Insediamento umano"}, "geometry": {"type": "Point", "coordinates": [14.56193, 41.30546]}}, {"type": "Feature", "properties": {"wikidata": "Q18436075", "name": "Lentace", "status": "missing", "osm_id": null, "group": "Insediamenti", "subgroup": "Centri", "subcategory": "Frazione"}, "geometry": {"type": "Point", "coordinates": [14.83117, 41.05986]}}, {"type": "Feature", "properties": {"wikidata": "Q18436097", "name": "Manni", "status": "missing", "osm_id": null, "group": "Insediamenti", "subgroup": "Centri", "subcategory": "Insediamento umano"}, "geometry": {"type": "Point", "coordinates": [14.75208, 41.05591]}}, {"type": "Feature", "properties": {"wikidata": "Q4011761", "name": "Villa Amirante", "status": "missing", "osm_id": null, "group": "Dimore ed edifici", "subgroup": "Residenze", "subcategory": "Villa"}, "geometry": {"type": "Point", "coordinates": [14.339041, 40.829365]}}, {"type": "Feature", "properties": {"wikidata": "Q4011778", "name": "Villa Ascarelli", "status": "done", "osm_id": "way/435115061", "group": "Dimore ed edifici", "subgroup": "Residenze", "subcategory": "Villa"}, "geometry": {"type": "Point", "coordinates": [14.23266506, 40.83990097]}}, {"type": "Feature", "properties": {"wikidata": "Q18436079", "name": "Lisoni", "status": "done", "osm_id": "node/8778820334", "group": "Insediamenti", "subgroup": "Centri", "subcategory": "Insediamento umano"}, "geometry": {"type": "Point", "coordinates": [14.856, 41.38187]}}, {"type": "Feature", "properties": {"wikidata": "Q18436085", "name": "Macchia", "status": "done", "osm_id": "node/8721412097", "group": "Insediamenti", "subgroup": "Centri", "subcategory": "Insediamento umano"}, "geometry": {"type": "Point", "coordinates": [14.80895, 41.31533]}}, {"type": "Feature", "properties": {"wikidata": "Q3889590", "name": "Palazzo Barbaja", "status": "done", "osm_id": "relation/3346682", "group": "Dimore ed edifici", "subgroup": "Residenze", "subcategory": "Palazzo"}, "geometry": {"type": "Point", "coordinates": [14.248544, 40.838889]}}, {"type": "Feature", "properties": {"wikidata": "Q3889719", "name": "Palazzo Brancaccio", "status": "done", "osm_id": "way/267250703", "group": "Dimore ed edifici", "subgroup": "Residenze", "subcategory": "Palazzo"}, "geometry": {"type": "Point", "coordinates": [14.255766, 40.848093]}}, {"type": "Feature", "properties": {"wikidata": "Q3889584", "name": "Palazzo Balsorano", "status": "done", "osm_id": "relation/2444616", "group": "Dimore ed edifici", "subgroup": "Residenze", "subcategory": "Palazzo"}, "geometry": {"type": "Point", "coordinates": [14.233141, 40.837382]}}, {"type": "Feature", "properties": {"wikidata": "Q3890519", "name": "Palazzo Morisani", "status": "done", "osm_id": "relation/3579696", "group": "Dimore ed edifici", "subgroup": "Residenze", "subcategory": "Palazzo"}, "geometry": {"type": "Point", "coordinates": [14.25158, 40.846635]}}, {"type": "Feature", "properties": {"wikidata": "Q3889610", "name": "Palazzo Barone", "status": "done", "osm_id": "way/274953905", "group": "Dimore ed edifici", "subgroup": "Residenze", "subcategory": "Villa"}, "geometry": {"type": "Point", "coordinates": [14.747175021, 40.678352628]}}, {"type": "Feature", "properties": {"wikidata": "Q3889792", "name": "Palazzo Caracciolo di Santobuono", "status": "done", "osm_id": "relation/3821085", "group": "Dimore ed edifici", "subgroup": "Residenze", "subcategory": "Palazzo"}, "geometry": {"type": "Point", "coordinates": [14.26147, 40.854845]}}, {"type": "Feature", "properties": {"wikidata": "Q3890471", "name": "Palazzo Medici di Ottaviano", "status": "done", "osm_id": "relation/4869916", "group": "Dimore ed edifici", "subgroup": "Residenze", "subcategory": "Palazzo"}, "geometry": {"type": "Point", "coordinates": [14.2426147, 40.8355441]}}, {"type": "Feature", "properties": {"wikidata": "Q3889864", "name": "Palazzo Cirella", "status": "done", "osm_id": "way/270248378", "group": "Dimore ed edifici", "subgroup": "Residenze", "subcategory": "Palazzo"}, "geometry": {"type": "Point", "coordinates": [14.248532, 40.837718]}}, {"type": "Feature", "properties": {"wikidata": "Q3889796", "name": "Palazzo Carafa di Montorio", "status": "done", "osm_id": "way/270653309", "group": "Dimore ed edifici", "subgroup": "Residenze", "subcategory": "Palazzo"}, "geometry": {"type": "Point", "coordinates": [14.256685, 40.848935]}}, {"type": "Feature", "properties": {"wikidata": "Q3890601", "name": "Palazzo Pandola", "status": "done", "osm_id": "relation/3361788", "group": "Dimore ed edifici", "subgroup": "Residenze", "subcategory": "Palazzo"}, "geometry": {"type": "Point", "coordinates": [14.25121, 40.84686]}}, {"type": "Feature", "properties": {"wikidata": "Q3890007", "name": "Palazzo Della Porta", "status": "done", "osm_id": "relation/3614848", "group": "Dimore ed edifici", "subgroup": "Residenze", "subcategory": "Palazzo"}, "geometry": {"type": "Point", "coordinates": [14.249055, 40.844849]}}, {"type": "Feature", "properties": {"wikidata": "Q3889803", "name": "Palazzo Carizza", "status": "missing", "osm_id": null, "group": "Dimore ed edifici", "subgroup": "Residenze", "subcategory": "Palazzo"}, "geometry": {"type": "Point", "coordinates": [14.56224, 41.286997]}}, {"type": "Feature", "properties": {"wikidata": "Q3890477", "name": "Palazzo Melofioccolo", "status": "done", "osm_id": "way/266550146", "group": "Dimore ed edifici", "subgroup": "Residenze", "subcategory": "Palazzo"}, "geometry": {"type": "Point", "coordinates": [14.254765, 40.845134]}}, {"type": "Feature", "properties": {"wikidata": "Q3890458", "name": "Palazzo Mazziotti", "status": "done", "osm_id": "way/261253342", "group": "Dimore ed edifici", "subgroup": "Residenze", "subcategory": "Palazzo"}, "geometry": {"type": "Point", "coordinates": [14.253475, 40.847517]}}, {"type": "Feature", "properties": {"wikidata": "Q3889797", "name": "Palazzo Carafa di Nocera", "status": "done", "osm_id": "relation/3342141", "group": "Dimore ed edifici", "subgroup": "Residenze", "subcategory": "Palazzo"}, "geometry": {"type": "Point", "coordinates": [14.2527, 40.842025]}}, {"type": "Feature", "properties": {"wikidata": "Q3889791", "name": "Palazzo Caracciolo di San Teodoro", "status": "missing", "osm_id": null, "group": "Dimore ed edifici", "subgroup": "Residenze", "subcategory": "Palazzo"}, "geometry": {"type": "Point", "coordinates": [14.240015, 40.83324]}}, {"type": "Feature", "properties": {"wikidata": "Q3889857", "name": "Palazzo Ciccarelli di Cesavolpe", "status": "done", "osm_id": "relation/5340003", "group": "Dimore ed edifici", "subgroup": "Residenze", "subcategory": "Palazzo"}, "geometry": {"type": "Point", "coordinates": [14.245185, 40.835226]}}, {"type": "Feature", "properties": {"wikidata": "Q3890233", "name": "Palazzo Giusso", "status": "done", "osm_id": "relation/3507719", "group": "Dimore ed edifici", "subgroup": "Residenze", "subcategory": "Palazzo"}, "geometry": {"type": "Point", "coordinates": [14.25527, 40.84573]}}, {"type": "Feature", "properties": {"wikidata": "Q3889862", "name": "Palazzo Cioffi", "status": "missing", "osm_id": null, "group": "Dimore ed edifici", "subgroup": "Residenze", "subcategory": "Palazzo"}, "geometry": {"type": "Point", "coordinates": [14.237788, 40.833507]}}, {"type": "Feature", "properties": {"wikidata": "Q3890100", "name": "Palazzo Fienga", "status": "done", "osm_id": "relation/4134753", "group": "Cultura e tempo libero", "subgroup": "Musei", "subcategory": "Museo"}, "geometry": {"type": "Point", "coordinates": [14.64291944, 40.75013611]}}, {"type": "Feature", "properties": {"wikidata": "Q3890319", "name": "Palazzo Lanzara", "status": "done", "osm_id": "way/273458782", "group": "Dimore ed edifici", "subgroup": "Residenze", "subcategory": "Palazzo"}, "geometry": {"type": "Point", "coordinates": [14.64281389, 40.74359722]}}, {"type": "Feature", "properties": {"wikidata": "Q3889994", "name": "Palazzo De Rosa", "status": "done", "osm_id": "way/508051071", "group": "Dimore ed edifici", "subgroup": "Residenze", "subcategory": "Palazzo"}, "geometry": {"type": "Point", "coordinates": [14.249418, 40.847943]}}, {"type": "Feature", "properties": {"wikidata": "Q3889691", "name": "Palazzo Bonifacio a Portanova", "status": "missing", "osm_id": null, "group": "Dimore ed edifici", "subgroup": "Residenze", "subcategory": "Palazzo"}, "geometry": {"type": "Point", "coordinates": [14.259362, 40.847118]}}, {"type": "Feature", "properties": {"wikidata": "Q3889922", "name": "Palazzo Conservatorio musicale", "status": "missing", "osm_id": null, "group": "Dimore ed edifici", "subgroup": "Residenze", "subcategory": "Palazzo"}, "geometry": {"type": "Point", "coordinates": [14.7539, 40.68196]}}, {"type": "Feature", "properties": {"wikidata": "Q3890681", "name": "Palazzo Piscicelli", "status": "missing", "osm_id": null, "group": "Dimore ed edifici", "subgroup": "Residenze", "subcategory": "Palazzo"}, "geometry": {"type": "Point", "coordinates": [14.261801, 40.851563]}}, {"type": "Feature", "properties": {"wikidata": "Q3890020", "name": "Palazzo Dini", "status": "done", "osm_id": "relation/3615948", "group": "Dimore ed edifici", "subgroup": "Residenze", "subcategory": "Palazzo"}, "geometry": {"type": "Point", "coordinates": [14.250133, 40.851254]}}, {"type": "Feature", "properties": {"wikidata": "Q3889804", "name": "Palazzo Carafa di Santa Severina", "status": "done", "osm_id": "relation/2790106", "group": "Dimore ed edifici", "subgroup": "Residenze", "subcategory": "Palazzo"}, "geometry": {"type": "Point", "coordinates": [14.24744, 40.8313]}}, {"type": "Feature", "properties": {"wikidata": "Q3889795", "name": "Palazzo Carafa di Belvedere", "status": "missing", "osm_id": null, "group": "Dimore ed edifici", "subgroup": "Residenze", "subcategory": "Palazzo"}, "geometry": {"type": "Point", "coordinates": [14.25402, 40.8471]}}, {"type": "Feature", "properties": {"wikidata": "Q3890163", "name": "Palazzo Galli", "status": "missing", "osm_id": null, "group": "Dimore ed edifici", "subgroup": "Residenze", "subcategory": "Palazzo"}, "geometry": {"type": "Point", "coordinates": [14.250024, 40.830772]}}, {"type": "Feature", "properties": {"wikidata": "Q3890289", "name": "Palazzo ISVEIMER", "status": "missing", "osm_id": null, "group": "Dimore ed edifici", "subgroup": "Strutture Varie", "subcategory": "Edificio"}, "geometry": {"type": "Point", "coordinates": [14.257336, 40.843284]}}, {"type": "Feature", "properties": {"wikidata": "Q3890287", "name": "Palazzo INA in piazza Carit\u00e0", "status": "done", "osm_id": "relation/3348080", "group": "Dimore ed edifici", "subgroup": "Residenze", "subcategory": "Palazzo"}, "geometry": {"type": "Point", "coordinates": [14.249582, 40.844276]}}, {"type": "Feature", "properties": {"wikidata": "Q3890277", "name": "Palazzo Guerritore Broya", "status": "done", "osm_id": "way/273448018", "group": "Dimore ed edifici", "subgroup": "Residenze", "subcategory": "Palazzo"}, "geometry": {"type": "Point", "coordinates": [14.63988333, 40.74583333]}}, {"type": "Feature", "properties": {"wikidata": "Q3890499", "name": "Palazzo Monaco di Lapio", "status": "done", "osm_id": "relation/3614783", "group": "Dimore ed edifici", "subgroup": "Residenze", "subcategory": "Palazzo"}, "geometry": {"type": "Point", "coordinates": [14.248744, 40.841884]}}, {"type": "Feature", "properties": {"wikidata": "Q3889771", "name": "Palazzo Capomazza di Campolattaro", "status": "missing", "osm_id": null, "group": "Dimore ed edifici", "subgroup": "Residenze", "subcategory": "Palazzo"}, "geometry": {"type": "Point", "coordinates": [14.255941, 40.848846]}}, {"type": "Feature", "properties": {"wikidata": "Q3890515", "name": "Palazzo Montemajor", "status": "missing", "osm_id": null, "group": "Dimore ed edifici", "subgroup": "Residenze", "subcategory": "Palazzo"}, "geometry": {"type": "Point", "coordinates": [14.252972, 40.853756]}}, {"type": "Feature", "properties": {"wikidata": "Q3890620", "name": "Palazzo Patern\u00f2", "status": "missing", "osm_id": null, "group": "Dimore ed edifici", "subgroup": "Residenze", "subcategory": "Palazzo"}, "geometry": {"type": "Point", "coordinates": [14.339261, 41.073339]}}, {"type": "Feature", "properties": {"wikidata": "Q3889798", "name": "Palazzo Carafa di Roccella", "status": "done", "osm_id": "way/364312316", "group": "Dimore ed edifici", "subgroup": "Residenze", "subcategory": "Palazzo"}, "geometry": {"type": "Point", "coordinates": [14.236943, 40.83693]}}, {"type": "Feature", "properties": {"wikidata": "Q3890312", "name": "Palazzo Landriani", "status": "done", "osm_id": "way/734278712", "group": "Dimore ed edifici", "subgroup": "Residenze", "subcategory": "Palazzo"}, "geometry": {"type": "Point", "coordinates": [14.346749, 40.822058]}}, {"type": "Feature", "properties": {"wikidata": "Q3889794", "name": "Palazzo Carafa d'Andria", "status": "done", "osm_id": "relation/3585187", "group": "Dimore ed edifici", "subgroup": "Residenze", "subcategory": "Palazzo"}, "geometry": {"type": "Point", "coordinates": [14.257935, 40.84761]}}, {"type": "Feature", "properties": {"wikidata": "Q3890559", "name": "Palazzo Nunziante", "status": "done", "osm_id": "relation/4873333", "group": "Dimore ed edifici", "subgroup": "Residenze", "subcategory": "Palazzo"}, "geometry": {"type": "Point", "coordinates": [14.2425, 40.83382]}}, {"type": "Feature", "properties": {"wikidata": "Q3889778", "name": "Palazzo Capuano", "status": "done", "osm_id": "relation/3623068", "group": "Dimore ed edifici", "subgroup": "Residenze", "subcategory": "Palazzo"}, "geometry": {"type": "Point", "coordinates": [14.2555, 40.851685]}}, {"type": "Feature", "properties": {"wikidata": "Q3890672", "name": "Palazzo Pinto di Salerno", "status": "done", "osm_id": "way/103494312", "group": "Dimore ed edifici", "subgroup": "Residenze", "subcategory": "Palazzo"}, "geometry": {"type": "Point", "coordinates": [14.75979, 40.67885]}}, {"type": "Feature", "properties": {"wikidata": "Q3889879", "name": "Palazzo Colonna", "status": "missing", "osm_id": null, "group": "Dimore ed edifici", "subgroup": "Residenze", "subcategory": "Palazzo"}, "geometry": {"type": "Point", "coordinates": [14.256461, 40.846249]}}, {"type": "Feature", "properties": {"wikidata": "Q3889787", "name": "Palazzo Caracciolo di Forino", "status": "done", "osm_id": "way/248343578", "group": "Dimore ed edifici", "subgroup": "Residenze", "subcategory": "Palazzo"}, "geometry": {"type": "Point", "coordinates": [14.252231, 40.842162]}}, {"type": "Feature", "properties": {"wikidata": "Q3890340", "name": "Palazzo Lieto", "status": "done", "osm_id": "relation/3614787", "group": "Dimore ed edifici", "subgroup": "Residenze", "subcategory": "Palazzo"}, "geometry": {"type": "Point", "coordinates": [14.248581, 40.841259]}}, {"type": "Feature", "properties": {"wikidata": "Q3890347", "name": "Palazzo Loffredo", "status": "missing", "osm_id": null, "group": "Dimore ed edifici", "subgroup": "Residenze", "subcategory": "Palazzo"}, "geometry": {"type": "Point", "coordinates": [14.258961, 40.854693]}}, {"type": "Feature", "properties": {"wikidata": "Q3889709", "name": "Palazzo Bottiglieri", "status": "missing", "osm_id": null, "group": "Dimore ed edifici", "subgroup": "Residenze", "subcategory": "Palazzo"}, "geometry": {"type": "Point", "coordinates": [14.240094, 40.85165]}}, {"type": "Feature", "properties": {"wikidata": "Q3889790", "name": "Palazzo Caracciolo di Oppido", "status": "missing", "osm_id": null, "group": "Dimore ed edifici", "subgroup": "Residenze", "subcategory": "Palazzo"}, "geometry": {"type": "Point", "coordinates": [14.260871, 40.855058]}}, {"type": "Feature", "properties": {"wikidata": "Q3890324", "name": "Palazzo Latilla", "status": "missing", "osm_id": null, "group": "Dimore ed edifici", "subgroup": "Residenze", "subcategory": "Palazzo"}, "geometry": {"type": "Point", "coordinates": [14.24767, 40.848083]}}, {"type": "Feature", "properties": {"wikidata": "Q3889780", "name": "Palazzo Capuano", "status": "missing", "osm_id": null, "group": "Dimore ed edifici", "subgroup": "Residenze", "subcategory": "Palazzo"}, "geometry": {"type": "Point", "coordinates": [14.33941, 40.81409]}}, {"type": "Feature", "properties": {"wikidata": "Q3889877", "name": "palazzo Coccoli", "status": "done", "osm_id": "way/407978886", "group": "Dimore ed edifici", "subgroup": "Residenze", "subcategory": "Palazzo"}, "geometry": {"type": "Point", "coordinates": [14.442168, 40.757126]}}, {"type": "Feature", "properties": {"wikidata": "Q3889812", "name": "Palazzo Cassano Ayerbo D'Aragona", "status": "missing", "osm_id": null, "group": "Dimore ed edifici", "subgroup": "Residenze", "subcategory": "Palazzo"}, "geometry": {"type": "Point", "coordinates": [14.243548, 40.854183]}}, {"type": "Feature", "properties": {"wikidata": "Q3890470", "name": "Palazzo Medici a Materdei", "status": "done", "osm_id": "relation/6438475", "group": "Dimore ed edifici", "subgroup": "Residenze", "subcategory": "Palazzo"}, "geometry": {"type": "Point", "coordinates": [14.245422, 40.855662]}}, {"type": "Feature", "properties": {"wikidata": "Q3889772", "name": "Palazzo Capone", "status": "done", "osm_id": "relation/3346676", "group": "Dimore ed edifici", "subgroup": "Residenze", "subcategory": "Palazzo"}, "geometry": {"type": "Point", "coordinates": [14.250187, 40.838944]}}, {"type": "Feature", "properties": {"wikidata": "Q3890611", "name": "palazzo Paolo V", "status": "done", "osm_id": "relation/3350356", "group": "Dimore ed edifici", "subgroup": "Residenze", "subcategory": "Palazzo"}, "geometry": {"type": "Point", "coordinates": [14.77685278, 41.13146111]}}, {"type": "Feature", "properties": {"wikidata": "Q3889786", "name": "Palazzo Caracciolo di Forino", "status": "missing", "osm_id": null, "group": "Dimore ed edifici", "subgroup": "Residenze", "subcategory": "Palazzo"}, "geometry": {"type": "Point", "coordinates": [14.261477, 40.857673]}}, {"type": "Feature", "properties": {"wikidata": "Q3890001", "name": "Palazzo De Ruggiero", "status": "missing", "osm_id": null, "group": "Altro", "subgroup": "Altro", "subcategory": "Altro"}, "geometry": {"type": "Point", "coordinates": [14.759358, 40.680251]}}, {"type": "Feature", "properties": {"wikidata": "Q3890663", "name": "Palazzo Pignatelli di Strongoli", "status": "missing", "osm_id": null, "group": "Dimore ed edifici", "subgroup": "Residenze", "subcategory": "Palazzo"}, "geometry": {"type": "Point", "coordinates": [14.236695, 40.8335]}}, {"type": "Feature", "properties": {"wikidata": "Q3889907", "name": "Palazzo Comunale", "status": "done", "osm_id": "relation/4132460", "group": "Dimore ed edifici", "subgroup": "Residenze", "subcategory": "Palazzo"}, "geometry": {"type": "Point", "coordinates": [14.64181667, 40.74345]}}, {"type": "Feature", "properties": {"wikidata": "Q3890122", "name": "Palazzo Fondi", "status": "done", "osm_id": "way/248002023", "group": "Dimore ed edifici", "subgroup": "Residenze", "subcategory": "Palazzo"}, "geometry": {"type": "Point", "coordinates": [14.25256, 40.84089]}}, {"type": "Feature", "properties": {"wikidata": "Q3890643", "name": "Palazzo Petriccione di Vadi", "status": "missing", "osm_id": null, "group": "Dimore ed edifici", "subgroup": "Residenze", "subcategory": "Palazzo"}, "geometry": {"type": "Point", "coordinates": [14.240097, 40.836378]}}, {"type": "Feature", "properties": {"wikidata": "Q3889572", "name": "Palazzo Avena", "status": "done", "osm_id": "way/242167050", "group": "Dimore ed edifici", "subgroup": "Residenze", "subcategory": "Palazzo"}, "geometry": {"type": "Point", "coordinates": [14.233188, 40.842625]}}, {"type": "Feature", "properties": {"wikidata": "Q3890043", "name": "Palazzo Ducale", "status": "missing", "osm_id": null, "group": "Dimore ed edifici", "subgroup": "Residenze", "subcategory": "Palazzo"}, "geometry": {"type": "Point", "coordinates": [14.64303333, 40.74694167]}}, {"type": "Feature", "properties": {"wikidata": "Q3889793", "name": "Palazzo Caracciolo di Torella", "status": "done", "osm_id": "way/411094676", "group": "Dimore ed edifici", "subgroup": "Residenze", "subcategory": "Palazzo"}, "geometry": {"type": "Point", "coordinates": [14.238837, 40.835428]}}, {"type": "Feature", "properties": {"wikidata": "Q3890066", "name": "Palazzo Edilizia", "status": "done", "osm_id": "way/109259597", "group": "Dimore ed edifici", "subgroup": "Residenze", "subcategory": "Palazzo"}, "geometry": {"type": "Point", "coordinates": [14.75521, 40.67833]}}, {"type": "Feature", "properties": {"wikidata": "Q3890595", "name": "Palazzo Palmarice", "status": "done", "osm_id": "way/262951361", "group": "Dimore ed edifici", "subgroup": "Residenze", "subcategory": "Palazzo"}, "geometry": {"type": "Point", "coordinates": [14.25426, 40.845095]}}, {"type": "Feature", "properties": {"wikidata": "Q3890517", "name": "Palazzo Morese", "status": "missing", "osm_id": null, "group": "Dimore ed edifici", "subgroup": "Residenze", "subcategory": "Palazzo"}, "geometry": {"type": "Point", "coordinates": [14.759354, 40.678791]}}, {"type": "Feature", "properties": {"wikidata": "Q3890731", "name": "Palazzo Ravaschieri di Satriano", "status": "missing", "osm_id": null, "group": "Dimore ed edifici", "subgroup": "Residenze", "subcategory": "Palazzo"}, "geometry": {"type": "Point", "coordinates": [14.240886, 40.833125]}}, {"type": "Feature", "properties": {"wikidata": "Q3890116", "name": "Palazzo Filippo d'Angi\u00f2", "status": "done", "osm_id": "way/271193749", "group": "Dimore ed edifici", "subgroup": "Residenze", "subcategory": "Palazzo"}, "geometry": {"type": "Point", "coordinates": [14.25649, 40.85065]}}, {"type": "Feature", "properties": {"wikidata": "Q3889650", "name": "Palazzo Berio", "status": "done", "osm_id": "relation/7772942", "group": "Dimore ed edifici", "subgroup": "Residenze", "subcategory": "Palazzo"}, "geometry": {"type": "Point", "coordinates": [14.248245, 40.83856]}}, {"type": "Feature", "properties": {"wikidata": "Q3889736", "name": "Palazzo Buono", "status": "done", "osm_id": "way/248678863", "group": "Dimore ed edifici", "subgroup": "Residenze", "subcategory": "Palazzo"}, "geometry": {"type": "Point", "coordinates": [14.248675, 40.84295]}}, {"type": "Feature", "properties": {"wikidata": "Q3890153", "name": "Palazzo Gabola", "status": "done", "osm_id": "way/273459209", "group": "Dimore ed edifici", "subgroup": "Residenze", "subcategory": "Palazzo"}, "geometry": {"type": "Point", "coordinates": [14.64216111, 40.74299444]}}, {"type": "Feature", "properties": {"wikidata": "Q3890349", "name": "Palazzo Loffredo", "status": "done", "osm_id": "way/610869095", "group": "Dimore ed edifici", "subgroup": "Residenze", "subcategory": "Palazzo"}, "geometry": {"type": "Point", "coordinates": [14.242894, 40.85184]}}, {"type": "Feature", "properties": {"wikidata": "Q3890669", "name": "Palazzo Pignatelli di Monteleone", "status": "done", "osm_id": "way/250141777", "group": "Dimore ed edifici", "subgroup": "Residenze", "subcategory": "Palazzo"}, "geometry": {"type": "Point", "coordinates": [14.251231, 40.846644]}}, {"type": "Feature", "properties": {"wikidata": "Q3890374", "name": "Palazzo Maffettone", "status": "done", "osm_id": "relation/3619391", "group": "Dimore ed edifici", "subgroup": "Residenze", "subcategory": "Palazzo"}, "geometry": {"type": "Point", "coordinates": [14.250328, 40.850375]}}, {"type": "Feature", "properties": {"wikidata": "Q3889694", "name": "Palazzo Bonifacio a Regina Coeli", "status": "done", "osm_id": "way/271169511", "group": "Dimore ed edifici", "subgroup": "Residenze", "subcategory": "Palazzo"}, "geometry": {"type": "Point", "coordinates": [14.25446, 40.851893]}}, {"type": "Feature", "properties": {"wikidata": "Q3890588", "name": "Palazzo Palazzani", "status": "done", "osm_id": "way/331708150", "group": "Dimore ed edifici", "subgroup": "Residenze", "subcategory": "Palazzo"}, "geometry": {"type": "Point", "coordinates": [14.26798, 40.854579]}}, {"type": "Feature", "properties": {"wikidata": "Q3890178", "name": "Palazzo Genovese", "status": "missing", "osm_id": null, "group": "Dimore ed edifici", "subgroup": "Residenze", "subcategory": "Palazzo"}, "geometry": {"type": "Point", "coordinates": [14.755925, 40.679407]}}, {"type": "Feature", "properties": {"wikidata": "Q3889824", "name": "Palazzo Cavalcanti", "status": "done", "osm_id": "relation/3614827", "group": "Dimore ed edifici", "subgroup": "Residenze", "subcategory": "Palazzo"}, "geometry": {"type": "Point", "coordinates": [14.248926, 40.843451]}}, {"type": "Feature", "properties": {"wikidata": "Q3889789", "name": "Palazzo Caracciolo di Melissano", "status": "done", "osm_id": "relation/6442839", "group": "Dimore ed edifici", "subgroup": "Residenze", "subcategory": "Palazzo"}, "geometry": {"type": "Point", "coordinates": [14.249369, 40.853092]}}, {"type": "Feature", "properties": {"wikidata": "Q3889788", "name": "Palazzo Caracciolo di Gioiosa", "status": "done", "osm_id": "relation/3817962", "group": "Dimore ed edifici", "subgroup": "Residenze", "subcategory": "Palazzo"}, "geometry": {"type": "Point", "coordinates": [14.260026, 40.85212]}}, {"type": "Feature", "properties": {"wikidata": "Q3890326", "name": "Palazzo Lauro di Bisignano", "status": "missing", "osm_id": null, "group": "Dimore ed edifici", "subgroup": "Residenze", "subcategory": "Palazzo"}, "geometry": {"type": "Point", "coordinates": [14.246532, 40.84805]}}, {"type": "Feature", "properties": {"wikidata": "Q3889949", "name": "Palazzo Cottrau Ricciardi", "status": "done", "osm_id": "relation/5940492", "group": "Dimore ed edifici", "subgroup": "Residenze", "subcategory": "Palazzo"}, "geometry": {"type": "Point", "coordinates": [14.233409, 40.836972]}}, {"type": "Feature", "properties": {"wikidata": "Q3890390", "name": "Palazzo Majorana", "status": "missing", "osm_id": null, "group": "Dimore ed edifici", "subgroup": "Residenze", "subcategory": "Palazzo"}, "geometry": {"type": "Point", "coordinates": [14.247452, 40.837515]}}, {"type": "Feature", "properties": {"wikidata": "Q3890298", "name": "Palazzo Ischitella", "status": "done", "osm_id": "way/411278531", "group": "Dimore ed edifici", "subgroup": "Residenze", "subcategory": "Palazzo"}, "geometry": {"type": "Point", "coordinates": [14.238972, 40.833343]}}, {"type": "Feature", "properties": {"wikidata": "Q3890543", "name": "Palazzo Natella", "status": "done", "osm_id": "way/109259984", "group": "Dimore ed edifici", "subgroup": "Residenze", "subcategory": "Palazzo"}, "geometry": {"type": "Point", "coordinates": [14.75691, 40.67845]}}, {"type": "Feature", "properties": {"wikidata": "Q3889799", "name": "Palazzo Caravita di Sirignano", "status": "done", "osm_id": "way/79246659", "group": "Dimore ed edifici", "subgroup": "Residenze", "subcategory": "Palazzo"}, "geometry": {"type": "Point", "coordinates": [14.23282, 40.83382]}}, {"type": "Feature", "properties": {"wikidata": "Q3889810", "name": "Palazzo Carrara", "status": "done", "osm_id": "way/275157121", "group": "Dimore ed edifici", "subgroup": "Residenze", "subcategory": "Palazzo"}, "geometry": {"type": "Point", "coordinates": [14.76031, 40.67901]}}, {"type": "Feature", "properties": {"wikidata": "Q3890577", "name": "Palazzo Orsini", "status": "done", "osm_id": "relation/3621042", "group": "Dimore ed edifici", "subgroup": "Residenze", "subcategory": "Palazzo"}, "geometry": {"type": "Point", "coordinates": [14.250314, 40.850916]}}, {"type": "Feature", "properties": {"wikidata": "Q3889851", "name": "Palazzo Ciaburro", "status": "missing", "osm_id": null, "group": "Dimore ed edifici", "subgroup": "Residenze", "subcategory": "Palazzo italiano"}, "geometry": {"type": "Point", "coordinates": [14.5594, 41.28584]}}, {"type": "Feature", "properties": {"wikidata": "Q3890112", "name": "Palazzo Filangieri a Chiaia", "status": "done", "osm_id": "relation/6612634", "group": "Dimore ed edifici", "subgroup": "Residenze", "subcategory": "Palazzo"}, "geometry": {"type": "Point", "coordinates": [14.242025, 40.835482]}}, {"type": "Feature", "properties": {"wikidata": "Q3889995", "name": "Palazzo De Sangro di Vietri", "status": "done", "osm_id": "relation/3618758", "group": "Dimore ed edifici", "subgroup": "Residenze", "subcategory": "Palazzo"}, "geometry": {"type": "Point", "coordinates": [14.255627, 40.848577]}}, {"type": "Feature", "properties": {"wikidata": "Q3890665", "name": "Palazzo Pignatelli di Toritto", "status": "done", "osm_id": "way/270652782", "group": "Dimore ed edifici", "subgroup": "Residenze", "subcategory": "Palazzo"}, "geometry": {"type": "Point", "coordinates": [14.25582, 40.84863]}}, {"type": "Feature", "properties": {"wikidata": "Q3890149", "name": "palazzo Fruscione", "status": "done", "osm_id": "way/274920357", "group": "Dimore ed edifici", "subgroup": "Residenze", "subcategory": "Palazzo"}, "geometry": {"type": "Point", "coordinates": [14.75751, 40.67982]}}, {"type": "Feature", "properties": {"wikidata": "Q3889954", "name": "Palazzo Criscuolo", "status": "done", "osm_id": "relation/6047432", "group": "Dimore ed edifici", "subgroup": "Residenze", "subcategory": "Palazzo"}, "geometry": {"type": "Point", "coordinates": [14.448615, 40.754901]}}, {"type": "Feature", "properties": {"wikidata": "Q3889947", "name": "Palazzo Costantino alla Costigliola", "status": "done", "osm_id": "relation/7892988", "group": "Dimore ed edifici", "subgroup": "Residenze", "subcategory": "Palazzo"}, "geometry": {"type": "Point", "coordinates": [14.24705, 40.852653]}}, {"type": "Feature", "properties": {"wikidata": "Q3889547", "name": "Palazzo Arcivescovile", "status": "done", "osm_id": "way/249341733", "group": "Dimore ed edifici", "subgroup": "Residenze", "subcategory": "Palazzo"}, "geometry": {"type": "Point", "coordinates": [14.77451944, 41.13092222]}}, {"type": "Feature", "properties": {"wikidata": "Q3661711", "name": "caserma Bruno Tofano", "status": "done", "osm_id": "way/310928394", "group": "Fortificazioni e militare", "subgroup": "Militare", "subcategory": "Caserma"}, "geometry": {"type": "Point", "coordinates": [14.64303333, 40.74694167]}}, {"type": "Feature", "properties": {"wikidata": "Q3685224", "name": "complesso di Torre Ranieri", "status": "missing", "osm_id": null, "group": "Altro", "subgroup": "Altro", "subcategory": "Altro"}, "geometry": {"type": "Point", "coordinates": [14.194548, 40.807791]}}, {"type": "Feature", "properties": {"wikidata": "Q3694638", "name": "corso Umberto I", "status": "done", "osm_id": "way/19988765", "group": "Infrastrutture", "subgroup": "Trasporti", "subcategory": "Strada urbana"}, "geometry": {"type": "Point", "coordinates": [14.262082, 40.847973]}}, {"type": "Feature", "properties": {"wikidata": "Q3689551", "name": "convento di San Francesco a Folloni", "status": "done", "osm_id": "relation/12422600", "group": "Religione", "subgroup": "Vita Monastica", "subcategory": "Convento"}, "geometry": {"type": "Point", "coordinates": [15.04844, 40.84936]}}, {"type": "Feature", "properties": {"wikidata": "Q3699041", "name": "Cubante", "status": "done", "osm_id": "node/5765231685", "group": "Insediamenti", "subgroup": "Centri", "subcategory": "Frazione"}, "geometry": {"type": "Point", "coordinates": [14.878155, 41.080244]}}, {"type": "Feature", "properties": {"wikidata": "Q3685222", "name": "Complesso di Santa Maria di Betlemme", "status": "done", "osm_id": "way/387754703", "group": "Religione", "subgroup": "Luoghi di Culto", "subcategory": "Chiesa"}, "geometry": {"type": "Point", "coordinates": [14.23894, 40.83806]}}, {"type": "Feature", "properties": {"wikidata": "Q3689753", "name": "Convitto nazionale Pietro Giannone", "status": "missing", "osm_id": null, "group": "Amministrazione", "subgroup": "Istruzione", "subcategory": "Scuola"}, "geometry": {"type": "Point", "coordinates": [14.77740556, 41.13081111]}}, {"type": "Feature", "properties": {"wikidata": "Q3689529", "name": "convento di San Felice", "status": "done", "osm_id": "relation/3353393", "group": "Religione", "subgroup": "Luoghi di Culto", "subcategory": "Ex chiesa"}, "geometry": {"type": "Point", "coordinates": [14.78662778, 41.12615833]}}, {"type": "Feature", "properties": {"wikidata": "Q3662763", "name": "castello di Nisida", "status": "missing", "osm_id": null, "group": "Fortificazioni e militare", "subgroup": "Fortificazioni", "subcategory": "Castello"}, "geometry": {"type": "Point", "coordinates": [14.160956, 40.797009]}}, {"type": "Feature", "properties": {"wikidata": "Q3709277", "name": "discarica di Cava Sari", "status": "missing", "osm_id": null, "group": "Altro", "subgroup": "Altro", "subcategory": "Altro"}, "geometry": {"type": "Point", "coordinates": [14.461348, 40.794838]}}, {"type": "Feature", "properties": {"wikidata": "Q3685199", "name": "Complesso dell'Eremo di Santa Maria di Pietraspaccata", "status": "missing", "osm_id": null, "group": "Dimore ed edifici", "subgroup": "Strutture Varie", "subcategory": "Complesso di edifici"}, "geometry": {"type": "Point", "coordinates": [14.170075, 40.883217]}}, {"type": "Feature", "properties": {"wikidata": "Q3685220", "name": "complesso di Santa Maria delle Periclitanti", "status": "done", "osm_id": "way/1333852407", "group": "Religione", "subgroup": "Vita Monastica", "subcategory": "Convento"}, "geometry": {"type": "Point", "coordinates": [14.24524, 40.85045]}}, {"type": "Feature", "properties": {"wikidata": "Q3662747", "name": "castello di Montevetrano", "status": "done", "osm_id": "way/196364430", "group": "Fortificazioni e militare", "subgroup": "Fortificazioni", "subcategory": "Castello"}, "geometry": {"type": "Point", "coordinates": [14.860255, 40.673198]}}, {"type": "Feature", "properties": {"wikidata": "Q3663206", "name": "catacombe di San Gennaro", "status": "done", "osm_id": "node/2866685547", "group": "Altro", "subgroup": "Altro", "subcategory": "Altro"}, "geometry": {"type": "Point", "coordinates": [14.247624, 40.86418]}}, {"type": "Feature", "properties": {"wikidata": "Q3716326", "name": "Duomo", "status": "done", "osm_id": "node/8440405193", "group": "Infrastrutture", "subgroup": "Trasporti", "subcategory": "Stazione metropolitana"}, "geometry": {"type": "Point", "coordinates": [14.2616, 40.8475]}}, {"type": "Feature", "properties": {"wikidata": "Q3662232", "name": "Castellammare della Bruca", "status": "done", "osm_id": "way/107896491", "group": "Fortificazioni e militare", "subgroup": "Fortificazioni", "subcategory": "Castello"}, "geometry": {"type": "Point", "coordinates": [15.18333333, 40.15]}}, {"type": "Feature", "properties": {"wikidata": "Q3664742", "name": "Centro Rai di Napoli", "status": "missing", "osm_id": null, "group": "Altro", "subgroup": "Altro", "subcategory": "Altro"}, "geometry": {"type": "Point", "coordinates": [14.189444444, 40.827002777]}}, {"type": "Feature", "properties": {"wikidata": "Q3664698", "name": "stazione di Centro Direzionale", "status": "done", "osm_id": "node/12724301131", "group": "Infrastrutture", "subgroup": "Trasporti", "subcategory": "Stazione metropolitana"}, "geometry": {"type": "Point", "coordinates": [14.2817, 40.8582]}}, {"type": "Feature", "properties": {"wikidata": "Q3662303", "name": "castello Aragonese", "status": "done", "osm_id": "way/144917231", "group": "Fortificazioni e militare", "subgroup": "Fortificazioni", "subcategory": "Castello"}, "geometry": {"type": "Point", "coordinates": [14.080188, 40.808615]}}, {"type": "Feature", "properties": {"wikidata": "Q3704606", "name": "Decumano superiore", "status": "missing", "osm_id": null, "group": "Infrastrutture", "subgroup": "Trasporti", "subcategory": "Strada urbana"}, "geometry": {"type": "Point", "coordinates": [14.256409, 40.852644]}}, {"type": "Feature", "properties": {"wikidata": "Q3705735", "name": "Depuratore di San Giovanni a Teduccio", "status": "missing", "osm_id": null, "group": "Altro", "subgroup": "Altro", "subcategory": "Altro"}, "geometry": {"type": "Point", "coordinates": [14.312253, 40.826995]}}, {"type": "Feature", "properties": {"wikidata": "Q3686747", "name": "Confraternita della Madonna del Pianto", "status": "missing", "osm_id": null, "group": "Religione", "subgroup": "Luoghi di Culto", "subcategory": "Edificio religioso"}, "geometry": {"type": "Point", "coordinates": [14.55694167, 41.28389444]}}, {"type": "Feature", "properties": {"wikidata": "Q3685221", "name": "Complesso di Santa Maria dello Splendore", "status": "done", "osm_id": "way/270259080", "group": "Religione", "subgroup": "Luoghi di Culto", "subcategory": "Chiesa"}, "geometry": {"type": "Point", "coordinates": [14.2463, 40.84522]}}, {"type": "Feature", "properties": {"wikidata": "Q3662659", "name": "Castello", "status": "done", "osm_id": "way/734625412", "group": "Fortificazioni e militare", "subgroup": "Fortificazioni", "subcategory": "Castello"}, "geometry": {"type": "Point", "coordinates": [14.546631, 40.710723]}}, {"type": "Feature", "properties": {"wikidata": "Q3662423", "name": "Castello del Lago", "status": "done", "osm_id": "node/1886519794", "group": "Insediamenti", "subgroup": "Centri", "subcategory": "Frazione"}, "geometry": {"type": "Point", "coordinates": [14.92323, 41.07518]}}, {"type": "Feature", "properties": {"wikidata": "Q3685216", "name": "complesso di Santa Maria della Consolazione", "status": "done", "osm_id": "way/283514882", "group": "Religione", "subgroup": "Luoghi di Culto", "subcategory": "Chiesa"}, "geometry": {"type": "Point", "coordinates": [14.25576, 40.854335]}}, {"type": "Feature", "properties": {"wikidata": "Q3662743", "name": "Castello", "status": "done", "osm_id": "way/230828068", "group": "Fortificazioni e militare", "subgroup": "Fortificazioni", "subcategory": "Castello"}, "geometry": {"type": "Point", "coordinates": [14.6421309, 41.0679488]}}, {"type": "Feature", "properties": {"wikidata": "Q3662104", "name": "Castel Loriano", "status": "missing", "osm_id": null, "group": "Fortificazioni e militare", "subgroup": "Fortificazioni", "subcategory": "Castello"}, "geometry": {"type": "Point", "coordinates": [14.281211, 41.024547]}}, {"type": "Feature", "properties": {"wikidata": "Q3662543", "name": "castello di Castel Volturno", "status": "missing", "osm_id": null, "group": "Fortificazioni e militare", "subgroup": "Fortificazioni", "subcategory": "Castello"}, "geometry": {"type": "Point", "coordinates": [13.94160748, 41.03560399]}}, {"type": "Feature", "properties": {"wikidata": "Q3662623", "name": "castello di Gragnano", "status": "done", "osm_id": "node/3096554314", "group": "Fortificazioni e militare", "subgroup": "Fortificazioni", "subcategory": "Castello"}, "geometry": {"type": "Point", "coordinates": [14.537975, 40.678923]}}, {"type": "Feature", "properties": {"wikidata": "Q3685238", "name": "complesso monumentale di Santa Sofia", "status": "missing", "osm_id": null, "group": "Religione", "subgroup": "Vita Monastica", "subcategory": "Monastero"}, "geometry": {"type": "Point", "coordinates": [14.75753, 40.68077]}}, {"type": "Feature", "properties": {"wikidata": "Q3685209", "name": "Complesso di San Gaudioso", "status": "done", "osm_id": "node/13176976115", "group": "Dimore ed edifici", "subgroup": "Strutture Varie", "subcategory": "Complesso di edifici"}, "geometry": {"type": "Point", "coordinates": [14.253719, 40.852527]}}, {"type": "Feature", "properties": {"wikidata": "Q3689539", "name": "convento di San Francesco", "status": "done", "osm_id": "relation/4836574", "group": "Religione", "subgroup": "Luoghi di Culto", "subcategory": "Chiesa"}, "geometry": {"type": "Point", "coordinates": [14.59816389, 41.25311389]}}, {"type": "Feature", "properties": {"wikidata": "Q3664864", "name": "Centro musei delle scienze naturali e fisiche", "status": "done", "osm_id": "relation/18383415", "group": "Altro", "subgroup": "Altro", "subcategory": "Altro"}, "geometry": {"type": "Point", "coordinates": [14.25692, 40.84555]}}, {"type": "Feature", "properties": {"wikidata": "Q3662973", "name": "Castello ducale", "status": "missing", "osm_id": null, "group": "Fortificazioni e militare", "subgroup": "Fortificazioni", "subcategory": "Castello"}, "geometry": {"type": "Point", "coordinates": [15.374918, 41.014486]}}, {"type": "Feature", "properties": {"wikidata": "Q3662146", "name": "Castel Terracena", "status": "missing", "osm_id": null, "group": "Dimore ed edifici", "subgroup": "Residenze", "subcategory": "Palazzo"}, "geometry": {"type": "Point", "coordinates": [14.76175, 40.678566]}}, {"type": "Feature", "properties": {"wikidata": "Q3706429", "name": "Di Vittorio", "status": "done", "osm_id": "way/1120658157", "group": "Infrastrutture", "subgroup": "Trasporti", "subcategory": "Stazione metropolitana"}, "geometry": {"type": "Point", "coordinates": [14.2742634, 40.8806444]}}, {"type": "Feature", "properties": {"wikidata": "Q3685717", "name": "Comunit\u00e0 montana Monti Lattari", "status": "missing", "osm_id": null, "group": "Altro", "subgroup": "Altro", "subcategory": "Altro"}, "geometry": {"type": "Point", "coordinates": [14.63333333, 40.7]}}, {"type": "Feature", "properties": {"wikidata": "Q3689492", "name": "Convento della Santissima Trinit\u00e0", "status": "missing", "osm_id": null, "group": "Religione", "subgroup": "Vita Monastica", "subcategory": "Monastero"}, "geometry": {"type": "Point", "coordinates": [14.77287, 40.74885]}}, {"type": "Feature", "properties": {"wikidata": "Q3705530", "name": "Dentecane", "status": "done", "osm_id": "node/687188158", "group": "Insediamenti", "subgroup": "Centri", "subcategory": "Frazione"}, "geometry": {"type": "Point", "coordinates": [14.89419, 41.03588]}}, {"type": "Feature", "properties": {"wikidata": "Q3685204", "name": "Complesso di Ges\u00f9 e Maria", "status": "done", "osm_id": "way/433010363", "group": "Religione", "subgroup": "Luoghi di Culto", "subcategory": "Chiesa"}, "geometry": {"type": "Point", "coordinates": [14.24416, 40.851555]}}, {"type": "Feature", "properties": {"wikidata": "Q3662324", "name": "Castello Giusso", "status": "done", "osm_id": "way/749593644", "group": "Fortificazioni e militare", "subgroup": "Fortificazioni", "subcategory": "Castello"}, "geometry": {"type": "Point", "coordinates": [14.425108, 40.664448]}}, {"type": "Feature", "properties": {"wikidata": "Q3685218", "name": "complesso di Santa Maria delle Grazie", "status": "done", "osm_id": "way/733644570", "group": "Religione", "subgroup": "Luoghi di Culto", "subcategory": "Chiesa"}, "geometry": {"type": "Point", "coordinates": [14.203659, 40.934314]}}, {"type": "Feature", "properties": {"wikidata": "Q3662325", "name": "Castello Gerione", "status": "done", "osm_id": "way/93938612", "group": "Fortificazioni e militare", "subgroup": "Fortificazioni", "subcategory": "Castello"}, "geometry": {"type": "Point", "coordinates": [15.105879, 40.668758]}}, {"type": "Feature", "properties": {"wikidata": "Q3663202", "name": "Catacombe di San Gaudioso", "status": "done", "osm_id": "node/2866697526", "group": "Altro", "subgroup": "Altro", "subcategory": "Altro"}, "geometry": {"type": "Point", "coordinates": [14.249, 40.8599]}}, {"type": "Feature", "properties": {"wikidata": "Q3662785", "name": "castello di Palomonte", "status": "missing", "osm_id": null, "group": "Fortificazioni e militare", "subgroup": "Fortificazioni", "subcategory": "Castello"}, "geometry": {"type": "Point", "coordinates": [15.2916, 40.663926]}}, {"type": "Feature", "properties": {"wikidata": "Q3709283", "name": "Discarica di Serra Pastore", "status": "missing", "osm_id": null, "group": "Altro", "subgroup": "Altro", "subcategory": "Altro"}, "geometry": {"type": "Point", "coordinates": [15.0051, 41.454]}}, {"type": "Feature", "properties": {"wikidata": "Q3662337", "name": "castello mediceo", "status": "done", "osm_id": "way/315289550", "group": "Fortificazioni e militare", "subgroup": "Fortificazioni", "subcategory": "Castello"}, "geometry": {"type": "Point", "coordinates": [14.48277778, 40.84972222]}}, {"type": "Feature", "properties": {"wikidata": "Q3702333", "name": "Dante", "status": "done", "osm_id": "node/8440405200", "group": "Altro", "subgroup": "Altro", "subcategory": "Altro"}, "geometry": {"type": "Point", "coordinates": [14.2504, 40.8489]}}, {"type": "Feature", "properties": {"wikidata": "Q3716361", "name": "duomo di Maddaloni", "status": "done", "osm_id": "way/909653008", "group": "Religione", "subgroup": "Luoghi di Culto", "subcategory": "Chiesa"}, "geometry": {"type": "Point", "coordinates": [14.3841, 41.0406]}}, {"type": "Feature", "properties": {"wikidata": "Q3662619", "name": "castello di Gioia Sannitica", "status": "done", "osm_id": "relation/14756307", "group": "Fortificazioni e militare", "subgroup": "Fortificazioni", "subcategory": "Castello"}, "geometry": {"type": "Point", "coordinates": [14.454331, 41.309918]}}, {"type": "Feature", "properties": {"wikidata": "Q3662995", "name": "Castellum Aquae", "status": "done", "osm_id": "way/240720603", "group": "Altro", "subgroup": "Altro", "subcategory": "Altro"}, "geometry": {"type": "Point", "coordinates": [14.484167, 40.753221]}}, {"type": "Feature", "properties": {"wikidata": "Q3685237", "name": "complesso monumentale di Santa Sofia", "status": "missing", "osm_id": null, "group": "Dimore ed edifici", "subgroup": "Strutture Varie", "subcategory": "Complesso di edifici"}, "geometry": {"type": "Point", "coordinates": [14.78129167, 41.13061389]}}, {"type": "Feature", "properties": {"wikidata": "Q3715084", "name": "Dragone", "status": "missing", "osm_id": null, "group": "Natura e paesaggio", "subgroup": "Acqua", "subcategory": "Fiume"}, "geometry": {"type": "Point", "coordinates": [14.609, 40.6352]}}, {"type": "Feature", "properties": {"wikidata": "Q3705734", "name": "Depuratore di Cuma", "status": "done", "osm_id": "way/170319085", "group": "Altro", "subgroup": "Altro", "subcategory": "Altro"}, "geometry": {"type": "Point", "coordinates": [14.06432, 40.870609]}}, {"type": "Feature", "properties": {"wikidata": "Q3663711", "name": "cattedrale di San Michele Arcangelo", "status": "done", "osm_id": "way/201681493", "group": "Altro", "subgroup": "Altro", "subcategory": "Altro"}, "geometry": {"type": "Point", "coordinates": [14.33372, 41.07392]}}, {"type": "Feature", "properties": {"wikidata": "Q3663799", "name": "Caturano", "status": "done", "osm_id": "node/4442513136", "group": "Insediamenti", "subgroup": "Centri", "subcategory": "Frazione"}, "geometry": {"type": "Point", "coordinates": [14.29029, 41.05984]}}, {"type": "Feature", "properties": {"wikidata": "Q3689589", "name": "convento di Sant'Agostino", "status": "missing", "osm_id": null, "group": "Religione", "subgroup": "Vita Monastica", "subcategory": "Convento"}, "geometry": {"type": "Point", "coordinates": [14.331661111, 41.072661111]}}, {"type": "Feature", "properties": {"wikidata": "Q3693915", "name": "Coroglio", "status": "done", "osm_id": "node/10685891682", "group": "Insediamenti", "subgroup": "Centri", "subcategory": "Insediamento umano"}, "geometry": {"type": "Point", "coordinates": [14.173579578, 40.807950986]}}, {"type": "Feature", "properties": {"wikidata": "Q3690987", "name": "Coperchia", "status": "done", "osm_id": "node/4371325110", "group": "Insediamenti", "subgroup": "Centri", "subcategory": "Frazione"}, "geometry": {"type": "Point", "coordinates": [14.75, 40.734722222]}}, {"type": "Feature", "properties": {"wikidata": "Q3661719", "name": "caserma di Cavalleria Borbonica", "status": "done", "osm_id": "relation/5940491", "group": "Dimore ed edifici", "subgroup": "Residenze", "subcategory": "Palazzo"}, "geometry": {"type": "Point", "coordinates": [14.2769, 40.846168]}}, {"type": "Feature", "properties": {"wikidata": "Q3689554", "name": "convento di San Francesco a Serino", "status": "missing", "osm_id": null, "group": "Religione", "subgroup": "Vita Monastica", "subcategory": "Convento"}, "geometry": {"type": "Point", "coordinates": [14.8734039, 40.8583558]}}, {"type": "Feature", "properties": {"wikidata": "Q3685217", "name": "Complesso di Santa Maria della Libera", "status": "done", "osm_id": "way/413011382", "group": "Dimore ed edifici", "subgroup": "Strutture Varie", "subcategory": "Complesso di edifici"}, "geometry": {"type": "Point", "coordinates": [14.22187, 40.84168]}}, {"type": "Feature", "properties": {"wikidata": "Q3662426", "name": "Castello del Parco Fienga", "status": "done", "osm_id": "node/1892072446", "group": "Fortificazioni e militare", "subgroup": "Fortificazioni", "subcategory": "Castello"}, "geometry": {"type": "Point", "coordinates": [14.642469, 40.749884]}}, {"type": "Feature", "properties": {"wikidata": "Q3663656", "name": "cattedrale della Santa Croce", "status": "missing", "osm_id": null, "group": "Altro", "subgroup": "Altro", "subcategory": "Altro"}, "geometry": {"type": "Point", "coordinates": [14.51972222, 41.21611111]}}, {"type": "Feature", "properties": {"wikidata": "Q3689005", "name": "Contrada Bagnoli", "status": "done", "osm_id": "node/4371325109", "group": "Insediamenti", "subgroup": "Centri", "subcategory": "Frazione"}, "geometry": {"type": "Point", "coordinates": [14.759141666, 40.8959]}}, {"type": "Feature", "properties": {"wikidata": "Q3662592", "name": "castello di Cusano Mutri", "status": "missing", "osm_id": null, "group": "Fortificazioni e militare", "subgroup": "Fortificazioni", "subcategory": "Castello"}, "geometry": {"type": "Point", "coordinates": [14.50701389, 41.33891667]}}, {"type": "Feature", "properties": {"wikidata": "Q3708858", "name": "Dipendenza Villa Spinelli", "status": "missing", "osm_id": null, "group": "Dimore ed edifici", "subgroup": "Residenze", "subcategory": "Villa"}, "geometry": {"type": "Point", "coordinates": [14.3223, 40.83732]}}, {"type": "Feature", "properties": {"wikidata": "Q3716339", "name": "duomo di Casertavecchia", "status": "done", "osm_id": "node/9902376701", "group": "Altro", "subgroup": "Altro", "subcategory": "Altro"}, "geometry": {"type": "Point", "coordinates": [14.367194, 41.097383]}}, {"type": "Feature", "properties": {"wikidata": "Q3695714", "name": "Costiera sorrentina", "status": "missing", "osm_id": null, "group": "Altro", "subgroup": "Altro", "subcategory": "Altro"}, "geometry": {"type": "Point", "coordinates": [14.373837, 40.628285]}}, {"type": "Feature", "properties": {"wikidata": "Q3689557", "name": "convento di San Francesco di Cospiti", "status": "missing", "osm_id": null, "group": "Religione", "subgroup": "Vita Monastica", "subcategory": "Convento"}, "geometry": {"type": "Point", "coordinates": [14.5772, 40.6305]}}, {"type": "Feature", "properties": {"wikidata": "Q3694648", "name": "Corso Vittorio Emanuele", "status": "missing", "osm_id": null, "group": "Infrastrutture", "subgroup": "Trasporti", "subcategory": "Strada urbana"}, "geometry": {"type": "Point", "coordinates": [14.64070278, 40.74264722]}}, {"type": "Feature", "properties": {"wikidata": "Q3685193", "name": "complesso dei Cinesi", "status": "missing", "osm_id": null, "group": "Religione", "subgroup": "Vita Monastica", "subcategory": "Convento"}, "geometry": {"type": "Point", "coordinates": [14.25043, 40.860955]}}, {"type": "Feature", "properties": {"wikidata": "Q3689583", "name": "convento di San Pasquale", "status": "done", "osm_id": "relation/3353394", "group": "Religione", "subgroup": "Luoghi di Culto", "subcategory": "Chiesa"}, "geometry": {"type": "Point", "coordinates": [14.782025, 41.13432778]}}, {"type": "Feature", "properties": {"wikidata": "Q3662603", "name": "castello di Faicchio", "status": "done", "osm_id": "relation/4826234", "group": "Fortificazioni e militare", "subgroup": "Fortificazioni", "subcategory": "Castello"}, "geometry": {"type": "Point", "coordinates": [14.478819, 41.277864]}}, {"type": "Feature", "properties": {"wikidata": "Q3661867", "name": "Casolla", "status": "done", "osm_id": "node/10780241468", "group": "Altro", "subgroup": "Altro", "subcategory": "Altro"}, "geometry": {"type": "Point", "coordinates": [14.63333333, 40.75]}}, {"type": "Feature", "properties": {"wikidata": "Q18436418", "name": "Viscusi", "status": "missing", "osm_id": null, "group": "Insediamenti", "subgroup": "Centri", "subcategory": "Insediamento umano"}, "geometry": {"type": "Point", "coordinates": [14.51233, 41.11455]}}, {"type": "Feature", "properties": {"wikidata": "Q18436416", "name": "Vigne", "status": "missing", "osm_id": null, "group": "Insediamenti", "subgroup": "Centri", "subcategory": "Frazione"}, "geometry": {"type": "Point", "coordinates": [14.76784, 41.08635]}}, {"type": "Feature", "properties": {"wikidata": "Q18436496", "name": "Casalicchio", "status": "done", "osm_id": "node/4685810512", "group": "Insediamenti", "subgroup": "Centri", "subcategory": "Insediamento umano"}, "geometry": {"type": "Point", "coordinates": [14.257, 41.21101]}}, {"type": "Feature", "properties": {"wikidata": "Q18436472", "name": "Campagnola", "status": "done", "osm_id": "node/4381460046", "group": "Insediamenti", "subgroup": "Centri", "subcategory": "Frazione"}, "geometry": {"type": "Point", "coordinates": [14.03199, 41.3017]}}, {"type": "Feature", "properties": {"wikidata": "Q18436513", "name": "Casino Fortini", "status": "missing", "osm_id": null, "group": "Insediamenti", "subgroup": "Centri", "subcategory": "Frazione"}, "geometry": {"type": "Point", "coordinates": [14.42623, 41.0197]}}, {"type": "Feature", "properties": {"wikidata": "Q18436510", "name": "Caselle", "status": "missing", "osm_id": null, "group": "Insediamenti", "subgroup": "Centri", "subcategory": "Frazione"}, "geometry": {"type": "Point", "coordinates": [14.45297, 41.31415]}}, {"type": "Feature", "properties": {"wikidata": "Q18436517", "name": "Castagna", "status": "missing", "osm_id": null, "group": "Insediamenti", "subgroup": "Centri", "subcategory": "Insediamento umano"}, "geometry": {"type": "Point", "coordinates": [14.28035, 41.14486]}}, {"type": "Feature", "properties": {"wikidata": "Q18436413", "name": "Via S. Giovanni", "status": "missing", "osm_id": null, "group": "Insediamenti", "subgroup": "Centri", "subcategory": "Insediamento umano"}, "geometry": {"type": "Point", "coordinates": [14.51131, 41.21337]}}, {"type": "Feature", "properties": {"wikidata": "Q18436518", "name": "Castagneto", "status": "missing", "osm_id": null, "group": "Insediamenti", "subgroup": "Centri", "subcategory": "Frazione"}, "geometry": {"type": "Point", "coordinates": [14.17475, 41.30577]}}, {"type": "Feature", "properties": {"wikidata": "Q18436498", "name": "Casamarina I", "status": "missing", "osm_id": null, "group": "Insediamenti", "subgroup": "Centri", "subcategory": "Insediamento umano"}, "geometry": {"type": "Point", "coordinates": [13.87385, 41.41293]}}, {"type": "Feature", "properties": {"wikidata": "Q18436447", "name": "Biasi", "status": "missing", "osm_id": null, "group": "Insediamenti", "subgroup": "Centri", "subcategory": "Insediamento umano"}, "geometry": {"type": "Point", "coordinates": [14.12061, 41.23769]}}, {"type": "Feature", "properties": {"wikidata": "Q18436409", "name": "Via Fausto Coppi", "status": "missing", "osm_id": null, "group": "Insediamenti", "subgroup": "Centri", "subcategory": "Insediamento umano"}, "geometry": {"type": "Point", "coordinates": [14.52772, 41.21016]}}, {"type": "Feature", "properties": {"wikidata": "Q18436486", "name": "Carangi", "status": "missing", "osm_id": null, "group": "Insediamenti", "subgroup": "Centri", "subcategory": "Frazione"}, "geometry": {"type": "Point", "coordinates": [14.01409, 41.31904]}}, {"type": "Feature", "properties": {"wikidata": "Q18436444", "name": "Avezzano-Sorbello", "status": "done", "osm_id": "node/2843799339", "group": "Insediamenti", "subgroup": "Centri", "subcategory": "Insediamento umano"}, "geometry": {"type": "Point", "coordinates": [13.93333, 41.21667]}}, {"type": "Feature", "properties": {"wikidata": "Q18436454", "name": "Bosco di Caiazzo", "status": "done", "osm_id": "node/1727509308", "group": "Insediamenti", "subgroup": "Centri", "subcategory": "Insediamento umano"}, "geometry": {"type": "Point", "coordinates": [14.3894, 41.19314]}}, {"type": "Feature", "properties": {"wikidata": "Q18436453", "name": "Borgonuovo", "status": "missing", "osm_id": null, "group": "Insediamenti", "subgroup": "Centri", "subcategory": "Frazione"}, "geometry": {"type": "Point", "coordinates": [14.08916, 41.27893]}}, {"type": "Feature", "properties": {"wikidata": "Q18436491", "name": "Carmiano", "status": "missing", "osm_id": null, "group": "Insediamenti", "subgroup": "Centri", "subcategory": "Frazione"}, "geometry": {"type": "Point", "coordinates": [14.4162, 41.03977]}}, {"type": "Feature", "properties": {"wikidata": "Q18436484", "name": "Cappelle", "status": "missing", "osm_id": null, "group": "Insediamenti", "subgroup": "Centri", "subcategory": "Frazione"}, "geometry": {"type": "Point", "coordinates": [13.9981, 41.23989]}}, {"type": "Feature", "properties": {"wikidata": "Q18436401", "name": "Valle Cupa", "status": "missing", "osm_id": null, "group": "Insediamenti", "subgroup": "Centri", "subcategory": "Insediamento umano"}, "geometry": {"type": "Point", "coordinates": [14.75169, 41.26799]}}, {"type": "Feature", "properties": {"wikidata": "Q18436449", "name": "Bisanti-Fortinelli", "status": "missing", "osm_id": null, "group": "Insediamenti", "subgroup": "Centri", "subcategory": "Insediamento umano"}, "geometry": {"type": "Point", "coordinates": [13.94919, 41.32736]}}, {"type": "Feature", "properties": {"wikidata": "Q18436423", "name": "Zingolella", "status": "missing", "osm_id": null, "group": "Insediamenti", "subgroup": "Centri", "subcategory": "Frazione"}, "geometry": {"type": "Point", "coordinates": [14.68336, 41.26878]}}, {"type": "Feature", "properties": {"wikidata": "Q18436412", "name": "Via Iscalonga", "status": "missing", "osm_id": null, "group": "Insediamenti", "subgroup": "Centri", "subcategory": "Insediamento umano"}, "geometry": {"type": "Point", "coordinates": [14.92376, 41.14008]}}, {"type": "Feature", "properties": {"wikidata": "Q18436476", "name": "Campo", "status": "missing", "osm_id": null, "group": "Insediamenti", "subgroup": "Centri", "subcategory": "Frazione"}, "geometry": {"type": "Point", "coordinates": [13.95862, 41.36568]}}, {"type": "Feature", "properties": {"wikidata": "Q18436425", "name": "Zuccarelli", "status": "done", "osm_id": "node/1350029122", "group": "Insediamenti", "subgroup": "Centri", "subcategory": "Insediamento umano"}, "geometry": {"type": "Point", "coordinates": [14.97421, 41.10397]}}, {"type": "Feature", "properties": {"wikidata": "Q18436406", "name": "Verroni", "status": "missing", "osm_id": null, "group": "Insediamenti", "subgroup": "Centri", "subcategory": "Frazione"}, "geometry": {"type": "Point", "coordinates": [14.52231, 41.11513]}}, {"type": "Feature", "properties": {"wikidata": "Q18436519", "name": "Castello", "status": "done", "osm_id": "node/1727509438", "group": "Insediamenti", "subgroup": "Centri", "subcategory": "Insediamento umano"}, "geometry": {"type": "Point", "coordinates": [14.33168, 41.19723]}}, {"type": "Feature", "properties": {"wikidata": "Q18436461", "name": "Calabritto", "status": "missing", "osm_id": null, "group": "Insediamenti", "subgroup": "Centri", "subcategory": "Frazione"}, "geometry": {"type": "Point", "coordinates": [13.93656, 41.35329]}}, {"type": "Feature", "properties": {"wikidata": "Q18436504", "name": "Casarinoli", "status": "missing", "osm_id": null, "group": "Insediamenti", "subgroup": "Centri", "subcategory": "Insediamento umano"}, "geometry": {"type": "Point", "coordinates": [13.95632, 41.25667]}}, {"type": "Feature", "properties": {"wikidata": "Q18436474", "name": "Campanili", "status": "done", "osm_id": "node/8988590014", "group": "Insediamenti", "subgroup": "Centri", "subcategory": "Insediamento umano"}, "geometry": {"type": "Point", "coordinates": [13.95444, 41.33213]}}, {"type": "Feature", "properties": {"wikidata": "Q18436443", "name": "Auteri-Cacciatori", "status": "done", "osm_id": "node/1727691375", "group": "Insediamenti", "subgroup": "Centri", "subcategory": "Insediamento umano"}, "geometry": {"type": "Point", "coordinates": [14.40335, 41.31519]}}, {"type": "Feature", "properties": {"wikidata": "Q18436429", "name": "Acquarelli", "status": "done", "osm_id": "node/5153998706", "group": "Insediamenti", "subgroup": "Centri", "subcategory": "Insediamento umano"}, "geometry": {"type": "Point", "coordinates": [14.12297, 41.31976]}}, {"type": "Feature", "properties": {"wikidata": "Q18436497", "name": "Casamare", "status": "missing", "osm_id": null, "group": "Insediamenti", "subgroup": "Centri", "subcategory": "Frazione"}, "geometry": {"type": "Point", "coordinates": [13.84657, 41.23139]}}, {"type": "Feature", "properties": {"wikidata": "Q18436445", "name": "Baia Azzurra-Levagnole", "status": "missing", "osm_id": null, "group": "Insediamenti", "subgroup": "Centri", "subcategory": "Frazione"}, "geometry": {"type": "Point", "coordinates": [13.8492, 41.14769]}}, {"type": "Feature", "properties": {"wikidata": "Q18436452", "name": "Borgo Vittorio", "status": "missing", "osm_id": null, "group": "Insediamenti", "subgroup": "Centri", "subcategory": "Insediamento umano"}, "geometry": {"type": "Point", "coordinates": [14.01243, 41.19702]}}, {"type": "Feature", "properties": {"wikidata": "Q18436473", "name": "Campanariello", "status": "missing", "osm_id": null, "group": "Insediamenti", "subgroup": "Centri", "subcategory": "Insediamento umano"}, "geometry": {"type": "Point", "coordinates": [14.41957, 41.07145]}}, {"type": "Feature", "properties": {"wikidata": "Q18436493", "name": "Casa la Selva", "status": "missing", "osm_id": null, "group": "Insediamenti", "subgroup": "Centri", "subcategory": "Insediamento umano"}, "geometry": {"type": "Point", "coordinates": [13.95891, 41.41374]}}, {"type": "Feature", "properties": {"wikidata": "Q18436426", "name": "Zuzoli Pro-Loco", "status": "missing", "osm_id": null, "group": "Insediamenti", "subgroup": "Centri", "subcategory": "Insediamento umano"}, "geometry": {"type": "Point", "coordinates": [14.90279, 41.08323]}}, {"type": "Feature", "properties": {"wikidata": "Q18436463", "name": "Calvi Vecchia", "status": "missing", "osm_id": null, "group": "Insediamenti", "subgroup": "Centri", "subcategory": "Frazione"}, "geometry": {"type": "Point", "coordinates": [14.13773, 41.20287]}}, {"type": "Feature", "properties": {"wikidata": "Q18436502", "name": "Casapozzano", "status": "done", "osm_id": "node/8065491273", "group": "Insediamenti", "subgroup": "Centri", "subcategory": "Insediamento umano"}, "geometry": {"type": "Point", "coordinates": [14.26489, 40.97353]}}, {"type": "Feature", "properties": {"wikidata": "Q18436415", "name": "Giovanni Viglione", "status": "missing", "osm_id": null, "group": "Insediamenti", "subgroup": "Centri", "subcategory": "Localit\u00e0 abitata"}, "geometry": {"type": "Point", "coordinates": [14.70058, 41.16412]}}, {"type": "Feature", "properties": {"wikidata": "Q18436441", "name": "Auduni", "status": "missing", "osm_id": null, "group": "Insediamenti", "subgroup": "Centri", "subcategory": "Frazione"}, "geometry": {"type": "Point", "coordinates": [14.43044, 41.31371]}}, {"type": "Feature", "properties": {"wikidata": "Q18436435", "name": "Annunziata", "status": "missing", "osm_id": null, "group": "Insediamenti", "subgroup": "Centri", "subcategory": "Frazione"}, "geometry": {"type": "Point", "coordinates": [14.36518, 41.121]}}, {"type": "Feature", "properties": {"wikidata": "Q18436408", "name": "Via Appia Ovest", "status": "missing", "osm_id": null, "group": "Insediamenti", "subgroup": "Centri", "subcategory": "Insediamento umano"}, "geometry": {"type": "Point", "coordinates": [14.53268, 41.03609]}}, {"type": "Feature", "properties": {"wikidata": "Q18436438", "name": "Arena", "status": "missing", "osm_id": null, "group": "Insediamenti", "subgroup": "Centri", "subcategory": "Insediamento umano"}, "geometry": {"type": "Point", "coordinates": [14.15491, 41.26797]}}, {"type": "Feature", "properties": {"wikidata": "Q18436507", "name": "Case Nuove-Quattro Stradoni", "status": "missing", "osm_id": null, "group": "Insediamenti", "subgroup": "Centri", "subcategory": "Insediamento umano"}, "geometry": {"type": "Point", "coordinates": [14.095, 41.44554]}}, {"type": "Feature", "properties": {"wikidata": "Q18436437", "name": "Arbusto", "status": "missing", "osm_id": null, "group": "Insediamenti", "subgroup": "Centri", "subcategory": "Insediamento umano"}, "geometry": {"type": "Point", "coordinates": [14.29195, 41.20073]}}, {"type": "Feature", "properties": {"wikidata": "Q18436495", "name": "Casale di Carinola", "status": "done", "osm_id": "node/9081940415", "group": "Insediamenti", "subgroup": "Centri", "subcategory": "Frazione"}, "geometry": {"type": "Point", "coordinates": [13.989722222, 41.185555555]}}, {"type": "Feature", "properties": {"wikidata": "Q18436434", "name": "Ameglio", "status": "done", "osm_id": "node/2650941964", "group": "Insediamenti", "subgroup": "Centri", "subcategory": "Frazione"}, "geometry": {"type": "Point", "coordinates": [14.04216, 41.32693]}}, {"type": "Feature", "properties": {"wikidata": "Q18436446", "name": "Baia", "status": "missing", "osm_id": null, "group": "Insediamenti", "subgroup": "Centri", "subcategory": "Frazione"}, "geometry": {"type": "Point", "coordinates": [14.25016, 41.30366]}}, {"type": "Feature", "properties": {"wikidata": "Q18436404", "name": "Vauto", "status": "missing", "osm_id": null, "group": "Insediamenti", "subgroup": "Centri", "subcategory": "Insediamento umano"}, "geometry": {"type": "Point", "coordinates": [14.97219, 41.1428]}}, {"type": "Feature", "properties": {"wikidata": "Q18436422", "name": "Zepponi", "status": "missing", "osm_id": null, "group": "Insediamenti", "subgroup": "Centri", "subcategory": "Insediamento umano"}, "geometry": {"type": "Point", "coordinates": [14.82917, 41.33679]}}, {"type": "Feature", "properties": {"wikidata": "Q18436489", "name": "Carbonara", "status": "missing", "osm_id": null, "group": "Insediamenti", "subgroup": "Centri", "subcategory": "Frazione"}, "geometry": {"type": "Point", "coordinates": [14.06078, 41.28326]}}, {"type": "Feature", "properties": {"wikidata": "Q18436436", "name": "Aorivola", "status": "missing", "osm_id": null, "group": "Insediamenti", "subgroup": "Centri", "subcategory": "Frazione"}, "geometry": {"type": "Point", "coordinates": [14.05763, 41.29405]}}, {"type": "Feature", "properties": {"wikidata": "Q18436516", "name": "Casselli", "status": "done", "osm_id": "node/1727691484", "group": "Insediamenti", "subgroup": "Centri", "subcategory": "Insediamento umano"}, "geometry": {"type": "Point", "coordinates": [14.40466, 41.31236]}}, {"type": "Feature", "properties": {"wikidata": "Q18436427", "name": "Zuzoli", "status": "done", "osm_id": "node/8807433915", "group": "Insediamenti", "subgroup": "Centri", "subcategory": "Insediamento umano"}, "geometry": {"type": "Point", "coordinates": [14.90444, 41.0856]}}, {"type": "Feature", "properties": {"wikidata": "Q18436450", "name": "Bivio Mortola", "status": "missing", "osm_id": null, "group": "Insediamenti", "subgroup": "Centri", "subcategory": "Frazione"}, "geometry": {"type": "Point", "coordinates": [13.89663, 41.39557]}}, {"type": "Feature", "properties": {"wikidata": "Q18436501", "name": "Casanova", "status": "missing", "osm_id": null, "group": "Insediamenti", "subgroup": "Centri", "subcategory": "Frazione"}, "geometry": {"type": "Point", "coordinates": [13.96344, 41.19254]}}, {"type": "Feature", "properties": {"wikidata": "Q18436430", "name": "Acquarotta", "status": "missing", "osm_id": null, "group": "Insediamenti", "subgroup": "Centri", "subcategory": "Insediamento umano"}, "geometry": {"type": "Point", "coordinates": [14.05699, 41.26196]}}, {"type": "Feature", "properties": {"wikidata": "Q18436500", "name": "Casamostra", "status": "missing", "osm_id": null, "group": "Insediamenti", "subgroup": "Centri", "subcategory": "Frazione"}, "geometry": {"type": "Point", "coordinates": [14.04025, 41.2512]}}, {"type": "Feature", "properties": {"wikidata": "Q18436479", "name": "Campomaggiore", "status": "done", "osm_id": "node/1727509363", "group": "Insediamenti", "subgroup": "Centri", "subcategory": "Insediamento umano"}, "geometry": {"type": "Point", "coordinates": [14.2097, 41.27279]}}, {"type": "Feature", "properties": {"wikidata": "Q18436464", "name": "Calvisi", "status": "missing", "osm_id": null, "group": "Insediamenti", "subgroup": "Centri", "subcategory": "Frazione"}, "geometry": {"type": "Point", "coordinates": [14.4227, 41.32495]}}, {"type": "Feature", "properties": {"wikidata": "Q18436494", "name": "Casafredda", "status": "missing", "osm_id": null, "group": "Insediamenti", "subgroup": "Centri", "subcategory": "Frazione"}, "geometry": {"type": "Point", "coordinates": [14.02037, 41.27075]}}, {"type": "Feature", "properties": {"wikidata": "Q18436514", "name": "Casola", "status": "done", "osm_id": "node/1237509700", "group": "Insediamenti", "subgroup": "Centri", "subcategory": "Insediamento umano"}, "geometry": {"type": "Point", "coordinates": [14.38172, 41.09513]}}, {"type": "Feature", "properties": {"wikidata": "Q18436506", "name": "Case Albanesi", "status": "done", "osm_id": "node/1727691428", "group": "Insediamenti", "subgroup": "Centri", "subcategory": "Insediamento umano"}, "geometry": {"type": "Point", "coordinates": [14.22969, 41.36522]}}, {"type": "Feature", "properties": {"wikidata": "Q18436442", "name": "Aulpi", "status": "missing", "osm_id": null, "group": "Insediamenti", "subgroup": "Centri", "subcategory": "Frazione"}, "geometry": {"type": "Point", "coordinates": [13.90729, 41.27394]}}, {"type": "Feature", "properties": {"wikidata": "Q18436439", "name": "Arianova", "status": "missing", "osm_id": null, "group": "Insediamenti", "subgroup": "Centri", "subcategory": "Frazione"}, "geometry": {"type": "Point", "coordinates": [14.23784, 41.31576]}}, {"type": "Feature", "properties": {"wikidata": "Q18436419", "name": "Zenna", "status": "missing", "osm_id": null, "group": "Insediamenti", "subgroup": "Centri", "subcategory": "Frazione"}, "geometry": {"type": "Point", "coordinates": [14.85023, 41.29007]}}, {"type": "Feature", "properties": {"wikidata": "Q18436471", "name": "Campagni", "status": "missing", "osm_id": null, "group": "Insediamenti", "subgroup": "Centri", "subcategory": "Insediamento umano"}, "geometry": {"type": "Point", "coordinates": [14.40676, 41.25378]}}, {"type": "Feature", "properties": {"wikidata": "Q18436410", "name": "Via Iadanza I", "status": "missing", "osm_id": null, "group": "Insediamenti", "subgroup": "Centri", "subcategory": "Insediamento umano"}, "geometry": {"type": "Point", "coordinates": [14.73025, 41.27952]}}, {"type": "Feature", "properties": {"wikidata": "Q18436433", "name": "Alvignanello", "status": "missing", "osm_id": null, "group": "Insediamenti", "subgroup": "Centri", "subcategory": "Frazione"}, "geometry": {"type": "Point", "coordinates": [14.43919, 41.20289]}}, {"type": "Feature", "properties": {"wikidata": "Q18436417", "name": "Visanti", "status": "done", "osm_id": "node/7866711530", "group": "Insediamenti", "subgroup": "Centri", "subcategory": "Insediamento umano"}, "geometry": {"type": "Point", "coordinates": [14.46059, 41.27998]}}, {"type": "Feature", "properties": {"wikidata": "Q18436456", "name": "Buonomini", "status": "done", "osm_id": "node/1727509340", "group": "Insediamenti", "subgroup": "Centri", "subcategory": "Insediamento umano"}, "geometry": {"type": "Point", "coordinates": [14.29898, 41.19878]}}, {"type": "Feature", "properties": {"wikidata": "Q18436414", "name": "Vicenne", "status": "missing", "osm_id": null, "group": "Insediamenti", "subgroup": "Centri", "subcategory": "Insediamento umano"}, "geometry": {"type": "Point", "coordinates": [14.87049, 41.36887]}}, {"type": "Feature", "properties": {"wikidata": "Q18436459", "name": "Caianello Vecchio", "status": "missing", "osm_id": null, "group": "Insediamenti", "subgroup": "Centri", "subcategory": "Frazione"}, "geometry": {"type": "Point", "coordinates": [14.08413, 41.29496]}}, {"type": "Feature", "properties": {"wikidata": "Q18436460", "name": "Calabricito", "status": "missing", "osm_id": null, "group": "Insediamenti", "subgroup": "Centri", "subcategory": "Frazione"}, "geometry": {"type": "Point", "coordinates": [14.39257, 41.01387]}}, {"type": "Feature", "properties": {"wikidata": "Q18436421", "name": "Zeppa di Ferro", "status": "missing", "osm_id": null, "group": "Insediamenti", "subgroup": "Centri", "subcategory": "Frazione"}, "geometry": {"type": "Point", "coordinates": [14.56086, 41.26222]}}, {"type": "Feature", "properties": {"wikidata": "Q18436465", "name": "Cameralonga", "status": "done", "osm_id": "node/1727509353", "group": "Insediamenti", "subgroup": "Centri", "subcategory": "Insediamento umano"}, "geometry": {"type": "Point", "coordinates": [14.36067, 41.19588]}}, {"type": "Feature", "properties": {"wikidata": "Q18436475", "name": "Campo Felice", "status": "missing", "osm_id": null, "group": "Insediamenti", "subgroup": "Centri", "subcategory": "Insediamento umano"}, "geometry": {"type": "Point", "coordinates": [13.84288, 41.23404]}}, {"type": "Feature", "properties": {"wikidata": "Q18436469", "name": "Camino", "status": "missing", "osm_id": null, "group": "Insediamenti", "subgroup": "Centri", "subcategory": "Frazione"}, "geometry": {"type": "Point", "coordinates": [13.9334, 41.38393]}}, {"type": "Feature", "properties": {"wikidata": "Q18436482", "name": "Capitolo", "status": "done", "osm_id": "node/1727509416", "group": "Insediamenti", "subgroup": "Centri", "subcategory": "Insediamento umano"}, "geometry": {"type": "Point", "coordinates": [14.32069, 41.16058]}}, {"type": "Feature", "properties": {"wikidata": "Q18436458", "name": "Caianello Vecchio Sud-Est", "status": "missing", "osm_id": null, "group": "Insediamenti", "subgroup": "Centri", "subcategory": "Insediamento umano"}, "geometry": {"type": "Point", "coordinates": [14.09013, 41.29085]}}, {"type": "Feature", "properties": {"wikidata": "Q18436508", "name": "Case Pagane", "status": "done", "osm_id": "node/1727691449", "group": "Insediamenti", "subgroup": "Centri", "subcategory": "Frazione"}, "geometry": {"type": "Point", "coordinates": [14.23281, 41.37277]}}, {"type": "Feature", "properties": {"wikidata": "Q18436405", "name": "Venaglie", "status": "missing", "osm_id": null, "group": "Insediamenti", "subgroup": "Centri", "subcategory": "Insediamento umano"}, "geometry": {"type": "Point", "coordinates": [14.72944, 41.05627]}}, {"type": "Feature", "properties": {"wikidata": "Q18436509", "name": "Casella", "status": "done", "osm_id": "node/1727509422", "group": "Insediamenti", "subgroup": "Centri", "subcategory": "Insediamento umano"}, "geometry": {"type": "Point", "coordinates": [14.25564, 41.18515]}}, {"type": "Feature", "properties": {"wikidata": "Q18436451", "name": "Borgo Appio", "status": "missing", "osm_id": null, "group": "Insediamenti", "subgroup": "Centri", "subcategory": "Frazione"}, "geometry": {"type": "Point", "coordinates": [14.05871, 41.11138]}}, {"type": "Feature", "properties": {"wikidata": "Q18436428", "name": "A.S.I. Matese", "status": "missing", "osm_id": null, "group": "Insediamenti", "subgroup": "Centri", "subcategory": "Insediamento umano"}, "geometry": {"type": "Point", "coordinates": [14.34692, 41.3008]}}, {"type": "Feature", "properties": {"wikidata": "Q18436411", "name": "Via Iadanza", "status": "missing", "osm_id": null, "group": "Insediamenti", "subgroup": "Centri", "subcategory": "Insediamento umano"}, "geometry": {"type": "Point", "coordinates": [14.73101, 41.28125]}}, {"type": "Feature", "properties": {"wikidata": "Q18436483", "name": "Capometa", "status": "missing", "osm_id": null, "group": "Insediamenti", "subgroup": "Centri", "subcategory": "Frazione"}, "geometry": {"type": "Point", "coordinates": [14.05065, 41.31204]}}, {"type": "Feature", "properties": {"wikidata": "Q18436480", "name": "Campozillone", "status": "missing", "osm_id": null, "group": "Insediamenti", "subgroup": "Centri", "subcategory": "Frazione"}, "geometry": {"type": "Point", "coordinates": [14.00392, 41.38564]}}, {"type": "Feature", "properties": {"wikidata": "Q18436490", "name": "Cardoni", "status": "done", "osm_id": "node/4381460049", "group": "Insediamenti", "subgroup": "Centri", "subcategory": "Frazione"}, "geometry": {"type": "Point", "coordinates": [14.03348, 41.31996]}}, {"type": "Feature", "properties": {"wikidata": "Q18436407", "name": "Via Appia Est", "status": "missing", "osm_id": null, "group": "Insediamenti", "subgroup": "Centri", "subcategory": "Insediamento umano"}, "geometry": {"type": "Point", "coordinates": [14.5622, 41.0417]}}, {"type": "Feature", "properties": {"wikidata": "Q18436432", "name": "Agonursi", "status": "done", "osm_id": "node/1480238225", "group": "Insediamenti", "subgroup": "Centri", "subcategory": "Insediamento umano"}, "geometry": {"type": "Point", "coordinates": [13.9098, 41.28501]}}, {"type": "Feature", "properties": {"wikidata": "Q18436455", "name": "Brezza", "status": "missing", "osm_id": null, "group": "Insediamenti", "subgroup": "Centri", "subcategory": "Frazione"}, "geometry": {"type": "Point", "coordinates": [14.11201, 41.11073]}}, {"type": "Feature", "properties": {"wikidata": "Q18436462", "name": "Calitta", "status": "missing", "osm_id": null, "group": "Insediamenti", "subgroup": "Centri", "subcategory": "Insediamento umano"}, "geometry": {"type": "Point", "coordinates": [14.13059, 40.98628]}}, {"type": "Feature", "properties": {"wikidata": "Q18436431", "name": "Agnena", "status": "missing", "osm_id": null, "group": "Insediamenti", "subgroup": "Centri", "subcategory": "Insediamento umano"}, "geometry": {"type": "Point", "coordinates": [14.19058, 41.13593]}}, {"type": "Feature", "properties": {"wikidata": "Q18436478", "name": "Campolongo", "status": "missing", "osm_id": null, "group": "Insediamenti", "subgroup": "Centri", "subcategory": "Frazione"}, "geometry": {"type": "Point", "coordinates": [13.89637, 41.38558]}}, {"type": "Feature", "properties": {"wikidata": "Q18436512", "name": "Casi", "status": "missing", "osm_id": null, "group": "Insediamenti", "subgroup": "Centri", "subcategory": "Frazione"}, "geometry": {"type": "Point", "coordinates": [14.03761, 41.25907]}}, {"type": "Feature", "properties": {"wikidata": "Q18436503", "name": "Casareale-Cipriani", "status": "missing", "osm_id": null, "group": "Insediamenti", "subgroup": "Centri", "subcategory": "Insediamento umano"}, "geometry": {"type": "Point", "coordinates": [14.11139, 41.28192]}}, {"type": "Feature", "properties": {"wikidata": "Q948209", "name": "Funicolare di Mergellina", "status": "done", "osm_id": "relation/1783329", "group": "Altro", "subgroup": "Altro", "subcategory": "Altro"}, "geometry": {"type": "Point", "coordinates": [14.2169, 40.8259]}}, {"type": "Feature", "properties": {"wikidata": "Q1046550", "name": "casa dei Cei", "status": "done", "osm_id": "node/2033057303", "group": "Archeologia", "subgroup": "Siti", "subcategory": "Rovine"}, "geometry": {"type": "Point", "coordinates": [14.489398, 40.750032]}}, {"type": "Feature", "properties": {"wikidata": "Q926401", "name": "piazza Dante", "status": "done", "osm_id": "way/563344999", "group": "Insediamenti", "subgroup": "Zone Urbane", "subcategory": "Piazza"}, "geometry": {"type": "Point", "coordinates": [14.25007222, 40.84901667]}}, {"type": "Feature", "properties": {"wikidata": "Q954158", "name": "Macellum di Pozzuoli", "status": "done", "osm_id": "way/113738466", "group": "Altro", "subgroup": "Altro", "subcategory": "Altro"}, "geometry": {"type": "Point", "coordinates": [14.12055556, 40.82611111]}}, {"type": "Feature", "properties": {"wikidata": "Q952753", "name": "Casilinum", "status": "missing", "osm_id": null, "group": "Archeologia", "subgroup": "Siti", "subcategory": "Sito archeologico"}, "geometry": {"type": "Point", "coordinates": [14.2091, 41.1094]}}, {"type": "Feature", "properties": {"wikidata": "Q943287", "name": "chiesa di Santa Maria dell'Arco", "status": "done", "osm_id": "way/737178272", "group": "Religione", "subgroup": "Luoghi di Culto", "subcategory": "Chiesa"}, "geometry": {"type": "Point", "coordinates": [14.25559, 40.88823]}}, {"type": "Feature", "properties": {"wikidata": "Q1010085", "name": "basilica santuario del Ges\u00f9 Vecchio dell'Immacolata di Don Placido", "status": "done", "osm_id": "way/267074964", "group": "Religione", "subgroup": "Luoghi di Culto", "subcategory": "Basilica minore"}, "geometry": {"type": "Point", "coordinates": [14.25705, 40.84676]}}, {"type": "Feature", "properties": {"wikidata": "Q929584", "name": "chiesa di Santa Croce e Purgatorio al Mercato", "status": "done", "osm_id": "way/1187820878", "group": "Religione", "subgroup": "Luoghi di Culto", "subcategory": "Ex chiesa"}, "geometry": {"type": "Point", "coordinates": [14.265725, 40.84769]}}, {"type": "Feature", "properties": {"wikidata": "Q951833", "name": "chiesa di Santa Maria della Colonna", "status": "done", "osm_id": "way/271226405", "group": "Religione", "subgroup": "Luoghi di Culto", "subcategory": "Chiesa"}, "geometry": {"type": "Point", "coordinates": [14.25875, 40.85138]}}, {"type": "Feature", "properties": {"wikidata": "Q1028159", "name": "Palazzo dell'Istituto Grenoble", "status": "done", "osm_id": "way/411012338", "group": "Dimore ed edifici", "subgroup": "Residenze", "subcategory": "Palazzo"}, "geometry": {"type": "Point", "coordinates": [14.22969, 40.83622]}}, {"type": "Feature", "properties": {"wikidata": "Q955081", "name": "pontificia reale basilica di San Giacomo degli Spagnoli", "status": "done", "osm_id": "way/248486206", "group": "Religione", "subgroup": "Luoghi di Culto", "subcategory": "Basilica minore"}, "geometry": {"type": "Point", "coordinates": [14.24992, 40.84065]}}, {"type": "Feature", "properties": {"wikidata": "Q964932", "name": "stazione di Salerno", "status": "done", "osm_id": "relation/6662137", "group": "Infrastrutture", "subgroup": "Trasporti", "subcategory": "Stazione ferroviaria"}, "geometry": {"type": "Point", "coordinates": [14.772419, 40.675388]}}, {"type": "Feature", "properties": {"wikidata": "Q943209", "name": "Solfatara di Pozzuoli", "status": "done", "osm_id": "relation/13286823", "group": "Natura e paesaggio", "subgroup": "Montagna", "subcategory": "Montagna"}, "geometry": {"type": "Point", "coordinates": [14.13916667, 40.82722222]}}, {"type": "Feature", "properties": {"wikidata": "Q951442", "name": "Calatia", "status": "missing", "osm_id": null, "group": "Archeologia", "subgroup": "Siti", "subcategory": "Sito archeologico"}, "geometry": {"type": "Point", "coordinates": [14.3625, 41.04388889]}}, {"type": "Feature", "properties": {"wikidata": "Q998123", "name": "Tifata", "status": "missing", "osm_id": null, "group": "Natura e paesaggio", "subgroup": "Montagna", "subcategory": "Montagna"}, "geometry": {"type": "Point", "coordinates": [14.2791975, 41.1150643]}}, {"type": "Feature", "properties": {"wikidata": "Q977606", "name": "Crypta Neapolitana", "status": "done", "osm_id": "way/161568684", "group": "Altro", "subgroup": "Altro", "subcategory": "Altro"}, "geometry": {"type": "Point", "coordinates": [14.217561, 40.831047]}}, {"type": "Feature", "properties": {"wikidata": "Q950002", "name": "duomo di Capua", "status": "done", "osm_id": "way/364927723", "group": "Altro", "subgroup": "Altro", "subcategory": "Altro"}, "geometry": {"type": "Point", "coordinates": [14.2113, 41.109]}}, {"type": "Feature", "properties": {"wikidata": "Q942243", "name": "raccordo autostradale 9", "status": "missing", "osm_id": null, "group": "Altro", "subgroup": "Altro", "subcategory": "Altro"}, "geometry": {"type": "Point", "coordinates": [14.91996, 41.06985]}}, {"type": "Feature", "properties": {"wikidata": "Q1026279", "name": "diocesi di Galazia in Campania", "status": "missing", "osm_id": null, "group": "Altro", "subgroup": "Altro", "subcategory": "Altro"}, "geometry": {"type": "Point", "coordinates": [14.38815, 41.051025]}}, {"type": "Feature", "properties": {"wikidata": "Q938474", "name": "Aeroporto di Capua", "status": "done", "osm_id": "relation/3522354", "group": "Infrastrutture", "subgroup": "Trasporti", "subcategory": "Aeroporto"}, "geometry": {"type": "Point", "coordinates": [14.17777778, 41.11583333]}}, {"type": "Feature", "properties": {"wikidata": "Q1046553", "name": "casa dei Cubicoli floreali", "status": "done", "osm_id": "node/3392230192", "group": "Archeologia", "subgroup": "Siti", "subcategory": "Rovine"}, "geometry": {"type": "Point", "coordinates": [14.490668, 40.750896]}}, {"type": "Feature", "properties": {"wikidata": "Q951505", "name": "Palazzina Paradisiello", "status": "done", "osm_id": "way/411103690", "group": "Dimore ed edifici", "subgroup": "Residenze", "subcategory": "Palazzo"}, "geometry": {"type": "Point", "coordinates": [14.235656, 40.83861]}}, {"type": "Feature", "properties": {"wikidata": "Q955220", "name": "stadio Donato Vestuti", "status": "done", "osm_id": "relation/1114314", "group": "Altro", "subgroup": "Altro", "subcategory": "Altro"}, "geometry": {"type": "Point", "coordinates": [14.77051735, 40.68060548]}}, {"type": "Feature", "properties": {"wikidata": "Q970117", "name": "chiesa di San Pietro martire", "status": "done", "osm_id": "way/223865164", "group": "Religione", "subgroup": "Luoghi di Culto", "subcategory": "Chiesa"}, "geometry": {"type": "Point", "coordinates": [14.246644444, 40.851875]}}, {"type": "Feature", "properties": {"wikidata": "Q977415", "name": "chiesa di Santa Maria dei Miracoli", "status": "done", "osm_id": "way/433817376", "group": "Religione", "subgroup": "Luoghi di Culto", "subcategory": "Chiesa"}, "geometry": {"type": "Point", "coordinates": [14.25623, 40.85883]}}, {"type": "Feature", "properties": {"wikidata": "Q943978", "name": "Palazzo dell'Immacolatella", "status": "done", "osm_id": "relation/3825684", "group": "Dimore ed edifici", "subgroup": "Residenze", "subcategory": "Palazzo"}, "geometry": {"type": "Point", "coordinates": [14.259103, 40.841426]}}, {"type": "Feature", "properties": {"wikidata": "Q1047594", "name": "piazza del Plebiscito", "status": "done", "osm_id": "way/27182911", "group": "Insediamenti", "subgroup": "Zone Urbane", "subcategory": "Piazza"}, "geometry": {"type": "Point", "coordinates": [14.2488, 40.8359]}}, {"type": "Feature", "properties": {"wikidata": "Q1000745", "name": "ferrovia Cumana", "status": "done", "osm_id": "relation/2168313", "group": "Infrastrutture", "subgroup": "Trasporti", "subcategory": "Linea ferroviaria"}, "geometry": {"type": "Point", "coordinates": [14.15631, 40.81852]}}, {"type": "Feature", "properties": {"wikidata": "Q929659", "name": "Capo Miseno", "status": "done", "osm_id": "way/614055102", "group": "Natura e paesaggio", "subgroup": "Mare e Costa", "subcategory": "Capo"}, "geometry": {"type": "Point", "coordinates": [14.08941, 40.77771]}}, {"type": "Feature", "properties": {"wikidata": "Q934070", "name": "Villa Lysis", "status": "done", "osm_id": "way/752096878", "group": "Dimore ed edifici", "subgroup": "Residenze", "subcategory": "Villa"}, "geometry": {"type": "Point", "coordinates": [14.259722222, 40.559166666]}}, {"type": "Feature", "properties": {"wikidata": "Q936555", "name": "Palazzo Sanfelice", "status": "done", "osm_id": "relation/2891783", "group": "Dimore ed edifici", "subgroup": "Residenze", "subcategory": "Palazzo"}, "geometry": {"type": "Point", "coordinates": [14.2514, 40.8576]}}, {"type": "Feature", "properties": {"wikidata": "Q1007713", "name": "Galleria Principe di Napoli", "status": "missing", "osm_id": null, "group": "Altro", "subgroup": "Altro", "subcategory": "Altro"}, "geometry": {"type": "Point", "coordinates": [14.25046, 40.852405]}}, {"type": "Feature", "properties": {"wikidata": "Q958152", "name": "Casina Vanvitelliana", "status": "done", "osm_id": "way/323122081", "group": "Dimore ed edifici", "subgroup": "Residenze", "subcategory": "Palazzo"}, "geometry": {"type": "Point", "coordinates": [14.058247, 40.819704]}}, {"type": "Feature", "properties": {"wikidata": "Q1015161", "name": "via Toledo", "status": "done", "osm_id": "way/554073056", "group": "Infrastrutture", "subgroup": "Trasporti", "subcategory": "Strada urbana"}, "geometry": {"type": "Point", "coordinates": [14.2492, 40.8456]}}, {"type": "Feature", "properties": {"wikidata": "Q973860", "name": "chiesa di Santa Maria del Rosario a Portamedina", "status": "done", "osm_id": "way/512373985", "group": "Religione", "subgroup": "Luoghi di Culto", "subcategory": "Chiesa"}, "geometry": {"type": "Point", "coordinates": [14.245857, 40.846221]}}, {"type": "Feature", "properties": {"wikidata": "Q1046582", "name": "casa dell'Ara Massima", "status": "done", "osm_id": "way/305238268", "group": "Archeologia", "subgroup": "Siti", "subcategory": "Rovine"}, "geometry": {"type": "Point", "coordinates": [14.484786, 40.752692]}}, {"type": "Feature", "properties": {"wikidata": "Q960958", "name": "chiesa di Santa Maria delle Grazie a Capodimonte", "status": "done", "osm_id": "way/627445774", "group": "Religione", "subgroup": "Luoghi di Culto", "subcategory": "Chiesa"}, "geometry": {"type": "Point", "coordinates": [14.249225, 40.86991]}}, {"type": "Feature", "properties": {"wikidata": "Q940768", "name": "chiesa dei Santi Demetrio e Bonifacio", "status": "done", "osm_id": "way/183744543", "group": "Religione", "subgroup": "Luoghi di Culto", "subcategory": "Ex chiesa"}, "geometry": {"type": "Point", "coordinates": [14.254589, 40.844906]}}, {"type": "Feature", "properties": {"wikidata": "Q1041718", "name": "Villa San Michele", "status": "done", "osm_id": "way/751445120", "group": "Cultura e tempo libero", "subgroup": "Musei", "subcategory": "Museo d'arte"}, "geometry": {"type": "Point", "coordinates": [14.225, 40.557222222]}}, {"type": "Feature", "properties": {"wikidata": "Q1041792", "name": "Reggia di Portici", "status": "done", "osm_id": "relation/10152793", "group": "Altro", "subgroup": "Altro", "subcategory": "Altro"}, "geometry": {"type": "Point", "coordinates": [14.34266667, 40.81125]}}, {"type": "Feature", "properties": {"wikidata": "Q1046581", "name": "Casa del Mutilato", "status": "done", "osm_id": "way/248340639", "group": "Dimore ed edifici", "subgroup": "Strutture Varie", "subcategory": "Struttura architettonica"}, "geometry": {"type": "Point", "coordinates": [14.250872, 40.84252]}}, {"type": "Feature", "properties": {"wikidata": "Q956957", "name": "vele di Scampia", "status": "done", "osm_id": "way/545010834", "group": "Altro", "subgroup": "Altro", "subcategory": "Altro"}, "geometry": {"type": "Point", "coordinates": [14.23944444, 40.89888889]}}, {"type": "Feature", "properties": {"wikidata": "Q929453", "name": "Monti Lattari", "status": "missing", "osm_id": null, "group": "Natura e paesaggio", "subgroup": "Montagna", "subcategory": "Montagna"}, "geometry": {"type": "Point", "coordinates": [14.5, 40.65]}}, {"type": "Feature", "properties": {"wikidata": "Q960702", "name": "Lancusi", "status": "done", "osm_id": "node/1586327447", "group": "Insediamenti", "subgroup": "Centri", "subcategory": "Frazione"}, "geometry": {"type": "Point", "coordinates": [14.766666666, 40.733333333]}}, {"type": "Feature", "properties": {"wikidata": "Q939401", "name": "chiesa di San Biagio Maggiore", "status": "done", "osm_id": "way/270655835", "group": "Religione", "subgroup": "Luoghi di Culto", "subcategory": "Ex chiesa"}, "geometry": {"type": "Point", "coordinates": [14.25843, 40.84952]}}, {"type": "Feature", "properties": {"wikidata": "Q980745", "name": "santuario della Beata Vergine del Rosario di Pompei", "status": "done", "osm_id": "way/28778029", "group": "Religione", "subgroup": "Luoghi di Culto", "subcategory": "Basilica minore"}, "geometry": {"type": "Point", "coordinates": [14.500555555, 40.75]}}, {"type": "Feature", "properties": {"wikidata": "Q1046589", "name": "casa di Laocoonte", "status": "done", "osm_id": "node/11689107464", "group": "Archeologia", "subgroup": "Siti", "subcategory": "Rovine"}, "geometry": {"type": "Point", "coordinates": [14.48543, 40.75211]}}, {"type": "Feature", "properties": {"wikidata": "Q934858", "name": "cimitero di Poggioreale", "status": "missing", "osm_id": null, "group": "Religione", "subgroup": "Cimiteri", "subcategory": "Cimitero"}, "geometry": {"type": "Point", "coordinates": [14.29238, 40.870042]}}, {"type": "Feature", "properties": {"wikidata": "Q958145", "name": "piazza dei Martiri", "status": "done", "osm_id": "relation/4815262", "group": "Insediamenti", "subgroup": "Zone Urbane", "subcategory": "Piazza"}, "geometry": {"type": "Point", "coordinates": [14.2418, 40.8343]}}, {"type": "Feature", "properties": {"wikidata": "Q942933", "name": "chiesa di Santa Maria della Vittoria", "status": "done", "osm_id": "way/341241185", "group": "Religione", "subgroup": "Luoghi di Culto", "subcategory": "Chiesa"}, "geometry": {"type": "Point", "coordinates": [14.24204, 40.83288]}}, {"type": "Feature", "properties": {"wikidata": "Q980575", "name": "Monte Faito", "status": "missing", "osm_id": null, "group": "Natura e paesaggio", "subgroup": "Montagna", "subcategory": "Montagna"}, "geometry": {"type": "Point", "coordinates": [14.513611111, 40.646111111]}}, {"type": "Feature", "properties": {"wikidata": "Q940598", "name": "chiesa di San Pietro in Vinculis", "status": "done", "osm_id": "way/261269323", "group": "Religione", "subgroup": "Luoghi di Culto", "subcategory": "Chiesa"}, "geometry": {"type": "Point", "coordinates": [14.25545, 40.84476]}}, {"type": "Feature", "properties": {"wikidata": "Q1007726", "name": "Galleria Umberto I", "status": "done", "osm_id": "way/242286729", "group": "Altro", "subgroup": "Altro", "subcategory": "Altro"}, "geometry": {"type": "Point", "coordinates": [14.24948215, 40.83844069]}}, {"type": "Feature", "properties": {"wikidata": "Q1002731", "name": "Fontana dei Leoni", "status": "done", "osm_id": "node/5370523008", "group": "Monumenti", "subgroup": "Monumenti", "subcategory": "Fontana"}, "geometry": {"type": "Point", "coordinates": [14.25, 40.83333333]}}, {"type": "Feature", "properties": {"wikidata": "Q928097", "name": "Castelluccio Cosentino", "status": "done", "osm_id": "node/1131388803", "group": "Insediamenti", "subgroup": "Centri", "subcategory": "Frazione"}, "geometry": {"type": "Point", "coordinates": [15.34067, 40.58092]}}, {"type": "Feature", "properties": {"wikidata": "Q1002734", "name": "Fontana del Gigante", "status": "done", "osm_id": "node/2960914895", "group": "Monumenti", "subgroup": "Monumenti", "subcategory": "Monumento"}, "geometry": {"type": "Point", "coordinates": [14.250081, 40.82967]}}, {"type": "Feature", "properties": {"wikidata": "Q954353", "name": "Palazzo Carafa della Spina", "status": "done", "osm_id": "way/261253518", "group": "Dimore ed edifici", "subgroup": "Residenze", "subcategory": "Palazzo"}, "geometry": {"type": "Point", "coordinates": [14.25418, 40.8479]}}, {"type": "Feature", "properties": {"wikidata": "Q1046568", "name": "casa del Moralista", "status": "done", "osm_id": "way/356696342", "group": "Archeologia", "subgroup": "Siti", "subcategory": "Rovine"}, "geometry": {"type": "Point", "coordinates": [14.49194444, 40.75194444]}}, {"type": "Feature", "properties": {"wikidata": "Q941946", "name": "Palazzo Firrao", "status": "done", "osm_id": "relation/3614613", "group": "Dimore ed edifici", "subgroup": "Residenze", "subcategory": "Palazzo"}, "geometry": {"type": "Point", "coordinates": [14.251677, 40.85023]}}, {"type": "Feature", "properties": {"wikidata": "Q1026628", "name": "Cales", "status": "done", "osm_id": "way/132407602", "group": "Archeologia", "subgroup": "Siti", "subcategory": "Sito archeologico"}, "geometry": {"type": "Point", "coordinates": [14.132, 41.2]}}, {"type": "Feature", "properties": {"wikidata": "Q1030158", "name": "complesso degli Incurabili", "status": "done", "osm_id": "node/7788139070", "group": "Religione", "subgroup": "Luoghi di Culto", "subcategory": "Chiesa"}, "geometry": {"type": "Point", "coordinates": [14.254845, 40.854]}}, {"type": "Feature", "properties": {"wikidata": "Q975255", "name": "chiesa di San Diego all'Ospedaletto", "status": "done", "osm_id": "way/248003432", "group": "Religione", "subgroup": "Luoghi di Culto", "subcategory": "Chiesa"}, "geometry": {"type": "Point", "coordinates": [14.25295, 40.84236]}}, {"type": "Feature", "properties": {"wikidata": "Q3674006", "name": "chiesa di Santa Maria delle Grazie all'Orto del Conte", "status": "missing", "osm_id": null, "group": "Religione", "subgroup": "Luoghi di Culto", "subcategory": "Chiesa"}, "geometry": {"type": "Point", "coordinates": [14.2666, 40.8492]}}, {"type": "Feature", "properties": {"wikidata": "Q3673941", "name": "chiesa di Santa Maria della Vita", "status": "done", "osm_id": "way/433810981", "group": "Religione", "subgroup": "Luoghi di Culto", "subcategory": "Ex chiesa"}, "geometry": {"type": "Point", "coordinates": [14.2458, 40.85934]}}, {"type": "Feature", "properties": {"wikidata": "Q3675110", "name": "chiostro di Sant'Eframo Vecchio", "status": "missing", "osm_id": null, "group": "Altro", "subgroup": "Altro", "subcategory": "Altro"}, "geometry": {"type": "Point", "coordinates": [14.25907, 40.868052]}}, {"type": "Feature", "properties": {"wikidata": "Q3675061", "name": "Chiostri di Santa Chiara", "status": "missing", "osm_id": null, "group": "Altro", "subgroup": "Altro", "subcategory": "Altro"}, "geometry": {"type": "Point", "coordinates": [14.25311667, 40.84605833]}}, {"type": "Feature", "properties": {"wikidata": "Q3673806", "name": "chiesa di Santa Maria dell'Assunta", "status": "done", "osm_id": "way/1123329190", "group": "Religione", "subgroup": "Luoghi di Culto", "subcategory": "Chiesa"}, "geometry": {"type": "Point", "coordinates": [14.537931, 40.678909]}}, {"type": "Feature", "properties": {"wikidata": "Q3674220", "name": "chiesa di Santa Sofia", "status": "done", "osm_id": "way/751445812", "group": "Religione", "subgroup": "Luoghi di Culto", "subcategory": "Chiesa"}, "geometry": {"type": "Point", "coordinates": [14.21704444, 40.55418611]}}, {"type": "Feature", "properties": {"wikidata": "Q3673904", "name": "chiesa di Santa Maria della Purit\u00e0 degli Orefici", "status": "missing", "osm_id": null, "group": "Religione", "subgroup": "Luoghi di Culto", "subcategory": "Chiesa"}, "geometry": {"type": "Point", "coordinates": [14.247974, 40.856632]}}, {"type": "Feature", "properties": {"wikidata": "Q3673981", "name": "chiesa di Santa Maria delle Grazie", "status": "done", "osm_id": "way/207516423", "group": "Religione", "subgroup": "Luoghi di Culto", "subcategory": "Ex chiesa"}, "geometry": {"type": "Point", "coordinates": [14.242383, 40.838166]}}, {"type": "Feature", "properties": {"wikidata": "Q3674159", "name": "chiesa di Santa Maria la Palma", "status": "done", "osm_id": "way/269643621", "group": "Religione", "subgroup": "Luoghi di Culto", "subcategory": "Chiesa"}, "geometry": {"type": "Point", "coordinates": [14.25974, 40.848885]}}, {"type": "Feature", "properties": {"wikidata": "Q3674164", "name": "chiesa di Santa Maria stella del mare", "status": "done", "osm_id": "way/269642140", "group": "Religione", "subgroup": "Luoghi di Culto", "subcategory": "Chiesa"}, "geometry": {"type": "Point", "coordinates": [14.25981, 40.848505]}}, {"type": "Feature", "properties": {"wikidata": "Q3678437", "name": "Citt\u00e0 del libro", "status": "missing", "osm_id": null, "group": "Dimore ed edifici", "subgroup": "Strutture Varie", "subcategory": "Complesso di edifici"}, "geometry": {"type": "Point", "coordinates": [14.347022, 40.864394]}}, {"type": "Feature", "properties": {"wikidata": "Q3674407", "name": "chiesa ed ex convento domenicano di San Bartolomeo", "status": "missing", "osm_id": null, "group": "Religione", "subgroup": "Luoghi di Culto", "subcategory": "Chiesa"}, "geometry": {"type": "Point", "coordinates": [15.101898, 40.668644]}}, {"type": "Feature", "properties": {"wikidata": "Q3675107", "name": "chiostro di Sant'Agnello", "status": "missing", "osm_id": null, "group": "Altro", "subgroup": "Altro", "subcategory": "Altro"}, "geometry": {"type": "Point", "coordinates": [14.25205, 40.85311111]}}, {"type": "Feature", "properties": {"wikidata": "Q3673862", "name": "chiesa di Santa Maria della Misericordia ai Vergini", "status": "done", "osm_id": "way/433333591", "group": "Religione", "subgroup": "Luoghi di Culto", "subcategory": "Chiesa"}, "geometry": {"type": "Point", "coordinates": [14.25528, 40.8562]}}, {"type": "Feature", "properties": {"wikidata": "Q3673804", "name": "chiesa di Santa Maria dell'Anima a Parco Margherita", "status": "done", "osm_id": "way/401712901", "group": "Religione", "subgroup": "Luoghi di Culto", "subcategory": "Chiesa"}, "geometry": {"type": "Point", "coordinates": [14.23739, 40.83869]}}, {"type": "Feature", "properties": {"wikidata": "Q3675050", "name": "chiostri del monastero dei Santi Severino e Sossio", "status": "missing", "osm_id": null, "group": "Altro", "subgroup": "Altro", "subcategory": "Altro"}, "geometry": {"type": "Point", "coordinates": [14.25866944, 40.84830556]}}, {"type": "Feature", "properties": {"wikidata": "Q3675101", "name": "chiostro di San Nicola da Tolentino", "status": "missing", "osm_id": null, "group": "Altro", "subgroup": "Altro", "subcategory": "Altro"}, "geometry": {"type": "Point", "coordinates": [14.241791888, 40.840303456]}}, {"type": "Feature", "properties": {"wikidata": "Q3675076", "name": "chiostro dei Santi Marcellino e Festo", "status": "done", "osm_id": "way/267079075", "group": "Dimore ed edifici", "subgroup": "Strutture Varie", "subcategory": "Complesso di edifici"}, "geometry": {"type": "Point", "coordinates": [14.25796111, 40.846975]}}, {"type": "Feature", "properties": {"wikidata": "Q3675096", "name": "chiostro di San Domenico Soriano", "status": "done", "osm_id": "relation/3614719", "group": "Altro", "subgroup": "Altro", "subcategory": "Altro"}, "geometry": {"type": "Point", "coordinates": [14.249375, 40.84884167]}}, {"type": "Feature", "properties": {"wikidata": "Q3673943", "name": "chiesa di Santa Maria della Vittoria e Santissima Trinit\u00e0 all'Anticaglia", "status": "done", "osm_id": "way/1433780568", "group": "Religione", "subgroup": "Luoghi di Culto", "subcategory": "Chiesa"}, "geometry": {"type": "Point", "coordinates": [14.25587, 40.85237]}}, {"type": "Feature", "properties": {"wikidata": "Q3674035", "name": "chiesa di Santa Maria di Costantinopoli", "status": "done", "osm_id": "way/669969809", "group": "Religione", "subgroup": "Luoghi di Culto", "subcategory": "Chiesa"}, "geometry": {"type": "Point", "coordinates": [14.55515278, 41.28181667]}}, {"type": "Feature", "properties": {"wikidata": "Q3675108", "name": "chiostro di Sant'Agostino alla Zecca", "status": "done", "osm_id": "relation/3825615", "group": "Altro", "subgroup": "Altro", "subcategory": "Altro"}, "geometry": {"type": "Point", "coordinates": [14.26308056, 40.849]}}, {"type": "Feature", "properties": {"wikidata": "Q3677404", "name": "Ciorani", "status": "done", "osm_id": "node/1582449954", "group": "Insediamenti", "subgroup": "Centri", "subcategory": "Frazione"}, "geometry": {"type": "Point", "coordinates": [14.73182, 40.80525]}}, {"type": "Feature", "properties": {"wikidata": "Q3676949", "name": "cimitero di Santa Maria del Pianto", "status": "done", "osm_id": "way/169439726", "group": "Religione", "subgroup": "Cimiteri", "subcategory": "Cimitero"}, "geometry": {"type": "Point", "coordinates": [14.28332, 40.86783]}}, {"type": "Feature", "properties": {"wikidata": "Q3675074", "name": "chiostro dei Miracoli", "status": "done", "osm_id": "relation/6440895", "group": "Altro", "subgroup": "Altro", "subcategory": "Altro"}, "geometry": {"type": "Point", "coordinates": [14.25688611, 40.85890556]}}, {"type": "Feature", "properties": {"wikidata": "Q3673888", "name": "chiesa di Santa Maria della Pomice", "status": "missing", "osm_id": null, "group": "Religione", "subgroup": "Luoghi di Culto", "subcategory": "Chiesa"}, "geometry": {"type": "Point", "coordinates": [14.613639, 40.666789]}}, {"type": "Feature", "properties": {"wikidata": "Q3673832", "name": "chiesa di Santa Maria della Consolazione a Villanova", "status": "done", "osm_id": "way/418320761", "group": "Religione", "subgroup": "Luoghi di Culto", "subcategory": "Chiesa"}, "geometry": {"type": "Point", "coordinates": [14.20699, 40.820624]}}, {"type": "Feature", "properties": {"wikidata": "Q3676925", "name": "cimitero delle 366 Fosse", "status": "done", "osm_id": "way/733417092", "group": "Religione", "subgroup": "Cimiteri", "subcategory": "Cimitero"}, "geometry": {"type": "Point", "coordinates": [14.277638888, 40.867]}}, {"type": "Feature", "properties": {"wikidata": "Q3674243", "name": "chiesa di Santa Teresella degli Spagnoli", "status": "done", "osm_id": "way/270122492", "group": "Religione", "subgroup": "Luoghi di Culto", "subcategory": "Ex chiesa"}, "geometry": {"type": "Point", "coordinates": [14.2444, 40.837373]}}, {"type": "Feature", "properties": {"wikidata": "Q3673812", "name": "chiesa di Santa Maria dell'Orto", "status": "done", "osm_id": "way/734891812", "group": "Religione", "subgroup": "Luoghi di Culto", "subcategory": "Chiesa"}, "geometry": {"type": "Point", "coordinates": [14.48272, 40.69712]}}, {"type": "Feature", "properties": {"wikidata": "Q3673932", "name": "chiesa di Santa Maria della Verit\u00e0", "status": "done", "osm_id": "way/249343161", "group": "Religione", "subgroup": "Luoghi di Culto", "subcategory": "Chiesa"}, "geometry": {"type": "Point", "coordinates": [14.771575, 41.13047222]}}, {"type": "Feature", "properties": {"wikidata": "Q3674223", "name": "chiesa di Santa Sofia", "status": "done", "osm_id": "way/733645895", "group": "Religione", "subgroup": "Luoghi di Culto", "subcategory": "Chiesa"}, "geometry": {"type": "Point", "coordinates": [14.204357, 40.92868]}}, {"type": "Feature", "properties": {"wikidata": "Q3675055", "name": "Chiostri di San Domenico Maggiore", "status": "missing", "osm_id": null, "group": "Altro", "subgroup": "Altro", "subcategory": "Altro"}, "geometry": {"type": "Point", "coordinates": [14.25323611, 40.84879444]}}, {"type": "Feature", "properties": {"wikidata": "Q3674080", "name": "chiesa di Santa Maria di Portosalvo", "status": "done", "osm_id": "way/734893728", "group": "Religione", "subgroup": "Luoghi di Culto", "subcategory": "Chiesa"}, "geometry": {"type": "Point", "coordinates": [14.473384, 40.690897]}}, {"type": "Feature", "properties": {"wikidata": "Q3673846", "name": "chiesa di Santa Maria della Lettera", "status": "missing", "osm_id": null, "group": "Religione", "subgroup": "Luoghi di Culto", "subcategory": "Chiesa"}, "geometry": {"type": "Point", "coordinates": [14.24717, 40.84081]}}, {"type": "Feature", "properties": {"wikidata": "Q3673864", "name": "chiesa di Santa Maria della Nativit\u00e0", "status": "done", "osm_id": "way/627523388", "group": "Religione", "subgroup": "Luoghi di Culto", "subcategory": "Chiesa"}, "geometry": {"type": "Point", "coordinates": [14.26841, 40.88787]}}, {"type": "Feature", "properties": {"wikidata": "Q3674065", "name": "chiesa di Santa Maria di Monserrato", "status": "done", "osm_id": "way/240831874", "group": "Religione", "subgroup": "Luoghi di Culto", "subcategory": "Ex chiesa"}, "geometry": {"type": "Point", "coordinates": [14.255925, 40.843028]}}, {"type": "Feature", "properties": {"wikidata": "Q3674275", "name": "chiesa di Santo Stefano", "status": "done", "osm_id": "way/752097559", "group": "Religione", "subgroup": "Luoghi di Culto", "subcategory": "Chiesa"}, "geometry": {"type": "Point", "coordinates": [14.24309, 40.55054]}}, {"type": "Feature", "properties": {"wikidata": "Q3673781", "name": "chiesa di Santa Maria del Soccorso all'Arenella", "status": "done", "osm_id": "way/413125951", "group": "Religione", "subgroup": "Luoghi di Culto", "subcategory": "Chiesa"}, "geometry": {"type": "Point", "coordinates": [14.23068, 40.854001]}}, {"type": "Feature", "properties": {"wikidata": "Q3675056", "name": "Chiostri di San Giuseppe dei Ruffi", "status": "missing", "osm_id": null, "group": "Altro", "subgroup": "Altro", "subcategory": "Altro"}, "geometry": {"type": "Point", "coordinates": [14.25751667, 40.85383611]}}, {"type": "Feature", "properties": {"wikidata": "Q3673865", "name": "chiesa di Santa Maria della Neve", "status": "missing", "osm_id": null, "group": "Religione", "subgroup": "Luoghi di Culto", "subcategory": "Chiesa"}, "geometry": {"type": "Point", "coordinates": [14.602592, 40.635953]}}, {"type": "Feature", "properties": {"wikidata": "Q3674071", "name": "chiesa di Santa Maria di Piedigrotta al Lavinaio", "status": "done", "osm_id": "way/274949845", "group": "Religione", "subgroup": "Luoghi di Culto", "subcategory": "Chiesa"}, "geometry": {"type": "Point", "coordinates": [14.2674, 40.8483]}}, {"type": "Feature", "properties": {"wikidata": "Q3673985", "name": "chiesa di Santa Maria delle Grazie", "status": "done", "osm_id": "way/124062560", "group": "Religione", "subgroup": "Luoghi di Culto", "subcategory": "Chiesa"}, "geometry": {"type": "Point", "coordinates": [14.1186, 40.82311]}}, {"type": "Feature", "properties": {"wikidata": "Q3675234", "name": "valico di Chiunzi", "status": "done", "osm_id": "node/4419828388", "group": "Natura e paesaggio", "subgroup": "Montagna", "subcategory": "Passo"}, "geometry": {"type": "Point", "coordinates": [14.619414, 40.718793]}}, {"type": "Feature", "properties": {"wikidata": "Q3676917", "name": "cimitero dei Colerosi di Napoli", "status": "done", "osm_id": "way/1062659710", "group": "Religione", "subgroup": "Cimiteri", "subcategory": "Cimitero"}, "geometry": {"type": "Point", "coordinates": [14.278648, 40.867317]}}, {"type": "Feature", "properties": {"wikidata": "Q3678804", "name": "Civitella Licinio", "status": "done", "osm_id": "node/1727691542", "group": "Insediamenti", "subgroup": "Centri", "subcategory": "Frazione"}, "geometry": {"type": "Point", "coordinates": [14.52636, 41.31006]}}, {"type": "Feature", "properties": {"wikidata": "Q3673782", "name": "chiesa di Santa Maria del Soccorso", "status": "done", "osm_id": "way/935422192", "group": "Religione", "subgroup": "Luoghi di Culto", "subcategory": "Chiesa"}, "geometry": {"type": "Point", "coordinates": [14.32053, 40.82357]}}, {"type": "Feature", "properties": {"wikidata": "Q3673863", "name": "chiesa di Santa Maria della Nativit\u00e0", "status": "missing", "osm_id": null, "group": "Religione", "subgroup": "Luoghi di Culto", "subcategory": "Chiesa"}, "geometry": {"type": "Point", "coordinates": [14.328639, 41.249917]}}, {"type": "Feature", "properties": {"wikidata": "Q3673854", "name": "chiesa di Santa Maria della Mercede e Sant'Alfonso Maria de' Liguori", "status": "done", "osm_id": "way/270743264", "group": "Religione", "subgroup": "Luoghi di Culto", "subcategory": "Chiesa"}, "geometry": {"type": "Point", "coordinates": [14.25218, 40.84934]}}, {"type": "Feature", "properties": {"wikidata": "Q3674156", "name": "chiesa di Santa Maria la Manna", "status": "missing", "osm_id": null, "group": "Religione", "subgroup": "Luoghi di Culto", "subcategory": "Chiesa"}, "geometry": {"type": "Point", "coordinates": [14.542833, 40.642306]}}, {"type": "Feature", "properties": {"wikidata": "Q3675115", "name": "chiostro di Santa Maria di Piedigrotta", "status": "missing", "osm_id": null, "group": "Altro", "subgroup": "Altro", "subcategory": "Altro"}, "geometry": {"type": "Point", "coordinates": [14.21916, 40.8306]}}, {"type": "Feature", "properties": {"wikidata": "Q3673805", "name": "chiesa di Santa Maria dell'Arco a Portanova", "status": "missing", "osm_id": null, "group": "Religione", "subgroup": "Luoghi di Culto", "subcategory": "Chiesa"}, "geometry": {"type": "Point", "coordinates": [14.25905, 40.847065]}}, {"type": "Feature", "properties": {"wikidata": "Q3675049", "name": "Chiostri del Carmine Maggiore", "status": "done", "osm_id": "way/253501232", "group": "Altro", "subgroup": "Altro", "subcategory": "Altro"}, "geometry": {"type": "Point", "coordinates": [14.26788611, 40.84659722]}}, {"type": "Feature", "properties": {"wikidata": "Q3675114", "name": "chiostro di Santa Maria della Colonna", "status": "missing", "osm_id": null, "group": "Altro", "subgroup": "Altro", "subcategory": "Altro"}, "geometry": {"type": "Point", "coordinates": [14.25879722, 40.85114444]}}, {"type": "Feature", "properties": {"wikidata": "Q3673759", "name": "chiesa di Santa Maria del Presidio", "status": "done", "osm_id": "node/13159472230", "group": "Religione", "subgroup": "Luoghi di Culto", "subcategory": "Chiesa"}, "geometry": {"type": "Point", "coordinates": [14.248179, 40.845916]}}, {"type": "Feature", "properties": {"wikidata": "Q3674161", "name": "chiesa di Santa Maria la Scala", "status": "done", "osm_id": "way/253360380", "group": "Religione", "subgroup": "Luoghi di Culto", "subcategory": "Chiesa"}, "geometry": {"type": "Point", "coordinates": [14.265858, 40.849292]}}, {"type": "Feature", "properties": {"wikidata": "Q3673925", "name": "chiesa di Santa Maria della Strada", "status": "missing", "osm_id": null, "group": "Religione", "subgroup": "Luoghi di Culto", "subcategory": "Chiesa"}, "geometry": {"type": "Point", "coordinates": [14.628389, 41.252272]}}, {"type": "Feature", "properties": {"wikidata": "Q3675075", "name": "chiostro dei Santi Apostoli", "status": "missing", "osm_id": null, "group": "Altro", "subgroup": "Altro", "subcategory": "Altro"}, "geometry": {"type": "Point", "coordinates": [14.26009444, 40.85427778]}}, {"type": "Feature", "properties": {"wikidata": "Q3674187", "name": "chiesa di Santa Patrizia", "status": "done", "osm_id": "way/271301091", "group": "Religione", "subgroup": "Luoghi di Culto", "subcategory": "Chiesa"}, "geometry": {"type": "Point", "coordinates": [14.25552, 40.85355]}}, {"type": "Feature", "properties": {"wikidata": "Q3674390", "name": "chiesa e convento di Sant'Andrea", "status": "done", "osm_id": "relation/65350", "group": "Religione", "subgroup": "Luoghi di Culto", "subcategory": "Chiesa"}, "geometry": {"type": "Point", "coordinates": [14.644325, 40.74833889]}}, {"type": "Feature", "properties": {"wikidata": "Q3674034", "name": "chiesa di Santa Maria di Costantinopoli", "status": "done", "osm_id": "way/272307455", "group": "Religione", "subgroup": "Luoghi di Culto", "subcategory": "Chiesa"}, "geometry": {"type": "Point", "coordinates": [14.77286667, 41.1367]}}, {"type": "Feature", "properties": {"wikidata": "Q3675104", "name": "Complesso universitario di San Pietro Martire", "status": "missing", "osm_id": null, "group": "Dimore ed edifici", "subgroup": "Strutture Varie", "subcategory": "Complesso di edifici"}, "geometry": {"type": "Point", "coordinates": [14.258016666, 40.844466666]}}, {"type": "Feature", "properties": {"wikidata": "Q3674224", "name": "chiesa di Santa Sofia", "status": "done", "osm_id": "way/288076946", "group": "Religione", "subgroup": "Luoghi di Culto", "subcategory": "Chiesa"}, "geometry": {"type": "Point", "coordinates": [14.26187, 40.85431]}}, {"type": "Feature", "properties": {"wikidata": "Q3675097", "name": "Chiostro di San Giovanni a Carbonara", "status": "missing", "osm_id": null, "group": "Altro", "subgroup": "Altro", "subcategory": "Altro"}, "geometry": {"type": "Point", "coordinates": [14.25996389, 40.85629444]}}, {"type": "Feature", "properties": {"wikidata": "Q3675062", "name": "Convento di Santa Maria La Nova", "status": "done", "osm_id": "relation/1191665", "group": "Religione", "subgroup": "Vita Monastica", "subcategory": "Convento"}, "geometry": {"type": "Point", "coordinates": [14.25338889, 40.844025]}}, {"type": "Feature", "properties": {"wikidata": "Q3673933", "name": "chiesa di Santa Maria della Verit\u00e0", "status": "done", "osm_id": "way/432918799", "group": "Religione", "subgroup": "Luoghi di Culto", "subcategory": "Chiesa"}, "geometry": {"type": "Point", "coordinates": [14.247708, 40.85555]}}, {"type": "Feature", "properties": {"wikidata": "Q3675052", "name": "Chiostri di Monteoliveto", "status": "missing", "osm_id": null, "group": "Altro", "subgroup": "Altro", "subcategory": "Altro"}, "geometry": {"type": "Point", "coordinates": [14.25071, 40.844334]}}, {"type": "Feature", "properties": {"wikidata": "Q3673991", "name": "chiesa di Santa Maria delle Grazie", "status": "missing", "osm_id": null, "group": "Religione", "subgroup": "Luoghi di Culto", "subcategory": "Chiesa"}, "geometry": {"type": "Point", "coordinates": [14.685144, 40.802158]}}, {"type": "Feature", "properties": {"wikidata": "Q3675117", "name": "chiostro di Suor Orsola", "status": "missing", "osm_id": null, "group": "Altro", "subgroup": "Altro", "subcategory": "Altro"}, "geometry": {"type": "Point", "coordinates": [14.242656, 40.840575]}}, {"type": "Feature", "properties": {"wikidata": "Q3674403", "name": "chiesa e monastero di Santa Maria della Pace", "status": "done", "osm_id": "way/734893459", "group": "Religione", "subgroup": "Luoghi di Culto", "subcategory": "Chiesa"}, "geometry": {"type": "Point", "coordinates": [14.478011, 40.692583]}}, {"type": "Feature", "properties": {"wikidata": "Q3678449", "name": "Citt\u00e0 della scienza", "status": "done", "osm_id": "way/174047981", "group": "Altro", "subgroup": "Altro", "subcategory": "Altro"}, "geometry": {"type": "Point", "coordinates": [14.17376, 40.80565]}}, {"type": "Feature", "properties": {"wikidata": "Q3676916", "name": "cimitero dei Colerosi di Barra", "status": "missing", "osm_id": null, "group": "Religione", "subgroup": "Cimiteri", "subcategory": "Cimitero"}, "geometry": {"type": "Point", "coordinates": [14.323484, 40.827015]}}, {"type": "Feature", "properties": {"wikidata": "Q3674358", "name": "chiesa di Santo Strato a Posillipo", "status": "done", "osm_id": "way/270111300", "group": "Religione", "subgroup": "Luoghi di Culto", "subcategory": "Chiesa"}, "geometry": {"type": "Point", "coordinates": [14.193373, 40.8043]}}, {"type": "Feature", "properties": {"wikidata": "Q3674001", "name": "chiesa di Santa Maria delle Grazie a Piazza Cavour", "status": "done", "osm_id": "way/278070797", "group": "Religione", "subgroup": "Luoghi di Culto", "subcategory": "Chiesa"}, "geometry": {"type": "Point", "coordinates": [14.25513, 40.85485]}}, {"type": "Feature", "properties": {"wikidata": "Q3629576", "name": "Augusto", "status": "done", "osm_id": "node/8898465152", "group": "Altro", "subgroup": "Altro", "subcategory": "Altro"}, "geometry": {"type": "Point", "coordinates": [14.1983, 40.8262]}}, {"type": "Feature", "properties": {"wikidata": "Q3674381", "name": "chiesa e convento di San Giovanni in Parco", "status": "done", "osm_id": "way/273443172", "group": "Religione", "subgroup": "Luoghi di Culto", "subcategory": "Chiesa"}, "geometry": {"type": "Point", "coordinates": [14.639475, 40.74784722]}}, {"type": "Feature", "properties": {"wikidata": "Q3675048", "name": "Chiostri dei Girolamini", "status": "missing", "osm_id": null, "group": "Altro", "subgroup": "Altro", "subcategory": "Altro"}, "geometry": {"type": "Point", "coordinates": [14.25830278, 40.852625]}}, {"type": "Feature", "properties": {"wikidata": "Q3675090", "name": "chiostro di Montecalvario", "status": "missing", "osm_id": null, "group": "Altro", "subgroup": "Altro", "subcategory": "Altro"}, "geometry": {"type": "Point", "coordinates": [14.24574, 40.84241]}}, {"type": "Feature", "properties": {"wikidata": "Q3674333", "name": "chiesa di Santo Stefano al Vomero", "status": "done", "osm_id": "way/1427743317", "group": "Religione", "subgroup": "Luoghi di Culto", "subcategory": "Chiesa"}, "geometry": {"type": "Point", "coordinates": [14.214554, 40.837974]}}, {"type": "Feature", "properties": {"wikidata": "Q3673829", "name": "chiesa di Santa Maria della Consolazione", "status": "done", "osm_id": "way/302037571", "group": "Religione", "subgroup": "Luoghi di Culto", "subcategory": "Chiesa"}, "geometry": {"type": "Point", "coordinates": [14.12572, 40.82411]}}, {"type": "Feature", "properties": {"wikidata": "Q3674079", "name": "chiesa di Santa Maria di Portosalvo", "status": "done", "osm_id": "way/119945550", "group": "Religione", "subgroup": "Luoghi di Culto", "subcategory": "Chiesa"}, "geometry": {"type": "Point", "coordinates": [14.36338, 40.78552]}}, {"type": "Feature", "properties": {"wikidata": "Q3675060", "name": "chiostri di Santa Caterina a Formiello", "status": "missing", "osm_id": null, "group": "Altro", "subgroup": "Altro", "subcategory": "Altro"}, "geometry": {"type": "Point", "coordinates": [14.26461667, 40.85473056]}}, {"type": "Feature", "properties": {"wikidata": "Q3675058", "name": "chiostri di San Pietro a Majella", "status": "missing", "osm_id": null, "group": "Altro", "subgroup": "Altro", "subcategory": "Altro"}, "geometry": {"type": "Point", "coordinates": [14.25276111, 40.84939444]}}, {"type": "Feature", "properties": {"wikidata": "Q3675080", "name": "Chiostro dell'Ospedaletto", "status": "missing", "osm_id": null, "group": "Altro", "subgroup": "Altro", "subcategory": "Altro"}, "geometry": {"type": "Point", "coordinates": [14.253036, 40.842637]}}, {"type": "Feature", "properties": {"wikidata": "Q3673749", "name": "chiesa di Santa Maria del Pianto", "status": "done", "osm_id": "way/1180300367", "group": "Religione", "subgroup": "Luoghi di Culto", "subcategory": "Chiesa"}, "geometry": {"type": "Point", "coordinates": [14.28335556, 40.86763889]}}, {"type": "Feature", "properties": {"wikidata": "Q3673903", "name": "chiesa di Santa Maria della Purit\u00e0", "status": "done", "osm_id": "way/137135531", "group": "Religione", "subgroup": "Luoghi di Culto", "subcategory": "Chiesa"}, "geometry": {"type": "Point", "coordinates": [14.28167, 40.88895]}}, {"type": "Feature", "properties": {"wikidata": "Q3674227", "name": "chiesa di San Marco dei Sabariani in Santa Teresa", "status": "done", "osm_id": "way/188278612", "group": "Religione", "subgroup": "Luoghi di Culto", "subcategory": "Ex chiesa"}, "geometry": {"type": "Point", "coordinates": [14.77760278, 41.13233889]}}, {"type": "Feature", "properties": {"wikidata": "Q3674208", "name": "chiesa di Santa Rosa a Regina Coeli", "status": "done", "osm_id": "way/280029541", "group": "Religione", "subgroup": "Luoghi di Culto", "subcategory": "Ex chiesa"}, "geometry": {"type": "Point", "coordinates": [14.254088, 40.851904]}}, {"type": "Feature", "properties": {"wikidata": "Q18436706", "name": "Prea", "status": "done", "osm_id": "node/1727509717", "group": "Insediamenti", "subgroup": "Centri", "subcategory": "Insediamento umano"}, "geometry": {"type": "Point", "coordinates": [14.27648, 41.20241]}}, {"type": "Feature", "properties": {"wikidata": "Q3685188", "name": "Complesso archeologico di Baia", "status": "done", "osm_id": "way/124092891", "group": "Altro", "subgroup": "Altro", "subcategory": "Altro"}, "geometry": {"type": "Point", "coordinates": [14.069397, 40.818649]}}, {"type": "Feature", "properties": {"wikidata": "Q18436675", "name": "Paoli", "status": "missing", "osm_id": null, "group": "Insediamenti", "subgroup": "Centri", "subcategory": "Frazione"}, "geometry": {"type": "Point", "coordinates": [13.93147, 41.27713]}}, {"type": "Feature", "properties": {"wikidata": "Q18436686", "name": "Perrone", "status": "done", "osm_id": "node/9226603246", "group": "Insediamenti", "subgroup": "Centri", "subcategory": "Insediamento umano"}, "geometry": {"type": "Point", "coordinates": [14.40214, 41.00996]}}, {"type": "Feature", "properties": {"wikidata": "Q18436683", "name": "Pecorari", "status": "missing", "osm_id": null, "group": "Insediamenti", "subgroup": "Centri", "subcategory": "Insediamento umano"}, "geometry": {"type": "Point", "coordinates": [13.95391, 41.35519]}}, {"type": "Feature", "properties": {"wikidata": "Q18436684", "name": "Pellegrino", "status": "done", "osm_id": "node/1727509700", "group": "Insediamenti", "subgroup": "Centri", "subcategory": "Insediamento umano"}, "geometry": {"type": "Point", "coordinates": [14.24995, 41.19079]}}, {"type": "Feature", "properties": {"wikidata": "Q18436648", "name": "Masseria Tre Ponti", "status": "missing", "osm_id": null, "group": "Insediamenti", "subgroup": "Centri", "subcategory": "Insediamento umano"}, "geometry": {"type": "Point", "coordinates": [13.85433, 41.16921]}}, {"type": "Feature", "properties": {"wikidata": "Q18436642", "name": "Masseria Carbone", "status": "missing", "osm_id": null, "group": "Insediamenti", "subgroup": "Centri", "subcategory": "Insediamento umano"}, "geometry": {"type": "Point", "coordinates": [14.39871, 41.00596]}}, {"type": "Feature", "properties": {"wikidata": "Q3683333", "name": "Cologna", "status": "done", "osm_id": "node/1586321045", "group": "Insediamenti", "subgroup": "Centri", "subcategory": "Frazione"}, "geometry": {"type": "Point", "coordinates": [14.775555555, 40.719166666]}}, {"type": "Feature", "properties": {"wikidata": "Q18436643", "name": "Masseria Castelluccio", "status": "missing", "osm_id": null, "group": "Insediamenti", "subgroup": "Centri", "subcategory": "Insediamento umano"}, "geometry": {"type": "Point", "coordinates": [14.1036, 41.29318]}}, {"type": "Feature", "properties": {"wikidata": "Q18436641", "name": "Masseria Assini", "status": "missing", "osm_id": null, "group": "Insediamenti", "subgroup": "Centri", "subcategory": "Insediamento umano"}, "geometry": {"type": "Point", "coordinates": [14.42996, 41.00961]}}, {"type": "Feature", "properties": {"wikidata": "Q18436671", "name": "Orchi", "status": "missing", "osm_id": null, "group": "Insediamenti", "subgroup": "Centri", "subcategory": "Frazione"}, "geometry": {"type": "Point", "coordinates": [14.00147, 41.3214]}}, {"type": "Feature", "properties": {"wikidata": "Q18436656", "name": "Medici", "status": "done", "osm_id": "node/5238725929", "group": "Insediamenti", "subgroup": "Centri", "subcategory": "Insediamento umano"}, "geometry": {"type": "Point", "coordinates": [14.22646, 41.21008]}}, {"type": "Feature", "properties": {"wikidata": "Q18436654", "name": "Mastrati", "status": "missing", "osm_id": null, "group": "Insediamenti", "subgroup": "Centri", "subcategory": "Frazione"}, "geometry": {"type": "Point", "coordinates": [14.1229, 41.40342]}}, {"type": "Feature", "properties": {"wikidata": "Q3683079", "name": "Colli Aminei", "status": "done", "osm_id": "node/8440420519", "group": "Altro", "subgroup": "Altro", "subcategory": "Altro"}, "geometry": {"type": "Point", "coordinates": [14.2283, 40.8696]}}, {"type": "Feature", "properties": {"wikidata": "Q18436640", "name": "Masseria Arsa", "status": "missing", "osm_id": null, "group": "Insediamenti", "subgroup": "Centri", "subcategory": "Frazione"}, "geometry": {"type": "Point", "coordinates": [14.08787, 40.99969]}}, {"type": "Feature", "properties": {"wikidata": "Q3685195", "name": "Complesso del Carminiello al Mercato", "status": "done", "osm_id": "way/262949458", "group": "Religione", "subgroup": "Luoghi di Culto", "subcategory": "Chiesa"}, "geometry": {"type": "Point", "coordinates": [14.266195, 40.84828]}}, {"type": "Feature", "properties": {"wikidata": "Q18436674", "name": "Palombisci", "status": "missing", "osm_id": null, "group": "Insediamenti", "subgroup": "Centri", "subcategory": "Insediamento umano"}, "geometry": {"type": "Point", "coordinates": [14.14278, 41.39001]}}, {"type": "Feature", "properties": {"wikidata": "Q18436710", "name": "Provinc. Cellole-Piedimonte Rivoli", "status": "missing", "osm_id": null, "group": "Insediamenti", "subgroup": "Centri", "subcategory": "Insediamento umano"}, "geometry": {"type": "Point", "coordinates": [13.86674, 41.19778]}}, {"type": "Feature", "properties": {"wikidata": "Q18436680", "name": "Passaggio Verona", "status": "missing", "osm_id": null, "group": "Insediamenti", "subgroup": "Centri", "subcategory": "Insediamento umano"}, "geometry": {"type": "Point", "coordinates": [13.92571, 41.43459]}}, {"type": "Feature", "properties": {"wikidata": "Q18436689", "name": "Pezzagrande", "status": "missing", "osm_id": null, "group": "Insediamenti", "subgroup": "Centri", "subcategory": "Insediamento umano"}, "geometry": {"type": "Point", "coordinates": [14.17803, 41.15324]}}, {"type": "Feature", "properties": {"wikidata": "Q18436663", "name": "Montedecoro", "status": "missing", "osm_id": null, "group": "Insediamenti", "subgroup": "Centri", "subcategory": "Frazione"}, "geometry": {"type": "Point", "coordinates": [14.41774, 41.02772]}}, {"type": "Feature", "properties": {"wikidata": "Q18436647", "name": "Masseria Tabasso", "status": "missing", "osm_id": null, "group": "Insediamenti", "subgroup": "Centri", "subcategory": "Insediamento umano"}, "geometry": {"type": "Point", "coordinates": [14.15824, 41.21734]}}, {"type": "Feature", "properties": {"wikidata": "Q18436692", "name": "Piccola Casetta di Nazareth", "status": "missing", "osm_id": null, "group": "Insediamenti", "subgroup": "Centri", "subcategory": "Insediamento umano"}, "geometry": {"type": "Point", "coordinates": [14.10461, 40.99035]}}, {"type": "Feature", "properties": {"wikidata": "Q18436638", "name": "Marzi", "status": "done", "osm_id": "node/1727509659", "group": "Insediamenti", "subgroup": "Centri", "subcategory": "Insediamento umano"}, "geometry": {"type": "Point", "coordinates": [14.24029, 41.19258]}}, {"type": "Feature", "properties": {"wikidata": "Q18436661", "name": "Montanaro", "status": "missing", "osm_id": null, "group": "Insediamenti", "subgroup": "Centri", "subcategory": "Frazione"}, "geometry": {"type": "Point", "coordinates": [14.07604, 41.20389]}}, {"type": "Feature", "properties": {"wikidata": "Q18436632", "name": "Maranisi", "status": "done", "osm_id": "node/1727509638", "group": "Insediamenti", "subgroup": "Centri", "subcategory": "Insediamento umano"}, "geometry": {"type": "Point", "coordinates": [14.28388, 41.18752]}}, {"type": "Feature", "properties": {"wikidata": "Q18436679", "name": "Parco", "status": "missing", "osm_id": null, "group": "Insediamenti", "subgroup": "Centri", "subcategory": "Frazione"}, "geometry": {"type": "Point", "coordinates": [14.28007, 41.29664]}}, {"type": "Feature", "properties": {"wikidata": "Q18436704", "name": "Prata Sannita Centro", "status": "missing", "osm_id": null, "group": "Insediamenti", "subgroup": "Centri", "subcategory": "Insediamento umano"}, "geometry": {"type": "Point", "coordinates": [14.20272, 41.43282]}}, {"type": "Feature", "properties": {"wikidata": "Q18436657", "name": "Mercato Ortifrutticolo", "status": "missing", "osm_id": null, "group": "Insediamenti", "subgroup": "Centri", "subcategory": "Insediamento umano"}, "geometry": {"type": "Point", "coordinates": [13.90747, 41.09467]}}, {"type": "Feature", "properties": {"wikidata": "Q18436673", "name": "Palombara", "status": "missing", "osm_id": null, "group": "Insediamenti", "subgroup": "Centri", "subcategory": "Insediamento umano"}, "geometry": {"type": "Point", "coordinates": [14.26117, 41.13397]}}, {"type": "Feature", "properties": {"wikidata": "Q18436645", "name": "Masseria Panella", "status": "missing", "osm_id": null, "group": "Insediamenti", "subgroup": "Centri", "subcategory": "Insediamento umano"}, "geometry": {"type": "Point", "coordinates": [14.34936, 41.33973]}}, {"type": "Feature", "properties": {"wikidata": "Q18436711", "name": "Pugliano", "status": "missing", "osm_id": null, "group": "Insediamenti", "subgroup": "Centri", "subcategory": "Frazione"}, "geometry": {"type": "Point", "coordinates": [14.03325, 41.23203]}}, {"type": "Feature", "properties": {"wikidata": "Q18436688", "name": "Pescopagano", "status": "missing", "osm_id": null, "group": "Insediamenti", "subgroup": "Centri", "subcategory": "Frazione"}, "geometry": {"type": "Point", "coordinates": [13.92744, 41.05646]}}, {"type": "Feature", "properties": {"wikidata": "Q18436699", "name": "Ponte Grotta", "status": "missing", "osm_id": null, "group": "Insediamenti", "subgroup": "Centri", "subcategory": "Insediamento umano"}, "geometry": {"type": "Point", "coordinates": [14.43173, 41.0293]}}, {"type": "Feature", "properties": {"wikidata": "Q18436667", "name": "Moschilli", "status": "missing", "osm_id": null, "group": "Insediamenti", "subgroup": "Centri", "subcategory": "Insediamento umano"}, "geometry": {"type": "Point", "coordinates": [14.43562, 41.03233]}}, {"type": "Feature", "properties": {"wikidata": "Q18436662", "name": "Montano", "status": "missing", "osm_id": null, "group": "Insediamenti", "subgroup": "Centri", "subcategory": "Frazione"}, "geometry": {"type": "Point", "coordinates": [14.10198, 41.3066]}}, {"type": "Feature", "properties": {"wikidata": "Q18436690", "name": "Piantoli", "status": "missing", "osm_id": null, "group": "Insediamenti", "subgroup": "Centri", "subcategory": "Frazione"}, "geometry": {"type": "Point", "coordinates": [13.98668, 41.33971]}}, {"type": "Feature", "properties": {"wikidata": "Q18436652", "name": "Mastellone", "status": "missing", "osm_id": null, "group": "Insediamenti", "subgroup": "Centri", "subcategory": "Insediamento umano"}, "geometry": {"type": "Point", "coordinates": [14.3941, 41.06142]}}, {"type": "Feature", "properties": {"wikidata": "Q18436698", "name": "Piscinale I", "status": "missing", "osm_id": null, "group": "Insediamenti", "subgroup": "Centri", "subcategory": "Insediamento umano"}, "geometry": {"type": "Point", "coordinates": [14.43419, 41.0985]}}, {"type": "Feature", "properties": {"wikidata": "Q3685190", "name": "complesso archeologico di San Pietro a Corte", "status": "done", "osm_id": "way/661332861", "group": "Archeologia", "subgroup": "Siti", "subcategory": "Sito archeologico"}, "geometry": {"type": "Point", "coordinates": [14.7575, 40.68]}}, {"type": "Feature", "properties": {"wikidata": "Q3682897", "name": "collegiata di San Martino", "status": "done", "osm_id": "way/669969827", "group": "Altro", "subgroup": "Altro", "subcategory": "Altro"}, "geometry": {"type": "Point", "coordinates": [14.559444444, 41.284722222]}}, {"type": "Feature", "properties": {"wikidata": "Q18436633", "name": "Marano", "status": "done", "osm_id": "node/1727509642", "group": "Insediamenti", "subgroup": "Centri", "subcategory": "Insediamento umano"}, "geometry": {"type": "Point", "coordinates": [14.30958, 41.16016]}}, {"type": "Feature", "properties": {"wikidata": "Q18436708", "name": "Prospi", "status": "missing", "osm_id": null, "group": "Insediamenti", "subgroup": "Centri", "subcategory": "Insediamento umano"}, "geometry": {"type": "Point", "coordinates": [14.43964, 41.04284]}}, {"type": "Feature", "properties": {"wikidata": "Q18436677", "name": "Papari O Liporti", "status": "done", "osm_id": "node/1727509694", "group": "Insediamenti", "subgroup": "Centri", "subcategory": "Insediamento umano"}, "geometry": {"type": "Point", "coordinates": [14.36949, 41.18772]}}, {"type": "Feature", "properties": {"wikidata": "Q18436651", "name": "Masseriola III", "status": "missing", "osm_id": null, "group": "Insediamenti", "subgroup": "Centri", "subcategory": "Insediamento umano"}, "geometry": {"type": "Point", "coordinates": [14.44036, 41.0198]}}, {"type": "Feature", "properties": {"wikidata": "Q18436697", "name": "Pisciariello", "status": "missing", "osm_id": null, "group": "Insediamenti", "subgroup": "Centri", "subcategory": "Frazione"}, "geometry": {"type": "Point", "coordinates": [14.0196, 41.37137]}}, {"type": "Feature", "properties": {"wikidata": "Q18436644", "name": "Masseria Grande", "status": "missing", "osm_id": null, "group": "Insediamenti", "subgroup": "Centri", "subcategory": "Insediamento umano"}, "geometry": {"type": "Point", "coordinates": [14.42144, 41.01334]}}, {"type": "Feature", "properties": {"wikidata": "Q18436666", "name": "Morrone", "status": "done", "osm_id": "node/1727509674", "group": "Insediamenti", "subgroup": "Centri", "subcategory": "Insediamento umano"}, "geometry": {"type": "Point", "coordinates": [14.28757, 41.19031]}}, {"type": "Feature", "properties": {"wikidata": "Q18436668", "name": "Moscuso", "status": "missing", "osm_id": null, "group": "Insediamenti", "subgroup": "Centri", "subcategory": "Frazione"}, "geometry": {"type": "Point", "coordinates": [13.92849, 41.42322]}}, {"type": "Feature", "properties": {"wikidata": "Q18436649", "name": "Masseriola I", "status": "missing", "osm_id": null, "group": "Insediamenti", "subgroup": "Centri", "subcategory": "Insediamento umano"}, "geometry": {"type": "Point", "coordinates": [14.43576, 41.02172]}}, {"type": "Feature", "properties": {"wikidata": "Q18436695", "name": "Pineta Nuova", "status": "missing", "osm_id": null, "group": "Insediamenti", "subgroup": "Centri", "subcategory": "Insediamento umano"}, "geometry": {"type": "Point", "coordinates": [13.92594, 41.06824]}}, {"type": "Feature", "properties": {"wikidata": "Q18436703", "name": "Pozzillo", "status": "done", "osm_id": "node/1727509711", "group": "Insediamenti", "subgroup": "Centri", "subcategory": "Insediamento umano"}, "geometry": {"type": "Point", "coordinates": [14.1953, 41.20337]}}, {"type": "Feature", "properties": {"wikidata": "Q18436693", "name": "Piedimonte", "status": "missing", "osm_id": null, "group": "Insediamenti", "subgroup": "Centri", "subcategory": "Frazione"}, "geometry": {"type": "Point", "coordinates": [13.89856, 41.18886]}}, {"type": "Feature", "properties": {"wikidata": "Q18436672", "name": "Ortola", "status": "done", "osm_id": "node/1727509682", "group": "Insediamenti", "subgroup": "Centri", "subcategory": "Insediamento umano"}, "geometry": {"type": "Point", "coordinates": [14.39741, 41.1766]}}, {"type": "Feature", "properties": {"wikidata": "Q18436682", "name": "Pastanelle", "status": "done", "osm_id": "node/1727509695", "group": "Insediamenti", "subgroup": "Centri", "subcategory": "Insediamento umano"}, "geometry": {"type": "Point", "coordinates": [14.20719, 41.27395]}}, {"type": "Feature", "properties": {"wikidata": "Q18436678", "name": "Parco dei Salici", "status": "missing", "osm_id": null, "group": "Insediamenti", "subgroup": "Centri", "subcategory": "Insediamento umano"}, "geometry": {"type": "Point", "coordinates": [14.22158, 41.09188]}}, {"type": "Feature", "properties": {"wikidata": "Q18436707", "name": "Profeti", "status": "missing", "osm_id": null, "group": "Insediamenti", "subgroup": "Centri", "subcategory": "Frazione"}, "geometry": {"type": "Point", "coordinates": [14.28133, 41.23593]}}, {"type": "Feature", "properties": {"wikidata": "Q18436664", "name": "Monti", "status": "missing", "osm_id": null, "group": "Insediamenti", "subgroup": "Centri", "subcategory": "Insediamento umano"}, "geometry": {"type": "Point", "coordinates": [14.36355, 41.02501]}}, {"type": "Feature", "properties": {"wikidata": "Q18436655", "name": "Mazzafarro", "status": "missing", "osm_id": null, "group": "Insediamenti", "subgroup": "Centri", "subcategory": "Insediamento umano"}, "geometry": {"type": "Point", "coordinates": [13.99661, 41.067]}}, {"type": "Feature", "properties": {"wikidata": "Q18436665", "name": "Monticello", "status": "missing", "osm_id": null, "group": "Insediamenti", "subgroup": "Centri", "subcategory": "Insediamento umano"}, "geometry": {"type": "Point", "coordinates": [14.34521, 41.12013]}}, {"type": "Feature", "properties": {"wikidata": "Q18436658", "name": "Mieli", "status": "missing", "osm_id": null, "group": "Insediamenti", "subgroup": "Centri", "subcategory": "Frazione"}, "geometry": {"type": "Point", "coordinates": [13.94948, 41.3559]}}, {"type": "Feature", "properties": {"wikidata": "Q18436701", "name": "Porchera", "status": "done", "osm_id": "node/1727691821", "group": "Insediamenti", "subgroup": "Centri", "subcategory": "Insediamento umano"}, "geometry": {"type": "Point", "coordinates": [14.37249, 41.37707]}}, {"type": "Feature", "properties": {"wikidata": "Q3683240", "name": "Collina dei Camaldoli", "status": "done", "osm_id": "node/11342451152", "group": "Altro", "subgroup": "Altro", "subcategory": "Altro"}, "geometry": {"type": "Point", "coordinates": [14.1914, 40.8575]}}, {"type": "Feature", "properties": {"wikidata": "Q18436659", "name": "Molinella", "status": "missing", "osm_id": null, "group": "Insediamenti", "subgroup": "Centri", "subcategory": "Insediamento umano"}, "geometry": {"type": "Point", "coordinates": [14.20257, 41.11994]}}, {"type": "Feature", "properties": {"wikidata": "Q18436637", "name": "Marzanello", "status": "missing", "osm_id": null, "group": "Insediamenti", "subgroup": "Centri", "subcategory": "Frazione"}, "geometry": {"type": "Point", "coordinates": [14.11611, 41.31447]}}, {"type": "Feature", "properties": {"wikidata": "Q18436676", "name": "Paolissi", "status": "missing", "osm_id": null, "group": "Insediamenti", "subgroup": "Centri", "subcategory": "Insediamento umano"}, "geometry": {"type": "Point", "coordinates": [14.15091, 41.26935]}}, {"type": "Feature", "properties": {"wikidata": "Q3682924", "name": "collegiata di Santa Maria Assunta", "status": "done", "osm_id": "way/340183710", "group": "Altro", "subgroup": "Altro", "subcategory": "Altro"}, "geometry": {"type": "Point", "coordinates": [14.479463, 41.27697]}}, {"type": "Feature", "properties": {"wikidata": "Q18436670", "name": "Nocelleto di Carinola", "status": "done", "osm_id": "node/1202160191", "group": "Insediamenti", "subgroup": "Centri", "subcategory": "Frazione"}, "geometry": {"type": "Point", "coordinates": [14.01565, 41.17067]}}, {"type": "Feature", "properties": {"wikidata": "Q18436650", "name": "Masseriola II", "status": "missing", "osm_id": null, "group": "Insediamenti", "subgroup": "Centri", "subcategory": "Insediamento umano"}, "geometry": {"type": "Point", "coordinates": [14.44267, 41.02148]}}, {"type": "Feature", "properties": {"wikidata": "Q18436685", "name": "Pentime", "status": "missing", "osm_id": null, "group": "Insediamenti", "subgroup": "Centri", "subcategory": "Insediamento umano"}, "geometry": {"type": "Point", "coordinates": [14.10058, 41.38585]}}, {"type": "Feature", "properties": {"wikidata": "Q18436646", "name": "Masseria S. Biagio", "status": "missing", "osm_id": null, "group": "Insediamenti", "subgroup": "Centri", "subcategory": "Insediamento umano"}, "geometry": {"type": "Point", "coordinates": [14.06011, 41.00722]}}, {"type": "Feature", "properties": {"wikidata": "Q18436636", "name": "Marsella", "status": "done", "osm_id": "node/2468882858", "group": "Insediamenti", "subgroup": "Centri", "subcategory": "Insediamento umano"}, "geometry": {"type": "Point", "coordinates": [13.88941, 41.41825]}}, {"type": "Feature", "properties": {"wikidata": "Q18436691", "name": "Piccilli", "status": "done", "osm_id": "node/2650963872", "group": "Insediamenti", "subgroup": "Centri", "subcategory": "Insediamento umano"}, "geometry": {"type": "Point", "coordinates": [14.03443, 41.34009]}}, {"type": "Feature", "properties": {"wikidata": "Q18436702", "name": "Potete", "status": "missing", "osm_id": null, "group": "Insediamenti", "subgroup": "Centri", "subcategory": "Frazione"}, "geometry": {"type": "Point", "coordinates": [14.01255, 41.3654]}}, {"type": "Feature", "properties": {"wikidata": "Q18436639", "name": "Marzuli", "status": "missing", "osm_id": null, "group": "Insediamenti", "subgroup": "Centri", "subcategory": "Frazione"}, "geometry": {"type": "Point", "coordinates": [13.9458, 41.23336]}}, {"type": "Feature", "properties": {"wikidata": "Q3683078", "name": "Colli Aminei", "status": "done", "osm_id": "node/10035118930", "group": "Altro", "subgroup": "Altro", "subcategory": "Altro"}, "geometry": {"type": "Point", "coordinates": [14.23411, 40.8684]}}, {"type": "Feature", "properties": {"wikidata": "Q18436694", "name": "Pietrerotte", "status": "done", "osm_id": "node/1480212396", "group": "Insediamenti", "subgroup": "Centri", "subcategory": "Insediamento umano"}, "geometry": {"type": "Point", "coordinates": [13.84882, 41.27195]}}, {"type": "Feature", "properties": {"wikidata": "Q18436660", "name": "Montanari", "status": "missing", "osm_id": null, "group": "Insediamenti", "subgroup": "Centri", "subcategory": "Insediamento umano"}, "geometry": {"type": "Point", "coordinates": [14.12318, 41.24258]}}, {"type": "Feature", "properties": {"wikidata": "Q18436696", "name": "Pineta Riviera", "status": "missing", "osm_id": null, "group": "Insediamenti", "subgroup": "Centri", "subcategory": "Insediamento umano"}, "geometry": {"type": "Point", "coordinates": [13.90401, 41.08362]}}, {"type": "Feature", "properties": {"wikidata": "Q18436687", "name": "Pesche", "status": "missing", "osm_id": null, "group": "Insediamenti", "subgroup": "Centri", "subcategory": "Insediamento umano"}, "geometry": {"type": "Point", "coordinates": [14.04971, 41.34221]}}, {"type": "Feature", "properties": {"wikidata": "Q18436669", "name": "Musicile", "status": "missing", "osm_id": null, "group": "Insediamenti", "subgroup": "Centri", "subcategory": "Frazione"}, "geometry": {"type": "Point", "coordinates": [14.28943, 41.04989]}}, {"type": "Feature", "properties": {"wikidata": "Q3683402", "name": "Colombarium", "status": "done", "osm_id": "way/958682217", "group": "Religione", "subgroup": "Cimiteri", "subcategory": "Tomba"}, "geometry": {"type": "Point", "coordinates": [14.21046, 40.846035]}}, {"type": "Feature", "properties": {"wikidata": "Q18437296", "name": "Catelde", "status": "missing", "osm_id": null, "group": "Insediamenti", "subgroup": "Centri", "subcategory": "Frazione"}, "geometry": {"type": "Point", "coordinates": [14.93421, 40.73404]}}, {"type": "Feature", "properties": {"wikidata": "Q18437310", "name": "Cerreta", "status": "done", "osm_id": "node/13424536378", "group": "Insediamenti", "subgroup": "Centri", "subcategory": "Insediamento umano"}, "geometry": {"type": "Point", "coordinates": [15.62442, 40.17287]}}, {"type": "Feature", "properties": {"wikidata": "Q18437328", "name": "Citala", "status": "missing", "osm_id": null, "group": "Insediamenti", "subgroup": "Centri", "subcategory": "Insediamento umano"}, "geometry": {"type": "Point", "coordinates": [14.69492, 40.73875]}}, {"type": "Feature", "properties": {"wikidata": "Q18437286", "name": "Cassolino", "status": "missing", "osm_id": null, "group": "Insediamenti", "subgroup": "Centri", "subcategory": "Insediamento umano"}, "geometry": {"type": "Point", "coordinates": [15.37325, 40.09581]}}, {"type": "Feature", "properties": {"wikidata": "Q18437358", "name": "Corticelle", "status": "done", "osm_id": "node/4761789297", "group": "Insediamenti", "subgroup": "Centri", "subcategory": "Insediamento umano"}, "geometry": {"type": "Point", "coordinates": [14.764, 40.76988]}}, {"type": "Feature", "properties": {"wikidata": "Q18437313", "name": "Cerrina II", "status": "missing", "osm_id": null, "group": "Insediamenti", "subgroup": "Centri", "subcategory": "Insediamento umano"}, "geometry": {"type": "Point", "coordinates": [15.09191, 40.49138]}}, {"type": "Feature", "properties": {"wikidata": "Q18437375", "name": "Drodo-Cavallo Mauro", "status": "missing", "osm_id": null, "group": "Insediamenti", "subgroup": "Centri", "subcategory": "Insediamento umano"}, "geometry": {"type": "Point", "coordinates": [15.11203, 40.22535]}}, {"type": "Feature", "properties": {"wikidata": "Q18437343", "name": "Contrada Noce del Conte", "status": "missing", "osm_id": null, "group": "Insediamenti", "subgroup": "Centri", "subcategory": "Insediamento umano"}, "geometry": {"type": "Point", "coordinates": [15.64512, 40.32188]}}, {"type": "Feature", "properties": {"wikidata": "Q18437320", "name": "Chiapponi", "status": "done", "osm_id": "node/8440909411", "group": "Insediamenti", "subgroup": "Centri", "subcategory": "Insediamento umano"}, "geometry": {"type": "Point", "coordinates": [15.6831, 40.17413]}}, {"type": "Feature", "properties": {"wikidata": "Q18437357", "name": "Corsano", "status": "missing", "osm_id": null, "group": "Insediamenti", "subgroup": "Centri", "subcategory": "Frazione"}, "geometry": {"type": "Point", "coordinates": [14.63566, 40.70254]}}, {"type": "Feature", "properties": {"wikidata": "Q18437312", "name": "Cerreto", "status": "missing", "osm_id": null, "group": "Insediamenti", "subgroup": "Centri", "subcategory": "Frazione"}, "geometry": {"type": "Point", "coordinates": [15.46741, 40.16923]}}, {"type": "Feature", "properties": {"wikidata": "Q18437339", "name": "Contrada Lupinata", "status": "missing", "osm_id": null, "group": "Insediamenti", "subgroup": "Centri", "subcategory": "Insediamento umano"}, "geometry": {"type": "Point", "coordinates": [15.51505, 40.09617]}}, {"type": "Feature", "properties": {"wikidata": "Q18437345", "name": "Contrada Piano Grasso I", "status": "missing", "osm_id": null, "group": "Insediamenti", "subgroup": "Centri", "subcategory": "Insediamento umano"}, "geometry": {"type": "Point", "coordinates": [15.26803, 40.62579]}}, {"type": "Feature", "properties": {"wikidata": "Q18437386", "name": "Fasanara", "status": "missing", "osm_id": null, "group": "Insediamenti", "subgroup": "Centri", "subcategory": "Frazione"}, "geometry": {"type": "Point", "coordinates": [14.92705, 40.58956]}}, {"type": "Feature", "properties": {"wikidata": "Q18437288", "name": "Castagneta", "status": "missing", "osm_id": null, "group": "Insediamenti", "subgroup": "Centri", "subcategory": "Frazione"}, "geometry": {"type": "Point", "coordinates": [15.06478, 40.26315]}}, {"type": "Feature", "properties": {"wikidata": "Q18437368", "name": "Curti", "status": "missing", "osm_id": null, "group": "Insediamenti", "subgroup": "Centri", "subcategory": "Frazione"}, "geometry": {"type": "Point", "coordinates": [14.92135, 40.75099]}}, {"type": "Feature", "properties": {"wikidata": "Q18437273", "name": "Case Cammarano", "status": "done", "osm_id": "node/1609189284", "group": "Insediamenti", "subgroup": "Centri", "subcategory": "Insediamento umano"}, "geometry": {"type": "Point", "coordinates": [15.1266, 40.44989]}}, {"type": "Feature", "properties": {"wikidata": "Q18437300", "name": "Cava Santacroce", "status": "missing", "osm_id": null, "group": "Insediamenti", "subgroup": "Centri", "subcategory": "Insediamento umano"}, "geometry": {"type": "Point", "coordinates": [14.65465, 40.72848]}}, {"type": "Feature", "properties": {"wikidata": "Q18437383", "name": "Faracchio", "status": "missing", "osm_id": null, "group": "Insediamenti", "subgroup": "Centri", "subcategory": "Insediamento umano"}, "geometry": {"type": "Point", "coordinates": [15.29034, 40.02934]}}, {"type": "Feature", "properties": {"wikidata": "Q18437388", "name": "Fenosa", "status": "missing", "osm_id": null, "group": "Insediamenti", "subgroup": "Centri", "subcategory": "Insediamento umano"}, "geometry": {"type": "Point", "coordinates": [15.62846, 40.08267]}}, {"type": "Feature", "properties": {"wikidata": "Q18437337", "name": "Contrada Hangar", "status": "missing", "osm_id": null, "group": "Insediamenti", "subgroup": "Centri", "subcategory": "Insediamento umano"}, "geometry": {"type": "Point", "coordinates": [15.49818, 40.08154]}}, {"type": "Feature", "properties": {"wikidata": "Q18437297", "name": "Catona", "status": "missing", "osm_id": null, "group": "Insediamenti", "subgroup": "Centri", "subcategory": "Frazione"}, "geometry": {"type": "Point", "coordinates": [15.23547, 40.14988]}}, {"type": "Feature", "properties": {"wikidata": "Q18437369", "name": "Cutricchio", "status": "missing", "osm_id": null, "group": "Insediamenti", "subgroup": "Centri", "subcategory": "Insediamento umano"}, "geometry": {"type": "Point", "coordinates": [14.59679, 40.81185]}}, {"type": "Feature", "properties": {"wikidata": "Q18437327", "name": "Citala II", "status": "missing", "osm_id": null, "group": "Insediamenti", "subgroup": "Centri", "subcategory": "Insediamento umano"}, "geometry": {"type": "Point", "coordinates": [14.70244, 40.74155]}}, {"type": "Feature", "properties": {"wikidata": "Q18437314", "name": "Cerrocupo", "status": "done", "osm_id": "node/1549928207", "group": "Insediamenti", "subgroup": "Centri", "subcategory": "Frazione"}, "geometry": {"type": "Point", "coordinates": [15.15816, 40.54794]}}, {"type": "Feature", "properties": {"wikidata": "Q18437304", "name": "Celso", "status": "missing", "osm_id": null, "group": "Insediamenti", "subgroup": "Centri", "subcategory": "Frazione"}, "geometry": {"type": "Point", "coordinates": [15.05768, 40.20111]}}, {"type": "Feature", "properties": {"wikidata": "Q18437306", "name": "Centopelli", "status": "missing", "osm_id": null, "group": "Insediamenti", "subgroup": "Centri", "subcategory": "Insediamento umano"}, "geometry": {"type": "Point", "coordinates": [15.32943, 40.13204]}}, {"type": "Feature", "properties": {"wikidata": "Q18437391", "name": "Filette", "status": "missing", "osm_id": null, "group": "Insediamenti", "subgroup": "Centri", "subcategory": "Insediamento umano"}, "geometry": {"type": "Point", "coordinates": [15.31122, 40.68018]}}, {"type": "Feature", "properties": {"wikidata": "Q18437363", "name": "Crispi", "status": "missing", "osm_id": null, "group": "Insediamenti", "subgroup": "Centri", "subcategory": "Insediamento umano"}, "geometry": {"type": "Point", "coordinates": [15.07571, 40.44719]}}, {"type": "Feature", "properties": {"wikidata": "Q18437372", "name": "Dogana", "status": "missing", "osm_id": null, "group": "Insediamenti", "subgroup": "Centri", "subcategory": "Frazione"}, "geometry": {"type": "Point", "coordinates": [15.23527, 40.70503]}}, {"type": "Feature", "properties": {"wikidata": "Q18437346", "name": "Contrada Piano San Vito", "status": "missing", "osm_id": null, "group": "Insediamenti", "subgroup": "Centri", "subcategory": "Insediamento umano"}, "geometry": {"type": "Point", "coordinates": [15.2615, 40.61697]}}, {"type": "Feature", "properties": {"wikidata": "Q18437335", "name": "Contrada Fiumicello", "status": "missing", "osm_id": null, "group": "Insediamenti", "subgroup": "Centri", "subcategory": "Insediamento umano"}, "geometry": {"type": "Point", "coordinates": [15.65359, 40.30582]}}, {"type": "Feature", "properties": {"wikidata": "Q18437277", "name": "Case Incarto", "status": "missing", "osm_id": null, "group": "Insediamenti", "subgroup": "Centri", "subcategory": "Insediamento umano"}, "geometry": {"type": "Point", "coordinates": [14.82168, 40.67159]}}, {"type": "Feature", "properties": {"wikidata": "Q18437354", "name": "Corigliano", "status": "missing", "osm_id": null, "group": "Insediamenti", "subgroup": "Centri", "subcategory": "Insediamento umano"}, "geometry": {"type": "Point", "coordinates": [14.89803, 40.65153]}}, {"type": "Feature", "properties": {"wikidata": "Q18437281", "name": "Caselle Superiore", "status": "missing", "osm_id": null, "group": "Insediamenti", "subgroup": "Centri", "subcategory": "Insediamento umano"}, "geometry": {"type": "Point", "coordinates": [14.71367, 40.72776]}}, {"type": "Feature", "properties": {"wikidata": "Q18437361", "name": "Coste", "status": "missing", "osm_id": null, "group": "Insediamenti", "subgroup": "Centri", "subcategory": "Insediamento umano"}, "geometry": {"type": "Point", "coordinates": [15.11258, 40.25075]}}, {"type": "Feature", "properties": {"wikidata": "Q18437352", "name": "Copersito", "status": "missing", "osm_id": null, "group": "Insediamenti", "subgroup": "Centri", "subcategory": "Frazione"}, "geometry": {"type": "Point", "coordinates": [15.06254, 40.31473]}}, {"type": "Feature", "properties": {"wikidata": "Q18437317", "name": "Cesinola", "status": "done", "osm_id": "node/2704181955", "group": "Insediamenti", "subgroup": "Centri", "subcategory": "Insediamento umano"}, "geometry": {"type": "Point", "coordinates": [14.70161, 40.69028]}}, {"type": "Feature", "properties": {"wikidata": "Q18437315", "name": "Cervito-Canfora", "status": "missing", "osm_id": null, "group": "Insediamenti", "subgroup": "Centri", "subcategory": "Insediamento umano"}, "geometry": {"type": "Point", "coordinates": [14.77038, 40.7866]}}, {"type": "Feature", "properties": {"wikidata": "Q18437318", "name": "Cessuta", "status": "missing", "osm_id": null, "group": "Insediamenti", "subgroup": "Centri", "subcategory": "Frazione"}, "geometry": {"type": "Point", "coordinates": [15.78295, 40.25355]}}, {"type": "Feature", "properties": {"wikidata": "Q18437311", "name": "Cerreta-Padule", "status": "missing", "osm_id": null, "group": "Insediamenti", "subgroup": "Centri", "subcategory": "Insediamento umano"}, "geometry": {"type": "Point", "coordinates": [15.125, 40.24883]}}, {"type": "Feature", "properties": {"wikidata": "Q18437322", "name": "Chiariello II", "status": "missing", "osm_id": null, "group": "Insediamenti", "subgroup": "Centri", "subcategory": "Insediamento umano"}, "geometry": {"type": "Point", "coordinates": [14.93114, 40.51948]}}, {"type": "Feature", "properties": {"wikidata": "Q18437338", "name": "Contrada Impiso", "status": "missing", "osm_id": null, "group": "Insediamenti", "subgroup": "Centri", "subcategory": "Insediamento umano"}, "geometry": {"type": "Point", "coordinates": [15.02762, 40.32582]}}, {"type": "Feature", "properties": {"wikidata": "Q18437316", "name": "Cerzito", "status": "missing", "osm_id": null, "group": "Insediamenti", "subgroup": "Centri", "subcategory": "Insediamento umano"}, "geometry": {"type": "Point", "coordinates": [15.26354, 40.2183]}}, {"type": "Feature", "properties": {"wikidata": "Q18437274", "name": "Case Conforti", "status": "missing", "osm_id": null, "group": "Insediamenti", "subgroup": "Centri", "subcategory": "Insediamento umano"}, "geometry": {"type": "Point", "coordinates": [15.12226, 40.45949]}}, {"type": "Feature", "properties": {"wikidata": "Q18437348", "name": "Contrada Poria", "status": "missing", "osm_id": null, "group": "Insediamenti", "subgroup": "Centri", "subcategory": "Insediamento umano"}, "geometry": {"type": "Point", "coordinates": [15.52279, 40.09164]}}, {"type": "Feature", "properties": {"wikidata": "Q18437344", "name": "Contrada Palazzo Soccorso", "status": "missing", "osm_id": null, "group": "Insediamenti", "subgroup": "Centri", "subcategory": "Insediamento umano"}, "geometry": {"type": "Point", "coordinates": [15.24938, 40.33557]}}, {"type": "Feature", "properties": {"wikidata": "Q18437329", "name": "Citola", "status": "done", "osm_id": "node/1854503558", "group": "Insediamenti", "subgroup": "Centri", "subcategory": "Insediamento umano"}, "geometry": {"type": "Point", "coordinates": [14.70649, 40.73934]}}, {"type": "Feature", "properties": {"wikidata": "Q18437326", "name": "Cisterna", "status": "missing", "osm_id": null, "group": "Insediamenti", "subgroup": "Centri", "subcategory": "Insediamento umano"}, "geometry": {"type": "Point", "coordinates": [15.50732, 40.51922]}}, {"type": "Feature", "properties": {"wikidata": "Q18437356", "name": "Corpo di Cava", "status": "missing", "osm_id": null, "group": "Insediamenti", "subgroup": "Centri", "subcategory": "Frazione"}, "geometry": {"type": "Point", "coordinates": [14.68933, 40.68301]}}, {"type": "Feature", "properties": {"wikidata": "Q18437333", "name": "Contrada Cicirelli", "status": "missing", "osm_id": null, "group": "Insediamenti", "subgroup": "Centri", "subcategory": "Insediamento umano"}, "geometry": {"type": "Point", "coordinates": [15.66078, 40.31985]}}, {"type": "Feature", "properties": {"wikidata": "Q18437301", "name": "Cavafosse", "status": "missing", "osm_id": null, "group": "Insediamenti", "subgroup": "Centri", "subcategory": "Insediamento umano"}, "geometry": {"type": "Point", "coordinates": [14.96898, 40.31113]}}, {"type": "Feature", "properties": {"wikidata": "Q18437269", "name": "Casamola", "status": "missing", "osm_id": null, "group": "Insediamenti", "subgroup": "Centri", "subcategory": "Frazione"}, "geometry": {"type": "Point", "coordinates": [14.5852, 40.72416]}}, {"type": "Feature", "properties": {"wikidata": "Q18437279", "name": "Caseificio", "status": "missing", "osm_id": null, "group": "Insediamenti", "subgroup": "Centri", "subcategory": "Insediamento umano"}, "geometry": {"type": "Point", "coordinates": [14.89766, 40.64548]}}, {"type": "Feature", "properties": {"wikidata": "Q18437294", "name": "Castiglione", "status": "missing", "osm_id": null, "group": "Insediamenti", "subgroup": "Centri", "subcategory": "Frazione"}, "geometry": {"type": "Point", "coordinates": [14.6109, 40.6382]}}, {"type": "Feature", "properties": {"wikidata": "Q18437278", "name": "Case Lettieri", "status": "missing", "osm_id": null, "group": "Insediamenti", "subgroup": "Centri", "subcategory": "Insediamento umano"}, "geometry": {"type": "Point", "coordinates": [15.14329, 40.47402]}}, {"type": "Feature", "properties": {"wikidata": "Q18437370", "name": "Destre", "status": "missing", "osm_id": null, "group": "Insediamenti", "subgroup": "Centri", "subcategory": "Insediamento umano"}, "geometry": {"type": "Point", "coordinates": [15.02568, 40.32952]}}, {"type": "Feature", "properties": {"wikidata": "Q18437265", "name": "Casaline", "status": "done", "osm_id": "node/2634442828", "group": "Insediamenti", "subgroup": "Centri", "subcategory": "Insediamento umano"}, "geometry": {"type": "Point", "coordinates": [15.17578, 40.1761]}}, {"type": "Feature", "properties": {"wikidata": "Q18437309", "name": "Cerrelli", "status": "missing", "osm_id": null, "group": "Insediamenti", "subgroup": "Centri", "subcategory": "Frazione"}, "geometry": {"type": "Point", "coordinates": [15.10512, 40.52851]}}, {"type": "Feature", "properties": {"wikidata": "Q18437331", "name": "Contrada Carrarola", "status": "missing", "osm_id": null, "group": "Insediamenti", "subgroup": "Centri", "subcategory": "Insediamento umano"}, "geometry": {"type": "Point", "coordinates": [15.62511, 40.34982]}}, {"type": "Feature", "properties": {"wikidata": "Q18437295", "name": "Castinatelli", "status": "missing", "osm_id": null, "group": "Insediamenti", "subgroup": "Centri", "subcategory": "Frazione"}, "geometry": {"type": "Point", "coordinates": [15.30539, 40.14875]}}, {"type": "Feature", "properties": {"wikidata": "Q18437334", "name": "Contrada Crocefisso", "status": "missing", "osm_id": null, "group": "Insediamenti", "subgroup": "Centri", "subcategory": "Insediamento umano"}, "geometry": {"type": "Point", "coordinates": [15.5017, 40.06867]}}, {"type": "Feature", "properties": {"wikidata": "Q18437319", "name": "Chiaie", "status": "missing", "osm_id": null, "group": "Insediamenti", "subgroup": "Centri", "subcategory": "Frazione"}, "geometry": {"type": "Point", "coordinates": [15.30654, 40.46619]}}, {"type": "Feature", "properties": {"wikidata": "Q18437355", "name": "Corno d'Oro", "status": "missing", "osm_id": null, "group": "Insediamenti", "subgroup": "Centri", "subcategory": "Frazione"}, "geometry": {"type": "Point", "coordinates": [14.98604, 40.57184]}}, {"type": "Feature", "properties": {"wikidata": "Q18437347", "name": "Contrada Piscicolo", "status": "missing", "osm_id": null, "group": "Insediamenti", "subgroup": "Centri", "subcategory": "Insediamento umano"}, "geometry": {"type": "Point", "coordinates": [15.02205, 40.32421]}}, {"type": "Feature", "properties": {"wikidata": "Q18437384", "name": "Faraldo-Nocelleto", "status": "missing", "osm_id": null, "group": "Insediamenti", "subgroup": "Centri", "subcategory": "Insediamento umano"}, "geometry": {"type": "Point", "coordinates": [14.76363, 40.77992]}}, {"type": "Feature", "properties": {"wikidata": "Q18437379", "name": "Eremiti", "status": "missing", "osm_id": null, "group": "Insediamenti", "subgroup": "Centri", "subcategory": "Frazione"}, "geometry": {"type": "Point", "coordinates": [15.29291, 40.15275]}}, {"type": "Feature", "properties": {"wikidata": "Q18437336", "name": "Contrada Fontanelle", "status": "missing", "osm_id": null, "group": "Insediamenti", "subgroup": "Centri", "subcategory": "Insediamento umano"}, "geometry": {"type": "Point", "coordinates": [15.63705, 40.31202]}}, {"type": "Feature", "properties": {"wikidata": "Q18437341", "name": "Contrada Macchitelle", "status": "missing", "osm_id": null, "group": "Insediamenti", "subgroup": "Centri", "subcategory": "Insediamento umano"}, "geometry": {"type": "Point", "coordinates": [15.28015, 40.6153]}}, {"type": "Feature", "properties": {"wikidata": "Q18437365", "name": "Cuccaro", "status": "missing", "osm_id": null, "group": "Insediamenti", "subgroup": "Centri", "subcategory": "Insediamento umano"}, "geometry": {"type": "Point", "coordinates": [15.02068, 40.6449]}}, {"type": "Feature", "properties": {"wikidata": "Q18437362", "name": "Coviello", "status": "missing", "osm_id": null, "group": "Insediamenti", "subgroup": "Centri", "subcategory": "Insediamento umano"}, "geometry": {"type": "Point", "coordinates": [15.1701, 40.46176]}}, {"type": "Feature", "properties": {"wikidata": "Q18437373", "name": "Dovina", "status": "missing", "osm_id": null, "group": "Insediamenti", "subgroup": "Centri", "subcategory": "Frazione"}, "geometry": {"type": "Point", "coordinates": [15.41847, 40.59735]}}, {"type": "Feature", "properties": {"wikidata": "Q18437268", "name": "Casalsottano", "status": "missing", "osm_id": null, "group": "Insediamenti", "subgroup": "Centri", "subcategory": "Frazione"}, "geometry": {"type": "Point", "coordinates": [15.03715, 40.216588888]}}, {"type": "Feature", "properties": {"wikidata": "Q18437390", "name": "Figlino", "status": "missing", "osm_id": null, "group": "Insediamenti", "subgroup": "Centri", "subcategory": "Frazione"}, "geometry": {"type": "Point", "coordinates": [14.63072, 40.69451]}}, {"type": "Feature", "properties": {"wikidata": "Q18437360", "name": "Cosentini", "status": "done", "osm_id": "node/1117733975", "group": "Insediamenti", "subgroup": "Centri", "subcategory": "Frazione"}, "geometry": {"type": "Point", "coordinates": [15.00179, 40.23994]}}, {"type": "Feature", "properties": {"wikidata": "Q18437285", "name": "Casino Libano", "status": "missing", "osm_id": null, "group": "Insediamenti", "subgroup": "Centri", "subcategory": "Insediamento umano"}, "geometry": {"type": "Point", "coordinates": [15.15286, 40.2692]}}, {"type": "Feature", "properties": {"wikidata": "Q18437342", "name": "Contrada Noce Bassa", "status": "missing", "osm_id": null, "group": "Insediamenti", "subgroup": "Centri", "subcategory": "Insediamento umano"}, "geometry": {"type": "Point", "coordinates": [14.99532, 40.29922]}}, {"type": "Feature", "properties": {"wikidata": "Q18437323", "name": "Chiusa", "status": "missing", "osm_id": null, "group": "Insediamenti", "subgroup": "Centri", "subcategory": "Frazione"}, "geometry": {"type": "Point", "coordinates": [14.84397, 40.69879]}}, {"type": "Feature", "properties": {"wikidata": "Q18437302", "name": "Cavallo", "status": "done", "osm_id": "node/1292971489", "group": "Insediamenti", "subgroup": "Centri", "subcategory": "Insediamento umano"}, "geometry": {"type": "Point", "coordinates": [15.14087, 40.44425]}}, {"type": "Feature", "properties": {"wikidata": "Q18437282", "name": "Caselle", "status": "missing", "osm_id": null, "group": "Insediamenti", "subgroup": "Centri", "subcategory": "Frazione"}, "geometry": {"type": "Point", "coordinates": [15.65563, 40.13356]}}, {"type": "Feature", "properties": {"wikidata": "Q18437385", "name": "Fasana", "status": "missing", "osm_id": null, "group": "Insediamenti", "subgroup": "Centri", "subcategory": "Frazione"}, "geometry": {"type": "Point", "coordinates": [15.13859, 40.24988]}}, {"type": "Feature", "properties": {"wikidata": "Q18437289", "name": "Castagneto", "status": "missing", "osm_id": null, "group": "Insediamenti", "subgroup": "Centri", "subcategory": "Frazione"}, "geometry": {"type": "Point", "coordinates": [15.51186, 40.3811]}}, {"type": "Feature", "properties": {"wikidata": "Q18437275", "name": "Case de Rosa", "status": "missing", "osm_id": null, "group": "Insediamenti", "subgroup": "Centri", "subcategory": "Insediamento umano"}, "geometry": {"type": "Point", "coordinates": [14.82335, 40.67654]}}, {"type": "Feature", "properties": {"wikidata": "Q18437272", "name": "Case Cammarani", "status": "missing", "osm_id": null, "group": "Insediamenti", "subgroup": "Centri", "subcategory": "Insediamento umano"}, "geometry": {"type": "Point", "coordinates": [15.18939, 40.48029]}}, {"type": "Feature", "properties": {"wikidata": "Q18437371", "name": "Difesa", "status": "missing", "osm_id": null, "group": "Insediamenti", "subgroup": "Centri", "subcategory": "Insediamento umano"}, "geometry": {"type": "Point", "coordinates": [14.97612, 40.28201]}}, {"type": "Feature", "properties": {"wikidata": "Q18437381", "name": "Fabbrica Nuova", "status": "missing", "osm_id": null, "group": "Insediamenti", "subgroup": "Centri", "subcategory": "Frazione"}, "geometry": {"type": "Point", "coordinates": [14.93357, 40.61013]}}, {"type": "Feature", "properties": {"wikidata": "Q18437350", "name": "Convento di San Francesco", "status": "missing", "osm_id": null, "group": "Insediamenti", "subgroup": "Centri", "subcategory": "Insediamento umano"}, "geometry": {"type": "Point", "coordinates": [15.05518, 40.30011]}}, {"type": "Feature", "properties": {"wikidata": "Q18437359", "name": "Corvinia", "status": "missing", "osm_id": null, "group": "Insediamenti", "subgroup": "Centri", "subcategory": "Frazione"}, "geometry": {"type": "Point", "coordinates": [14.90885, 40.62407]}}, {"type": "Feature", "properties": {"wikidata": "Q18437321", "name": "Chiariello I", "status": "missing", "osm_id": null, "group": "Insediamenti", "subgroup": "Centri", "subcategory": "Insediamento umano"}, "geometry": {"type": "Point", "coordinates": [14.926, 40.52435]}}, {"type": "Feature", "properties": {"wikidata": "Q18437325", "name": "Ciorlitto", "status": "missing", "osm_id": null, "group": "Insediamenti", "subgroup": "Centri", "subcategory": "Insediamento umano"}, "geometry": {"type": "Point", "coordinates": [15.00044, 40.48685]}}, {"type": "Feature", "properties": {"wikidata": "Q18437287", "name": "Castagna Grossa", "status": "done", "osm_id": "node/8440909416", "group": "Insediamenti", "subgroup": "Centri", "subcategory": "Insediamento umano"}, "geometry": {"type": "Point", "coordinates": [15.69164, 40.16909]}}, {"type": "Feature", "properties": {"wikidata": "Q18437387", "name": "Felittopiano", "status": "missing", "osm_id": null, "group": "Insediamenti", "subgroup": "Centri", "subcategory": "Insediamento umano"}, "geometry": {"type": "Point", "coordinates": [15.1046, 40.26857]}}, {"type": "Feature", "properties": {"wikidata": "Q18437332", "name": "Contrada Case Bianche", "status": "missing", "osm_id": null, "group": "Insediamenti", "subgroup": "Centri", "subcategory": "Insediamento umano"}, "geometry": {"type": "Point", "coordinates": [15.0169, 40.32552]}}, {"type": "Feature", "properties": {"wikidata": "Q18437290", "name": "Castello", "status": "done", "osm_id": "node/13428468024", "group": "Insediamenti", "subgroup": "Centri", "subcategory": "Insediamento umano"}, "geometry": {"type": "Point", "coordinates": [15.68043, 40.16524]}}, {"type": "Feature", "properties": {"wikidata": "Q18437377", "name": "Enotria", "status": "missing", "osm_id": null, "group": "Insediamenti", "subgroup": "Centri", "subcategory": "Insediamento umano"}, "geometry": {"type": "Point", "coordinates": [15.16248, 40.16617]}}, {"type": "Feature", "properties": {"wikidata": "Q18437330", "name": "Conca", "status": "missing", "osm_id": null, "group": "Insediamenti", "subgroup": "Centri", "subcategory": "Insediamento umano"}, "geometry": {"type": "Point", "coordinates": [15.68173, 40.16966]}}, {"type": "Feature", "properties": {"wikidata": "Q18437271", "name": "Casarsa", "status": "missing", "osm_id": null, "group": "Insediamenti", "subgroup": "Centri", "subcategory": "Frazione"}, "geometry": {"type": "Point", "coordinates": [15.09428, 40.60628]}}, {"type": "Feature", "properties": {"wikidata": "Q18437283", "name": "Casigliano", "status": "missing", "osm_id": null, "group": "Insediamenti", "subgroup": "Centri", "subcategory": "Frazione"}, "geometry": {"type": "Point", "coordinates": [15.04859, 40.27855]}}, {"type": "Feature", "properties": {"wikidata": "Q18437307", "name": "Centro Urbano", "status": "missing", "osm_id": null, "group": "Insediamenti", "subgroup": "Centri", "subcategory": "Insediamento umano"}, "geometry": {"type": "Point", "coordinates": [15.31953, 40.81986]}}, {"type": "Feature", "properties": {"wikidata": "Q18437364", "name": "Croce", "status": "missing", "osm_id": null, "group": "Insediamenti", "subgroup": "Centri", "subcategory": "Frazione"}, "geometry": {"type": "Point", "coordinates": [14.73838, 40.69809]}}, {"type": "Feature", "properties": {"wikidata": "Q18436170", "name": "Monte Calvo", "status": "done", "osm_id": "node/8508183910", "group": "Insediamenti", "subgroup": "Centri", "subcategory": "Insediamento umano"}, "geometry": {"type": "Point", "coordinates": [14.77188, 41.09994]}}, {"type": "Feature", "properties": {"wikidata": "Q4012611", "name": "Villa Ummarino", "status": "missing", "osm_id": null, "group": "Dimore ed edifici", "subgroup": "Residenze", "subcategory": "Villa"}, "geometry": {"type": "Point", "coordinates": [14.32806, 40.82745]}}, {"type": "Feature", "properties": {"wikidata": "Q18436142", "name": "Masseria Ruggieri", "status": "missing", "osm_id": null, "group": "Insediamenti", "subgroup": "Centri", "subcategory": "Insediamento umano"}, "geometry": {"type": "Point", "coordinates": [14.57963, 41.07241]}}, {"type": "Feature", "properties": {"wikidata": "Q18436159", "name": "Migliara-San Silvestro", "status": "missing", "osm_id": null, "group": "Insediamenti", "subgroup": "Centri", "subcategory": "Insediamento umano"}, "geometry": {"type": "Point", "coordinates": [14.49211, 41.12683]}}, {"type": "Feature", "properties": {"wikidata": "Q4012641", "name": "Villa Volpicelli", "status": "missing", "osm_id": null, "group": "Dimore ed edifici", "subgroup": "Residenze", "subcategory": "Villa"}, "geometry": {"type": "Point", "coordinates": [14.318607, 40.824471]}}, {"type": "Feature", "properties": {"wikidata": "Q4011995", "name": "Villa Ferri", "status": "missing", "osm_id": null, "group": "Dimore ed edifici", "subgroup": "Residenze", "subcategory": "Villa"}, "geometry": {"type": "Point", "coordinates": [14.215211, 40.825117]}}, {"type": "Feature", "properties": {"wikidata": "Q4012702", "name": "Villa delle Ginestre", "status": "done", "osm_id": "way/542292860", "group": "Dimore ed edifici", "subgroup": "Residenze", "subcategory": "Villa"}, "geometry": {"type": "Point", "coordinates": [14.41438, 40.777415]}}, {"type": "Feature", "properties": {"wikidata": "Q4012023", "name": "Villa Gallo", "status": "missing", "osm_id": null, "group": "Dimore ed edifici", "subgroup": "Residenze", "subcategory": "Villa"}, "geometry": {"type": "Point", "coordinates": [14.239888, 40.868672]}}, {"type": "Feature", "properties": {"wikidata": "Q4012649", "name": "Villa Zampaglione", "status": "missing", "osm_id": null, "group": "Dimore ed edifici", "subgroup": "Residenze", "subcategory": "Villa"}, "geometry": {"type": "Point", "coordinates": [14.3334, 40.82704]}}, {"type": "Feature", "properties": {"wikidata": "Q4012214", "name": "Villa Lignola", "status": "missing", "osm_id": null, "group": "Dimore ed edifici", "subgroup": "Residenze", "subcategory": "Villa"}, "geometry": {"type": "Point", "coordinates": [14.335678, 40.826796]}}, {"type": "Feature", "properties": {"wikidata": "Q4012172", "name": "Villa La Riccia", "status": "missing", "osm_id": null, "group": "Dimore ed edifici", "subgroup": "Residenze", "subcategory": "Villa"}, "geometry": {"type": "Point", "coordinates": [14.2557, 40.862511]}}, {"type": "Feature", "properties": {"wikidata": "Q18436146", "name": "Masserie Gilormi", "status": "missing", "osm_id": null, "group": "Insediamenti", "subgroup": "Centri", "subcategory": "Insediamento umano"}, "geometry": {"type": "Point", "coordinates": [14.85642, 41.24042]}}, {"type": "Feature", "properties": {"wikidata": "Q18436157", "name": "Merici", "status": "missing", "osm_id": null, "group": "Insediamenti", "subgroup": "Centri", "subcategory": "Frazione"}, "geometry": {"type": "Point", "coordinates": [14.76224, 41.09568]}}, {"type": "Feature", "properties": {"wikidata": "Q18436150", "name": "Masserie Riella", "status": "missing", "osm_id": null, "group": "Insediamenti", "subgroup": "Centri", "subcategory": "Insediamento umano"}, "geometry": {"type": "Point", "coordinates": [14.72318, 41.31661]}}, {"type": "Feature", "properties": {"wikidata": "Q18436149", "name": "Masserie Mozzoni", "status": "missing", "osm_id": null, "group": "Insediamenti", "subgroup": "Centri", "subcategory": "Insediamento umano"}, "geometry": {"type": "Point", "coordinates": [14.75083, 41.29495]}}, {"type": "Feature", "properties": {"wikidata": "Q4012006", "name": "Villa Forquet", "status": "missing", "osm_id": null, "group": "Dimore ed edifici", "subgroup": "Residenze", "subcategory": "Villa"}, "geometry": {"type": "Point", "coordinates": [14.238566, 40.866512]}}, {"type": "Feature", "properties": {"wikidata": "Q4012428", "name": "Villa Pizzicato", "status": "missing", "osm_id": null, "group": "Dimore ed edifici", "subgroup": "Residenze", "subcategory": "Villa"}, "geometry": {"type": "Point", "coordinates": [14.34159, 40.83273]}}, {"type": "Feature", "properties": {"wikidata": "Q18436173", "name": "Monte Pino", "status": "done", "osm_id": "node/4412161546", "group": "Insediamenti", "subgroup": "Centri", "subcategory": "Insediamento umano"}, "geometry": {"type": "Point", "coordinates": [14.73744, 41.1135]}}, {"type": "Feature", "properties": {"wikidata": "Q4012158", "name": "Villa La Fiorita", "status": "missing", "osm_id": null, "group": "Dimore ed edifici", "subgroup": "Residenze", "subcategory": "Villa"}, "geometry": {"type": "Point", "coordinates": [14.237283, 40.86669]}}, {"type": "Feature", "properties": {"wikidata": "Q18436160", "name": "Minchicoscia", "status": "missing", "osm_id": null, "group": "Insediamenti", "subgroup": "Centri", "subcategory": "Insediamento umano"}, "geometry": {"type": "Point", "coordinates": [14.75207, 41.39311]}}, {"type": "Feature", "properties": {"wikidata": "Q4012662", "name": "Villa comunale di Salerno", "status": "done", "osm_id": "relation/9531707", "group": "Natura e paesaggio", "subgroup": "Verde", "subcategory": "Parco cittadino"}, "geometry": {"type": "Point", "coordinates": [14.75354, 40.67859]}}, {"type": "Feature", "properties": {"wikidata": "Q4012645", "name": "Villa Walpole", "status": "missing", "osm_id": null, "group": "Dimore ed edifici", "subgroup": "Residenze", "subcategory": "Villa"}, "geometry": {"type": "Point", "coordinates": [14.26169682, 40.87262726]}}, {"type": "Feature", "properties": {"wikidata": "Q4012366", "name": "Villa Oro", "status": "missing", "osm_id": null, "group": "Altro", "subgroup": "Altro", "subcategory": "Altro"}, "geometry": {"type": "Point", "coordinates": [14.218, 40.8238]}}, {"type": "Feature", "properties": {"wikidata": "Q4012653", "name": "Villa Zelo", "status": "missing", "osm_id": null, "group": "Dimore ed edifici", "subgroup": "Residenze", "subcategory": "Villa"}, "geometry": {"type": "Point", "coordinates": [14.33817, 40.82179]}}, {"type": "Feature", "properties": {"wikidata": "Q18436168", "name": "Monaca II", "status": "missing", "osm_id": null, "group": "Insediamenti", "subgroup": "Centri", "subcategory": "Insediamento umano"}, "geometry": {"type": "Point", "coordinates": [14.66449, 41.07024]}}, {"type": "Feature", "properties": {"wikidata": "Q4012299", "name": "Villa Matilde", "status": "done", "osm_id": "way/174000560", "group": "Dimore ed edifici", "subgroup": "Residenze", "subcategory": "Villa"}, "geometry": {"type": "Point", "coordinates": [14.20661, 40.80953]}}, {"type": "Feature", "properties": {"wikidata": "Q18436144", "name": "Masseria Vigliotti", "status": "missing", "osm_id": null, "group": "Insediamenti", "subgroup": "Centri", "subcategory": "Insediamento umano"}, "geometry": {"type": "Point", "coordinates": [14.49648, 41.07382]}}, {"type": "Feature", "properties": {"wikidata": "Q4011960", "name": "Villa Ebe", "status": "done", "osm_id": "way/358702495", "group": "Dimore ed edifici", "subgroup": "Residenze", "subcategory": "Villa"}, "geometry": {"type": "Point", "coordinates": [14.246717, 40.83087]}}, {"type": "Feature", "properties": {"wikidata": "Q4012562", "name": "Villa Spera", "status": "missing", "osm_id": null, "group": "Dimore ed edifici", "subgroup": "Residenze", "subcategory": "Villa"}, "geometry": {"type": "Point", "coordinates": [14.214285, 40.837026]}}, {"type": "Feature", "properties": {"wikidata": "Q4011982", "name": "Villa Faraone", "status": "missing", "osm_id": null, "group": "Dimore ed edifici", "subgroup": "Residenze", "subcategory": "Villa"}, "geometry": {"type": "Point", "coordinates": [14.323, 40.823]}}, {"type": "Feature", "properties": {"wikidata": "Q18436151", "name": "Masserie", "status": "missing", "osm_id": null, "group": "Insediamenti", "subgroup": "Centri", "subcategory": "Insediamento umano"}, "geometry": {"type": "Point", "coordinates": [14.76501, 41.07882]}}, {"type": "Feature", "properties": {"wikidata": "Q4012403", "name": "Villa Patern\u00f2", "status": "missing", "osm_id": null, "group": "Dimore ed edifici", "subgroup": "Residenze", "subcategory": "Villa"}, "geometry": {"type": "Point", "coordinates": [14.24458, 40.8787]}}, {"type": "Feature", "properties": {"wikidata": "Q18436143", "name": "Masseria San Vitale", "status": "missing", "osm_id": null, "group": "Insediamenti", "subgroup": "Centri", "subcategory": "Insediamento umano"}, "geometry": {"type": "Point", "coordinates": [14.73673, 41.15344]}}, {"type": "Feature", "properties": {"wikidata": "Q18436166", "name": "Monaca I", "status": "missing", "osm_id": null, "group": "Insediamenti", "subgroup": "Centri", "subcategory": "Insediamento umano"}, "geometry": {"type": "Point", "coordinates": [14.65733, 41.08215]}}, {"type": "Feature", "properties": {"wikidata": "Q4012405", "name": "Villa Patrizi", "status": "done", "osm_id": "way/414846191", "group": "Dimore ed edifici", "subgroup": "Residenze", "subcategory": "Villa"}, "geometry": {"type": "Point", "coordinates": [14.211305, 40.835225]}}, {"type": "Feature", "properties": {"wikidata": "Q4012455", "name": "Villa Raiola Scarinzi", "status": "missing", "osm_id": null, "group": "Dimore ed edifici", "subgroup": "Residenze", "subcategory": "Villa"}, "geometry": {"type": "Point", "coordinates": [14.312129, 40.829802]}}, {"type": "Feature", "properties": {"wikidata": "Q4012207", "name": "Villa Leone", "status": "missing", "osm_id": null, "group": "Dimore ed edifici", "subgroup": "Residenze", "subcategory": "Villa"}, "geometry": {"type": "Point", "coordinates": [14.331826, 40.826548]}}, {"type": "Feature", "properties": {"wikidata": "Q4012551", "name": "Villa Sora", "status": "done", "osm_id": "way/262446605", "group": "Archeologia", "subgroup": "Siti", "subcategory": "Sito archeologico"}, "geometry": {"type": "Point", "coordinates": [14.374717, 40.778191]}}, {"type": "Feature", "properties": {"wikidata": "Q4012227", "name": "Villa Loreley", "status": "done", "osm_id": "way/435114853", "group": "Dimore ed edifici", "subgroup": "Residenze", "subcategory": "Villa"}, "geometry": {"type": "Point", "coordinates": [14.232665, 40.841669]}}, {"type": "Feature", "properties": {"wikidata": "Q4012639", "name": "Villa Volpicelli", "status": "done", "osm_id": "way/415639748", "group": "Dimore ed edifici", "subgroup": "Residenze", "subcategory": "Villa"}, "geometry": {"type": "Point", "coordinates": [14.207225, 40.801966666]}}, {"type": "Feature", "properties": {"wikidata": "Q18436145", "name": "Masserie Chiovi", "status": "missing", "osm_id": null, "group": "Insediamenti", "subgroup": "Centri", "subcategory": "Insediamento umano"}, "geometry": {"type": "Point", "coordinates": [14.7456, 41.29057]}}, {"type": "Feature", "properties": {"wikidata": "Q4012408", "name": "Villa Pavoncelli", "status": "missing", "osm_id": null, "group": "Dimore ed edifici", "subgroup": "Residenze", "subcategory": "Villa"}, "geometry": {"type": "Point", "coordinates": [14.205446, 40.809522]}}, {"type": "Feature", "properties": {"wikidata": "Q4012618", "name": "Villa Vannucchi", "status": "done", "osm_id": "way/734277615", "group": "Dimore ed edifici", "subgroup": "Residenze", "subcategory": "Villa"}, "geometry": {"type": "Point", "coordinates": [14.336386, 40.830242]}}, {"type": "Feature", "properties": {"wikidata": "Q4011945", "name": "Villa Donzelli", "status": "missing", "osm_id": null, "group": "Dimore ed edifici", "subgroup": "Residenze", "subcategory": "Villa"}, "geometry": {"type": "Point", "coordinates": [14.225765, 40.857913]}}, {"type": "Feature", "properties": {"wikidata": "Q4011892", "name": "Villa Cilento", "status": "missing", "osm_id": null, "group": "Dimore ed edifici", "subgroup": "Residenze", "subcategory": "Villa"}, "geometry": {"type": "Point", "coordinates": [14.196916, 40.806318]}}, {"type": "Feature", "properties": {"wikidata": "Q4012302", "name": "Villa Mazziotti", "status": "missing", "osm_id": null, "group": "Dimore ed edifici", "subgroup": "Residenze", "subcategory": "Villa"}, "geometry": {"type": "Point", "coordinates": [14.209158, 40.813625]}}, {"type": "Feature", "properties": {"wikidata": "Q4012640", "name": "Villa Volpicelli", "status": "missing", "osm_id": null, "group": "Dimore ed edifici", "subgroup": "Residenze", "subcategory": "Villa"}, "geometry": {"type": "Point", "coordinates": [14.318247, 40.824572]}}, {"type": "Feature", "properties": {"wikidata": "Q18436161", "name": "Minicariello", "status": "done", "osm_id": "node/9888690360", "group": "Insediamenti", "subgroup": "Centri", "subcategory": "Insediamento umano"}, "geometry": {"type": "Point", "coordinates": [14.66771, 41.28105]}}, {"type": "Feature", "properties": {"wikidata": "Q4012666", "name": "Villa d'Avalos", "status": "missing", "osm_id": null, "group": "Dimore ed edifici", "subgroup": "Residenze", "subcategory": "Villa"}, "geometry": {"type": "Point", "coordinates": [14.206512, 40.81178]}}, {"type": "Feature", "properties": {"wikidata": "Q4012663", "name": "Villa d'Abro", "status": "missing", "osm_id": null, "group": "Dimore ed edifici", "subgroup": "Residenze", "subcategory": "Villa"}, "geometry": {"type": "Point", "coordinates": [14.206674, 40.811938]}}, {"type": "Feature", "properties": {"wikidata": "Q4011881", "name": "Villa Catello-Piccoli", "status": "missing", "osm_id": null, "group": "Dimore ed edifici", "subgroup": "Residenze", "subcategory": "Villa"}, "geometry": {"type": "Point", "coordinates": [14.232166, 40.842726]}}, {"type": "Feature", "properties": {"wikidata": "Q4012525", "name": "Villa Savarese", "status": "missing", "osm_id": null, "group": "Dimore ed edifici", "subgroup": "Residenze", "subcategory": "Villa"}, "geometry": {"type": "Point", "coordinates": [14.213194, 40.824353]}}, {"type": "Feature", "properties": {"wikidata": "Q18436178", "name": "Monteguardia", "status": "missing", "osm_id": null, "group": "Insediamenti", "subgroup": "Centri", "subcategory": "Insediamento umano"}, "geometry": {"type": "Point", "coordinates": [14.80104, 41.09867]}}, {"type": "Feature", "properties": {"wikidata": "Q4012498", "name": "Villa Salvetella", "status": "missing", "osm_id": null, "group": "Dimore ed edifici", "subgroup": "Residenze", "subcategory": "Villa"}, "geometry": {"type": "Point", "coordinates": [14.3385, 40.83331]}}, {"type": "Feature", "properties": {"wikidata": "Q4012174", "name": "Villa La Santarella", "status": "done", "osm_id": "way/435120290", "group": "Dimore ed edifici", "subgroup": "Residenze", "subcategory": "Villa"}, "geometry": {"type": "Point", "coordinates": [14.235435, 40.840458]}}, {"type": "Feature", "properties": {"wikidata": "Q4012347", "name": "Villa Nasti", "status": "missing", "osm_id": null, "group": "Dimore ed edifici", "subgroup": "Residenze", "subcategory": "Villa"}, "geometry": {"type": "Point", "coordinates": [14.32382, 40.83847]}}, {"type": "Feature", "properties": {"wikidata": "Q4012681", "name": "Villa dei Papi", "status": "missing", "osm_id": null, "group": "Dimore ed edifici", "subgroup": "Residenze", "subcategory": "Villa"}, "geometry": {"type": "Point", "coordinates": [14.79980833, 41.11565556]}}, {"type": "Feature", "properties": {"wikidata": "Q18436158", "name": "Mezzoculo", "status": "done", "osm_id": "node/8726569919", "group": "Insediamenti", "subgroup": "Centri", "subcategory": "Insediamento umano"}, "geometry": {"type": "Point", "coordinates": [14.67375, 41.28302]}}, {"type": "Feature", "properties": {"wikidata": "Q4012394", "name": "Villa Pappone", "status": "done", "osm_id": "way/435114659", "group": "Dimore ed edifici", "subgroup": "Residenze", "subcategory": "Villa"}, "geometry": {"type": "Point", "coordinates": [14.18916667, 40.8025]}}, {"type": "Feature", "properties": {"wikidata": "Q4012275", "name": "Villa Maria", "status": "done", "osm_id": "way/411101677", "group": "Dimore ed edifici", "subgroup": "Residenze", "subcategory": "Villa"}, "geometry": {"type": "Point", "coordinates": [14.233748, 40.837978]}}, {"type": "Feature", "properties": {"wikidata": "Q4012391", "name": "Villa Papa", "status": "missing", "osm_id": null, "group": "Dimore ed edifici", "subgroup": "Residenze", "subcategory": "Villa"}, "geometry": {"type": "Point", "coordinates": [14.32117, 40.823515]}}, {"type": "Feature", "properties": {"wikidata": "Q4011886", "name": "Villa Cerbone", "status": "missing", "osm_id": null, "group": "Dimore ed edifici", "subgroup": "Residenze", "subcategory": "Villa"}, "geometry": {"type": "Point", "coordinates": [14.332674, 40.826719]}}, {"type": "Feature", "properties": {"wikidata": "Q4011949", "name": "Villa Doria d'Angri", "status": "done", "osm_id": "way/1120758631", "group": "Dimore ed edifici", "subgroup": "Residenze", "subcategory": "Villa"}, "geometry": {"type": "Point", "coordinates": [14.216647, 40.822975]}}, {"type": "Feature", "properties": {"wikidata": "Q4012496", "name": "Villa Salve", "status": "missing", "osm_id": null, "group": "Dimore ed edifici", "subgroup": "Residenze", "subcategory": "Villa"}, "geometry": {"type": "Point", "coordinates": [14.216099, 40.838871]}}, {"type": "Feature", "properties": {"wikidata": "Q4012660", "name": "Villa comunale di Nocera Inferiore", "status": "done", "osm_id": "way/300119160", "group": "Dimore ed edifici", "subgroup": "Residenze", "subcategory": "Villa"}, "geometry": {"type": "Point", "coordinates": [14.64278333, 40.74726389]}}, {"type": "Feature", "properties": {"wikidata": "Q4012292", "name": "Villa Marulli", "status": "missing", "osm_id": null, "group": "Dimore ed edifici", "subgroup": "Residenze", "subcategory": "Villa"}, "geometry": {"type": "Point", "coordinates": [14.34876, 40.83984]}}, {"type": "Feature", "properties": {"wikidata": "Q18436152", "name": "Mastramici di Sopra", "status": "done", "osm_id": "node/1727691774", "group": "Insediamenti", "subgroup": "Centri", "subcategory": "Insediamento umano"}, "geometry": {"type": "Point", "coordinates": [14.57326, 41.32797]}}, {"type": "Feature", "properties": {"wikidata": "Q4012230", "name": "Villa Lucia", "status": "missing", "osm_id": null, "group": "Dimore ed edifici", "subgroup": "Residenze", "subcategory": "Villa"}, "geometry": {"type": "Point", "coordinates": [14.231337, 40.838709]}}, {"type": "Feature", "properties": {"wikidata": "Q4012520", "name": "Villa Sant'Anna", "status": "missing", "osm_id": null, "group": "Dimore ed edifici", "subgroup": "Residenze", "subcategory": "Villa"}, "geometry": {"type": "Point", "coordinates": [14.321666, 40.847075]}}, {"type": "Feature", "properties": {"wikidata": "Q18436155", "name": "Medina", "status": "missing", "osm_id": null, "group": "Insediamenti", "subgroup": "Centri", "subcategory": "Frazione"}, "geometry": {"type": "Point", "coordinates": [14.81115, 41.09843]}}, {"type": "Feature", "properties": {"wikidata": "Q18436153", "name": "Mastramici di Sotto", "status": "done", "osm_id": "node/1727691797", "group": "Insediamenti", "subgroup": "Centri", "subcategory": "Insediamento umano"}, "geometry": {"type": "Point", "coordinates": [14.57242, 41.32561]}}, {"type": "Feature", "properties": {"wikidata": "Q4012422", "name": "Villa Pignatelli di Montecalvo", "status": "missing", "osm_id": null, "group": "Dimore ed edifici", "subgroup": "Residenze", "subcategory": "Villa"}, "geometry": {"type": "Point", "coordinates": [14.328703, 40.825468]}}, {"type": "Feature", "properties": {"wikidata": "Q18436175", "name": "Monte", "status": "missing", "osm_id": null, "group": "Insediamenti", "subgroup": "Centri", "subcategory": "Frazione"}, "geometry": {"type": "Point", "coordinates": [14.7101, 41.23175]}}, {"type": "Feature", "properties": {"wikidata": "Q18436147", "name": "Masserie Mancini", "status": "missing", "osm_id": null, "group": "Insediamenti", "subgroup": "Centri", "subcategory": "Insediamento umano"}, "geometry": {"type": "Point", "coordinates": [14.74787, 41.29321]}}, {"type": "Feature", "properties": {"wikidata": "Q4012549", "name": "Villa Sinicopri", "status": "missing", "osm_id": null, "group": "Dimore ed edifici", "subgroup": "Residenze", "subcategory": "Villa"}, "geometry": {"type": "Point", "coordinates": [14.340806, 40.832298]}}, {"type": "Feature", "properties": {"wikidata": "Q4011921", "name": "Villa Crespi", "status": "missing", "osm_id": null, "group": "Dimore ed edifici", "subgroup": "Residenze", "subcategory": "Villa"}, "geometry": {"type": "Point", "coordinates": [14.218404, 40.827472]}}, {"type": "Feature", "properties": {"wikidata": "Q18436154", "name": "Mazzocca", "status": "missing", "osm_id": null, "group": "Insediamenti", "subgroup": "Centri", "subcategory": "Insediamento umano"}, "geometry": {"type": "Point", "coordinates": [14.91553, 41.36884]}}, {"type": "Feature", "properties": {"wikidata": "Q4012452", "name": "Villa Rachele", "status": "done", "osm_id": "way/609329974", "group": "Dimore ed edifici", "subgroup": "Residenze", "subcategory": "Villa"}, "geometry": {"type": "Point", "coordinates": [14.214190258, 40.837460232]}}, {"type": "Feature", "properties": {"wikidata": "Q4012465", "name": "Villa Ricciardi", "status": "missing", "osm_id": null, "group": "Dimore ed edifici", "subgroup": "Residenze", "subcategory": "Villa"}, "geometry": {"type": "Point", "coordinates": [14.216743, 40.839313]}}, {"type": "Feature", "properties": {"wikidata": "Q4012608", "name": "Villa Tufarelli", "status": "missing", "osm_id": null, "group": "Dimore ed edifici", "subgroup": "Residenze", "subcategory": "Villa"}, "geometry": {"type": "Point", "coordinates": [14.34427, 40.84406]}}, {"type": "Feature", "properties": {"wikidata": "Q4012326", "name": "Villa Mon Plaisir e villa Guercia", "status": "missing", "osm_id": null, "group": "Dimore ed edifici", "subgroup": "Residenze", "subcategory": "Villa"}, "geometry": {"type": "Point", "coordinates": [14.216305555, 40.82235]}}, {"type": "Feature", "properties": {"wikidata": "Q4012208", "name": "Villa Leonetti", "status": "missing", "osm_id": null, "group": "Dimore ed edifici", "subgroup": "Residenze", "subcategory": "Villa"}, "geometry": {"type": "Point", "coordinates": [14.218318, 40.838139]}}, {"type": "Feature", "properties": {"wikidata": "Q4012151", "name": "Villa La Decina", "status": "missing", "osm_id": null, "group": "Dimore ed edifici", "subgroup": "Residenze", "subcategory": "Villa"}, "geometry": {"type": "Point", "coordinates": [14.188077, 40.870782]}}, {"type": "Feature", "properties": {"wikidata": "Q4011901", "name": "Villa Colonna Bandini", "status": "missing", "osm_id": null, "group": "Dimore ed edifici", "subgroup": "Residenze", "subcategory": "Villa"}, "geometry": {"type": "Point", "coordinates": [14.245964, 40.867539]}}, {"type": "Feature", "properties": {"wikidata": "Q4012192", "name": "Villa Lauro Lancellotti", "status": "missing", "osm_id": null, "group": "Dimore ed edifici", "subgroup": "Residenze", "subcategory": "Palazzo italiano"}, "geometry": {"type": "Point", "coordinates": [14.327545, 40.820174]}}, {"type": "Feature", "properties": {"wikidata": "Q4011879", "name": "Villa Castagneto-Caracciolo", "status": "done", "osm_id": "way/503236322", "group": "Dimore ed edifici", "subgroup": "Residenze", "subcategory": "Villa"}, "geometry": {"type": "Point", "coordinates": [14.233783, 40.864746]}}, {"type": "Feature", "properties": {"wikidata": "Q4012633", "name": "Villa Vittoria", "status": "missing", "osm_id": null, "group": "Dimore ed edifici", "subgroup": "Residenze", "subcategory": "Villa"}, "geometry": {"type": "Point", "coordinates": [14.311144, 40.830353]}}, {"type": "Feature", "properties": {"wikidata": "Q18436137", "name": "Masseria Richi", "status": "missing", "osm_id": null, "group": "Insediamenti", "subgroup": "Centri", "subcategory": "Insediamento umano"}, "geometry": {"type": "Point", "coordinates": [14.83997, 41.39851]}}, {"type": "Feature", "properties": {"wikidata": "Q18436148", "name": "Masserie Marcolfi", "status": "missing", "osm_id": null, "group": "Insediamenti", "subgroup": "Centri", "subcategory": "Insediamento umano"}, "geometry": {"type": "Point", "coordinates": [14.75391, 41.30125]}}, {"type": "Feature", "properties": {"wikidata": "Q4012096", "name": "Villa Il Capriccio", "status": "missing", "osm_id": null, "group": "Dimore ed edifici", "subgroup": "Residenze", "subcategory": "Villa"}, "geometry": {"type": "Point", "coordinates": [14.246746, 40.873637]}}, {"type": "Feature", "properties": {"wikidata": "Q18436172", "name": "Monte Mauro", "status": "missing", "osm_id": null, "group": "Insediamenti", "subgroup": "Centri", "subcategory": "Insediamento umano"}, "geometry": {"type": "Point", "coordinates": [14.6801, 41.0897]}}, {"type": "Feature", "properties": {"wikidata": "Q4011887", "name": "Villa Chierchia", "status": "missing", "osm_id": null, "group": "Dimore ed edifici", "subgroup": "Residenze", "subcategory": "Villa"}, "geometry": {"type": "Point", "coordinates": [14.216877, 40.822367]}}, {"type": "Feature", "properties": {"wikidata": "Q18436169", "name": "Monaca", "status": "missing", "osm_id": null, "group": "Insediamenti", "subgroup": "Centri", "subcategory": "Villaggio"}, "geometry": {"type": "Point", "coordinates": [14.65325, 41.08695]}}, {"type": "Feature", "properties": {"wikidata": "Q18436163", "name": "Mirra", "status": "done", "osm_id": "node/7706972530", "group": "Insediamenti", "subgroup": "Centri", "subcategory": "Insediamento umano"}, "geometry": {"type": "Point", "coordinates": [14.88326, 41.08157]}}, {"type": "Feature", "properties": {"wikidata": "Q18436156", "name": "Mercuri", "status": "done", "osm_id": "node/13429530745", "group": "Insediamenti", "subgroup": "Centri", "subcategory": "Insediamento umano"}, "geometry": {"type": "Point", "coordinates": [14.70892, 41.19463]}}, {"type": "Feature", "properties": {"wikidata": "Q4012407", "name": "Villa Paudice", "status": "missing", "osm_id": null, "group": "Dimore ed edifici", "subgroup": "Residenze", "subcategory": "Villa"}, "geometry": {"type": "Point", "coordinates": [14.32169, 40.82337]}}, {"type": "Feature", "properties": {"wikidata": "Q18436531", "name": "Cesa", "status": "done", "osm_id": "node/68580236", "group": "Insediamenti", "subgroup": "Centri", "subcategory": "Insediamento umano"}, "geometry": {"type": "Point", "coordinates": [14.23081, 40.96287]}}, {"type": "Feature", "properties": {"wikidata": "Q18436562", "name": "Domiziana Km 4", "status": "missing", "osm_id": null, "group": "Insediamenti", "subgroup": "Centri", "subcategory": "Insediamento umano"}, "geometry": {"type": "Point", "coordinates": [13.81222, 41.21616]}}, {"type": "Feature", "properties": {"wikidata": "Q6546891", "name": "Liguri Bebiani", "status": "done", "osm_id": "way/343122063", "group": "Archeologia", "subgroup": "Siti", "subcategory": "Sito archeologico"}, "geometry": {"type": "Point", "coordinates": [14.811051, 41.319407]}}, {"type": "Feature", "properties": {"wikidata": "Q6763885", "name": "Marina Piccola", "status": "missing", "osm_id": null, "group": "Insediamenti", "subgroup": "Zone Urbane", "subcategory": "Quartiere"}, "geometry": {"type": "Point", "coordinates": [14.235, 40.545]}}, {"type": "Feature", "properties": {"wikidata": "Q18436543", "name": "Cittadella", "status": "missing", "osm_id": null, "group": "Insediamenti", "subgroup": "Centri", "subcategory": "Frazione"}, "geometry": {"type": "Point", "coordinates": [14.06841, 41.29541]}}, {"type": "Feature", "properties": {"wikidata": "Q7107369", "name": "Ospedale G. Capilupi Capri", "status": "missing", "osm_id": null, "group": "Infrastrutture", "subgroup": "Servizi", "subcategory": "Sanit\u00e0"}, "geometry": {"type": "Point", "coordinates": [14.23638889, 40.55]}}, {"type": "Feature", "properties": {"wikidata": "Q18436574", "name": "Ferrarelle-Saudina", "status": "missing", "osm_id": null, "group": "Insediamenti", "subgroup": "Centri", "subcategory": "Insediamento umano"}, "geometry": {"type": "Point", "coordinates": [14.13362, 41.26263]}}, {"type": "Feature", "properties": {"wikidata": "Q4024705", "name": "zona ospedaliera di Napoli", "status": "missing", "osm_id": null, "group": "Infrastrutture", "subgroup": "Servizi", "subcategory": "Sanit\u00e0"}, "geometry": {"type": "Point", "coordinates": [14.217446, 40.868515]}}, {"type": "Feature", "properties": {"wikidata": "Q5385207", "name": "Erchie", "status": "done", "osm_id": "node/310170923", "group": "Insediamenti", "subgroup": "Centri", "subcategory": "Frazione"}, "geometry": {"type": "Point", "coordinates": [14.6941, 40.6381]}}, {"type": "Feature", "properties": {"wikidata": "Q5610788", "name": "Grotta Bianca", "status": "done", "osm_id": "node/5357205306", "group": "Natura e paesaggio", "subgroup": "Montagna", "subcategory": "Grotta"}, "geometry": {"type": "Point", "coordinates": [14.26024444, 40.55261389]}}, {"type": "Feature", "properties": {"wikidata": "Q18436580", "name": "Fondola", "status": "done", "osm_id": "node/1727509577", "group": "Insediamenti", "subgroup": "Centri", "subcategory": "Insediamento umano"}, "geometry": {"type": "Point", "coordinates": [14.21127, 41.2213]}}, {"type": "Feature", "properties": {"wikidata": "Q18436544", "name": "Civette", "status": "missing", "osm_id": null, "group": "Insediamenti", "subgroup": "Centri", "subcategory": "Insediamento umano"}, "geometry": {"type": "Point", "coordinates": [13.86875, 41.19339]}}, {"type": "Feature", "properties": {"wikidata": "Q6455748", "name": "Hortus Camaldulensis di Napoli", "status": "missing", "osm_id": null, "group": "Natura e paesaggio", "subgroup": "Verde", "subcategory": "Orto botanico"}, "geometry": {"type": "Point", "coordinates": [14.2, 40.85]}}, {"type": "Feature", "properties": {"wikidata": "Q18436566", "name": "Fagianeria", "status": "done", "osm_id": "node/1727509549", "group": "Insediamenti", "subgroup": "Centri", "subcategory": "Insediamento umano"}, "geometry": {"type": "Point", "coordinates": [14.3165, 41.14943]}}, {"type": "Feature", "properties": {"wikidata": "Q5404087", "name": "chiesa di San Filippo Neri", "status": "done", "osm_id": "way/274816317", "group": "Religione", "subgroup": "Luoghi di Culto", "subcategory": "Chiesa"}, "geometry": {"type": "Point", "coordinates": [14.7587, 40.6826]}}, {"type": "Feature", "properties": {"wikidata": "Q18436578", "name": "Folaghe", "status": "missing", "osm_id": null, "group": "Insediamenti", "subgroup": "Centri", "subcategory": "Insediamento umano"}, "geometry": {"type": "Point", "coordinates": [13.86327, 41.19873]}}, {"type": "Feature", "properties": {"wikidata": "Q6763830", "name": "Marina Grande", "status": "missing", "osm_id": null, "group": "Insediamenti", "subgroup": "Centri", "subcategory": "Frazione"}, "geometry": {"type": "Point", "coordinates": [14.24055556, 40.55527778]}}, {"type": "Feature", "properties": {"wikidata": "Q5401440", "name": "scavi archeologici di Cuma", "status": "missing", "osm_id": null, "group": "Altro", "subgroup": "Altro", "subcategory": "Altro"}, "geometry": {"type": "Point", "coordinates": [14.058067, 40.848075]}}, {"type": "Feature", "properties": {"wikidata": "Q18436520", "name": "Catailli", "status": "missing", "osm_id": null, "group": "Insediamenti", "subgroup": "Centri", "subcategory": "Frazione"}, "geometry": {"type": "Point", "coordinates": [14.00188, 41.34379]}}, {"type": "Feature", "properties": {"wikidata": "Q18436570", "name": "Fattori", "status": "missing", "osm_id": null, "group": "Insediamenti", "subgroup": "Centri", "subcategory": "Frazione"}, "geometry": {"type": "Point", "coordinates": [14.40787, 41.318]}}, {"type": "Feature", "properties": {"wikidata": "Q4914621", "name": "Biogem", "status": "missing", "osm_id": null, "group": "Altro", "subgroup": "Altro", "subcategory": "Altro"}, "geometry": {"type": "Point", "coordinates": [15.134100017, 41.19944196]}}, {"type": "Feature", "properties": {"wikidata": "Q18436568", "name": "Farneto", "status": "missing", "osm_id": null, "group": "Insediamenti", "subgroup": "Centri", "subcategory": "Insediamento umano"}, "geometry": {"type": "Point", "coordinates": [13.90193, 41.39098]}}, {"type": "Feature", "properties": {"wikidata": "Q18436536", "name": "Cese", "status": "missing", "osm_id": null, "group": "Insediamenti", "subgroup": "Centri", "subcategory": "Frazione"}, "geometry": {"type": "Point", "coordinates": [13.97803, 41.27488]}}, {"type": "Feature", "properties": {"wikidata": "Q18436521", "name": "Catone", "status": "missing", "osm_id": null, "group": "Insediamenti", "subgroup": "Centri", "subcategory": "Insediamento umano"}, "geometry": {"type": "Point", "coordinates": [14.23161, 41.15145]}}, {"type": "Feature", "properties": {"wikidata": "Q4115652", "name": "Reggia di Capodimonte", "status": "done", "osm_id": "relation/4541156", "group": "Cultura e tempo libero", "subgroup": "Musei", "subcategory": "Museo"}, "geometry": {"type": "Point", "coordinates": [14.25053333, 40.86700556]}}, {"type": "Feature", "properties": {"wikidata": "Q5594636", "name": "Grand Hotel Quisisana", "status": "done", "osm_id": "way/193761177", "group": "Dimore ed edifici", "subgroup": "Ospitalit\u00e0", "subcategory": "Albergo"}, "geometry": {"type": "Point", "coordinates": [14.24416667, 40.54944444]}}, {"type": "Feature", "properties": {"wikidata": "Q6540839", "name": "Naval Support Activity Naples", "status": "done", "osm_id": "way/1000499449", "group": "Altro", "subgroup": "Altro", "subcategory": "Altro"}, "geometry": {"type": "Point", "coordinates": [14.2923, 40.8821]}}, {"type": "Feature", "properties": {"wikidata": "Q18436548", "name": "Colle", "status": "missing", "osm_id": null, "group": "Insediamenti", "subgroup": "Centri", "subcategory": "Insediamento umano"}, "geometry": {"type": "Point", "coordinates": [13.942, 41.37688]}}, {"type": "Feature", "properties": {"wikidata": "Q18436529", "name": "Cercolone-Centimolo-Cuccaro", "status": "missing", "osm_id": null, "group": "Insediamenti", "subgroup": "Centri", "subcategory": "Insediamento umano"}, "geometry": {"type": "Point", "coordinates": [14.22353, 41.14244]}}, {"type": "Feature", "properties": {"wikidata": "Q18436579", "name": "Fondillo", "status": "missing", "osm_id": null, "group": "Insediamenti", "subgroup": "Centri", "subcategory": "Insediamento umano"}, "geometry": {"type": "Point", "coordinates": [14.2208, 41.13838]}}, {"type": "Feature", "properties": {"wikidata": "Q18436550", "name": "Collelungo", "status": "missing", "osm_id": null, "group": "Insediamenti", "subgroup": "Centri", "subcategory": "Insediamento umano"}, "geometry": {"type": "Point", "coordinates": [14.2123, 41.43626]}}, {"type": "Feature", "properties": {"wikidata": "Q18436533", "name": "Cesariello", "status": "done", "osm_id": "node/1727509472", "group": "Insediamenti", "subgroup": "Centri", "subcategory": "Insediamento umano"}, "geometry": {"type": "Point", "coordinates": [14.349, 41.17049]}}, {"type": "Feature", "properties": {"wikidata": "Q6726590", "name": "Manicomio di Aversa", "status": "missing", "osm_id": null, "group": "Infrastrutture", "subgroup": "Servizi", "subcategory": "Sanit\u00e0"}, "geometry": {"type": "Point", "coordinates": [14.196539, 40.973758]}}, {"type": "Feature", "properties": {"wikidata": "Q18436553", "name": "Consolata", "status": "missing", "osm_id": null, "group": "Insediamenti", "subgroup": "Centri", "subcategory": "Insediamento umano"}, "geometry": {"type": "Point", "coordinates": [14.10581, 41.23648]}}, {"type": "Feature", "properties": {"wikidata": "Q18436528", "name": "Centro L'Oasi", "status": "missing", "osm_id": null, "group": "Insediamenti", "subgroup": "Centri", "subcategory": "Insediamento umano"}, "geometry": {"type": "Point", "coordinates": [14.42554, 41.17189]}}, {"type": "Feature", "properties": {"wikidata": "Q18436535", "name": "Cese Vincenzo", "status": "missing", "osm_id": null, "group": "Insediamenti", "subgroup": "Centri", "subcategory": "Insediamento umano"}, "geometry": {"type": "Point", "coordinates": [14.41087, 41.22583]}}, {"type": "Feature", "properties": {"wikidata": "Q5558577", "name": "Giardini Ravino", "status": "done", "osm_id": "way/215320284", "group": "Natura e paesaggio", "subgroup": "Verde", "subcategory": "Orto botanico"}, "geometry": {"type": "Point", "coordinates": [13.8657, 40.72726]}}, {"type": "Feature", "properties": {"wikidata": "Q18436554", "name": "Corbara", "status": "missing", "osm_id": null, "group": "Insediamenti", "subgroup": "Centri", "subcategory": "Frazione"}, "geometry": {"type": "Point", "coordinates": [13.95981, 41.235]}}, {"type": "Feature", "properties": {"wikidata": "Q5915068", "name": "Praedia di Giulia Felice", "status": "done", "osm_id": "way/356648459", "group": "Archeologia", "subgroup": "Siti", "subcategory": "Rovine"}, "geometry": {"type": "Point", "coordinates": [14.4933, 40.7519]}}, {"type": "Feature", "properties": {"wikidata": "Q18436556", "name": "Criscia", "status": "missing", "osm_id": null, "group": "Insediamenti", "subgroup": "Centri", "subcategory": "Frazione"}, "geometry": {"type": "Point", "coordinates": [14.43445, 41.32286]}}, {"type": "Feature", "properties": {"wikidata": "Q5063953", "name": "Cercola Airfield", "status": "missing", "osm_id": null, "group": "Altro", "subgroup": "Altro", "subcategory": "Altro"}, "geometry": {"type": "Point", "coordinates": [14.34939444, 40.86159722]}}, {"type": "Feature", "properties": {"wikidata": "Q18436572", "name": "Felcio", "status": "done", "osm_id": "node/1727509562", "group": "Insediamenti", "subgroup": "Centri", "subcategory": "Insediamento umano"}, "geometry": {"type": "Point", "coordinates": [14.39678, 41.20398]}}, {"type": "Feature", "properties": {"wikidata": "Q18436563", "name": "Don Zeno", "status": "missing", "osm_id": null, "group": "Insediamenti", "subgroup": "Centri", "subcategory": "Insediamento umano"}, "geometry": {"type": "Point", "coordinates": [14.17765, 40.97051]}}, {"type": "Feature", "properties": {"wikidata": "Q7105075", "name": "Orto botanico di Portici", "status": "missing", "osm_id": null, "group": "Natura e paesaggio", "subgroup": "Verde", "subcategory": "Orto botanico"}, "geometry": {"type": "Point", "coordinates": [14.343938888, 40.811780555]}}, {"type": "Feature", "properties": {"wikidata": "Q4177608", "name": "casa del Poeta Tragico (VI.8.5)", "status": "done", "osm_id": "relation/4192268", "group": "Archeologia", "subgroup": "Siti", "subcategory": "Rovine"}, "geometry": {"type": "Point", "coordinates": [14.48381389, 40.75067222]}}, {"type": "Feature", "properties": {"wikidata": "Q18436552", "name": "Conca d'Oro", "status": "missing", "osm_id": null, "group": "Insediamenti", "subgroup": "Centri", "subcategory": "Frazione"}, "geometry": {"type": "Point", "coordinates": [14.33381, 41.35105]}}, {"type": "Feature", "properties": {"wikidata": "Q5915633", "name": "casa delle Nozze d'Argento", "status": "done", "osm_id": "way/674281886", "group": "Archeologia", "subgroup": "Siti", "subcategory": "Rovine"}, "geometry": {"type": "Point", "coordinates": [14.486548179, 40.752513084]}}, {"type": "Feature", "properties": {"wikidata": "Q18436539", "name": "Cidonio", "status": "done", "osm_id": "node/1727691529", "group": "Insediamenti", "subgroup": "Centri", "subcategory": "Insediamento umano"}, "geometry": {"type": "Point", "coordinates": [14.34727, 41.32478]}}, {"type": "Feature", "properties": {"wikidata": "Q4012739", "name": "Villa di Licinio Lucullo", "status": "done", "osm_id": "node/11846926045", "group": "Archeologia", "subgroup": "Siti", "subcategory": "Sito archeologico"}, "geometry": {"type": "Point", "coordinates": [14.2473, 40.8282]}}, {"type": "Feature", "properties": {"wikidata": "Q18436532", "name": "Cesarano", "status": "missing", "osm_id": null, "group": "Insediamenti", "subgroup": "Centri", "subcategory": "Frazione"}, "geometry": {"type": "Point", "coordinates": [14.36232, 41.16688]}}, {"type": "Feature", "properties": {"wikidata": "Q18436557", "name": "Croce di Casale", "status": "missing", "osm_id": null, "group": "Insediamenti", "subgroup": "Centri", "subcategory": "Frazione"}, "geometry": {"type": "Point", "coordinates": [14.00377, 41.20489]}}, {"type": "Feature", "properties": {"wikidata": "Q7048128", "name": "sito archeologico di Nola-Croce del Papa", "status": "missing", "osm_id": null, "group": "Archeologia", "subgroup": "Siti", "subcategory": "Sito archeologico"}, "geometry": {"type": "Point", "coordinates": [14.53333, 40.93333]}}, {"type": "Feature", "properties": {"wikidata": "Q18436565", "name": "Espignole", "status": "done", "osm_id": "node/1727509541", "group": "Insediamenti", "subgroup": "Centri", "subcategory": "Insediamento umano"}, "geometry": {"type": "Point", "coordinates": [14.3007, 41.20407]}}, {"type": "Feature", "properties": {"wikidata": "Q18436530", "name": "Cerqueta", "status": "missing", "osm_id": null, "group": "Insediamenti", "subgroup": "Centri", "subcategory": "Insediamento umano"}, "geometry": {"type": "Point", "coordinates": [14.211, 41.38824]}}, {"type": "Feature", "properties": {"wikidata": "Q18436576", "name": "Filette", "status": "done", "osm_id": "node/1727691659", "group": "Insediamenti", "subgroup": "Centri", "subcategory": "Insediamento umano"}, "geometry": {"type": "Point", "coordinates": [14.42421, 41.30062]}}, {"type": "Feature", "properties": {"wikidata": "Q5097166", "name": "chiesa di Sant'Andrea", "status": "missing", "osm_id": null, "group": "Religione", "subgroup": "Luoghi di Culto", "subcategory": "Chiesa"}, "geometry": {"type": "Point", "coordinates": [14.23514444, 40.54534722]}}, {"type": "Feature", "properties": {"wikidata": "Q18436583", "name": "Fontanelle", "status": "missing", "osm_id": null, "group": "Insediamenti", "subgroup": "Centri", "subcategory": "Frazione"}, "geometry": {"type": "Point", "coordinates": [14.01449, 41.24444]}}, {"type": "Feature", "properties": {"wikidata": "Q18436527", "name": "Centimolo", "status": "done", "osm_id": "node/1727691490", "group": "Insediamenti", "subgroup": "Centri", "subcategory": "Insediamento umano"}, "geometry": {"type": "Point", "coordinates": [14.43244, 41.29231]}}, {"type": "Feature", "properties": {"wikidata": "Q18436567", "name": "Farnete", "status": "missing", "osm_id": null, "group": "Insediamenti", "subgroup": "Centri", "subcategory": "Insediamento umano"}, "geometry": {"type": "Point", "coordinates": [13.83678, 41.21476]}}, {"type": "Feature", "properties": {"wikidata": "Q18436551", "name": "Collicella", "status": "missing", "osm_id": null, "group": "Insediamenti", "subgroup": "Centri", "subcategory": "Insediamento umano"}, "geometry": {"type": "Point", "coordinates": [14.22044, 41.14361]}}, {"type": "Feature", "properties": {"wikidata": "Q18436561", "name": "Diga Volturno", "status": "missing", "osm_id": null, "group": "Insediamenti", "subgroup": "Centri", "subcategory": "Insediamento umano"}, "geometry": {"type": "Point", "coordinates": [14.27161, 41.13127]}}, {"type": "Feature", "properties": {"wikidata": "Q18436555", "name": "Corigliano", "status": "missing", "osm_id": null, "group": "Insediamenti", "subgroup": "Centri", "subcategory": "Frazione"}, "geometry": {"type": "Point", "coordinates": [13.9157, 41.28213]}}, {"type": "Feature", "properties": {"wikidata": "Q18436558", "name": "Croce", "status": "done", "osm_id": "node/1727509539", "group": "Insediamenti", "subgroup": "Centri", "subcategory": "Frazione"}, "geometry": {"type": "Point", "coordinates": [14.18893, 41.22812]}}, {"type": "Feature", "properties": {"wikidata": "Q18436549", "name": "Colleferro", "status": "done", "osm_id": "node/1727691557", "group": "Insediamenti", "subgroup": "Centri", "subcategory": "Insediamento umano"}, "geometry": {"type": "Point", "coordinates": [14.32978, 41.35023]}}, {"type": "Feature", "properties": {"wikidata": "Q18436526", "name": "Censi", "status": "missing", "osm_id": null, "group": "Insediamenti", "subgroup": "Centri", "subcategory": "Insediamento umano"}, "geometry": {"type": "Point", "coordinates": [14.45007, 41.03402]}}, {"type": "Feature", "properties": {"wikidata": "Q18436547", "name": "Colle Apone", "status": "missing", "osm_id": null, "group": "Insediamenti", "subgroup": "Centri", "subcategory": "Frazione"}, "geometry": {"type": "Point", "coordinates": [13.94049, 41.44308]}}, {"type": "Feature", "properties": {"wikidata": "Q4024990", "name": "Zuni", "status": "missing", "osm_id": null, "group": "Insediamenti", "subgroup": "Centri", "subcategory": "Frazione"}, "geometry": {"type": "Point", "coordinates": [14.13082, 41.21722]}}, {"type": "Feature", "properties": {"wikidata": "Q18436571", "name": "Favale", "status": "missing", "osm_id": null, "group": "Insediamenti", "subgroup": "Centri", "subcategory": "Frazione"}, "geometry": {"type": "Point", "coordinates": [14.25088, 41.30877]}}, {"type": "Feature", "properties": {"wikidata": "Q18436534", "name": "Ceschetto", "status": "missing", "osm_id": null, "group": "Insediamenti", "subgroup": "Centri", "subcategory": "Insediamento umano"}, "geometry": {"type": "Point", "coordinates": [13.92761, 41.30538]}}, {"type": "Feature", "properties": {"wikidata": "Q18436542", "name": "Cisterni", "status": "missing", "osm_id": null, "group": "Insediamenti", "subgroup": "Centri", "subcategory": "Insediamento umano"}, "geometry": {"type": "Point", "coordinates": [13.95089, 41.35141]}}, {"type": "Feature", "properties": {"wikidata": "Q18436577", "name": "Filorsi", "status": "missing", "osm_id": null, "group": "Insediamenti", "subgroup": "Centri", "subcategory": "Frazione"}, "geometry": {"type": "Point", "coordinates": [13.98817, 41.27292]}}, {"type": "Feature", "properties": {"wikidata": "Q18436569", "name": "Fasani", "status": "missing", "osm_id": null, "group": "Insediamenti", "subgroup": "Centri", "subcategory": "Frazione"}, "geometry": {"type": "Point", "coordinates": [13.87751, 41.2367]}}, {"type": "Feature", "properties": {"wikidata": "Q18436541", "name": "Cisterna", "status": "done", "osm_id": "node/1727509521", "group": "Insediamenti", "subgroup": "Centri", "subcategory": "Insediamento umano"}, "geometry": {"type": "Point", "coordinates": [14.27772, 41.19201]}}, {"type": "Feature", "properties": {"wikidata": "Q18436545", "name": "Civitella", "status": "missing", "osm_id": null, "group": "Insediamenti", "subgroup": "Centri", "subcategory": "Frazione"}, "geometry": {"type": "Point", "coordinates": [14.04718, 41.33044]}}, {"type": "Feature", "properties": {"wikidata": "Q5097168", "name": "chiesa di Santa Maria del Soccorso", "status": "done", "osm_id": "way/990728502", "group": "Religione", "subgroup": "Luoghi di Culto", "subcategory": "Chiesa"}, "geometry": {"type": "Point", "coordinates": [14.262710668, 40.558448716]}}, {"type": "Feature", "properties": {"wikidata": "Q18436537", "name": "Cesine", "status": "done", "osm_id": "node/1727509511", "group": "Insediamenti", "subgroup": "Centri", "subcategory": "Insediamento umano"}, "geometry": {"type": "Point", "coordinates": [14.39619, 41.15246]}}, {"type": "Feature", "properties": {"wikidata": "Q5157069", "name": "Compsa", "status": "done", "osm_id": "way/107720579", "group": "Archeologia", "subgroup": "Siti", "subcategory": "Sito archeologico"}, "geometry": {"type": "Point", "coordinates": [15.3308, 40.8693]}}, {"type": "Feature", "properties": {"wikidata": "Q18436559", "name": "Cupa", "status": "missing", "osm_id": null, "group": "Insediamenti", "subgroup": "Centri", "subcategory": "Frazione"}, "geometry": {"type": "Point", "coordinates": [13.90754, 41.24084]}}, {"type": "Feature", "properties": {"wikidata": "Q18436575", "name": "Ferrucci", "status": "done", "osm_id": "node/1727509573", "group": "Insediamenti", "subgroup": "Centri", "subcategory": "Insediamento umano"}, "geometry": {"type": "Point", "coordinates": [14.27347, 41.20592]}}, {"type": "Feature", "properties": {"wikidata": "Q6964967", "name": "Scuola Superiore Americana a Napoli", "status": "missing", "osm_id": null, "group": "Amministrazione", "subgroup": "Istruzione", "subcategory": "Scuola secondaria"}, "geometry": {"type": "Point", "coordinates": [14.24483889, 40.989775]}}, {"type": "Feature", "properties": {"wikidata": "Q5911334", "name": "Hotel Caruso", "status": "done", "osm_id": "way/484294117", "group": "Dimore ed edifici", "subgroup": "Ospitalit\u00e0", "subcategory": "Albergo"}, "geometry": {"type": "Point", "coordinates": [14.612966345, 40.651418969]}}, {"type": "Feature", "properties": {"wikidata": "Q18436524", "name": "Cave", "status": "missing", "osm_id": null, "group": "Insediamenti", "subgroup": "Centri", "subcategory": "Frazione"}, "geometry": {"type": "Point", "coordinates": [13.99949, 41.34777]}}, {"type": "Feature", "properties": {"wikidata": "Q6108386", "name": "JK Place Capri", "status": "missing", "osm_id": null, "group": "Dimore ed edifici", "subgroup": "Ospitalit\u00e0", "subcategory": "Albergo"}, "geometry": {"type": "Point", "coordinates": [14.22305556, 40.55861111]}}, {"type": "Feature", "properties": {"wikidata": "Q18436546", "name": "Cocuruzzo", "status": "missing", "osm_id": null, "group": "Insediamenti", "subgroup": "Centri", "subcategory": "Frazione"}, "geometry": {"type": "Point", "coordinates": [13.91125, 41.35992]}}, {"type": "Feature", "properties": {"wikidata": "Q18436525", "name": "Cavelle", "status": "done", "osm_id": "node/8988633628", "group": "Insediamenti", "subgroup": "Centri", "subcategory": "Insediamento umano"}, "geometry": {"type": "Point", "coordinates": [13.95019, 41.35255]}}, {"type": "Feature", "properties": {"wikidata": "Q4012955", "name": "Villino Berlingieri", "status": "missing", "osm_id": null, "group": "Dimore ed edifici", "subgroup": "Residenze", "subcategory": "Villa"}, "geometry": {"type": "Point", "coordinates": [14.25129, 40.83294]}}, {"type": "Feature", "properties": {"wikidata": "Q18437199", "name": "Boscariello", "status": "missing", "osm_id": null, "group": "Insediamenti", "subgroup": "Centri", "subcategory": "Insediamento umano"}, "geometry": {"type": "Point", "coordinates": [15.00732, 40.57668]}}, {"type": "Feature", "properties": {"wikidata": "Q18437154", "name": "Angiolelle", "status": "missing", "osm_id": null, "group": "Insediamenti", "subgroup": "Centri", "subcategory": "Insediamento umano"}, "geometry": {"type": "Point", "coordinates": [15.49716, 40.38846]}}, {"type": "Feature", "properties": {"wikidata": "Q18437258", "name": "Casa Lauro", "status": "done", "osm_id": "node/3589359501", "group": "Insediamenti", "subgroup": "Centri", "subcategory": "Insediamento umano"}, "geometry": {"type": "Point", "coordinates": [14.63285, 40.70541]}}, {"type": "Feature", "properties": {"wikidata": "Q18437179", "name": "Barizzo di Sopra", "status": "missing", "osm_id": null, "group": "Insediamenti", "subgroup": "Centri", "subcategory": "Insediamento umano"}, "geometry": {"type": "Point", "coordinates": [15.03325, 40.49435]}}, {"type": "Feature", "properties": {"wikidata": "Q18437251", "name": "Carpineto", "status": "missing", "osm_id": null, "group": "Insediamenti", "subgroup": "Centri", "subcategory": "Frazione"}, "geometry": {"type": "Point", "coordinates": [14.80413, 40.78076]}}, {"type": "Feature", "properties": {"wikidata": "Q18437256", "name": "Casa Colucci", "status": "missing", "osm_id": null, "group": "Insediamenti", "subgroup": "Centri", "subcategory": "Insediamento umano"}, "geometry": {"type": "Point", "coordinates": [14.86916, 40.63528]}}, {"type": "Feature", "properties": {"wikidata": "Q18437210", "name": "Caiano", "status": "missing", "osm_id": null, "group": "Insediamenti", "subgroup": "Centri", "subcategory": "Insediamento umano"}, "geometry": {"type": "Point", "coordinates": [14.63488, 40.77334]}}, {"type": "Feature", "properties": {"wikidata": "Q18437237", "name": "Capograssi", "status": "missing", "osm_id": null, "group": "Insediamenti", "subgroup": "Centri", "subcategory": "Frazione"}, "geometry": {"type": "Point", "coordinates": [15.0167, 40.24256]}}, {"type": "Feature", "properties": {"wikidata": "Q18437135", "name": "Acquavella", "status": "missing", "osm_id": null, "group": "Insediamenti", "subgroup": "Centri", "subcategory": "Frazione"}, "geometry": {"type": "Point", "coordinates": [15.11794, 40.20925]}}, {"type": "Feature", "properties": {"wikidata": "Q18437224", "name": "Campolongo II", "status": "missing", "osm_id": null, "group": "Insediamenti", "subgroup": "Centri", "subcategory": "Insediamento umano"}, "geometry": {"type": "Point", "coordinates": [14.92265, 40.53381]}}, {"type": "Feature", "properties": {"wikidata": "Q18437267", "name": "Casalotti", "status": "done", "osm_id": "node/1609189987", "group": "Insediamenti", "subgroup": "Centri", "subcategory": "Frazione"}, "geometry": {"type": "Point", "coordinates": [15.15382, 40.44766]}}, {"type": "Feature", "properties": {"wikidata": "Q18437194", "name": "Bolviso", "status": "done", "osm_id": "node/3589359498", "group": "Insediamenti", "subgroup": "Centri", "subcategory": "Insediamento umano"}, "geometry": {"type": "Point", "coordinates": [14.64733, 40.68895]}}, {"type": "Feature", "properties": {"wikidata": "Q18437260", "name": "Casa Rocco d'Amato", "status": "missing", "osm_id": null, "group": "Insediamenti", "subgroup": "Centri", "subcategory": "Insediamento umano"}, "geometry": {"type": "Point", "coordinates": [14.83151, 40.67988]}}, {"type": "Feature", "properties": {"wikidata": "Q18437208", "name": "Cafasso-Borgo Nuovo", "status": "missing", "osm_id": null, "group": "Insediamenti", "subgroup": "Centri", "subcategory": "Insediamento umano"}, "geometry": {"type": "Point", "coordinates": [15.01106, 40.43821]}}, {"type": "Feature", "properties": {"wikidata": "Q18437206", "name": "Brignano Superiore", "status": "done", "osm_id": "node/4529845258", "group": "Insediamenti", "subgroup": "Centri", "subcategory": "Insediamento umano"}, "geometry": {"type": "Point", "coordinates": [14.79795, 40.69288]}}, {"type": "Feature", "properties": {"wikidata": "Q18437211", "name": "Caiazzano", "status": "missing", "osm_id": null, "group": "Insediamenti", "subgroup": "Centri", "subcategory": "Frazione"}, "geometry": {"type": "Point", "coordinates": [15.6036, 40.33114]}}, {"type": "Feature", "properties": {"wikidata": "Q18437165", "name": "Ariola", "status": "missing", "osm_id": null, "group": "Insediamenti", "subgroup": "Centri", "subcategory": "Insediamento umano"}, "geometry": {"type": "Point", "coordinates": [15.43453, 40.62795]}}, {"type": "Feature", "properties": {"wikidata": "Q18437212", "name": "Calabri", "status": "missing", "osm_id": null, "group": "Insediamenti", "subgroup": "Centri", "subcategory": "Frazione"}, "geometry": {"type": "Point", "coordinates": [15.45367, 40.56569]}}, {"type": "Feature", "properties": {"wikidata": "Q18437157", "name": "Antessano", "status": "done", "osm_id": "node/3743027854", "group": "Insediamenti", "subgroup": "Centri", "subcategory": "Insediamento umano"}, "geometry": {"type": "Point", "coordinates": [14.77744, 40.73293]}}, {"type": "Feature", "properties": {"wikidata": "Q18437141", "name": "Aiello", "status": "missing", "osm_id": null, "group": "Insediamenti", "subgroup": "Centri", "subcategory": "Insediamento umano"}, "geometry": {"type": "Point", "coordinates": [14.9765, 40.66342]}}, {"type": "Feature", "properties": {"wikidata": "Q18437191", "name": "Bivio San Vito", "status": "missing", "osm_id": null, "group": "Insediamenti", "subgroup": "Centri", "subcategory": "Frazione"}, "geometry": {"type": "Point", "coordinates": [14.97003, 40.64089]}}, {"type": "Feature", "properties": {"wikidata": "Q18437264", "name": "Casale", "status": "missing", "osm_id": null, "group": "Insediamenti", "subgroup": "Centri", "subcategory": "Frazione"}, "geometry": {"type": "Point", "coordinates": [15.22089, 40.71271]}}, {"type": "Feature", "properties": {"wikidata": "Q18437235", "name": "Capitignano", "status": "missing", "osm_id": null, "group": "Insediamenti", "subgroup": "Centri", "subcategory": "Frazione"}, "geometry": {"type": "Point", "coordinates": [14.90465, 40.71851]}}, {"type": "Feature", "properties": {"wikidata": "Q18437204", "name": "Breccelle I", "status": "missing", "osm_id": null, "group": "Insediamenti", "subgroup": "Centri", "subcategory": "Insediamento umano"}, "geometry": {"type": "Point", "coordinates": [14.62717, 40.71786]}}, {"type": "Feature", "properties": {"wikidata": "Q18437219", "name": "Campinola", "status": "missing", "osm_id": null, "group": "Insediamenti", "subgroup": "Centri", "subcategory": "Frazione"}, "geometry": {"type": "Point", "coordinates": [14.64423, 40.70408]}}, {"type": "Feature", "properties": {"wikidata": "Q18437162", "name": "Arenabianca", "status": "missing", "osm_id": null, "group": "Insediamenti", "subgroup": "Centri", "subcategory": "Frazione"}, "geometry": {"type": "Point", "coordinates": [15.69056, 40.29569]}}, {"type": "Feature", "properties": {"wikidata": "Q18437242", "name": "Caprarizzo", "status": "missing", "osm_id": null, "group": "Insediamenti", "subgroup": "Centri", "subcategory": "Insediamento umano"}, "geometry": {"type": "Point", "coordinates": [14.95124, 40.27239]}}, {"type": "Feature", "properties": {"wikidata": "Q18437188", "name": "Bisigliano", "status": "missing", "osm_id": null, "group": "Insediamenti", "subgroup": "Centri", "subcategory": "Frazione"}, "geometry": {"type": "Point", "coordinates": [15.27293, 40.70041]}}, {"type": "Feature", "properties": {"wikidata": "Q18437176", "name": "Baraccamento", "status": "missing", "osm_id": null, "group": "Insediamenti", "subgroup": "Centri", "subcategory": "Insediamento umano"}, "geometry": {"type": "Point", "coordinates": [15.11804, 40.5811]}}, {"type": "Feature", "properties": {"wikidata": "Q18437163", "name": "Ariano", "status": "missing", "osm_id": null, "group": "Insediamenti", "subgroup": "Centri", "subcategory": "Frazione"}, "geometry": {"type": "Point", "coordinates": [15.02481, 40.65668]}}, {"type": "Feature", "properties": {"wikidata": "Q18437257", "name": "Casa Concilio", "status": "missing", "osm_id": null, "group": "Insediamenti", "subgroup": "Centri", "subcategory": "Insediamento umano"}, "geometry": {"type": "Point", "coordinates": [14.82323, 40.66752]}}, {"type": "Feature", "properties": {"wikidata": "Q18437221", "name": "Campo Maiuri", "status": "missing", "osm_id": null, "group": "Insediamenti", "subgroup": "Centri", "subcategory": "Insediamento umano"}, "geometry": {"type": "Point", "coordinates": [14.85316, 40.69061]}}, {"type": "Feature", "properties": {"wikidata": "Q18437263", "name": "Casaburi", "status": "missing", "osm_id": null, "group": "Insediamenti", "subgroup": "Centri", "subcategory": "Insediamento umano"}, "geometry": {"type": "Point", "coordinates": [15.30226, 40.04013]}}, {"type": "Feature", "properties": {"wikidata": "Q18437202", "name": "Braida", "status": "missing", "osm_id": null, "group": "Insediamenti", "subgroup": "Centri", "subcategory": "Insediamento umano"}, "geometry": {"type": "Point", "coordinates": [15.43715, 40.59955]}}, {"type": "Feature", "properties": {"wikidata": "Q18437180", "name": "Battaglia", "status": "missing", "osm_id": null, "group": "Insediamenti", "subgroup": "Centri", "subcategory": "Frazione"}, "geometry": {"type": "Point", "coordinates": [15.624583333, 40.147222222]}}, {"type": "Feature", "properties": {"wikidata": "Q18437215", "name": "Cammaresano-Villano", "status": "missing", "osm_id": null, "group": "Insediamenti", "subgroup": "Centri", "subcategory": "Insediamento umano"}, "geometry": {"type": "Point", "coordinates": [15.58966, 40.08927]}}, {"type": "Feature", "properties": {"wikidata": "Q18437175", "name": "Baia Tirrena", "status": "done", "osm_id": "node/1313405517", "group": "Insediamenti", "subgroup": "Centri", "subcategory": "Insediamento umano"}, "geometry": {"type": "Point", "coordinates": [15.1799, 40.12932]}}, {"type": "Feature", "properties": {"wikidata": "Q18437240", "name": "Cappella-Cetrangolo", "status": "missing", "osm_id": null, "group": "Insediamenti", "subgroup": "Centri", "subcategory": "Insediamento umano"}, "geometry": {"type": "Point", "coordinates": [14.98441, 40.66842]}}, {"type": "Feature", "properties": {"wikidata": "Q18437193", "name": "Bivio", "status": "missing", "osm_id": null, "group": "Insediamenti", "subgroup": "Centri", "subcategory": "Frazione"}, "geometry": {"type": "Point", "coordinates": [15.29675, 40.64018]}}, {"type": "Feature", "properties": {"wikidata": "Q18437243", "name": "Caprecano", "status": "done", "osm_id": "node/1646032511", "group": "Insediamenti", "subgroup": "Centri", "subcategory": "Insediamento umano"}, "geometry": {"type": "Point", "coordinates": [14.79086, 40.74141]}}, {"type": "Feature", "properties": {"wikidata": "Q18437239", "name": "Caporra", "status": "missing", "osm_id": null, "group": "Insediamenti", "subgroup": "Centri", "subcategory": "Frazione"}, "geometry": {"type": "Point", "coordinates": [15.51244, 40.20078]}}, {"type": "Feature", "properties": {"wikidata": "Q18437217", "name": "Campanina", "status": "missing", "osm_id": null, "group": "Insediamenti", "subgroup": "Centri", "subcategory": "Insediamento umano"}, "geometry": {"type": "Point", "coordinates": [15.02763, 40.35154]}}, {"type": "Feature", "properties": {"wikidata": "Q18437233", "name": "Capezzano-Cologna", "status": "missing", "osm_id": null, "group": "Insediamenti", "subgroup": "Centri", "subcategory": "Insediamento umano"}, "geometry": {"type": "Point", "coordinates": [14.77364, 40.71518]}}, {"type": "Feature", "properties": {"wikidata": "Q18437185", "name": "Biancaneve", "status": "missing", "osm_id": null, "group": "Insediamenti", "subgroup": "Centri", "subcategory": "Insediamento umano"}, "geometry": {"type": "Point", "coordinates": [15.12506, 40.58635]}}, {"type": "Feature", "properties": {"wikidata": "Q18437156", "name": "Annunziata", "status": "missing", "osm_id": null, "group": "Insediamenti", "subgroup": "Centri", "subcategory": "Insediamento umano"}, "geometry": {"type": "Point", "coordinates": [14.98632, 40.67501]}}, {"type": "Feature", "properties": {"wikidata": "Q18437149", "name": "Amalafede", "status": "missing", "osm_id": null, "group": "Insediamenti", "subgroup": "Centri", "subcategory": "Frazione"}, "geometry": {"type": "Point", "coordinates": [15.07797, 40.22808]}}, {"type": "Feature", "properties": {"wikidata": "Q18437140", "name": "Agropoli Sud", "status": "missing", "osm_id": null, "group": "Insediamenti", "subgroup": "Centri", "subcategory": "Insediamento umano"}, "geometry": {"type": "Point", "coordinates": [15.00362, 40.33661]}}, {"type": "Feature", "properties": {"wikidata": "Q18437247", "name": "Carbonaro", "status": "done", "osm_id": "node/3589359497", "group": "Insediamenti", "subgroup": "Centri", "subcategory": "Insediamento umano"}, "geometry": {"type": "Point", "coordinates": [14.6384, 40.68595]}}, {"type": "Feature", "properties": {"wikidata": "Q18437166", "name": "Arpignano", "status": "missing", "osm_id": null, "group": "Insediamenti", "subgroup": "Centri", "subcategory": "Insediamento umano"}, "geometry": {"type": "Point", "coordinates": [15.00639, 40.68322]}}, {"type": "Feature", "properties": {"wikidata": "Q18437222", "name": "Campo Piano", "status": "done", "osm_id": "node/1230209292", "group": "Insediamenti", "subgroup": "Centri", "subcategory": "Frazione"}, "geometry": {"type": "Point", "coordinates": [15.29013, 40.78893]}}, {"type": "Feature", "properties": {"wikidata": "Q18437241", "name": "Cappello", "status": "missing", "osm_id": null, "group": "Insediamenti", "subgroup": "Centri", "subcategory": "Insediamento umano"}, "geometry": {"type": "Point", "coordinates": [15.49998, 40.39443]}}, {"type": "Feature", "properties": {"wikidata": "Q18437183", "name": "Belvedere", "status": "missing", "osm_id": null, "group": "Insediamenti", "subgroup": "Centri", "subcategory": "Insediamento umano"}, "geometry": {"type": "Point", "coordinates": [15.2832, 40.02987]}}, {"type": "Feature", "properties": {"wikidata": "Q18437229", "name": "Cannito Pezze", "status": "missing", "osm_id": null, "group": "Insediamenti", "subgroup": "Centri", "subcategory": "Insediamento umano"}, "geometry": {"type": "Point", "coordinates": [14.99267, 40.6893]}}, {"type": "Feature", "properties": {"wikidata": "Q18437266", "name": "Casali-San Potito", "status": "missing", "osm_id": null, "group": "Insediamenti", "subgroup": "Centri", "subcategory": "Insediamento umano"}, "geometry": {"type": "Point", "coordinates": [14.67501, 40.7639]}}, {"type": "Feature", "properties": {"wikidata": "Q18437207", "name": "C.Procuzzi", "status": "missing", "osm_id": null, "group": "Insediamenti", "subgroup": "Centri", "subcategory": "Insediamento umano"}, "geometry": {"type": "Point", "coordinates": [14.99918, 40.4605]}}, {"type": "Feature", "properties": {"wikidata": "Q18437205", "name": "Breccelle", "status": "done", "osm_id": "node/11302049204", "group": "Insediamenti", "subgroup": "Centri", "subcategory": "Insediamento umano"}, "geometry": {"type": "Point", "coordinates": [14.71638, 40.737]}}, {"type": "Feature", "properties": {"wikidata": "Q18437169", "name": "Badia", "status": "missing", "osm_id": null, "group": "Insediamenti", "subgroup": "Centri", "subcategory": "Insediamento umano"}, "geometry": {"type": "Point", "coordinates": [15.23892, 40.23208]}}, {"type": "Feature", "properties": {"wikidata": "Q18437171", "name": "Bagni Forlenza", "status": "missing", "osm_id": null, "group": "Insediamenti", "subgroup": "Centri", "subcategory": "Frazione"}, "geometry": {"type": "Point", "coordinates": [15.22974, 40.65253]}}, {"type": "Feature", "properties": {"wikidata": "Q18437261", "name": "Casa Ventura", "status": "missing", "osm_id": null, "group": "Insediamenti", "subgroup": "Centri", "subcategory": "Insediamento umano"}, "geometry": {"type": "Point", "coordinates": [14.81601, 40.69767]}}, {"type": "Feature", "properties": {"wikidata": "Q18437174", "name": "Baia dei Pini-Parco Marghetto", "status": "missing", "osm_id": null, "group": "Insediamenti", "subgroup": "Centri", "subcategory": "Insediamento umano"}, "geometry": {"type": "Point", "coordinates": [15.01203, 40.20316]}}, {"type": "Feature", "properties": {"wikidata": "Q18437125", "name": "Villazzano I", "status": "missing", "osm_id": null, "group": "Insediamenti", "subgroup": "Centri", "subcategory": "Insediamento umano"}, "geometry": {"type": "Point", "coordinates": [14.34444, 40.62245]}}, {"type": "Feature", "properties": {"wikidata": "Q18437173", "name": "Baia Arena", "status": "missing", "osm_id": null, "group": "Insediamenti", "subgroup": "Centri", "subcategory": "Insediamento umano"}, "geometry": {"type": "Point", "coordinates": [14.95664, 40.23347]}}, {"type": "Feature", "properties": {"wikidata": "Q18437164", "name": "Arienzo", "status": "done", "osm_id": "node/1496265400", "group": "Insediamenti", "subgroup": "Centri", "subcategory": "Insediamento umano"}, "geometry": {"type": "Point", "coordinates": [14.49773, 40.62607]}}, {"type": "Feature", "properties": {"wikidata": "Q18437254", "name": "Carrat\u00f9", "status": "missing", "osm_id": null, "group": "Insediamenti", "subgroup": "Centri", "subcategory": "Insediamento umano"}, "geometry": {"type": "Point", "coordinates": [14.73623, 40.77233]}}, {"type": "Feature", "properties": {"wikidata": "Q18437195", "name": "Borgo Carillia", "status": "missing", "osm_id": null, "group": "Insediamenti", "subgroup": "Centri", "subcategory": "Frazione"}, "geometry": {"type": "Point", "coordinates": [15.0623, 40.53313]}}, {"type": "Feature", "properties": {"wikidata": "Q18437246", "name": "Caravo", "status": "done", "osm_id": "node/8440954215", "group": "Insediamenti", "subgroup": "Centri", "subcategory": "Insediamento umano"}, "geometry": {"type": "Point", "coordinates": [15.61626, 40.18247]}}, {"type": "Feature", "properties": {"wikidata": "Q18437178", "name": "Bardascine", "status": "missing", "osm_id": null, "group": "Insediamenti", "subgroup": "Centri", "subcategory": "Insediamento umano"}, "geometry": {"type": "Point", "coordinates": [14.98606, 40.58245]}}, {"type": "Feature", "properties": {"wikidata": "Q18437137", "name": "Acquaviva", "status": "done", "osm_id": "node/1292971486", "group": "Insediamenti", "subgroup": "Centri", "subcategory": "Insediamento umano"}, "geometry": {"type": "Point", "coordinates": [15.16085, 40.45638]}}, {"type": "Feature", "properties": {"wikidata": "Q18437238", "name": "Capolomonte", "status": "done", "osm_id": "node/2232517900", "group": "Insediamenti", "subgroup": "Centri", "subcategory": "Insediamento umano"}, "geometry": {"type": "Point", "coordinates": [15.4671, 40.07158]}}, {"type": "Feature", "properties": {"wikidata": "Q18437197", "name": "Borgo San Lazzaro", "status": "missing", "osm_id": null, "group": "Insediamenti", "subgroup": "Centri", "subcategory": "Frazione"}, "geometry": {"type": "Point", "coordinates": [15.11285, 40.58259]}}, {"type": "Feature", "properties": {"wikidata": "Q18437226", "name": "Cannetiello", "status": "missing", "osm_id": null, "group": "Insediamenti", "subgroup": "Centri", "subcategory": "Insediamento umano"}, "geometry": {"type": "Point", "coordinates": [15.01512, 40.33116]}}, {"type": "Feature", "properties": {"wikidata": "Q18437129", "name": "Zaccaria", "status": "missing", "osm_id": null, "group": "Insediamenti", "subgroup": "Centri", "subcategory": "Insediamento umano"}, "geometry": {"type": "Point", "coordinates": [14.08633, 40.90985]}}, {"type": "Feature", "properties": {"wikidata": "Q18437130", "name": "Zona Commerciale San Salvatore", "status": "missing", "osm_id": null, "group": "Insediamenti", "subgroup": "Centri", "subcategory": "Insediamento umano"}, "geometry": {"type": "Point", "coordinates": [14.31391, 40.89589]}}, {"type": "Feature", "properties": {"wikidata": "Q18437184", "name": "Benincasa", "status": "missing", "osm_id": null, "group": "Insediamenti", "subgroup": "Centri", "subcategory": "Frazione"}, "geometry": {"type": "Point", "coordinates": [14.71847, 40.674]}}, {"type": "Feature", "properties": {"wikidata": "Q18437259", "name": "Casa Milite", "status": "missing", "osm_id": null, "group": "Insediamenti", "subgroup": "Centri", "subcategory": "Frazione"}, "geometry": {"type": "Point", "coordinates": [14.68834, 40.72529]}}, {"type": "Feature", "properties": {"wikidata": "Q18437213", "name": "Calleo", "status": "missing", "osm_id": null, "group": "Insediamenti", "subgroup": "Centri", "subcategory": "Insediamento umano"}, "geometry": {"type": "Point", "coordinates": [15.48458, 40.09575]}}, {"type": "Feature", "properties": {"wikidata": "Q18437236", "name": "Capizzo", "status": "missing", "osm_id": null, "group": "Insediamenti", "subgroup": "Centri", "subcategory": "Frazione"}, "geometry": {"type": "Point", "coordinates": [15.21712, 40.35387]}}, {"type": "Feature", "properties": {"wikidata": "Q18437177", "name": "Barbieri", "status": "done", "osm_id": "node/13424547823", "group": "Insediamenti", "subgroup": "Centri", "subcategory": "Insediamento umano"}, "geometry": {"type": "Point", "coordinates": [15.62855, 40.18328]}}, {"type": "Feature", "properties": {"wikidata": "Q18437228", "name": "Cannicchio", "status": "missing", "osm_id": null, "group": "Insediamenti", "subgroup": "Centri", "subcategory": "Frazione"}, "geometry": {"type": "Point", "coordinates": [15.04295, 40.19146]}}, {"type": "Feature", "properties": {"wikidata": "Q18437250", "name": "Carifi-Torello-Priscoli", "status": "missing", "osm_id": null, "group": "Insediamenti", "subgroup": "Centri", "subcategory": "Insediamento umano"}, "geometry": {"type": "Point", "coordinates": [14.73212, 40.79136]}}, {"type": "Feature", "properties": {"wikidata": "Q18437255", "name": "Carullo", "status": "missing", "osm_id": null, "group": "Insediamenti", "subgroup": "Centri", "subcategory": "Insediamento umano"}, "geometry": {"type": "Point", "coordinates": [15.12581, 40.21991]}}, {"type": "Feature", "properties": {"wikidata": "Q18437232", "name": "Capezzano Inferiore", "status": "missing", "osm_id": null, "group": "Insediamenti", "subgroup": "Centri", "subcategory": "Insediamento umano"}, "geometry": {"type": "Point", "coordinates": [14.77301, 40.70067]}}, {"type": "Feature", "properties": {"wikidata": "Q18437161", "name": "Area P.I.P.-Stritto", "status": "missing", "osm_id": null, "group": "Insediamenti", "subgroup": "Centri", "subcategory": "Insediamento umano"}, "geometry": {"type": "Point", "coordinates": [15.3772, 40.66328]}}, {"type": "Feature", "properties": {"wikidata": "Q18437253", "name": "Carratiello", "status": "missing", "osm_id": null, "group": "Insediamenti", "subgroup": "Centri", "subcategory": "Insediamento umano"}, "geometry": {"type": "Point", "coordinates": [15.17759, 40.45527]}}, {"type": "Feature", "properties": {"wikidata": "Q18437189", "name": "Bivio Acquavella-Ponte", "status": "missing", "osm_id": null, "group": "Insediamenti", "subgroup": "Centri", "subcategory": "Insediamento umano"}, "geometry": {"type": "Point", "coordinates": [15.1449, 40.20182]}}, {"type": "Feature", "properties": {"wikidata": "Q18437145", "name": "Alessia", "status": "missing", "osm_id": null, "group": "Insediamenti", "subgroup": "Centri", "subcategory": "Frazione"}, "geometry": {"type": "Point", "coordinates": [14.7287, 40.68612]}}, {"type": "Feature", "properties": {"wikidata": "Q18437262", "name": "Casa Vitagliano", "status": "done", "osm_id": "node/3589359494", "group": "Insediamenti", "subgroup": "Centri", "subcategory": "Insediamento umano"}, "geometry": {"type": "Point", "coordinates": [14.63909, 40.67838]}}, {"type": "Feature", "properties": {"wikidata": "Q18437136", "name": "Acquavena", "status": "missing", "osm_id": null, "group": "Insediamenti", "subgroup": "Centri", "subcategory": "Frazione"}, "geometry": {"type": "Point", "coordinates": [15.44557, 40.08377]}}, {"type": "Feature", "properties": {"wikidata": "Q18437172", "name": "Bagno", "status": "done", "osm_id": "node/12121997067", "group": "Insediamenti", "subgroup": "Centri", "subcategory": "Insediamento umano"}, "geometry": {"type": "Point", "coordinates": [15.61576, 40.32258]}}, {"type": "Feature", "properties": {"wikidata": "Q18437151", "name": "Andreoli", "status": "missing", "osm_id": null, "group": "Insediamenti", "subgroup": "Centri", "subcategory": "Insediamento umano"}, "geometry": {"type": "Point", "coordinates": [15.00907, 40.42995]}}, {"type": "Feature", "properties": {"wikidata": "Q18437220", "name": "Campitiello", "status": "missing", "osm_id": null, "group": "Insediamenti", "subgroup": "Centri", "subcategory": "Insediamento umano"}, "geometry": {"type": "Point", "coordinates": [14.99454, 40.48323]}}, {"type": "Feature", "properties": {"wikidata": "Q18437167", "name": "Ascolese", "status": "missing", "osm_id": null, "group": "Insediamenti", "subgroup": "Centri", "subcategory": "Frazione"}, "geometry": {"type": "Point", "coordinates": [15.61164, 40.32921]}}, {"type": "Feature", "properties": {"wikidata": "Q18437159", "name": "Archi", "status": "missing", "osm_id": null, "group": "Insediamenti", "subgroup": "Centri", "subcategory": "Insediamento umano"}, "geometry": {"type": "Point", "coordinates": [14.99622, 40.30789]}}, {"type": "Feature", "properties": {"wikidata": "Q18437158", "name": "Aquaviva II", "status": "missing", "osm_id": null, "group": "Insediamenti", "subgroup": "Centri", "subcategory": "Insediamento umano"}, "geometry": {"type": "Point", "coordinates": [15.15647, 40.45332]}}, {"type": "Feature", "properties": {"wikidata": "Q18437138", "name": "Affonnatora", "status": "done", "osm_id": "node/13428395898", "group": "Insediamenti", "subgroup": "Centri", "subcategory": "Insediamento umano"}, "geometry": {"type": "Point", "coordinates": [15.69539, 40.13622]}}, {"type": "Feature", "properties": {"wikidata": "Q18437148", "name": "Allevatori di Castori", "status": "missing", "osm_id": null, "group": "Insediamenti", "subgroup": "Centri", "subcategory": "Insediamento umano"}, "geometry": {"type": "Point", "coordinates": [14.95545, 40.47158]}}, {"type": "Feature", "properties": {"wikidata": "Q18437134", "name": "Acquarola", "status": "missing", "osm_id": null, "group": "Insediamenti", "subgroup": "Centri", "subcategory": "Insediamento umano"}, "geometry": {"type": "Point", "coordinates": [14.72527, 40.76872]}}, {"type": "Feature", "properties": {"wikidata": "Q18437153", "name": "Angellara", "status": "missing", "osm_id": null, "group": "Insediamenti", "subgroup": "Centri", "subcategory": "Frazione"}, "geometry": {"type": "Point", "coordinates": [15.28045, 40.23648]}}, {"type": "Feature", "properties": {"wikidata": "Q18437248", "name": "Carcapalle", "status": "missing", "osm_id": null, "group": "Insediamenti", "subgroup": "Centri", "subcategory": "Insediamento umano"}, "geometry": {"type": "Point", "coordinates": [14.81848, 40.67712]}}, {"type": "Feature", "properties": {"wikidata": "Q18437190", "name": "Cioffi", "status": "done", "osm_id": "node/1207578146", "group": "Insediamenti", "subgroup": "Centri", "subcategory": "Insediamento umano"}, "geometry": {"type": "Point", "coordinates": [14.99018, 40.54611]}}, {"type": "Feature", "properties": {"wikidata": "Q18435116", "name": "Ciccotonno", "status": "missing", "osm_id": null, "group": "Insediamenti", "subgroup": "Centri", "subcategory": "Frazione"}, "geometry": {"type": "Point", "coordinates": [15.19172, 41.2212]}}, {"type": "Feature", "properties": {"wikidata": "Q18434660", "name": "Boscomatarazzo", "status": "done", "osm_id": "node/2603258862", "group": "Insediamenti", "subgroup": "Centri", "subcategory": "Insediamento umano"}, "geometry": {"type": "Point", "coordinates": [14.79582, 40.8566]}}, {"type": "Feature", "properties": {"wikidata": "Q18434725", "name": "Campetelle", "status": "done", "osm_id": "node/2699841353", "group": "Insediamenti", "subgroup": "Centri", "subcategory": "Insediamento umano"}, "geometry": {"type": "Point", "coordinates": [14.88495, 40.92329]}}, {"type": "Feature", "properties": {"wikidata": "Q18435112", "name": "Ciavolone", "status": "missing", "osm_id": null, "group": "Insediamenti", "subgroup": "Centri", "subcategory": "Frazione"}, "geometry": {"type": "Point", "coordinates": [15.09295, 41.06607]}}, {"type": "Feature", "properties": {"wikidata": "Q18434969", "name": "Case Stillo", "status": "missing", "osm_id": null, "group": "Insediamenti", "subgroup": "Centri", "subcategory": "Insediamento umano"}, "geometry": {"type": "Point", "coordinates": [15.10469, 41.12718]}}, {"type": "Feature", "properties": {"wikidata": "Q18434741", "name": "Campoceraso", "status": "missing", "osm_id": null, "group": "Insediamenti", "subgroup": "Centri", "subcategory": "Insediamento umano"}, "geometry": {"type": "Point", "coordinates": [14.9337, 41.04011]}}, {"type": "Feature", "properties": {"wikidata": "Q18435043", "name": "Cerreta (Grandola)", "status": "missing", "osm_id": null, "group": "Insediamenti", "subgroup": "Centri", "subcategory": "Insediamento umano"}, "geometry": {"type": "Point", "coordinates": [15.00526, 41.167]}}, {"type": "Feature", "properties": {"wikidata": "Q18434901", "name": "Casamanzi", "status": "missing", "osm_id": null, "group": "Insediamenti", "subgroup": "Centri", "subcategory": "Frazione"}, "geometry": {"type": "Point", "coordinates": [14.5791, 40.8791]}}, {"type": "Feature", "properties": {"wikidata": "Q18434922", "name": "Case Ex Bellangelo", "status": "missing", "osm_id": null, "group": "Insediamenti", "subgroup": "Centri", "subcategory": "Insediamento umano"}, "geometry": {"type": "Point", "coordinates": [15.04264, 41.13498]}}, {"type": "Feature", "properties": {"wikidata": "Q18434749", "name": "Campore", "status": "done", "osm_id": "node/11862507025", "group": "Insediamenti", "subgroup": "Centri", "subcategory": "Insediamento umano"}, "geometry": {"type": "Point", "coordinates": [14.82666, 41.03516]}}, {"type": "Feature", "properties": {"wikidata": "Q18434729", "name": "Campilonghi", "status": "missing", "osm_id": null, "group": "Insediamenti", "subgroup": "Centri", "subcategory": "Insediamento umano"}, "geometry": {"type": "Point", "coordinates": [14.78662, 40.93509]}}, {"type": "Feature", "properties": {"wikidata": "Q18434944", "name": "Case Rossi", "status": "missing", "osm_id": null, "group": "Insediamenti", "subgroup": "Centri", "subcategory": "Insediamento umano"}, "geometry": {"type": "Point", "coordinates": [14.74245, 40.98913]}}, {"type": "Feature", "properties": {"wikidata": "Q18434717", "name": "Campanarello", "status": "missing", "osm_id": null, "group": "Insediamenti", "subgroup": "Centri", "subcategory": "Frazione"}, "geometry": {"type": "Point", "coordinates": [14.91418, 41.04717]}}, {"type": "Feature", "properties": {"wikidata": "Q18434974", "name": "Casino", "status": "done", "osm_id": "node/2698028696", "group": "Insediamenti", "subgroup": "Centri", "subcategory": "Insediamento umano"}, "geometry": {"type": "Point", "coordinates": [14.86715, 40.8807]}}, {"type": "Feature", "properties": {"wikidata": "Q18435027", "name": "Cauzillo", "status": "done", "osm_id": "node/3047554129", "group": "Insediamenti", "subgroup": "Centri", "subcategory": "Insediamento umano"}, "geometry": {"type": "Point", "coordinates": [14.96395, 41.04644]}}, {"type": "Feature", "properties": {"wikidata": "Q18434676", "name": "Braudiano", "status": "missing", "osm_id": null, "group": "Insediamenti", "subgroup": "Centri", "subcategory": "Insediamento umano"}, "geometry": {"type": "Point", "coordinates": [15.07104, 40.92297]}}, {"type": "Feature", "properties": {"wikidata": "Q18435055", "name": "Cervino", "status": "done", "osm_id": "node/2964064222", "group": "Insediamenti", "subgroup": "Centri", "subcategory": "Frazione"}, "geometry": {"type": "Point", "coordinates": [15.2675, 40.94661]}}, {"type": "Feature", "properties": {"wikidata": "Q18435047", "name": "Cerreta", "status": "done", "osm_id": "node/2699803520", "group": "Insediamenti", "subgroup": "Centri", "subcategory": "Insediamento umano"}, "geometry": {"type": "Point", "coordinates": [14.91975, 40.88882]}}, {"type": "Feature", "properties": {"wikidata": "Q18435103", "name": "Ciardelli Inferiore", "status": "missing", "osm_id": null, "group": "Insediamenti", "subgroup": "Centri", "subcategory": "Insediamento umano"}, "geometry": {"type": "Point", "coordinates": [14.73521, 41.0121]}}, {"type": "Feature", "properties": {"wikidata": "Q18434827", "name": "Caraccioli", "status": "missing", "osm_id": null, "group": "Insediamenti", "subgroup": "Centri", "subcategory": "Insediamento umano"}, "geometry": {"type": "Point", "coordinates": [14.69968, 41.03384]}}, {"type": "Feature", "properties": {"wikidata": "Q18435006", "name": "Castello", "status": "missing", "osm_id": null, "group": "Insediamenti", "subgroup": "Centri", "subcategory": "Frazione"}, "geometry": {"type": "Point", "coordinates": [14.76069, 40.85381]}}, {"type": "Feature", "properties": {"wikidata": "Q18434737", "name": "Campo di Nusco", "status": "missing", "osm_id": null, "group": "Insediamenti", "subgroup": "Centri", "subcategory": "Insediamento umano"}, "geometry": {"type": "Point", "coordinates": [15.1313, 40.8794]}}, {"type": "Feature", "properties": {"wikidata": "Q18434766", "name": "Candelaro I", "status": "missing", "osm_id": null, "group": "Insediamenti", "subgroup": "Centri", "subcategory": "Insediamento umano"}, "geometry": {"type": "Point", "coordinates": [15.16298, 41.06413]}}, {"type": "Feature", "properties": {"wikidata": "Q18435035", "name": "Cellaro Basso", "status": "missing", "osm_id": null, "group": "Insediamenti", "subgroup": "Centri", "subcategory": "Insediamento umano"}, "geometry": {"type": "Point", "coordinates": [15.11256, 41.01431]}}, {"type": "Feature", "properties": {"wikidata": "Q18434701", "name": "Calli", "status": "missing", "osm_id": null, "group": "Insediamenti", "subgroup": "Centri", "subcategory": "Frazione"}, "geometry": {"type": "Point", "coordinates": [15.37406, 41.00616]}}, {"type": "Feature", "properties": {"wikidata": "Q18434950", "name": "Case Saudelle di Sotto", "status": "missing", "osm_id": null, "group": "Insediamenti", "subgroup": "Centri", "subcategory": "Insediamento umano"}, "geometry": {"type": "Point", "coordinates": [14.85703, 40.99227]}}, {"type": "Feature", "properties": {"wikidata": "Q18434848", "name": "Carmasciano II", "status": "missing", "osm_id": null, "group": "Insediamenti", "subgroup": "Centri", "subcategory": "Insediamento umano"}, "geometry": {"type": "Point", "coordinates": [15.17322, 40.98076]}}, {"type": "Feature", "properties": {"wikidata": "Q18434843", "name": "Carmasciano I", "status": "missing", "osm_id": null, "group": "Insediamenti", "subgroup": "Centri", "subcategory": "Insediamento umano"}, "geometry": {"type": "Point", "coordinates": [15.16966, 40.98266]}}, {"type": "Feature", "properties": {"wikidata": "Q18435064", "name": "Cerzito Alto", "status": "done", "osm_id": "node/3047554125", "group": "Insediamenti", "subgroup": "Centri", "subcategory": "Insediamento umano"}, "geometry": {"type": "Point", "coordinates": [14.98556, 41.0539]}}, {"type": "Feature", "properties": {"wikidata": "Q18434931", "name": "Case Oliva", "status": "missing", "osm_id": null, "group": "Insediamenti", "subgroup": "Centri", "subcategory": "Insediamento umano"}, "geometry": {"type": "Point", "coordinates": [15.13653, 41.15452]}}, {"type": "Feature", "properties": {"wikidata": "Q18434869", "name": "Casa Arsa", "status": "missing", "osm_id": null, "group": "Insediamenti", "subgroup": "Centri", "subcategory": "Insediamento umano"}, "geometry": {"type": "Point", "coordinates": [15.03617, 40.91237]}}, {"type": "Feature", "properties": {"wikidata": "Q18435021", "name": "Cataldi", "status": "done", "osm_id": "node/2705433715", "group": "Insediamenti", "subgroup": "Centri", "subcategory": "Insediamento umano"}, "geometry": {"type": "Point", "coordinates": [14.89601, 40.96084]}}, {"type": "Feature", "properties": {"wikidata": "Q18435040", "name": "Celzi", "status": "missing", "osm_id": null, "group": "Insediamenti", "subgroup": "Centri", "subcategory": "Frazione"}, "geometry": {"type": "Point", "coordinates": [14.75004, 40.85515]}}, {"type": "Feature", "properties": {"wikidata": "Q18434762", "name": "Cancelli", "status": "missing", "osm_id": null, "group": "Insediamenti", "subgroup": "Centri", "subcategory": "Insediamento umano"}, "geometry": {"type": "Point", "coordinates": [14.98427, 40.91283]}}, {"type": "Feature", "properties": {"wikidata": "Q18435032", "name": "Cellara", "status": "done", "osm_id": "node/2598636591", "group": "Insediamenti", "subgroup": "Centri", "subcategory": "Insediamento umano"}, "geometry": {"type": "Point", "coordinates": [14.82445, 40.87882]}}, {"type": "Feature", "properties": {"wikidata": "Q18435090", "name": "Chianchetelle", "status": "missing", "osm_id": null, "group": "Insediamenti", "subgroup": "Centri", "subcategory": "Frazione"}, "geometry": {"type": "Point", "coordinates": [14.78613, 41.03902]}}, {"type": "Feature", "properties": {"wikidata": "Q18434831", "name": "Carbocisi", "status": "missing", "osm_id": null, "group": "Insediamenti", "subgroup": "Centri", "subcategory": "Frazione"}, "geometry": {"type": "Point", "coordinates": [14.77421, 41.00612]}}, {"type": "Feature", "properties": {"wikidata": "Q18435109", "name": "Ciardelli Superiore", "status": "missing", "osm_id": null, "group": "Insediamenti", "subgroup": "Centri", "subcategory": "Insediamento umano"}, "geometry": {"type": "Point", "coordinates": [14.72893, 41.00627]}}, {"type": "Feature", "properties": {"wikidata": "Q18434686", "name": "Buodano", "status": "missing", "osm_id": null, "group": "Insediamenti", "subgroup": "Centri", "subcategory": "Insediamento umano"}, "geometry": {"type": "Point", "coordinates": [15.03479, 41.20858]}}, {"type": "Feature", "properties": {"wikidata": "Q18434914", "name": "Case Acquaviva", "status": "missing", "osm_id": null, "group": "Insediamenti", "subgroup": "Centri", "subcategory": "Insediamento umano"}, "geometry": {"type": "Point", "coordinates": [14.85258, 40.9781]}}, {"type": "Feature", "properties": {"wikidata": "Q18435074", "name": "Cerzito Piccolo", "status": "done", "osm_id": "node/3047557900", "group": "Insediamenti", "subgroup": "Centri", "subcategory": "Insediamento umano"}, "geometry": {"type": "Point", "coordinates": [14.97956, 41.05414]}}, {"type": "Feature", "properties": {"wikidata": "Q18434610", "name": "Bosco I", "status": "done", "osm_id": "node/2598624391", "group": "Insediamenti", "subgroup": "Centri", "subcategory": "Insediamento umano"}, "geometry": {"type": "Point", "coordinates": [14.80002, 40.87817]}}, {"type": "Feature", "properties": {"wikidata": "Q18434696", "name": "Calaggio", "status": "missing", "osm_id": null, "group": "Insediamenti", "subgroup": "Centri", "subcategory": "Frazione"}, "geometry": {"type": "Point", "coordinates": [15.34955, 41.05882]}}, {"type": "Feature", "properties": {"wikidata": "Q18434744", "name": "Campomanente", "status": "done", "osm_id": "node/2598630099", "group": "Insediamenti", "subgroup": "Centri", "subcategory": "Insediamento umano"}, "geometry": {"type": "Point", "coordinates": [14.81008, 40.89841]}}, {"type": "Feature", "properties": {"wikidata": "Q18435094", "name": "Chiocche del Forno", "status": "done", "osm_id": "node/3047567278", "group": "Insediamenti", "subgroup": "Centri", "subcategory": "Insediamento umano"}, "geometry": {"type": "Point", "coordinates": [14.99891, 41.03099]}}, {"type": "Feature", "properties": {"wikidata": "Q18434823", "name": "Caputi", "status": "done", "osm_id": "node/2964067737", "group": "Insediamenti", "subgroup": "Centri", "subcategory": "Frazione"}, "geometry": {"type": "Point", "coordinates": [15.27602, 40.93031]}}, {"type": "Feature", "properties": {"wikidata": "Q18434891", "name": "Casale Monaci", "status": "missing", "osm_id": null, "group": "Insediamenti", "subgroup": "Centri", "subcategory": "Localit\u00e0 abitata"}, "geometry": {"type": "Point", "coordinates": [14.93773, 40.97955]}}, {"type": "Feature", "properties": {"wikidata": "Q18434632", "name": "Bosco San Raffaele III", "status": "done", "osm_id": "node/2596689611", "group": "Insediamenti", "subgroup": "Centri", "subcategory": "Insediamento umano"}, "geometry": {"type": "Point", "coordinates": [14.79963, 40.88476]}}, {"type": "Feature", "properties": {"wikidata": "Q18434814", "name": "Capriglia", "status": "missing", "osm_id": null, "group": "Insediamenti", "subgroup": "Centri", "subcategory": "Insediamento umano"}, "geometry": {"type": "Point", "coordinates": [14.7782, 40.95972]}}, {"type": "Feature", "properties": {"wikidata": "Q18434708", "name": "Calzisi", "status": "done", "osm_id": "node/2588146389", "group": "Insediamenti", "subgroup": "Centri", "subcategory": "Insediamento umano"}, "geometry": {"type": "Point", "coordinates": [14.84803, 40.93646]}}, {"type": "Feature", "properties": {"wikidata": "Q18434805", "name": "Cappella", "status": "missing", "osm_id": null, "group": "Insediamenti", "subgroup": "Centri", "subcategory": "Insediamento umano"}, "geometry": {"type": "Point", "coordinates": [14.76913, 40.94013]}}, {"type": "Feature", "properties": {"wikidata": "Q18434926", "name": "Case Mabili", "status": "missing", "osm_id": null, "group": "Insediamenti", "subgroup": "Centri", "subcategory": "Insediamento umano"}, "geometry": {"type": "Point", "coordinates": [14.75346, 40.99279]}}, {"type": "Feature", "properties": {"wikidata": "Q18435082", "name": "Cesine", "status": "missing", "osm_id": null, "group": "Insediamenti", "subgroup": "Centri", "subcategory": "Insediamento umano"}, "geometry": {"type": "Point", "coordinates": [15.05027, 41.1947]}}, {"type": "Feature", "properties": {"wikidata": "Q18434876", "name": "Casadami", "status": "missing", "osm_id": null, "group": "Insediamenti", "subgroup": "Centri", "subcategory": "Frazione"}, "geometry": {"type": "Point", "coordinates": [14.66157, 41.03695]}}, {"type": "Feature", "properties": {"wikidata": "Q18434636", "name": "Bosco Sant'Elia", "status": "missing", "osm_id": null, "group": "Insediamenti", "subgroup": "Centri", "subcategory": "Insediamento umano"}, "geometry": {"type": "Point", "coordinates": [15.0164, 41.07561]}}, {"type": "Feature", "properties": {"wikidata": "Q18434991", "name": "Castaglione II", "status": "missing", "osm_id": null, "group": "Insediamenti", "subgroup": "Centri", "subcategory": "Insediamento umano"}, "geometry": {"type": "Point", "coordinates": [15.07196, 41.19201]}}, {"type": "Feature", "properties": {"wikidata": "Q18434785", "name": "Cantarelle", "status": "missing", "osm_id": null, "group": "Insediamenti", "subgroup": "Centri", "subcategory": "Insediamento umano"}, "geometry": {"type": "Point", "coordinates": [14.96256, 40.95866]}}, {"type": "Feature", "properties": {"wikidata": "Q18435069", "name": "Cerzito Grande", "status": "done", "osm_id": "node/3047554106", "group": "Insediamenti", "subgroup": "Centri", "subcategory": "Insediamento umano"}, "geometry": {"type": "Point", "coordinates": [14.98401, 41.0573]}}, {"type": "Feature", "properties": {"wikidata": "Q18434774", "name": "Candelaro", "status": "missing", "osm_id": null, "group": "Insediamenti", "subgroup": "Centri", "subcategory": "Frazione"}, "geometry": {"type": "Point", "coordinates": [15.16336, 41.06897]}}, {"type": "Feature", "properties": {"wikidata": "Q18435014", "name": "Castelrotto", "status": "done", "osm_id": "node/2705429438", "group": "Insediamenti", "subgroup": "Centri", "subcategory": "Insediamento umano"}, "geometry": {"type": "Point", "coordinates": [14.89496, 40.97954]}}, {"type": "Feature", "properties": {"wikidata": "Q18434836", "name": "Cardalani", "status": "missing", "osm_id": null, "group": "Insediamenti", "subgroup": "Centri", "subcategory": "Insediamento umano"}, "geometry": {"type": "Point", "coordinates": [14.79375, 40.93509]}}, {"type": "Feature", "properties": {"wikidata": "Q18434668", "name": "Branete", "status": "missing", "osm_id": null, "group": "Insediamenti", "subgroup": "Centri", "subcategory": "Frazione"}, "geometry": {"type": "Point", "coordinates": [14.80983, 41.01601]}}, {"type": "Feature", "properties": {"wikidata": "Q18434617", "name": "Bosco III", "status": "done", "osm_id": "node/2598624367", "group": "Insediamenti", "subgroup": "Centri", "subcategory": "Insediamento umano"}, "geometry": {"type": "Point", "coordinates": [14.7953, 40.87555]}}, {"type": "Feature", "properties": {"wikidata": "Q18434937", "name": "Case Petrozza", "status": "missing", "osm_id": null, "group": "Insediamenti", "subgroup": "Centri", "subcategory": "Insediamento umano"}, "geometry": {"type": "Point", "coordinates": [15.05328, 41.16098]}}, {"type": "Feature", "properties": {"wikidata": "Q18434770", "name": "Candelaro II", "status": "missing", "osm_id": null, "group": "Insediamenti", "subgroup": "Centri", "subcategory": "Insediamento umano"}, "geometry": {"type": "Point", "coordinates": [15.15843, 41.06012]}}, {"type": "Feature", "properties": {"wikidata": "Q18434964", "name": "Case Sicuranza", "status": "missing", "osm_id": null, "group": "Insediamenti", "subgroup": "Centri", "subcategory": "Insediamento umano"}, "geometry": {"type": "Point", "coordinates": [15.02907, 41.15405]}}, {"type": "Feature", "properties": {"wikidata": "Q18434988", "name": "Cassano Caudino", "status": "missing", "osm_id": null, "group": "Insediamenti", "subgroup": "Centri", "subcategory": "Frazione"}, "geometry": {"type": "Point", "coordinates": [14.71409, 41.03104]}}, {"type": "Feature", "properties": {"wikidata": "Q18435061", "name": "Cervo", "status": "missing", "osm_id": null, "group": "Insediamenti", "subgroup": "Centri", "subcategory": "Insediamento umano"}, "geometry": {"type": "Point", "coordinates": [15.01138, 41.14478]}}, {"type": "Feature", "properties": {"wikidata": "Q18434947", "name": "Case Saudelle di Sopra", "status": "missing", "osm_id": null, "group": "Insediamenti", "subgroup": "Centri", "subcategory": "Insediamento umano"}, "geometry": {"type": "Point", "coordinates": [14.86768, 40.99473]}}, {"type": "Feature", "properties": {"wikidata": "Q18435011", "name": "Castelmozzo", "status": "missing", "osm_id": null, "group": "Insediamenti", "subgroup": "Centri", "subcategory": "Frazione"}, "geometry": {"type": "Point", "coordinates": [14.84977, 41.01388]}}, {"type": "Feature", "properties": {"wikidata": "Q18434721", "name": "Campanino", "status": "missing", "osm_id": null, "group": "Insediamenti", "subgroup": "Centri", "subcategory": "Frazione"}, "geometry": {"type": "Point", "coordinates": [14.6517, 41.04398]}}, {"type": "Feature", "properties": {"wikidata": "Q18434873", "name": "Casacastello", "status": "done", "osm_id": "node/2603280595", "group": "Insediamenti", "subgroup": "Centri", "subcategory": "Insediamento umano"}, "geometry": {"type": "Point", "coordinates": [14.78637, 40.82966]}}, {"type": "Feature", "properties": {"wikidata": "Q18434713", "name": "Camoia", "status": "missing", "osm_id": null, "group": "Insediamenti", "subgroup": "Centri", "subcategory": "Insediamento umano"}, "geometry": {"type": "Point", "coordinates": [15.19542, 40.91414]}}, {"type": "Feature", "properties": {"wikidata": "Q18434883", "name": "Casal di Creta", "status": "done", "osm_id": "node/2601379639", "group": "Insediamenti", "subgroup": "Centri", "subcategory": "Insediamento umano"}, "geometry": {"type": "Point", "coordinates": [14.74379, 40.86265]}}, {"type": "Feature", "properties": {"wikidata": "Q18434918", "name": "Case Cocciacavallo", "status": "missing", "osm_id": null, "group": "Insediamenti", "subgroup": "Centri", "subcategory": "Insediamento umano"}, "geometry": {"type": "Point", "coordinates": [14.86764, 40.98373]}}, {"type": "Feature", "properties": {"wikidata": "Q18434663", "name": "Bralia", "status": "missing", "osm_id": null, "group": "Insediamenti", "subgroup": "Centri", "subcategory": "Insediamento umano"}, "geometry": {"type": "Point", "coordinates": [15.22328, 40.7753]}}, {"type": "Feature", "properties": {"wikidata": "Q18434979", "name": "Casola", "status": "missing", "osm_id": null, "group": "Insediamenti", "subgroup": "Centri", "subcategory": "Frazione"}, "geometry": {"type": "Point", "coordinates": [14.59972, 40.88854]}}, {"type": "Feature", "properties": {"wikidata": "Q18434880", "name": "Casadogna", "status": "missing", "osm_id": null, "group": "Insediamenti", "subgroup": "Centri", "subcategory": "Insediamento umano"}, "geometry": {"type": "Point", "coordinates": [15.34136, 40.9431]}}, {"type": "Feature", "properties": {"wikidata": "Q18434961", "name": "Case Siconolfi", "status": "missing", "osm_id": null, "group": "Insediamenti", "subgroup": "Centri", "subcategory": "Insediamento umano"}, "geometry": {"type": "Point", "coordinates": [15.29329, 40.98759]}}, {"type": "Feature", "properties": {"wikidata": "Q18434627", "name": "Bosco San Raffaele II", "status": "done", "osm_id": "node/2596688111", "group": "Insediamenti", "subgroup": "Centri", "subcategory": "Insediamento umano"}, "geometry": {"type": "Point", "coordinates": [14.80149, 40.88428]}}, {"type": "Feature", "properties": {"wikidata": "Q18434956", "name": "Case Scoppole", "status": "missing", "osm_id": null, "group": "Insediamenti", "subgroup": "Centri", "subcategory": "Insediamento umano"}, "geometry": {"type": "Point", "coordinates": [14.86857, 40.99947]}}, {"type": "Feature", "properties": {"wikidata": "Q18434897", "name": "Casale Teta", "status": "missing", "osm_id": null, "group": "Insediamenti", "subgroup": "Centri", "subcategory": "Insediamento umano"}, "geometry": {"type": "Point", "coordinates": [15.11741, 40.89494]}}, {"type": "Feature", "properties": {"wikidata": "Q18434852", "name": "Carosina di Sopra", "status": "missing", "osm_id": null, "group": "Insediamenti", "subgroup": "Centri", "subcategory": "Insediamento umano"}, "geometry": {"type": "Point", "coordinates": [15.29949, 41.03921]}}, {"type": "Feature", "properties": {"wikidata": "Q18434940", "name": "Case Ragucci", "status": "missing", "osm_id": null, "group": "Insediamenti", "subgroup": "Centri", "subcategory": "Insediamento umano"}, "geometry": {"type": "Point", "coordinates": [14.73939, 41.01345]}}, {"type": "Feature", "properties": {"wikidata": "Q18434793", "name": "Caponi", "status": "missing", "osm_id": null, "group": "Insediamenti", "subgroup": "Centri", "subcategory": "Frazione"}, "geometry": {"type": "Point", "coordinates": [14.92604, 41.0035]}}, {"type": "Feature", "properties": {"wikidata": "Q18434802", "name": "Cappella Madonna di Pompei", "status": "missing", "osm_id": null, "group": "Insediamenti", "subgroup": "Centri", "subcategory": "Insediamento umano"}, "geometry": {"type": "Point", "coordinates": [14.99798, 41.18688]}}, {"type": "Feature", "properties": {"wikidata": "Q18434705", "name": "Calore Variante", "status": "done", "osm_id": "node/3047531974", "group": "Insediamenti", "subgroup": "Centri", "subcategory": "Insediamento umano"}, "geometry": {"type": "Point", "coordinates": [14.95113, 41.0509]}}, {"type": "Feature", "properties": {"wikidata": "Q18434757", "name": "Canali", "status": "missing", "osm_id": null, "group": "Insediamenti", "subgroup": "Centri", "subcategory": "Insediamento umano"}, "geometry": {"type": "Point", "coordinates": [15.0183, 40.90847]}}, {"type": "Feature", "properties": {"wikidata": "Q18434613", "name": "Bosco II", "status": "done", "osm_id": "node/2598624386", "group": "Insediamenti", "subgroup": "Centri", "subcategory": "Insediamento umano"}, "geometry": {"type": "Point", "coordinates": [14.79464, 40.87703]}}, {"type": "Feature", "properties": {"wikidata": "Q18434623", "name": "Bosco San Raffaele I", "status": "done", "osm_id": "node/2596688120", "group": "Insediamenti", "subgroup": "Centri", "subcategory": "Insediamento umano"}, "geometry": {"type": "Point", "coordinates": [14.80389, 40.8863]}}, {"type": "Feature", "properties": {"wikidata": "Q18434682", "name": "Breccelle I", "status": "missing", "osm_id": null, "group": "Insediamenti", "subgroup": "Centri", "subcategory": "Frazione"}, "geometry": {"type": "Point", "coordinates": [14.79117, 40.94425]}}, {"type": "Feature", "properties": {"wikidata": "Q18434655", "name": "Bosco", "status": "done", "osm_id": "node/2706938154", "group": "Insediamenti", "subgroup": "Centri", "subcategory": "Insediamento umano"}, "geometry": {"type": "Point", "coordinates": [14.89871, 40.98804]}}, {"type": "Feature", "properties": {"wikidata": "Q18434752", "name": "Canale", "status": "missing", "osm_id": null, "group": "Insediamenti", "subgroup": "Centri", "subcategory": "Frazione"}, "geometry": {"type": "Point", "coordinates": [14.84188, 40.85212]}}, {"type": "Feature", "properties": {"wikidata": "Q18434861", "name": "Carpine", "status": "done", "osm_id": "node/2598632728", "group": "Insediamenti", "subgroup": "Centri", "subcategory": "Insediamento umano"}, "geometry": {"type": "Point", "coordinates": [14.81566, 40.88949]}}, {"type": "Feature", "properties": {"wikidata": "Q18435077", "name": "Cesina Nuova", "status": "missing", "osm_id": null, "group": "Insediamenti", "subgroup": "Centri", "subcategory": "Insediamento umano"}, "geometry": {"type": "Point", "coordinates": [15.35823, 40.84926]}}, {"type": "Feature", "properties": {"wikidata": "Q18434790", "name": "Capolungo", "status": "done", "osm_id": "node/2698025509", "group": "Insediamenti", "subgroup": "Centri", "subcategory": "Insediamento umano"}, "geometry": {"type": "Point", "coordinates": [14.84743, 40.88572]}}, {"type": "Feature", "properties": {"wikidata": "Q18434865", "name": "Carpiniello", "status": "missing", "osm_id": null, "group": "Insediamenti", "subgroup": "Centri", "subcategory": "Insediamento umano"}, "geometry": {"type": "Point", "coordinates": [15.08968, 41.16859]}}, {"type": "Feature", "properties": {"wikidata": "Q18434819", "name": "Caputi 2", "status": "missing", "osm_id": null, "group": "Insediamenti", "subgroup": "Centri", "subcategory": "Insediamento umano"}, "geometry": {"type": "Point", "coordinates": [15.27817, 40.93235]}}, {"type": "Feature", "properties": {"wikidata": "Q18434620", "name": "Bosco San Pietro", "status": "done", "osm_id": "node/3047523616", "group": "Insediamenti", "subgroup": "Centri", "subcategory": "Insediamento umano"}, "geometry": {"type": "Point", "coordinates": [15.01447, 41.06871]}}, {"type": "Feature", "properties": {"wikidata": "Q18434650", "name": "Bosco Torre", "status": "done", "osm_id": "node/3047517956", "group": "Insediamenti", "subgroup": "Centri", "subcategory": "Insediamento umano"}, "geometry": {"type": "Point", "coordinates": [15.01937, 41.05916]}}, {"type": "Feature", "properties": {"wikidata": "Q3777034", "name": "Grotta dell'Angelo", "status": "done", "osm_id": "node/2818953934", "group": "Altro", "subgroup": "Altro", "subcategory": "Altro"}, "geometry": {"type": "Point", "coordinates": [15.337, 40.45776]}}, {"type": "Feature", "properties": {"wikidata": "Q3758347", "name": "Garibaldi", "status": "done", "osm_id": "node/8435472720", "group": "Infrastrutture", "subgroup": "Trasporti", "subcategory": "Stazione metropolitana"}, "geometry": {"type": "Point", "coordinates": [14.27003, 40.8519]}}, {"type": "Feature", "properties": {"wikidata": "Q16962666", "name": "Palazzo Reale di Caserta con il parco, acquedotto di Vanvitelli e complesso di San Leucio", "status": "missing", "osm_id": null, "group": "Natura e paesaggio", "subgroup": "Verde", "subcategory": "Area protetta"}, "geometry": {"type": "Point", "coordinates": [14.32639, 41.07333]}}, {"type": "Feature", "properties": {"wikidata": "Q3739741", "name": "Faro della Giustizia", "status": "done", "osm_id": "node/6295592681", "group": "Monumenti", "subgroup": "Monumenti", "subcategory": "Monumento"}, "geometry": {"type": "Point", "coordinates": [14.77427, 40.67963]}}, {"type": "Feature", "properties": {"wikidata": "Q16919071", "name": "Villa Avellino - de Gemmis", "status": "done", "osm_id": "relation/2520785", "group": "Dimore ed edifici", "subgroup": "Residenze", "subcategory": "Villa"}, "geometry": {"type": "Point", "coordinates": [14.124286, 40.823042]}}, {"type": "Feature", "properties": {"wikidata": "Q3719160", "name": "edificio di Eumachia", "status": "done", "osm_id": "way/240715550", "group": "Archeologia", "subgroup": "Siti", "subcategory": "Rovine"}, "geometry": {"type": "Point", "coordinates": [14.485323, 40.7491654]}}, {"type": "Feature", "properties": {"wikidata": "Q3754442", "name": "Funicolare di Capri", "status": "done", "osm_id": "relation/2905498", "group": "Altro", "subgroup": "Altro", "subcategory": "Altro"}, "geometry": {"type": "Point", "coordinates": [14.2412, 40.5536]}}, {"type": "Feature", "properties": {"wikidata": "Q3748443", "name": "Foro di Pompei", "status": "done", "osm_id": "way/395802069", "group": "Archeologia", "subgroup": "Siti", "subcategory": "Sito archeologico"}, "geometry": {"type": "Point", "coordinates": [14.484825, 40.74944722]}}, {"type": "Feature", "properties": {"wikidata": "Q16976533", "name": "Museo civico Raffaele Marrocco", "status": "done", "osm_id": "node/3114552224", "group": "Altro", "subgroup": "Altro", "subcategory": "Altro"}, "geometry": {"type": "Point", "coordinates": [14.3766, 41.3578]}}, {"type": "Feature", "properties": {"wikidata": "Q3763814", "name": "Giardini del Molosiglio", "status": "done", "osm_id": "way/20926611", "group": "Natura e paesaggio", "subgroup": "Verde", "subcategory": "Parco cittadino"}, "geometry": {"type": "Point", "coordinates": [14.251669, 40.835405]}}, {"type": "Feature", "properties": {"wikidata": "Q3774954", "name": "Gran Quartiere di Pizzofalcone", "status": "done", "osm_id": "relation/2440709", "group": "Dimore ed edifici", "subgroup": "Strutture Varie", "subcategory": "Complesso di edifici"}, "geometry": {"type": "Point", "coordinates": [14.246525, 40.83165]}}, {"type": "Feature", "properties": {"wikidata": "Q3757741", "name": "Galleria dell'Accademia di Napoli", "status": "done", "osm_id": "node/5280124543", "group": "Cultura e tempo libero", "subgroup": "Musei", "subcategory": "Museo d'arte"}, "geometry": {"type": "Point", "coordinates": [14.2512, 40.851572]}}, {"type": "Feature", "properties": {"wikidata": "Q17153576", "name": "collegiata di San Michele Arcangelo", "status": "done", "osm_id": "way/255213489", "group": "Altro", "subgroup": "Altro", "subcategory": "Altro"}, "geometry": {"type": "Point", "coordinates": [14.84514, 40.82891]}}, {"type": "Feature", "properties": {"wikidata": "Q3737242", "name": "Pio Monte della Misericordia", "status": "done", "osm_id": "relation/1676059", "group": "Religione", "subgroup": "Luoghi di Culto", "subcategory": "Chiesa"}, "geometry": {"type": "Point", "coordinates": [14.260426, 40.851871]}}, {"type": "Feature", "properties": {"wikidata": "Q3748439", "name": "Foro Triangolare", "status": "done", "osm_id": "way/1363332206", "group": "Archeologia", "subgroup": "Siti", "subcategory": "Rovine"}, "geometry": {"type": "Point", "coordinates": [14.487699, 40.748915]}}, {"type": "Feature", "properties": {"wikidata": "Q17462212", "name": "santuario di Maria Santissima dell'Abbondanza", "status": "done", "osm_id": "way/1429986438", "group": "Religione", "subgroup": "Luoghi di Culto", "subcategory": "Santuario"}, "geometry": {"type": "Point", "coordinates": [14.58205, 40.904125]}}, {"type": "Feature", "properties": {"wikidata": "Q17622405", "name": "Basilica", "status": "missing", "osm_id": null, "group": "Altro", "subgroup": "Altro", "subcategory": "Altro"}, "geometry": {"type": "Point", "coordinates": [14.3481, 40.8068]}}, {"type": "Feature", "properties": {"wikidata": "Q3747454", "name": "Fontanaradina", "status": "done", "osm_id": "node/1480238154", "group": "Insediamenti", "subgroup": "Centri", "subcategory": "Frazione"}, "geometry": {"type": "Point", "coordinates": [13.9444, 41.2725]}}, {"type": "Feature", "properties": {"wikidata": "Q3747410", "name": "Fontana di Bellerofonte", "status": "done", "osm_id": "way/185555049", "group": "Monumenti", "subgroup": "Monumenti", "subcategory": "Fontana"}, "geometry": {"type": "Point", "coordinates": [14.7969103, 40.9144571]}}, {"type": "Feature", "properties": {"wikidata": "Q3754474", "name": "funivia di Posillipo", "status": "done", "osm_id": "way/957994634", "group": "Altro", "subgroup": "Altro", "subcategory": "Altro"}, "geometry": {"type": "Point", "coordinates": [14.1925, 40.82666667]}}, {"type": "Feature", "properties": {"wikidata": "Q3747392", "name": "Fontana della Pietra del Pesce", "status": "done", "osm_id": "node/3470238894", "group": "Monumenti", "subgroup": "Monumenti", "subcategory": "Fontana"}, "geometry": {"type": "Point", "coordinates": [14.26095, 40.846124]}}, {"type": "Feature", "properties": {"wikidata": "Q3775064", "name": "Grand Hotel de Londres", "status": "done", "osm_id": "way/212082781", "group": "Dimore ed edifici", "subgroup": "Residenze", "subcategory": "Palazzo"}, "geometry": {"type": "Point", "coordinates": [14.252936, 40.840131]}}, {"type": "Feature", "properties": {"wikidata": "Q3757695", "name": "galleria Santa Lucia", "status": "done", "osm_id": "way/804337155", "group": "Altro", "subgroup": "Altro", "subcategory": "Altro"}, "geometry": {"type": "Point", "coordinates": [14.72963, 40.711378]}}, {"type": "Feature", "properties": {"wikidata": "Q3748410", "name": "Fornaci romane di Eboli", "status": "missing", "osm_id": null, "group": "Archeologia", "subgroup": "Siti", "subcategory": "Sito archeologico"}, "geometry": {"type": "Point", "coordinates": [15.05428, 40.62209]}}, {"type": "Feature", "properties": {"wikidata": "Q3748568", "name": "Forte La Carnale", "status": "done", "osm_id": "way/124048428", "group": "Fortificazioni e militare", "subgroup": "Fortificazioni", "subcategory": "Castello"}, "geometry": {"type": "Point", "coordinates": [14.78014, 40.67123]}}, {"type": "Feature", "properties": {"wikidata": "Q3739497", "name": "Faraglione di Matermania", "status": "missing", "osm_id": null, "group": "Natura e paesaggio", "subgroup": "Mare e Costa", "subcategory": "Isola"}, "geometry": {"type": "Point", "coordinates": [14.26, 40.55138889]}}, {"type": "Feature", "properties": {"wikidata": "Q17146361", "name": "stazione di Capua", "status": "done", "osm_id": "node/327714532", "group": "Infrastrutture", "subgroup": "Trasporti", "subcategory": "Stazione ferroviaria"}, "geometry": {"type": "Point", "coordinates": [14.210496, 41.101418]}}, {"type": "Feature", "properties": {"wikidata": "Q17622416", "name": "basilica di San Michele Arcangelo", "status": "done", "osm_id": "way/431723751", "group": "Religione", "subgroup": "Luoghi di Culto", "subcategory": "Basilica minore"}, "geometry": {"type": "Point", "coordinates": [14.40816, 40.6349]}}, {"type": "Feature", "properties": {"wikidata": "Q3718708", "name": "Terremoto del 62", "status": "missing", "osm_id": null, "group": "Altro", "subgroup": "Altro", "subcategory": "Altro"}, "geometry": {"type": "Point", "coordinates": [14.5, 40.7]}}, {"type": "Feature", "properties": {"wikidata": "Q3735818", "name": "abbazia di Santa Maria a Cappella Vecchia", "status": "done", "osm_id": "relation/6813718", "group": "Religione", "subgroup": "Luoghi di Culto", "subcategory": "Ex chiesa"}, "geometry": {"type": "Point", "coordinates": [14.2429, 40.8336]}}, {"type": "Feature", "properties": {"wikidata": "Q16920958", "name": "aree archeologiche di Pompei, Ercolano e Torre Annunziata", "status": "missing", "osm_id": null, "group": "Altro", "subgroup": "Altro", "subcategory": "Altro"}, "geometry": {"type": "Point", "coordinates": [14.48333333, 40.75]}}, {"type": "Feature", "properties": {"wikidata": "Q3747175", "name": "Fondazione Giovanni Pascale", "status": "missing", "osm_id": null, "group": "Infrastrutture", "subgroup": "Servizi", "subcategory": "Sanit\u00e0"}, "geometry": {"type": "Point", "coordinates": [14.222683, 40.862479]}}, {"type": "Feature", "properties": {"wikidata": "Q3754445", "name": "funicolare di Chiaia", "status": "done", "osm_id": "relation/2168322", "group": "Altro", "subgroup": "Altro", "subcategory": "Altro"}, "geometry": {"type": "Point", "coordinates": [14.2332, 40.8404]}}, {"type": "Feature", "properties": {"wikidata": "Q3757837", "name": "Gallo", "status": "done", "osm_id": "node/4429705165", "group": "Insediamenti", "subgroup": "Centri", "subcategory": "Frazione"}, "geometry": {"type": "Point", "coordinates": [14.54547, 40.94241]}}, {"type": "Feature", "properties": {"wikidata": "Q17053341", "name": "tomba di Virgilio", "status": "missing", "osm_id": null, "group": "Religione", "subgroup": "Cimiteri", "subcategory": "Tomba"}, "geometry": {"type": "Point", "coordinates": [14.217555555, 40.829583333]}}, {"type": "Feature", "properties": {"wikidata": "Q3731311", "name": "eremo dei Cappuccini", "status": "done", "osm_id": "way/737178569", "group": "Religione", "subgroup": "Vita Monastica", "subcategory": "Eremo"}, "geometry": {"type": "Point", "coordinates": [14.25424, 40.88108]}}, {"type": "Feature", "properties": {"wikidata": "Q17622423", "name": "basilica di Sant'Antonino", "status": "done", "osm_id": "way/1082944360", "group": "Religione", "subgroup": "Luoghi di Culto", "subcategory": "Basilica minore"}, "geometry": {"type": "Point", "coordinates": [14.37522, 40.62715]}}, {"type": "Feature", "properties": {"wikidata": "Q3757743", "name": "galleria dell'Orco", "status": "done", "osm_id": "way/29492915", "group": "Altro", "subgroup": "Altro", "subcategory": "Altro"}, "geometry": {"type": "Point", "coordinates": [14.652425, 40.771954]}}, {"type": "Feature", "properties": {"wikidata": "Q3754453", "name": "Funicolare di Montesanto", "status": "done", "osm_id": "relation/2168324", "group": "Altro", "subgroup": "Altro", "subcategory": "Altro"}, "geometry": {"type": "Point", "coordinates": [14.2411, 40.8459]}}, {"type": "Feature", "properties": {"wikidata": "Q3777074", "name": "grotta di Matermania", "status": "done", "osm_id": "node/1332692281", "group": "Natura e paesaggio", "subgroup": "Montagna", "subcategory": "Grotta"}, "geometry": {"type": "Point", "coordinates": [14.25582, 40.54944]}}, {"type": "Feature", "properties": {"wikidata": "Q3748453", "name": "Forre del Titerno", "status": "missing", "osm_id": null, "group": "Altro", "subgroup": "Altro", "subcategory": "Altro"}, "geometry": {"type": "Point", "coordinates": [14.53823056, 41.3008]}}, {"type": "Feature", "properties": {"wikidata": "Q17102151", "name": "Sant'Eleuterio", "status": "missing", "osm_id": null, "group": "Insediamenti", "subgroup": "Centri", "subcategory": "Insediamento umano"}, "geometry": {"type": "Point", "coordinates": [15.094722222, 41.242777777]}}, {"type": "Feature", "properties": {"wikidata": "Q3738395", "name": "Faibano", "status": "done", "osm_id": "node/11391709041", "group": "Insediamenti", "subgroup": "Centri", "subcategory": "Frazione"}, "geometry": {"type": "Point", "coordinates": [14.531111111, 40.945]}}, {"type": "Feature", "properties": {"wikidata": "Q3753787", "name": "Frullone-San Rocco", "status": "done", "osm_id": "node/8440420522", "group": "Infrastrutture", "subgroup": "Trasporti", "subcategory": "Stazione metropolitana"}, "geometry": {"type": "Point", "coordinates": [14.2308, 40.8808]}}, {"type": "Feature", "properties": {"wikidata": "Q3763803", "name": "Giardini La Mortella", "status": "done", "osm_id": "way/305316814", "group": "Cultura e tempo libero", "subgroup": "Musei", "subcategory": "Casa museo"}, "geometry": {"type": "Point", "coordinates": [13.8725, 40.75305556]}}, {"type": "Feature", "properties": {"wikidata": "Q3731347", "name": "eremo di San Michele alle Grottelle", "status": "missing", "osm_id": null, "group": "Religione", "subgroup": "Vita Monastica", "subcategory": "Eremo"}, "geometry": {"type": "Point", "coordinates": [15.40203, 40.196]}}, {"type": "Feature", "properties": {"wikidata": "Q3763918", "name": "Giardino della Minerva", "status": "done", "osm_id": "way/163655149", "group": "Natura e paesaggio", "subgroup": "Verde", "subcategory": "Orto botanico"}, "geometry": {"type": "Point", "coordinates": [14.75372, 40.68111]}}, {"type": "Feature", "properties": {"wikidata": "Q3757764", "name": "Galleria nazionale dei Selachoidei", "status": "missing", "osm_id": null, "group": "Altro", "subgroup": "Altro", "subcategory": "Altro"}, "geometry": {"type": "Point", "coordinates": [14.784719, 40.920536]}}, {"type": "Feature", "properties": {"wikidata": "Q3747452", "name": "Fontanafredda", "status": "done", "osm_id": "node/4429663487", "group": "Insediamenti", "subgroup": "Centri", "subcategory": "Frazione"}, "geometry": {"type": "Point", "coordinates": [13.96113, 41.28464]}}, {"type": "Feature", "properties": {"wikidata": "Q3748882", "name": "Forum Popilii", "status": "missing", "osm_id": null, "group": "Archeologia", "subgroup": "Siti", "subcategory": "Sito archeologico"}, "geometry": {"type": "Point", "coordinates": [13.966869, 41.17202]}}, {"type": "Feature", "properties": {"wikidata": "Q3748692", "name": "forte di Vigliena", "status": "done", "osm_id": "way/436159430", "group": "Fortificazioni e militare", "subgroup": "Fortificazioni", "subcategory": "Castello"}, "geometry": {"type": "Point", "coordinates": [14.296489, 40.83777844]}}, {"type": "Feature", "properties": {"wikidata": "Q3742433", "name": "Fenestrelle", "status": "missing", "osm_id": null, "group": "Natura e paesaggio", "subgroup": "Acqua", "subcategory": "Fiume"}, "geometry": {"type": "Point", "coordinates": [14.82808, 40.93522]}}, {"type": "Feature", "properties": {"wikidata": "Q3747340", "name": "Fontana dei delfini", "status": "done", "osm_id": "node/6274339591", "group": "Monumenti", "subgroup": "Monumenti", "subcategory": "Fontana"}, "geometry": {"type": "Point", "coordinates": [14.55841944, 41.28423889]}}, {"type": "Feature", "properties": {"wikidata": "Q3747315", "name": "Fontana Bolla", "status": "missing", "osm_id": null, "group": "Natura e paesaggio", "subgroup": "Acqua", "subcategory": "Sorgente"}, "geometry": {"type": "Point", "coordinates": [14.586389, 41.208056]}}, {"type": "Feature", "properties": {"wikidata": "Q3776895", "name": "Gromola/Foce Sele", "status": "done", "osm_id": "node/1131394212", "group": "Insediamenti", "subgroup": "Centri", "subcategory": "Frazione"}, "geometry": {"type": "Point", "coordinates": [14.989722222, 40.473888888]}}, {"type": "Feature", "properties": {"wikidata": "Q3777013", "name": "Grotta Verde", "status": "missing", "osm_id": null, "group": "Natura e paesaggio", "subgroup": "Montagna", "subcategory": "Grotta"}, "geometry": {"type": "Point", "coordinates": [14.22077179, 40.53935704]}}, {"type": "Feature", "properties": {"wikidata": "Q3777058", "name": "grotta dello Smeraldo", "status": "done", "osm_id": "node/897148313", "group": "Altro", "subgroup": "Altro", "subcategory": "Altro"}, "geometry": {"type": "Point", "coordinates": [14.56694444, 40.615]}}, {"type": "Feature", "properties": {"wikidata": "Q3774141", "name": "Gradini Conte di Mola", "status": "done", "osm_id": "way/403142654", "group": "Altro", "subgroup": "Altro", "subcategory": "Altro"}, "geometry": {"type": "Point", "coordinates": [14.24767, 40.83874]}}, {"type": "Feature", "properties": {"wikidata": "Q3738641", "name": "Faliesi", "status": "done", "osm_id": "node/2555526801", "group": "Natura e paesaggio", "subgroup": "Montagna", "subcategory": "Montagna"}, "geometry": {"type": "Point", "coordinates": [14.76527778, 40.875]}}, {"type": "Feature", "properties": {"wikidata": "Q3731368", "name": "eremo di Santa Maria a Cetrella", "status": "missing", "osm_id": null, "group": "Religione", "subgroup": "Luoghi di Culto", "subcategory": "Chiesa"}, "geometry": {"type": "Point", "coordinates": [14.22912, 40.54733]}}, {"type": "Feature", "properties": {"wikidata": "Q3738393", "name": "Faiano", "status": "missing", "osm_id": null, "group": "Insediamenti", "subgroup": "Centri", "subcategory": "Frazione"}, "geometry": {"type": "Point", "coordinates": [14.90244, 40.66254]}}, {"type": "Feature", "properties": {"wikidata": "Q17622429", "name": "Basilica Noniana", "status": "missing", "osm_id": null, "group": "Altro", "subgroup": "Altro", "subcategory": "Altro"}, "geometry": {"type": "Point", "coordinates": [14.3477, 40.8069]}}, {"type": "Feature", "properties": {"wikidata": "Q3777027", "name": "grotta del Pisco", "status": "missing", "osm_id": null, "group": "Natura e paesaggio", "subgroup": "Montagna", "subcategory": "Grotta"}, "geometry": {"type": "Point", "coordinates": [14.22308922, 40.5487655]}}, {"type": "Feature", "properties": {"wikidata": "Q3735817", "name": "Ex Seminario Vescovile", "status": "missing", "osm_id": null, "group": "Dimore ed edifici", "subgroup": "Residenze", "subcategory": "Palazzo"}, "geometry": {"type": "Point", "coordinates": [14.65153611, 40.74016944]}}, {"type": "Feature", "properties": {"wikidata": "Q3969515", "name": "stazione di De Ruggiero", "status": "done", "osm_id": "node/4917182267", "group": "Infrastrutture", "subgroup": "Trasporti", "subcategory": "Fermata ferroviaria"}, "geometry": {"type": "Point", "coordinates": [14.429175, 40.916747222]}}, {"type": "Feature", "properties": {"wikidata": "Q18436599", "name": "Gelsi", "status": "missing", "osm_id": null, "group": "Insediamenti", "subgroup": "Centri", "subcategory": "Insediamento umano"}, "geometry": {"type": "Point", "coordinates": [13.8972, 41.39932]}}, {"type": "Feature", "properties": {"wikidata": "Q3969620", "name": "Stazione di Fisciano", "status": "done", "osm_id": "node/1598002300", "group": "Infrastrutture", "subgroup": "Trasporti", "subcategory": "Stazione ferroviaria"}, "geometry": {"type": "Point", "coordinates": [14.7758, 40.7611]}}, {"type": "Feature", "properties": {"wikidata": "Q3969102", "name": "stazione di Boscoreale", "status": "done", "osm_id": "node/3389605447", "group": "Altro", "subgroup": "Altro", "subcategory": "Altro"}, "geometry": {"type": "Point", "coordinates": [14.47443, 40.77002]}}, {"type": "Feature", "properties": {"wikidata": "Q3969513", "name": "stazione di Dazio", "status": "done", "osm_id": "node/1338235386", "group": "Infrastrutture", "subgroup": "Trasporti", "subcategory": "Stazione ferroviaria"}, "geometry": {"type": "Point", "coordinates": [14.1598, 40.8174]}}, {"type": "Feature", "properties": {"wikidata": "Q3969053", "name": "stazione di Boccia al Mauro", "status": "done", "osm_id": "way/729826213", "group": "Infrastrutture", "subgroup": "Trasporti", "subcategory": "Fermata ferroviaria"}, "geometry": {"type": "Point", "coordinates": [14.500616, 40.789134]}}, {"type": "Feature", "properties": {"wikidata": "Q3969152", "name": "stazione di Caiazzo", "status": "done", "osm_id": "node/1082702539", "group": "Infrastrutture", "subgroup": "Trasporti", "subcategory": "Stazione ferroviaria"}, "geometry": {"type": "Point", "coordinates": [14.363641666, 41.179808333]}}, {"type": "Feature", "properties": {"wikidata": "Q18436618", "name": "Le Vaglie", "status": "missing", "osm_id": null, "group": "Insediamenti", "subgroup": "Centri", "subcategory": "Insediamento umano"}, "geometry": {"type": "Point", "coordinates": [14.19166, 41.39177]}}, {"type": "Feature", "properties": {"wikidata": "Q18436626", "name": "Maddaloni Superiore", "status": "missing", "osm_id": null, "group": "Insediamenti", "subgroup": "Centri", "subcategory": "Insediamento umano"}, "geometry": {"type": "Point", "coordinates": [14.39646, 41.05203]}}, {"type": "Feature", "properties": {"wikidata": "Q18436588", "name": "Fragneto", "status": "missing", "osm_id": null, "group": "Insediamenti", "subgroup": "Centri", "subcategory": "Insediamento umano"}, "geometry": {"type": "Point", "coordinates": [14.19515, 41.4313]}}, {"type": "Feature", "properties": {"wikidata": "Q18436613", "name": "Lattani", "status": "missing", "osm_id": null, "group": "Insediamenti", "subgroup": "Centri", "subcategory": "Insediamento umano"}, "geometry": {"type": "Point", "coordinates": [13.98466, 41.30159]}}, {"type": "Feature", "properties": {"wikidata": "Q18436630", "name": "Maiorano di Monte", "status": "missing", "osm_id": null, "group": "Insediamenti", "subgroup": "Centri", "subcategory": "Frazione"}, "geometry": {"type": "Point", "coordinates": [14.30097, 41.24155]}}, {"type": "Feature", "properties": {"wikidata": "Q18436597", "name": "Gaudi", "status": "missing", "osm_id": null, "group": "Insediamenti", "subgroup": "Centri", "subcategory": "Insediamento umano"}, "geometry": {"type": "Point", "coordinates": [13.95316, 41.35883]}}, {"type": "Feature", "properties": {"wikidata": "Q3969353", "name": "stazione di Cava dei Tirreni", "status": "done", "osm_id": "relation/6662117", "group": "Infrastrutture", "subgroup": "Trasporti", "subcategory": "Stazione ferroviaria"}, "geometry": {"type": "Point", "coordinates": [14.7083, 40.7036]}}, {"type": "Feature", "properties": {"wikidata": "Q3969009", "name": "stazione di Battipaglia", "status": "done", "osm_id": "relation/6663516", "group": "Infrastrutture", "subgroup": "Trasporti", "subcategory": "Stazione ferroviaria"}, "geometry": {"type": "Point", "coordinates": [14.9831, 40.6057]}}, {"type": "Feature", "properties": {"wikidata": "Q3969658", "name": "stazione di Fratte", "status": "done", "osm_id": "node/1597686642", "group": "Infrastrutture", "subgroup": "Trasporti", "subcategory": "Stazione ferroviaria"}, "geometry": {"type": "Point", "coordinates": [14.7756, 40.6994]}}, {"type": "Feature", "properties": {"wikidata": "Q3969263", "name": "stazione di Casalnuovo", "status": "done", "osm_id": "relation/6756505", "group": "Infrastrutture", "subgroup": "Trasporti", "subcategory": "Stazione ferroviaria"}, "geometry": {"type": "Point", "coordinates": [14.352897222, 40.9155]}}, {"type": "Feature", "properties": {"wikidata": "Q18436617", "name": "Le Querce", "status": "missing", "osm_id": null, "group": "Insediamenti", "subgroup": "Centri", "subcategory": "Insediamento umano"}, "geometry": {"type": "Point", "coordinates": [13.91789, 41.33429]}}, {"type": "Feature", "properties": {"wikidata": "Q18436607", "name": "Isola", "status": "missing", "osm_id": null, "group": "Insediamenti", "subgroup": "Centri", "subcategory": "Insediamento umano"}, "geometry": {"type": "Point", "coordinates": [14.14945, 40.99322]}}, {"type": "Feature", "properties": {"wikidata": "Q3969319", "name": "stazione di Castelluccio Cosentino", "status": "done", "osm_id": "node/12050760034", "group": "Infrastrutture", "subgroup": "Trasporti", "subcategory": "Stazione ferroviaria"}, "geometry": {"type": "Point", "coordinates": [15.348638888, 40.580888888]}}, {"type": "Feature", "properties": {"wikidata": "Q18436622", "name": "Localit\u00e0 Cinquerie", "status": "done", "osm_id": "node/1727509622", "group": "Insediamenti", "subgroup": "Centri", "subcategory": "Insediamento umano"}, "geometry": {"type": "Point", "coordinates": [14.19802, 41.26902]}}, {"type": "Feature", "properties": {"wikidata": "Q3969023", "name": "stazione di Benevento Rione Libert\u00e0", "status": "done", "osm_id": "node/11407285504", "group": "Infrastrutture", "subgroup": "Trasporti", "subcategory": "Stazione ferroviaria"}, "geometry": {"type": "Point", "coordinates": [14.7657, 41.125]}}, {"type": "Feature", "properties": {"wikidata": "Q3969308", "name": "stazione di Castellammare di Stabia", "status": "done", "osm_id": "node/2035680029", "group": "Infrastrutture", "subgroup": "Trasporti", "subcategory": "Stazione ferroviaria"}, "geometry": {"type": "Point", "coordinates": [14.4838, 40.701422222]}}, {"type": "Feature", "properties": {"wikidata": "Q18436627", "name": "Madonna del Bagno", "status": "missing", "osm_id": null, "group": "Insediamenti", "subgroup": "Centri", "subcategory": "Frazione"}, "geometry": {"type": "Point", "coordinates": [14.41654, 41.30021]}}, {"type": "Feature", "properties": {"wikidata": "Q3969104", "name": "stazione di Botteghelle", "status": "done", "osm_id": "node/11406225059", "group": "Infrastrutture", "subgroup": "Trasporti", "subcategory": "Fermata ferroviaria"}, "geometry": {"type": "Point", "coordinates": [14.3156, 40.8723]}}, {"type": "Feature", "properties": {"wikidata": "Q3969667", "name": "stazione di Fuorigrotta", "status": "done", "osm_id": "node/1090940332", "group": "Infrastrutture", "subgroup": "Trasporti", "subcategory": "Stazione ferroviaria"}, "geometry": {"type": "Point", "coordinates": [14.2018, 40.828]}}, {"type": "Feature", "properties": {"wikidata": "Q18436620", "name": "Leporano", "status": "missing", "osm_id": null, "group": "Insediamenti", "subgroup": "Centri", "subcategory": "Frazione"}, "geometry": {"type": "Point", "coordinates": [14.22062, 41.17569]}}, {"type": "Feature", "properties": {"wikidata": "Q18436603", "name": "Grottola", "status": "missing", "osm_id": null, "group": "Insediamenti", "subgroup": "Centri", "subcategory": "Insediamento umano"}, "geometry": {"type": "Point", "coordinates": [14.04121, 41.31708]}}, {"type": "Feature", "properties": {"wikidata": "Q18436585", "name": "Foresta", "status": "done", "osm_id": "node/4381460057", "group": "Insediamenti", "subgroup": "Centri", "subcategory": "Insediamento umano"}, "geometry": {"type": "Point", "coordinates": [14.02155, 41.33411]}}, {"type": "Feature", "properties": {"wikidata": "Q3969470", "name": "stazione di Contursi Terme", "status": "done", "osm_id": "node/2302962734", "group": "Infrastrutture", "subgroup": "Trasporti", "subcategory": "Stazione ferroviaria"}, "geometry": {"type": "Point", "coordinates": [15.2363, 40.63]}}, {"type": "Feature", "properties": {"wikidata": "Q3969662", "name": "stazione di Fratte Villa Comunale", "status": "done", "osm_id": "node/3226074874", "group": "Infrastrutture", "subgroup": "Trasporti", "subcategory": "Fermata ferroviaria"}, "geometry": {"type": "Point", "coordinates": [14.778, 40.6965]}}, {"type": "Feature", "properties": {"wikidata": "Q3968999", "name": "stazione di Barra", "status": "done", "osm_id": "node/11407164120", "group": "Infrastrutture", "subgroup": "Trasporti", "subcategory": "Stazione ferroviaria"}, "geometry": {"type": "Point", "coordinates": [14.3143, 40.844]}}, {"type": "Feature", "properties": {"wikidata": "Q3969723", "name": "stazione di Gerolomini", "status": "done", "osm_id": "node/1338239162", "group": "Infrastrutture", "subgroup": "Trasporti", "subcategory": "Fermata ferroviaria"}, "geometry": {"type": "Point", "coordinates": [14.135, 40.821]}}, {"type": "Feature", "properties": {"wikidata": "Q18436616", "name": "Le Perle", "status": "missing", "osm_id": null, "group": "Insediamenti", "subgroup": "Centri", "subcategory": "Insediamento umano"}, "geometry": {"type": "Point", "coordinates": [13.84536, 41.15915]}}, {"type": "Feature", "properties": {"wikidata": "Q3969659", "name": "stazione di Frattamaggiore-Grumo Nevano", "status": "done", "osm_id": "node/7169124095", "group": "Infrastrutture", "subgroup": "Trasporti", "subcategory": "Stazione ferroviaria"}, "geometry": {"type": "Point", "coordinates": [14.2638, 40.9402]}}, {"type": "Feature", "properties": {"wikidata": "Q3969001", "name": "stazione di Bartolo Longo", "status": "done", "osm_id": "node/11406225012", "group": "Infrastrutture", "subgroup": "Trasporti", "subcategory": "Stazione sotterranea"}, "geometry": {"type": "Point", "coordinates": [14.3366, 40.8473]}}, {"type": "Feature", "properties": {"wikidata": "Q3969103", "name": "stazione di Boscotrecase", "status": "done", "osm_id": "node/595644484", "group": "Infrastrutture", "subgroup": "Trasporti", "subcategory": "Stazione ferroviaria"}, "geometry": {"type": "Point", "coordinates": [14.46137, 40.76864]}}, {"type": "Feature", "properties": {"wikidata": "Q3969192", "name": "stazione di Cancello Arnone", "status": "done", "osm_id": "node/1458933001", "group": "Infrastrutture", "subgroup": "Trasporti", "subcategory": "Stazione ferroviaria"}, "geometry": {"type": "Point", "coordinates": [14.029069444, 41.063361111]}}, {"type": "Feature", "properties": {"wikidata": "Q18436605", "name": "Gusti", "status": "missing", "osm_id": null, "group": "Insediamenti", "subgroup": "Centri", "subcategory": "Frazione"}, "geometry": {"type": "Point", "coordinates": [13.97371, 41.23664]}}, {"type": "Feature", "properties": {"wikidata": "Q3969485", "name": "stazione di Corso Vittorio Emanuele", "status": "done", "osm_id": "node/4917117115", "group": "Altro", "subgroup": "Altro", "subcategory": "Altro"}, "geometry": {"type": "Point", "coordinates": [14.2212, 40.8362]}}, {"type": "Feature", "properties": {"wikidata": "Q18436598", "name": "Gaudisciano", "status": "missing", "osm_id": null, "group": "Insediamenti", "subgroup": "Centri", "subcategory": "Frazione"}, "geometry": {"type": "Point", "coordinates": [14.04318, 41.30148]}}, {"type": "Feature", "properties": {"wikidata": "Q18436595", "name": "Garofali", "status": "done", "osm_id": "way/1202564040", "group": "Insediamenti", "subgroup": "Centri", "subcategory": "Frazione"}, "geometry": {"type": "Point", "coordinates": [13.99696, 41.28707]}}, {"type": "Feature", "properties": {"wikidata": "Q18436587", "name": "Fornace", "status": "missing", "osm_id": null, "group": "Insediamenti", "subgroup": "Centri", "subcategory": "Frazione"}, "geometry": {"type": "Point", "coordinates": [14.28405, 41.29355]}}, {"type": "Feature", "properties": {"wikidata": "Q18436631", "name": "Maiorisi", "status": "done", "osm_id": "node/9081940346", "group": "Insediamenti", "subgroup": "Centri", "subcategory": "Frazione"}, "geometry": {"type": "Point", "coordinates": [14.0297, 41.19916]}}, {"type": "Feature", "properties": {"wikidata": "Q3969293", "name": "stazione di Castel San Giorgio-Roccapiemonte", "status": "done", "osm_id": "node/1603883788", "group": "Infrastrutture", "subgroup": "Trasporti", "subcategory": "Fermata ferroviaria"}, "geometry": {"type": "Point", "coordinates": [14.695, 40.7716]}}, {"type": "Feature", "properties": {"wikidata": "Q3969276", "name": "stazione di Caserta", "status": "done", "osm_id": "node/1215079672", "group": "Infrastrutture", "subgroup": "Trasporti", "subcategory": "Stazione ferroviaria"}, "geometry": {"type": "Point", "coordinates": [14.32777778, 41.06888889]}}, {"type": "Feature", "properties": {"wikidata": "Q3969379", "name": "stazione di Cervinara", "status": "done", "osm_id": "node/11407285511", "group": "Infrastrutture", "subgroup": "Trasporti", "subcategory": "Stazione ferroviaria"}, "geometry": {"type": "Point", "coordinates": [14.616387, 41.028951]}}, {"type": "Feature", "properties": {"wikidata": "Q3969668", "name": "stazione di Fusaro", "status": "done", "osm_id": "node/8748727887", "group": "Infrastrutture", "subgroup": "Trasporti", "subcategory": "Stazione ferroviaria"}, "geometry": {"type": "Point", "coordinates": [14.0617, 40.8185]}}, {"type": "Feature", "properties": {"wikidata": "Q18436590", "name": "Funari", "status": "done", "osm_id": "node/1727509601", "group": "Insediamenti", "subgroup": "Centri", "subcategory": "Insediamento umano"}, "geometry": {"type": "Point", "coordinates": [14.24129, 41.18708]}}, {"type": "Feature", "properties": {"wikidata": "Q18436596", "name": "Garzano", "status": "done", "osm_id": "node/1540486213", "group": "Insediamenti", "subgroup": "Centri", "subcategory": "Insediamento umano"}, "geometry": {"type": "Point", "coordinates": [14.37664, 41.07353]}}, {"type": "Feature", "properties": {"wikidata": "Q18436609", "name": "La Crocella", "status": "missing", "osm_id": null, "group": "Insediamenti", "subgroup": "Centri", "subcategory": "Insediamento umano"}, "geometry": {"type": "Point", "coordinates": [13.84627, 41.21419]}}, {"type": "Feature", "properties": {"wikidata": "Q3969278", "name": "stazione di Casoria-Afragola", "status": "done", "osm_id": "node/7169124096", "group": "Infrastrutture", "subgroup": "Trasporti", "subcategory": "Stazione ferroviaria"}, "geometry": {"type": "Point", "coordinates": [14.2987, 40.9076]}}, {"type": "Feature", "properties": {"wikidata": "Q18436628", "name": "Magnano", "status": "missing", "osm_id": null, "group": "Insediamenti", "subgroup": "Centri", "subcategory": "Frazione"}, "geometry": {"type": "Point", "coordinates": [14.04096, 41.29303]}}, {"type": "Feature", "properties": {"wikidata": "Q18436629", "name": "Maiano", "status": "missing", "osm_id": null, "group": "Insediamenti", "subgroup": "Centri", "subcategory": "Frazione"}, "geometry": {"type": "Point", "coordinates": [13.84574, 41.28322]}}, {"type": "Feature", "properties": {"wikidata": "Q18436592", "name": "Galazia", "status": "missing", "osm_id": null, "group": "Insediamenti", "subgroup": "Centri", "subcategory": "Frazione"}, "geometry": {"type": "Point", "coordinates": [14.36134, 41.04274]}}, {"type": "Feature", "properties": {"wikidata": "Q18436634", "name": "Marciano Freddo", "status": "missing", "osm_id": null, "group": "Insediamenti", "subgroup": "Centri", "subcategory": "Insediamento umano"}, "geometry": {"type": "Point", "coordinates": [14.33733, 41.21898]}}, {"type": "Feature", "properties": {"wikidata": "Q3969568", "name": "stazione di Ercolano Scavi", "status": "done", "osm_id": "node/11407270274", "group": "Infrastrutture", "subgroup": "Trasporti", "subcategory": "Stazione ferroviaria"}, "geometry": {"type": "Point", "coordinates": [14.3549, 40.8088]}}, {"type": "Feature", "properties": {"wikidata": "Q18436593", "name": "Gallo", "status": "missing", "osm_id": null, "group": "Insediamenti", "subgroup": "Centri", "subcategory": "Frazione"}, "geometry": {"type": "Point", "coordinates": [14.22519, 41.46499]}}, {"type": "Feature", "properties": {"wikidata": "Q18436584", "name": "Forchia", "status": "missing", "osm_id": null, "group": "Insediamenti", "subgroup": "Centri", "subcategory": "Frazione"}, "geometry": {"type": "Point", "coordinates": [14.44294, 41.03908]}}, {"type": "Feature", "properties": {"wikidata": "Q18436621", "name": "Localit\u00e0 Boschetto", "status": "missing", "osm_id": null, "group": "Insediamenti", "subgroup": "Centri", "subcategory": "Insediamento umano"}, "geometry": {"type": "Point", "coordinates": [14.10016, 41.29369]}}, {"type": "Feature", "properties": {"wikidata": "Q3969733", "name": "Giugliano", "status": "done", "osm_id": "node/8621188871", "group": "Infrastrutture", "subgroup": "Trasporti", "subcategory": "Stazione metropolitana"}, "geometry": {"type": "Point", "coordinates": [14.2176, 40.9278]}}, {"type": "Feature", "properties": {"wikidata": "Q3969472", "name": "stazione di Conza-Andretta-Cairano", "status": "done", "osm_id": "node/1958176387", "group": "Infrastrutture", "subgroup": "Trasporti", "subcategory": "Stazione ferroviaria"}, "geometry": {"type": "Point", "coordinates": [15.343558, 40.883359]}}, {"type": "Feature", "properties": {"wikidata": "Q3969175", "name": "stazione di Campagna-Serre-Persano", "status": "done", "osm_id": "node/832358461", "group": "Infrastrutture", "subgroup": "Trasporti", "subcategory": "Stazione ferroviaria"}, "geometry": {"type": "Point", "coordinates": [15.1134, 40.5954]}}, {"type": "Feature", "properties": {"wikidata": "Q18436600", "name": "Giusti", "status": "missing", "osm_id": null, "group": "Insediamenti", "subgroup": "Centri", "subcategory": "Insediamento umano"}, "geometry": {"type": "Point", "coordinates": [14.31176, 41.28145]}}, {"type": "Feature", "properties": {"wikidata": "Q18436586", "name": "Formella", "status": "missing", "osm_id": null, "group": "Insediamenti", "subgroup": "Centri", "subcategory": "Insediamento umano"}, "geometry": {"type": "Point", "coordinates": [13.93329, 41.37332]}}, {"type": "Feature", "properties": {"wikidata": "Q3969444", "name": "stazione di Codola", "status": "done", "osm_id": "node/1605506405", "group": "Infrastrutture", "subgroup": "Trasporti", "subcategory": "Stazione ferroviaria"}, "geometry": {"type": "Point", "coordinates": [14.6657, 40.7676]}}, {"type": "Feature", "properties": {"wikidata": "Q18436624", "name": "Macini", "status": "missing", "osm_id": null, "group": "Insediamenti", "subgroup": "Centri", "subcategory": "Frazione"}, "geometry": {"type": "Point", "coordinates": [14.02656, 41.32023]}}, {"type": "Feature", "properties": {"wikidata": "Q18436601", "name": "Gloriani", "status": "missing", "osm_id": null, "group": "Insediamenti", "subgroup": "Centri", "subcategory": "Frazione"}, "geometry": {"type": "Point", "coordinates": [14.05127, 41.27056]}}, {"type": "Feature", "properties": {"wikidata": "Q3969355", "name": "stazione di Cavalleggeri Aosta", "status": "done", "osm_id": "node/8278678762", "group": "Infrastrutture", "subgroup": "Trasporti", "subcategory": "Fermata ferroviaria"}, "geometry": {"type": "Point", "coordinates": [14.187, 40.8197]}}, {"type": "Feature", "properties": {"wikidata": "Q18436591", "name": "Furnolo", "status": "missing", "osm_id": null, "group": "Insediamenti", "subgroup": "Centri", "subcategory": "Frazione"}, "geometry": {"type": "Point", "coordinates": [14.04336, 41.2727]}}, {"type": "Feature", "properties": {"wikidata": "Q3969129", "name": "stazione di Brusciano", "status": "done", "osm_id": "node/4917809067", "group": "Infrastrutture", "subgroup": "Trasporti", "subcategory": "Fermata ferroviaria"}, "geometry": {"type": "Point", "coordinates": [14.417694444, 40.917169444]}}, {"type": "Feature", "properties": {"wikidata": "Q3969501", "name": "stazione di Cuma", "status": "done", "osm_id": "node/1463010430", "group": "Infrastrutture", "subgroup": "Trasporti", "subcategory": "Stazione ferroviaria"}, "geometry": {"type": "Point", "coordinates": [14.0493, 40.8491]}}, {"type": "Feature", "properties": {"wikidata": "Q18436610", "name": "La Piana", "status": "missing", "osm_id": null, "group": "Insediamenti", "subgroup": "Centri", "subcategory": "Insediamento umano"}, "geometry": {"type": "Point", "coordinates": [14.17093, 41.42819]}}, {"type": "Feature", "properties": {"wikidata": "Q3969553", "name": "stazione di Duomo-Via Vernieri", "status": "done", "osm_id": "relation/6662136", "group": "Infrastrutture", "subgroup": "Trasporti", "subcategory": "Fermata ferroviaria"}, "geometry": {"type": "Point", "coordinates": [14.762347222, 40.681394444]}}, {"type": "Feature", "properties": {"wikidata": "Q3969017", "name": "stazione di Benevento Appia", "status": "done", "osm_id": "node/12294030822", "group": "Infrastrutture", "subgroup": "Trasporti", "subcategory": "Stazione ferroviaria"}, "geometry": {"type": "Point", "coordinates": [14.7664, 41.1332]}}, {"type": "Feature", "properties": {"wikidata": "Q18436614", "name": "Lauro", "status": "done", "osm_id": "node/1480159231", "group": "Insediamenti", "subgroup": "Centri", "subcategory": "Frazione"}, "geometry": {"type": "Point", "coordinates": [13.89059, 41.26365]}}, {"type": "Feature", "properties": {"wikidata": "Q3969018", "name": "stazione di Benevento Arco Traiano", "status": "done", "osm_id": "node/3389671822", "group": "Infrastrutture", "subgroup": "Trasporti", "subcategory": "Fermata ferroviaria"}, "geometry": {"type": "Point", "coordinates": [14.7799, 41.1345]}}, {"type": "Feature", "properties": {"wikidata": "Q3969556", "name": "stazione di Eboli", "status": "done", "osm_id": "node/1078477046", "group": "Infrastrutture", "subgroup": "Trasporti", "subcategory": "Stazione ferroviaria"}, "geometry": {"type": "Point", "coordinates": [15.0525, 40.6111]}}, {"type": "Feature", "properties": {"wikidata": "Q18436604", "name": "Guardiole", "status": "missing", "osm_id": null, "group": "Insediamenti", "subgroup": "Centri", "subcategory": "Insediamento umano"}, "geometry": {"type": "Point", "coordinates": [14.10502, 41.33552]}}, {"type": "Feature", "properties": {"wikidata": "Q18436608", "name": "Istituto Penitenziario N.C.C.", "status": "missing", "osm_id": null, "group": "Insediamenti", "subgroup": "Centri", "subcategory": "Insediamento umano"}, "geometry": {"type": "Point", "coordinates": [14.23754, 41.0449]}}, {"type": "Feature", "properties": {"wikidata": "Q18436611", "name": "La Torre", "status": "missing", "osm_id": null, "group": "Insediamenti", "subgroup": "Centri", "subcategory": "Frazione"}, "geometry": {"type": "Point", "coordinates": [14.12728, 41.07901]}}, {"type": "Feature", "properties": {"wikidata": "Q3969573", "name": "stazione di Falciano-Mondragone-Carinola", "status": "done", "osm_id": "node/12294030826", "group": "Infrastrutture", "subgroup": "Trasporti", "subcategory": "Stazione ferroviaria"}, "geometry": {"type": "Point", "coordinates": [13.9717, 41.1234]}}, {"type": "Feature", "properties": {"wikidata": "Q3969734", "name": "stazione di Giugliano-Qualiano", "status": "done", "osm_id": "node/1459462235", "group": "Infrastrutture", "subgroup": "Trasporti", "subcategory": "Stazione ferroviaria"}, "geometry": {"type": "Point", "coordinates": [14.1038, 40.9351]}}, {"type": "Feature", "properties": {"wikidata": "Q18436615", "name": "Lautoni", "status": "done", "osm_id": "node/1727509616", "group": "Insediamenti", "subgroup": "Centri", "subcategory": "Insediamento umano"}, "geometry": {"type": "Point", "coordinates": [14.22465, 41.21777]}}, {"type": "Feature", "properties": {"wikidata": "Q3968997", "name": "stazione di Baronissi", "status": "done", "osm_id": "node/1598015833", "group": "Infrastrutture", "subgroup": "Trasporti", "subcategory": "Stazione ferroviaria"}, "geometry": {"type": "Point", "coordinates": [14.7726, 40.7458]}}, {"type": "Feature", "properties": {"wikidata": "Q3969366", "name": "stazione di Cercola", "status": "done", "osm_id": "node/11407164101", "group": "Infrastrutture", "subgroup": "Trasporti", "subcategory": "Stazione ferroviaria"}, "geometry": {"type": "Point", "coordinates": [14.3554, 40.8564]}}, {"type": "Feature", "properties": {"wikidata": "Q18436602", "name": "Grotticella-Scarfato", "status": "done", "osm_id": "node/9226603244", "group": "Insediamenti", "subgroup": "Centri", "subcategory": "Insediamento umano"}, "geometry": {"type": "Point", "coordinates": [14.42241, 41.00449]}}, {"type": "Feature", "properties": {"wikidata": "Q18436623", "name": "Lompari", "status": "missing", "osm_id": null, "group": "Insediamenti", "subgroup": "Centri", "subcategory": "Frazione"}, "geometry": {"type": "Point", "coordinates": [14.07975, 41.30766]}}, {"type": "Feature", "properties": {"wikidata": "Q3969021", "name": "stazione di Benevento Porta Rufina", "status": "done", "osm_id": "node/735982259", "group": "Infrastrutture", "subgroup": "Trasporti", "subcategory": "Stazione ferroviaria"}, "geometry": {"type": "Point", "coordinates": [14.7843, 41.1235]}}, {"type": "Feature", "properties": {"wikidata": "Q3969309", "name": "stazione di Castellammare di Stabia", "status": "done", "osm_id": "node/11407722191", "group": "Infrastrutture", "subgroup": "Trasporti", "subcategory": "Stazione ferroviaria"}, "geometry": {"type": "Point", "coordinates": [14.4834, 40.6952]}}, {"type": "Feature", "properties": {"wikidata": "Q18436612", "name": "Latina", "status": "missing", "osm_id": null, "group": "Insediamenti", "subgroup": "Centri", "subcategory": "Frazione"}, "geometry": {"type": "Point", "coordinates": [14.27261, 41.28993]}}, {"type": "Feature", "properties": {"wikidata": "Q18436606", "name": "Interpoderale", "status": "missing", "osm_id": null, "group": "Insediamenti", "subgroup": "Centri", "subcategory": "Insediamento umano"}, "geometry": {"type": "Point", "coordinates": [13.80341, 41.21673]}}, {"type": "Feature", "properties": {"wikidata": "Q18436947", "name": "Gaudello", "status": "done", "osm_id": "node/4380358049", "group": "Insediamenti", "subgroup": "Centri", "subcategory": "Frazione"}, "geometry": {"type": "Point", "coordinates": [14.41389, 40.97522]}}, {"type": "Feature", "properties": {"wikidata": "Q18436975", "name": "Masseria Coscialonga", "status": "missing", "osm_id": null, "group": "Insediamenti", "subgroup": "Centri", "subcategory": "Insediamento umano"}, "geometry": {"type": "Point", "coordinates": [14.4073, 40.88139]}}, {"type": "Feature", "properties": {"wikidata": "Q18436911", "name": "Chiesa della Giuliana", "status": "missing", "osm_id": null, "group": "Insediamenti", "subgroup": "Centri", "subcategory": "Frazione"}, "geometry": {"type": "Point", "coordinates": [14.48171, 40.75925]}}, {"type": "Feature", "properties": {"wikidata": "Q18436893", "name": "Capo Mazzo", "status": "missing", "osm_id": null, "group": "Insediamenti", "subgroup": "Centri", "subcategory": "Frazione"}, "geometry": {"type": "Point", "coordinates": [14.35068, 40.92435]}}, {"type": "Feature", "properties": {"wikidata": "Q18436887", "name": "Canosa", "status": "done", "osm_id": "node/12149899339", "group": "Insediamenti", "subgroup": "Centri", "subcategory": "Insediamento umano"}, "geometry": {"type": "Point", "coordinates": [14.1069, 40.89981]}}, {"type": "Feature", "properties": {"wikidata": "Q18436915", "name": "Cofanara I", "status": "missing", "osm_id": null, "group": "Insediamenti", "subgroup": "Centri", "subcategory": "Insediamento umano"}, "geometry": {"type": "Point", "coordinates": [14.12781, 40.84902]}}, {"type": "Feature", "properties": {"wikidata": "Q18436872", "name": "Arola-Preazzano", "status": "missing", "osm_id": null, "group": "Insediamenti", "subgroup": "Centri", "subcategory": "Insediamento umano"}, "geometry": {"type": "Point", "coordinates": [14.43333, 40.63333]}}, {"type": "Feature", "properties": {"wikidata": "Q18436948", "name": "Gesini", "status": "done", "osm_id": "node/3195062694", "group": "Insediamenti", "subgroup": "Centri", "subcategory": "Insediamento umano"}, "geometry": {"type": "Point", "coordinates": [14.53115, 40.69873]}}, {"type": "Feature", "properties": {"wikidata": "Q18436944", "name": "Fusara", "status": "missing", "osm_id": null, "group": "Insediamenti", "subgroup": "Centri", "subcategory": "Frazione"}, "geometry": {"type": "Point", "coordinates": [14.52164, 40.73285]}}, {"type": "Feature", "properties": {"wikidata": "Q18436972", "name": "Mascello", "status": "missing", "osm_id": null, "group": "Insediamenti", "subgroup": "Centri", "subcategory": "Insediamento umano"}, "geometry": {"type": "Point", "coordinates": [14.52573, 40.89565]}}, {"type": "Feature", "properties": {"wikidata": "Q18436882", "name": "Cafone", "status": "missing", "osm_id": null, "group": "Insediamenti", "subgroup": "Centri", "subcategory": "Insediamento umano"}, "geometry": {"type": "Point", "coordinates": [14.12977, 40.88465]}}, {"type": "Feature", "properties": {"wikidata": "Q18436926", "name": "Crocelle Camaldoli", "status": "missing", "osm_id": null, "group": "Insediamenti", "subgroup": "Centri", "subcategory": "Insediamento umano"}, "geometry": {"type": "Point", "coordinates": [14.4648, 40.8994]}}, {"type": "Feature", "properties": {"wikidata": "Q18436991", "name": "Montechiaro", "status": "done", "osm_id": "node/327043920", "group": "Insediamenti", "subgroup": "Centri", "subcategory": "Insediamento umano"}, "geometry": {"type": "Point", "coordinates": [14.40995, 40.65408]}}, {"type": "Feature", "properties": {"wikidata": "Q18436963", "name": "Maccanico", "status": "missing", "osm_id": null, "group": "Insediamenti", "subgroup": "Centri", "subcategory": "Insediamento umano"}, "geometry": {"type": "Point", "coordinates": [14.05089, 40.91556]}}, {"type": "Feature", "properties": {"wikidata": "Q18436921", "name": "Coppetelle", "status": "missing", "osm_id": null, "group": "Insediamenti", "subgroup": "Centri", "subcategory": "Insediamento umano"}, "geometry": {"type": "Point", "coordinates": [14.3487, 40.58837]}}, {"type": "Feature", "properties": {"wikidata": "Q18436874", "name": "Arpino", "status": "missing", "osm_id": null, "group": "Insediamenti", "subgroup": "Centri", "subcategory": "Frazione"}, "geometry": {"type": "Point", "coordinates": [14.32015, 40.88882]}}, {"type": "Feature", "properties": {"wikidata": "Q18436924", "name": "Cretaio", "status": "missing", "osm_id": null, "group": "Insediamenti", "subgroup": "Centri", "subcategory": "Insediamento umano"}, "geometry": {"type": "Point", "coordinates": [13.9237, 40.73604]}}, {"type": "Feature", "properties": {"wikidata": "Q18436939", "name": "Fornillo", "status": "missing", "osm_id": null, "group": "Insediamenti", "subgroup": "Centri", "subcategory": "Frazione"}, "geometry": {"type": "Point", "coordinates": [14.52417, 40.79891]}}, {"type": "Feature", "properties": {"wikidata": "Q18436918", "name": "Contrada Fellapane", "status": "missing", "osm_id": null, "group": "Insediamenti", "subgroup": "Centri", "subcategory": "Insediamento umano"}, "geometry": {"type": "Point", "coordinates": [14.13854, 40.93089]}}, {"type": "Feature", "properties": {"wikidata": "Q18436945", "name": "Galeotta", "status": "missing", "osm_id": null, "group": "Insediamenti", "subgroup": "Centri", "subcategory": "Insediamento umano"}, "geometry": {"type": "Point", "coordinates": [14.15855, 40.90286]}}, {"type": "Feature", "properties": {"wikidata": "Q18436970", "name": "Marra-Marciano", "status": "missing", "osm_id": null, "group": "Insediamenti", "subgroup": "Centri", "subcategory": "Frazione"}, "geometry": {"type": "Point", "coordinates": [14.41611, 40.87772]}}, {"type": "Feature", "properties": {"wikidata": "Q18436950", "name": "Grotta del Sole III", "status": "done", "osm_id": "node/12149932873", "group": "Insediamenti", "subgroup": "Centri", "subcategory": "Insediamento umano"}, "geometry": {"type": "Point", "coordinates": [14.10947, 40.87405]}}, {"type": "Feature", "properties": {"wikidata": "Q18436977", "name": "Masseria Santa Teresa", "status": "missing", "osm_id": null, "group": "Insediamenti", "subgroup": "Centri", "subcategory": "Insediamento umano"}, "geometry": {"type": "Point", "coordinates": [14.3411, 40.91861]}}, {"type": "Feature", "properties": {"wikidata": "Q18436879", "name": "Belvedere", "status": "missing", "osm_id": null, "group": "Insediamenti", "subgroup": "Centri", "subcategory": "Insediamento umano"}, "geometry": {"type": "Point", "coordinates": [14.45719, 40.66294]}}, {"type": "Feature", "properties": {"wikidata": "Q18436982", "name": "Migliaccia", "status": "missing", "osm_id": null, "group": "Insediamenti", "subgroup": "Centri", "subcategory": "Frazione"}, "geometry": {"type": "Point", "coordinates": [13.89903, 40.72388]}}, {"type": "Feature", "properties": {"wikidata": "Q18436910", "name": "Cerreto", "status": "missing", "osm_id": null, "group": "Insediamenti", "subgroup": "Centri", "subcategory": "Frazione"}, "geometry": {"type": "Point", "coordinates": [14.48144, 40.88974]}}, {"type": "Feature", "properties": {"wikidata": "Q18436923", "name": "Country Park", "status": "done", "osm_id": "node/12149956401", "group": "Insediamenti", "subgroup": "Centri", "subcategory": "Insediamento umano"}, "geometry": {"type": "Point", "coordinates": [14.07786, 40.88234]}}, {"type": "Feature", "properties": {"wikidata": "Q18436896", "name": "Carrafiello", "status": "missing", "osm_id": null, "group": "Insediamenti", "subgroup": "Centri", "subcategory": "Insediamento umano"}, "geometry": {"type": "Point", "coordinates": [14.08108, 40.92053]}}, {"type": "Feature", "properties": {"wikidata": "Q18436938", "name": "Fornaro", "status": "missing", "osm_id": null, "group": "Insediamenti", "subgroup": "Centri", "subcategory": "Insediamento umano"}, "geometry": {"type": "Point", "coordinates": [14.41582, 40.89367]}}, {"type": "Feature", "properties": {"wikidata": "Q18436932", "name": "Faro", "status": "missing", "osm_id": null, "group": "Insediamenti", "subgroup": "Centri", "subcategory": "Frazione"}, "geometry": {"type": "Point", "coordinates": [14.08855, 40.77954]}}, {"type": "Feature", "properties": {"wikidata": "Q18436906", "name": "Castello", "status": "missing", "osm_id": null, "group": "Insediamenti", "subgroup": "Centri", "subcategory": "Frazione"}, "geometry": {"type": "Point", "coordinates": [14.53659, 40.67928]}}, {"type": "Feature", "properties": {"wikidata": "Q18436909", "name": "Cepano", "status": "missing", "osm_id": null, "group": "Insediamenti", "subgroup": "Centri", "subcategory": "Insediamento umano"}, "geometry": {"type": "Point", "coordinates": [14.41039, 40.61834]}}, {"type": "Feature", "properties": {"wikidata": "Q18436878", "name": "Battaglia", "status": "missing", "osm_id": null, "group": "Insediamenti", "subgroup": "Centri", "subcategory": "Insediamento umano"}, "geometry": {"type": "Point", "coordinates": [14.56567, 40.88105]}}, {"type": "Feature", "properties": {"wikidata": "Q18436864", "name": "Alveo Camandoli", "status": "missing", "osm_id": null, "group": "Insediamenti", "subgroup": "Centri", "subcategory": "Insediamento umano"}, "geometry": {"type": "Point", "coordinates": [14.05259, 40.87476]}}, {"type": "Feature", "properties": {"wikidata": "Q18436984", "name": "Moiano", "status": "done", "osm_id": "node/327043035", "group": "Insediamenti", "subgroup": "Centri", "subcategory": "Insediamento umano"}, "geometry": {"type": "Point", "coordinates": [14.46601, 40.65172]}}, {"type": "Feature", "properties": {"wikidata": "Q18436934", "name": "Fattore-Liverna", "status": "missing", "osm_id": null, "group": "Insediamenti", "subgroup": "Centri", "subcategory": "Insediamento umano"}, "geometry": {"type": "Point", "coordinates": [14.53686, 40.88057]}}, {"type": "Feature", "properties": {"wikidata": "Q18436927", "name": "Cupa dei Cani", "status": "missing", "osm_id": null, "group": "Insediamenti", "subgroup": "Centri", "subcategory": "Insediamento umano"}, "geometry": {"type": "Point", "coordinates": [14.20185, 40.89184]}}, {"type": "Feature", "properties": {"wikidata": "Q18436884", "name": "Calvanese", "status": "missing", "osm_id": null, "group": "Insediamenti", "subgroup": "Centri", "subcategory": "Insediamento umano"}, "geometry": {"type": "Point", "coordinates": [14.51628, 40.73526]}}, {"type": "Feature", "properties": {"wikidata": "Q18436908", "name": "Cavone", "status": "missing", "osm_id": null, "group": "Insediamenti", "subgroup": "Centri", "subcategory": "Insediamento umano"}, "geometry": {"type": "Point", "coordinates": [14.05482, 40.94377]}}, {"type": "Feature", "properties": {"wikidata": "Q18436930", "name": "De Siervo", "status": "missing", "osm_id": null, "group": "Insediamenti", "subgroup": "Centri", "subcategory": "Insediamento umano"}, "geometry": {"type": "Point", "coordinates": [14.48608, 40.88052]}}, {"type": "Feature", "properties": {"wikidata": "Q18436881", "name": "Buongiorno", "status": "missing", "osm_id": null, "group": "Insediamenti", "subgroup": "Centri", "subcategory": "Insediamento umano"}, "geometry": {"type": "Point", "coordinates": [14.13343, 40.89501]}}, {"type": "Feature", "properties": {"wikidata": "Q18436890", "name": "Cantone", "status": "missing", "osm_id": null, "group": "Insediamenti", "subgroup": "Centri", "subcategory": "Insediamento umano"}, "geometry": {"type": "Point", "coordinates": [14.05362, 40.92675]}}, {"type": "Feature", "properties": {"wikidata": "Q18436942", "name": "Fossa di Valle", "status": "missing", "osm_id": null, "group": "Insediamenti", "subgroup": "Centri", "subcategory": "Insediamento umano"}, "geometry": {"type": "Point", "coordinates": [14.48895, 40.75619]}}, {"type": "Feature", "properties": {"wikidata": "Q18436917", "name": "Contrada Cesina", "status": "missing", "osm_id": null, "group": "Insediamenti", "subgroup": "Centri", "subcategory": "Insediamento umano"}, "geometry": {"type": "Point", "coordinates": [14.55536, 40.95222]}}, {"type": "Feature", "properties": {"wikidata": "Q18436956", "name": "Ischia Porto", "status": "missing", "osm_id": null, "group": "Insediamenti", "subgroup": "Centri", "subcategory": "Insediamento umano"}, "geometry": {"type": "Point", "coordinates": [13.951, 40.73913]}}, {"type": "Feature", "properties": {"wikidata": "Q18436980", "name": "Masseria Vecchia Sud", "status": "missing", "osm_id": null, "group": "Insediamenti", "subgroup": "Centri", "subcategory": "Insediamento umano"}, "geometry": {"type": "Point", "coordinates": [14.06922, 40.89012]}}, {"type": "Feature", "properties": {"wikidata": "Q18436876", "name": "Asi", "status": "missing", "osm_id": null, "group": "Insediamenti", "subgroup": "Centri", "subcategory": "Insediamento umano"}, "geometry": {"type": "Point", "coordinates": [14.11376, 40.93566]}}, {"type": "Feature", "properties": {"wikidata": "Q18436928", "name": "Curcio", "status": "missing", "osm_id": null, "group": "Insediamenti", "subgroup": "Centri", "subcategory": "Insediamento umano"}, "geometry": {"type": "Point", "coordinates": [14.39552, 40.96276]}}, {"type": "Feature", "properties": {"wikidata": "Q18436935", "name": "Festinese", "status": "done", "osm_id": "node/12149914926", "group": "Insediamenti", "subgroup": "Centri", "subcategory": "Insediamento umano"}, "geometry": {"type": "Point", "coordinates": [14.0836, 40.8939]}}, {"type": "Feature", "properties": {"wikidata": "Q18436888", "name": "Cantoncello", "status": "missing", "osm_id": null, "group": "Insediamenti", "subgroup": "Centri", "subcategory": "Insediamento umano"}, "geometry": {"type": "Point", "coordinates": [14.05103, 40.93259]}}, {"type": "Feature", "properties": {"wikidata": "Q18436871", "name": "Arenaccia", "status": "missing", "osm_id": null, "group": "Insediamenti", "subgroup": "Centri", "subcategory": "Insediamento umano"}, "geometry": {"type": "Point", "coordinates": [14.35188, 40.59861]}}, {"type": "Feature", "properties": {"wikidata": "Q18436891", "name": "Capasso", "status": "missing", "osm_id": null, "group": "Insediamenti", "subgroup": "Centri", "subcategory": "Insediamento umano"}, "geometry": {"type": "Point", "coordinates": [14.47407, 40.90738]}}, {"type": "Feature", "properties": {"wikidata": "Q18436955", "name": "I Gelsi", "status": "missing", "osm_id": null, "group": "Insediamenti", "subgroup": "Centri", "subcategory": "Insediamento umano"}, "geometry": {"type": "Point", "coordinates": [14.08593, 40.91466]}}, {"type": "Feature", "properties": {"wikidata": "Q18436957", "name": "Cinistrelli", "status": "done", "osm_id": "node/12609958167", "group": "Insediamenti", "subgroup": "Centri", "subcategory": "Insediamento umano"}, "geometry": {"type": "Point", "coordinates": [14.12758, 40.95261]}}, {"type": "Feature", "properties": {"wikidata": "Q18436905", "name": "Castello Monteleone", "status": "done", "osm_id": "node/12149949412", "group": "Insediamenti", "subgroup": "Centri", "subcategory": "Frazione"}, "geometry": {"type": "Point", "coordinates": [14.12338, 40.90081]}}, {"type": "Feature", "properties": {"wikidata": "Q18436943", "name": "Franche", "status": "missing", "osm_id": null, "group": "Insediamenti", "subgroup": "Centri", "subcategory": "Frazione"}, "geometry": {"type": "Point", "coordinates": [14.52139, 40.67175]}}, {"type": "Feature", "properties": {"wikidata": "Q18436885", "name": "Camaldoli", "status": "missing", "osm_id": null, "group": "Insediamenti", "subgroup": "Centri", "subcategory": "Frazione"}, "geometry": {"type": "Point", "coordinates": [14.46818, 40.89897]}}, {"type": "Feature", "properties": {"wikidata": "Q18436971", "name": "Martiniello", "status": "missing", "osm_id": null, "group": "Insediamenti", "subgroup": "Centri", "subcategory": "Insediamento umano"}, "geometry": {"type": "Point", "coordinates": [14.53617, 40.90496]}}, {"type": "Feature", "properties": {"wikidata": "Q18436965", "name": "Marciano", "status": "missing", "osm_id": null, "group": "Insediamenti", "subgroup": "Centri", "subcategory": "Frazione"}, "geometry": {"type": "Point", "coordinates": [14.3299, 40.59506]}}, {"type": "Feature", "properties": {"wikidata": "Q18436976", "name": "Masseria Foragnano", "status": "missing", "osm_id": null, "group": "Insediamenti", "subgroup": "Centri", "subcategory": "Frazione"}, "geometry": {"type": "Point", "coordinates": [14.16687, 40.88862]}}, {"type": "Feature", "properties": {"wikidata": "Q18436913", "name": "Cigliano", "status": "missing", "osm_id": null, "group": "Insediamenti", "subgroup": "Centri", "subcategory": "Frazione"}, "geometry": {"type": "Point", "coordinates": [14.12911, 40.8422]}}, {"type": "Feature", "properties": {"wikidata": "Q18436951", "name": "Grotta dell'Olmo I", "status": "done", "osm_id": "node/12149863643", "group": "Insediamenti", "subgroup": "Centri", "subcategory": "Insediamento umano"}, "geometry": {"type": "Point", "coordinates": [14.09198, 40.89407]}}, {"type": "Feature", "properties": {"wikidata": "Q18436969", "name": "Marini", "status": "missing", "osm_id": null, "group": "Insediamenti", "subgroup": "Centri", "subcategory": "Insediamento umano"}, "geometry": {"type": "Point", "coordinates": [14.52562, 40.8366]}}, {"type": "Feature", "properties": {"wikidata": "Q18436894", "name": "Cappella degli Spiriti", "status": "missing", "osm_id": null, "group": "Insediamenti", "subgroup": "Centri", "subcategory": "Insediamento umano"}, "geometry": {"type": "Point", "coordinates": [14.54351, 40.89982]}}, {"type": "Feature", "properties": {"wikidata": "Q18436873", "name": "Arorella", "status": "missing", "osm_id": null, "group": "Insediamenti", "subgroup": "Centri", "subcategory": "Insediamento umano"}, "geometry": {"type": "Point", "coordinates": [14.35031, 40.61528]}}, {"type": "Feature", "properties": {"wikidata": "Q18436954", "name": "Grotta", "status": "done", "osm_id": "node/4031905132", "group": "Insediamenti", "subgroup": "Centri", "subcategory": "Insediamento umano"}, "geometry": {"type": "Point", "coordinates": [14.48507, 40.76776]}}, {"type": "Feature", "properties": {"wikidata": "Q18436973", "name": "Mascia", "status": "missing", "osm_id": null, "group": "Insediamenti", "subgroup": "Centri", "subcategory": "Insediamento umano"}, "geometry": {"type": "Point", "coordinates": [14.54094, 40.88924]}}, {"type": "Feature", "properties": {"wikidata": "Q18436964", "name": "Marchesa", "status": "missing", "osm_id": null, "group": "Insediamenti", "subgroup": "Centri", "subcategory": "Insediamento umano"}, "geometry": {"type": "Point", "coordinates": [14.09964, 40.89296]}}, {"type": "Feature", "properties": {"wikidata": "Q18436867", "name": "Annunziata", "status": "missing", "osm_id": null, "group": "Insediamenti", "subgroup": "Centri", "subcategory": "Frazione"}, "geometry": {"type": "Point", "coordinates": [14.33591, 40.60287]}}, {"type": "Feature", "properties": {"wikidata": "Q18436912", "name": "Ciccarelli", "status": "missing", "osm_id": null, "group": "Insediamenti", "subgroup": "Centri", "subcategory": "Insediamento umano"}, "geometry": {"type": "Point", "coordinates": [14.53773, 40.86976]}}, {"type": "Feature", "properties": {"wikidata": "Q18436936", "name": "Fontanella-Calcare", "status": "missing", "osm_id": null, "group": "Insediamenti", "subgroup": "Centri", "subcategory": "Insediamento umano"}, "geometry": {"type": "Point", "coordinates": [14.53787, 40.71193]}}, {"type": "Feature", "properties": {"wikidata": "Q18436868", "name": "Antignano", "status": "done", "osm_id": "node/9492910178", "group": "Insediamenti", "subgroup": "Centri", "subcategory": "Insediamento umano"}, "geometry": {"type": "Point", "coordinates": [14.45039, 40.65206]}}, {"type": "Feature", "properties": {"wikidata": "Q18436903", "name": "Castagnaro", "status": "missing", "osm_id": null, "group": "Insediamenti", "subgroup": "Centri", "subcategory": "Frazione"}, "geometry": {"type": "Point", "coordinates": [14.10551, 40.86466]}}, {"type": "Feature", "properties": {"wikidata": "Q18436870", "name": "Arco Sant'Antonio Nord", "status": "missing", "osm_id": null, "group": "Insediamenti", "subgroup": "Centri", "subcategory": "Insediamento umano"}, "geometry": {"type": "Point", "coordinates": [14.17681, 40.94793]}}, {"type": "Feature", "properties": {"wikidata": "Q18436985", "name": "Monsignorella", "status": "missing", "osm_id": null, "group": "Insediamenti", "subgroup": "Centri", "subcategory": "Insediamento umano"}, "geometry": {"type": "Point", "coordinates": [14.06355, 40.9178]}}, {"type": "Feature", "properties": {"wikidata": "Q18436978", "name": "Masseria Vecchia Est", "status": "missing", "osm_id": null, "group": "Insediamenti", "subgroup": "Centri", "subcategory": "Insediamento umano"}, "geometry": {"type": "Point", "coordinates": [14.07964, 40.89788]}}, {"type": "Feature", "properties": {"wikidata": "Q18436922", "name": "Corigliano", "status": "missing", "osm_id": null, "group": "Insediamenti", "subgroup": "Centri", "subcategory": "Insediamento umano"}, "geometry": {"type": "Point", "coordinates": [14.15386, 40.91302]}}, {"type": "Feature", "properties": {"wikidata": "Q18436904", "name": "Castelcicala", "status": "missing", "osm_id": null, "group": "Insediamenti", "subgroup": "Centri", "subcategory": "Frazione"}, "geometry": {"type": "Point", "coordinates": [14.55526, 40.91793]}}, {"type": "Feature", "properties": {"wikidata": "Q18436974", "name": "Masseria Castellana", "status": "missing", "osm_id": null, "group": "Insediamenti", "subgroup": "Centri", "subcategory": "Frazione"}, "geometry": {"type": "Point", "coordinates": [14.43371, 40.91228]}}, {"type": "Feature", "properties": {"wikidata": "Q18436959", "name": "Localita' Omo Morto", "status": "missing", "osm_id": null, "group": "Insediamenti", "subgroup": "Centri", "subcategory": "Insediamento umano"}, "geometry": {"type": "Point", "coordinates": [14.34401, 40.97149]}}, {"type": "Feature", "properties": {"wikidata": "Q18436931", "name": "Ditta Ultragas", "status": "missing", "osm_id": null, "group": "Insediamenti", "subgroup": "Centri", "subcategory": "Insediamento umano"}, "geometry": {"type": "Point", "coordinates": [14.33086, 40.95361]}}, {"type": "Feature", "properties": {"wikidata": "Q18436962", "name": "Lupa", "status": "missing", "osm_id": null, "group": "Insediamenti", "subgroup": "Centri", "subcategory": "Insediamento umano"}, "geometry": {"type": "Point", "coordinates": [14.41888, 40.88148]}}, {"type": "Feature", "properties": {"wikidata": "Q18436916", "name": "Conca Verde", "status": "missing", "osm_id": null, "group": "Insediamenti", "subgroup": "Centri", "subcategory": "Insediamento umano"}, "geometry": {"type": "Point", "coordinates": [14.33735, 40.6058]}}, {"type": "Feature", "properties": {"wikidata": "Q18436886", "name": "Campanariello", "status": "missing", "osm_id": null, "group": "Insediamenti", "subgroup": "Centri", "subcategory": "Insediamento umano"}, "geometry": {"type": "Point", "coordinates": [14.0556, 40.89418]}}, {"type": "Feature", "properties": {"wikidata": "Q18436953", "name": "Grotta Parrelle", "status": "missing", "osm_id": null, "group": "Insediamenti", "subgroup": "Centri", "subcategory": "Insediamento umano"}, "geometry": {"type": "Point", "coordinates": [14.49202, 40.76896]}}, {"type": "Feature", "properties": {"wikidata": "Q18436988", "name": "Monte di Cuma", "status": "missing", "osm_id": null, "group": "Insediamenti", "subgroup": "Centri", "subcategory": "Insediamento umano"}, "geometry": {"type": "Point", "coordinates": [14.05662, 40.8467]}}, {"type": "Feature", "properties": {"wikidata": "Q18436901", "name": "Casarea", "status": "missing", "osm_id": null, "group": "Insediamenti", "subgroup": "Centri", "subcategory": "Frazione"}, "geometry": {"type": "Point", "coordinates": [14.36349, 40.88828]}}, {"type": "Feature", "properties": {"wikidata": "Q18436902", "name": "Case Androni", "status": "missing", "osm_id": null, "group": "Insediamenti", "subgroup": "Centri", "subcategory": "Insediamento umano"}, "geometry": {"type": "Point", "coordinates": [14.50094, 40.76784]}}, {"type": "Feature", "properties": {"wikidata": "Q18436866", "name": "Amodio-Massariola", "status": "done", "osm_id": "node/12149921595", "group": "Insediamenti", "subgroup": "Centri", "subcategory": "Insediamento umano"}, "geometry": {"type": "Point", "coordinates": [14.09091, 40.88872]}}, {"type": "Feature", "properties": {"wikidata": "Q18436983", "name": "Minichini", "status": "missing", "osm_id": null, "group": "Insediamenti", "subgroup": "Centri", "subcategory": "Insediamento umano"}, "geometry": {"type": "Point", "coordinates": [14.54925, 40.88801]}}, {"type": "Feature", "properties": {"wikidata": "Q18436987", "name": "Montagnola", "status": "missing", "osm_id": null, "group": "Insediamenti", "subgroup": "Centri", "subcategory": "Frazione"}, "geometry": {"type": "Point", "coordinates": [14.49649, 40.87589]}}, {"type": "Feature", "properties": {"wikidata": "Q18436914", "name": "Cinquevie", "status": "missing", "osm_id": null, "group": "Insediamenti", "subgroup": "Centri", "subcategory": "Insediamento umano"}, "geometry": {"type": "Point", "coordinates": [14.52798, 40.88093]}}, {"type": "Feature", "properties": {"wikidata": "Q18436869", "name": "Appia-Parco Platani", "status": "missing", "osm_id": null, "group": "Insediamenti", "subgroup": "Centri", "subcategory": "Insediamento umano"}, "geometry": {"type": "Point", "coordinates": [14.2201, 40.93622]}}, {"type": "Feature", "properties": {"wikidata": "Q18436907", "name": "Catapano", "status": "missing", "osm_id": null, "group": "Insediamenti", "subgroup": "Centri", "subcategory": "Insediamento umano"}, "geometry": {"type": "Point", "coordinates": [14.52108, 40.87798]}}, {"type": "Feature", "properties": {"wikidata": "Q18436952", "name": "Grotta dell'Olmo III", "status": "missing", "osm_id": null, "group": "Insediamenti", "subgroup": "Centri", "subcategory": "Insediamento umano"}, "geometry": {"type": "Point", "coordinates": [14.09186, 40.90214]}}, {"type": "Feature", "properties": {"wikidata": "Q18436892", "name": "Capo d'Arco", "status": "missing", "osm_id": null, "group": "Insediamenti", "subgroup": "Centri", "subcategory": "Insediamento umano"}, "geometry": {"type": "Point", "coordinates": [14.34514, 40.59047]}}, {"type": "Feature", "properties": {"wikidata": "Q18436919", "name": "Convento San Francesco", "status": "missing", "osm_id": null, "group": "Insediamenti", "subgroup": "Centri", "subcategory": "Insediamento umano"}, "geometry": {"type": "Point", "coordinates": [14.43836, 40.66915]}}, {"type": "Feature", "properties": {"wikidata": "Q18436981", "name": "Mezzavia", "status": "missing", "osm_id": null, "group": "Insediamenti", "subgroup": "Centri", "subcategory": "Insediamento umano"}, "geometry": {"type": "Point", "coordinates": [13.88211, 40.74786]}}, {"type": "Feature", "properties": {"wikidata": "Q18436968", "name": "Marina di Puolo", "status": "missing", "osm_id": null, "group": "Insediamenti", "subgroup": "Centri", "subcategory": "Frazione"}, "geometry": {"type": "Point", "coordinates": [14.34506, 40.62622]}}, {"type": "Feature", "properties": {"wikidata": "Q18436979", "name": "Masseria Vecchia Ovest", "status": "missing", "osm_id": null, "group": "Insediamenti", "subgroup": "Centri", "subcategory": "Insediamento umano"}, "geometry": {"type": "Point", "coordinates": [14.06573, 40.88966]}}, {"type": "Feature", "properties": {"wikidata": "Q17625920", "name": "collegiata dello Spirito Santo", "status": "done", "osm_id": "way/243857510", "group": "Altro", "subgroup": "Altro", "subcategory": "Altro"}, "geometry": {"type": "Point", "coordinates": [13.95851, 40.73234]}}, {"type": "Feature", "properties": {"wikidata": "Q18417342", "name": "Cutinelli", "status": "done", "osm_id": "node/4428143276", "group": "Insediamenti", "subgroup": "Centri", "subcategory": "Frazione"}, "geometry": {"type": "Point", "coordinates": [14.39263056, 40.88951111]}}, {"type": "Feature", "properties": {"wikidata": "Q18434600", "name": "Boschetto", "status": "done", "osm_id": "node/3047517939", "group": "Insediamenti", "subgroup": "Centri", "subcategory": "Insediamento umano"}, "geometry": {"type": "Point", "coordinates": [14.99439, 41.03167]}}, {"type": "Feature", "properties": {"wikidata": "Q18434402", "name": "Abbondanza", "status": "missing", "osm_id": null, "group": "Insediamenti", "subgroup": "Centri", "subcategory": "Insediamento umano"}, "geometry": {"type": "Point", "coordinates": [15.0487, 41.18841]}}, {"type": "Feature", "properties": {"wikidata": "Q18434445", "name": "Amendola", "status": "missing", "osm_id": null, "group": "Insediamenti", "subgroup": "Centri", "subcategory": "Insediamento umano"}, "geometry": {"type": "Point", "coordinates": [15.13494, 41.01947]}}, {"type": "Feature", "properties": {"wikidata": "Q18434517", "name": "Barascigno", "status": "missing", "osm_id": null, "group": "Insediamenti", "subgroup": "Centri", "subcategory": "Insediamento umano"}, "geometry": {"type": "Point", "coordinates": [15.04049, 41.09365]}}, {"type": "Feature", "properties": {"wikidata": "Q18397605", "name": "Villa San Nicola", "status": "missing", "osm_id": null, "group": "Insediamenti", "subgroup": "Centri", "subcategory": "Frazione"}, "geometry": {"type": "Point", "coordinates": [14.84732, 40.89658]}}, {"type": "Feature", "properties": {"wikidata": "Q18222399", "name": "scavi archeologici di Pompei", "status": "done", "osm_id": "way/26707240", "group": "Archeologia", "subgroup": "Siti", "subcategory": "Sito archeologico"}, "geometry": {"type": "Point", "coordinates": [14.49, 40.7511]}}, {"type": "Feature", "properties": {"wikidata": "Q18434467", "name": "Archi 2", "status": "missing", "osm_id": null, "group": "Insediamenti", "subgroup": "Centri", "subcategory": "Insediamento umano"}, "geometry": {"type": "Point", "coordinates": [14.81255, 40.92755]}}, {"type": "Feature", "properties": {"wikidata": "Q17636100", "name": "Mandia", "status": "done", "osm_id": "node/1205134701", "group": "Insediamenti", "subgroup": "Centri", "subcategory": "Frazione"}, "geometry": {"type": "Point", "coordinates": [15.24904, 40.15492]}}, {"type": "Feature", "properties": {"wikidata": "Q18288020", "name": "Biblioteca comunale popolare Luigi Bladier", "status": "missing", "osm_id": null, "group": "Cultura e tempo libero", "subgroup": "Biblioteche", "subcategory": "Biblioteca pubblica"}, "geometry": {"type": "Point", "coordinates": [14.245191, 40.547763]}}, {"type": "Feature", "properties": {"wikidata": "Q18434548", "name": "Beato", "status": "missing", "osm_id": null, "group": "Insediamenti", "subgroup": "Centri", "subcategory": "Frazione"}, "geometry": {"type": "Point", "coordinates": [14.62811, 40.87319]}}, {"type": "Feature", "properties": {"wikidata": "Q18434581", "name": "Bocchino", "status": "missing", "osm_id": null, "group": "Insediamenti", "subgroup": "Centri", "subcategory": "Insediamento umano"}, "geometry": {"type": "Point", "coordinates": [15.06898, 40.91832]}}, {"type": "Feature", "properties": {"wikidata": "Q18005257", "name": "chiesa di Santa Maria di Costantinopoli", "status": "missing", "osm_id": null, "group": "Religione", "subgroup": "Luoghi di Culto", "subcategory": "Chiesa"}, "geometry": {"type": "Point", "coordinates": [13.95847, 40.73211]}}, {"type": "Feature", "properties": {"wikidata": "Q17623921", "name": "casa della Gemma", "status": "done", "osm_id": "way/310743676", "group": "Archeologia", "subgroup": "Siti", "subcategory": "Rovine"}, "geometry": {"type": "Point", "coordinates": [14.3471, 40.8053]}}, {"type": "Feature", "properties": {"wikidata": "Q18434512", "name": "Banzano", "status": "missing", "osm_id": null, "group": "Insediamenti", "subgroup": "Centri", "subcategory": "Frazione"}, "geometry": {"type": "Point", "coordinates": [14.8018, 40.819]}}, {"type": "Feature", "properties": {"wikidata": "Q18434596", "name": "Bosagro", "status": "missing", "osm_id": null, "group": "Insediamenti", "subgroup": "Centri", "subcategory": "Frazione"}, "geometry": {"type": "Point", "coordinates": [14.63111, 40.87114]}}, {"type": "Feature", "properties": {"wikidata": "Q18434409", "name": "Acquafredda", "status": "done", "osm_id": "node/3047504636", "group": "Insediamenti", "subgroup": "Centri", "subcategory": "Insediamento umano"}, "geometry": {"type": "Point", "coordinates": [14.95957, 41.05869]}}, {"type": "Feature", "properties": {"wikidata": "Q18224699", "name": "stazione di Teano", "status": "done", "osm_id": "node/3102088770", "group": "Infrastrutture", "subgroup": "Trasporti", "subcategory": "Stazione ferroviaria"}, "geometry": {"type": "Point", "coordinates": [14.0771, 41.232]}}, {"type": "Feature", "properties": {"wikidata": "Q18042989", "name": "Collegiata di Santa Maria Maddalena penitente", "status": "missing", "osm_id": null, "group": "Religione", "subgroup": "Luoghi di Culto", "subcategory": "Chiesa"}, "geometry": {"type": "Point", "coordinates": [14.60992, 40.6359]}}, {"type": "Feature", "properties": {"wikidata": "Q17639589", "name": "Villa Tisi", "status": "missing", "osm_id": null, "group": "Dimore ed edifici", "subgroup": "Residenze", "subcategory": "Villa"}, "geometry": {"type": "Point", "coordinates": [14.761725, 40.682819]}}, {"type": "Feature", "properties": {"wikidata": "Q18434437", "name": "Alvanite", "status": "done", "osm_id": "node/2589042664", "group": "Insediamenti", "subgroup": "Centri", "subcategory": "Insediamento umano"}, "geometry": {"type": "Point", "coordinates": [14.82672, 40.90756]}}, {"type": "Feature", "properties": {"wikidata": "Q17624768", "name": "chiesa del Santissimo Corpo di Cristo", "status": "done", "osm_id": "way/435710394", "group": "Religione", "subgroup": "Luoghi di Culto", "subcategory": "Chiesa"}, "geometry": {"type": "Point", "coordinates": [14.12076, 40.82111]}}, {"type": "Feature", "properties": {"wikidata": "Q17637491", "name": "stazione di Recale", "status": "done", "osm_id": "node/1457483626", "group": "Infrastrutture", "subgroup": "Trasporti", "subcategory": "Fermata ferroviaria"}, "geometry": {"type": "Point", "coordinates": [14.3034, 41.0623]}}, {"type": "Feature", "properties": {"wikidata": "Q17637139", "name": "stazione di Borgo", "status": "done", "osm_id": "node/2038624381", "group": "Infrastrutture", "subgroup": "Trasporti", "subcategory": "Stazione ferroviaria"}, "geometry": {"type": "Point", "coordinates": [14.7842, 40.8459]}}, {"type": "Feature", "properties": {"wikidata": "Q18434525", "name": "Barraso", "status": "missing", "osm_id": null, "group": "Insediamenti", "subgroup": "Centri", "subcategory": "Insediamento umano"}, "geometry": {"type": "Point", "coordinates": [15.08051, 41.06896]}}, {"type": "Feature", "properties": {"wikidata": "Q18434451", "name": "Andretta-Mattinella", "status": "missing", "osm_id": null, "group": "Insediamenti", "subgroup": "Centri", "subcategory": "Insediamento umano"}, "geometry": {"type": "Point", "coordinates": [15.32485, 40.93742]}}, {"type": "Feature", "properties": {"wikidata": "Q17638213", "name": "Terme del Foro", "status": "done", "osm_id": "way/182553083", "group": "Archeologia", "subgroup": "Siti", "subcategory": "Rovine"}, "geometry": {"type": "Point", "coordinates": [14.4841, 40.7504]}}, {"type": "Feature", "properties": {"wikidata": "Q18434553", "name": "Beatrice II", "status": "done", "osm_id": "node/3044164431", "group": "Insediamenti", "subgroup": "Centri", "subcategory": "Insediamento umano"}, "geometry": {"type": "Point", "coordinates": [14.99573, 41.09204]}}, {"type": "Feature", "properties": {"wikidata": "Q18434485", "name": "Ariacchino", "status": "missing", "osm_id": null, "group": "Insediamenti", "subgroup": "Centri", "subcategory": "Frazione"}, "geometry": {"type": "Point", "coordinates": [15.2321, 41.01737]}}, {"type": "Feature", "properties": {"wikidata": "Q18434570", "name": "Benvenuto", "status": "missing", "osm_id": null, "group": "Insediamenti", "subgroup": "Centri", "subcategory": "Insediamento umano"}, "geometry": {"type": "Point", "coordinates": [15.05129, 41.18717]}}, {"type": "Feature", "properties": {"wikidata": "Q18224663", "name": "stazione di Maddaloni Inferiore", "status": "done", "osm_id": "node/1457583185", "group": "Infrastrutture", "subgroup": "Trasporti", "subcategory": "Stazione ferroviaria"}, "geometry": {"type": "Point", "coordinates": [14.3801, 41.0362]}}, {"type": "Feature", "properties": {"wikidata": "Q18434471", "name": "Arcoli", "status": "done", "osm_id": "node/11426486587", "group": "Insediamenti", "subgroup": "Centri", "subcategory": "Insediamento umano"}, "geometry": {"type": "Point", "coordinates": [15.25498, 40.91982]}}, {"type": "Feature", "properties": {"wikidata": "Q17637550", "name": "stazione di Sant'Antimo-Sant'Arpino", "status": "done", "osm_id": "node/332742385", "group": "Infrastrutture", "subgroup": "Trasporti", "subcategory": "Stazione ferroviaria"}, "geometry": {"type": "Point", "coordinates": [14.2473, 40.949]}}, {"type": "Feature", "properties": {"wikidata": "Q18386181", "name": "Palazzo Ricca", "status": "missing", "osm_id": null, "group": "Dimore ed edifici", "subgroup": "Residenze", "subcategory": "Palazzo"}, "geometry": {"type": "Point", "coordinates": [14.262964, 40.852759]}}, {"type": "Feature", "properties": {"wikidata": "Q18434491", "name": "Ariano Scalo", "status": "done", "osm_id": "node/11727239926", "group": "Insediamenti", "subgroup": "Centri", "subcategory": "Insediamento umano"}, "geometry": {"type": "Point", "coordinates": [15.11759, 41.18022]}}, {"type": "Feature", "properties": {"wikidata": "Q18288832", "name": "Pascarola", "status": "done", "osm_id": "node/3683586258", "group": "Altro", "subgroup": "Altro", "subcategory": "Altro"}, "geometry": {"type": "Point", "coordinates": [14.3039, 40.9778]}}, {"type": "Feature", "properties": {"wikidata": "Q18241891", "name": "citt\u00e0 metropolitana di Napoli", "status": "done", "osm_id": "relation/40600", "group": "Altro", "subgroup": "Altro", "subcategory": "Altro"}, "geometry": {"type": "Point", "coordinates": [14.25, 40.8333]}}, {"type": "Feature", "properties": {"wikidata": "Q18162205", "name": "Palazzo d'Aquino di Caramanico", "status": "done", "osm_id": "relation/3345235", "group": "Dimore ed edifici", "subgroup": "Residenze", "subcategory": "Palazzo"}, "geometry": {"type": "Point", "coordinates": [14.252167, 40.84195]}}, {"type": "Feature", "properties": {"wikidata": "Q18289650", "name": "Terremoto dell'Italia centro-meridionale del 1456", "status": "missing", "osm_id": null, "group": "Altro", "subgroup": "Altro", "subcategory": "Altro"}, "geometry": {"type": "Point", "coordinates": [14.7828, 41.1396]}}, {"type": "Feature", "properties": {"wikidata": "Q18397563", "name": "chiesa di San Giovanni in Parco", "status": "missing", "osm_id": null, "group": "Religione", "subgroup": "Luoghi di Culto", "subcategory": "Chiesa"}, "geometry": {"type": "Point", "coordinates": [14.753139, 40.786039]}}, {"type": "Feature", "properties": {"wikidata": "Q18434497", "name": "Bagnara Valle", "status": "done", "osm_id": "node/8807354545", "group": "Insediamenti", "subgroup": "Centri", "subcategory": "Insediamento umano"}, "geometry": {"type": "Point", "coordinates": [14.78184, 41.05421]}}, {"type": "Feature", "properties": {"wikidata": "Q18434425", "name": "Airola", "status": "done", "osm_id": "node/3047503413", "group": "Insediamenti", "subgroup": "Centri", "subcategory": "Insediamento umano"}, "geometry": {"type": "Point", "coordinates": [14.98212, 41.04768]}}, {"type": "Feature", "properties": {"wikidata": "Q18005298", "name": "stazione di Maddaloni Superiore", "status": "done", "osm_id": "node/8798187638", "group": "Infrastrutture", "subgroup": "Trasporti", "subcategory": "Stazione ferroviaria"}, "geometry": {"type": "Point", "coordinates": [14.3959, 41.0486]}}, {"type": "Feature", "properties": {"wikidata": "Q18434538", "name": "Bassomanno", "status": "missing", "osm_id": null, "group": "Insediamenti", "subgroup": "Centri", "subcategory": "Frazione"}, "geometry": {"type": "Point", "coordinates": [15.24527, 41.05508]}}, {"type": "Feature", "properties": {"wikidata": "Q18434604", "name": "Bosco dei Fichi", "status": "done", "osm_id": "node/2601697446", "group": "Insediamenti", "subgroup": "Centri", "subcategory": "Insediamento umano"}, "geometry": {"type": "Point", "coordinates": [14.78646, 40.8469]}}, {"type": "Feature", "properties": {"wikidata": "Q18434488", "name": "Arianiello", "status": "done", "osm_id": "node/3077029923", "group": "Insediamenti", "subgroup": "Centri", "subcategory": "Localit\u00e0 abitata"}, "geometry": {"type": "Point", "coordinates": [14.92559, 40.9682]}}, {"type": "Feature", "properties": {"wikidata": "Q18434592", "name": "Borgo", "status": "missing", "osm_id": null, "group": "Insediamenti", "subgroup": "Centri", "subcategory": "Frazione"}, "geometry": {"type": "Point", "coordinates": [14.78364, 40.84022]}}, {"type": "Feature", "properties": {"wikidata": "Q18434483", "name": "Arenara", "status": "done", "osm_id": "node/3047517608", "group": "Insediamenti", "subgroup": "Centri", "subcategory": "Insediamento umano"}, "geometry": {"type": "Point", "coordinates": [15.03428, 41.0418]}}, {"type": "Feature", "properties": {"wikidata": "Q18434440", "name": "Alvano", "status": "done", "osm_id": "node/3791868548", "group": "Insediamenti", "subgroup": "Centri", "subcategory": "Insediamento umano"}, "geometry": {"type": "Point", "coordinates": [15.30805, 40.95939]}}, {"type": "Feature", "properties": {"wikidata": "Q18121193", "name": "Accademia Jacopo Napoli", "status": "missing", "osm_id": null, "group": "Amministrazione", "subgroup": "Istruzione", "subcategory": "Conservatorio"}, "geometry": {"type": "Point", "coordinates": [14.70967, 40.69653]}}, {"type": "Feature", "properties": {"wikidata": "Q17652132", "name": "santuario della Madonna delle Galline", "status": "done", "osm_id": "way/273461288", "group": "Religione", "subgroup": "Luoghi di Culto", "subcategory": "Santuario"}, "geometry": {"type": "Point", "coordinates": [14.6188, 40.7408]}}, {"type": "Feature", "properties": {"wikidata": "Q18434462", "name": "Arcella", "status": "missing", "osm_id": null, "group": "Insediamenti", "subgroup": "Centri", "subcategory": "Insediamento umano"}, "geometry": {"type": "Point", "coordinates": [14.83176, 40.95793]}}, {"type": "Feature", "properties": {"wikidata": "Q17637409", "name": "stazione di Montoro-Forino", "status": "done", "osm_id": "node/1630137060", "group": "Infrastrutture", "subgroup": "Trasporti", "subcategory": "Stazione ferroviaria"}, "geometry": {"type": "Point", "coordinates": [14.7575, 40.82]}}, {"type": "Feature", "properties": {"wikidata": "Q18434433", "name": "Alvaneta", "status": "done", "osm_id": "node/3047509023", "group": "Insediamenti", "subgroup": "Centri", "subcategory": "Insediamento umano"}, "geometry": {"type": "Point", "coordinates": [15.01489, 41.04477]}}, {"type": "Feature", "properties": {"wikidata": "Q18434520", "name": "Barbati", "status": "missing", "osm_id": null, "group": "Insediamenti", "subgroup": "Centri", "subcategory": "Insediamento umano"}, "geometry": {"type": "Point", "coordinates": [14.7317, 41.01353]}}, {"type": "Feature", "properties": {"wikidata": "Q17624952", "name": "chiesa di San Michele Arcangelo", "status": "done", "osm_id": "way/672021483", "group": "Religione", "subgroup": "Luoghi di Culto", "subcategory": "Chiesa"}, "geometry": {"type": "Point", "coordinates": [14.76175, 40.679444]}}, {"type": "Feature", "properties": {"wikidata": "Q18434532", "name": "Bassiello", "status": "missing", "osm_id": null, "group": "Insediamenti", "subgroup": "Centri", "subcategory": "Insediamento umano"}, "geometry": {"type": "Point", "coordinates": [15.0518, 41.18286]}}, {"type": "Feature", "properties": {"wikidata": "Q18150033", "name": "Villa Favorita", "status": "done", "osm_id": "way/348580602", "group": "Dimore ed edifici", "subgroup": "Residenze", "subcategory": "Villa"}, "geometry": {"type": "Point", "coordinates": [14.35474, 40.80029]}}, {"type": "Feature", "properties": {"wikidata": "Q18288043", "name": "Museo delle carrozze", "status": "missing", "osm_id": null, "group": "Cultura e tempo libero", "subgroup": "Musei", "subcategory": "Museo"}, "geometry": {"type": "Point", "coordinates": [14.269422, 41.081707]}}, {"type": "Feature", "properties": {"wikidata": "Q17637407", "name": "stazione di Montoro Superiore", "status": "done", "osm_id": "node/2038624385", "group": "Infrastrutture", "subgroup": "Trasporti", "subcategory": "Fermata ferroviaria"}, "geometry": {"type": "Point", "coordinates": [14.8021, 40.8316]}}, {"type": "Feature", "properties": {"wikidata": "Q18434405", "name": "Accoli", "status": "missing", "osm_id": null, "group": "Insediamenti", "subgroup": "Centri", "subcategory": "Insediamento umano"}, "geometry": {"type": "Point", "coordinates": [15.10803, 41.17165]}}, {"type": "Feature", "properties": {"wikidata": "Q17637363", "name": "stazione di Marcianise", "status": "done", "osm_id": "node/1457483599", "group": "Infrastrutture", "subgroup": "Trasporti", "subcategory": "Fermata ferroviaria"}, "geometry": {"type": "Point", "coordinates": [14.2879, 41.0359]}}, {"type": "Feature", "properties": {"wikidata": "Q17994685", "name": "Q17994685", "status": "missing", "osm_id": null, "group": "Altro", "subgroup": "Altro", "subcategory": "Altro"}, "geometry": {"type": "Point", "coordinates": [14.176388888, 40.8]}}, {"type": "Feature", "properties": {"wikidata": "Q18420699", "name": "Villa Luisa", "status": "missing", "osm_id": null, "group": "Dimore ed edifici", "subgroup": "Residenze", "subcategory": "Villa"}, "geometry": {"type": "Point", "coordinates": [14.20699787, 40.81084442]}}, {"type": "Feature", "properties": {"wikidata": "Q18434455", "name": "Annunziata", "status": "missing", "osm_id": null, "group": "Insediamenti", "subgroup": "Centri", "subcategory": "Insediamento umano"}, "geometry": {"type": "Point", "coordinates": [14.83505, 40.99397]}}, {"type": "Feature", "properties": {"wikidata": "Q17623918", "name": "Casa del Genio", "status": "done", "osm_id": "way/321565896", "group": "Archeologia", "subgroup": "Siti", "subcategory": "Domus de Janas"}, "geometry": {"type": "Point", "coordinates": [14.3466, 40.8063]}}, {"type": "Feature", "properties": {"wikidata": "Q18434416", "name": "Acquara", "status": "missing", "osm_id": null, "group": "Insediamenti", "subgroup": "Centri", "subcategory": "Frazione"}, "geometry": {"type": "Point", "coordinates": [15.08236, 40.94101]}}, {"type": "Feature", "properties": {"wikidata": "Q17637573", "name": "stazione di Sparanise", "status": "done", "osm_id": "node/12294092351", "group": "Infrastrutture", "subgroup": "Trasporti", "subcategory": "Stazione ferroviaria"}, "geometry": {"type": "Point", "coordinates": [14.09307, 41.18581]}}, {"type": "Feature", "properties": {"wikidata": "Q18223218", "name": "deposito locomotive di Napoli Smistamento", "status": "missing", "osm_id": null, "group": "Altro", "subgroup": "Altro", "subcategory": "Altro"}, "geometry": {"type": "Point", "coordinates": [14.2947884, 40.8489231]}}, {"type": "Feature", "properties": {"wikidata": "Q18434557", "name": "Beatrice", "status": "done", "osm_id": "node/3044164430", "group": "Insediamenti", "subgroup": "Centri", "subcategory": "Insediamento umano"}, "geometry": {"type": "Point", "coordinates": [14.99113, 41.09094]}}, {"type": "Feature", "properties": {"wikidata": "Q17625036", "name": "chiesa di Santa Lucia de Judaica", "status": "done", "osm_id": "way/679137870", "group": "Religione", "subgroup": "Luoghi di Culto", "subcategory": "Chiesa"}, "geometry": {"type": "Point", "coordinates": [14.757861, 40.678583]}}, {"type": "Feature", "properties": {"wikidata": "Q18434534", "name": "Basso", "status": "missing", "osm_id": null, "group": "Insediamenti", "subgroup": "Centri", "subcategory": "Insediamento umano"}, "geometry": {"type": "Point", "coordinates": [15.20361, 40.90936]}}, {"type": "Feature", "properties": {"wikidata": "Q17992110", "name": "azienda ospedaliera San Giuseppe Moscati", "status": "missing", "osm_id": null, "group": "Altro", "subgroup": "Altro", "subcategory": "Altro"}, "geometry": {"type": "Point", "coordinates": [14.799876, 40.92652]}}, {"type": "Feature", "properties": {"wikidata": "Q18434413", "name": "Acqualemma", "status": "done", "osm_id": "node/5309316021", "group": "Insediamenti", "subgroup": "Centri", "subcategory": "Insediamento umano"}, "geometry": {"type": "Point", "coordinates": [14.92115, 40.93678]}}, {"type": "Feature", "properties": {"wikidata": "Q17636648", "name": "Monti del Partenio", "status": "missing", "osm_id": null, "group": "Natura e paesaggio", "subgroup": "Montagna", "subcategory": "Montagna"}, "geometry": {"type": "Point", "coordinates": [14.73333333, 40.91666667]}}, {"type": "Feature", "properties": {"wikidata": "Q17626063", "name": "concattedrale di Santa Maria Assunta", "status": "missing", "osm_id": null, "group": "Altro", "subgroup": "Altro", "subcategory": "Altro"}, "geometry": {"type": "Point", "coordinates": [14.138184631, 41.204411394]}}, {"type": "Feature", "properties": {"wikidata": "Q17992532", "name": "Casa del Bel Cortile", "status": "done", "osm_id": "way/305743130", "group": "Archeologia", "subgroup": "Siti", "subcategory": "Domus de Janas"}, "geometry": {"type": "Point", "coordinates": [14.3481, 40.8064]}}, {"type": "Feature", "properties": {"wikidata": "Q18434573", "name": "Bisaccia Nuova", "status": "missing", "osm_id": null, "group": "Insediamenti", "subgroup": "Centri", "subcategory": "Frazione"}, "geometry": {"type": "Point", "coordinates": [15.35546, 41.0096]}}, {"type": "Feature", "properties": {"wikidata": "Q18434529", "name": "Barricella", "status": "missing", "osm_id": null, "group": "Insediamenti", "subgroup": "Centri", "subcategory": "Frazione"}, "geometry": {"type": "Point", "coordinates": [15.17727, 40.90397]}}, {"type": "Feature", "properties": {"wikidata": "Q1088931", "name": "Taburno Camposauro", "status": "done", "osm_id": "node/2091344646", "group": "Natura e paesaggio", "subgroup": "Montagna", "subcategory": "Montagna"}, "geometry": {"type": "Point", "coordinates": [14.608333333, 41.108333333]}}, {"type": "Feature", "properties": {"wikidata": "Q1084616", "name": "Monte Nuovo", "status": "done", "osm_id": "node/2258885151", "group": "Natura e paesaggio", "subgroup": "Montagna", "subcategory": "Collina"}, "geometry": {"type": "Point", "coordinates": [14.087799833, 40.835065833]}}, {"type": "Feature", "properties": {"wikidata": "Q2449116", "name": "Curteri", "status": "done", "osm_id": "node/4336191117", "group": "Insediamenti", "subgroup": "Centri", "subcategory": "Frazione"}, "geometry": {"type": "Point", "coordinates": [14.81437, 40.77818]}}, {"type": "Feature", "properties": {"wikidata": "Q2274338", "name": "linea 2", "status": "done", "osm_id": "relation/2168103", "group": "Altro", "subgroup": "Altro", "subcategory": "Altro"}, "geometry": {"type": "Point", "coordinates": [14.22515, 40.83774]}}, {"type": "Feature", "properties": {"wikidata": "Q2491155", "name": "Rovigliano", "status": "done", "osm_id": "node/4031905130", "group": "Insediamenti", "subgroup": "Centri", "subcategory": "Frazione"}, "geometry": {"type": "Point", "coordinates": [14.470833333, 40.738611111]}}, {"type": "Feature", "properties": {"wikidata": "Q2378853", "name": "Castel Ruggero", "status": "done", "osm_id": "node/1237466499", "group": "Insediamenti", "subgroup": "Centri", "subcategory": "Frazione"}, "geometry": {"type": "Point", "coordinates": [15.466666666, 40.133333333]}}, {"type": "Feature", "properties": {"wikidata": "Q2397128", "name": "Acciaroli", "status": "done", "osm_id": "node/1116409242", "group": "Insediamenti", "subgroup": "Centri", "subcategory": "Frazione"}, "geometry": {"type": "Point", "coordinates": [15.028033333, 40.181002777]}}, {"type": "Feature", "properties": {"wikidata": "Q2451842", "name": "Prato Perillo", "status": "done", "osm_id": "node/1238172841", "group": "Insediamenti", "subgroup": "Centri", "subcategory": "Frazione"}, "geometry": {"type": "Point", "coordinates": [15.518833333, 40.394333333]}}, {"type": "Feature", "properties": {"wikidata": "Q2387428", "name": "Materdomini", "status": "done", "osm_id": "node/1248691940", "group": "Insediamenti", "subgroup": "Centri", "subcategory": "Frazione"}, "geometry": {"type": "Point", "coordinates": [15.23587, 40.81801]}}, {"type": "Feature", "properties": {"wikidata": "Q2248597", "name": "Schola Armaturarum (III.3.6)", "status": "done", "osm_id": "way/530468336", "group": "Archeologia", "subgroup": "Siti", "subcategory": "Sito archeologico"}, "geometry": {"type": "Point", "coordinates": [14.49166667, 40.75166667]}}, {"type": "Feature", "properties": {"wikidata": "Q1071579", "name": "Chiaia", "status": "done", "osm_id": "node/4406284760", "group": "Altro", "subgroup": "Altro", "subcategory": "Altro"}, "geometry": {"type": "Point", "coordinates": [14.22583333, 40.83416667]}}, {"type": "Feature", "properties": {"wikidata": "Q2649891", "name": "Pozzano", "status": "done", "osm_id": "node/3461490761", "group": "Insediamenti", "subgroup": "Centri", "subcategory": "Frazione"}, "geometry": {"type": "Point", "coordinates": [14.460116, 40.689896]}}, {"type": "Feature", "properties": {"wikidata": "Q2476172", "name": "Scorzo", "status": "done", "osm_id": "node/1131384797", "group": "Insediamenti", "subgroup": "Centri", "subcategory": "Frazione"}, "geometry": {"type": "Point", "coordinates": [15.26417, 40.57707]}}, {"type": "Feature", "properties": {"wikidata": "Q1085929", "name": "San Pietro a Patierno", "status": "done", "osm_id": "node/4406284772", "group": "Altro", "subgroup": "Altro", "subcategory": "Altro"}, "geometry": {"type": "Point", "coordinates": [14.29222222, 40.88472222]}}, {"type": "Feature", "properties": {"wikidata": "Q2525951", "name": "Villa di Diomede", "status": "done", "osm_id": "node/319120209", "group": "Dimore ed edifici", "subgroup": "Residenze", "subcategory": "Villa"}, "geometry": {"type": "Point", "coordinates": [14.4787071, 40.7523864]}}, {"type": "Feature", "properties": {"wikidata": "Q1071575", "name": "Chiaiano", "status": "done", "osm_id": "node/4406284761", "group": "Altro", "subgroup": "Altro", "subcategory": "Altro"}, "geometry": {"type": "Point", "coordinates": [14.21027778, 40.88111111]}}, {"type": "Feature", "properties": {"wikidata": "Q2566700", "name": "Marcianofreddo", "status": "done", "osm_id": "node/1727509653", "group": "Insediamenti", "subgroup": "Centri", "subcategory": "Frazione"}, "geometry": {"type": "Point", "coordinates": [14.337841, 41.219211]}}, {"type": "Feature", "properties": {"wikidata": "Q1051820", "name": "certosa di Padula", "status": "done", "osm_id": "relation/1475189", "group": "Altro", "subgroup": "Altro", "subcategory": "Altro"}, "geometry": {"type": "Point", "coordinates": [15.65194444, 40.33722222]}}, {"type": "Feature", "properties": {"wikidata": "Q2250688", "name": "Bagni di Contursi", "status": "done", "osm_id": "node/1235234909", "group": "Insediamenti", "subgroup": "Centri", "subcategory": "Frazione"}, "geometry": {"type": "Point", "coordinates": [15.25337, 40.68211]}}, {"type": "Feature", "properties": {"wikidata": "Q2297356", "name": "Santa Maria a Favore", "status": "missing", "osm_id": null, "group": "Insediamenti", "subgroup": "Centri", "subcategory": "Frazione"}, "geometry": {"type": "Point", "coordinates": [14.684722222, 40.783333333]}}, {"type": "Feature", "properties": {"wikidata": "Q2611728", "name": "Caspoli", "status": "done", "osm_id": "node/5515780849", "group": "Insediamenti", "subgroup": "Centri", "subcategory": "Frazione"}, "geometry": {"type": "Point", "coordinates": [13.96717, 41.38099]}}, {"type": "Feature", "properties": {"wikidata": "Q2588767", "name": "Zuppino", "status": "done", "osm_id": "node/1131385885", "group": "Insediamenti", "subgroup": "Centri", "subcategory": "Frazione"}, "geometry": {"type": "Point", "coordinates": [15.28271, 40.57828]}}, {"type": "Feature", "properties": {"wikidata": "Q1054523", "name": "Fuorigrotta", "status": "done", "osm_id": "node/3140588279", "group": "Altro", "subgroup": "Altro", "subcategory": "Altro"}, "geometry": {"type": "Point", "coordinates": [14.19527778, 40.825]}}, {"type": "Feature", "properties": {"wikidata": "Q1048627", "name": "Castel Sant'Elmo", "status": "done", "osm_id": "way/29403971", "group": "Fortificazioni e militare", "subgroup": "Fortificazioni", "subcategory": "Castello"}, "geometry": {"type": "Point", "coordinates": [14.239329, 40.84362]}}, {"type": "Feature", "properties": {"wikidata": "Q2286295", "name": "Capriglia", "status": "missing", "osm_id": null, "group": "Insediamenti", "subgroup": "Centri", "subcategory": "Frazione"}, "geometry": {"type": "Point", "coordinates": [14.76035, 40.73216]}}, {"type": "Feature", "properties": {"wikidata": "Q2232158", "name": "Salitto", "status": "done", "osm_id": "node/1081511431", "group": "Insediamenti", "subgroup": "Centri", "subcategory": "Frazione"}, "geometry": {"type": "Point", "coordinates": [15.02241, 40.67412]}}, {"type": "Feature", "properties": {"wikidata": "Q2665588", "name": "Villaggio Coppola", "status": "done", "osm_id": "node/1412445223", "group": "Insediamenti", "subgroup": "Centri", "subcategory": "Frazione"}, "geometry": {"type": "Point", "coordinates": [13.990466666, 40.97395]}}, {"type": "Feature", "properties": {"wikidata": "Q2525330", "name": "Villa Imperiale", "status": "missing", "osm_id": null, "group": "Archeologia", "subgroup": "Siti", "subcategory": "Rovine"}, "geometry": {"type": "Point", "coordinates": [14.48279, 40.74821]}}, {"type": "Feature", "properties": {"wikidata": "Q2422469", "name": "Trivio Codola", "status": "missing", "osm_id": null, "group": "Insediamenti", "subgroup": "Centri", "subcategory": "Frazione"}, "geometry": {"type": "Point", "coordinates": [14.684722222, 40.783333333]}}, {"type": "Feature", "properties": {"wikidata": "Q2403834", "name": "Camaldoli", "status": "done", "osm_id": "node/1081511438", "group": "Insediamenti", "subgroup": "Centri", "subcategory": "Frazione"}, "geometry": {"type": "Point", "coordinates": [15.17512222, 40.65250278]}}, {"type": "Feature", "properties": {"wikidata": "Q2699249", "name": "Tempio di Apollo", "status": "done", "osm_id": "way/240573968", "group": "Religione", "subgroup": "Luoghi di Culto", "subcategory": "Tempio"}, "geometry": {"type": "Point", "coordinates": [14.4844, 40.7492]}}, {"type": "Feature", "properties": {"wikidata": "Q1047785", "name": "CAM Casoria Contemporary Art Museum", "status": "done", "osm_id": "node/3782303049", "group": "Cultura e tempo libero", "subgroup": "Musei", "subcategory": "Museo"}, "geometry": {"type": "Point", "coordinates": [14.29861111, 40.91416667]}}, {"type": "Feature", "properties": {"wikidata": "Q2298028", "name": "stadio Partenio-Adriano Lombardi", "status": "done", "osm_id": "way/185585254", "group": "Cultura e tempo libero", "subgroup": "Sport", "subcategory": "Impianto sportivo"}, "geometry": {"type": "Point", "coordinates": [14.7925, 40.926944]}}, {"type": "Feature", "properties": {"wikidata": "Q1084608", "name": "basilica di San Lorenzo Maggiore", "status": "done", "osm_id": "way/123122218", "group": "Religione", "subgroup": "Luoghi di Culto", "subcategory": "Chiesa"}, "geometry": {"type": "Point", "coordinates": [14.258119444, 40.850930555]}}, {"type": "Feature", "properties": {"wikidata": "Q1048809", "name": "Castello aragonese", "status": "done", "osm_id": "relation/5975734", "group": "Altro", "subgroup": "Altro", "subcategory": "Altro"}, "geometry": {"type": "Point", "coordinates": [13.96493, 40.73162]}}, {"type": "Feature", "properties": {"wikidata": "Q2514426", "name": "Basiliche paleocristiane di Cimitile", "status": "missing", "osm_id": null, "group": "Altro", "subgroup": "Altro", "subcategory": "Altro"}, "geometry": {"type": "Point", "coordinates": [14.524355555, 40.940683333]}}, {"type": "Feature", "properties": {"wikidata": "Q2332531", "name": "Piazza Torquato Tasso", "status": "missing", "osm_id": null, "group": "Insediamenti", "subgroup": "Zone Urbane", "subcategory": "Piazza"}, "geometry": {"type": "Point", "coordinates": [14.375852, 40.62627]}}, {"type": "Feature", "properties": {"wikidata": "Q2303753", "name": "Quaglietta", "status": "done", "osm_id": "node/1081511425", "group": "Insediamenti", "subgroup": "Centri", "subcategory": "Frazione"}, "geometry": {"type": "Point", "coordinates": [15.23555556, 40.74527778]}}, {"type": "Feature", "properties": {"wikidata": "Q2374779", "name": "Sieti", "status": "done", "osm_id": "node/1131349308", "group": "Insediamenti", "subgroup": "Centri", "subcategory": "Frazione"}, "geometry": {"type": "Point", "coordinates": [14.90281, 40.74251]}}, {"type": "Feature", "properties": {"wikidata": "Q1085934", "name": "linea 1", "status": "done", "osm_id": "relation/2168102", "group": "Altro", "subgroup": "Altro", "subcategory": "Altro"}, "geometry": {"type": "Point", "coordinates": [14.22749, 40.85564]}}, {"type": "Feature", "properties": {"wikidata": "Q2546064", "name": "Santa Maria a Toro", "status": "done", "osm_id": "node/4450952213", "group": "Insediamenti", "subgroup": "Centri", "subcategory": "Frazione"}, "geometry": {"type": "Point", "coordinates": [14.816666666, 41.066666666]}}, {"type": "Feature", "properties": {"wikidata": "Q1051478", "name": "Caudium", "status": "missing", "osm_id": null, "group": "Archeologia", "subgroup": "Siti", "subcategory": "Citt\u00e0 antica"}, "geometry": {"type": "Point", "coordinates": [14.63333, 41.06111]}}, {"type": "Feature", "properties": {"wikidata": "Q2610850", "name": "Capezzano", "status": "done", "osm_id": "way/1001193573", "group": "Insediamenti", "subgroup": "Centri", "subcategory": "Frazione"}, "geometry": {"type": "Point", "coordinates": [14.75, 40.734722222]}}, {"type": "Feature", "properties": {"wikidata": "Q2515961", "name": "Campizze", "status": "done", "osm_id": "node/18114440", "group": "Insediamenti", "subgroup": "Centri", "subcategory": "Frazione"}, "geometry": {"type": "Point", "coordinates": [14.6, 41.033333333]}}, {"type": "Feature", "properties": {"wikidata": "Q1058685", "name": "Miano", "status": "done", "osm_id": "node/3839208461", "group": "Altro", "subgroup": "Altro", "subcategory": "Altro"}, "geometry": {"type": "Point", "coordinates": [14.25222222, 40.88944444]}}, {"type": "Feature", "properties": {"wikidata": "Q2254425", "name": "Vescia", "status": "missing", "osm_id": null, "group": "Archeologia", "subgroup": "Siti", "subcategory": "Sito archeologico"}, "geometry": {"type": "Point", "coordinates": [13.92925, 41.19066]}}, {"type": "Feature", "properties": {"wikidata": "Q2347942", "name": "Mattinelle", "status": "done", "osm_id": "node/1081511430", "group": "Insediamenti", "subgroup": "Centri", "subcategory": "Frazione"}, "geometry": {"type": "Point", "coordinates": [15.095, 40.616666666]}}, {"type": "Feature", "properties": {"wikidata": "Q2320273", "name": "Romandola-Madonna del Ponte", "status": "done", "osm_id": "node/1081511434", "group": "Insediamenti", "subgroup": "Centri", "subcategory": "Frazione"}, "geometry": {"type": "Point", "coordinates": [15.124722222, 40.641666666]}}, {"type": "Feature", "properties": {"wikidata": "Q2695725", "name": "Terradura", "status": "done", "osm_id": "node/1205135818", "group": "Insediamenti", "subgroup": "Centri", "subcategory": "Frazione"}, "geometry": {"type": "Point", "coordinates": [15.21704, 40.15616]}}, {"type": "Feature", "properties": {"wikidata": "Q2684114", "name": "Torello", "status": "done", "osm_id": "node/3746249098", "group": "Insediamenti", "subgroup": "Centri", "subcategory": "Frazione"}, "geometry": {"type": "Point", "coordinates": [14.684722222, 40.783333333]}}, {"type": "Feature", "properties": {"wikidata": "Q2636719", "name": "Pizzolano", "status": "done", "osm_id": "node/3160955724", "group": "Insediamenti", "subgroup": "Centri", "subcategory": "Frazione"}, "geometry": {"type": "Point", "coordinates": [14.78188, 40.78254]}}, {"type": "Feature", "properties": {"wikidata": "Q2368273", "name": "Quisisana", "status": "done", "osm_id": "node/3461490763", "group": "Insediamenti", "subgroup": "Centri", "subcategory": "Frazione"}, "geometry": {"type": "Point", "coordinates": [14.483333333, 40.7]}}, {"type": "Feature", "properties": {"wikidata": "Q2293201", "name": "Licusati", "status": "done", "osm_id": "node/1210268680", "group": "Insediamenti", "subgroup": "Centri", "subcategory": "Frazione"}, "geometry": {"type": "Point", "coordinates": [15.36437, 40.0541]}}, {"type": "Feature", "properties": {"wikidata": "Q2326913", "name": "Miliscola", "status": "done", "osm_id": "node/4210998159", "group": "Insediamenti", "subgroup": "Centri", "subcategory": "Frazione"}, "geometry": {"type": "Point", "coordinates": [14.065833333, 40.789444444]}}, {"type": "Feature", "properties": {"wikidata": "Q2651998", "name": "Madonna della Libera", "status": "done", "osm_id": "node/3483752075", "group": "Insediamenti", "subgroup": "Centri", "subcategory": "Frazione"}, "geometry": {"type": "Point", "coordinates": [14.483333333, 40.7]}}, {"type": "Feature", "properties": {"wikidata": "Q2324320", "name": "Persano", "status": "done", "osm_id": "node/4441308756", "group": "Insediamenti", "subgroup": "Centri", "subcategory": "Frazione"}, "geometry": {"type": "Point", "coordinates": [15.066666666, 40.55]}}, {"type": "Feature", "properties": {"wikidata": "Q2492468", "name": "Fimiani", "status": "missing", "osm_id": null, "group": "Insediamenti", "subgroup": "Centri", "subcategory": "Frazione"}, "geometry": {"type": "Point", "coordinates": [14.681666666, 40.770555555]}}, {"type": "Feature", "properties": {"wikidata": "Q2294053", "name": "San Marco ai Monti", "status": "done", "osm_id": "node/4450927794", "group": "Insediamenti", "subgroup": "Centri", "subcategory": "Frazione"}, "geometry": {"type": "Point", "coordinates": [14.8, 41.066666666]}}, {"type": "Feature", "properties": {"wikidata": "Q2521872", "name": "Vicaria", "status": "done", "osm_id": "node/5351551835", "group": "Altro", "subgroup": "Altro", "subcategory": "Altro"}, "geometry": {"type": "Point", "coordinates": [14.27305556, 40.86055556]}}, {"type": "Feature", "properties": {"wikidata": "Q1084625", "name": "Sarno", "status": "done", "osm_id": "relation/2569983", "group": "Natura e paesaggio", "subgroup": "Acqua", "subcategory": "Fiume"}, "geometry": {"type": "Point", "coordinates": [14.466667, 40.733333]}}, {"type": "Feature", "properties": {"wikidata": "Q1073353", "name": "isola di Vivara", "status": "done", "osm_id": "relation/10723502", "group": "Natura e paesaggio", "subgroup": "Mare e Costa", "subcategory": "Isola"}, "geometry": {"type": "Point", "coordinates": [13.99342, 40.74396]}}, {"type": "Feature", "properties": {"wikidata": "Q2342088", "name": "Stella", "status": "done", "osm_id": "node/5351551833", "group": "Altro", "subgroup": "Altro", "subcategory": "Altro"}, "geometry": {"type": "Point", "coordinates": [14.24444444, 40.86222222]}}, {"type": "Feature", "properties": {"wikidata": "Q2532692", "name": "Saginara", "status": "missing", "osm_id": null, "group": "Insediamenti", "subgroup": "Centri", "subcategory": "Frazione"}, "geometry": {"type": "Point", "coordinates": [15.233333333, 40.633333333]}}, {"type": "Feature", "properties": {"wikidata": "Q2274328", "name": "Suessula", "status": "done", "osm_id": "way/252669162", "group": "Archeologia", "subgroup": "Siti", "subcategory": "Sito archeologico"}, "geometry": {"type": "Point", "coordinates": [14.39816944, 40.98985278]}}, {"type": "Feature", "properties": {"wikidata": "Q1092127", "name": "cimitero acattolico di Capri", "status": "done", "osm_id": "way/170435440", "group": "Religione", "subgroup": "Cimiteri", "subcategory": "Cimitero"}, "geometry": {"type": "Point", "coordinates": [14.2354, 40.5515]}}, {"type": "Feature", "properties": {"wikidata": "Q2306225", "name": "battistero di San Giovanni in Fonte", "status": "missing", "osm_id": null, "group": "Altro", "subgroup": "Altro", "subcategory": "Altro"}, "geometry": {"type": "Point", "coordinates": [14.259353, 40.852806]}}, {"type": "Feature", "properties": {"wikidata": "Q2449995", "name": "Cancello Scalo", "status": "done", "osm_id": "node/2675310780", "group": "Insediamenti", "subgroup": "Centri", "subcategory": "Frazione"}, "geometry": {"type": "Point", "coordinates": [14.420555555, 40.993333333]}}, {"type": "Feature", "properties": {"wikidata": "Q1051464", "name": "diocesi di Arpaia", "status": "missing", "osm_id": null, "group": "Altro", "subgroup": "Altro", "subcategory": "Altro"}, "geometry": {"type": "Point", "coordinates": [14.55, 41.033333333]}}, {"type": "Feature", "properties": {"wikidata": "Q2335067", "name": "Stazione Marittima di Napoli", "status": "done", "osm_id": "relation/13159059", "group": "Altro", "subgroup": "Altro", "subcategory": "Altro"}, "geometry": {"type": "Point", "coordinates": [14.2589879, 40.83803484]}}, {"type": "Feature", "properties": {"wikidata": "Q2300150", "name": "stadio Arechi", "status": "done", "osm_id": "way/70623877", "group": "Cultura e tempo libero", "subgroup": "Sport", "subcategory": "Impianto sportivo"}, "geometry": {"type": "Point", "coordinates": [14.823889, 40.645]}}, {"type": "Feature", "properties": {"wikidata": "Q2256644", "name": "Biblioteca nazionale Vittorio Emanuele III", "status": "done", "osm_id": "way/248981517", "group": "Altro", "subgroup": "Altro", "subcategory": "Altro"}, "geometry": {"type": "Point", "coordinates": [14.24956, 40.83619]}}, {"type": "Feature", "properties": {"wikidata": "Q27688191", "name": "Lares Compitales (VIII.4.24)", "status": "done", "osm_id": "way/1026247050", "group": "Archeologia", "subgroup": "Siti", "subcategory": "Rovine"}, "geometry": {"type": "Point", "coordinates": [14.488353348, 40.749633208]}}, {"type": "Feature", "properties": {"wikidata": "Q27688142", "name": "casa senza nome (VIII.3.27)", "status": "done", "osm_id": "node/8936172870", "group": "Archeologia", "subgroup": "Siti", "subcategory": "Domus de Janas"}, "geometry": {"type": "Point", "coordinates": [14.485599009, 40.748648144]}}, {"type": "Feature", "properties": {"wikidata": "Q27688287", "name": "orto (VIII.6.2)", "status": "done", "osm_id": "node/8936235740", "group": "Archeologia", "subgroup": "Siti", "subcategory": "Rovine"}, "geometry": {"type": "Point", "coordinates": [14.486705116, 40.748615465]}}, {"type": "Feature", "properties": {"wikidata": "Q27688127", "name": "ingresso per piano inferiore (VIII.3.17)", "status": "missing", "osm_id": null, "group": "Archeologia", "subgroup": "Siti", "subcategory": "Rovine"}, "geometry": {"type": "Point", "coordinates": [14.485818681, 40.748300418]}}, {"type": "Feature", "properties": {"wikidata": "Q27688281", "name": "giardino (VIII.5.38)", "status": "done", "osm_id": "way/28929636", "group": "Archeologia", "subgroup": "Siti", "subcategory": "Rovine"}, "geometry": {"type": "Point", "coordinates": [14.4869251, 40.7491045]}}, {"type": "Feature", "properties": {"wikidata": "Q27688305", "name": "casa senza nome (VIII.7.6)", "status": "done", "osm_id": "way/1026231564", "group": "Archeologia", "subgroup": "Siti", "subcategory": "Rovine"}, "geometry": {"type": "Point", "coordinates": [14.48958, 40.74848]}}, {"type": "Feature", "properties": {"wikidata": "Q27688138", "name": "Casa di Plotilla (VIII.3.24)", "status": "done", "osm_id": "node/8936157475", "group": "Archeologia", "subgroup": "Siti", "subcategory": "Rovine"}, "geometry": {"type": "Point", "coordinates": [14.4858713, 40.7488338]}}, {"type": "Feature", "properties": {"wikidata": "Q27688167", "name": "casa di un Barbiere (VIII.4.12)", "status": "missing", "osm_id": null, "group": "Archeologia", "subgroup": "Siti", "subcategory": "Rovine"}, "geometry": {"type": "Point", "coordinates": [14.48333, 40.75]}}, {"type": "Feature", "properties": {"wikidata": "Q27688201", "name": "casa senza nome (VIII.4.30)", "status": "done", "osm_id": "way/1026247355", "group": "Archeologia", "subgroup": "Siti", "subcategory": "Rovine"}, "geometry": {"type": "Point", "coordinates": [14.488169614, 40.749292586]}}, {"type": "Feature", "properties": {"wikidata": "Q27688176", "name": "bottega (VIII.4.17)", "status": "done", "osm_id": "way/1026432572", "group": "Archeologia", "subgroup": "Siti", "subcategory": "Rovine"}, "geometry": {"type": "Point", "coordinates": [14.4881, 40.74984]}}, {"type": "Feature", "properties": {"wikidata": "Q27688094", "name": "casa di L. Caecilius Phoebus (VIII.2.36)", "status": "done", "osm_id": "way/965977971", "group": "Archeologia", "subgroup": "Siti", "subcategory": "Rovine"}, "geometry": {"type": "Point", "coordinates": [14.4871566, 40.7483095]}}, {"type": "Feature", "properties": {"wikidata": "Q27688214", "name": "latrine pubbliche (VIII.4.41)", "status": "missing", "osm_id": null, "group": "Archeologia", "subgroup": "Siti", "subcategory": "Rovine"}, "geometry": {"type": "Point", "coordinates": [14.487540174, 40.749129778]}}, {"type": "Feature", "properties": {"wikidata": "Q27688215", "name": "stalla (VIII.4.42)", "status": "done", "osm_id": "way/1026247920", "group": "Archeologia", "subgroup": "Siti", "subcategory": "Rovine"}, "geometry": {"type": "Point", "coordinates": [14.487538484, 40.749150016]}}, {"type": "Feature", "properties": {"wikidata": "Q27688254", "name": "caupona (VIII.5.20)", "status": "done", "osm_id": "way/1026410490", "group": "Archeologia", "subgroup": "Siti", "subcategory": "Rovine"}, "geometry": {"type": "Point", "coordinates": [14.486760101, 40.749412808]}}, {"type": "Feature", "properties": {"wikidata": "Q27688198", "name": "panificio di Felix (VIII.4.27)", "status": "done", "osm_id": "way/1084922454", "group": "Archeologia", "subgroup": "Siti", "subcategory": "Rovine"}, "geometry": {"type": "Point", "coordinates": [14.488409268, 40.749522723]}}, {"type": "Feature", "properties": {"wikidata": "Q27688101", "name": "comitium (VIII.3.1)", "status": "done", "osm_id": "node/2482979571", "group": "Archeologia", "subgroup": "Siti", "subcategory": "Rovine"}, "geometry": {"type": "Point", "coordinates": [14.4854769, 40.7490621]}}, {"type": "Feature", "properties": {"wikidata": "Q27688291", "name": "casa senza nome (VIII.6.5)", "status": "done", "osm_id": "way/624135497", "group": "Archeologia", "subgroup": "Siti", "subcategory": "Rovine"}, "geometry": {"type": "Point", "coordinates": [14.4869856, 40.7487795]}}, {"type": "Feature", "properties": {"wikidata": "Q27688199", "name": "bottega (VIII.4.28)", "status": "done", "osm_id": "way/1026246754", "group": "Archeologia", "subgroup": "Siti", "subcategory": "Rovine"}, "geometry": {"type": "Point", "coordinates": [14.48849852, 40.749492641]}}, {"type": "Feature", "properties": {"wikidata": "Q27688211", "name": "bottega (VIII.4.40)", "status": "done", "osm_id": "way/1026247499", "group": "Archeologia", "subgroup": "Siti", "subcategory": "Rovine"}, "geometry": {"type": "Point", "coordinates": [14.487598606, 40.749107888]}}, {"type": "Feature", "properties": {"wikidata": "Q27688114", "name": "casa del Cinghiale I (VIII.3.8)", "status": "done", "osm_id": "node/2482979569", "group": "Archeologia", "subgroup": "Siti", "subcategory": "Domus de Janas"}, "geometry": {"type": "Point", "coordinates": [14.4859469, 40.7491213]}}, {"type": "Feature", "properties": {"wikidata": "Q27688155", "name": "ingresso per piano superiore (VIII.4.6)", "status": "missing", "osm_id": null, "group": "Archeologia", "subgroup": "Siti", "subcategory": "Sito archeologico"}, "geometry": {"type": "Point", "coordinates": [14.487561368, 40.749650122]}}, {"type": "Feature", "properties": {"wikidata": "Q27688203", "name": "ingresso per piano superiore (VIII.4.32)", "status": "missing", "osm_id": null, "group": "Archeologia", "subgroup": "Siti", "subcategory": "Rovine"}, "geometry": {"type": "Point", "coordinates": [14.488090832, 40.749267012]}}, {"type": "Feature", "properties": {"wikidata": "Q27688174", "name": "bottega (VIII.4.16)", "status": "missing", "osm_id": null, "group": "Archeologia", "subgroup": "Siti", "subcategory": "Rovine"}, "geometry": {"type": "Point", "coordinates": [14.488018147, 40.749797938]}}, {"type": "Feature", "properties": {"wikidata": "Q27688293", "name": "orto (VIII.6.6)", "status": "missing", "osm_id": null, "group": "Archeologia", "subgroup": "Siti", "subcategory": "Rovine"}, "geometry": {"type": "Point", "coordinates": [14.48691, 40.74883]}}, {"type": "Feature", "properties": {"wikidata": "Q27688160", "name": "bottega di Ianuarius (VIII.4.8)", "status": "missing", "osm_id": null, "group": "Archeologia", "subgroup": "Siti", "subcategory": "Sito archeologico"}, "geometry": {"type": "Point", "coordinates": [14.487678394, 40.749673624]}}, {"type": "Feature", "properties": {"wikidata": "Q27688154", "name": "bottega (VIII.4.5)", "status": "missing", "osm_id": null, "group": "Archeologia", "subgroup": "Siti", "subcategory": "Sito archeologico"}, "geometry": {"type": "Point", "coordinates": [14.48752927, 40.749618918]}}, {"type": "Feature", "properties": {"wikidata": "Q27688080", "name": "casa del Ninfeo (VIII.2.28)", "status": "done", "osm_id": "way/1026262671", "group": "Archeologia", "subgroup": "Siti", "subcategory": "Rovine"}, "geometry": {"type": "Point", "coordinates": [14.486398108, 40.748420493]}}, {"type": "Feature", "properties": {"wikidata": "Q27688231", "name": "casa del Gallo I (VIII.5.2)", "status": "done", "osm_id": "node/8936146601", "group": "Archeologia", "subgroup": "Siti", "subcategory": "Rovine"}, "geometry": {"type": "Point", "coordinates": [14.4863546, 40.7489499]}}, {"type": "Feature", "properties": {"wikidata": "Q27688228", "name": "ingresso per piano superiore (VIII.4.52)", "status": "missing", "osm_id": null, "group": "Archeologia", "subgroup": "Siti", "subcategory": "Rovine"}, "geometry": {"type": "Point", "coordinates": [14.487355123, 40.749511381]}}, {"type": "Feature", "properties": {"wikidata": "Q27688079", "name": "corridoio (VIII.2.27)", "status": "missing", "osm_id": null, "group": "Altro", "subgroup": "Altro", "subcategory": "Altro"}, "geometry": {"type": "Point", "coordinates": [14.486315501, 40.748396795]}}]}