{"type": "FeatureCollection", "features": [{"type": "Feature", "properties": {"wikidata": "Q3457350", "name": "Q3457350", "status": "missing", "osm_id": null, "category": "other"}, "geometry": {"type": "Point", "coordinates": [7.05387, 45.748]}}, {"type": "Feature", "properties": {"wikidata": "Q3495738", "name": "Q3495738", "status": "done", "osm_id": "way/81893197", "category": "other"}, "geometry": {"type": "Point", "coordinates": [7.32722, 45.73717]}}, {"type": "Feature", "properties": {"wikidata": "Q3329813", "name": "Q3329813", "status": "done", "osm_id": "way/151275029", "category": "other"}, "geometry": {"type": "Point", "coordinates": [7.48753, 45.7374]}}, {"type": "Feature", "properties": {"wikidata": "Q3471729", "name": "Q3471729", "status": "done", "osm_id": "way/151583339", "category": "other"}, "geometry": {"type": "Point", "coordinates": [7.45837, 45.7234]}}, {"type": "Feature", "properties": {"wikidata": "Q3390745", "name": "Q3390745", "status": "done", "osm_id": "relation/6678056", "category": "other"}, "geometry": {"type": "Point", "coordinates": [7.320277777, 45.737222222]}}, {"type": "Feature", "properties": {"wikidata": "Q3580259", "name": "Q3580259", "status": "done", "osm_id": "way/161294786", "category": "chiesa"}, "geometry": {"type": "Point", "coordinates": [7.21355, 45.70468]}}, {"type": "Feature", "properties": {"wikidata": "Q3582579", "name": "Q3582579", "status": "done", "osm_id": "node/1316185899", "category": "chiesa"}, "geometry": {"type": "Point", "coordinates": [7.71974, 45.6449]}}, {"type": "Feature", "properties": {"wikidata": "Q3108369", "name": "Q3108369", "status": "done", "osm_id": "relation/5394862", "category": "other"}, "geometry": {"type": "Point", "coordinates": [7.583, 45.967]}}, {"type": "Feature", "properties": {"wikidata": "Q3607099", "name": "Q3607099", "status": "done", "osm_id": "node/3968754766", "category": "other"}, "geometry": {"type": "Point", "coordinates": [6.91786, 45.8342]}}, {"type": "Feature", "properties": {"wikidata": "Q3640541", "name": "Q3640541", "status": "done", "osm_id": "node/355336803", "category": "other"}, "geometry": {"type": "Point", "coordinates": [7.640023, 45.970239]}}, {"type": "Feature", "properties": {"wikidata": "Q3321677", "name": "Q3321677", "status": "done", "osm_id": "node/726043999", "category": "montagna"}, "geometry": {"type": "Point", "coordinates": [7.555119, 45.6767791]}}, {"type": "Feature", "properties": {"wikidata": "Q3329493", "name": "Q3329493", "status": "done", "osm_id": "node/4548989643", "category": "museo"}, "geometry": {"type": "Point", "coordinates": [7.31614, 45.73862]}}, {"type": "Feature", "properties": {"wikidata": "Q3330498", "name": "Q3330498", "status": "missing", "osm_id": null, "category": "other"}, "geometry": {"type": "Point", "coordinates": [7.31806, 45.73815]}}, {"type": "Feature", "properties": {"wikidata": "Q3553896", "name": "Q3553896", "status": "missing", "osm_id": null, "category": "other"}, "geometry": {"type": "Point", "coordinates": [7.483, 45.783]}}, {"type": "Feature", "properties": {"wikidata": "Q3533808", "name": "Q3533808", "status": "done", "osm_id": "node/3302099233", "category": "torre"}, "geometry": {"type": "Point", "coordinates": [7.315615, 45.734379]}}, {"type": "Feature", "properties": {"wikidata": "Q3364601", "name": "Q3364601", "status": "done", "osm_id": "way/44951105", "category": "other"}, "geometry": {"type": "Point", "coordinates": [7.602, 45.665]}}, {"type": "Feature", "properties": {"wikidata": "Q3637369", "name": "Q3637369", "status": "done", "osm_id": "node/1311884365", "category": "montagna"}, "geometry": {"type": "Point", "coordinates": [7.53546, 45.8009]}}, {"type": "Feature", "properties": {"wikidata": "Q3527911", "name": "Q3527911", "status": "done", "osm_id": "way/119555456", "category": "other"}, "geometry": {"type": "Point", "coordinates": [7.3223, 45.73841]}}, {"type": "Feature", "properties": {"wikidata": "Q3278560", "name": "Q3278560", "status": "missing", "osm_id": null, "category": "other"}, "geometry": {"type": "Point", "coordinates": [7.153472, 45.68428]}}, {"type": "Feature", "properties": {"wikidata": "Q3553898", "name": "Q3553898", "status": "done", "osm_id": "way/814890040", "category": "other"}, "geometry": {"type": "Point", "coordinates": [7.4306, 45.5944]}}, {"type": "Feature", "properties": {"wikidata": "Q3471749", "name": "Q3471749", "status": "done", "osm_id": "way/344539257", "category": "other"}, "geometry": {"type": "Point", "coordinates": [7.87186, 45.7011]}}, {"type": "Feature", "properties": {"wikidata": "Q3346916", "name": "Q3346916", "status": "done", "osm_id": "node/6551074134", "category": "museo"}, "geometry": {"type": "Point", "coordinates": [7.3121, 45.7349]}}, {"type": "Feature", "properties": {"wikidata": "Q3553887", "name": "Q3553887", "status": "missing", "osm_id": null, "category": "other"}, "geometry": {"type": "Point", "coordinates": [6.95, 45.733]}}, {"type": "Feature", "properties": {"wikidata": "Q3348347", "name": "Q3348347", "status": "done", "osm_id": "way/248261967", "category": "other"}, "geometry": {"type": "Point", "coordinates": [7.47852, 45.7897]}}, {"type": "Feature", "properties": {"wikidata": "Q3640534", "name": "Q3640534", "status": "done", "osm_id": "way/147428208", "category": "other"}, "geometry": {"type": "Point", "coordinates": [7.059904, 45.901697]}}, {"type": "Feature", "properties": {"wikidata": "Q3553978", "name": "Q3553978", "status": "missing", "osm_id": null, "category": "other"}, "geometry": {"type": "Point", "coordinates": [7.6, 45.683]}}, {"type": "Feature", "properties": {"wikidata": "Q3344681", "name": "Q3344681", "status": "done", "osm_id": "way/148214318", "category": "other"}, "geometry": {"type": "Point", "coordinates": [6.94777778, 45.81361111]}}, {"type": "Feature", "properties": {"wikidata": "Q3322219", "name": "Q3322219", "status": "done", "osm_id": "node/5262334334", "category": "montagna"}, "geometry": {"type": "Point", "coordinates": [7.9225197, 45.6647154]}}, {"type": "Feature", "properties": {"wikidata": "Q3240873", "name": "Q3240873", "status": "done", "osm_id": "node/1439048732", "category": "frazione"}, "geometry": {"type": "Point", "coordinates": [7.38998, 45.59477]}}, {"type": "Feature", "properties": {"wikidata": "Q3533524", "name": "Q3533524", "status": "done", "osm_id": "node/7797022385", "category": "castello"}, "geometry": {"type": "Point", "coordinates": [7.033964, 45.758008]}}, {"type": "Feature", "properties": {"wikidata": "Q3637368", "name": "Q3637368", "status": "done", "osm_id": "node/969080657", "category": "montagna"}, "geometry": {"type": "Point", "coordinates": [7.51806, 45.9489]}}, {"type": "Feature", "properties": {"wikidata": "Q3471728", "name": "Q3471728", "status": "done", "osm_id": "way/287824785", "category": "chiesa"}, "geometry": {"type": "Point", "coordinates": [7.74488, 45.6352]}}, {"type": "Feature", "properties": {"wikidata": "Q3554142", "name": "Q3554142", "status": "missing", "osm_id": null, "category": "other"}, "geometry": {"type": "Point", "coordinates": [7.217, 45.583]}}, {"type": "Feature", "properties": {"wikidata": "Q3637377", "name": "Q3637377", "status": "done", "osm_id": "node/2415780272", "category": "montagna"}, "geometry": {"type": "Point", "coordinates": [6.99611, 45.5453]}}, {"type": "Feature", "properties": {"wikidata": "Q3553903", "name": "Q3553903", "status": "done", "osm_id": "way/1469625042", "category": "other"}, "geometry": {"type": "Point", "coordinates": [7.4, 45.683]}}, {"type": "Feature", "properties": {"wikidata": "Q3553979", "name": "Q3553979", "status": "missing", "osm_id": null, "category": "other"}, "geometry": {"type": "Point", "coordinates": [7.66667, 45.61667]}}, {"type": "Feature", "properties": {"wikidata": "Q3640547", "name": "Q3640547", "status": "done", "osm_id": "node/355336886", "category": "other"}, "geometry": {"type": "Point", "coordinates": [7.61993, 45.97228]}}, {"type": "Feature", "properties": {"wikidata": "Q3423117", "name": "Q3423117", "status": "done", "osm_id": "way/148457255", "category": "other"}, "geometry": {"type": "Point", "coordinates": [6.84388889, 45.82055556]}}, {"type": "Feature", "properties": {"wikidata": "Q3640520", "name": "Q3640520", "status": "done", "osm_id": "way/360770683", "category": "other"}, "geometry": {"type": "Point", "coordinates": [6.82018, 45.77428]}}, {"type": "Feature", "properties": {"wikidata": "Q3637375", "name": "Q3637375", "status": "done", "osm_id": "node/1278957309", "category": "montagna"}, "geometry": {"type": "Point", "coordinates": [7.68467, 45.8492]}}, {"type": "Feature", "properties": {"wikidata": "Q3640538", "name": "Q3640538", "status": "done", "osm_id": "way/125530393", "category": "other"}, "geometry": {"type": "Point", "coordinates": [7.568915, 45.900142]}}, {"type": "Feature", "properties": {"wikidata": "Q3382301", "name": "Q3382301", "status": "done", "osm_id": "node/2409782067", "category": "montagna"}, "geometry": {"type": "Point", "coordinates": [6.87444444, 45.82166667]}}, {"type": "Feature", "properties": {"wikidata": "Q3114907", "name": "Q3114907", "status": "done", "osm_id": "node/7164818517", "category": "other"}, "geometry": {"type": "Point", "coordinates": [6.85583, 45.8353]}}, {"type": "Feature", "properties": {"wikidata": "Q3640542", "name": "Q3640542", "status": "done", "osm_id": "way/944200601", "category": "other"}, "geometry": {"type": "Point", "coordinates": [7.366955, 45.68415]}}, {"type": "Feature", "properties": {"wikidata": "Q3609011", "name": "Q3609011", "status": "done", "osm_id": "node/355336825", "category": "other"}, "geometry": {"type": "Point", "coordinates": [6.87333333, 45.82]}}, {"type": "Feature", "properties": {"wikidata": "Q3553789", "name": "Q3553789", "status": "missing", "osm_id": null, "category": "other"}, "geometry": {"type": "Point", "coordinates": [7.067, 45.633]}}, {"type": "Feature", "properties": {"wikidata": "Q3162382", "name": "Q3162382", "status": "done", "osm_id": "way/364625132", "category": "other"}, "geometry": {"type": "Point", "coordinates": [6.94955, 45.82992]}}, {"type": "Feature", "properties": {"wikidata": "Q3640519", "name": "Q3640519", "status": "done", "osm_id": "node/355336903", "category": "other"}, "geometry": {"type": "Point", "coordinates": [7.60084, 45.94914]}}, {"type": "Feature", "properties": {"wikidata": "Q3106665", "name": "Q3106665", "status": "done", "osm_id": "node/1380016259", "category": "frazione"}, "geometry": {"type": "Point", "coordinates": [7.35916667, 45.61666667]}}, {"type": "Feature", "properties": {"wikidata": "Q3474484", "name": "Q3474484", "status": "done", "osm_id": "relation/2230532", "category": "other"}, "geometry": {"type": "Point", "coordinates": [7.20562, 45.7033]}}, {"type": "Feature", "properties": {"wikidata": "Q3471735", "name": "Q3471735", "status": "done", "osm_id": "way/112655886", "category": "other"}, "geometry": {"type": "Point", "coordinates": [7.48441, 45.8417]}}, {"type": "Feature", "properties": {"wikidata": "Q3322642", "name": "Q3322642", "status": "done", "osm_id": "way/45409596", "category": "other"}, "geometry": {"type": "Point", "coordinates": [7.812358, 45.857759]}}, {"type": "Feature", "properties": {"wikidata": "Q3133890", "name": "Q3133890", "status": "missing", "osm_id": null, "category": "museo"}, "geometry": {"type": "Point", "coordinates": [7.21259, 45.8247]}}, {"type": "Feature", "properties": {"wikidata": "Q3607100", "name": "Q3607100", "status": "done", "osm_id": "relation/20127901", "category": "montagna"}, "geometry": {"type": "Point", "coordinates": [6.94134, 45.8514]}}, {"type": "Feature", "properties": {"wikidata": "Q3423206", "name": "Q3423206", "status": "done", "osm_id": "node/13467894382", "category": "other"}, "geometry": {"type": "Point", "coordinates": [6.91028, 45.8086]}}, {"type": "Feature", "properties": {"wikidata": "Q3123386", "name": "Q3123386", "status": "missing", "osm_id": null, "category": "other"}, "geometry": {"type": "Point", "coordinates": [7.317, 45.733]}}, {"type": "Feature", "properties": {"wikidata": "Q3457473", "name": "Q3457473", "status": "done", "osm_id": "way/331091609", "category": "other"}, "geometry": {"type": "Point", "coordinates": [7.92355, 45.6436]}}, {"type": "Feature", "properties": {"wikidata": "Q3640531", "name": "Q3640531", "status": "done", "osm_id": "node/2009476687", "category": "other"}, "geometry": {"type": "Point", "coordinates": [7.612989, 45.95674]}}, {"type": "Feature", "properties": {"wikidata": "Q3607096", "name": "Q3607096", "status": "done", "osm_id": "node/964735608", "category": "montagna"}, "geometry": {"type": "Point", "coordinates": [6.92087, 45.8493]}}, {"type": "Feature", "properties": {"wikidata": "Q3640544", "name": "Q3640544", "status": "done", "osm_id": "way/147428209", "category": "other"}, "geometry": {"type": "Point", "coordinates": [7.04388889, 45.88]}}, {"type": "Feature", "properties": {"wikidata": "Q3437614", "name": "Q3437614", "status": "done", "osm_id": "node/3848979146", "category": "montagna"}, "geometry": {"type": "Point", "coordinates": [6.85944, 45.8328]}}, {"type": "Feature", "properties": {"wikidata": "Q3640545", "name": "Q3640545", "status": "done", "osm_id": "way/148457258", "category": "other"}, "geometry": {"type": "Point", "coordinates": [6.84009, 45.78559]}}, {"type": "Feature", "properties": {"wikidata": "Q3321995", "name": "Q3321995", "status": "done", "osm_id": "node/26863911", "category": "montagna"}, "geometry": {"type": "Point", "coordinates": [7.82, 45.7156]}}, {"type": "Feature", "properties": {"wikidata": "Q3108341", "name": "Q3108341", "status": "done", "osm_id": "way/32673882", "category": "other"}, "geometry": {"type": "Point", "coordinates": [7.0083, 45.8703]}}, {"type": "Feature", "properties": {"wikidata": "Q3607095", "name": "Q3607095", "status": "done", "osm_id": "node/7164832069", "category": "montagna"}, "geometry": {"type": "Point", "coordinates": [6.91567, 45.8431]}}, {"type": "Feature", "properties": {"wikidata": "Q3584733", "name": "Q3584733", "status": "done", "osm_id": "way/162259529", "category": "chiesa"}, "geometry": {"type": "Point", "coordinates": [7.31579, 45.7394]}}, {"type": "Feature", "properties": {"wikidata": "Q3180021", "name": "Q3180021", "status": "done", "osm_id": "node/279119137", "category": "montagna"}, "geometry": {"type": "Point", "coordinates": [7.344444444, 45.915277777]}}, {"type": "Feature", "properties": {"wikidata": "Q3637370", "name": "Q3637370", "status": "done", "osm_id": "node/967035588", "category": "montagna"}, "geometry": {"type": "Point", "coordinates": [7.04459, 45.4978]}}, {"type": "Feature", "properties": {"wikidata": "Q3637366", "name": "Q3637366", "status": "done", "osm_id": "node/9289887805", "category": "montagna"}, "geometry": {"type": "Point", "coordinates": [7.39697, 45.8252]}}, {"type": "Feature", "properties": {"wikidata": "Q3637347", "name": "Q3637347", "status": "done", "osm_id": "node/1327999238", "category": "montagna"}, "geometry": {"type": "Point", "coordinates": [7.84944, 45.6025]}}, {"type": "Feature", "properties": {"wikidata": "Q3382378", "name": "Q3382378", "status": "done", "osm_id": "node/26862537", "category": "montagna"}, "geometry": {"type": "Point", "coordinates": [7.4908648, 45.8705972]}}, {"type": "Feature", "properties": {"wikidata": "Q3640549", "name": "Q3640549", "status": "done", "osm_id": "way/373618450", "category": "other"}, "geometry": {"type": "Point", "coordinates": [7.01167, 45.8761]}}, {"type": "Feature", "properties": {"wikidata": "Q786066", "name": "Q786066", "status": "done", "osm_id": "way/136187621", "category": "other"}, "geometry": {"type": "Point", "coordinates": [6.98583333, 45.67527778]}}, {"type": "Feature", "properties": {"wikidata": "Q323310", "name": "Q323310", "status": "done", "osm_id": "way/205544546", "category": "other"}, "geometry": {"type": "Point", "coordinates": [6.92138, 45.84673]}}, {"type": "Feature", "properties": {"wikidata": "Q212613", "name": "Q212613", "status": "done", "osm_id": "relation/2589255", "category": "other"}, "geometry": {"type": "Point", "coordinates": [6.840555555, 45.804166666]}}, {"type": "Feature", "properties": {"wikidata": "Q607126", "name": "Q607126", "status": "done", "osm_id": "relation/11976193", "category": "other"}, "geometry": {"type": "Point", "coordinates": [7.489013, 45.736902]}}, {"type": "Feature", "properties": {"wikidata": "Q787458", "name": "Q787458", "status": "done", "osm_id": "node/26864385", "category": "other"}, "geometry": {"type": "Point", "coordinates": [7.47528, 45.6217]}}, {"type": "Feature", "properties": {"wikidata": "Q847690", "name": "Q847690", "status": "done", "osm_id": "relation/919270", "category": "other"}, "geometry": {"type": "Point", "coordinates": [7.31, 45.502777777]}}, {"type": "Feature", "properties": {"wikidata": "Q937190", "name": "Q937190", "status": "done", "osm_id": "way/118079558", "category": "castello"}, "geometry": {"type": "Point", "coordinates": [7.695612, 45.669815]}}, {"type": "Feature", "properties": {"wikidata": "Q720472", "name": "Q720472", "status": "done", "osm_id": "node/7274424293", "category": "other"}, "geometry": {"type": "Point", "coordinates": [6.97389, 45.8678]}}, {"type": "Feature", "properties": {"wikidata": "Q404650", "name": "Q404650", "status": "done", "osm_id": "node/13467931336", "category": "montagna"}, "geometry": {"type": "Point", "coordinates": [6.893611111, 45.815]}}, {"type": "Feature", "properties": {"wikidata": "Q478550", "name": "Q478550", "status": "done", "osm_id": "way/125447845", "category": "other"}, "geometry": {"type": "Point", "coordinates": [7.64388889, 45.95916667]}}, {"type": "Feature", "properties": {"wikidata": "Q112489", "name": "Q112489", "status": "done", "osm_id": "way/118127093", "category": "other"}, "geometry": {"type": "Point", "coordinates": [7.700251, 45.684907]}}, {"type": "Feature", "properties": {"wikidata": "Q545557", "name": "Q545557", "status": "missing", "osm_id": null, "category": "other"}, "geometry": {"type": "Point", "coordinates": [6.9, 45.783]}}, {"type": "Feature", "properties": {"wikidata": "Q478064", "name": "Q478064", "status": "done", "osm_id": "way/147536904", "category": "other"}, "geometry": {"type": "Point", "coordinates": [7.03472222, 45.84777778]}}, {"type": "Feature", "properties": {"wikidata": "Q644421", "name": "Q644421", "status": "done", "osm_id": "way/127976873", "category": "other"}, "geometry": {"type": "Point", "coordinates": [7.172778, 45.864444]}}, {"type": "Feature", "properties": {"wikidata": "Q912656", "name": "Q912656", "status": "done", "osm_id": "way/303518036", "category": "other"}, "geometry": {"type": "Point", "coordinates": [7.792954, 45.901361]}}, {"type": "Feature", "properties": {"wikidata": "Q112485", "name": "Q112485", "status": "done", "osm_id": "way/338168700", "category": "castello"}, "geometry": {"type": "Point", "coordinates": [7.826702, 45.764066]}}, {"type": "Feature", "properties": {"wikidata": "Q570262", "name": "Q570262", "status": "done", "osm_id": "node/353049833", "category": "other"}, "geometry": {"type": "Point", "coordinates": [7.5625, 45.97055556]}}, {"type": "Feature", "properties": {"wikidata": "Q911159", "name": "Q911159", "status": "done", "osm_id": "node/253338916", "category": "frazione"}, "geometry": {"type": "Point", "coordinates": [7.631111111, 45.934444444]}}, {"type": "Feature", "properties": {"wikidata": "Q842514", "name": "Q842514", "status": "done", "osm_id": "way/225854195", "category": "other"}, "geometry": {"type": "Point", "coordinates": [7.32998371, 45.73967506]}}, {"type": "Feature", "properties": {"wikidata": "Q113556", "name": "Q113556", "status": "done", "osm_id": "node/353049800", "category": "other"}, "geometry": {"type": "Point", "coordinates": [7.73972222, 45.86583333]}}, {"type": "Feature", "properties": {"wikidata": "Q623424", "name": "Q623424", "status": "done", "osm_id": "node/2001818936", "category": "other"}, "geometry": {"type": "Point", "coordinates": [7.1704088, 45.8690526]}}, {"type": "Feature", "properties": {"wikidata": "Q179978", "name": "Q179978", "status": "done", "osm_id": "node/353049781", "category": "other"}, "geometry": {"type": "Point", "coordinates": [7.77722222, 45.78722222]}}, {"type": "Feature", "properties": {"wikidata": "Q844246", "name": "Q844246", "status": "done", "osm_id": "way/1450916056", "category": "other"}, "geometry": {"type": "Point", "coordinates": [7.240775, 45.701096]}}, {"type": "Feature", "properties": {"wikidata": "Q743709", "name": "Q743709", "status": "done", "osm_id": "node/353049786", "category": "other"}, "geometry": {"type": "Point", "coordinates": [7.767088888, 45.920575]}}, {"type": "Feature", "properties": {"wikidata": "Q665130", "name": "Q665130", "status": "done", "osm_id": "node/12892609514", "category": "other"}, "geometry": {"type": "Point", "coordinates": [7.046111111, 45.9225]}}, {"type": "Feature", "properties": {"wikidata": "Q674392", "name": "Q674392", "status": "done", "osm_id": "node/393169669", "category": "montagna"}, "geometry": {"type": "Point", "coordinates": [7.574861111, 45.987416666]}}, {"type": "Feature", "properties": {"wikidata": "Q1053707", "name": "Q1053707", "status": "done", "osm_id": "way/192597470", "category": "other"}, "geometry": {"type": "Point", "coordinates": [7.3252582, 45.7390623]}}, {"type": "Feature", "properties": {"wikidata": "Q518835", "name": "Q518835", "status": "done", "osm_id": "node/2051540021", "category": "other"}, "geometry": {"type": "Point", "coordinates": [7.76961, 45.6027]}}, {"type": "Feature", "properties": {"wikidata": "Q617873", "name": "Q617873", "status": "missing", "osm_id": null, "category": "other"}, "geometry": {"type": "Point", "coordinates": [7.6, 45.85]}}, {"type": "Feature", "properties": {"wikidata": "Q888850", "name": "Q888850", "status": "done", "osm_id": "node/353084580", "category": "other"}, "geometry": {"type": "Point", "coordinates": [6.97722222, 45.85305556]}}, {"type": "Feature", "properties": {"wikidata": "Q867694", "name": "Q867694", "status": "done", "osm_id": "node/289437168", "category": "other"}, "geometry": {"type": "Point", "coordinates": [6.80722, 45.7514]}}, {"type": "Feature", "properties": {"wikidata": "Q890390", "name": "Q890390", "status": "done", "osm_id": "node/1451518829", "category": "montagna"}, "geometry": {"type": "Point", "coordinates": [7.9152846, 45.6332161]}}, {"type": "Feature", "properties": {"wikidata": "Q675028", "name": "Q675028", "status": "done", "osm_id": "relation/2146996", "category": "other"}, "geometry": {"type": "Point", "coordinates": [8.048861111, 45.179880555]}}, {"type": "Feature", "properties": {"wikidata": "Q587118", "name": "Q587118", "status": "done", "osm_id": "node/483087122", "category": "montagna"}, "geometry": {"type": "Point", "coordinates": [7.26722, 45.5186]}}, {"type": "Feature", "properties": {"wikidata": "Q749949", "name": "Q749949", "status": "done", "osm_id": "node/13467931218", "category": "montagna"}, "geometry": {"type": "Point", "coordinates": [6.9075, 45.844]}}, {"type": "Feature", "properties": {"wikidata": "Q691192", "name": "Q691192", "status": "done", "osm_id": "way/194247921", "category": "other"}, "geometry": {"type": "Point", "coordinates": [7.060824, 45.756377]}}, {"type": "Feature", "properties": {"wikidata": "Q671343", "name": "Q671343", "status": "done", "osm_id": "relation/7465762", "category": "other"}, "geometry": {"type": "Point", "coordinates": [6.85, 45.833333333]}}, {"type": "Feature", "properties": {"wikidata": "Q659710", "name": "Q659710", "status": "done", "osm_id": "node/483087129", "category": "montagna"}, "geometry": {"type": "Point", "coordinates": [7.35806, 45.5267]}}, {"type": "Feature", "properties": {"wikidata": "Q904934", "name": "Q904934", "status": "done", "osm_id": "way/295875967", "category": "other"}, "geometry": {"type": "Point", "coordinates": [7.708558, 45.944026]}}, {"type": "Feature", "properties": {"wikidata": "Q537363", "name": "Q537363", "status": "done", "osm_id": "node/353049817", "category": "other"}, "geometry": {"type": "Point", "coordinates": [7.59222222, 45.87472222]}}, {"type": "Feature", "properties": {"wikidata": "Q765115", "name": "Q765115", "status": "done", "osm_id": "way/32668359", "category": "other"}, "geometry": {"type": "Point", "coordinates": [7.04583, 45.9083]}}, {"type": "Feature", "properties": {"wikidata": "Q956562", "name": "Q956562", "status": "done", "osm_id": "node/3844622478", "category": "montagna"}, "geometry": {"type": "Point", "coordinates": [7.910522, 45.680544]}}, {"type": "Feature", "properties": {"wikidata": "Q679917", "name": "Q679917", "status": "done", "osm_id": "node/918819227", "category": "montagna"}, "geometry": {"type": "Point", "coordinates": [7.86814, 45.9058]}}, {"type": "Feature", "properties": {"wikidata": "Q679594", "name": "Q679594", "status": "done", "osm_id": "node/1252732573", "category": "montagna"}, "geometry": {"type": "Point", "coordinates": [7.6635932, 45.7881011]}}, {"type": "Feature", "properties": {"wikidata": "Q731683", "name": "Q731683", "status": "done", "osm_id": "relation/6656779", "category": "montagna"}, "geometry": {"type": "Point", "coordinates": [6.8141, 45.79476]}}, {"type": "Feature", "properties": {"wikidata": "Q909780", "name": "Q909780", "status": "done", "osm_id": "way/149862628", "category": "other"}, "geometry": {"type": "Point", "coordinates": [7.85, 45.89972222]}}, {"type": "Feature", "properties": {"wikidata": "Q889026", "name": "Q889026", "status": "done", "osm_id": "node/353083724", "category": "other"}, "geometry": {"type": "Point", "coordinates": [7.06555556, 45.88444444]}}, {"type": "Feature", "properties": {"wikidata": "Q764686", "name": "Q764686", "status": "done", "osm_id": "way/148212583", "category": "other"}, "geometry": {"type": "Point", "coordinates": [6.93388889, 45.845]}}, {"type": "Feature", "properties": {"wikidata": "Q1030855", "name": "Q1030855", "status": "done", "osm_id": "node/7164818559", "category": "other"}, "geometry": {"type": "Point", "coordinates": [6.8111, 45.8244]}}, {"type": "Feature", "properties": {"wikidata": "Q971068", "name": "Q971068", "status": "missing", "osm_id": null, "category": "other"}, "geometry": {"type": "Point", "coordinates": [7.066666666, 45.75]}}, {"type": "Feature", "properties": {"wikidata": "Q978797", "name": "Q978797", "status": "done", "osm_id": "way/162259412", "category": "other"}, "geometry": {"type": "Point", "coordinates": [7.317737, 45.738305]}}, {"type": "Feature", "properties": {"wikidata": "Q786152", "name": "Q786152", "status": "done", "osm_id": "way/118099417", "category": "castello"}, "geometry": {"type": "Point", "coordinates": [7.754256, 45.738267]}}, {"type": "Feature", "properties": {"wikidata": "Q939878", "name": "Q939878", "status": "missing", "osm_id": null, "category": "other"}, "geometry": {"type": "Point", "coordinates": [7.325, 45.625]}}, {"type": "Feature", "properties": {"wikidata": "Q116108", "name": "Q116108", "status": "done", "osm_id": "node/353049719", "category": "other"}, "geometry": {"type": "Point", "coordinates": [7.58833333, 45.64916667]}}, {"type": "Feature", "properties": {"wikidata": "Q404676", "name": "Q404676", "status": "done", "osm_id": "node/7274586195", "category": "montagna"}, "geometry": {"type": "Point", "coordinates": [7.024338888, 45.916358333]}}, {"type": "Feature", "properties": {"wikidata": "Q674012", "name": "Q674012", "status": "done", "osm_id": "node/26863729", "category": "montagna"}, "geometry": {"type": "Point", "coordinates": [7.366093, 45.9041]}}, {"type": "Feature", "properties": {"wikidata": "Q514946", "name": "Q514946", "status": "missing", "osm_id": null, "category": "other"}, "geometry": {"type": "Point", "coordinates": [7.4917, 45.6833]}}, {"type": "Feature", "properties": {"wikidata": "Q543175", "name": "Q543175", "status": "done", "osm_id": "node/2893773298", "category": "other"}, "geometry": {"type": "Point", "coordinates": [7.8269, 45.7765]}}, {"type": "Feature", "properties": {"wikidata": "Q795216", "name": "Q795216", "status": "done", "osm_id": "way/60798744", "category": "other"}, "geometry": {"type": "Point", "coordinates": [6.83833, 45.76667]}}, {"type": "Feature", "properties": {"wikidata": "Q838240", "name": "Q838240", "status": "done", "osm_id": "node/3290454779", "category": "other"}, "geometry": {"type": "Point", "coordinates": [7.23997222, 45.54125]}}, {"type": "Feature", "properties": {"wikidata": "Q379335", "name": "Q379335", "status": "done", "osm_id": "node/353049825", "category": "other"}, "geometry": {"type": "Point", "coordinates": [7.53305556, 45.92111111]}}, {"type": "Feature", "properties": {"wikidata": "Q630330", "name": "Q630330", "status": "done", "osm_id": "way/125530406", "category": "other"}, "geometry": {"type": "Point", "coordinates": [7.56694444, 45.90361111]}}, {"type": "Feature", "properties": {"wikidata": "Q963929", "name": "Q963929", "status": "done", "osm_id": "node/1311870882", "category": "montagna"}, "geometry": {"type": "Point", "coordinates": [7.366, 45.687]}}, {"type": "Feature", "properties": {"wikidata": "Q3662853", "name": "Q3662853", "status": "done", "osm_id": "way/164256160", "category": "castello"}, "geometry": {"type": "Point", "coordinates": [7.453263, 45.732659]}}, {"type": "Feature", "properties": {"wikidata": "Q3662800", "name": "Q3662800", "status": "done", "osm_id": "node/2047268551", "category": "castello"}, "geometry": {"type": "Point", "coordinates": [7.468085, 45.740229]}}, {"type": "Feature", "properties": {"wikidata": "Q3861042", "name": "Q3861042", "status": "done", "osm_id": "node/1491693836", "category": "montagna"}, "geometry": {"type": "Point", "coordinates": [7.14729, 45.5225]}}, {"type": "Feature", "properties": {"wikidata": "Q3662503", "name": "Q3662503", "status": "done", "osm_id": "node/1583577998", "category": "castello"}, "geometry": {"type": "Point", "coordinates": [7.178562, 45.821345]}}, {"type": "Feature", "properties": {"wikidata": "Q3662978", "name": "Q3662978", "status": "done", "osm_id": "way/352761283", "category": "castello"}, "geometry": {"type": "Point", "coordinates": [7.729349, 45.640102]}}, {"type": "Feature", "properties": {"wikidata": "Q3775075", "name": "Q3775075", "status": "done", "osm_id": "node/3270160161", "category": "montagna"}, "geometry": {"type": "Point", "coordinates": [7.236238888, 45.610930555]}}, {"type": "Feature", "properties": {"wikidata": "Q3925734", "name": "Q3925734", "status": "done", "osm_id": "node/5302279129", "category": "montagna"}, "geometry": {"type": "Point", "coordinates": [7.9375, 45.72527778]}}, {"type": "Feature", "properties": {"wikidata": "Q3761680", "name": "Q3761680", "status": "done", "osm_id": "way/32668421", "category": "other"}, "geometry": {"type": "Point", "coordinates": [6.870353, 45.813166]}}, {"type": "Feature", "properties": {"wikidata": "Q3662970", "name": "Q3662970", "status": "done", "osm_id": "way/149403482", "category": "castello"}, "geometry": {"type": "Point", "coordinates": [7.079668, 45.746852]}}, {"type": "Feature", "properties": {"wikidata": "Q3761702", "name": "Q3761702", "status": "done", "osm_id": "way/32668385", "category": "other"}, "geometry": {"type": "Point", "coordinates": [6.82028, 45.7797]}}, {"type": "Feature", "properties": {"wikidata": "Q3906284", "name": "Q3906284", "status": "done", "osm_id": "node/985431997", "category": "other"}, "geometry": {"type": "Point", "coordinates": [6.984486111, 45.831883333]}}, {"type": "Feature", "properties": {"wikidata": "Q3775583", "name": "Q3775583", "status": "done", "osm_id": "node/964750466", "category": "montagna"}, "geometry": {"type": "Point", "coordinates": [7.08306, 45.5647]}}, {"type": "Feature", "properties": {"wikidata": "Q3861921", "name": "Q3861921", "status": "done", "osm_id": "node/793595070", "category": "montagna"}, "geometry": {"type": "Point", "coordinates": [7.936, 45.635]}}, {"type": "Feature", "properties": {"wikidata": "Q3861038", "name": "Q3861038", "status": "done", "osm_id": "node/367945270", "category": "montagna"}, "geometry": {"type": "Point", "coordinates": [7.0212, 45.8848]}}, {"type": "Feature", "properties": {"wikidata": "Q3774957", "name": "Q3774957", "status": "done", "osm_id": "node/481169498", "category": "other"}, "geometry": {"type": "Point", "coordinates": [7.28444, 45.5576]}}, {"type": "Feature", "properties": {"wikidata": "Q3664598", "name": "Q3664598", "status": "missing", "osm_id": null, "category": "other"}, "geometry": {"type": "Point", "coordinates": [7.317334, 45.753664]}}, {"type": "Feature", "properties": {"wikidata": "Q3662473", "name": "Q3662473", "status": "done", "osm_id": "node/437246298", "category": "castello"}, "geometry": {"type": "Point", "coordinates": [7.140401, 45.688426]}}, {"type": "Feature", "properties": {"wikidata": "Q3908063", "name": "Q3908063", "status": "done", "osm_id": "way/549121075", "category": "other"}, "geometry": {"type": "Point", "coordinates": [7.32805556, 45.75833333]}}, {"type": "Feature", "properties": {"wikidata": "Q3662510", "name": "Q3662510", "status": "done", "osm_id": "node/1310669550", "category": "castello"}, "geometry": {"type": "Point", "coordinates": [7.403392, 45.726299]}}, {"type": "Feature", "properties": {"wikidata": "Q3784231", "name": "Q3784231", "status": "done", "osm_id": "node/2900583662", "category": "other"}, "geometry": {"type": "Point", "coordinates": [7.27503, 45.7139]}}, {"type": "Feature", "properties": {"wikidata": "Q3662928", "name": "Q3662928", "status": "done", "osm_id": "node/1737747920", "category": "castello"}, "geometry": {"type": "Point", "coordinates": [7.283228, 45.714631]}}, {"type": "Feature", "properties": {"wikidata": "Q3667118", "name": "Q3667118", "status": "done", "osm_id": "node/1306437041", "category": "frazione"}, "geometry": {"type": "Point", "coordinates": [7.64307, 45.86433]}}, {"type": "Feature", "properties": {"wikidata": "Q3662565", "name": "Q3662565", "status": "done", "osm_id": "way/120556421", "category": "other"}, "geometry": {"type": "Point", "coordinates": [7.671917, 45.73027]}}, {"type": "Feature", "properties": {"wikidata": "Q3662852", "name": "Q3662852", "status": "done", "osm_id": "way/120556372", "category": "castello"}, "geometry": {"type": "Point", "coordinates": [7.669804, 45.723473]}}, {"type": "Feature", "properties": {"wikidata": "Q3682786", "name": "Q3682786", "status": "done", "osm_id": "node/1874412224", "category": "other"}, "geometry": {"type": "Point", "coordinates": [7.93376, 45.72302]}}, {"type": "Feature", "properties": {"wikidata": "Q3868455", "name": "Q3868455", "status": "done", "osm_id": "node/847296482", "category": "other"}, "geometry": {"type": "Point", "coordinates": [7.226361, 45.710472]}}, {"type": "Feature", "properties": {"wikidata": "Q3662883", "name": "Q3662883", "status": "done", "osm_id": "way/161681506", "category": "other"}, "geometry": {"type": "Point", "coordinates": [7.252388, 45.712818]}}, {"type": "Feature", "properties": {"wikidata": "Q3662767", "name": "Q3662767", "status": "done", "osm_id": "way/194212658", "category": "castello"}, "geometry": {"type": "Point", "coordinates": [7.462024, 45.744886]}}, {"type": "Feature", "properties": {"wikidata": "Q3925678", "name": "Q3925678", "status": "done", "osm_id": "node/808543806", "category": "other"}, "geometry": {"type": "Point", "coordinates": [6.87632, 45.8165]}}, {"type": "Feature", "properties": {"wikidata": "Q3900992", "name": "Q3900992", "status": "done", "osm_id": "node/367945279", "category": "other"}, "geometry": {"type": "Point", "coordinates": [7.00236, 45.8819]}}, {"type": "Feature", "properties": {"wikidata": "Q3868120", "name": "Q3868120", "status": "done", "osm_id": "node/1194448827", "category": "other"}, "geometry": {"type": "Point", "coordinates": [7.744589, 45.608093]}}, {"type": "Feature", "properties": {"wikidata": "Q3886053", "name": "Q3886053", "status": "done", "osm_id": "node/393756490", "category": "other"}, "geometry": {"type": "Point", "coordinates": [6.97974, 45.5844]}}, {"type": "Feature", "properties": {"wikidata": "Q3825848", "name": "Q3825848", "status": "done", "osm_id": "relation/1842344", "category": "other"}, "geometry": {"type": "Point", "coordinates": [6.870667, 45.778385]}}, {"type": "Feature", "properties": {"wikidata": "Q3861037", "name": "Q3861037", "status": "done", "osm_id": "node/26863860", "category": "montagna"}, "geometry": {"type": "Point", "coordinates": [7.19501, 45.7755]}}, {"type": "Feature", "properties": {"wikidata": "Q3682814", "name": "Q3682814", "status": "done", "osm_id": "node/1360391967", "category": "other"}, "geometry": {"type": "Point", "coordinates": [7.8658, 45.7883]}}, {"type": "Feature", "properties": {"wikidata": "Q3861630", "name": "Q3861630", "status": "done", "osm_id": "relation/19366389", "category": "montagna"}, "geometry": {"type": "Point", "coordinates": [7.92806, 45.7183]}}, {"type": "Feature", "properties": {"wikidata": "Q3935399", "name": "Q3935399", "status": "done", "osm_id": "node/353049771", "category": "other"}, "geometry": {"type": "Point", "coordinates": [7.816303, 45.799092]}}, {"type": "Feature", "properties": {"wikidata": "Q3662635", "name": "Q3662635", "status": "done", "osm_id": "way/194247919", "category": "other"}, "geometry": {"type": "Point", "coordinates": [7.186403, 45.69134]}}, {"type": "Feature", "properties": {"wikidata": "Q3760818", "name": "Q3760818", "status": "done", "osm_id": "node/3810141464", "category": "other"}, "geometry": {"type": "Point", "coordinates": [7.74752, 45.60589]}}, {"type": "Feature", "properties": {"wikidata": "Q3925652", "name": "Q3925652", "status": "done", "osm_id": "node/2782991671", "category": "montagna"}, "geometry": {"type": "Point", "coordinates": [7.07364, 45.4733]}}, {"type": "Feature", "properties": {"wikidata": "Q3676800", "name": "Q3676800", "status": "done", "osm_id": "node/2787779745", "category": "montagna"}, "geometry": {"type": "Point", "coordinates": [7.14781, 45.5267]}}, {"type": "Feature", "properties": {"wikidata": "Q3925670", "name": "Q3925670", "status": "done", "osm_id": "node/975988970", "category": "montagna"}, "geometry": {"type": "Point", "coordinates": [7.37771, 45.6558]}}, {"type": "Feature", "properties": {"wikidata": "Q3664549", "name": "Q3664549", "status": "done", "osm_id": "way/102675885", "category": "other"}, "geometry": {"type": "Point", "coordinates": [7.145361111, 45.7055]}}, {"type": "Feature", "properties": {"wikidata": "Q3861450", "name": "Q3861450", "status": "done", "osm_id": "node/963399583", "category": "montagna"}, "geometry": {"type": "Point", "coordinates": [6.94752, 45.8]}}, {"type": "Feature", "properties": {"wikidata": "Q3693758", "name": "Q3693758", "status": "done", "osm_id": "node/1292039324", "category": "montagna"}, "geometry": {"type": "Point", "coordinates": [7.7361, 45.79558]}}, {"type": "Feature", "properties": {"wikidata": "Q3671525", "name": "Q3671525", "status": "done", "osm_id": "way/160843200", "category": "chiesa"}, "geometry": {"type": "Point", "coordinates": [6.9726, 45.7917]}}, {"type": "Feature", "properties": {"wikidata": "Q3854020", "name": "Q3854020", "status": "done", "osm_id": "way/146375217", "category": "other"}, "geometry": {"type": "Point", "coordinates": [7.2799, 45.80388]}}, {"type": "Feature", "properties": {"wikidata": "Q3662824", "name": "Q3662824", "status": "done", "osm_id": "way/194212660", "category": "castello"}, "geometry": {"type": "Point", "coordinates": [7.396739, 45.751506]}}, {"type": "Feature", "properties": {"wikidata": "Q3761692", "name": "Q3761692", "status": "done", "osm_id": "relation/108757", "category": "other"}, "geometry": {"type": "Point", "coordinates": [6.853702, 45.820016]}}, {"type": "Feature", "properties": {"wikidata": "Q3925679", "name": "Q3925679", "status": "done", "osm_id": "node/944008419", "category": "montagna"}, "geometry": {"type": "Point", "coordinates": [7.52806, 45.9567]}}, {"type": "Feature", "properties": {"wikidata": "Q3662495", "name": "Q3662495", "status": "done", "osm_id": "way/187668291", "category": "castello"}, "geometry": {"type": "Point", "coordinates": [7.140893, 45.708308]}}, {"type": "Feature", "properties": {"wikidata": "Q3662985", "name": "Q3662985", "status": "done", "osm_id": "way/194248529", "category": "castello"}, "geometry": {"type": "Point", "coordinates": [7.731978, 45.642127]}}, {"type": "Feature", "properties": {"wikidata": "Q3825697", "name": "Q3825697", "status": "done", "osm_id": "way/303995877", "category": "other"}, "geometry": {"type": "Point", "coordinates": [7.84770012, 45.84840012]}}, {"type": "Feature", "properties": {"wikidata": "Q3662644", "name": "Q3662644", "status": "done", "osm_id": "way/194247918", "category": "castello"}, "geometry": {"type": "Point", "coordinates": [7.168129, 45.702648]}}, {"type": "Feature", "properties": {"wikidata": "Q3861225", "name": "Q3861225", "status": "done", "osm_id": "node/26863796", "category": "montagna"}, "geometry": {"type": "Point", "coordinates": [6.89722, 45.7531]}}, {"type": "Feature", "properties": {"wikidata": "Q3935525", "name": "Q3935525", "status": "done", "osm_id": "node/353049806", "category": "other"}, "geometry": {"type": "Point", "coordinates": [7.616696, 45.841647]}}, {"type": "Feature", "properties": {"wikidata": "Q3899106", "name": "Q3899106", "status": "done", "osm_id": "node/7232245738", "category": "montagna"}, "geometry": {"type": "Point", "coordinates": [7.42556, 45.6189]}}, {"type": "Feature", "properties": {"wikidata": "Q3774959", "name": "Q3774959", "status": "done", "osm_id": "node/3024677444", "category": "montagna"}, "geometry": {"type": "Point", "coordinates": [7.67717, 45.914]}}, {"type": "Feature", "properties": {"wikidata": "Q3761694", "name": "Q3761694", "status": "done", "osm_id": "relation/106091", "category": "other"}, "geometry": {"type": "Point", "coordinates": [7.0113, 45.6473]}}, {"type": "Feature", "properties": {"wikidata": "Q3925673", "name": "Q3925673", "status": "done", "osm_id": "node/482415675", "category": "montagna"}, "geometry": {"type": "Point", "coordinates": [7.20667, 45.4764]}}, {"type": "Feature", "properties": {"wikidata": "Q3775770", "name": "Q3775770", "status": "done", "osm_id": "node/1562997760", "category": "montagna"}, "geometry": {"type": "Point", "coordinates": [7.06406, 45.4952]}}, {"type": "Feature", "properties": {"wikidata": "Q3775580", "name": "Q3775580", "status": "done", "osm_id": "node/7198193599", "category": "montagna"}, "geometry": {"type": "Point", "coordinates": [7.42367, 45.6745]}}, {"type": "Feature", "properties": {"wikidata": "Q3775048", "name": "Q3775048", "status": "done", "osm_id": "node/367945303", "category": "montagna"}, "geometry": {"type": "Point", "coordinates": [6.9276, 45.8479]}}, {"type": "Feature", "properties": {"wikidata": "Q3676136", "name": "Q3676136", "status": "done", "osm_id": "node/1577018410", "category": "other"}, "geometry": {"type": "Point", "coordinates": [7.208194444, 45.821583333]}}, {"type": "Feature", "properties": {"wikidata": "Q3925690", "name": "Q3925690", "status": "done", "osm_id": "node/503688816", "category": "other"}, "geometry": {"type": "Point", "coordinates": [6.98944, 45.8689]}}, {"type": "Feature", "properties": {"wikidata": "Q3682728", "name": "Q3682728", "status": "done", "osm_id": "node/1311871075", "category": "other"}, "geometry": {"type": "Point", "coordinates": [7.366955, 45.68415]}}, {"type": "Feature", "properties": {"wikidata": "Q3676822", "name": "Q3676822", "status": "done", "osm_id": "node/963399591", "category": "montagna"}, "geometry": {"type": "Point", "coordinates": [7.15347, 45.5306]}}, {"type": "Feature", "properties": {"wikidata": "Q3785155", "name": "Q3785155", "status": "done", "osm_id": "node/361176448", "category": "montagna"}, "geometry": {"type": "Point", "coordinates": [7.27333333, 45.54555556]}}, {"type": "Feature", "properties": {"wikidata": "Q3925668", "name": "Q3925668", "status": "done", "osm_id": "node/307195492", "category": "other"}, "geometry": {"type": "Point", "coordinates": [6.980363, 45.868781]}}, {"type": "Feature", "properties": {"wikidata": "Q3662810", "name": "Q3662810", "status": "done", "osm_id": "relation/6910583", "category": "castello"}, "geometry": {"type": "Point", "coordinates": [7.801264, 45.601342]}}, {"type": "Feature", "properties": {"wikidata": "Q3662590", "name": "Q3662590", "status": "missing", "osm_id": null, "category": "castello"}, "geometry": {"type": "Point", "coordinates": [7.14591667, 45.70927778]}}, {"type": "Feature", "properties": {"wikidata": "Q3861729", "name": "Q3861729", "status": "done", "osm_id": "node/3212697214", "category": "montagna"}, "geometry": {"type": "Point", "coordinates": [7.60885, 45.5624]}}, {"type": "Feature", "properties": {"wikidata": "Q3861839", "name": "Q3861839", "status": "done", "osm_id": "node/2350030629", "category": "montagna"}, "geometry": {"type": "Point", "coordinates": [7.91083, 45.6703]}}, {"type": "Feature", "properties": {"wikidata": "Q3935505", "name": "Q3935505", "status": "done", "osm_id": "way/114853894", "category": "other"}, "geometry": {"type": "Point", "coordinates": [7.597296, 45.935014]}}, {"type": "Feature", "properties": {"wikidata": "Q3816904", "name": "Q3816904", "status": "done", "osm_id": "node/7165004784", "category": "other"}, "geometry": {"type": "Point", "coordinates": [6.98333, 45.8667]}}, {"type": "Feature", "properties": {"wikidata": "Q3925724", "name": "Q3925724", "status": "done", "osm_id": "node/4022005397", "category": "montagna"}, "geometry": {"type": "Point", "coordinates": [7.9218, 45.9222]}}, {"type": "Feature", "properties": {"wikidata": "Q18495297", "name": "Q18495297", "status": "done", "osm_id": "node/963946777", "category": "insediamento"}, "geometry": {"type": "Point", "coordinates": [7.28406, 45.80874]}}, {"type": "Feature", "properties": {"wikidata": "Q18495345", "name": "Q18495345", "status": "done", "osm_id": "node/963949905", "category": "insediamento"}, "geometry": {"type": "Point", "coordinates": [7.30342, 45.77754]}}, {"type": "Feature", "properties": {"wikidata": "Q18495223", "name": "Q18495223", "status": "done", "osm_id": "node/1720987919", "category": "insediamento"}, "geometry": {"type": "Point", "coordinates": [7.67306, 45.71435]}}, {"type": "Feature", "properties": {"wikidata": "Q18495277", "name": "Q18495277", "status": "done", "osm_id": "node/1653304034", "category": "insediamento"}, "geometry": {"type": "Point", "coordinates": [7.60308, 45.76628]}}, {"type": "Feature", "properties": {"wikidata": "Q18495375", "name": "Q18495375", "status": "done", "osm_id": "node/9862343221", "category": "insediamento"}, "geometry": {"type": "Point", "coordinates": [7.25576, 45.7247]}}, {"type": "Feature", "properties": {"wikidata": "Q18495384", "name": "Q18495384", "status": "done", "osm_id": "node/963945954", "category": "frazione"}, "geometry": {"type": "Point", "coordinates": [7.3885, 45.85597]}}, {"type": "Feature", "properties": {"wikidata": "Q18495340", "name": "Q18495340", "status": "done", "osm_id": "node/1625450171", "category": "insediamento"}, "geometry": {"type": "Point", "coordinates": [7.06112, 45.74717]}}, {"type": "Feature", "properties": {"wikidata": "Q18495266", "name": "Q18495266", "status": "done", "osm_id": "node/1502101377", "category": "frazione"}, "geometry": {"type": "Point", "coordinates": [6.98192, 45.76856]}}, {"type": "Feature", "properties": {"wikidata": "Q18495233", "name": "Q18495233", "status": "done", "osm_id": "node/4747179725", "category": "frazione"}, "geometry": {"type": "Point", "coordinates": [7.32438, 45.76121]}}, {"type": "Feature", "properties": {"wikidata": "Q18495299", "name": "Q18495299", "status": "done", "osm_id": "node/5590543019", "category": "frazione"}, "geometry": {"type": "Point", "coordinates": [7.41123, 45.74879]}}, {"type": "Feature", "properties": {"wikidata": "Q18495248", "name": "Q18495248", "status": "done", "osm_id": "node/664794334", "category": "insediamento"}, "geometry": {"type": "Point", "coordinates": [7.6023, 45.79986]}}, {"type": "Feature", "properties": {"wikidata": "Q18495217", "name": "Q18495217", "status": "done", "osm_id": "node/963953400", "category": "insediamento"}, "geometry": {"type": "Point", "coordinates": [7.37897, 45.84925]}}, {"type": "Feature", "properties": {"wikidata": "Q18495279", "name": "Q18495279", "status": "done", "osm_id": "node/13478057108", "category": "insediamento"}, "geometry": {"type": "Point", "coordinates": [7.27634, 45.79092]}}, {"type": "Feature", "properties": {"wikidata": "Q18495235", "name": "Q18495235", "status": "done", "osm_id": "node/1818268124", "category": "frazione"}, "geometry": {"type": "Point", "coordinates": [7.20652, 45.70931]}}, {"type": "Feature", "properties": {"wikidata": "Q18495336", "name": "Q18495336", "status": "done", "osm_id": "node/6022435217", "category": "insediamento"}, "geometry": {"type": "Point", "coordinates": [7.53805, 45.76774]}}, {"type": "Feature", "properties": {"wikidata": "Q18495250", "name": "Q18495250", "status": "done", "osm_id": "node/1312968564", "category": "frazione"}, "geometry": {"type": "Point", "coordinates": [7.17606, 45.71665]}}, {"type": "Feature", "properties": {"wikidata": "Q18495313", "name": "Q18495313", "status": "done", "osm_id": "node/1325462926", "category": "insediamento"}, "geometry": {"type": "Point", "coordinates": [7.62019, 45.62337]}}, {"type": "Feature", "properties": {"wikidata": "Q18495316", "name": "Q18495316", "status": "done", "osm_id": "node/1618699357", "category": "insediamento"}, "geometry": {"type": "Point", "coordinates": [7.06403, 45.75388]}}, {"type": "Feature", "properties": {"wikidata": "Q18495305", "name": "Q18495305", "status": "done", "osm_id": "node/1351826576", "category": "frazione"}, "geometry": {"type": "Point", "coordinates": [7.60698, 45.62248]}}, {"type": "Feature", "properties": {"wikidata": "Q18495404", "name": "Q18495404", "status": "done", "osm_id": "node/1403157812", "category": "frazione"}, "geometry": {"type": "Point", "coordinates": [7.61279, 45.68386]}}, {"type": "Feature", "properties": {"wikidata": "Q18495289", "name": "Q18495289", "status": "done", "osm_id": "node/1983466491", "category": "frazione"}, "geometry": {"type": "Point", "coordinates": [7.18738, 45.70339]}}, {"type": "Feature", "properties": {"wikidata": "Q18495405", "name": "Q18495405", "status": "done", "osm_id": "node/1448607164", "category": "insediamento"}, "geometry": {"type": "Point", "coordinates": [7.15439, 45.65303]}}, {"type": "Feature", "properties": {"wikidata": "Q18495334", "name": "Q18495334", "status": "done", "osm_id": "node/1258226391", "category": "insediamento"}, "geometry": {"type": "Point", "coordinates": [7.51899, 45.75585]}}, {"type": "Feature", "properties": {"wikidata": "Q18495219", "name": "Q18495219", "status": "done", "osm_id": "node/838565097", "category": "insediamento"}, "geometry": {"type": "Point", "coordinates": [7.80086, 45.60264]}}, {"type": "Feature", "properties": {"wikidata": "Q18495256", "name": "Q18495256", "status": "done", "osm_id": "node/342436159", "category": "insediamento"}, "geometry": {"type": "Point", "coordinates": [7.52314, 45.74705]}}, {"type": "Feature", "properties": {"wikidata": "Q18495275", "name": "Q18495275", "status": "done", "osm_id": "node/1998376159", "category": "insediamento"}, "geometry": {"type": "Point", "coordinates": [7.20284, 45.69614]}}, {"type": "Feature", "properties": {"wikidata": "Q18495385", "name": "Q18495385", "status": "done", "osm_id": "node/13478057103", "category": "insediamento"}, "geometry": {"type": "Point", "coordinates": [7.37775, 45.75098]}}, {"type": "Feature", "properties": {"wikidata": "Q18495262", "name": "Q18495262", "status": "done", "osm_id": "node/13478057102", "category": "frazione"}, "geometry": {"type": "Point", "coordinates": [7.3009, 45.74322]}}, {"type": "Feature", "properties": {"wikidata": "Q18495333", "name": "Q18495333", "status": "done", "osm_id": "node/1269183779", "category": "insediamento"}, "geometry": {"type": "Point", "coordinates": [7.55826, 45.7789]}}, {"type": "Feature", "properties": {"wikidata": "Q18495399", "name": "Q18495399", "status": "done", "osm_id": "node/4195696423", "category": "frazione"}, "geometry": {"type": "Point", "coordinates": [7.37049, 45.75493]}}, {"type": "Feature", "properties": {"wikidata": "Q18495374", "name": "Q18495374", "status": "done", "osm_id": "node/1565264575", "category": "frazione"}, "geometry": {"type": "Point", "coordinates": [7.32109, 45.76927]}}, {"type": "Feature", "properties": {"wikidata": "Q18495373", "name": "Q18495373", "status": "done", "osm_id": "node/963951750", "category": "insediamento"}, "geometry": {"type": "Point", "coordinates": [7.38626, 45.85515]}}, {"type": "Feature", "properties": {"wikidata": "Q18495295", "name": "Q18495295", "status": "done", "osm_id": "node/1288267680", "category": "frazione"}, "geometry": {"type": "Point", "coordinates": [7.56651, 45.74647]}}, {"type": "Feature", "properties": {"wikidata": "Q18495258", "name": "Q18495258", "status": "done", "osm_id": "node/2620326552", "category": "insediamento"}, "geometry": {"type": "Point", "coordinates": [7.57193, 45.79522]}}, {"type": "Feature", "properties": {"wikidata": "Q18495368", "name": "Q18495368", "status": "done", "osm_id": "node/5066265545", "category": "insediamento"}, "geometry": {"type": "Point", "coordinates": [7.47519, 45.79011]}}, {"type": "Feature", "properties": {"wikidata": "Q18495361", "name": "Q18495361", "status": "done", "osm_id": "node/1451212151", "category": "frazione"}, "geometry": {"type": "Point", "coordinates": [7.66029, 45.74292]}}, {"type": "Feature", "properties": {"wikidata": "Q18495396", "name": "Q18495396", "status": "done", "osm_id": "node/1771626041", "category": "frazione"}, "geometry": {"type": "Point", "coordinates": [7.72701, 45.70214]}}, {"type": "Feature", "properties": {"wikidata": "Q18495245", "name": "Q18495245", "status": "done", "osm_id": "node/1548734665", "category": "frazione"}, "geometry": {"type": "Point", "coordinates": [7.06071, 45.74051]}}, {"type": "Feature", "properties": {"wikidata": "Q18495254", "name": "Q18495254", "status": "done", "osm_id": "node/1454805542", "category": "insediamento"}, "geometry": {"type": "Point", "coordinates": [7.66294, 45.73734]}}, {"type": "Feature", "properties": {"wikidata": "Q18495341", "name": "Q18495341", "status": "done", "osm_id": "node/1456226526", "category": "insediamento"}, "geometry": {"type": "Point", "coordinates": [7.0687, 45.63778]}}, {"type": "Feature", "properties": {"wikidata": "Q18495353", "name": "Q18495353", "status": "done", "osm_id": "node/1837264083", "category": "insediamento"}, "geometry": {"type": "Point", "coordinates": [7.57231, 45.79335]}}, {"type": "Feature", "properties": {"wikidata": "Q18495225", "name": "Q18495225", "status": "done", "osm_id": "node/437246141", "category": "frazione"}, "geometry": {"type": "Point", "coordinates": [7.11885, 45.56948]}}, {"type": "Feature", "properties": {"wikidata": "Q18495310", "name": "Q18495310", "status": "done", "osm_id": "node/3462890116", "category": "frazione"}, "geometry": {"type": "Point", "coordinates": [7.70641, 45.72838]}}, {"type": "Feature", "properties": {"wikidata": "Q18495349", "name": "Q18495349", "status": "done", "osm_id": "node/1353685361", "category": "frazione"}, "geometry": {"type": "Point", "coordinates": [7.404, 45.86897]}}, {"type": "Feature", "properties": {"wikidata": "Q18495221", "name": "Q18495221", "status": "done", "osm_id": "node/1253990588", "category": "frazione"}, "geometry": {"type": "Point", "coordinates": [7.61754, 45.81067]}}, {"type": "Feature", "properties": {"wikidata": "Q18495237", "name": "Q18495237", "status": "done", "osm_id": "node/1313022007", "category": "insediamento"}, "geometry": {"type": "Point", "coordinates": [7.12955, 45.58695]}}, {"type": "Feature", "properties": {"wikidata": "Q18495359", "name": "Q18495359", "status": "done", "osm_id": "node/838565356", "category": "frazione"}, "geometry": {"type": "Point", "coordinates": [7.86428, 45.6398]}}, {"type": "Feature", "properties": {"wikidata": "Q18495391", "name": "Q18495391", "status": "done", "osm_id": "node/790065854", "category": "insediamento"}, "geometry": {"type": "Point", "coordinates": [7.69504, 45.79778]}}, {"type": "Feature", "properties": {"wikidata": "Q18495354", "name": "Q18495354", "status": "done", "osm_id": "node/1229073402", "category": "insediamento"}, "geometry": {"type": "Point", "coordinates": [7.58826, 45.78187]}}, {"type": "Feature", "properties": {"wikidata": "Q18495246", "name": "Q18495246", "status": "done", "osm_id": "node/1623867375", "category": "frazione"}, "geometry": {"type": "Point", "coordinates": [7.07005, 45.75393]}}, {"type": "Feature", "properties": {"wikidata": "Q18495318", "name": "Q18495318", "status": "done", "osm_id": "node/963947330", "category": "insediamento"}, "geometry": {"type": "Point", "coordinates": [7.30836, 45.82862]}}, {"type": "Feature", "properties": {"wikidata": "Q18495323", "name": "Q18495323", "status": "done", "osm_id": "node/1499953915", "category": "insediamento"}, "geometry": {"type": "Point", "coordinates": [6.94453, 45.79021]}}, {"type": "Feature", "properties": {"wikidata": "Q18495241", "name": "Q18495241", "status": "done", "osm_id": "node/1229108803", "category": "insediamento"}, "geometry": {"type": "Point", "coordinates": [7.58677, 45.79663]}}, {"type": "Feature", "properties": {"wikidata": "Q18495367", "name": "Q18495367", "status": "done", "osm_id": "node/963951110", "category": "frazione"}, "geometry": {"type": "Point", "coordinates": [7.31289, 45.84695]}}, {"type": "Feature", "properties": {"wikidata": "Q18495321", "name": "Q18495321", "status": "done", "osm_id": "node/1999221946", "category": "frazione"}, "geometry": {"type": "Point", "coordinates": [7.21966, 45.70165]}}, {"type": "Feature", "properties": {"wikidata": "Q18495260", "name": "Q18495260", "status": "done", "osm_id": "node/1988093138", "category": "frazione"}, "geometry": {"type": "Point", "coordinates": [7.22943, 45.70276]}}, {"type": "Feature", "properties": {"wikidata": "Q18495379", "name": "Q18495379", "status": "done", "osm_id": "node/2556770145", "category": "frazione"}, "geometry": {"type": "Point", "coordinates": [7.34724, 45.7434]}}, {"type": "Feature", "properties": {"wikidata": "Q18495243", "name": "Q18495243", "status": "done", "osm_id": "node/963945222", "category": "frazione"}, "geometry": {"type": "Point", "coordinates": [7.18673, 45.82152]}}, {"type": "Feature", "properties": {"wikidata": "Q18495215", "name": "Q18495215", "status": "done", "osm_id": "node/12741771045", "category": "insediamento"}, "geometry": {"type": "Point", "coordinates": [7.79252, 45.60563]}}, {"type": "Feature", "properties": {"wikidata": "Q18495273", "name": "Q18495273", "status": "done", "osm_id": "node/1998376156", "category": "insediamento"}, "geometry": {"type": "Point", "coordinates": [7.20505, 45.69805]}}, {"type": "Feature", "properties": {"wikidata": "Q18495383", "name": "Q18495383", "status": "done", "osm_id": "node/13478057105", "category": "frazione"}, "geometry": {"type": "Point", "coordinates": [7.39848, 45.74196]}}, {"type": "Feature", "properties": {"wikidata": "Q18495307", "name": "Q18495307", "status": "done", "osm_id": "node/9233891835", "category": "insediamento"}, "geometry": {"type": "Point", "coordinates": [7.52738, 45.77151]}}, {"type": "Feature", "properties": {"wikidata": "Q18495240", "name": "Q18495240", "status": "done", "osm_id": "node/1982872404", "category": "frazione"}, "geometry": {"type": "Point", "coordinates": [7.13657, 45.71573]}}, {"type": "Feature", "properties": {"wikidata": "Q18495287", "name": "Q18495287", "status": "done", "osm_id": "node/838565067", "category": "frazione"}, "geometry": {"type": "Point", "coordinates": [7.85909, 45.69398]}}, {"type": "Feature", "properties": {"wikidata": "Q18495303", "name": "Q18495303", "status": "done", "osm_id": "node/1982872403", "category": "insediamento"}, "geometry": {"type": "Point", "coordinates": [7.1509, 45.71639]}}, {"type": "Feature", "properties": {"wikidata": "Q18495312", "name": "Q18495312", "status": "missing", "osm_id": null, "category": "insediamento"}, "geometry": {"type": "Point", "coordinates": [7.71662, 45.69835]}}, {"type": "Feature", "properties": {"wikidata": "Q18495269", "name": "Q18495269", "status": "done", "osm_id": "node/1493371973", "category": "insediamento"}, "geometry": {"type": "Point", "coordinates": [7.20309, 45.69031]}}, {"type": "Feature", "properties": {"wikidata": "Q18495371", "name": "Q18495371", "status": "done", "osm_id": "node/4901464679", "category": "insediamento"}, "geometry": {"type": "Point", "coordinates": [7.31077, 45.72387]}}, {"type": "Feature", "properties": {"wikidata": "Q18495339", "name": "Q18495339", "status": "done", "osm_id": "node/1617747060", "category": "frazione"}, "geometry": {"type": "Point", "coordinates": [7.06955, 45.764]}}, {"type": "Feature", "properties": {"wikidata": "Q18495291", "name": "Q18495291", "status": "done", "osm_id": "node/963949574", "category": "frazione"}, "geometry": {"type": "Point", "coordinates": [7.29888, 45.80122]}}, {"type": "Feature", "properties": {"wikidata": "Q18495407", "name": "Q18495407", "status": "done", "osm_id": "node/1626882984", "category": "insediamento"}, "geometry": {"type": "Point", "coordinates": [7.08255, 45.73191]}}, {"type": "Feature", "properties": {"wikidata": "Q18495401", "name": "Q18495401", "status": "done", "osm_id": "node/838565087", "category": "frazione"}, "geometry": {"type": "Point", "coordinates": [7.85434, 45.62659]}}, {"type": "Feature", "properties": {"wikidata": "Q18495228", "name": "Q18495228", "status": "done", "osm_id": "node/1312761111", "category": "frazione"}, "geometry": {"type": "Point", "coordinates": [7.18986, 45.68338]}}, {"type": "Feature", "properties": {"wikidata": "Q18495351", "name": "Q18495351", "status": "done", "osm_id": "node/963945680", "category": "insediamento"}, "geometry": {"type": "Point", "coordinates": [7.29031, 45.77798]}}, {"type": "Feature", "properties": {"wikidata": "Q18495224", "name": "Q18495224", "status": "done", "osm_id": "node/2526724724", "category": "frazione"}, "geometry": {"type": "Point", "coordinates": [7.4139, 45.72552]}}, {"type": "Feature", "properties": {"wikidata": "Q18495281", "name": "Q18495281", "status": "done", "osm_id": "node/1258226304", "category": "insediamento"}, "geometry": {"type": "Point", "coordinates": [7.5194, 45.74962]}}, {"type": "Feature", "properties": {"wikidata": "Q18495338", "name": "Q18495338", "status": "done", "osm_id": "node/1763629398", "category": "insediamento"}, "geometry": {"type": "Point", "coordinates": [7.42855, 45.74364]}}, {"type": "Feature", "properties": {"wikidata": "Q18495293", "name": "Q18495293", "status": "done", "osm_id": "node/1398949549", "category": "frazione"}, "geometry": {"type": "Point", "coordinates": [7.12345, 45.57932]}}, {"type": "Feature", "properties": {"wikidata": "Q18495395", "name": "Q18495395", "status": "done", "osm_id": "node/1255599015", "category": "frazione"}, "geometry": {"type": "Point", "coordinates": [7.62018, 45.83883]}}, {"type": "Feature", "properties": {"wikidata": "Q18495286", "name": "Q18495286", "status": "done", "osm_id": "node/1312830004", "category": "insediamento"}, "geometry": {"type": "Point", "coordinates": [7.21174, 45.71464]}}, {"type": "Feature", "properties": {"wikidata": "Q18495251", "name": "Q18495251", "status": "done", "osm_id": "node/1617747059", "category": "insediamento"}, "geometry": {"type": "Point", "coordinates": [7.08391, 45.75923]}}, {"type": "Feature", "properties": {"wikidata": "Q18495357", "name": "Q18495357", "status": "done", "osm_id": "node/963951301", "category": "insediamento"}, "geometry": {"type": "Point", "coordinates": [7.34119, 45.82804]}}, {"type": "Feature", "properties": {"wikidata": "Q18495315", "name": "Q18495315", "status": "done", "osm_id": "node/1264989584", "category": "insediamento"}, "geometry": {"type": "Point", "coordinates": [7.572, 45.8109]}}, {"type": "Feature", "properties": {"wikidata": "Q18495363", "name": "Q18495363", "status": "done", "osm_id": "node/1719544510", "category": "insediamento"}, "geometry": {"type": "Point", "coordinates": [7.67642, 45.722]}}, {"type": "Feature", "properties": {"wikidata": "Q18495213", "name": "Q18495213", "status": "done", "osm_id": "relation/20127598", "category": "insediamento"}, "geometry": {"type": "Point", "coordinates": [7.85585, 45.65351]}}, {"type": "Feature", "properties": {"wikidata": "Q18495347", "name": "Q18495347", "status": "missing", "osm_id": null, "category": "insediamento"}, "geometry": {"type": "Point", "coordinates": [7.24882, 45.80742]}}, {"type": "Feature", "properties": {"wikidata": "Q18495325", "name": "Q18495325", "status": "missing", "osm_id": null, "category": "insediamento"}, "geometry": {"type": "Point", "coordinates": [7.35372, 45.75091]}}, {"type": "Feature", "properties": {"wikidata": "Q18495331", "name": "Q18495331", "status": "missing", "osm_id": null, "category": "insediamento"}, "geometry": {"type": "Point", "coordinates": [6.99282, 45.76407]}}, {"type": "Feature", "properties": {"wikidata": "Q18495232", "name": "Q18495232", "status": "done", "osm_id": "node/11522185284", "category": "insediamento"}, "geometry": {"type": "Point", "coordinates": [7.27313, 45.78928]}}, {"type": "Feature", "properties": {"wikidata": "Q18495239", "name": "Q18495239", "status": "missing", "osm_id": null, "category": "insediamento"}, "geometry": {"type": "Point", "coordinates": [7.06953, 45.64779]}}, {"type": "Feature", "properties": {"wikidata": "Q18495365", "name": "Q18495365", "status": "done", "osm_id": "node/838565352", "category": "frazione"}, "geometry": {"type": "Point", "coordinates": [7.8677, 45.64437]}}, {"type": "Feature", "properties": {"wikidata": "Q18495327", "name": "Q18495327", "status": "done", "osm_id": "node/963951846", "category": "frazione"}, "geometry": {"type": "Point", "coordinates": [7.32707, 45.82853]}}, {"type": "Feature", "properties": {"wikidata": "Q18495301", "name": "Q18495301", "status": "done", "osm_id": "node/1258225784", "category": "insediamento"}, "geometry": {"type": "Point", "coordinates": [7.51143, 45.74931]}}, {"type": "Feature", "properties": {"wikidata": "Q18495264", "name": "Q18495264", "status": "done", "osm_id": "node/1950386756", "category": "frazione"}, "geometry": {"type": "Point", "coordinates": [7.69747, 45.67956]}}, {"type": "Feature", "properties": {"wikidata": "Q18495253", "name": "Q18495253", "status": "done", "osm_id": "node/838565237", "category": "frazione"}, "geometry": {"type": "Point", "coordinates": [7.81261, 45.62088]}}, {"type": "Feature", "properties": {"wikidata": "Q18495319", "name": "Q18495319", "status": "done", "osm_id": "node/5180788566", "category": "insediamento"}, "geometry": {"type": "Point", "coordinates": [7.26409, 45.74275]}}, {"type": "Feature", "properties": {"wikidata": "Q18495410", "name": "Q18495410", "status": "done", "osm_id": "node/943577982", "category": "insediamento"}, "geometry": {"type": "Point", "coordinates": [7.34047, 45.61651]}}, {"type": "Feature", "properties": {"wikidata": "Q18495257", "name": "Q18495257", "status": "missing", "osm_id": null, "category": "insediamento"}, "geometry": {"type": "Point", "coordinates": [7.52672, 45.74385]}}, {"type": "Feature", "properties": {"wikidata": "Q18495393", "name": "Q18495393", "status": "done", "osm_id": "relation/20127597", "category": "insediamento"}, "geometry": {"type": "Point", "coordinates": [7.85791, 45.66293]}}, {"type": "Feature", "properties": {"wikidata": "Q18495268", "name": "Q18495268", "status": "done", "osm_id": "node/3532331323", "category": "insediamento"}, "geometry": {"type": "Point", "coordinates": [7.27669, 45.73201]}}, {"type": "Feature", "properties": {"wikidata": "Q2844396", "name": "Q2844396", "status": "done", "osm_id": "node/2662274391", "category": "other"}, "geometry": {"type": "Point", "coordinates": [7.323418, 45.740933]}}, {"type": "Feature", "properties": {"wikidata": "Q1871434", "name": "Q1871434", "status": "missing", "osm_id": null, "category": "other"}, "geometry": {"type": "Point", "coordinates": [7.7, 45.783]}}, {"type": "Feature", "properties": {"wikidata": "Q2904977", "name": "Q2904977", "status": "done", "osm_id": "node/355336815", "category": "other"}, "geometry": {"type": "Point", "coordinates": [6.9744332, 45.867346]}}, {"type": "Feature", "properties": {"wikidata": "Q1991288", "name": "Q1991288", "status": "done", "osm_id": "relation/5389302", "category": "other"}, "geometry": {"type": "Point", "coordinates": [7.044444444, 45.923055555]}}, {"type": "Feature", "properties": {"wikidata": "Q2152682", "name": "Q2152682", "status": "done", "osm_id": "way/708274428", "category": "other"}, "geometry": {"type": "Point", "coordinates": [7.84805556, 45.895]}}, {"type": "Feature", "properties": {"wikidata": "Q2255867", "name": "Q2255867", "status": "done", "osm_id": "way/194248532", "category": "castello"}, "geometry": {"type": "Point", "coordinates": [7.744582, 45.608168]}}, {"type": "Feature", "properties": {"wikidata": "Q1664254", "name": "Q1664254", "status": "done", "osm_id": "node/26863857", "category": "montagna"}, "geometry": {"type": "Point", "coordinates": [7.382777777, 45.676944444]}}, {"type": "Feature", "properties": {"wikidata": "Q1651532", "name": "Q1651532", "status": "done", "osm_id": "way/82298005", "category": "other"}, "geometry": {"type": "Point", "coordinates": [7.2983, 45.735077]}}, {"type": "Feature", "properties": {"wikidata": "Q2415466", "name": "Q2415466", "status": "done", "osm_id": "node/13467931339", "category": "other"}, "geometry": {"type": "Point", "coordinates": [6.85472, 45.8361]}}, {"type": "Feature", "properties": {"wikidata": "Q2389442", "name": "Q2389442", "status": "done", "osm_id": "node/355336814", "category": "other"}, "geometry": {"type": "Point", "coordinates": [6.905, 45.83472222]}}, {"type": "Feature", "properties": {"wikidata": "Q2941112", "name": "Q2941112", "status": "missing", "osm_id": null, "category": "other"}, "geometry": {"type": "Point", "coordinates": [7.64222, 45.7522]}}, {"type": "Feature", "properties": {"wikidata": "Q2967998", "name": "Q2967998", "status": "done", "osm_id": "way/194247920", "category": "other"}, "geometry": {"type": "Point", "coordinates": [7.225192, 45.70611]}}, {"type": "Feature", "properties": {"wikidata": "Q1657146", "name": "Q1657146", "status": "done", "osm_id": "node/307195567", "category": "montagna"}, "geometry": {"type": "Point", "coordinates": [7.00283, 45.8939]}}, {"type": "Feature", "properties": {"wikidata": "Q2735803", "name": "Q2735803", "status": "missing", "osm_id": null, "category": "montagna"}, "geometry": {"type": "Point", "coordinates": [7.545555555, 45.981666666]}}, {"type": "Feature", "properties": {"wikidata": "Q2885051", "name": "Q2885051", "status": "done", "osm_id": "way/130854449", "category": "other"}, "geometry": {"type": "Point", "coordinates": [7.0595741, 45.6182999]}}, {"type": "Feature", "properties": {"wikidata": "Q2403858", "name": "Q2403858", "status": "done", "osm_id": "node/26863024", "category": "other"}, "geometry": {"type": "Point", "coordinates": [6.988055555, 45.868888888]}}, {"type": "Feature", "properties": {"wikidata": "Q1638880", "name": "Q1638880", "status": "done", "osm_id": "way/129924162", "category": "other"}, "geometry": {"type": "Point", "coordinates": [7.336944444, 45.585]}}, {"type": "Feature", "properties": {"wikidata": "Q2381134", "name": "Q2381134", "status": "done", "osm_id": "node/482415673", "category": "montagna"}, "geometry": {"type": "Point", "coordinates": [7.24673, 45.49413]}}, {"type": "Feature", "properties": {"wikidata": "Q2957093", "name": "Q2957093", "status": "done", "osm_id": "way/162206170", "category": "chiesa"}, "geometry": {"type": "Point", "coordinates": [7.315564, 45.735789]}}, {"type": "Feature", "properties": {"wikidata": "Q1777546", "name": "Q1777546", "status": "done", "osm_id": "way/147963960", "category": "other"}, "geometry": {"type": "Point", "coordinates": [6.97805556, 45.80888889]}}, {"type": "Feature", "properties": {"wikidata": "Q2901535", "name": "Q2901535", "status": "done", "osm_id": "way/162205809", "category": "biblio_pubblica"}, "geometry": {"type": "Point", "coordinates": [7.315614, 45.73438]}}, {"type": "Feature", "properties": {"wikidata": "Q1995374", "name": "Q1995374", "status": "done", "osm_id": "node/307195496", "category": "other"}, "geometry": {"type": "Point", "coordinates": [6.982281, 45.869187]}}, {"type": "Feature", "properties": {"wikidata": "Q2354280", "name": "Q2354280", "status": "done", "osm_id": "way/115458709", "category": "other"}, "geometry": {"type": "Point", "coordinates": [7.341588888, 45.876680555]}}, {"type": "Feature", "properties": {"wikidata": "Q2161098", "name": "Q2161098", "status": "done", "osm_id": "node/963245148", "category": "montagna"}, "geometry": {"type": "Point", "coordinates": [7.11467, 45.4753]}}, {"type": "Feature", "properties": {"wikidata": "Q1846533", "name": "Q1846533", "status": "missing", "osm_id": null, "category": "other"}, "geometry": {"type": "Point", "coordinates": [7.015439, 45.845451]}}, {"type": "Feature", "properties": {"wikidata": "Q2152732", "name": "Q2152732", "status": "done", "osm_id": "node/353049844", "category": "other"}, "geometry": {"type": "Point", "coordinates": [7.48416667, 45.84138889]}}, {"type": "Feature", "properties": {"wikidata": "Q1891991", "name": "Q1891991", "status": "done", "osm_id": "way/162619352", "category": "other"}, "geometry": {"type": "Point", "coordinates": [7.32803056, 45.73920278]}}, {"type": "Feature", "properties": {"wikidata": "Q1820626", "name": "Q1820626", "status": "done", "osm_id": "node/482416173", "category": "montagna"}, "geometry": {"type": "Point", "coordinates": [7.23333, 45.48333]}}, {"type": "Feature", "properties": {"wikidata": "Q1955311", "name": "Q1955311", "status": "done", "osm_id": "node/1299357843", "category": "other"}, "geometry": {"type": "Point", "coordinates": [7.3, 45.88333333]}}, {"type": "Feature", "properties": {"wikidata": "Q2093151", "name": "Q2093151", "status": "done", "osm_id": "node/7164832098", "category": "other"}, "geometry": {"type": "Point", "coordinates": [6.93170833, 45.84591667]}}, {"type": "Feature", "properties": {"wikidata": "Q2610164", "name": "Q2610164", "status": "done", "osm_id": "node/5492537143", "category": "montagna"}, "geometry": {"type": "Point", "coordinates": [7.866667, 45.883333]}}, {"type": "Feature", "properties": {"wikidata": "Q2488430", "name": "Q2488430", "status": "done", "osm_id": "node/1298652102", "category": "insediamento"}, "geometry": {"type": "Point", "coordinates": [7.30416667, 45.87416667]}}, {"type": "Feature", "properties": {"wikidata": "Q2866133", "name": "Q2866133", "status": "done", "osm_id": "relation/1642882", "category": "other"}, "geometry": {"type": "Point", "coordinates": [7.346292, 45.737369]}}, {"type": "Feature", "properties": {"wikidata": "Q2077168", "name": "Q2077168", "status": "done", "osm_id": "node/3086294384", "category": "other"}, "geometry": {"type": "Point", "coordinates": [7.826666666, 45.763888888]}}, {"type": "Feature", "properties": {"wikidata": "Q2152710", "name": "Q2152710", "status": "done", "osm_id": "node/353086852", "category": "other"}, "geometry": {"type": "Point", "coordinates": [6.93097222, 45.79077778]}}, {"type": "Feature", "properties": {"wikidata": "Q2290314", "name": "Q2290314", "status": "done", "osm_id": "node/347555891", "category": "frazione"}, "geometry": {"type": "Point", "coordinates": [7.73333, 45.83333]}}, {"type": "Feature", "properties": {"wikidata": "Q2477166", "name": "Q2477166", "status": "done", "osm_id": "node/13477810038", "category": "other"}, "geometry": {"type": "Point", "coordinates": [7.303917, 45.885583]}}, {"type": "Feature", "properties": {"wikidata": "Q2357459", "name": "Q2357459", "status": "done", "osm_id": "node/437286774", "category": "frazione"}, "geometry": {"type": "Point", "coordinates": [7.34055556, 45.58694444]}}, {"type": "Feature", "properties": {"wikidata": "Q2152701", "name": "Q2152701", "status": "done", "osm_id": "node/353049840", "category": "other"}, "geometry": {"type": "Point", "coordinates": [7.30472, 45.91028]}}, {"type": "Feature", "properties": {"wikidata": "Q2852539", "name": "Q2852539", "status": "done", "osm_id": "node/376903576", "category": "frazione"}, "geometry": {"type": "Point", "coordinates": [7.68665, 45.81132]}}, {"type": "Feature", "properties": {"wikidata": "Q2583852", "name": "Q2583852", "status": "done", "osm_id": "node/1783482582", "category": "other"}, "geometry": {"type": "Point", "coordinates": [7.7056, 45.7542]}}, {"type": "Feature", "properties": {"wikidata": "Q2319621", "name": "Q2319621", "status": "done", "osm_id": "way/162259379", "category": "other"}, "geometry": {"type": "Point", "coordinates": [7.3188535, 45.7436531]}}, {"type": "Feature", "properties": {"wikidata": "Q2286217", "name": "Q2286217", "status": "done", "osm_id": "node/1253990488", "category": "frazione"}, "geometry": {"type": "Point", "coordinates": [7.60047, 45.83167]}}, {"type": "Feature", "properties": {"wikidata": "Q2281174", "name": "Q2281174", "status": "done", "osm_id": "node/13467924049", "category": "other"}, "geometry": {"type": "Point", "coordinates": [6.814012, 45.733627]}}, {"type": "Feature", "properties": {"wikidata": "Q2598084", "name": "Q2598084", "status": "done", "osm_id": "node/26862459", "category": "montagna"}, "geometry": {"type": "Point", "coordinates": [6.99972222, 45.505]}}, {"type": "Feature", "properties": {"wikidata": "Q2463825", "name": "Q2463825", "status": "done", "osm_id": "node/1607482596", "category": "montagna"}, "geometry": {"type": "Point", "coordinates": [7.03916667, 45.83055556]}}, {"type": "Feature", "properties": {"wikidata": "Q1701187", "name": "Q1701187", "status": "done", "osm_id": "node/353049798", "category": "other"}, "geometry": {"type": "Point", "coordinates": [7.7395, 45.83344444]}}, {"type": "Feature", "properties": {"wikidata": "Q2874872", "name": "Q2874872", "status": "missing", "osm_id": null, "category": "other"}, "geometry": {"type": "Point", "coordinates": [7.74122, 45.6095]}}, {"type": "Feature", "properties": {"wikidata": "Q2691729", "name": "Q2691729", "status": "done", "osm_id": "node/477941306", "category": "other"}, "geometry": {"type": "Point", "coordinates": [6.9919, 45.7423]}}, {"type": "Feature", "properties": {"wikidata": "Q2904982", "name": "Q2904982", "status": "done", "osm_id": "node/13100829532", "category": "other"}, "geometry": {"type": "Point", "coordinates": [7.8572, 45.9134]}}, {"type": "Feature", "properties": {"wikidata": "Q2503017", "name": "Q2503017", "status": "missing", "osm_id": null, "category": "palazzo"}, "geometry": {"type": "Point", "coordinates": [7.337555555, 45.741472222]}}, {"type": "Feature", "properties": {"wikidata": "Q2620095", "name": "Q2620095", "status": "done", "osm_id": "node/1356298568", "category": "montagna"}, "geometry": {"type": "Point", "coordinates": [7.77527778, 45.9325]}}, {"type": "Feature", "properties": {"wikidata": "Q2097847", "name": "Q2097847", "status": "done", "osm_id": "way/138534974", "category": "other"}, "geometry": {"type": "Point", "coordinates": [7.49361111, 45.89805556]}}, {"type": "Feature", "properties": {"wikidata": "Q2904980", "name": "Q2904980", "status": "done", "osm_id": "node/355336822", "category": "other"}, "geometry": {"type": "Point", "coordinates": [6.89027778, 45.81777778]}}, {"type": "Feature", "properties": {"wikidata": "Q2126879", "name": "Q2126879", "status": "missing", "osm_id": null, "category": "other"}, "geometry": {"type": "Point", "coordinates": [7.33, 45.83]}}, {"type": "Feature", "properties": {"wikidata": "Q2967831", "name": "Q2967831", "status": "done", "osm_id": "relation/6910436", "category": "other"}, "geometry": {"type": "Point", "coordinates": [7.798280555, 45.600338888]}}, {"type": "Feature", "properties": {"wikidata": "Q2013330", "name": "Q2013330", "status": "done", "osm_id": "way/116457535", "category": "other"}, "geometry": {"type": "Point", "coordinates": [7.312014, 45.887219]}}, {"type": "Feature", "properties": {"wikidata": "Q2152679", "name": "Q2152679", "status": "done", "osm_id": "way/131721336", "category": "other"}, "geometry": {"type": "Point", "coordinates": [7.06019444, 45.58880556]}}, {"type": "Feature", "properties": {"wikidata": "Q1705506", "name": "Q1705506", "status": "done", "osm_id": "node/307676211", "category": "montagna"}, "geometry": {"type": "Point", "coordinates": [6.802524, 45.778417]}}, {"type": "Feature", "properties": {"wikidata": "Q2135106", "name": "Q2135106", "status": "done", "osm_id": "way/140925642", "category": "other"}, "geometry": {"type": "Point", "coordinates": [7.282508333, 45.89385]}}, {"type": "Feature", "properties": {"wikidata": "Q2876369", "name": "Q2876369", "status": "missing", "osm_id": null, "category": "other"}, "geometry": {"type": "Point", "coordinates": [7.117, 45.567]}}, {"type": "Feature", "properties": {"wikidata": "Q2888732", "name": "Q2888732", "status": "done", "osm_id": "way/32673896", "category": "other"}, "geometry": {"type": "Point", "coordinates": [6.84416667, 45.82277778]}}, {"type": "Feature", "properties": {"wikidata": "Q2152719", "name": "Q2152719", "status": "done", "osm_id": "way/131662229", "category": "other"}, "geometry": {"type": "Point", "coordinates": [7.01805556, 45.54083333]}}, {"type": "Feature", "properties": {"wikidata": "Q1801525", "name": "Q1801525", "status": "done", "osm_id": "node/1777747187", "category": "other"}, "geometry": {"type": "Point", "coordinates": [7.65416667, 45.94138889]}}, {"type": "Feature", "properties": {"wikidata": "Q2968186", "name": "Q2968186", "status": "done", "osm_id": "way/187668299", "category": "castello"}, "geometry": {"type": "Point", "coordinates": [7.140064, 45.708867]}}, {"type": "Feature", "properties": {"wikidata": "Q1976492", "name": "Q1976492", "status": "done", "osm_id": "node/965917900", "category": "montagna"}, "geometry": {"type": "Point", "coordinates": [7.02917, 45.6714]}}, {"type": "Feature", "properties": {"wikidata": "Q18495130", "name": "Q18495130", "status": "done", "osm_id": "node/1703412059", "category": "insediamento"}, "geometry": {"type": "Point", "coordinates": [7.70614, 45.69841]}}, {"type": "Feature", "properties": {"wikidata": "Q15029778", "name": "Q15029778", "status": "done", "osm_id": "way/227410286", "category": "other"}, "geometry": {"type": "Point", "coordinates": [7.31667, 45.7333]}}, {"type": "Feature", "properties": {"wikidata": "Q16617015", "name": "Q16617015", "status": "done", "osm_id": "way/333777264", "category": "torre"}, "geometry": {"type": "Point", "coordinates": [7.638304, 45.75481]}}, {"type": "Feature", "properties": {"wikidata": "Q12912417", "name": "Q12912417", "status": "missing", "osm_id": null, "category": "other"}, "geometry": {"type": "Point", "coordinates": [7.12608, 45.70581]}}, {"type": "Feature", "properties": {"wikidata": "Q18495136", "name": "Q18495136", "status": "done", "osm_id": "node/963950954", "category": "insediamento"}, "geometry": {"type": "Point", "coordinates": [7.27722, 45.80582]}}, {"type": "Feature", "properties": {"wikidata": "Q4012803", "name": "Q4012803", "status": "done", "osm_id": "way/670954093", "category": "museo"}, "geometry": {"type": "Point", "coordinates": [7.319418, 45.743726]}}, {"type": "Feature", "properties": {"wikidata": "Q18495138", "name": "Q18495138", "status": "done", "osm_id": "node/1350664839", "category": "frazione"}, "geometry": {"type": "Point", "coordinates": [7.68854, 45.75686]}}, {"type": "Feature", "properties": {"wikidata": "Q9168245", "name": "Q9168245", "status": "done", "osm_id": "node/963368362", "category": "montagna"}, "geometry": {"type": "Point", "coordinates": [7.33639, 45.5214]}}, {"type": "Feature", "properties": {"wikidata": "Q16538107", "name": "Q16538107", "status": "missing", "osm_id": null, "category": "castello"}, "geometry": {"type": "Point", "coordinates": [7.305928, 45.818566]}}, {"type": "Feature", "properties": {"wikidata": "Q16549309", "name": "Q16549309", "status": "done", "osm_id": "node/1550348708", "category": "frazione"}, "geometry": {"type": "Point", "coordinates": [7.088638888, 45.726138888]}}, {"type": "Feature", "properties": {"wikidata": "Q18288898", "name": "Q18288898", "status": "done", "osm_id": "node/2049996602", "category": "other"}, "geometry": {"type": "Point", "coordinates": [7.65598, 45.74309]}}, {"type": "Feature", "properties": {"wikidata": "Q18495156", "name": "Q18495156", "status": "done", "osm_id": "relation/20128209", "category": "insediamento"}, "geometry": {"type": "Point", "coordinates": [7.61716, 45.81329]}}, {"type": "Feature", "properties": {"wikidata": "Q18288366", "name": "Q18288366", "status": "done", "osm_id": "node/1265327277", "category": "insediamento"}, "geometry": {"type": "Point", "coordinates": [7.57141, 45.7578]}}, {"type": "Feature", "properties": {"wikidata": "Q17624170", "name": "Q17624170", "status": "done", "osm_id": "relation/6915148", "category": "other"}, "geometry": {"type": "Point", "coordinates": [7.811161111, 45.595711111]}}, {"type": "Feature", "properties": {"wikidata": "Q9360232", "name": "Q9360232", "status": "done", "osm_id": "node/964750479", "category": "montagna"}, "geometry": {"type": "Point", "coordinates": [7.36056, 45.5314]}}, {"type": "Feature", "properties": {"wikidata": "Q18495145", "name": "Q18495145", "status": "done", "osm_id": "node/4554169667", "category": "insediamento"}, "geometry": {"type": "Point", "coordinates": [7.61647, 45.62709]}}, {"type": "Feature", "properties": {"wikidata": "Q16575070", "name": "Q16575070", "status": "done", "osm_id": "way/964539989", "category": "archivio"}, "geometry": {"type": "Point", "coordinates": [7.072677, 45.746962]}}, {"type": "Feature", "properties": {"wikidata": "Q18495131", "name": "Q18495131", "status": "done", "osm_id": "node/2398246171", "category": "insediamento"}, "geometry": {"type": "Point", "coordinates": [7.30503, 45.69477]}}, {"type": "Feature", "properties": {"wikidata": "Q13100858", "name": "Q13100858", "status": "missing", "osm_id": null, "category": "frazione"}, "geometry": {"type": "Point", "coordinates": [6.969810148, 45.800969109]}}, {"type": "Feature", "properties": {"wikidata": "Q16537673", "name": "Q16537673", "status": "done", "osm_id": "node/1456970217", "category": "other"}, "geometry": {"type": "Point", "coordinates": [7.08353, 45.672721]}}, {"type": "Feature", "properties": {"wikidata": "Q18495171", "name": "Q18495171", "status": "done", "osm_id": "node/1258225831", "category": "insediamento"}, "geometry": {"type": "Point", "coordinates": [7.52698, 45.7594]}}, {"type": "Feature", "properties": {"wikidata": "Q16599565", "name": "Q16599565", "status": "done", "osm_id": "node/13478057104", "category": "frazione"}, "geometry": {"type": "Point", "coordinates": [7.68333333, 45.7]}}, {"type": "Feature", "properties": {"wikidata": "Q18495152", "name": "Q18495152", "status": "done", "osm_id": "node/1743338356", "category": "insediamento"}, "geometry": {"type": "Point", "coordinates": [7.30633, 45.75421]}}, {"type": "Feature", "properties": {"wikidata": "Q11785339", "name": "Q11785339", "status": "done", "osm_id": "node/8681658959", "category": "montagna"}, "geometry": {"type": "Point", "coordinates": [6.98889, 45.6992]}}, {"type": "Feature", "properties": {"wikidata": "Q18495134", "name": "Q18495134", "status": "done", "osm_id": "node/1470877133", "category": "insediamento"}, "geometry": {"type": "Point", "coordinates": [7.75996, 45.61211]}}, {"type": "Feature", "properties": {"wikidata": "Q16557860", "name": "Q16557860", "status": "done", "osm_id": "way/289460639", "category": "other"}, "geometry": {"type": "Point", "coordinates": [7.652029, 45.750047]}}, {"type": "Feature", "properties": {"wikidata": "Q16579502", "name": "Q16579502", "status": "done", "osm_id": "node/3984618030", "category": "montagna"}, "geometry": {"type": "Point", "coordinates": [7.894, 45.608]}}, {"type": "Feature", "properties": {"wikidata": "Q18495154", "name": "Q18495154", "status": "done", "osm_id": "node/1313021710", "category": "insediamento"}, "geometry": {"type": "Point", "coordinates": [7.13288, 45.5903]}}, {"type": "Feature", "properties": {"wikidata": "Q16541326", "name": "Q16541326", "status": "done", "osm_id": "way/247161958", "category": "cimitero"}, "geometry": {"type": "Point", "coordinates": [7.32488, 45.74058]}}, {"type": "Feature", "properties": {"wikidata": "Q18495137", "name": "Q18495137", "status": "done", "osm_id": "node/1682185034", "category": "insediamento"}, "geometry": {"type": "Point", "coordinates": [7.75145, 45.72883]}}, {"type": "Feature", "properties": {"wikidata": "Q18495174", "name": "Q18495174", "status": "done", "osm_id": "node/1511861567", "category": "insediamento"}, "geometry": {"type": "Point", "coordinates": [7.3, 45.86667]}}, {"type": "Feature", "properties": {"wikidata": "Q16537662", "name": "Q16537662", "status": "done", "osm_id": "way/161482709", "category": "other"}, "geometry": {"type": "Point", "coordinates": [6.96125, 45.81527778]}}, {"type": "Feature", "properties": {"wikidata": "Q4332692", "name": "Q4332692", "status": "missing", "osm_id": null, "category": "other"}, "geometry": {"type": "Point", "coordinates": [7.316667, 45.85]}}, {"type": "Feature", "properties": {"wikidata": "Q11651676", "name": "Q11651676", "status": "done", "osm_id": "way/60805921", "category": "other"}, "geometry": {"type": "Point", "coordinates": [6.85907, 45.7744]}}, {"type": "Feature", "properties": {"wikidata": "Q18095506", "name": "Q18095506", "status": "done", "osm_id": "node/1673754147", "category": "montagna"}, "geometry": {"type": "Point", "coordinates": [7.9269, 45.7347]}}, {"type": "Feature", "properties": {"wikidata": "Q16508067", "name": "Q16508067", "status": "done", "osm_id": "node/2022745761", "category": "other"}, "geometry": {"type": "Point", "coordinates": [7.41461, 45.7414]}}, {"type": "Feature", "properties": {"wikidata": "Q18495164", "name": "Q18495164", "status": "done", "osm_id": "node/963951023", "category": "insediamento"}, "geometry": {"type": "Point", "coordinates": [7.27955, 45.80359]}}, {"type": "Feature", "properties": {"wikidata": "Q16556952", "name": "Q16556952", "status": "done", "osm_id": "node/2913980723", "category": "other"}, "geometry": {"type": "Point", "coordinates": [7.74258333, 45.63386111]}}, {"type": "Feature", "properties": {"wikidata": "Q16538196", "name": "Q16538196", "status": "missing", "osm_id": null, "category": "castello"}, "geometry": {"type": "Point", "coordinates": [7.08947222, 45.72502778]}}, {"type": "Feature", "properties": {"wikidata": "Q18168793", "name": "Q18168793", "status": "done", "osm_id": "node/285908323", "category": "montagna"}, "geometry": {"type": "Point", "coordinates": [7.49466, 45.6036]}}, {"type": "Feature", "properties": {"wikidata": "Q18495167", "name": "Q18495167", "status": "done", "osm_id": "node/2408000916", "category": "insediamento"}, "geometry": {"type": "Point", "coordinates": [7.36674, 45.74894]}}, {"type": "Feature", "properties": {"wikidata": "Q16613142", "name": "Q16613142", "status": "done", "osm_id": "way/1118748353", "category": "other"}, "geometry": {"type": "Point", "coordinates": [6.985688888, 45.761888888]}}, {"type": "Feature", "properties": {"wikidata": "Q13430801", "name": "Q13430801", "status": "done", "osm_id": "way/459598149", "category": "castello"}, "geometry": {"type": "Point", "coordinates": [7.622303, 45.62307]}}, {"type": "Feature", "properties": {"wikidata": "Q15958440", "name": "Q15958440", "status": "done", "osm_id": "node/1727885809", "category": "other"}, "geometry": {"type": "Point", "coordinates": [7.6913456, 45.6690207]}}, {"type": "Feature", "properties": {"wikidata": "Q16596810", "name": "Q16596810", "status": "done", "osm_id": "way/554496547", "category": "other"}, "geometry": {"type": "Point", "coordinates": [7.55113, 45.77854]}}, {"type": "Feature", "properties": {"wikidata": "Q13475790", "name": "Q13475790", "status": "missing", "osm_id": null, "category": "other"}, "geometry": {"type": "Point", "coordinates": [6.9, 45.783]}}, {"type": "Feature", "properties": {"wikidata": "Q14930440", "name": "Q14930440", "status": "missing", "osm_id": null, "category": "other"}, "geometry": {"type": "Point", "coordinates": [7.164469444, 45.717030555]}}, {"type": "Feature", "properties": {"wikidata": "Q14901004", "name": "Q14901004", "status": "done", "osm_id": "node/2350030617", "category": "montagna"}, "geometry": {"type": "Point", "coordinates": [7.906, 45.691]}}, {"type": "Feature", "properties": {"wikidata": "Q5600028", "name": "Q5600028", "status": "done", "osm_id": "relation/3841858", "category": "other"}, "geometry": {"type": "Point", "coordinates": [7.16722222, 45.86861111]}}, {"type": "Feature", "properties": {"wikidata": "Q18495143", "name": "Q18495143", "status": "done", "osm_id": "node/1618964291", "category": "insediamento"}, "geometry": {"type": "Point", "coordinates": [7.08511, 45.75304]}}, {"type": "Feature", "properties": {"wikidata": "Q16617086", "name": "Q16617086", "status": "done", "osm_id": "way/165572081", "category": "castello"}, "geometry": {"type": "Point", "coordinates": [7.81377778, 45.61683333]}}, {"type": "Feature", "properties": {"wikidata": "Q16550222", "name": "Q16550222", "status": "done", "osm_id": "node/1258225905", "category": "frazione"}, "geometry": {"type": "Point", "coordinates": [7.53333333, 45.76666667]}}, {"type": "Feature", "properties": {"wikidata": "Q16613284", "name": "Q16613284", "status": "done", "osm_id": "node/1271772707", "category": "montagna"}, "geometry": {"type": "Point", "coordinates": [7.7224332, 45.7446416]}}, {"type": "Feature", "properties": {"wikidata": "Q16537666", "name": "Q16537666", "status": "missing", "osm_id": null, "category": "other"}, "geometry": {"type": "Point", "coordinates": [7.35577778, 45.60491667]}}, {"type": "Feature", "properties": {"wikidata": "Q16585327", "name": "Q16585327", "status": "missing", "osm_id": null, "category": "other"}, "geometry": {"type": "Point", "coordinates": [7.313588, 45.740779]}}, {"type": "Feature", "properties": {"wikidata": "Q16540307", "name": "Q16540307", "status": "done", "osm_id": "node/2129572615", "category": "other"}, "geometry": {"type": "Point", "coordinates": [7.482328, 45.737667]}}, {"type": "Feature", "properties": {"wikidata": "Q17624192", "name": "Q17624192", "status": "missing", "osm_id": null, "category": "castello"}, "geometry": {"type": "Point", "coordinates": [7.08892, 45.7255]}}, {"type": "Feature", "properties": {"wikidata": "Q18495133", "name": "Q18495133", "status": "done", "osm_id": "node/963952120", "category": "insediamento"}, "geometry": {"type": "Point", "coordinates": [7.29964, 45.81868]}}, {"type": "Feature", "properties": {"wikidata": "Q16507699", "name": "Q16507699", "status": "missing", "osm_id": null, "category": "other"}, "geometry": {"type": "Point", "coordinates": [7.14798, 45.8205]}}, {"type": "Feature", "properties": {"wikidata": "Q16487658", "name": "Q16487658", "status": "done", "osm_id": "node/3977814006", "category": "montagna"}, "geometry": {"type": "Point", "coordinates": [7.00318, 45.8618]}}, {"type": "Feature", "properties": {"wikidata": "Q18495169", "name": "Q18495169", "status": "done", "osm_id": "node/963952682", "category": "insediamento"}, "geometry": {"type": "Point", "coordinates": [7.39145, 45.86157]}}, {"type": "Feature", "properties": {"wikidata": "Q5880622", "name": "Q5880622", "status": "done", "osm_id": "way/32673906", "category": "other"}, "geometry": {"type": "Point", "coordinates": [6.820098, 45.825563]}}, {"type": "Feature", "properties": {"wikidata": "Q16538064", "name": "Q16538064", "status": "missing", "osm_id": null, "category": "castello"}, "geometry": {"type": "Point", "coordinates": [7.325697222, 45.722452777]}}, {"type": "Feature", "properties": {"wikidata": "Q18495148", "name": "Q18495148", "status": "done", "osm_id": "node/1759575235", "category": "insediamento"}, "geometry": {"type": "Point", "coordinates": [7.48398, 45.75198]}}, {"type": "Feature", "properties": {"wikidata": "Q18495149", "name": "Q18495149", "status": "done", "osm_id": "node/1438692133", "category": "insediamento"}, "geometry": {"type": "Point", "coordinates": [7.54134, 45.73769]}}, {"type": "Feature", "properties": {"wikidata": "Q16508066", "name": "Q16508066", "status": "done", "osm_id": "relation/7681476", "category": "other"}, "geometry": {"type": "Point", "coordinates": [7.25843, 45.7179]}}, {"type": "Feature", "properties": {"wikidata": "Q14271436", "name": "Q14271436", "status": "missing", "osm_id": null, "category": "museo"}, "geometry": {"type": "Point", "coordinates": [7.18762, 45.69]}}, {"type": "Feature", "properties": {"wikidata": "Q15639833", "name": "Q15639833", "status": "missing", "osm_id": null, "category": "other"}, "geometry": {"type": "Point", "coordinates": [7.4362, 45.7362]}}, {"type": "Feature", "properties": {"wikidata": "Q16540169", "name": "Q16540169", "status": "done", "osm_id": "way/120676742", "category": "chiesa"}, "geometry": {"type": "Point", "coordinates": [7.8254, 45.77911]}}, {"type": "Feature", "properties": {"wikidata": "Q16532761", "name": "Q16532761", "status": "done", "osm_id": "node/355336826", "category": "other"}, "geometry": {"type": "Point", "coordinates": [6.87321, 45.81943]}}, {"type": "Feature", "properties": {"wikidata": "Q18495147", "name": "Q18495147", "status": "done", "osm_id": "node/3675496009", "category": "insediamento"}, "geometry": {"type": "Point", "coordinates": [7.7466, 45.7392]}}, {"type": "Feature", "properties": {"wikidata": "Q16539554", "name": "Q16539554", "status": "missing", "osm_id": null, "category": "frazione"}, "geometry": {"type": "Point", "coordinates": [7.2748, 45.7275]}}, {"type": "Feature", "properties": {"wikidata": "Q16616935", "name": "Q16616935", "status": "done", "osm_id": "way/161264912", "category": "torre"}, "geometry": {"type": "Point", "coordinates": [7.2135, 45.70625]}}, {"type": "Feature", "properties": {"wikidata": "Q18495162", "name": "Q18495162", "status": "done", "osm_id": "node/1556277594", "category": "insediamento"}, "geometry": {"type": "Point", "coordinates": [7.43235, 45.75988]}}, {"type": "Feature", "properties": {"wikidata": "Q16542884", "name": "Q16542884", "status": "done", "osm_id": "node/1279178727", "category": "other"}, "geometry": {"type": "Point", "coordinates": [7.786811, 45.818781]}}, {"type": "Feature", "properties": {"wikidata": "Q13580496", "name": "Q13580496", "status": "done", "osm_id": "way/246859214", "category": "castello"}, "geometry": {"type": "Point", "coordinates": [7.29843, 45.73151]}}, {"type": "Feature", "properties": {"wikidata": "Q3096244", "name": "Q3096244", "status": "done", "osm_id": "node/1640274974", "category": "other"}, "geometry": {"type": "Point", "coordinates": [7.61933, 45.7434]}}, {"type": "Feature", "properties": {"wikidata": "Q1147746", "name": "Q1147746", "status": "done", "osm_id": "way/165221309", "category": "other"}, "geometry": {"type": "Point", "coordinates": [7.685492, 45.654424]}}, {"type": "Feature", "properties": {"wikidata": "Q3662356", "name": "Q3662356", "status": "done", "osm_id": "way/439618026", "category": "castello"}, "geometry": {"type": "Point", "coordinates": [7.346999, 45.748139]}}, {"type": "Feature", "properties": {"wikidata": "Q1455968", "name": "Q1455968", "status": "done", "osm_id": "node/353084260", "category": "other"}, "geometry": {"type": "Point", "coordinates": [7.04027778, 45.89388889]}}, {"type": "Feature", "properties": {"wikidata": "Q3640551", "name": "Q3640551", "status": "done", "osm_id": "way/115830106", "category": "other"}, "geometry": {"type": "Point", "coordinates": [7.54809, 45.862416]}}, {"type": "Feature", "properties": {"wikidata": "Q2982291", "name": "Q2982291", "status": "done", "osm_id": "node/5379031155", "category": "other"}, "geometry": {"type": "Point", "coordinates": [7.8604441, 45.9187314]}}, {"type": "Feature", "properties": {"wikidata": "Q1345705", "name": "Q1345705", "status": "done", "osm_id": "node/6126335144", "category": "other"}, "geometry": {"type": "Point", "coordinates": [6.883888888, 45.680277777]}}, {"type": "Feature", "properties": {"wikidata": "Q3995394", "name": "Q3995394", "status": "done", "osm_id": "way/323544504", "category": "torre"}, "geometry": {"type": "Point", "coordinates": [7.26411111, 45.71308333]}}, {"type": "Feature", "properties": {"wikidata": "Q3995331", "name": "Q3995331", "status": "done", "osm_id": "way/161700380", "category": "torre"}, "geometry": {"type": "Point", "coordinates": [7.281523, 45.716242]}}, {"type": "Feature", "properties": {"wikidata": "Q3661387", "name": "Q3661387", "status": "missing", "osm_id": null, "category": "other"}, "geometry": {"type": "Point", "coordinates": [7.32558333, 45.82566667]}}, {"type": "Feature", "properties": {"wikidata": "Q3995636", "name": "Q3995636", "status": "missing", "osm_id": null, "category": "torre"}, "geometry": {"type": "Point", "coordinates": [7.235243, 45.822348]}}, {"type": "Feature", "properties": {"wikidata": "Q3005966", "name": "Q3005966", "status": "done", "osm_id": "way/529715015", "category": "other"}, "geometry": {"type": "Point", "coordinates": [7.31733, 45.7379]}}, {"type": "Feature", "properties": {"wikidata": "Q3640564", "name": "Q3640564", "status": "done", "osm_id": "node/355336880", "category": "other"}, "geometry": {"type": "Point", "coordinates": [7.586435, 45.93496]}}, {"type": "Feature", "properties": {"wikidata": "Q1094492", "name": "Q1094492", "status": "done", "osm_id": "node/1734510139", "category": "other"}, "geometry": {"type": "Point", "coordinates": [6.96197, 45.81603]}}, {"type": "Feature", "properties": {"wikidata": "Q1151985", "name": "Q1151985", "status": "done", "osm_id": "node/307195544", "category": "montagna"}, "geometry": {"type": "Point", "coordinates": [7.006666666, 45.887222222]}}, {"type": "Feature", "properties": {"wikidata": "Q2968191", "name": "Q2968191", "status": "done", "osm_id": "way/180736202", "category": "other"}, "geometry": {"type": "Point", "coordinates": [7.2481824, 45.7023871]}}, {"type": "Feature", "properties": {"wikidata": "Q3640574", "name": "Q3640574", "status": "done", "osm_id": "node/355336909", "category": "other"}, "geometry": {"type": "Point", "coordinates": [7.576278, 45.949371]}}, {"type": "Feature", "properties": {"wikidata": "Q1448718", "name": "Q1448718", "status": "done", "osm_id": "way/58526794", "category": "other"}, "geometry": {"type": "Point", "coordinates": [7.22954, 45.51259]}}, {"type": "Feature", "properties": {"wikidata": "Q3640576", "name": "Q3640576", "status": "done", "osm_id": "node/355336801", "category": "other"}, "geometry": {"type": "Point", "coordinates": [7.609695, 45.947714]}}, {"type": "Feature", "properties": {"wikidata": "Q3640575", "name": "Q3640575", "status": "done", "osm_id": "way/296036027", "category": "other"}, "geometry": {"type": "Point", "coordinates": [7.790952, 45.822903]}}, {"type": "Feature", "properties": {"wikidata": "Q1093086", "name": "Q1093086", "status": "done", "osm_id": "way/77455428", "category": "other"}, "geometry": {"type": "Point", "coordinates": [6.83222222, 45.81916667]}}, {"type": "Feature", "properties": {"wikidata": "Q1578316", "name": "Q1578316", "status": "done", "osm_id": "node/307195579", "category": "montagna"}, "geometry": {"type": "Point", "coordinates": [7.00388889, 45.89972222]}}, {"type": "Feature", "properties": {"wikidata": "Q4008264", "name": "Q4008264", "status": "missing", "osm_id": null, "category": "other"}, "geometry": {"type": "Point", "coordinates": [7.45, 45.68]}}, {"type": "Feature", "properties": {"wikidata": "Q3097235", "name": "Q3097235", "status": "done", "osm_id": "node/2049882388", "category": "other"}, "geometry": {"type": "Point", "coordinates": [7.47114, 45.7389]}}, {"type": "Feature", "properties": {"wikidata": "Q1060416", "name": "Q1060416", "status": "done", "osm_id": "node/564536298", "category": "other"}, "geometry": {"type": "Point", "coordinates": [7.28833333, 45.71861111]}}, {"type": "Feature", "properties": {"wikidata": "Q2981952", "name": "Q2981952", "status": "done", "osm_id": "node/13467930732", "category": "other"}, "geometry": {"type": "Point", "coordinates": [6.8083, 45.8125]}}, {"type": "Feature", "properties": {"wikidata": "Q3095712", "name": "Q3095712", "status": "done", "osm_id": "node/2049927108", "category": "other"}, "geometry": {"type": "Point", "coordinates": [7.13131, 45.7063]}}, {"type": "Feature", "properties": {"wikidata": "Q3998431", "name": "Q3998431", "status": "done", "osm_id": "node/482415668", "category": "montagna"}, "geometry": {"type": "Point", "coordinates": [7.26361, 45.5003]}}, {"type": "Feature", "properties": {"wikidata": "Q3096649", "name": "Q3096649", "status": "done", "osm_id": "node/1747335198", "category": "other"}, "geometry": {"type": "Point", "coordinates": [7.74135, 45.614]}}, {"type": "Feature", "properties": {"wikidata": "Q2982253", "name": "Q2982253", "status": "done", "osm_id": "node/917996027", "category": "other"}, "geometry": {"type": "Point", "coordinates": [7.78083, 45.8686]}}, {"type": "Feature", "properties": {"wikidata": "Q1140301", "name": "Q1140301", "status": "done", "osm_id": "way/254529621", "category": "other"}, "geometry": {"type": "Point", "coordinates": [7.6475, 45.973055555]}}, {"type": "Feature", "properties": {"wikidata": "Q3936733", "name": "Q3936733", "status": "done", "osm_id": "way/199150666", "category": "other"}, "geometry": {"type": "Point", "coordinates": [7.33261, 45.75031]}}, {"type": "Feature", "properties": {"wikidata": "Q3944986", "name": "Q3944986", "status": "missing", "osm_id": null, "category": "other"}, "geometry": {"type": "Point", "coordinates": [7.459877, 45.735411]}}, {"type": "Feature", "properties": {"wikidata": "Q1141333", "name": "Q1141333", "status": "done", "osm_id": "way/148453152", "category": "other"}, "geometry": {"type": "Point", "coordinates": [6.88388889, 45.79944444]}}, {"type": "Feature", "properties": {"wikidata": "Q3935591", "name": "Q3935591", "status": "done", "osm_id": "way/494249190", "category": "other"}, "geometry": {"type": "Point", "coordinates": [6.95082, 45.82914]}}, {"type": "Feature", "properties": {"wikidata": "Q1140357", "name": "Q1140357", "status": "done", "osm_id": "node/1603857953", "category": "other"}, "geometry": {"type": "Point", "coordinates": [7.55166667, 45.61194444]}}, {"type": "Feature", "properties": {"wikidata": "Q3068431", "name": "Q3068431", "status": "done", "osm_id": "node/285896730", "category": "other"}, "geometry": {"type": "Point", "coordinates": [7.49778, 45.6006]}}, {"type": "Feature", "properties": {"wikidata": "Q3003706", "name": "Q3003706", "status": "done", "osm_id": "way/370348566", "category": "other"}, "geometry": {"type": "Point", "coordinates": [6.883931, 45.680406]}}, {"type": "Feature", "properties": {"wikidata": "Q3058156", "name": "Q3058156", "status": "missing", "osm_id": null, "category": "other"}, "geometry": {"type": "Point", "coordinates": [6.893295, 45.672172]}}, {"type": "Feature", "properties": {"wikidata": "Q1339290", "name": "Q1339290", "status": "done", "osm_id": "way/164988572", "category": "other"}, "geometry": {"type": "Point", "coordinates": [7.80009985, 45.59932628]}}, {"type": "Feature", "properties": {"wikidata": "Q3640563", "name": "Q3640563", "status": "done", "osm_id": "node/355336895", "category": "other"}, "geometry": {"type": "Point", "coordinates": [7.605334, 45.964784]}}, {"type": "Feature", "properties": {"wikidata": "Q3661388", "name": "Q3661388", "status": "done", "osm_id": "way/143112175", "category": "other"}, "geometry": {"type": "Point", "coordinates": [7.3075, 45.79205556]}}, {"type": "Feature", "properties": {"wikidata": "Q3971611", "name": "Q3971611", "status": "missing", "osm_id": null, "category": "other"}, "geometry": {"type": "Point", "coordinates": [6.97, 45.78]}}, {"type": "Feature", "properties": {"wikidata": "Q1158934", "name": "Q1158934", "status": "done", "osm_id": "node/1555756065", "category": "montagna"}, "geometry": {"type": "Point", "coordinates": [6.856296, 45.685528]}}, {"type": "Feature", "properties": {"wikidata": "Q1140360", "name": "Q1140360", "status": "done", "osm_id": "way/130763339", "category": "other"}, "geometry": {"type": "Point", "coordinates": [7.48777778, 45.59597222]}}, {"type": "Feature", "properties": {"wikidata": "Q1548932", "name": "Q1548932", "status": "missing", "osm_id": null, "category": "other"}, "geometry": {"type": "Point", "coordinates": [7.233, 45.817]}}, {"type": "Feature", "properties": {"wikidata": "Q3640558", "name": "Q3640558", "status": "done", "osm_id": "node/355336865", "category": "other"}, "geometry": {"type": "Point", "coordinates": [7.00361111, 45.86222222]}}, {"type": "Feature", "properties": {"wikidata": "Q1093074", "name": "Q1093074", "status": "done", "osm_id": "node/353085969", "category": "other"}, "geometry": {"type": "Point", "coordinates": [6.93083333, 45.80055556]}}, {"type": "Feature", "properties": {"wikidata": "Q1546035", "name": "Q1546035", "status": "done", "osm_id": "way/61579174", "category": "other"}, "geometry": {"type": "Point", "coordinates": [7.14277778, 45.47972222]}}, {"type": "Feature", "properties": {"wikidata": "Q3053755", "name": "Q3053755", "status": "missing", "osm_id": null, "category": "other"}, "geometry": {"type": "Point", "coordinates": [7.321115, 45.7380024]}}, {"type": "Feature", "properties": {"wikidata": "Q3662352", "name": "Q3662352", "status": "missing", "osm_id": null, "category": "castello"}, "geometry": {"type": "Point", "coordinates": [7.04947222, 45.75655556]}}, {"type": "Feature", "properties": {"wikidata": "Q3640553", "name": "Q3640553", "status": "done", "osm_id": "way/148477766", "category": "other"}, "geometry": {"type": "Point", "coordinates": [7.017345, 45.795619]}}, {"type": "Feature", "properties": {"wikidata": "Q1140512", "name": "Q1140512", "status": "done", "osm_id": "node/353049808", "category": "other"}, "geometry": {"type": "Point", "coordinates": [7.69361111, 45.85861111]}}, {"type": "Feature", "properties": {"wikidata": "Q2971958", "name": "Q2971958", "status": "done", "osm_id": "way/365395705", "category": "castello"}, "geometry": {"type": "Point", "coordinates": [7.211234, 45.70207]}}, {"type": "Feature", "properties": {"wikidata": "Q3640562", "name": "Q3640562", "status": "done", "osm_id": "node/355336813", "category": "other"}, "geometry": {"type": "Point", "coordinates": [7.668985, 45.971575]}}, {"type": "Feature", "properties": {"wikidata": "Q3662355", "name": "Q3662355", "status": "done", "osm_id": "way/194265521", "category": "castello"}, "geometry": {"type": "Point", "coordinates": [7.612672, 45.75038]}}, {"type": "Feature", "properties": {"wikidata": "Q1612085", "name": "Q1612085", "status": "missing", "osm_id": null, "category": "other"}, "geometry": {"type": "Point", "coordinates": [7.34138889, 45.61463889]}}, {"type": "Feature", "properties": {"wikidata": "Q3995569", "name": "Q3995569", "status": "done", "osm_id": "way/146700995", "category": "torre"}, "geometry": {"type": "Point", "coordinates": [7.296695, 45.778081]}}, {"type": "Feature", "properties": {"wikidata": "Q3095656", "name": "Q3095656", "status": "done", "osm_id": "node/1741361232", "category": "other"}, "geometry": {"type": "Point", "coordinates": [7.322261, 45.734122]}}, {"type": "Feature", "properties": {"wikidata": "Q1061556", "name": "Q1061556", "status": "done", "osm_id": "node/303971106", "category": "other"}, "geometry": {"type": "Point", "coordinates": [7.1421, 45.4803]}}, {"type": "Feature", "properties": {"wikidata": "Q3661386", "name": "Q3661386", "status": "done", "osm_id": "way/164205561", "category": "other"}, "geometry": {"type": "Point", "coordinates": [7.405, 45.74672222]}}, {"type": "Feature", "properties": {"wikidata": "Q3640550", "name": "Q3640550", "status": "done", "osm_id": "node/355336831", "category": "other"}, "geometry": {"type": "Point", "coordinates": [7.585268, 45.921016]}}, {"type": "Feature", "properties": {"wikidata": "Q1410393", "name": "Q1410393", "status": "done", "osm_id": "node/1666029174", "category": "other"}, "geometry": {"type": "Point", "coordinates": [7.3025, 45.57972]}}, {"type": "Feature", "properties": {"wikidata": "Q3961851", "name": "Q3961851", "status": "done", "osm_id": "node/1787516027", "category": "frazione"}, "geometry": {"type": "Point", "coordinates": [7.6241, 45.89309]}}, {"type": "Feature", "properties": {"wikidata": "Q3661384", "name": "Q3661384", "status": "missing", "osm_id": null, "category": "other"}, "geometry": {"type": "Point", "coordinates": [7.07514, 45.7465]}}, {"type": "Feature", "properties": {"wikidata": "Q3661939", "name": "Q3661939", "status": "done", "osm_id": "way/136500016", "category": "other"}, "geometry": {"type": "Point", "coordinates": [6.882441666, 45.688183333]}}, {"type": "Feature", "properties": {"wikidata": "Q1249612", "name": "Q1249612", "status": "done", "osm_id": "way/61579198", "category": "other"}, "geometry": {"type": "Point", "coordinates": [7.14277778, 45.48555556]}}, {"type": "Feature", "properties": {"wikidata": "Q4001286", "name": "Q4001286", "status": "missing", "osm_id": null, "category": "montagna"}, "geometry": {"type": "Point", "coordinates": [7.57614, 45.9497]}}, {"type": "Feature", "properties": {"wikidata": "Q3939361", "name": "Q3939361", "status": "done", "osm_id": "node/1707240514", "category": "montagna"}, "geometry": {"type": "Point", "coordinates": [7.26861, 45.5156]}}, {"type": "Feature", "properties": {"wikidata": "Q3003316", "name": "Q3003316", "status": "done", "osm_id": "node/2548316268", "category": "other"}, "geometry": {"type": "Point", "coordinates": [7.3169434, 45.736585]}}, {"type": "Feature", "properties": {"wikidata": "Q2969002", "name": "Q2969002", "status": "done", "osm_id": "way/164765085", "category": "other"}, "geometry": {"type": "Point", "coordinates": [7.560412, 45.74918]}}, {"type": "Feature", "properties": {"wikidata": "Q3646976", "name": "Q3646976", "status": "done", "osm_id": "node/3977833820", "category": "montagna"}, "geometry": {"type": "Point", "coordinates": [7.064166666, 45.909166666]}}, {"type": "Feature", "properties": {"wikidata": "Q2968346", "name": "Q2968346", "status": "done", "osm_id": "way/120556374", "category": "castello"}, "geometry": {"type": "Point", "coordinates": [7.628421, 45.741583]}}, {"type": "Feature", "properties": {"wikidata": "Q3056760", "name": "Q3056760", "status": "done", "osm_id": "way/137220933", "category": "other"}, "geometry": {"type": "Point", "coordinates": [7.32509, 45.694]}}, {"type": "Feature", "properties": {"wikidata": "Q2982284", "name": "Q2982284", "status": "done", "osm_id": "node/5818422348", "category": "other"}, "geometry": {"type": "Point", "coordinates": [6.93479, 45.84755]}}, {"type": "Feature", "properties": {"wikidata": "Q3097297", "name": "Q3097297", "status": "done", "osm_id": "node/12409228361", "category": "other"}, "geometry": {"type": "Point", "coordinates": [7.79512, 45.5899]}}, {"type": "Feature", "properties": {"wikidata": "Q1065529", "name": "Q1065529", "status": "done", "osm_id": "relation/5397135", "category": "other"}, "geometry": {"type": "Point", "coordinates": [6.898888888, 45.828611111]}}, {"type": "Feature", "properties": {"wikidata": "Q3993884", "name": "Q3993884", "status": "done", "osm_id": "way/355799446", "category": "torre"}, "geometry": {"type": "Point", "coordinates": [7.386241, 45.85018]}}, {"type": "Feature", "properties": {"wikidata": "Q3971444", "name": "Q3971444", "status": "missing", "osm_id": null, "category": "other"}, "geometry": {"type": "Point", "coordinates": [7.31, 45.73]}}, {"type": "Feature", "properties": {"wikidata": "Q1115743", "name": "Q1115743", "status": "done", "osm_id": "node/2758091343", "category": "montagna"}, "geometry": {"type": "Point", "coordinates": [7.01388889, 45.63166667]}}, {"type": "Feature", "properties": {"wikidata": "Q1139789", "name": "Q1139789", "status": "done", "osm_id": "way/137043082", "category": "other"}, "geometry": {"type": "Point", "coordinates": [7.345927777, 45.667927777]}}, {"type": "Feature", "properties": {"wikidata": "Q3995561", "name": "Q3995561", "status": "done", "osm_id": "node/3022544265", "category": "torre"}, "geometry": {"type": "Point", "coordinates": [7.61080556, 45.75308333]}}, {"type": "Feature", "properties": {"wikidata": "Q3640568", "name": "Q3640568", "status": "done", "osm_id": "way/194909761", "category": "other"}, "geometry": {"type": "Point", "coordinates": [7.770596, 45.92967]}}, {"type": "Feature", "properties": {"wikidata": "Q1139950", "name": "Q1139950", "status": "done", "osm_id": "way/147172024", "category": "other"}, "geometry": {"type": "Point", "coordinates": [7.08444444, 45.51555556]}}, {"type": "Feature", "properties": {"wikidata": "Q3640578", "name": "Q3640578", "status": "done", "osm_id": "node/1778079533", "category": "other"}, "geometry": {"type": "Point", "coordinates": [7.02402, 45.86903]}}, {"type": "Feature", "properties": {"wikidata": "Q3097354", "name": "Q3097354", "status": "done", "osm_id": "way/194661750", "category": "other"}, "geometry": {"type": "Point", "coordinates": [6.99151, 45.7636]}}, {"type": "Feature", "properties": {"wikidata": "Q3656713", "name": "Q3656713", "status": "missing", "osm_id": null, "category": "other"}, "geometry": {"type": "Point", "coordinates": [7.65832, 45.9765]}}, {"type": "Feature", "properties": {"wikidata": "Q3095675", "name": "Q3095675", "status": "done", "osm_id": "node/2049912508", "category": "other"}, "geometry": {"type": "Point", "coordinates": [7.16675, 45.7041]}}, {"type": "Feature", "properties": {"wikidata": "Q2970574", "name": "Q2970574", "status": "done", "osm_id": "way/194247923", "category": "castello"}, "geometry": {"type": "Point", "coordinates": [7.227239, 45.710251]}}, {"type": "Feature", "properties": {"wikidata": "Q1133997", "name": "Q1133997", "status": "done", "osm_id": "way/132311481", "category": "other"}, "geometry": {"type": "Point", "coordinates": [7.029583333, 45.624536111]}}, {"type": "Feature", "properties": {"wikidata": "Q1388342", "name": "Q1388342", "status": "missing", "osm_id": null, "category": "other"}, "geometry": {"type": "Point", "coordinates": [7.52147222, 45.6028]}}, {"type": "Feature", "properties": {"wikidata": "Q2968654", "name": "Q2968654", "status": "done", "osm_id": "node/3302099230", "category": "castello"}, "geometry": {"type": "Point", "coordinates": [7.318745, 45.733978]}}, {"type": "Feature", "properties": {"wikidata": "Q1118173", "name": "Q1118173", "status": "done", "osm_id": "node/353049783", "category": "other"}, "geometry": {"type": "Point", "coordinates": [7.75944444, 45.91361111]}}, {"type": "Feature", "properties": {"wikidata": "Q4010854", "name": "Q4010854", "status": "done", "osm_id": "way/164443010", "category": "other"}, "geometry": {"type": "Point", "coordinates": [7.790342, 45.602222]}}, {"type": "Feature", "properties": {"wikidata": "Q3662318", "name": "Q3662318", "status": "done", "osm_id": "way/165570152", "category": "castello"}, "geometry": {"type": "Point", "coordinates": [7.81666667, 45.61666667]}}, {"type": "Feature", "properties": {"wikidata": "Q3640567", "name": "Q3640567", "status": "done", "osm_id": "way/125530402", "category": "other"}, "geometry": {"type": "Point", "coordinates": [7.559162, 45.877674]}}, {"type": "Feature", "properties": {"wikidata": "Q3939538", "name": "Q3939538", "status": "done", "osm_id": "node/483087124", "category": "montagna"}, "geometry": {"type": "Point", "coordinates": [7.33, 45.5192]}}, {"type": "Feature", "properties": {"wikidata": "Q3995597", "name": "Q3995597", "status": "done", "osm_id": "way/312326076", "category": "torre"}, "geometry": {"type": "Point", "coordinates": [7.7900621, 45.5859367]}}, {"type": "Feature", "properties": {"wikidata": "Q3999930", "name": "Q3999930", "status": "done", "osm_id": "node/964750464", "category": "montagna"}, "geometry": {"type": "Point", "coordinates": [7.045934, 45.47955]}}, {"type": "Feature", "properties": {"wikidata": "Q3661385", "name": "Q3661385", "status": "done", "osm_id": "way/161231428", "category": "other"}, "geometry": {"type": "Point", "coordinates": [7.04472222, 45.75861111]}}, {"type": "Feature", "properties": {"wikidata": "Q4008262", "name": "Q4008262", "status": "missing", "osm_id": null, "category": "other"}, "geometry": {"type": "Point", "coordinates": [7.384444444, 45.638888888]}}, {"type": "Feature", "properties": {"wikidata": "Q1140719", "name": "Q1140719", "status": "done", "osm_id": "node/353049847", "category": "other"}, "geometry": {"type": "Point", "coordinates": [7.39888889, 45.88222222]}}, {"type": "Feature", "properties": {"wikidata": "Q3097107", "name": "Q3097107", "status": "done", "osm_id": "node/550350220", "category": "other"}, "geometry": {"type": "Point", "coordinates": [7.034, 45.7572]}}, {"type": "Feature", "properties": {"wikidata": "Q3949988", "name": "Q3949988", "status": "done", "osm_id": "way/165498895", "category": "other"}, "geometry": {"type": "Point", "coordinates": [7.80135, 45.6072]}}, {"type": "Feature", "properties": {"wikidata": "Q1421615", "name": "Q1421615", "status": "done", "osm_id": "way/814890038", "category": "other"}, "geometry": {"type": "Point", "coordinates": [7.33, 45.57]}}, {"type": "Feature", "properties": {"wikidata": "Q3647452", "name": "Q3647452", "status": "done", "osm_id": "node/1222309144", "category": "montagna"}, "geometry": {"type": "Point", "coordinates": [7.076472222, 45.895055555]}}, {"type": "Feature", "properties": {"wikidata": "Q1106492", "name": "Q1106492", "status": "done", "osm_id": "node/353049828", "category": "other"}, "geometry": {"type": "Point", "coordinates": [7.50055556, 45.94833333]}}, {"type": "Feature", "properties": {"wikidata": "Q3985156", "name": "Q3985156", "status": "done", "osm_id": "node/26864911", "category": "montagna"}, "geometry": {"type": "Point", "coordinates": [7.78667, 45.8308]}}, {"type": "Feature", "properties": {"wikidata": "Q1267534", "name": "Q1267534", "status": "done", "osm_id": "node/353049803", "category": "other"}, "geometry": {"type": "Point", "coordinates": [7.73972222, 45.86555556]}}, {"type": "Feature", "properties": {"wikidata": "Q3097964", "name": "Q3097964", "status": "done", "osm_id": "node/1640267729", "category": "other"}, "geometry": {"type": "Point", "coordinates": [7.69023, 45.66]}}, {"type": "Feature", "properties": {"wikidata": "Q1430828", "name": "Q1430828", "status": "done", "osm_id": "way/86889492", "category": "other"}, "geometry": {"type": "Point", "coordinates": [7.3638551, 45.7392382]}}, {"type": "Feature", "properties": {"wikidata": "Q3662416", "name": "Q3662416", "status": "done", "osm_id": "way/165570127", "category": "castello"}, "geometry": {"type": "Point", "coordinates": [7.80802778, 45.61305556]}}, {"type": "Feature", "properties": {"wikidata": "Q18495679", "name": "Q18495679", "status": "done", "osm_id": "node/1835769444", "category": "frazione"}, "geometry": {"type": "Point", "coordinates": [7.56806, 45.80549]}}, {"type": "Feature", "properties": {"wikidata": "Q18495716", "name": "Q18495716", "status": "done", "osm_id": "node/838565225", "category": "frazione"}, "geometry": {"type": "Point", "coordinates": [7.86023, 45.6516]}}, {"type": "Feature", "properties": {"wikidata": "Q18495694", "name": "Q18495694", "status": "done", "osm_id": "node/1310294991", "category": "frazione"}, "geometry": {"type": "Point", "coordinates": [7.38926, 45.76047]}}, {"type": "Feature", "properties": {"wikidata": "Q18495774", "name": "Q18495774", "status": "done", "osm_id": "node/1312761169", "category": "frazione"}, "geometry": {"type": "Point", "coordinates": [7.19434, 45.72414]}}, {"type": "Feature", "properties": {"wikidata": "Q18495748", "name": "Q18495748", "status": "done", "osm_id": "node/1615736967", "category": "insediamento"}, "geometry": {"type": "Point", "coordinates": [6.98523, 45.77069]}}, {"type": "Feature", "properties": {"wikidata": "Q18495704", "name": "Q18495704", "status": "done", "osm_id": "way/521291202", "category": "frazione"}, "geometry": {"type": "Point", "coordinates": [7.36578, 45.72706]}}, {"type": "Feature", "properties": {"wikidata": "Q18495724", "name": "Q18495724", "status": "done", "osm_id": "node/1271061412", "category": "insediamento"}, "geometry": {"type": "Point", "coordinates": [7.581, 45.79886]}}, {"type": "Feature", "properties": {"wikidata": "Q18495642", "name": "Q18495642", "status": "done", "osm_id": "node/1265327241", "category": "insediamento"}, "geometry": {"type": "Point", "coordinates": [7.55158, 45.7562]}}, {"type": "Feature", "properties": {"wikidata": "Q18495691", "name": "Q18495691", "status": "done", "osm_id": "node/1312830342", "category": "frazione"}, "geometry": {"type": "Point", "coordinates": [7.20456, 45.70598]}}, {"type": "Feature", "properties": {"wikidata": "Q18495638", "name": "Q18495638", "status": "done", "osm_id": "node/4978928811", "category": "insediamento"}, "geometry": {"type": "Point", "coordinates": [7.70749, 45.82625]}}, {"type": "Feature", "properties": {"wikidata": "Q18495808", "name": "Q18495808", "status": "done", "osm_id": "node/1681988797", "category": "insediamento"}, "geometry": {"type": "Point", "coordinates": [7.73406, 45.7113]}}, {"type": "Feature", "properties": {"wikidata": "Q18495692", "name": "Q18495692", "status": "done", "osm_id": "node/963946078", "category": "insediamento"}, "geometry": {"type": "Point", "coordinates": [7.30527, 45.85354]}}, {"type": "Feature", "properties": {"wikidata": "Q18495672", "name": "Q18495672", "status": "done", "osm_id": "node/1650117045", "category": "insediamento"}, "geometry": {"type": "Point", "coordinates": [7.66705, 45.71012]}}, {"type": "Feature", "properties": {"wikidata": "Q18495751", "name": "Q18495751", "status": "done", "osm_id": "node/1288268011", "category": "insediamento"}, "geometry": {"type": "Point", "coordinates": [7.57011, 45.74601]}}, {"type": "Feature", "properties": {"wikidata": "Q18495644", "name": "Q18495644", "status": "done", "osm_id": "node/4978852248", "category": "frazione"}, "geometry": {"type": "Point", "coordinates": [7.30084, 45.76843]}}, {"type": "Feature", "properties": {"wikidata": "Q18495710", "name": "Q18495710", "status": "done", "osm_id": "node/775858080", "category": "frazione"}, "geometry": {"type": "Point", "coordinates": [7.66498, 45.67532]}}, {"type": "Feature", "properties": {"wikidata": "Q18495685", "name": "Q18495685", "status": "done", "osm_id": "node/1969419792", "category": "frazione"}, "geometry": {"type": "Point", "coordinates": [7.0318, 45.75249]}}, {"type": "Feature", "properties": {"wikidata": "Q18495734", "name": "Q18495734", "status": "done", "osm_id": "node/2314938738", "category": "insediamento"}, "geometry": {"type": "Point", "coordinates": [7.36945, 45.75219]}}, {"type": "Feature", "properties": {"wikidata": "Q18495682", "name": "Q18495682", "status": "done", "osm_id": "node/1316468103", "category": "frazione"}, "geometry": {"type": "Point", "coordinates": [7.67793, 45.69084]}}, {"type": "Feature", "properties": {"wikidata": "Q18495613", "name": "Q18495613", "status": "done", "osm_id": "node/376903825", "category": "frazione"}, "geometry": {"type": "Point", "coordinates": [7.6842, 45.80447]}}, {"type": "Feature", "properties": {"wikidata": "Q18495666", "name": "Q18495666", "status": "done", "osm_id": "node/1313021957", "category": "insediamento"}, "geometry": {"type": "Point", "coordinates": [7.13633, 45.60539]}}, {"type": "Feature", "properties": {"wikidata": "Q18495781", "name": "Q18495781", "status": "done", "osm_id": "node/3710758964", "category": "frazione"}, "geometry": {"type": "Point", "coordinates": [7.87204, 45.6482]}}, {"type": "Feature", "properties": {"wikidata": "Q18495793", "name": "Q18495793", "status": "done", "osm_id": "node/1365395068", "category": "frazione"}, "geometry": {"type": "Point", "coordinates": [7.07959, 45.67303]}}, {"type": "Feature", "properties": {"wikidata": "Q18495697", "name": "Q18495697", "status": "done", "osm_id": "node/1415216368", "category": "frazione"}, "geometry": {"type": "Point", "coordinates": [7.16014, 45.82054]}}, {"type": "Feature", "properties": {"wikidata": "Q18495803", "name": "Q18495803", "status": "done", "osm_id": "node/2646466465", "category": "frazione"}, "geometry": {"type": "Point", "coordinates": [7.56333, 45.77033]}}, {"type": "Feature", "properties": {"wikidata": "Q18495652", "name": "Q18495652", "status": "done", "osm_id": "node/1288267970", "category": "frazione"}, "geometry": {"type": "Point", "coordinates": [7.55237, 45.73762]}}, {"type": "Feature", "properties": {"wikidata": "Q18495674", "name": "Q18495674", "status": "done", "osm_id": "node/1759434148", "category": "insediamento"}, "geometry": {"type": "Point", "coordinates": [7.48629, 45.74961]}}, {"type": "Feature", "properties": {"wikidata": "Q18495624", "name": "Q18495624", "status": "done", "osm_id": "node/7128406236", "category": "frazione"}, "geometry": {"type": "Point", "coordinates": [7.3431, 45.74725]}}, {"type": "Feature", "properties": {"wikidata": "Q18495630", "name": "Q18495630", "status": "done", "osm_id": "node/1312830249", "category": "frazione"}, "geometry": {"type": "Point", "coordinates": [7.18896, 45.70985]}}, {"type": "Feature", "properties": {"wikidata": "Q18495650", "name": "Q18495650", "status": "missing", "osm_id": null, "category": "frazione"}, "geometry": {"type": "Point", "coordinates": [7.05331, 45.74936]}}, {"type": "Feature", "properties": {"wikidata": "Q18495737", "name": "Q18495737", "status": "done", "osm_id": "node/838565310", "category": "frazione"}, "geometry": {"type": "Point", "coordinates": [7.75623, 45.60001]}}, {"type": "Feature", "properties": {"wikidata": "Q18495733", "name": "Q18495733", "status": "done", "osm_id": "node/2664215972", "category": "insediamento"}, "geometry": {"type": "Point", "coordinates": [7.53039, 45.74526]}}, {"type": "Feature", "properties": {"wikidata": "Q18495791", "name": "Q18495791", "status": "done", "osm_id": "node/5024409142", "category": "insediamento"}, "geometry": {"type": "Point", "coordinates": [7.33439, 45.72737]}}, {"type": "Feature", "properties": {"wikidata": "Q18495768", "name": "Q18495768", "status": "missing", "osm_id": null, "category": "frazione"}, "geometry": {"type": "Point", "coordinates": [7.19631, 45.72065]}}, {"type": "Feature", "properties": {"wikidata": "Q18495729", "name": "Q18495729", "status": "done", "osm_id": "node/650253615", "category": "insediamento"}, "geometry": {"type": "Point", "coordinates": [7.84598, 45.74693]}}, {"type": "Feature", "properties": {"wikidata": "Q18495720", "name": "Q18495720", "status": "done", "osm_id": "node/1824754511", "category": "frazione"}, "geometry": {"type": "Point", "coordinates": [7.60624, 45.79668]}}, {"type": "Feature", "properties": {"wikidata": "Q18495764", "name": "Q18495764", "status": "done", "osm_id": "node/2532462833", "category": "frazione"}, "geometry": {"type": "Point", "coordinates": [7.30142, 45.7114]}}, {"type": "Feature", "properties": {"wikidata": "Q18495676", "name": "Q18495676", "status": "done", "osm_id": "node/3663799225", "category": "insediamento"}, "geometry": {"type": "Point", "coordinates": [7.26609, 45.73848]}}, {"type": "Feature", "properties": {"wikidata": "Q18495755", "name": "Q18495755", "status": "done", "osm_id": "node/766728222", "category": "insediamento"}, "geometry": {"type": "Point", "coordinates": [7.69399, 45.8076]}}, {"type": "Feature", "properties": {"wikidata": "Q18495789", "name": "Q18495789", "status": "done", "osm_id": "node/7158366786", "category": "frazione"}, "geometry": {"type": "Point", "coordinates": [7.18328, 45.69203]}}, {"type": "Feature", "properties": {"wikidata": "Q18495727", "name": "Q18495727", "status": "done", "osm_id": "node/650253642", "category": "insediamento"}, "geometry": {"type": "Point", "coordinates": [7.82963, 45.76334]}}, {"type": "Feature", "properties": {"wikidata": "Q18495640", "name": "Q18495640", "status": "done", "osm_id": "node/1426530562", "category": "insediamento"}, "geometry": {"type": "Point", "coordinates": [7.20937, 45.56853]}}, {"type": "Feature", "properties": {"wikidata": "Q18495797", "name": "Q18495797", "status": "done", "osm_id": "node/5066265554", "category": "insediamento"}, "geometry": {"type": "Point", "coordinates": [7.46742, 45.74631]}}, {"type": "Feature", "properties": {"wikidata": "Q18495660", "name": "Q18495660", "status": "done", "osm_id": "node/1289266019", "category": "insediamento"}, "geometry": {"type": "Point", "coordinates": [7.72941, 45.82325]}}, {"type": "Feature", "properties": {"wikidata": "Q18495654", "name": "Q18495654", "status": "done", "osm_id": "node/838565265", "category": "insediamento"}, "geometry": {"type": "Point", "coordinates": [7.81192, 45.62316]}}, {"type": "Feature", "properties": {"wikidata": "Q18495771", "name": "Q18495771", "status": "done", "osm_id": "node/1719593988", "category": "insediamento"}, "geometry": {"type": "Point", "coordinates": [7.68288, 45.70306]}}, {"type": "Feature", "properties": {"wikidata": "Q18495668", "name": "Q18495668", "status": "done", "osm_id": "node/1453640696", "category": "frazione"}, "geometry": {"type": "Point", "coordinates": [7.63518, 45.62207]}}, {"type": "Feature", "properties": {"wikidata": "Q18495744", "name": "Q18495744", "status": "done", "osm_id": "node/1317182224", "category": "insediamento"}, "geometry": {"type": "Point", "coordinates": [7.71327, 45.82943]}}, {"type": "Feature", "properties": {"wikidata": "Q18495712", "name": "Q18495712", "status": "done", "osm_id": "node/1253990551", "category": "frazione"}, "geometry": {"type": "Point", "coordinates": [7.58514, 45.80186]}}, {"type": "Feature", "properties": {"wikidata": "Q18495801", "name": "Q18495801", "status": "done", "osm_id": "way/519608049", "category": "frazione"}, "geometry": {"type": "Point", "coordinates": [7.47668, 45.74522]}}, {"type": "Feature", "properties": {"wikidata": "Q18495636", "name": "Q18495636", "status": "done", "osm_id": "node/1261246438", "category": "insediamento"}, "geometry": {"type": "Point", "coordinates": [7.61382, 45.86709]}}, {"type": "Feature", "properties": {"wikidata": "Q18495662", "name": "Q18495662", "status": "done", "osm_id": "node/1837293541", "category": "insediamento"}, "geometry": {"type": "Point", "coordinates": [7.5735, 45.79894]}}, {"type": "Feature", "properties": {"wikidata": "Q18495689", "name": "Q18495689", "status": "done", "osm_id": "node/963950424", "category": "insediamento"}, "geometry": {"type": "Point", "coordinates": [7.29947, 45.7848]}}, {"type": "Feature", "properties": {"wikidata": "Q18495750", "name": "Q18495750", "status": "done", "osm_id": "node/13478057109", "category": "insediamento"}, "geometry": {"type": "Point", "coordinates": [7.62575, 45.87879]}}, {"type": "Feature", "properties": {"wikidata": "Q18495658", "name": "Q18495658", "status": "done", "osm_id": "node/1760312897", "category": "frazione"}, "geometry": {"type": "Point", "coordinates": [7.53263, 45.75203]}}, {"type": "Feature", "properties": {"wikidata": "Q18495780", "name": "Q18495780", "status": "done", "osm_id": "node/766728096", "category": "insediamento"}, "geometry": {"type": "Point", "coordinates": [7.69976, 45.81664]}}, {"type": "Feature", "properties": {"wikidata": "Q18495753", "name": "Q18495753", "status": "done", "osm_id": "node/650445472", "category": "frazione"}, "geometry": {"type": "Point", "coordinates": [7.11137, 45.55791]}}, {"type": "Feature", "properties": {"wikidata": "Q18495670", "name": "Q18495670", "status": "done", "osm_id": "node/1835187429", "category": "insediamento"}, "geometry": {"type": "Point", "coordinates": [7.20086, 45.73036]}}, {"type": "Feature", "properties": {"wikidata": "Q18495718", "name": "Q18495718", "status": "done", "osm_id": "node/838565074", "category": "frazione"}, "geometry": {"type": "Point", "coordinates": [7.90107, 45.71877]}}, {"type": "Feature", "properties": {"wikidata": "Q18495752", "name": "Q18495752", "status": "done", "osm_id": "node/1258226426", "category": "insediamento"}, "geometry": {"type": "Point", "coordinates": [7.51375, 45.7545]}}, {"type": "Feature", "properties": {"wikidata": "Q18495773", "name": "Q18495773", "status": "done", "osm_id": "node/1284255611", "category": "insediamento"}, "geometry": {"type": "Point", "coordinates": [7.64564, 45.62568]}}, {"type": "Feature", "properties": {"wikidata": "Q18495732", "name": "Q18495732", "status": "done", "osm_id": "node/13478057106", "category": "frazione"}, "geometry": {"type": "Point", "coordinates": [7.37112, 45.74592]}}, {"type": "Feature", "properties": {"wikidata": "Q18495762", "name": "Q18495762", "status": "done", "osm_id": "node/1456289857", "category": "frazione"}, "geometry": {"type": "Point", "coordinates": [7.66591, 45.73545]}}, {"type": "Feature", "properties": {"wikidata": "Q18495618", "name": "Q18495618", "status": "done", "osm_id": "node/1353509335", "category": "frazione"}, "geometry": {"type": "Point", "coordinates": [7.42999, 45.87431]}}, {"type": "Feature", "properties": {"wikidata": "Q18495648", "name": "Q18495648", "status": "done", "osm_id": "node/3893605352", "category": "insediamento"}, "geometry": {"type": "Point", "coordinates": [7.70413, 45.82874]}}, {"type": "Feature", "properties": {"wikidata": "Q18495656", "name": "Q18495656", "status": "done", "osm_id": "way/519608021", "category": "frazione"}, "geometry": {"type": "Point", "coordinates": [7.47641, 45.74999]}}, {"type": "Feature", "properties": {"wikidata": "Q18495770", "name": "Q18495770", "status": "done", "osm_id": "node/1759434149", "category": "insediamento"}, "geometry": {"type": "Point", "coordinates": [7.46391, 45.75115]}}, {"type": "Feature", "properties": {"wikidata": "Q18495680", "name": "Q18495680", "status": "missing", "osm_id": null, "category": "insediamento"}, "geometry": {"type": "Point", "coordinates": [7.27647, 45.7282]}}, {"type": "Feature", "properties": {"wikidata": "Q18495761", "name": "Q18495761", "status": "done", "osm_id": "node/1353509427", "category": "frazione"}, "geometry": {"type": "Point", "coordinates": [7.41755, 45.87077]}}, {"type": "Feature", "properties": {"wikidata": "Q18495634", "name": "Q18495634", "status": "done", "osm_id": "node/1682185040", "category": "insediamento"}, "geometry": {"type": "Point", "coordinates": [7.74499, 45.72614]}}, {"type": "Feature", "properties": {"wikidata": "Q18495787", "name": "Q18495787", "status": "done", "osm_id": "node/838565342", "category": "insediamento"}, "geometry": {"type": "Point", "coordinates": [7.80288, 45.60499]}}, {"type": "Feature", "properties": {"wikidata": "Q18495713", "name": "Q18495713", "status": "missing", "osm_id": null, "category": "insediamento"}, "geometry": {"type": "Point", "coordinates": [7.41429, 45.73154]}}, {"type": "Feature", "properties": {"wikidata": "Q18495742", "name": "Q18495742", "status": "done", "osm_id": "node/948387993", "category": "insediamento"}, "geometry": {"type": "Point", "coordinates": [7.23958, 45.67836]}}, {"type": "Feature", "properties": {"wikidata": "Q18495807", "name": "Q18495807", "status": "done", "osm_id": "node/4982227964", "category": "insediamento"}, "geometry": {"type": "Point", "coordinates": [7.26663, 45.72713]}}, {"type": "Feature", "properties": {"wikidata": "Q18495766", "name": "Q18495766", "status": "done", "osm_id": "node/1715948648", "category": "insediamento"}, "geometry": {"type": "Point", "coordinates": [7.66122, 45.76216]}}, {"type": "Feature", "properties": {"wikidata": "Q18495783", "name": "Q18495783", "status": "done", "osm_id": "node/1480219571", "category": "frazione"}, "geometry": {"type": "Point", "coordinates": [7.68178, 45.61049]}}, {"type": "Feature", "properties": {"wikidata": "Q18495632", "name": "Q18495632", "status": "done", "osm_id": "node/838565136", "category": "insediamento"}, "geometry": {"type": "Point", "coordinates": [7.80103, 45.6073]}}, {"type": "Feature", "properties": {"wikidata": "Q18495646", "name": "Q18495646", "status": "missing", "osm_id": null, "category": "insediamento"}, "geometry": {"type": "Point", "coordinates": [7.50507, 45.75008]}}, {"type": "Feature", "properties": {"wikidata": "Q18495746", "name": "Q18495746", "status": "done", "osm_id": "node/1258226100", "category": "insediamento"}, "geometry": {"type": "Point", "coordinates": [7.5179, 45.75244]}}, {"type": "Feature", "properties": {"wikidata": "Q18495626", "name": "Q18495626", "status": "done", "osm_id": "node/1787574473", "category": "frazione"}, "geometry": {"type": "Point", "coordinates": [7.62865, 45.88843]}}, {"type": "Feature", "properties": {"wikidata": "Q18495722", "name": "Q18495722", "status": "done", "osm_id": "node/360957317", "category": "frazione"}, "geometry": {"type": "Point", "coordinates": [7.82458, 45.81255]}}, {"type": "Feature", "properties": {"wikidata": "Q18495622", "name": "Q18495622", "status": "done", "osm_id": "node/650253625", "category": "insediamento"}, "geometry": {"type": "Point", "coordinates": [7.8451, 45.7497]}}, {"type": "Feature", "properties": {"wikidata": "Q18495739", "name": "Q18495739", "status": "done", "osm_id": "node/1738787881", "category": "insediamento"}, "geometry": {"type": "Point", "coordinates": [7.27396, 45.73323]}}, {"type": "Feature", "properties": {"wikidata": "Q18495795", "name": "Q18495795", "status": "done", "osm_id": "node/838565280", "category": "insediamento"}, "geometry": {"type": "Point", "coordinates": [7.86156, 45.66552]}}, {"type": "Feature", "properties": {"wikidata": "Q18495799", "name": "Q18495799", "status": "done", "osm_id": "node/5245400626", "category": "insediamento"}, "geometry": {"type": "Point", "coordinates": [7.4575, 45.72359]}}, {"type": "Feature", "properties": {"wikidata": "Q18495687", "name": "Q18495687", "status": "done", "osm_id": "node/838565232", "category": "frazione"}, "geometry": {"type": "Point", "coordinates": [7.76808, 45.59559]}}, {"type": "Feature", "properties": {"wikidata": "Q18495776", "name": "Q18495776", "status": "done", "osm_id": "node/1265327094", "category": "insediamento"}, "geometry": {"type": "Point", "coordinates": [7.56466, 45.75962]}}, {"type": "Feature", "properties": {"wikidata": "Q18495805", "name": "Q18495805", "status": "missing", "osm_id": null, "category": "frazione"}, "geometry": {"type": "Point", "coordinates": [7.30722, 45.69283]}}, {"type": "Feature", "properties": {"wikidata": "Q18495749", "name": "Q18495749", "status": "missing", "osm_id": null, "category": "insediamento"}, "geometry": {"type": "Point", "coordinates": [7.63689, 45.75308]}}, {"type": "Feature", "properties": {"wikidata": "Q18495735", "name": "Q18495735", "status": "done", "osm_id": "node/650253620", "category": "insediamento"}, "geometry": {"type": "Point", "coordinates": [7.849, 45.74443]}}, {"type": "Feature", "properties": {"wikidata": "Q18495620", "name": "Q18495620", "status": "done", "osm_id": "node/1591166769", "category": "frazione"}, "geometry": {"type": "Point", "coordinates": [7.60657, 45.80056]}}, {"type": "Feature", "properties": {"wikidata": "Q18495696", "name": "Q18495696", "status": "done", "osm_id": "node/1684741092", "category": "frazione"}, "geometry": {"type": "Point", "coordinates": [7.66634, 45.75168]}}, {"type": "Feature", "properties": {"wikidata": "Q18495664", "name": "Q18495664", "status": "done", "osm_id": "node/1474264722", "category": "frazione"}, "geometry": {"type": "Point", "coordinates": [7.1797, 45.70647]}}, {"type": "Feature", "properties": {"wikidata": "Q18495731", "name": "Q18495731", "status": "done", "osm_id": "node/1720525885", "category": "frazione"}, "geometry": {"type": "Point", "coordinates": [7.66673, 45.7045]}}, {"type": "Feature", "properties": {"wikidata": "Q18495778", "name": "Q18495778", "status": "missing", "osm_id": null, "category": "insediamento"}, "geometry": {"type": "Point", "coordinates": [7.30944, 45.68487]}}, {"type": "Feature", "properties": {"wikidata": "Q18495628", "name": "Q18495628", "status": "done", "osm_id": "node/3539768228", "category": "frazione"}, "geometry": {"type": "Point", "coordinates": [7.40062, 45.72563]}}, {"type": "Feature", "properties": {"wikidata": "Q18495706", "name": "Q18495706", "status": "done", "osm_id": "node/1618964305", "category": "frazione"}, "geometry": {"type": "Point", "coordinates": [7.07811, 45.74985]}}, {"type": "Feature", "properties": {"wikidata": "Q18495945", "name": "Q18495945", "status": "done", "osm_id": "node/838565291", "category": "frazione"}, "geometry": {"type": "Point", "coordinates": [7.84159, 45.62361]}}, {"type": "Feature", "properties": {"wikidata": "Q18495949", "name": "Q18495949", "status": "done", "osm_id": "node/1454805546", "category": "frazione"}, "geometry": {"type": "Point", "coordinates": [7.64657, 45.74358]}}, {"type": "Feature", "properties": {"wikidata": "Q18496000", "name": "Q18496000", "status": "done", "osm_id": "node/1511878748", "category": "frazione"}, "geometry": {"type": "Point", "coordinates": [7.30131, 45.86419]}}, {"type": "Feature", "properties": {"wikidata": "Q18495819", "name": "Q18495819", "status": "missing", "osm_id": null, "category": "insediamento"}, "geometry": {"type": "Point", "coordinates": [7.31874, 45.72686]}}, {"type": "Feature", "properties": {"wikidata": "Q18495886", "name": "Q18495886", "status": "done", "osm_id": "node/1430004630", "category": "frazione"}, "geometry": {"type": "Point", "coordinates": [7.20099, 45.61063]}}, {"type": "Feature", "properties": {"wikidata": "Q18495965", "name": "Q18495965", "status": "done", "osm_id": "node/3182548046", "category": "frazione"}, "geometry": {"type": "Point", "coordinates": [7.60302, 45.74065]}}, {"type": "Feature", "properties": {"wikidata": "Q18495844", "name": "Q18495844", "status": "missing", "osm_id": null, "category": "frazione"}, "geometry": {"type": "Point", "coordinates": [7.85687, 45.69177]}}, {"type": "Feature", "properties": {"wikidata": "Q18495852", "name": "Q18495852", "status": "done", "osm_id": "node/1719042208", "category": "frazione"}, "geometry": {"type": "Point", "coordinates": [7.67202, 45.7257]}}, {"type": "Feature", "properties": {"wikidata": "Q18496029", "name": "Q18496029", "status": "done", "osm_id": "node/1763616087", "category": "frazione"}, "geometry": {"type": "Point", "coordinates": [7.43092, 45.75044]}}, {"type": "Feature", "properties": {"wikidata": "Q18495955", "name": "Q18495955", "status": "done", "osm_id": "node/1943369815", "category": "insediamento"}, "geometry": {"type": "Point", "coordinates": [7.24758, 45.74137]}}, {"type": "Feature", "properties": {"wikidata": "Q18495863", "name": "Q18495863", "status": "done", "osm_id": "node/1618691745", "category": "frazione"}, "geometry": {"type": "Point", "coordinates": [7.06789, 45.75963]}}, {"type": "Feature", "properties": {"wikidata": "Q18495893", "name": "Q18495893", "status": "done", "osm_id": "node/1494155569", "category": "frazione"}, "geometry": {"type": "Point", "coordinates": [7.12852, 45.7061]}}, {"type": "Feature", "properties": {"wikidata": "Q18495840", "name": "Q18495840", "status": "done", "osm_id": "node/1456876325", "category": "insediamento"}, "geometry": {"type": "Point", "coordinates": [7.07256, 45.65037]}}, {"type": "Feature", "properties": {"wikidata": "Q18495855", "name": "Q18495855", "status": "done", "osm_id": "node/1722946918", "category": "insediamento"}, "geometry": {"type": "Point", "coordinates": [7.68162, 45.69338]}}, {"type": "Feature", "properties": {"wikidata": "Q18495895", "name": "Q18495895", "status": "done", "osm_id": "node/838565179", "category": "insediamento"}, "geometry": {"type": "Point", "coordinates": [7.83748, 45.63334]}}, {"type": "Feature", "properties": {"wikidata": "Q18495911", "name": "Q18495911", "status": "missing", "osm_id": null, "category": "insediamento"}, "geometry": {"type": "Point", "coordinates": [7.21485, 45.70368]}}, {"type": "Feature", "properties": {"wikidata": "Q18495921", "name": "Q18495921", "status": "done", "osm_id": "node/2593799164", "category": "insediamento"}, "geometry": {"type": "Point", "coordinates": [7.1814, 45.82366]}}, {"type": "Feature", "properties": {"wikidata": "Q18496021", "name": "Q18496021", "status": "done", "osm_id": "node/1998768293", "category": "insediamento"}, "geometry": {"type": "Point", "coordinates": [7.21026, 45.70499]}}, {"type": "Feature", "properties": {"wikidata": "Q18495878", "name": "Q18495878", "status": "done", "osm_id": "way/519608018", "category": "frazione"}, "geometry": {"type": "Point", "coordinates": [7.50747, 45.74684]}}, {"type": "Feature", "properties": {"wikidata": "Q18496016", "name": "Q18496016", "status": "done", "osm_id": "node/1264989962", "category": "insediamento"}, "geometry": {"type": "Point", "coordinates": [7.57656, 45.80558]}}, {"type": "Feature", "properties": {"wikidata": "Q18495891", "name": "Q18495891", "status": "done", "osm_id": "node/1312968990", "category": "frazione"}, "geometry": {"type": "Point", "coordinates": [7.20072, 45.72093]}}, {"type": "Feature", "properties": {"wikidata": "Q18495927", "name": "Q18495927", "status": "missing", "osm_id": null, "category": "frazione"}, "geometry": {"type": "Point", "coordinates": [7.85928, 45.678]}}, {"type": "Feature", "properties": {"wikidata": "Q18495901", "name": "Q18495901", "status": "done", "osm_id": "node/376452015", "category": "insediamento"}, "geometry": {"type": "Point", "coordinates": [7.73031, 45.86393]}}, {"type": "Feature", "properties": {"wikidata": "Q18496030", "name": "Q18496030", "status": "done", "osm_id": "node/2555241230", "category": "frazione"}, "geometry": {"type": "Point", "coordinates": [7.29701, 45.74323]}}, {"type": "Feature", "properties": {"wikidata": "Q18495829", "name": "Q18495829", "status": "done", "osm_id": "node/1556277624", "category": "frazione"}, "geometry": {"type": "Point", "coordinates": [7.4298, 45.75834]}}, {"type": "Feature", "properties": {"wikidata": "Q18495990", "name": "Q18495990", "status": "done", "osm_id": "node/1288267959", "category": "insediamento"}, "geometry": {"type": "Point", "coordinates": [7.54834, 45.73978]}}, {"type": "Feature", "properties": {"wikidata": "Q18495827", "name": "Q18495827", "status": "missing", "osm_id": null, "category": "frazione"}, "geometry": {"type": "Point", "coordinates": [7.32711, 45.75568]}}, {"type": "Feature", "properties": {"wikidata": "Q18496002", "name": "Q18496002", "status": "done", "osm_id": "node/5066265543", "category": "insediamento"}, "geometry": {"type": "Point", "coordinates": [7.48703, 45.79747]}}, {"type": "Feature", "properties": {"wikidata": "Q18495929", "name": "Q18495929", "status": "done", "osm_id": "way/510426943", "category": "frazione"}, "geometry": {"type": "Point", "coordinates": [7.46247, 45.72069]}}, {"type": "Feature", "properties": {"wikidata": "Q18496023", "name": "Q18496023", "status": "done", "osm_id": "node/726661919", "category": "insediamento"}, "geometry": {"type": "Point", "coordinates": [7.66475, 45.69347]}}, {"type": "Feature", "properties": {"wikidata": "Q18495951", "name": "Q18495951", "status": "done", "osm_id": "node/5079309364", "category": "insediamento"}, "geometry": {"type": "Point", "coordinates": [7.36273, 45.72948]}}, {"type": "Feature", "properties": {"wikidata": "Q18495861", "name": "Q18495861", "status": "done", "osm_id": "node/1315310616", "category": "frazione"}, "geometry": {"type": "Point", "coordinates": [7.67821, 45.69632]}}, {"type": "Feature", "properties": {"wikidata": "Q18496027", "name": "Q18496027", "status": "done", "osm_id": "node/1453640698", "category": "frazione"}, "geometry": {"type": "Point", "coordinates": [7.6325, 45.62267]}}, {"type": "Feature", "properties": {"wikidata": "Q18495989", "name": "Q18495989", "status": "missing", "osm_id": null, "category": "insediamento"}, "geometry": {"type": "Point", "coordinates": [7.57021, 45.79855]}}, {"type": "Feature", "properties": {"wikidata": "Q18496014", "name": "Q18496014", "status": "done", "osm_id": "node/1264989872", "category": "insediamento"}, "geometry": {"type": "Point", "coordinates": [7.57705, 45.80744]}}, {"type": "Feature", "properties": {"wikidata": "Q18495874", "name": "Q18495874", "status": "done", "osm_id": "node/13424125384", "category": "insediamento"}, "geometry": {"type": "Point", "coordinates": [7.5608, 45.79788]}}, {"type": "Feature", "properties": {"wikidata": "Q18495975", "name": "Q18495975", "status": "done", "osm_id": "node/1998376160", "category": "insediamento"}, "geometry": {"type": "Point", "coordinates": [7.19957, 45.70124]}}, {"type": "Feature", "properties": {"wikidata": "Q18495925", "name": "Q18495925", "status": "done", "osm_id": "node/1313021720", "category": "frazione"}, "geometry": {"type": "Point", "coordinates": [7.16073, 45.66364]}}, {"type": "Feature", "properties": {"wikidata": "Q18496005", "name": "Q18496005", "status": "done", "osm_id": "node/1733564267", "category": "insediamento"}, "geometry": {"type": "Point", "coordinates": [7.21589, 45.7122]}}, {"type": "Feature", "properties": {"wikidata": "Q18495834", "name": "Q18495834", "status": "done", "osm_id": "node/13072844679", "category": "insediamento"}, "geometry": {"type": "Point", "coordinates": [7.67318, 45.76376]}}, {"type": "Feature", "properties": {"wikidata": "Q18496025", "name": "Q18496025", "status": "done", "osm_id": "node/1431171856", "category": "insediamento"}, "geometry": {"type": "Point", "coordinates": [7.25355, 45.64987]}}, {"type": "Feature", "properties": {"wikidata": "Q18495817", "name": "Q18495817", "status": "done", "osm_id": "node/1497295188", "category": "insediamento"}, "geometry": {"type": "Point", "coordinates": [6.93044, 45.71085]}}, {"type": "Feature", "properties": {"wikidata": "Q18495967", "name": "Q18495967", "status": "done", "osm_id": "node/2051351964", "category": "insediamento"}, "geometry": {"type": "Point", "coordinates": [7.64064, 45.74662]}}, {"type": "Feature", "properties": {"wikidata": "Q18495973", "name": "Q18495973", "status": "missing", "osm_id": null, "category": "insediamento"}, "geometry": {"type": "Point", "coordinates": [7.675, 45.61622]}}, {"type": "Feature", "properties": {"wikidata": "Q18495889", "name": "Q18495889", "status": "done", "osm_id": "node/1719042215", "category": "frazione"}, "geometry": {"type": "Point", "coordinates": [7.67307, 45.72837]}}, {"type": "Feature", "properties": {"wikidata": "Q18495923", "name": "Q18495923", "status": "done", "osm_id": "node/5066265544", "category": "insediamento"}, "geometry": {"type": "Point", "coordinates": [7.48155, 45.79362]}}, {"type": "Feature", "properties": {"wikidata": "Q18496018", "name": "Q18496018", "status": "done", "osm_id": "node/1569124682", "category": "insediamento"}, "geometry": {"type": "Point", "coordinates": [7.1882, 45.73263]}}, {"type": "Feature", "properties": {"wikidata": "Q18495882", "name": "Q18495882", "status": "done", "osm_id": "way/519608073", "category": "frazione"}, "geometry": {"type": "Point", "coordinates": [7.48959, 45.74715]}}, {"type": "Feature", "properties": {"wikidata": "Q18495982", "name": "Q18495982", "status": "missing", "osm_id": null, "category": "insediamento"}, "geometry": {"type": "Point", "coordinates": [7.30486, 45.7096]}}, {"type": "Feature", "properties": {"wikidata": "Q18495836", "name": "Q18495836", "status": "done", "osm_id": "way/519608024", "category": "frazione"}, "geometry": {"type": "Point", "coordinates": [7.46998, 45.76143]}}, {"type": "Feature", "properties": {"wikidata": "Q18495907", "name": "Q18495907", "status": "done", "osm_id": "node/5024366607", "category": "insediamento"}, "geometry": {"type": "Point", "coordinates": [7.32342, 45.70336]}}, {"type": "Feature", "properties": {"wikidata": "Q18495958", "name": "Q18495958", "status": "done", "osm_id": "node/1703412083", "category": "frazione"}, "geometry": {"type": "Point", "coordinates": [7.73321, 45.70698]}}, {"type": "Feature", "properties": {"wikidata": "Q18495831", "name": "Q18495831", "status": "done", "osm_id": "node/1253990508", "category": "insediamento"}, "geometry": {"type": "Point", "coordinates": [7.58876, 45.81858]}}, {"type": "Feature", "properties": {"wikidata": "Q18495815", "name": "Q18495815", "status": "done", "osm_id": "node/847296471", "category": "insediamento"}, "geometry": {"type": "Point", "coordinates": [7.22327, 45.677]}}, {"type": "Feature", "properties": {"wikidata": "Q18495953", "name": "Q18495953", "status": "done", "osm_id": "node/1759434146", "category": "insediamento"}, "geometry": {"type": "Point", "coordinates": [7.48032, 45.75345]}}, {"type": "Feature", "properties": {"wikidata": "Q18495870", "name": "Q18495870", "status": "done", "osm_id": "node/963947948", "category": "frazione"}, "geometry": {"type": "Point", "coordinates": [7.30778, 45.79442]}}, {"type": "Feature", "properties": {"wikidata": "Q18495998", "name": "Q18495998", "status": "missing", "osm_id": null, "category": "insediamento"}, "geometry": {"type": "Point", "coordinates": [7.31051, 45.76882]}}, {"type": "Feature", "properties": {"wikidata": "Q18495864", "name": "Q18495864", "status": "done", "osm_id": "node/838565117", "category": "frazione"}, "geometry": {"type": "Point", "coordinates": [7.82409, 45.62227]}}, {"type": "Feature", "properties": {"wikidata": "Q18495936", "name": "Q18495936", "status": "done", "osm_id": "node/2537555999", "category": "frazione"}, "geometry": {"type": "Point", "coordinates": [7.30762, 45.76283]}}, {"type": "Feature", "properties": {"wikidata": "Q18495991", "name": "Q18495991", "status": "done", "osm_id": "node/5245400630", "category": "insediamento"}, "geometry": {"type": "Point", "coordinates": [7.45914, 45.73348]}}, {"type": "Feature", "properties": {"wikidata": "Q18496012", "name": "Q18496012", "status": "missing", "osm_id": null, "category": "insediamento"}, "geometry": {"type": "Point", "coordinates": [7.72414, 45.69728]}}, {"type": "Feature", "properties": {"wikidata": "Q18495832", "name": "Q18495832", "status": "done", "osm_id": "node/1912457714", "category": "insediamento"}, "geometry": {"type": "Point", "coordinates": [7.23688, 45.69378]}}, {"type": "Feature", "properties": {"wikidata": "Q18495880", "name": "Q18495880", "status": "done", "osm_id": "node/5024409124", "category": "frazione"}, "geometry": {"type": "Point", "coordinates": [7.34582, 45.72442]}}, {"type": "Feature", "properties": {"wikidata": "Q18495960", "name": "Q18495960", "status": "done", "osm_id": "node/1682185067", "category": "insediamento"}, "geometry": {"type": "Point", "coordinates": [7.74943, 45.72042]}}, {"type": "Feature", "properties": {"wikidata": "Q18495876", "name": "Q18495876", "status": "done", "osm_id": "node/1583578001", "category": "frazione"}, "geometry": {"type": "Point", "coordinates": [7.16882, 45.82292]}}, {"type": "Feature", "properties": {"wikidata": "Q18495884", "name": "Q18495884", "status": "done", "osm_id": "node/963947153", "category": "insediamento"}, "geometry": {"type": "Point", "coordinates": [7.30342, 45.78701]}}, {"type": "Feature", "properties": {"wikidata": "Q18495918", "name": "Q18495918", "status": "done", "osm_id": "node/1351163836", "category": "frazione"}, "geometry": {"type": "Point", "coordinates": [7.6788, 45.74694]}}, {"type": "Feature", "properties": {"wikidata": "Q18496004", "name": "Q18496004", "status": "done", "osm_id": "node/946016327", "category": "frazione"}, "geometry": {"type": "Point", "coordinates": [7.13893, 45.72397]}}, {"type": "Feature", "properties": {"wikidata": "Q18495850", "name": "Q18495850", "status": "done", "osm_id": "node/1313021753", "category": "frazione"}, "geometry": {"type": "Point", "coordinates": [7.14283, 45.6296]}}, {"type": "Feature", "properties": {"wikidata": "Q18495841", "name": "Q18495841", "status": "done", "osm_id": "node/2007052252", "category": "frazione"}, "geometry": {"type": "Point", "coordinates": [7.22687, 45.71886]}}, {"type": "Feature", "properties": {"wikidata": "Q18495933", "name": "Q18495933", "status": "done", "osm_id": "node/1438692144", "category": "frazione"}, "geometry": {"type": "Point", "coordinates": [7.52743, 45.73658]}}, {"type": "Feature", "properties": {"wikidata": "Q18495969", "name": "Q18495969", "status": "done", "osm_id": "node/963949135", "category": "insediamento"}, "geometry": {"type": "Point", "coordinates": [7.30288, 45.82554]}}, {"type": "Feature", "properties": {"wikidata": "Q18495821", "name": "Q18495821", "status": "done", "osm_id": "node/650253610", "category": "insediamento"}, "geometry": {"type": "Point", "coordinates": [7.86243, 45.72801]}}, {"type": "Feature", "properties": {"wikidata": "Q18495963", "name": "Q18495963", "status": "done", "osm_id": "node/722854687", "category": "insediamento"}, "geometry": {"type": "Point", "coordinates": [7.68031, 45.67655]}}, {"type": "Feature", "properties": {"wikidata": "Q18495943", "name": "Q18495943", "status": "done", "osm_id": "node/12101362266", "category": "insediamento"}, "geometry": {"type": "Point", "coordinates": [7.81178, 45.85979]}}, {"type": "Feature", "properties": {"wikidata": "Q18495887", "name": "Q18495887", "status": "done", "osm_id": "node/7097741644", "category": "insediamento"}, "geometry": {"type": "Point", "coordinates": [7.72891, 45.85972]}}, {"type": "Feature", "properties": {"wikidata": "Q18495976", "name": "Q18495976", "status": "done", "osm_id": "node/1254035694", "category": "insediamento"}, "geometry": {"type": "Point", "coordinates": [7.57853, 45.81832]}}, {"type": "Feature", "properties": {"wikidata": "Q18496007", "name": "Q18496007", "status": "done", "osm_id": "node/1615736968", "category": "frazione"}, "geometry": {"type": "Point", "coordinates": [6.97667, 45.78135]}}, {"type": "Feature", "properties": {"wikidata": "Q18495996", "name": "Q18495996", "status": "done", "osm_id": "node/2091339333", "category": "insediamento"}, "geometry": {"type": "Point", "coordinates": [7.25734, 45.72855]}}, {"type": "Feature", "properties": {"wikidata": "Q18495857", "name": "Q18495857", "status": "missing", "osm_id": null, "category": "insediamento"}, "geometry": {"type": "Point", "coordinates": [7.73495, 45.71513]}}, {"type": "Feature", "properties": {"wikidata": "Q18495957", "name": "Q18495957", "status": "done", "osm_id": "way/515599594", "category": "frazione"}, "geometry": {"type": "Point", "coordinates": [7.47505, 45.73697]}}, {"type": "Feature", "properties": {"wikidata": "Q18495939", "name": "Q18495939", "status": "done", "osm_id": "node/1315240743", "category": "frazione"}, "geometry": {"type": "Point", "coordinates": [7.71308, 45.69195]}}, {"type": "Feature", "properties": {"wikidata": "Q18495872", "name": "Q18495872", "status": "missing", "osm_id": null, "category": "frazione"}, "geometry": {"type": "Point", "coordinates": [7.8537, 45.68015]}}, {"type": "Feature", "properties": {"wikidata": "Q18495931", "name": "Q18495931", "status": "done", "osm_id": "node/2646514946", "category": "frazione"}, "geometry": {"type": "Point", "coordinates": [7.56313, 45.7734]}}, {"type": "Feature", "properties": {"wikidata": "Q18495934", "name": "Q18495934", "status": "done", "osm_id": "node/1763629396", "category": "frazione"}, "geometry": {"type": "Point", "coordinates": [7.41748, 45.74604]}}, {"type": "Feature", "properties": {"wikidata": "Q18495897", "name": "Q18495897", "status": "done", "osm_id": "node/11009032670", "category": "insediamento"}, "geometry": {"type": "Point", "coordinates": [7.7432, 45.7162]}}, {"type": "Feature", "properties": {"wikidata": "Q18495941", "name": "Q18495941", "status": "done", "osm_id": "node/1783474601", "category": "insediamento"}, "geometry": {"type": "Point", "coordinates": [7.71265, 45.73218]}}, {"type": "Feature", "properties": {"wikidata": "Q18495838", "name": "Q18495838", "status": "done", "osm_id": "relation/8007708", "category": "frazione"}, "geometry": {"type": "Point", "coordinates": [7.43069, 45.73077]}}, {"type": "Feature", "properties": {"wikidata": "Q18495980", "name": "Q18495980", "status": "done", "osm_id": "node/360957321", "category": "frazione"}, "geometry": {"type": "Point", "coordinates": [7.82245, 45.79354]}}, {"type": "Feature", "properties": {"wikidata": "Q18495899", "name": "Q18495899", "status": "done", "osm_id": "node/1999175449", "category": "frazione"}, "geometry": {"type": "Point", "coordinates": [7.21708, 45.69626]}}, {"type": "Feature", "properties": {"wikidata": "Q18495971", "name": "Q18495971", "status": "done", "osm_id": "node/838565246", "category": "insediamento"}, "geometry": {"type": "Point", "coordinates": [7.81579, 45.61636]}}, {"type": "Feature", "properties": {"wikidata": "Q18495859", "name": "Q18495859", "status": "done", "osm_id": "node/838565192", "category": "frazione"}, "geometry": {"type": "Point", "coordinates": [7.81525, 45.61146]}}, {"type": "Feature", "properties": {"wikidata": "Q18495848", "name": "Q18495848", "status": "done", "osm_id": "node/1271060736", "category": "insediamento"}, "geometry": {"type": "Point", "coordinates": [7.60793, 45.78582]}}, {"type": "Feature", "properties": {"wikidata": "Q18495986", "name": "Q18495986", "status": "done", "osm_id": "node/838565252", "category": "insediamento"}, "geometry": {"type": "Point", "coordinates": [7.73968, 45.64326]}}, {"type": "Feature", "properties": {"wikidata": "Q18495905", "name": "Q18495905", "status": "missing", "osm_id": null, "category": "insediamento"}, "geometry": {"type": "Point", "coordinates": [7.25547, 45.71771]}}, {"type": "Feature", "properties": {"wikidata": "Q18495978", "name": "Q18495978", "status": "done", "osm_id": "node/360956269", "category": "frazione"}, "geometry": {"type": "Point", "coordinates": [7.8147, 45.85828]}}, {"type": "Feature", "properties": {"wikidata": "Q18495920", "name": "Q18495920", "status": "done", "osm_id": "node/1480041467", "category": "frazione"}, "geometry": {"type": "Point", "coordinates": [7.65506, 45.62126]}}, {"type": "Feature", "properties": {"wikidata": "Q18495947", "name": "Q18495947", "status": "done", "osm_id": "node/11670310420", "category": "frazione"}, "geometry": {"type": "Point", "coordinates": [7.70569, 45.68463]}}, {"type": "Feature", "properties": {"wikidata": "Q18495984", "name": "Q18495984", "status": "done", "osm_id": "node/726133549", "category": "frazione"}, "geometry": {"type": "Point", "coordinates": [7.62848, 45.73828]}}, {"type": "Feature", "properties": {"wikidata": "Q72681105", "name": "Q72681105", "status": "done", "osm_id": "node/4075439758", "category": "other"}, "geometry": {"type": "Point", "coordinates": [7.8728725, 45.6443202]}}, {"type": "Feature", "properties": {"wikidata": "Q91213890", "name": "Q91213890", "status": "missing", "osm_id": null, "category": "cimitero"}, "geometry": {"type": "Point", "coordinates": [7.67508, 45.70712]}}, {"type": "Feature", "properties": {"wikidata": "Q78193061", "name": "Q78193061", "status": "done", "osm_id": "way/60359980", "category": "other"}, "geometry": {"type": "Point", "coordinates": [7.822929, 45.827084]}}, {"type": "Feature", "properties": {"wikidata": "Q68526456", "name": "Q68526456", "status": "done", "osm_id": "way/247923316", "category": "other"}, "geometry": {"type": "Point", "coordinates": [6.973333333, 45.8575]}}, {"type": "Feature", "properties": {"wikidata": "Q91198498", "name": "Q91198498", "status": "done", "osm_id": "way/60359968", "category": "cimitero"}, "geometry": {"type": "Point", "coordinates": [7.82244, 45.82732]}}, {"type": "Feature", "properties": {"wikidata": "Q88766037", "name": "Q88766037", "status": "done", "osm_id": "node/3124032221", "category": "other"}, "geometry": {"type": "Point", "coordinates": [7.5370935, 45.8386551]}}, {"type": "Feature", "properties": {"wikidata": "Q68297762", "name": "Q68297762", "status": "missing", "osm_id": null, "category": "other"}, "geometry": {"type": "Point", "coordinates": [7.687234, 45.667229]}}, {"type": "Feature", "properties": {"wikidata": "Q90814728", "name": "Q90814728", "status": "done", "osm_id": "way/121716314", "category": "other"}, "geometry": {"type": "Point", "coordinates": [7.85496, 45.68494]}}, {"type": "Feature", "properties": {"wikidata": "Q91212323", "name": "Q91212323", "status": "missing", "osm_id": null, "category": "cimitero"}, "geometry": {"type": "Point", "coordinates": [7.7145, 45.82537]}}, {"type": "Feature", "properties": {"wikidata": "Q85628542", "name": "Q85628542", "status": "done", "osm_id": "way/64575852", "category": "other"}, "geometry": {"type": "Point", "coordinates": [7.93008, 45.64291]}}, {"type": "Feature", "properties": {"wikidata": "Q81166562", "name": "Q81166562", "status": "missing", "osm_id": null, "category": "archivio"}, "geometry": {"type": "Point", "coordinates": [7.4445495, 45.7312531]}}, {"type": "Feature", "properties": {"wikidata": "Q91196156", "name": "Q91196156", "status": "done", "osm_id": "way/165570080", "category": "cimitero"}, "geometry": {"type": "Point", "coordinates": [7.80913, 45.61443]}}, {"type": "Feature", "properties": {"wikidata": "Q91212431", "name": "Q91212431", "status": "missing", "osm_id": null, "category": "cimitero"}, "geometry": {"type": "Point", "coordinates": [7.65857, 45.68627]}}, {"type": "Feature", "properties": {"wikidata": "Q68663076", "name": "Q68663076", "status": "done", "osm_id": "node/1315242282", "category": "other"}, "geometry": {"type": "Point", "coordinates": [7.711295, 45.684631]}}, {"type": "Feature", "properties": {"wikidata": "Q68324160", "name": "Q68324160", "status": "missing", "osm_id": null, "category": "other"}, "geometry": {"type": "Point", "coordinates": [7.323958, 45.738189]}}, {"type": "Feature", "properties": {"wikidata": "Q91198692", "name": "Q91198692", "status": "done", "osm_id": "way/83232988", "category": "cimitero"}, "geometry": {"type": "Point", "coordinates": [7.7726774, 45.6020373]}}, {"type": "Feature", "properties": {"wikidata": "Q91208529", "name": "Q91208529", "status": "done", "osm_id": "way/477144827", "category": "cimitero"}, "geometry": {"type": "Point", "coordinates": [7.68732, 45.60679]}}, {"type": "Feature", "properties": {"wikidata": "Q91196322", "name": "Q91196322", "status": "done", "osm_id": "way/165572028", "category": "cimitero"}, "geometry": {"type": "Point", "coordinates": [7.8133, 45.61595]}}, {"type": "Feature", "properties": {"wikidata": "Q91119435", "name": "Q91119435", "status": "done", "osm_id": "way/164988574", "category": "cimitero"}, "geometry": {"type": "Point", "coordinates": [7.7945, 45.5967]}}, {"type": "Feature", "properties": {"wikidata": "Q69555887", "name": "Q69555887", "status": "done", "osm_id": "node/3749412615", "category": "other"}, "geometry": {"type": "Point", "coordinates": [6.9830682, 45.7207909]}}, {"type": "Feature", "properties": {"wikidata": "Q70333623", "name": "Q70333623", "status": "done", "osm_id": "node/3891507794", "category": "other"}, "geometry": {"type": "Point", "coordinates": [7.686529, 45.811537]}}, {"type": "Feature", "properties": {"wikidata": "Q81166528", "name": "Q81166528", "status": "missing", "osm_id": null, "category": "archivio"}, "geometry": {"type": "Point", "coordinates": [7.4667185, 45.7392683]}}, {"type": "Feature", "properties": {"wikidata": "Q88640337", "name": "Q88640337", "status": "missing", "osm_id": null, "category": "other"}, "geometry": {"type": "Point", "coordinates": [7.1952792, 45.83408]}}, {"type": "Feature", "properties": {"wikidata": "Q91198991", "name": "Q91198991", "status": "done", "osm_id": "way/480223035", "category": "cimitero"}, "geometry": {"type": "Point", "coordinates": [7.76763, 45.59663]}}, {"type": "Feature", "properties": {"wikidata": "Q68297330", "name": "Q68297330", "status": "missing", "osm_id": null, "category": "other"}, "geometry": {"type": "Point", "coordinates": [7.579096, 45.817698]}}, {"type": "Feature", "properties": {"wikidata": "Q87052616", "name": "Q87052616", "status": "missing", "osm_id": null, "category": "other"}, "geometry": {"type": "Point", "coordinates": [7.62526, 45.87343]}}, {"type": "Feature", "properties": {"wikidata": "Q88672577", "name": "Q88672577", "status": "missing", "osm_id": null, "category": "other"}, "geometry": {"type": "Point", "coordinates": [7.6413365, 45.8145026]}}, {"type": "Feature", "properties": {"wikidata": "Q73014764", "name": "Q73014764", "status": "done", "osm_id": "node/3421172021", "category": "other"}, "geometry": {"type": "Point", "coordinates": [7.671594, 45.721989]}}, {"type": "Feature", "properties": {"wikidata": "Q88555686", "name": "Q88555686", "status": "done", "osm_id": "node/3698798781", "category": "other"}, "geometry": {"type": "Point", "coordinates": [7.6166453, 45.8995412]}}, {"type": "Feature", "properties": {"wikidata": "Q90570252", "name": "Q90570252", "status": "done", "osm_id": "node/7402983617", "category": "other"}, "geometry": {"type": "Point", "coordinates": [6.8999021, 45.681275]}}, {"type": "Feature", "properties": {"wikidata": "Q91209544", "name": "Q91209544", "status": "done", "osm_id": "way/162581536", "category": "cimitero"}, "geometry": {"type": "Point", "coordinates": [7.71856, 45.64267]}}, {"type": "Feature", "properties": {"wikidata": "Q88959596", "name": "Q88959596", "status": "done", "osm_id": "node/808544012", "category": "other"}, "geometry": {"type": "Point", "coordinates": [6.8676772, 45.8298267]}}, {"type": "Feature", "properties": {"wikidata": "Q91211822", "name": "Q91211822", "status": "missing", "osm_id": null, "category": "cimitero"}, "geometry": {"type": "Point", "coordinates": [7.73644, 45.71154]}}, {"type": "Feature", "properties": {"wikidata": "Q91198012", "name": "Q91198012", "status": "done", "osm_id": "way/75674708", "category": "cimitero"}, "geometry": {"type": "Point", "coordinates": [7.86032, 45.64632]}}, {"type": "Feature", "properties": {"wikidata": "Q90130535", "name": "Q90130535", "status": "missing", "osm_id": null, "category": "other"}, "geometry": {"type": "Point", "coordinates": [7.6636335, 45.7094929]}}, {"type": "Feature", "properties": {"wikidata": "Q91231968", "name": "Q91231968", "status": "missing", "osm_id": null, "category": "cimitero"}, "geometry": {"type": "Point", "coordinates": [7.6099, 45.7448]}}, {"type": "Feature", "properties": {"wikidata": "Q68012819", "name": "Q68012819", "status": "done", "osm_id": "way/136299005", "category": "other"}, "geometry": {"type": "Point", "coordinates": [7.00471, 45.70835]}}, {"type": "Feature", "properties": {"wikidata": "Q91211164", "name": "Q91211164", "status": "done", "osm_id": "way/331489976", "category": "cimitero"}, "geometry": {"type": "Point", "coordinates": [7.6964, 45.6579]}}, {"type": "Feature", "properties": {"wikidata": "Q79447315", "name": "Q79447315", "status": "missing", "osm_id": null, "category": "other"}, "geometry": {"type": "Point", "coordinates": [7.688636, 45.93755]}}, {"type": "Feature", "properties": {"wikidata": "Q86660878", "name": "Q86660878", "status": "done", "osm_id": "node/13467920978", "category": "montagna"}, "geometry": {"type": "Point", "coordinates": [6.83071, 45.8372]}}, {"type": "Feature", "properties": {"wikidata": "Q86674844", "name": "Q86674844", "status": "done", "osm_id": "way/131975547", "category": "other"}, "geometry": {"type": "Point", "coordinates": [7.610356, 45.74869]}}, {"type": "Feature", "properties": {"wikidata": "Q89759975", "name": "Q89759975", "status": "done", "osm_id": "way/167073465", "category": "other"}, "geometry": {"type": "Point", "coordinates": [7.63361, 45.91518]}}, {"type": "Feature", "properties": {"wikidata": "Q88941642", "name": "Q88941642", "status": "done", "osm_id": "way/1425088748", "category": "other"}, "geometry": {"type": "Point", "coordinates": [7.5946948, 45.7142377]}}, {"type": "Feature", "properties": {"wikidata": "Q90410578", "name": "Q90410578", "status": "missing", "osm_id": null, "category": "other"}, "geometry": {"type": "Point", "coordinates": [6.992, 45.76819]}}, {"type": "Feature", "properties": {"wikidata": "Q87978098", "name": "Q87978098", "status": "done", "osm_id": "way/498819123", "category": "chiesa"}, "geometry": {"type": "Point", "coordinates": [7.3067, 45.8186]}}, {"type": "Feature", "properties": {"wikidata": "Q90831881", "name": "Q90831881", "status": "done", "osm_id": "node/1495164462", "category": "other"}, "geometry": {"type": "Point", "coordinates": [6.98298, 45.71794]}}, {"type": "Feature", "properties": {"wikidata": "Q91119285", "name": "Q91119285", "status": "done", "osm_id": "way/376525211", "category": "cimitero"}, "geometry": {"type": "Point", "coordinates": [7.79725, 45.60109]}}, {"type": "Feature", "properties": {"wikidata": "Q81166545", "name": "Q81166545", "status": "missing", "osm_id": null, "category": "archivio"}, "geometry": {"type": "Point", "coordinates": [7.797743, 45.5997905]}}, {"type": "Feature", "properties": {"wikidata": "Q81166446", "name": "Q81166446", "status": "missing", "osm_id": null, "category": "archivio"}, "geometry": {"type": "Point", "coordinates": [7.169347239, 45.7035565]}}, {"type": "Feature", "properties": {"wikidata": "Q70871009", "name": "Q70871009", "status": "missing", "osm_id": null, "category": "torre"}, "geometry": {"type": "Point", "coordinates": [7.323323, 45.738046]}}, {"type": "Feature", "properties": {"wikidata": "Q91198024", "name": "Q91198024", "status": "done", "osm_id": "way/75674827", "category": "cimitero"}, "geometry": {"type": "Point", "coordinates": [7.85495, 45.68455]}}, {"type": "Feature", "properties": {"wikidata": "Q91211051", "name": "Q91211051", "status": "done", "osm_id": "way/455251955", "category": "cimitero"}, "geometry": {"type": "Point", "coordinates": [7.68271, 45.65785]}}, {"type": "Feature", "properties": {"wikidata": "Q91210887", "name": "Q91210887", "status": "missing", "osm_id": null, "category": "cimitero"}, "geometry": {"type": "Point", "coordinates": [7.67664, 45.66524]}}, {"type": "Feature", "properties": {"wikidata": "Q72693690", "name": "Q72693690", "status": "done", "osm_id": "node/3020916395", "category": "other"}, "geometry": {"type": "Point", "coordinates": [7.185211, 45.691797]}}, {"type": "Feature", "properties": {"wikidata": "Q89766918", "name": "Q89766918", "status": "done", "osm_id": "node/5409541120", "category": "other"}, "geometry": {"type": "Point", "coordinates": [7.4502003, 45.7467132]}}, {"type": "Feature", "properties": {"wikidata": "Q88654901", "name": "Q88654901", "status": "done", "osm_id": "way/144906607", "category": "other"}, "geometry": {"type": "Point", "coordinates": [7.18131, 45.84209]}}, {"type": "Feature", "properties": {"wikidata": "Q91213611", "name": "Q91213611", "status": "missing", "osm_id": null, "category": "cimitero"}, "geometry": {"type": "Point", "coordinates": [7.66917, 45.72528]}}, {"type": "Feature", "properties": {"wikidata": "Q91231934", "name": "Q91231934", "status": "missing", "osm_id": null, "category": "cimitero"}, "geometry": {"type": "Point", "coordinates": [7.68646, 45.76081]}}, {"type": "Feature", "properties": {"wikidata": "Q88796551", "name": "Q88796551", "status": "missing", "osm_id": null, "category": "other"}, "geometry": {"type": "Point", "coordinates": [7.5661468, 45.7061231]}}, {"type": "Feature", "properties": {"wikidata": "Q91198199", "name": "Q91198199", "status": "done", "osm_id": "way/103287398", "category": "cimitero"}, "geometry": {"type": "Point", "coordinates": [7.82561, 45.7793]}}, {"type": "Feature", "properties": {"wikidata": "Q91198032", "name": "Q91198032", "status": "done", "osm_id": "way/360728720", "category": "cimitero"}, "geometry": {"type": "Point", "coordinates": [7.8813, 45.7092]}}, {"type": "Feature", "properties": {"wikidata": "Q91211704", "name": "Q91211704", "status": "missing", "osm_id": null, "category": "cimitero"}, "geometry": {"type": "Point", "coordinates": [7.71204, 45.69152]}}, {"type": "Feature", "properties": {"wikidata": "Q90003084", "name": "Q90003084", "status": "missing", "osm_id": null, "category": "other"}, "geometry": {"type": "Point", "coordinates": [7.19125, 45.69968]}}, {"type": "Feature", "properties": {"wikidata": "Q91207319", "name": "Q91207319", "status": "done", "osm_id": "way/162847822", "category": "cimitero"}, "geometry": {"type": "Point", "coordinates": [7.74747, 45.60668]}}, {"type": "Feature", "properties": {"wikidata": "Q70334736", "name": "Q70334736", "status": "done", "osm_id": "node/893388008", "category": "other"}, "geometry": {"type": "Point", "coordinates": [7.853667, 45.653461]}}, {"type": "Feature", "properties": {"wikidata": "Q91214015", "name": "Q91214015", "status": "missing", "osm_id": null, "category": "cimitero"}, "geometry": {"type": "Point", "coordinates": [7.67376, 45.7011]}}, {"type": "Feature", "properties": {"wikidata": "Q90147251", "name": "Q90147251", "status": "missing", "osm_id": null, "category": "other"}, "geometry": {"type": "Point", "coordinates": [7.17395, 45.71193]}}, {"type": "Feature", "properties": {"wikidata": "Q91231958", "name": "Q91231958", "status": "done", "osm_id": "way/194634071", "category": "cimitero"}, "geometry": {"type": "Point", "coordinates": [7.64897, 45.74567]}}, {"type": "Feature", "properties": {"wikidata": "Q91214113", "name": "Q91214113", "status": "missing", "osm_id": null, "category": "cimitero"}, "geometry": {"type": "Point", "coordinates": [7.69267, 45.72795]}}, {"type": "Feature", "properties": {"wikidata": "Q86675105", "name": "Q86675105", "status": "done", "osm_id": "node/2023764725", "category": "frazione"}, "geometry": {"type": "Point", "coordinates": [7.66608, 45.73104]}}, {"type": "Feature", "properties": {"wikidata": "Q91208343", "name": "Q91208343", "status": "done", "osm_id": "way/134941038", "category": "cimitero"}, "geometry": {"type": "Point", "coordinates": [7.73592, 45.61537]}}, {"type": "Feature", "properties": {"wikidata": "Q69340311", "name": "Q69340311", "status": "missing", "osm_id": null, "category": "other"}, "geometry": {"type": "Point", "coordinates": [6.947857, 45.71581]}}, {"type": "Feature", "properties": {"wikidata": "Q91119610", "name": "Q91119610", "status": "done", "osm_id": "way/793558783", "category": "cimitero"}, "geometry": {"type": "Point", "coordinates": [7.80868, 45.59446]}}, {"type": "Feature", "properties": {"wikidata": "Q85860840", "name": "Q85860840", "status": "done", "osm_id": "way/112461571", "category": "chiesa"}, "geometry": {"type": "Point", "coordinates": [7.7319626, 45.7595094]}}, {"type": "Feature", "properties": {"wikidata": "Q91211990", "name": "Q91211990", "status": "missing", "osm_id": null, "category": "cimitero"}, "geometry": {"type": "Point", "coordinates": [7.73152, 45.75925]}}, {"type": "Feature", "properties": {"wikidata": "Q86536851", "name": "Q86536851", "status": "done", "osm_id": "way/1469635398", "category": "other"}, "geometry": {"type": "Point", "coordinates": [7.322333333, 45.736]}}, {"type": "Feature", "properties": {"wikidata": "Q89189562", "name": "Q89189562", "status": "missing", "osm_id": null, "category": "other"}, "geometry": {"type": "Point", "coordinates": [7.7241165, 45.6108903]}}, {"type": "Feature", "properties": {"wikidata": "Q91197996", "name": "Q91197996", "status": "done", "osm_id": "way/348884904", "category": "cimitero"}, "geometry": {"type": "Point", "coordinates": [7.84336, 45.6332]}}, {"type": "Feature", "properties": {"wikidata": "Q91212241", "name": "Q91212241", "status": "missing", "osm_id": null, "category": "cimitero"}, "geometry": {"type": "Point", "coordinates": [7.6888, 45.81289]}}, {"type": "Feature", "properties": {"wikidata": "Q89671429", "name": "Q89671429", "status": "missing", "osm_id": null, "category": "other"}, "geometry": {"type": "Point", "coordinates": [7.4800877, 45.784139]}}, {"type": "Feature", "properties": {"wikidata": "Q85860750", "name": "Q85860750", "status": "missing", "osm_id": null, "category": "chiesa"}, "geometry": {"type": "Point", "coordinates": [7.73058, 45.86265]}}, {"type": "Feature", "properties": {"wikidata": "Q73487734", "name": "Q73487734", "status": "done", "osm_id": "node/2495997977", "category": "other"}, "geometry": {"type": "Point", "coordinates": [7.697265, 45.698831]}}, {"type": "Feature", "properties": {"wikidata": "Q91209287", "name": "Q91209287", "status": "done", "osm_id": "way/459598134", "category": "cimitero"}, "geometry": {"type": "Point", "coordinates": [7.62357, 45.62294]}}, {"type": "Feature", "properties": {"wikidata": "Q81166426", "name": "Q81166426", "status": "missing", "osm_id": null, "category": "archivio"}, "geometry": {"type": "Point", "coordinates": [7.6126858, 45.7486269]}}, {"type": "Feature", "properties": {"wikidata": "Q18495516", "name": "Q18495516", "status": "done", "osm_id": "node/1269234791", "category": "insediamento"}, "geometry": {"type": "Point", "coordinates": [7.52859, 45.77707]}}, {"type": "Feature", "properties": {"wikidata": "Q18495607", "name": "Q18495607", "status": "done", "osm_id": "node/12475804875", "category": "insediamento"}, "geometry": {"type": "Point", "coordinates": [7.48369, 45.74677]}}, {"type": "Feature", "properties": {"wikidata": "Q18495551", "name": "Q18495551", "status": "done", "osm_id": "node/13467924853", "category": "frazione"}, "geometry": {"type": "Point", "coordinates": [6.95934, 45.73491]}}, {"type": "Feature", "properties": {"wikidata": "Q18495529", "name": "Q18495529", "status": "done", "osm_id": "node/1258081141", "category": "insediamento"}, "geometry": {"type": "Point", "coordinates": [7.54947, 45.76234]}}, {"type": "Feature", "properties": {"wikidata": "Q18495562", "name": "Q18495562", "status": "done", "osm_id": "node/1618964304", "category": "frazione"}, "geometry": {"type": "Point", "coordinates": [7.06629, 45.7521]}}, {"type": "Feature", "properties": {"wikidata": "Q18495503", "name": "Q18495503", "status": "done", "osm_id": "node/437245978", "category": "frazione"}, "geometry": {"type": "Point", "coordinates": [7.1416, 45.68406]}}, {"type": "Feature", "properties": {"wikidata": "Q18495539", "name": "Q18495539", "status": "done", "osm_id": "node/838565364", "category": "frazione"}, "geometry": {"type": "Point", "coordinates": [7.76803, 45.61118]}}, {"type": "Feature", "properties": {"wikidata": "Q18495463", "name": "Q18495463", "status": "done", "osm_id": "node/726661907", "category": "insediamento"}, "geometry": {"type": "Point", "coordinates": [7.66528, 45.6849]}}, {"type": "Feature", "properties": {"wikidata": "Q18495564", "name": "Q18495564", "status": "done", "osm_id": "node/963947050", "category": "insediamento"}, "geometry": {"type": "Point", "coordinates": [7.28364, 45.79526]}}, {"type": "Feature", "properties": {"wikidata": "Q18495536", "name": "Q18495536", "status": "done", "osm_id": "node/1759575238", "category": "frazione"}, "geometry": {"type": "Point", "coordinates": [7.50161, 45.76358]}}, {"type": "Feature", "properties": {"wikidata": "Q18495609", "name": "Q18495609", "status": "done", "osm_id": "node/1250217575", "category": "frazione"}, "geometry": {"type": "Point", "coordinates": [7.59375, 45.78981]}}, {"type": "Feature", "properties": {"wikidata": "Q18495471", "name": "Q18495471", "status": "done", "osm_id": "node/1731061927", "category": "frazione"}, "geometry": {"type": "Point", "coordinates": [7.67886, 45.66064]}}, {"type": "Feature", "properties": {"wikidata": "Q18495421", "name": "Q18495421", "status": "done", "osm_id": "node/1733564264", "category": "frazione"}, "geometry": {"type": "Point", "coordinates": [7.19688, 45.70558]}}, {"type": "Feature", "properties": {"wikidata": "Q18495458", "name": "Q18495458", "status": "done", "osm_id": "node/1996704472", "category": "frazione"}, "geometry": {"type": "Point", "coordinates": [7.20075, 45.71049]}}, {"type": "Feature", "properties": {"wikidata": "Q18495584", "name": "Q18495584", "status": "done", "osm_id": "node/13478057107", "category": "insediamento"}, "geometry": {"type": "Point", "coordinates": [7.61734, 45.92295]}}, {"type": "Feature", "properties": {"wikidata": "Q18495470", "name": "Q18495470", "status": "done", "osm_id": "node/13478057101", "category": "frazione"}, "geometry": {"type": "Point", "coordinates": [7.59122, 45.82314]}}, {"type": "Feature", "properties": {"wikidata": "Q18495575", "name": "Q18495575", "status": "missing", "osm_id": null, "category": "frazione"}, "geometry": {"type": "Point", "coordinates": [7.68414, 45.65414]}}, {"type": "Feature", "properties": {"wikidata": "Q18495566", "name": "Q18495566", "status": "done", "osm_id": "node/1988093080", "category": "insediamento"}, "geometry": {"type": "Point", "coordinates": [7.22697, 45.70048]}}, {"type": "Feature", "properties": {"wikidata": "Q18495412", "name": "Q18495412", "status": "done", "osm_id": "node/5239617947", "category": "insediamento"}, "geometry": {"type": "Point", "coordinates": [7.49334, 45.74188]}}, {"type": "Feature", "properties": {"wikidata": "Q18495582", "name": "Q18495582", "status": "done", "osm_id": "node/1255464345", "category": "frazione"}, "geometry": {"type": "Point", "coordinates": [7.61652, 45.83646]}}, {"type": "Feature", "properties": {"wikidata": "Q18495553", "name": "Q18495553", "status": "done", "osm_id": "node/1365395067", "category": "insediamento"}, "geometry": {"type": "Point", "coordinates": [7.06746, 45.64442]}}, {"type": "Feature", "properties": {"wikidata": "Q18495452", "name": "Q18495452", "status": "done", "osm_id": "node/1316506398", "category": "frazione"}, "geometry": {"type": "Point", "coordinates": [7.6766, 45.73047]}}, {"type": "Feature", "properties": {"wikidata": "Q18495469", "name": "Q18495469", "status": "done", "osm_id": "node/650253606", "category": "insediamento"}, "geometry": {"type": "Point", "coordinates": [7.7575, 45.75183]}}, {"type": "Feature", "properties": {"wikidata": "Q18495455", "name": "Q18495455", "status": "done", "osm_id": "node/1829860231", "category": "insediamento"}, "geometry": {"type": "Point", "coordinates": [7.57658, 45.82488]}}, {"type": "Feature", "properties": {"wikidata": "Q18495490", "name": "Q18495490", "status": "done", "osm_id": "node/3329712997", "category": "frazione"}, "geometry": {"type": "Point", "coordinates": [7.31184, 45.70238]}}, {"type": "Feature", "properties": {"wikidata": "Q18495588", "name": "Q18495588", "status": "done", "osm_id": "node/2648893869", "category": "frazione"}, "geometry": {"type": "Point", "coordinates": [7.58883, 45.73851]}}, {"type": "Feature", "properties": {"wikidata": "Q18495461", "name": "Q18495461", "status": "done", "osm_id": "node/1325501187", "category": "insediamento"}, "geometry": {"type": "Point", "coordinates": [7.69989, 45.78041]}}, {"type": "Feature", "properties": {"wikidata": "Q18495514", "name": "Q18495514", "status": "done", "osm_id": "node/838565201", "category": "insediamento"}, "geometry": {"type": "Point", "coordinates": [7.77295, 45.59497]}}, {"type": "Feature", "properties": {"wikidata": "Q18495498", "name": "Q18495498", "status": "done", "osm_id": "node/1350385235", "category": "insediamento"}, "geometry": {"type": "Point", "coordinates": [7.81812, 45.83824]}}, {"type": "Feature", "properties": {"wikidata": "Q18495590", "name": "Q18495590", "status": "done", "osm_id": "node/6027130284", "category": "frazione"}, "geometry": {"type": "Point", "coordinates": [7.55119, 45.77863]}}, {"type": "Feature", "properties": {"wikidata": "Q18495586", "name": "Q18495586", "status": "done", "osm_id": "node/2537565902", "category": "frazione"}, "geometry": {"type": "Point", "coordinates": [7.31253, 45.76164]}}, {"type": "Feature", "properties": {"wikidata": "Q18495577", "name": "Q18495577", "status": "done", "osm_id": "relation/8155958", "category": "frazione"}, "geometry": {"type": "Point", "coordinates": [7.43526, 45.74015]}}, {"type": "Feature", "properties": {"wikidata": "Q18495464", "name": "Q18495464", "status": "done", "osm_id": "node/724278327", "category": "frazione"}, "geometry": {"type": "Point", "coordinates": [7.67479, 45.66886]}}, {"type": "Feature", "properties": {"wikidata": "Q18495433", "name": "Q18495433", "status": "done", "osm_id": "node/1269182874", "category": "frazione"}, "geometry": {"type": "Point", "coordinates": [7.55687, 45.76927]}}, {"type": "Feature", "properties": {"wikidata": "Q18495549", "name": "Q18495549", "status": "done", "osm_id": "node/1310295162", "category": "frazione"}, "geometry": {"type": "Point", "coordinates": [7.38128, 45.75964]}}, {"type": "Feature", "properties": {"wikidata": "Q18495408", "name": "Q18495408", "status": "done", "osm_id": "node/1310310237", "category": "insediamento"}, "geometry": {"type": "Point", "coordinates": [7.37741, 45.76161]}}, {"type": "Feature", "properties": {"wikidata": "Q18495477", "name": "Q18495477", "status": "done", "osm_id": "node/1325111118", "category": "insediamento"}, "geometry": {"type": "Point", "coordinates": [7.73418, 45.85283]}}, {"type": "Feature", "properties": {"wikidata": "Q18495600", "name": "Q18495600", "status": "done", "osm_id": "node/1712936147", "category": "frazione"}, "geometry": {"type": "Point", "coordinates": [7.67327, 45.74527]}}, {"type": "Feature", "properties": {"wikidata": "Q18495558", "name": "Q18495558", "status": "done", "osm_id": "node/963951525", "category": "frazione"}, "geometry": {"type": "Point", "coordinates": [7.33364, 45.8268]}}, {"type": "Feature", "properties": {"wikidata": "Q18495570", "name": "Q18495570", "status": "done", "osm_id": "node/6152070398", "category": "frazione"}, "geometry": {"type": "Point", "coordinates": [7.3131, 45.78396]}}, {"type": "Feature", "properties": {"wikidata": "Q18495417", "name": "Q18495417", "status": "done", "osm_id": "node/1583577999", "category": "frazione"}, "geometry": {"type": "Point", "coordinates": [7.17333, 45.82213]}}, {"type": "Feature", "properties": {"wikidata": "Q18495560", "name": "Q18495560", "status": "done", "osm_id": "node/1998768289", "category": "frazione"}, "geometry": {"type": "Point", "coordinates": [7.21424, 45.70215]}}, {"type": "Feature", "properties": {"wikidata": "Q18495419", "name": "Q18495419", "status": "missing", "osm_id": null, "category": "frazione"}, "geometry": {"type": "Point", "coordinates": [7.55328, 45.7486]}}, {"type": "Feature", "properties": {"wikidata": "Q18495598", "name": "Q18495598", "status": "done", "osm_id": "node/1724507692", "category": "frazione"}, "geometry": {"type": "Point", "coordinates": [7.66293, 45.68906]}}, {"type": "Feature", "properties": {"wikidata": "Q18495441", "name": "Q18495441", "status": "missing", "osm_id": null, "category": "insediamento"}, "geometry": {"type": "Point", "coordinates": [7.71045, 45.63899]}}, {"type": "Feature", "properties": {"wikidata": "Q18495479", "name": "Q18495479", "status": "missing", "osm_id": null, "category": "insediamento"}, "geometry": {"type": "Point", "coordinates": [7.66499, 45.61931]}}, {"type": "Feature", "properties": {"wikidata": "Q18495592", "name": "Q18495592", "status": "done", "osm_id": "node/1735580736", "category": "frazione"}, "geometry": {"type": "Point", "coordinates": [7.03097, 45.76306]}}, {"type": "Feature", "properties": {"wikidata": "Q18495542", "name": "Q18495542", "status": "done", "osm_id": "node/1771627186", "category": "frazione"}, "geometry": {"type": "Point", "coordinates": [7.71133, 45.68856]}}, {"type": "Feature", "properties": {"wikidata": "Q18495481", "name": "Q18495481", "status": "done", "osm_id": "node/1313021805", "category": "frazione"}, "geometry": {"type": "Point", "coordinates": [7.14528, 45.63741]}}, {"type": "Feature", "properties": {"wikidata": "Q18495555", "name": "Q18495555", "status": "missing", "osm_id": null, "category": "frazione"}, "geometry": {"type": "Point", "coordinates": [7.30696, 45.69851]}}, {"type": "Feature", "properties": {"wikidata": "Q18495476", "name": "Q18495476", "status": "done", "osm_id": "node/1996101224", "category": "frazione"}, "geometry": {"type": "Point", "coordinates": [7.16724, 45.71637]}}, {"type": "Feature", "properties": {"wikidata": "Q18495506", "name": "Q18495506", "status": "missing", "osm_id": null, "category": "insediamento"}, "geometry": {"type": "Point", "coordinates": [7.51445, 45.74792]}}, {"type": "Feature", "properties": {"wikidata": "Q18495459", "name": "Q18495459", "status": "done", "osm_id": "node/2390423909", "category": "frazione"}, "geometry": {"type": "Point", "coordinates": [7.30007, 45.76129]}}, {"type": "Feature", "properties": {"wikidata": "Q18495500", "name": "Q18495500", "status": "done", "osm_id": "node/650253591", "category": "frazione"}, "geometry": {"type": "Point", "coordinates": [7.75819, 45.74419]}}, {"type": "Feature", "properties": {"wikidata": "Q18495596", "name": "Q18495596", "status": "done", "osm_id": "node/1626955017", "category": "frazione"}, "geometry": {"type": "Point", "coordinates": [7.09663, 45.72459]}}, {"type": "Feature", "properties": {"wikidata": "Q18495611", "name": "Q18495611", "status": "done", "osm_id": "node/5066265546", "category": "other"}, "geometry": {"type": "Point", "coordinates": [7.47929, 45.78713]}}, {"type": "Feature", "properties": {"wikidata": "Q18495534", "name": "Q18495534", "status": "done", "osm_id": "node/2652531293", "category": "frazione"}, "geometry": {"type": "Point", "coordinates": [7.53378, 45.74906]}}, {"type": "Feature", "properties": {"wikidata": "Q18495440", "name": "Q18495440", "status": "done", "osm_id": "node/1352606890", "category": "frazione"}, "geometry": {"type": "Point", "coordinates": [7.401934, 45.866779]}}, {"type": "Feature", "properties": {"wikidata": "Q18495527", "name": "Q18495527", "status": "done", "osm_id": "node/2515505742", "category": "insediamento"}, "geometry": {"type": "Point", "coordinates": [7.5914, 45.74627]}}, {"type": "Feature", "properties": {"wikidata": "Q18495485", "name": "Q18495485", "status": "done", "osm_id": "node/7036424640", "category": "insediamento"}, "geometry": {"type": "Point", "coordinates": [7.34704, 45.74674]}}, {"type": "Feature", "properties": {"wikidata": "Q18495453", "name": "Q18495453", "status": "done", "osm_id": "node/650253593", "category": "frazione"}, "geometry": {"type": "Point", "coordinates": [7.76426, 45.75774]}}, {"type": "Feature", "properties": {"wikidata": "Q18495436", "name": "Q18495436", "status": "done", "osm_id": "node/963946489", "category": "frazione"}, "geometry": {"type": "Point", "coordinates": [7.30014, 45.804]}}, {"type": "Feature", "properties": {"wikidata": "Q18495488", "name": "Q18495488", "status": "done", "osm_id": "node/1456226530", "category": "insediamento"}, "geometry": {"type": "Point", "coordinates": [7.06651, 45.63424]}}, {"type": "Feature", "properties": {"wikidata": "Q18495473", "name": "Q18495473", "status": "done", "osm_id": "node/1759575237", "category": "insediamento"}, "geometry": {"type": "Point", "coordinates": [7.49493, 45.75143]}}, {"type": "Feature", "properties": {"wikidata": "Q18495601", "name": "Q18495601", "status": "done", "osm_id": "node/1602202445", "category": "frazione"}, "geometry": {"type": "Point", "coordinates": [7.29451, 45.77013]}}, {"type": "Feature", "properties": {"wikidata": "Q18495443", "name": "Q18495443", "status": "done", "osm_id": "node/963945450", "category": "insediamento"}, "geometry": {"type": "Point", "coordinates": [7.24249, 45.80908]}}, {"type": "Feature", "properties": {"wikidata": "Q18495438", "name": "Q18495438", "status": "done", "osm_id": "node/1715948644", "category": "insediamento"}, "geometry": {"type": "Point", "coordinates": [7.65639, 45.76046]}}, {"type": "Feature", "properties": {"wikidata": "Q18495508", "name": "Q18495508", "status": "done", "osm_id": "node/1284255610", "category": "insediamento"}, "geometry": {"type": "Point", "coordinates": [7.61224, 45.62588]}}, {"type": "Feature", "properties": {"wikidata": "Q18495445", "name": "Q18495445", "status": "done", "osm_id": "node/1501460613", "category": "insediamento"}, "geometry": {"type": "Point", "coordinates": [6.96529, 45.74274]}}, {"type": "Feature", "properties": {"wikidata": "Q18495483", "name": "Q18495483", "status": "done", "osm_id": "node/1258081272", "category": "insediamento"}, "geometry": {"type": "Point", "coordinates": [7.51826, 45.75995]}}, {"type": "Feature", "properties": {"wikidata": "Q18495423", "name": "Q18495423", "status": "done", "osm_id": "node/1327118225", "category": "insediamento"}, "geometry": {"type": "Point", "coordinates": [7.75214, 45.82812]}}, {"type": "Feature", "properties": {"wikidata": "Q18495414", "name": "Q18495414", "status": "missing", "osm_id": null, "category": "insediamento"}, "geometry": {"type": "Point", "coordinates": [7.36868, 45.74899]}}, {"type": "Feature", "properties": {"wikidata": "Q18495451", "name": "Q18495451", "status": "done", "osm_id": "node/3264562216", "category": "insediamento"}, "geometry": {"type": "Point", "coordinates": [7.71056, 45.76966]}}, {"type": "Feature", "properties": {"wikidata": "Q18495435", "name": "Q18495435", "status": "done", "osm_id": "node/1626883032", "category": "insediamento"}, "geometry": {"type": "Point", "coordinates": [7.08817, 45.72754]}}, {"type": "Feature", "properties": {"wikidata": "Q18495519", "name": "Q18495519", "status": "done", "osm_id": "node/1312830099", "category": "frazione"}, "geometry": {"type": "Point", "coordinates": [7.193, 45.71061]}}, {"type": "Feature", "properties": {"wikidata": "Q18495603", "name": "Q18495603", "status": "done", "osm_id": "node/1287766585", "category": "insediamento"}, "geometry": {"type": "Point", "coordinates": [7.61643, 45.90766]}}, {"type": "Feature", "properties": {"wikidata": "Q18495430", "name": "Q18495430", "status": "done", "osm_id": "node/725277628", "category": "insediamento"}, "geometry": {"type": "Point", "coordinates": [7.20962, 45.58967]}}, {"type": "Feature", "properties": {"wikidata": "Q18495572", "name": "Q18495572", "status": "done", "osm_id": "node/1733564263", "category": "insediamento"}, "geometry": {"type": "Point", "coordinates": [7.21491, 45.70754]}}, {"type": "Feature", "properties": {"wikidata": "Q18495532", "name": "Q18495532", "status": "done", "osm_id": "node/1715948647", "category": "frazione"}, "geometry": {"type": "Point", "coordinates": [7.67511, 45.75489]}}, {"type": "Feature", "properties": {"wikidata": "Q18495594", "name": "Q18495594", "status": "done", "osm_id": "node/963945877", "category": "frazione"}, "geometry": {"type": "Point", "coordinates": [7.34547, 45.82903]}}, {"type": "Feature", "properties": {"wikidata": "Q18495450", "name": "Q18495450", "status": "done", "osm_id": "node/1451212152", "category": "insediamento"}, "geometry": {"type": "Point", "coordinates": [7.70128, 45.72447]}}, {"type": "Feature", "properties": {"wikidata": "Q18495426", "name": "Q18495426", "status": "done", "osm_id": "node/1615736964", "category": "frazione"}, "geometry": {"type": "Point", "coordinates": [7.0204, 45.76411]}}, {"type": "Feature", "properties": {"wikidata": "Q18495428", "name": "Q18495428", "status": "done", "osm_id": "node/963946406", "category": "insediamento"}, "geometry": {"type": "Point", "coordinates": [7.288, 45.80924]}}, {"type": "Feature", "properties": {"wikidata": "Q18495530", "name": "Q18495530", "status": "done", "osm_id": "node/1258226116", "category": "frazione"}, "geometry": {"type": "Point", "coordinates": [7.51552, 45.75053]}}, {"type": "Feature", "properties": {"wikidata": "Q18495465", "name": "Q18495465", "status": "done", "osm_id": "node/1451212159", "category": "frazione"}, "geometry": {"type": "Point", "coordinates": [7.66385, 45.73974]}}, {"type": "Feature", "properties": {"wikidata": "Q18495521", "name": "Q18495521", "status": "done", "osm_id": "node/963952528", "category": "frazione"}, "geometry": {"type": "Point", "coordinates": [7.38235, 45.84678]}}, {"type": "Feature", "properties": {"wikidata": "Q18495545", "name": "Q18495545", "status": "done", "osm_id": "node/838565175", "category": "insediamento"}, "geometry": {"type": "Point", "coordinates": [7.80819, 45.5931]}}, {"type": "Feature", "properties": {"wikidata": "Q18495496", "name": "Q18495496", "status": "done", "osm_id": "node/1726307710", "category": "insediamento"}, "geometry": {"type": "Point", "coordinates": [7.67276, 45.67545]}}, {"type": "Feature", "properties": {"wikidata": "Q18495495", "name": "Q18495495", "status": "done", "osm_id": "node/4901464681", "category": "frazione"}, "geometry": {"type": "Point", "coordinates": [7.31315, 45.72339]}}, {"type": "Feature", "properties": {"wikidata": "Q18495556", "name": "Q18495556", "status": "done", "osm_id": "node/5009129487", "category": "insediamento"}, "geometry": {"type": "Point", "coordinates": [7.29265, 45.76511]}}, {"type": "Feature", "properties": {"wikidata": "Q18495568", "name": "Q18495568", "status": "done", "osm_id": "node/6732389727", "category": "frazione"}, "geometry": {"type": "Point", "coordinates": [7.34691, 45.74517]}}, {"type": "Feature", "properties": {"wikidata": "Q18495448", "name": "Q18495448", "status": "done", "osm_id": "node/1380014816", "category": "insediamento"}, "geometry": {"type": "Point", "coordinates": [7.32518, 45.62886]}}, {"type": "Feature", "properties": {"wikidata": "Q18495605", "name": "Q18495605", "status": "done", "osm_id": "node/1618691744", "category": "frazione"}, "geometry": {"type": "Point", "coordinates": [7.07571, 45.75983]}}, {"type": "Feature", "properties": {"wikidata": "Q18495547", "name": "Q18495547", "status": "done", "osm_id": "node/5245400629", "category": "insediamento"}, "geometry": {"type": "Point", "coordinates": [7.45723, 45.73075]}}, {"type": "Feature", "properties": {"wikidata": "Q18495416", "name": "Q18495416", "status": "done", "osm_id": "node/1998376154", "category": "insediamento"}, "geometry": {"type": "Point", "coordinates": [7.19818, 45.69075]}}, {"type": "Feature", "properties": {"wikidata": "Q18495504", "name": "Q18495504", "status": "done", "osm_id": "node/1719593978", "category": "insediamento"}, "geometry": {"type": "Point", "coordinates": [7.69256, 45.70093]}}, {"type": "Feature", "properties": {"wikidata": "Q18495425", "name": "Q18495425", "status": "done", "osm_id": "node/650253584", "category": "frazione"}, "geometry": {"type": "Point", "coordinates": [7.7521, 45.73562]}}, {"type": "Feature", "properties": {"wikidata": "Q18495474", "name": "Q18495474", "status": "done", "osm_id": "node/1796677339", "category": "insediamento"}, "geometry": {"type": "Point", "coordinates": [7.61565, 45.87239]}}, {"type": "Feature", "properties": {"wikidata": "Q18495512", "name": "Q18495512", "status": "done", "osm_id": "node/1284255618", "category": "insediamento"}, "geometry": {"type": "Point", "coordinates": [7.65143, 45.62665]}}, {"type": "Feature", "properties": {"wikidata": "Q18495510", "name": "Q18495510", "status": "done", "osm_id": "node/5007196366", "category": "insediamento"}, "geometry": {"type": "Point", "coordinates": [7.37745, 45.72997]}}, {"type": "Feature", "properties": {"wikidata": "Q67772146", "name": "Q67772146", "status": "done", "osm_id": "node/3749412616", "category": "castello"}, "geometry": {"type": "Point", "coordinates": [6.987394, 45.7256729]}}, {"type": "Feature", "properties": {"wikidata": "Q55743323", "name": "Q55743323", "status": "missing", "osm_id": null, "category": "pianta_monum"}, "geometry": {"type": "Point", "coordinates": [7.134147, 45.595381]}}, {"type": "Feature", "properties": {"wikidata": "Q55743337", "name": "Q55743337", "status": "missing", "osm_id": null, "category": "pianta_monum"}, "geometry": {"type": "Point", "coordinates": [7.6412, 45.751728]}}, {"type": "Feature", "properties": {"wikidata": "Q55743315", "name": "Q55743315", "status": "missing", "osm_id": null, "category": "pianta_monum"}, "geometry": {"type": "Point", "coordinates": [7.133786, 45.595286]}}, {"type": "Feature", "properties": {"wikidata": "Q56550392", "name": "Q56550392", "status": "missing", "osm_id": null, "category": "other"}, "geometry": {"type": "Point", "coordinates": [7.36248, 45.61072]}}, {"type": "Feature", "properties": {"wikidata": "Q56451618", "name": "Q56451618", "status": "missing", "osm_id": null, "category": "other"}, "geometry": {"type": "Point", "coordinates": [7.786197, 45.603008]}}, {"type": "Feature", "properties": {"wikidata": "Q55743326", "name": "Q55743326", "status": "missing", "osm_id": null, "category": "pianta_monum"}, "geometry": {"type": "Point", "coordinates": [7.134506, 45.595553]}}, {"type": "Feature", "properties": {"wikidata": "Q55743301", "name": "Q55743301", "status": "missing", "osm_id": null, "category": "pianta_monum"}, "geometry": {"type": "Point", "coordinates": [7.793486, 45.633006]}}, {"type": "Feature", "properties": {"wikidata": "Q55743251", "name": "Q55743251", "status": "missing", "osm_id": null, "category": "pianta_monum"}, "geometry": {"type": "Point", "coordinates": [7.855833, 45.744725]}}, {"type": "Feature", "properties": {"wikidata": "Q55743306", "name": "Q55743306", "status": "missing", "osm_id": null, "category": "pianta_monum"}, "geometry": {"type": "Point", "coordinates": [7.798475, 45.590072]}}, {"type": "Feature", "properties": {"wikidata": "Q55743321", "name": "Q55743321", "status": "missing", "osm_id": null, "category": "pianta_monum"}, "geometry": {"type": "Point", "coordinates": [7.133967, 45.595694]}}, {"type": "Feature", "properties": {"wikidata": "Q55743257", "name": "Q55743257", "status": "missing", "osm_id": null, "category": "pianta_monum"}, "geometry": {"type": "Point", "coordinates": [7.856833, 45.746611]}}, {"type": "Feature", "properties": {"wikidata": "Q67772158", "name": "Q67772158", "status": "done", "osm_id": "node/4539695689", "category": "castello"}, "geometry": {"type": "Point", "coordinates": [7.6879471, 45.654484]}}, {"type": "Feature", "properties": {"wikidata": "Q55743327", "name": "Q55743327", "status": "missing", "osm_id": null, "category": "pianta_monum"}, "geometry": {"type": "Point", "coordinates": [7.134947, 45.595739]}}, {"type": "Feature", "properties": {"wikidata": "Q55743339", "name": "Q55743339", "status": "missing", "osm_id": null, "category": "pianta_monum"}, "geometry": {"type": "Point", "coordinates": [7.042378, 45.589028]}}, {"type": "Feature", "properties": {"wikidata": "Q56550411", "name": "Q56550411", "status": "missing", "osm_id": null, "category": "edificio"}, "geometry": {"type": "Point", "coordinates": [7.36232, 45.61064]}}, {"type": "Feature", "properties": {"wikidata": "Q56550483", "name": "Q56550483", "status": "done", "osm_id": "way/348884911", "category": "chiesa"}, "geometry": {"type": "Point", "coordinates": [7.8436723, 45.6331549]}}, {"type": "Feature", "properties": {"wikidata": "Q56550504", "name": "Q56550504", "status": "missing", "osm_id": null, "category": "other"}, "geometry": {"type": "Point", "coordinates": [7.8836488, 45.6190368]}}, {"type": "Feature", "properties": {"wikidata": "Q55743340", "name": "Q55743340", "status": "missing", "osm_id": null, "category": "pianta_monum"}, "geometry": {"type": "Point", "coordinates": [7.042328, 45.588294]}}, {"type": "Feature", "properties": {"wikidata": "Q57804763", "name": "Q57804763", "status": "missing", "osm_id": null, "category": "other"}, "geometry": {"type": "Point", "coordinates": [7.481944444, 45.790277777]}}, {"type": "Feature", "properties": {"wikidata": "Q55743309", "name": "Q55743309", "status": "missing", "osm_id": null, "category": "pianta_monum"}, "geometry": {"type": "Point", "coordinates": [7.143622, 45.595714]}}, {"type": "Feature", "properties": {"wikidata": "Q55743319", "name": "Q55743319", "status": "missing", "osm_id": null, "category": "pianta_monum"}, "geometry": {"type": "Point", "coordinates": [7.133683, 45.595853]}}, {"type": "Feature", "properties": {"wikidata": "Q55743353", "name": "Q55743353", "status": "missing", "osm_id": null, "category": "pianta_monum"}, "geometry": {"type": "Point", "coordinates": [7.043111, 45.586061]}}, {"type": "Feature", "properties": {"wikidata": "Q67772063", "name": "Q67772063", "status": "done", "osm_id": "node/1498230355", "category": "castello"}, "geometry": {"type": "Point", "coordinates": [6.920851, 45.7619063]}}, {"type": "Feature", "properties": {"wikidata": "Q55743285", "name": "Q55743285", "status": "missing", "osm_id": null, "category": "pianta_monum"}, "geometry": {"type": "Point", "coordinates": [7.049756, 45.781672]}}, {"type": "Feature", "properties": {"wikidata": "Q55743270", "name": "Q55743270", "status": "missing", "osm_id": null, "category": "pianta_monum"}, "geometry": {"type": "Point", "coordinates": [7.859061, 45.678436]}}, {"type": "Feature", "properties": {"wikidata": "Q67772124", "name": "Q67772124", "status": "done", "osm_id": "node/3335688381", "category": "castello"}, "geometry": {"type": "Point", "coordinates": [7.3229821, 45.7389558]}}, {"type": "Feature", "properties": {"wikidata": "Q55743343", "name": "Q55743343", "status": "missing", "osm_id": null, "category": "pianta_monum"}, "geometry": {"type": "Point", "coordinates": [7.042928, 45.587578]}}, {"type": "Feature", "properties": {"wikidata": "Q61483618", "name": "Q61483618", "status": "done", "osm_id": "way/164443009", "category": "other"}, "geometry": {"type": "Point", "coordinates": [7.7614838, 45.6022137]}}, {"type": "Feature", "properties": {"wikidata": "Q55743336", "name": "Q55743336", "status": "missing", "osm_id": null, "category": "pianta_monum"}, "geometry": {"type": "Point", "coordinates": [7.641728, 45.752892]}}, {"type": "Feature", "properties": {"wikidata": "Q56928211", "name": "Q56928211", "status": "done", "osm_id": "way/1469625046", "category": "other"}, "geometry": {"type": "Point", "coordinates": [6.951696, 45.818093]}}, {"type": "Feature", "properties": {"wikidata": "Q67149189", "name": "Q67149189", "status": "missing", "osm_id": null, "category": "other"}, "geometry": {"type": "Point", "coordinates": [7.39236, 45.593945]}}, {"type": "Feature", "properties": {"wikidata": "Q67008352", "name": "Q67008352", "status": "missing", "osm_id": null, "category": "other"}, "geometry": {"type": "Point", "coordinates": [7.362588, 45.610951]}}, {"type": "Feature", "properties": {"wikidata": "Q55743350", "name": "Q55743350", "status": "missing", "osm_id": null, "category": "pianta_monum"}, "geometry": {"type": "Point", "coordinates": [7.042378, 45.587694]}}, {"type": "Feature", "properties": {"wikidata": "Q55743354", "name": "Q55743354", "status": "missing", "osm_id": null, "category": "pianta_monum"}, "geometry": {"type": "Point", "coordinates": [7.044378, 45.583378]}}, {"type": "Feature", "properties": {"wikidata": "Q56550525", "name": "Q56550525", "status": "missing", "osm_id": null, "category": "other"}, "geometry": {"type": "Point", "coordinates": [7.656183, 45.742976]}}, {"type": "Feature", "properties": {"wikidata": "Q55743356", "name": "Q55743356", "status": "missing", "osm_id": null, "category": "pianta_monum"}, "geometry": {"type": "Point", "coordinates": [7.046061, 45.594206]}}, {"type": "Feature", "properties": {"wikidata": "Q55743342", "name": "Q55743342", "status": "missing", "osm_id": null, "category": "pianta_monum"}, "geometry": {"type": "Point", "coordinates": [7.042828, 45.587928]}}, {"type": "Feature", "properties": {"wikidata": "Q67647089", "name": "Q67647089", "status": "missing", "osm_id": null, "category": "chiesa"}, "geometry": {"type": "Point", "coordinates": [7.726111111, 45.831388888]}}, {"type": "Feature", "properties": {"wikidata": "Q56550438", "name": "Q56550438", "status": "missing", "osm_id": null, "category": "other"}, "geometry": {"type": "Point", "coordinates": [7.35225, 45.60698]}}, {"type": "Feature", "properties": {"wikidata": "Q55743334", "name": "Q55743334", "status": "missing", "osm_id": null, "category": "pianta_monum"}, "geometry": {"type": "Point", "coordinates": [7.14405, 45.595106]}}, {"type": "Feature", "properties": {"wikidata": "Q60167739", "name": "Q60167739", "status": "done", "osm_id": "node/967054957", "category": "montagna"}, "geometry": {"type": "Point", "coordinates": [7.13744, 45.51603]}}, {"type": "Feature", "properties": {"wikidata": "Q55743328", "name": "Q55743328", "status": "missing", "osm_id": null, "category": "pianta_monum"}, "geometry": {"type": "Point", "coordinates": [7.137433, 45.594836]}}, {"type": "Feature", "properties": {"wikidata": "Q55743248", "name": "Q55743248", "status": "missing", "osm_id": null, "category": "pianta_monum"}, "geometry": {"type": "Point", "coordinates": [7.855844, 45.746128]}}, {"type": "Feature", "properties": {"wikidata": "Q56629598", "name": "Q56629598", "status": "missing", "osm_id": null, "category": "pianta_monum"}, "geometry": {"type": "Point", "coordinates": [7.144108, 45.595272]}}, {"type": "Feature", "properties": {"wikidata": "Q55743324", "name": "Q55743324", "status": "missing", "osm_id": null, "category": "pianta_monum"}, "geometry": {"type": "Point", "coordinates": [7.134647, 45.595164]}}, {"type": "Feature", "properties": {"wikidata": "Q65935023", "name": "Q65935023", "status": "missing", "osm_id": null, "category": "other"}, "geometry": {"type": "Point", "coordinates": [7.711427, 45.683618]}}, {"type": "Feature", "properties": {"wikidata": "Q55743253", "name": "Q55743253", "status": "missing", "osm_id": null, "category": "pianta_monum"}, "geometry": {"type": "Point", "coordinates": [7.858075, 45.743347]}}, {"type": "Feature", "properties": {"wikidata": "Q55831828", "name": "Q55831828", "status": "missing", "osm_id": null, "category": "other"}, "geometry": {"type": "Point", "coordinates": [7.07805556, 45.74027778]}}, {"type": "Feature", "properties": {"wikidata": "Q55743310", "name": "Q55743310", "status": "missing", "osm_id": null, "category": "pianta_monum"}, "geometry": {"type": "Point", "coordinates": [7.144136, 45.595708]}}, {"type": "Feature", "properties": {"wikidata": "Q57560720", "name": "Q57560720", "status": "done", "osm_id": "node/1686074823", "category": "montagna"}, "geometry": {"type": "Point", "coordinates": [7.77845, 45.81093]}}, {"type": "Feature", "properties": {"wikidata": "Q55743311", "name": "Q55743311", "status": "missing", "osm_id": null, "category": "pianta_monum"}, "geometry": {"type": "Point", "coordinates": [7.14435, 45.595742]}}, {"type": "Feature", "properties": {"wikidata": "Q55743255", "name": "Q55743255", "status": "missing", "osm_id": null, "category": "pianta_monum"}, "geometry": {"type": "Point", "coordinates": [7.857225, 45.744192]}}, {"type": "Feature", "properties": {"wikidata": "Q55743262", "name": "Q55743262", "status": "done", "osm_id": "node/3517481276", "category": "pianta_monum"}, "geometry": {"type": "Point", "coordinates": [7.859503, 45.693978]}}, {"type": "Feature", "properties": {"wikidata": "Q56516607", "name": "Q56516607", "status": "missing", "osm_id": null, "category": "castello"}, "geometry": {"type": "Point", "coordinates": [7.3555646, 45.6100726]}}, {"type": "Feature", "properties": {"wikidata": "Q55743259", "name": "Q55743259", "status": "missing", "osm_id": null, "category": "pianta_monum"}, "geometry": {"type": "Point", "coordinates": [7.85525, 45.746833]}}, {"type": "Feature", "properties": {"wikidata": "Q55743320", "name": "Q55743320", "status": "missing", "osm_id": null, "category": "pianta_monum"}, "geometry": {"type": "Point", "coordinates": [7.133578, 45.595761]}}, {"type": "Feature", "properties": {"wikidata": "Q61875429", "name": "Q61875429", "status": "missing", "osm_id": null, "category": "other"}, "geometry": {"type": "Point", "coordinates": [7.5711, 45.6461]}}, {"type": "Feature", "properties": {"wikidata": "Q55743318", "name": "Q55743318", "status": "missing", "osm_id": null, "category": "pianta_monum"}, "geometry": {"type": "Point", "coordinates": [7.133839, 45.595678]}}, {"type": "Feature", "properties": {"wikidata": "Q55743333", "name": "Q55743333", "status": "missing", "osm_id": null, "category": "pianta_monum"}, "geometry": {"type": "Point", "coordinates": [7.144092, 45.595139]}}, {"type": "Feature", "properties": {"wikidata": "Q55743317", "name": "Q55743317", "status": "missing", "osm_id": null, "category": "pianta_monum"}, "geometry": {"type": "Point", "coordinates": [7.133519, 45.595606]}}, {"type": "Feature", "properties": {"wikidata": "Q55743313", "name": "Q55743313", "status": "missing", "osm_id": null, "category": "pianta_monum"}, "geometry": {"type": "Point", "coordinates": [7.144297, 45.595381]}}, {"type": "Feature", "properties": {"wikidata": "Q55743256", "name": "Q55743256", "status": "missing", "osm_id": null, "category": "pianta_monum"}, "geometry": {"type": "Point", "coordinates": [7.856972, 45.745639]}}, {"type": "Feature", "properties": {"wikidata": "Q55743254", "name": "Q55743254", "status": "missing", "osm_id": null, "category": "pianta_monum"}, "geometry": {"type": "Point", "coordinates": [7.857514, 45.744172]}}, {"type": "Feature", "properties": {"wikidata": "Q55743308", "name": "Q55743308", "status": "done", "osm_id": "node/6246344731", "category": "pianta_monum"}, "geometry": {"type": "Point", "coordinates": [7.599486, 45.731747]}}, {"type": "Feature", "properties": {"wikidata": "Q55743338", "name": "Q55743338", "status": "missing", "osm_id": null, "category": "pianta_monum"}, "geometry": {"type": "Point", "coordinates": [7.041978, 45.588228]}}, {"type": "Feature", "properties": {"wikidata": "Q57543477", "name": "Q57543477", "status": "done", "osm_id": "node/1686074824", "category": "montagna"}, "geometry": {"type": "Point", "coordinates": [7.771143, 45.807122]}}, {"type": "Feature", "properties": {"wikidata": "Q55743293", "name": "Q55743293", "status": "missing", "osm_id": null, "category": "pianta_monum"}, "geometry": {"type": "Point", "coordinates": [7.458453, 45.741844]}}, {"type": "Feature", "properties": {"wikidata": "Q55743250", "name": "Q55743250", "status": "missing", "osm_id": null, "category": "pianta_monum"}, "geometry": {"type": "Point", "coordinates": [7.855011, 45.745278]}}, {"type": "Feature", "properties": {"wikidata": "Q55743357", "name": "Q55743357", "status": "missing", "osm_id": null, "category": "pianta_monum"}, "geometry": {"type": "Point", "coordinates": [7.225556, 45.58]}}, {"type": "Feature", "properties": {"wikidata": "Q55743349", "name": "Q55743349", "status": "missing", "osm_id": null, "category": "pianta_monum"}, "geometry": {"type": "Point", "coordinates": [7.039444, 45.586389]}}, {"type": "Feature", "properties": {"wikidata": "Q55743345", "name": "Q55743345", "status": "missing", "osm_id": null, "category": "pianta_monum"}, "geometry": {"type": "Point", "coordinates": [7.043161, 45.587628]}}, {"type": "Feature", "properties": {"wikidata": "Q64825374", "name": "Q64825374", "status": "done", "osm_id": "node/2437491757", "category": "montagna"}, "geometry": {"type": "Point", "coordinates": [7.86858, 45.87344]}}, {"type": "Feature", "properties": {"wikidata": "Q55743245", "name": "Q55743245", "status": "missing", "osm_id": null, "category": "pianta_monum"}, "geometry": {"type": "Point", "coordinates": [7.854183, 45.746681]}}, {"type": "Feature", "properties": {"wikidata": "Q67372614", "name": "Q67372614", "status": "done", "osm_id": "node/1316468423", "category": "casa"}, "geometry": {"type": "Point", "coordinates": [7.677839, 45.690942]}}, {"type": "Feature", "properties": {"wikidata": "Q55743252", "name": "Q55743252", "status": "missing", "osm_id": null, "category": "pianta_monum"}, "geometry": {"type": "Point", "coordinates": [7.856117, 45.743903]}}, {"type": "Feature", "properties": {"wikidata": "Q61112829", "name": "Q61112829", "status": "missing", "osm_id": null, "category": "other"}, "geometry": {"type": "Point", "coordinates": [7.627522222, 45.926016666]}}, {"type": "Feature", "properties": {"wikidata": "Q55743249", "name": "Q55743249", "status": "missing", "osm_id": null, "category": "pianta_monum"}, "geometry": {"type": "Point", "coordinates": [7.855003, 45.745003]}}, {"type": "Feature", "properties": {"wikidata": "Q55743277", "name": "Q55743277", "status": "missing", "osm_id": null, "category": "pianta_monum"}, "geometry": {"type": "Point", "coordinates": [7.094192, 45.726597]}}, {"type": "Feature", "properties": {"wikidata": "Q67772148", "name": "Q67772148", "status": "done", "osm_id": "node/3890483954", "category": "castello"}, "geometry": {"type": "Point", "coordinates": [7.688624, 45.8121844]}}, {"type": "Feature", "properties": {"wikidata": "Q60426530", "name": "Q60426530", "status": "done", "osm_id": "node/4880847595", "category": "montagna"}, "geometry": {"type": "Point", "coordinates": [7.13788, 45.5119]}}, {"type": "Feature", "properties": {"wikidata": "Q61197914", "name": "Q61197914", "status": "done", "osm_id": "way/60444349", "category": "other"}, "geometry": {"type": "Point", "coordinates": [7.74429, 45.61179]}}, {"type": "Feature", "properties": {"wikidata": "Q67772126", "name": "Q67772126", "status": "done", "osm_id": "node/3335688383", "category": "castello"}, "geometry": {"type": "Point", "coordinates": [7.320089, 45.739684]}}, {"type": "Feature", "properties": {"wikidata": "Q55743312", "name": "Q55743312", "status": "missing", "osm_id": null, "category": "pianta_monum"}, "geometry": {"type": "Point", "coordinates": [7.133361, 45.595894]}}, {"type": "Feature", "properties": {"wikidata": "Q55743346", "name": "Q55743346", "status": "missing", "osm_id": null, "category": "pianta_monum"}, "geometry": {"type": "Point", "coordinates": [7.043544, 45.587578]}}, {"type": "Feature", "properties": {"wikidata": "Q55743355", "name": "Q55743355", "status": "missing", "osm_id": null, "category": "pianta_monum"}, "geometry": {"type": "Point", "coordinates": [7.048494, 45.575339]}}, {"type": "Feature", "properties": {"wikidata": "Q67772056", "name": "Q67772056", "status": "done", "osm_id": "node/1456226533", "category": "castello"}, "geometry": {"type": "Point", "coordinates": [7.0823085, 45.6264782]}}, {"type": "Feature", "properties": {"wikidata": "Q55743348", "name": "Q55743348", "status": "missing", "osm_id": null, "category": "pianta_monum"}, "geometry": {"type": "Point", "coordinates": [7.042961, 45.587311]}}, {"type": "Feature", "properties": {"wikidata": "Q55743358", "name": "Q55743358", "status": "missing", "osm_id": null, "category": "pianta_monum"}, "geometry": {"type": "Point", "coordinates": [7.225625, 45.580219]}}, {"type": "Feature", "properties": {"wikidata": "Q55743316", "name": "Q55743316", "status": "missing", "osm_id": null, "category": "pianta_monum"}, "geometry": {"type": "Point", "coordinates": [7.133631, 45.595494]}}, {"type": "Feature", "properties": {"wikidata": "Q55743325", "name": "Q55743325", "status": "missing", "osm_id": null, "category": "pianta_monum"}, "geometry": {"type": "Point", "coordinates": [7.1345, 45.595672]}}, {"type": "Feature", "properties": {"wikidata": "Q55743335", "name": "Q55743335", "status": "done", "osm_id": "node/5615122068", "category": "pianta_monum"}, "geometry": {"type": "Point", "coordinates": [7.215053, 45.823972]}}, {"type": "Feature", "properties": {"wikidata": "Q55743351", "name": "Q55743351", "status": "missing", "osm_id": null, "category": "pianta_monum"}, "geometry": {"type": "Point", "coordinates": [7.041878, 45.588078]}}, {"type": "Feature", "properties": {"wikidata": "Q36994201", "name": "Q36994201", "status": "done", "osm_id": "node/1312642045", "category": "chiesa"}, "geometry": {"type": "Point", "coordinates": [7.1575552, 45.6575393]}}, {"type": "Feature", "properties": {"wikidata": "Q47463263", "name": "Q47463263", "status": "missing", "osm_id": null, "category": "other"}, "geometry": {"type": "Point", "coordinates": [7.809460574, 45.597435507]}}, {"type": "Feature", "properties": {"wikidata": "Q36995292", "name": "Q36995292", "status": "done", "osm_id": "way/323884998", "category": "other"}, "geometry": {"type": "Point", "coordinates": [7.1178, 45.5697]}}, {"type": "Feature", "properties": {"wikidata": "Q49283461", "name": "Q49283461", "status": "done", "osm_id": "node/360956265", "category": "other"}, "geometry": {"type": "Point", "coordinates": [7.82321, 45.82967]}}, {"type": "Feature", "properties": {"wikidata": "Q49966186", "name": "Q49966186", "status": "missing", "osm_id": null, "category": "other"}, "geometry": {"type": "Point", "coordinates": [7.433055555, 45.737222222]}}, {"type": "Feature", "properties": {"wikidata": "Q47463300", "name": "Q47463300", "status": "missing", "osm_id": null, "category": "other"}, "geometry": {"type": "Point", "coordinates": [7.691388888, 45.686666666]}}, {"type": "Feature", "properties": {"wikidata": "Q36993922", "name": "Q36993922", "status": "missing", "osm_id": null, "category": "other"}, "geometry": {"type": "Point", "coordinates": [7.152274, 45.647759]}}, {"type": "Feature", "properties": {"wikidata": "Q33135304", "name": "Q33135304", "status": "done", "osm_id": "node/3838782008", "category": "montagna"}, "geometry": {"type": "Point", "coordinates": [7.78376, 45.62581]}}, {"type": "Feature", "properties": {"wikidata": "Q49966699", "name": "Q49966699", "status": "done", "osm_id": "way/181815947", "category": "other"}, "geometry": {"type": "Point", "coordinates": [7.564722222, 45.848333333]}}, {"type": "Feature", "properties": {"wikidata": "Q35431610", "name": "Q35431610", "status": "missing", "osm_id": null, "category": "other"}, "geometry": {"type": "Point", "coordinates": [7.7, 45.816666666]}}, {"type": "Feature", "properties": {"wikidata": "Q48812815", "name": "Q48812815", "status": "done", "osm_id": "way/87405870", "category": "other"}, "geometry": {"type": "Point", "coordinates": [7.0055994, 45.5432585]}}, {"type": "Feature", "properties": {"wikidata": "Q35431071", "name": "Q35431071", "status": "missing", "osm_id": null, "category": "other"}, "geometry": {"type": "Point", "coordinates": [7.333333333, 45.75]}}, {"type": "Feature", "properties": {"wikidata": "Q47462732", "name": "Q47462732", "status": "missing", "osm_id": null, "category": "other"}, "geometry": {"type": "Point", "coordinates": [7.534075, 45.586405]}}, {"type": "Feature", "properties": {"wikidata": "Q36989486", "name": "Q36989486", "status": "done", "osm_id": "way/129970769", "category": "chiesa"}, "geometry": {"type": "Point", "coordinates": [7.35586, 45.60966]}}, {"type": "Feature", "properties": {"wikidata": "Q49966308", "name": "Q49966308", "status": "missing", "osm_id": null, "category": "other"}, "geometry": {"type": "Point", "coordinates": [7.146944444, 45.866666666]}}, {"type": "Feature", "properties": {"wikidata": "Q36994963", "name": "Q36994963", "status": "missing", "osm_id": null, "category": "other"}, "geometry": {"type": "Point", "coordinates": [7.133783, 45.586284]}}, {"type": "Feature", "properties": {"wikidata": "Q49966286", "name": "Q49966286", "status": "missing", "osm_id": null, "category": "other"}, "geometry": {"type": "Point", "coordinates": [7.01811852, 45.847735232]}}, {"type": "Feature", "properties": {"wikidata": "Q36990390", "name": "Q36990390", "status": "missing", "osm_id": null, "category": "other"}, "geometry": {"type": "Point", "coordinates": [7.3785, 45.61]}}, {"type": "Feature", "properties": {"wikidata": "Q49966315", "name": "Q49966315", "status": "missing", "osm_id": null, "category": "other"}, "geometry": {"type": "Point", "coordinates": [7.221111111, 45.681666666]}}, {"type": "Feature", "properties": {"wikidata": "Q31639017", "name": "Q31639017", "status": "done", "osm_id": "node/2415780264", "category": "other"}, "geometry": {"type": "Point", "coordinates": [6.9944, 45.62885]}}, {"type": "Feature", "properties": {"wikidata": "Q48812812", "name": "Q48812812", "status": "done", "osm_id": "way/131665490", "category": "other"}, "geometry": {"type": "Point", "coordinates": [7.0413094, 45.5446046]}}, {"type": "Feature", "properties": {"wikidata": "Q49280986", "name": "Q49280986", "status": "missing", "osm_id": null, "category": "other"}, "geometry": {"type": "Point", "coordinates": [7.58666, 45.80603]}}, {"type": "Feature", "properties": {"wikidata": "Q31645750", "name": "Q31645750", "status": "done", "osm_id": "node/7198173107", "category": "other"}, "geometry": {"type": "Point", "coordinates": [7.38157, 45.6662]}}, {"type": "Feature", "properties": {"wikidata": "Q47463228", "name": "Q47463228", "status": "missing", "osm_id": null, "category": "other"}, "geometry": {"type": "Point", "coordinates": [7.294166666, 45.717777777]}}, {"type": "Feature", "properties": {"wikidata": "Q47462782", "name": "Q47462782", "status": "missing", "osm_id": null, "category": "other"}, "geometry": {"type": "Point", "coordinates": [7.602777777, 45.588055555]}}, {"type": "Feature", "properties": {"wikidata": "Q31639055", "name": "Q31639055", "status": "done", "osm_id": "node/2493996017", "category": "other"}, "geometry": {"type": "Point", "coordinates": [6.901833, 45.680936]}}, {"type": "Feature", "properties": {"wikidata": "Q47463295", "name": "Q47463295", "status": "missing", "osm_id": null, "category": "other"}, "geometry": {"type": "Point", "coordinates": [7.691388888, 45.686666666]}}, {"type": "Feature", "properties": {"wikidata": "Q49966301", "name": "Q49966301", "status": "missing", "osm_id": null, "category": "other"}, "geometry": {"type": "Point", "coordinates": [7.013888888, 45.541388888]}}, {"type": "Feature", "properties": {"wikidata": "Q31623235", "name": "Q31623235", "status": "missing", "osm_id": null, "category": "montagna"}, "geometry": {"type": "Point", "coordinates": [7.6892, 45.6192]}}, {"type": "Feature", "properties": {"wikidata": "Q31645378", "name": "Q31645378", "status": "done", "osm_id": "node/1314469588", "category": "other"}, "geometry": {"type": "Point", "coordinates": [7.79173, 45.69175]}}, {"type": "Feature", "properties": {"wikidata": "Q36995635", "name": "Q36995635", "status": "done", "osm_id": "way/36898752", "category": "other"}, "geometry": {"type": "Point", "coordinates": [7.17879, 45.55772]}}, {"type": "Feature", "properties": {"wikidata": "Q36993637", "name": "Q36993637", "status": "done", "osm_id": "way/189184565", "category": "other"}, "geometry": {"type": "Point", "coordinates": [7.2061, 45.70086]}}, {"type": "Feature", "properties": {"wikidata": "Q41900244", "name": "Q41900244", "status": "done", "osm_id": "node/1327298062", "category": "montagna"}, "geometry": {"type": "Point", "coordinates": [7.766508, 45.79379]}}, {"type": "Feature", "properties": {"wikidata": "Q49753048", "name": "Q49753048", "status": "done", "osm_id": "node/2415780275", "category": "other"}, "geometry": {"type": "Point", "coordinates": [7.002357, 45.512937]}}, {"type": "Feature", "properties": {"wikidata": "Q36995183", "name": "Q36995183", "status": "missing", "osm_id": null, "category": "other"}, "geometry": {"type": "Point", "coordinates": [7.113356, 45.55878]}}, {"type": "Feature", "properties": {"wikidata": "Q36996139", "name": "Q36996139", "status": "missing", "osm_id": null, "category": "chiesa"}, "geometry": {"type": "Point", "coordinates": [7.2083922, 45.5928748]}}, {"type": "Feature", "properties": {"wikidata": "Q33169390", "name": "Q33169390", "status": "done", "osm_id": "node/7275489548", "category": "other"}, "geometry": {"type": "Point", "coordinates": [7.41607, 45.91143]}}, {"type": "Feature", "properties": {"wikidata": "Q31676391", "name": "Q31676391", "status": "done", "osm_id": "node/1275511930", "category": "montagna"}, "geometry": {"type": "Point", "coordinates": [7.78527, 45.66313]}}, {"type": "Feature", "properties": {"wikidata": "Q49966725", "name": "Q49966725", "status": "missing", "osm_id": null, "category": "other"}, "geometry": {"type": "Point", "coordinates": [7.5825, 45.753333333]}}, {"type": "Feature", "properties": {"wikidata": "Q49754321", "name": "Q49754321", "status": "missing", "osm_id": null, "category": "montagna"}, "geometry": {"type": "Point", "coordinates": [6.8115, 45.8065]}}, {"type": "Feature", "properties": {"wikidata": "Q36992354", "name": "Q36992354", "status": "missing", "osm_id": null, "category": "cappella"}, "geometry": {"type": "Point", "coordinates": [7.18663, 45.69062]}}, {"type": "Feature", "properties": {"wikidata": "Q36994051", "name": "Q36994051", "status": "missing", "osm_id": null, "category": "cappella"}, "geometry": {"type": "Point", "coordinates": [7.15153, 45.65127]}}, {"type": "Feature", "properties": {"wikidata": "Q33169056", "name": "Q33169056", "status": "done", "osm_id": "node/1654333372", "category": "other"}, "geometry": {"type": "Point", "coordinates": [7.06824, 45.89873]}}, {"type": "Feature", "properties": {"wikidata": "Q31666737", "name": "Q31666737", "status": "done", "osm_id": "node/4352239989", "category": "other"}, "geometry": {"type": "Point", "coordinates": [7.868903, 45.8672057]}}, {"type": "Feature", "properties": {"wikidata": "Q33689095", "name": "Q33689095", "status": "done", "osm_id": "node/1735580727", "category": "other"}, "geometry": {"type": "Point", "coordinates": [7.07295, 45.74497]}}, {"type": "Feature", "properties": {"wikidata": "Q49131392", "name": "Q49131392", "status": "done", "osm_id": "node/13467930566", "category": "other"}, "geometry": {"type": "Point", "coordinates": [6.818694, 45.719144]}}, {"type": "Feature", "properties": {"wikidata": "Q33053269", "name": "Q33053269", "status": "done", "osm_id": "node/307137433", "category": "other"}, "geometry": {"type": "Point", "coordinates": [7.782419444, 45.631188888]}}, {"type": "Feature", "properties": {"wikidata": "Q49131491", "name": "Q49131491", "status": "done", "osm_id": "node/2410629889", "category": "other"}, "geometry": {"type": "Point", "coordinates": [6.990433, 45.560939]}}, {"type": "Feature", "properties": {"wikidata": "Q47463201", "name": "Q47463201", "status": "missing", "osm_id": null, "category": "other"}, "geometry": {"type": "Point", "coordinates": [7.136111111, 45.694722222]}}, {"type": "Feature", "properties": {"wikidata": "Q33169029", "name": "Q33169029", "status": "done", "osm_id": "node/3828577526", "category": "other"}, "geometry": {"type": "Point", "coordinates": [7.8748066, 45.8604563]}}, {"type": "Feature", "properties": {"wikidata": "Q38298065", "name": "Q38298065", "status": "missing", "osm_id": null, "category": "montagna"}, "geometry": {"type": "Point", "coordinates": [7.79261, 45.69177]}}, {"type": "Feature", "properties": {"wikidata": "Q36992576", "name": "Q36992576", "status": "missing", "osm_id": null, "category": "other"}, "geometry": {"type": "Point", "coordinates": [7.17944, 45.69439]}}, {"type": "Feature", "properties": {"wikidata": "Q49966294", "name": "Q49966294", "status": "missing", "osm_id": null, "category": "other"}, "geometry": {"type": "Point", "coordinates": [6.955, 45.676111111]}}, {"type": "Feature", "properties": {"wikidata": "Q33171194", "name": "Q33171194", "status": "missing", "osm_id": null, "category": "other"}, "geometry": {"type": "Point", "coordinates": [7.78886, 45.92583]}}, {"type": "Feature", "properties": {"wikidata": "Q31631426", "name": "Q31631426", "status": "done", "osm_id": "node/11646993718", "category": "other"}, "geometry": {"type": "Point", "coordinates": [6.90233, 45.6638]}}, {"type": "Feature", "properties": {"wikidata": "Q49966280", "name": "Q49966280", "status": "missing", "osm_id": null, "category": "other"}, "geometry": {"type": "Point", "coordinates": [6.866111111, 45.833611111]}}, {"type": "Feature", "properties": {"wikidata": "Q49966265", "name": "Q49966265", "status": "missing", "osm_id": null, "category": "other"}, "geometry": {"type": "Point", "coordinates": [7.074444444, 45.509444444]}}, {"type": "Feature", "properties": {"wikidata": "Q49966037", "name": "Q49966037", "status": "missing", "osm_id": null, "category": "other"}, "geometry": {"type": "Point", "coordinates": [7.5105, 45.896]}}, {"type": "Feature", "properties": {"wikidata": "Q49966660", "name": "Q49966660", "status": "missing", "osm_id": null, "category": "other"}, "geometry": {"type": "Point", "coordinates": [7.538174045, 45.855909778]}}, {"type": "Feature", "properties": {"wikidata": "Q42035274", "name": "Q42035274", "status": "done", "osm_id": "node/771365101", "category": "other"}, "geometry": {"type": "Point", "coordinates": [7.758619444, 45.793530555]}}, {"type": "Feature", "properties": {"wikidata": "Q47463265", "name": "Q47463265", "status": "done", "osm_id": "way/248626282", "category": "other"}, "geometry": {"type": "Point", "coordinates": [7.809460574, 45.597435507]}}, {"type": "Feature", "properties": {"wikidata": "Q36993004", "name": "Q36993004", "status": "missing", "osm_id": null, "category": "other"}, "geometry": {"type": "Point", "coordinates": [7.1851046, 45.6915618]}}, {"type": "Feature", "properties": {"wikidata": "Q36990151", "name": "Q36990151", "status": "missing", "osm_id": null, "category": "other"}, "geometry": {"type": "Point", "coordinates": [7.3555, 45.60785]}}, {"type": "Feature", "properties": {"wikidata": "Q36988480", "name": "Q36988480", "status": "done", "osm_id": "way/161659577", "category": "chiesa"}, "geometry": {"type": "Point", "coordinates": [7.23827, 45.69971]}}, {"type": "Feature", "properties": {"wikidata": "Q49966327", "name": "Q49966327", "status": "missing", "osm_id": null, "category": "other"}, "geometry": {"type": "Point", "coordinates": [7.248208776, 45.702432571]}}, {"type": "Feature", "properties": {"wikidata": "Q36990918", "name": "Q36990918", "status": "missing", "osm_id": null, "category": "other"}, "geometry": {"type": "Point", "coordinates": [7.18691, 45.69068]}}, {"type": "Feature", "properties": {"wikidata": "Q49130681", "name": "Q49130681", "status": "done", "osm_id": "node/796564503", "category": "other"}, "geometry": {"type": "Point", "coordinates": [6.83505, 45.74941]}}, {"type": "Feature", "properties": {"wikidata": "Q41972111", "name": "Q41972111", "status": "missing", "osm_id": null, "category": "montagna"}, "geometry": {"type": "Point", "coordinates": [7.75371, 45.794]}}, {"type": "Feature", "properties": {"wikidata": "Q33164740", "name": "Q33164740", "status": "done", "osm_id": "node/367945328", "category": "other"}, "geometry": {"type": "Point", "coordinates": [6.82725, 45.83805]}}, {"type": "Feature", "properties": {"wikidata": "Q36989690", "name": "Q36989690", "status": "done", "osm_id": "node/843888598", "category": "other"}, "geometry": {"type": "Point", "coordinates": [7.39723, 45.59425]}}, {"type": "Feature", "properties": {"wikidata": "Q49966505", "name": "Q49966505", "status": "missing", "osm_id": null, "category": "other"}, "geometry": {"type": "Point", "coordinates": [7.23836848, 45.719977602]}}, {"type": "Feature", "properties": {"wikidata": "Q47468198", "name": "Q47468198", "status": "missing", "osm_id": null, "category": "other"}, "geometry": {"type": "Point", "coordinates": [7.054953976, 45.751374744]}}, {"type": "Feature", "properties": {"wikidata": "Q47463198", "name": "Q47463198", "status": "missing", "osm_id": null, "category": "other"}, "geometry": {"type": "Point", "coordinates": [7.136111111, 45.694722222]}}, {"type": "Feature", "properties": {"wikidata": "Q36995922", "name": "Q36995922", "status": "missing", "osm_id": null, "category": "other"}, "geometry": {"type": "Point", "coordinates": [7.20151, 45.61108]}}, {"type": "Feature", "properties": {"wikidata": "Q36990028", "name": "Q36990028", "status": "missing", "osm_id": null, "category": "other"}, "geometry": {"type": "Point", "coordinates": [7.356861111, 45.60825]}}, {"type": "Feature", "properties": {"wikidata": "Q31616758", "name": "Q31616758", "status": "done", "osm_id": "node/367510882", "category": "other"}, "geometry": {"type": "Point", "coordinates": [6.8335, 45.7917]}}, {"type": "Feature", "properties": {"wikidata": "Q33165402", "name": "Q33165402", "status": "done", "osm_id": "node/292049137", "category": "other"}, "geometry": {"type": "Point", "coordinates": [7.14523, 45.87604]}}, {"type": "Feature", "properties": {"wikidata": "Q49966040", "name": "Q49966040", "status": "missing", "osm_id": null, "category": "other"}, "geometry": {"type": "Point", "coordinates": [7.792777777, 45.901111111]}}, {"type": "Feature", "properties": {"wikidata": "Q47466275", "name": "Q47466275", "status": "missing", "osm_id": null, "category": "other"}, "geometry": {"type": "Point", "coordinates": [7.554722222, 45.780555555]}}, {"type": "Feature", "properties": {"wikidata": "Q48835915", "name": "Q48835915", "status": "done", "osm_id": "way/44411986", "category": "other"}, "geometry": {"type": "Point", "coordinates": [7.319221, 45.731897]}}, {"type": "Feature", "properties": {"wikidata": "Q36992762", "name": "Q36992762", "status": "missing", "osm_id": null, "category": "chiesa"}, "geometry": {"type": "Point", "coordinates": [7.184827, 45.692056]}}, {"type": "Feature", "properties": {"wikidata": "Q31631401", "name": "Q31631401", "status": "done", "osm_id": "node/390987880", "category": "other"}, "geometry": {"type": "Point", "coordinates": [6.846161, 45.690564]}}, {"type": "Feature", "properties": {"wikidata": "Q31676724", "name": "Q31676724", "status": "done", "osm_id": "node/3838887413", "category": "montagna"}, "geometry": {"type": "Point", "coordinates": [7.14952, 45.84067]}}, {"type": "Feature", "properties": {"wikidata": "Q49966910", "name": "Q49966910", "status": "missing", "osm_id": null, "category": "other"}, "geometry": {"type": "Point", "coordinates": [7.783333333, 45.632222222]}}, {"type": "Feature", "properties": {"wikidata": "Q35431671", "name": "Q35431671", "status": "missing", "osm_id": null, "category": "other"}, "geometry": {"type": "Point", "coordinates": [7.733333333, 45.716666666]}}, {"type": "Feature", "properties": {"wikidata": "Q47462745", "name": "Q47462745", "status": "missing", "osm_id": null, "category": "other"}, "geometry": {"type": "Point", "coordinates": [7.441593361, 45.605492904]}}, {"type": "Feature", "properties": {"wikidata": "Q49966925", "name": "Q49966925", "status": "missing", "osm_id": null, "category": "other"}, "geometry": {"type": "Point", "coordinates": [7.016993245, 45.867140994]}}, {"type": "Feature", "properties": {"wikidata": "Q48806036", "name": "Q48806036", "status": "done", "osm_id": "way/129785997", "category": "other"}, "geometry": {"type": "Point", "coordinates": [7.256583333, 45.623452777]}}, {"type": "Feature", "properties": {"wikidata": "Q49966656", "name": "Q49966656", "status": "missing", "osm_id": null, "category": "other"}, "geometry": {"type": "Point", "coordinates": [7.311815526, 45.636959145]}}, {"type": "Feature", "properties": {"wikidata": "Q49131461", "name": "Q49131461", "status": "done", "osm_id": "node/1888840762", "category": "other"}, "geometry": {"type": "Point", "coordinates": [6.98181, 45.60225]}}, {"type": "Feature", "properties": {"wikidata": "Q36988313", "name": "Q36988313", "status": "missing", "osm_id": null, "category": "other"}, "geometry": {"type": "Point", "coordinates": [7.23827, 45.69971]}}, {"type": "Feature", "properties": {"wikidata": "Q36996074", "name": "Q36996074", "status": "done", "osm_id": "node/1482191175", "category": "other"}, "geometry": {"type": "Point", "coordinates": [7.18908, 45.52467]}}, {"type": "Feature", "properties": {"wikidata": "Q47466367", "name": "Q47466367", "status": "missing", "osm_id": null, "category": "other"}, "geometry": {"type": "Point", "coordinates": [7.924166666, 45.647222222]}}, {"type": "Feature", "properties": {"wikidata": "Q124632109", "name": "Q124632109", "status": "missing", "osm_id": null, "category": "other"}, "geometry": {"type": "Point", "coordinates": [7.1649386, 45.7168593]}}, {"type": "Feature", "properties": {"wikidata": "Q126978578", "name": "Q126978578", "status": "done", "osm_id": "node/4972560821", "category": "other"}, "geometry": {"type": "Point", "coordinates": [7.165994, 45.71369]}}, {"type": "Feature", "properties": {"wikidata": "Q130592116", "name": "Q130592116", "status": "done", "osm_id": "node/2415745404", "category": "other"}, "geometry": {"type": "Point", "coordinates": [6.972729, 45.648523]}}, {"type": "Feature", "properties": {"wikidata": "Q120973614", "name": "Q120973614", "status": "done", "osm_id": "way/394890290", "category": "other"}, "geometry": {"type": "Point", "coordinates": [6.920767, 45.836835]}}, {"type": "Feature", "properties": {"wikidata": "Q123173459", "name": "Q123173459", "status": "done", "osm_id": "node/307176971", "category": "other"}, "geometry": {"type": "Point", "coordinates": [7.0783107, 45.8368842]}}, {"type": "Feature", "properties": {"wikidata": "Q124627971", "name": "Q124627971", "status": "done", "osm_id": "node/6657302898", "category": "chiesa"}, "geometry": {"type": "Point", "coordinates": [7.52762, 45.73658]}}, {"type": "Feature", "properties": {"wikidata": "Q130717055", "name": "Q130717055", "status": "done", "osm_id": "node/1972123969", "category": "other"}, "geometry": {"type": "Point", "coordinates": [6.914676, 45.84143]}}, {"type": "Feature", "properties": {"wikidata": "Q130616800", "name": "Q130616800", "status": "done", "osm_id": "node/6580047823", "category": "other"}, "geometry": {"type": "Point", "coordinates": [6.8681777, 45.7280471]}}, {"type": "Feature", "properties": {"wikidata": "Q120977233", "name": "Q120977233", "status": "done", "osm_id": "way/777833956", "category": "other"}, "geometry": {"type": "Point", "coordinates": [6.875717, 45.836706]}}, {"type": "Feature", "properties": {"wikidata": "Q124831206", "name": "Q124831206", "status": "missing", "osm_id": null, "category": "other"}, "geometry": {"type": "Point", "coordinates": [6.894518, 45.762263]}}, {"type": "Feature", "properties": {"wikidata": "Q120977438", "name": "Q120977438", "status": "done", "osm_id": "way/777857679", "category": "other"}, "geometry": {"type": "Point", "coordinates": [6.897051, 45.8108]}}, {"type": "Feature", "properties": {"wikidata": "Q129256394", "name": "Q129256394", "status": "missing", "osm_id": null, "category": "other"}, "geometry": {"type": "Point", "coordinates": [6.96573, 45.79474]}}, {"type": "Feature", "properties": {"wikidata": "Q118323492", "name": "Q118323492", "status": "done", "osm_id": "way/142906477", "category": "cappella"}, "geometry": {"type": "Point", "coordinates": [7.346853, 45.772417]}}, {"type": "Feature", "properties": {"wikidata": "Q130609843", "name": "Q130609843", "status": "done", "osm_id": "node/13467936262", "category": "other"}, "geometry": {"type": "Point", "coordinates": [6.884598, 45.681659]}}, {"type": "Feature", "properties": {"wikidata": "Q125316316", "name": "Q125316316", "status": "done", "osm_id": "node/7274341126", "category": "other"}, "geometry": {"type": "Point", "coordinates": [7.0024913, 45.8961275]}}, {"type": "Feature", "properties": {"wikidata": "Q118323510", "name": "Q118323510", "status": "missing", "osm_id": null, "category": "cappella"}, "geometry": {"type": "Point", "coordinates": [7.62415, 45.877472]}}, {"type": "Feature", "properties": {"wikidata": "Q124959011", "name": "Q124959011", "status": "done", "osm_id": "node/3977841019", "category": "other"}, "geometry": {"type": "Point", "coordinates": [7.04113, 45.89957]}}, {"type": "Feature", "properties": {"wikidata": "Q130486290", "name": "Q130486290", "status": "done", "osm_id": "node/7246285652", "category": "other"}, "geometry": {"type": "Point", "coordinates": [7.000694, 45.507809]}}, {"type": "Feature", "properties": {"wikidata": "Q124843137", "name": "Q124843137", "status": "done", "osm_id": "way/1195213531", "category": "other"}, "geometry": {"type": "Point", "coordinates": [7.04793, 45.838931]}}, {"type": "Feature", "properties": {"wikidata": "Q130459309", "name": "Q130459309", "status": "done", "osm_id": "node/13467925500", "category": "other"}, "geometry": {"type": "Point", "coordinates": [6.802069, 45.78371]}}, {"type": "Feature", "properties": {"wikidata": "Q129427801", "name": "Q129427801", "status": "missing", "osm_id": null, "category": "other"}, "geometry": {"type": "Point", "coordinates": [7.30445, 45.72937]}}, {"type": "Feature", "properties": {"wikidata": "Q124707505", "name": "Q124707505", "status": "done", "osm_id": "node/11844559456", "category": "other"}, "geometry": {"type": "Point", "coordinates": [7.0719376, 45.7456453]}}, {"type": "Feature", "properties": {"wikidata": "Q130712516", "name": "Q130712516", "status": "done", "osm_id": "node/5776954125", "category": "other"}, "geometry": {"type": "Point", "coordinates": [6.903695, 45.679637]}}, {"type": "Feature", "properties": {"wikidata": "Q124843304", "name": "Q124843304", "status": "done", "osm_id": "node/1588886051", "category": "other"}, "geometry": {"type": "Point", "coordinates": [7.044411, 45.826941]}}, {"type": "Feature", "properties": {"wikidata": "Q120974221", "name": "Q120974221", "status": "done", "osm_id": "way/247923341", "category": "other"}, "geometry": {"type": "Point", "coordinates": [7.02963, 45.875675]}}, {"type": "Feature", "properties": {"wikidata": "Q124843171", "name": "Q124843171", "status": "done", "osm_id": "way/1195207942", "category": "other"}, "geometry": {"type": "Point", "coordinates": [7.075122, 45.86368]}}, {"type": "Feature", "properties": {"wikidata": "Q124847365", "name": "Q124847365", "status": "done", "osm_id": "node/1228719508", "category": "other"}, "geometry": {"type": "Point", "coordinates": [7.07076, 45.89666]}}, {"type": "Feature", "properties": {"wikidata": "Q124866547", "name": "Q124866547", "status": "done", "osm_id": "node/1512845360", "category": "other"}, "geometry": {"type": "Point", "coordinates": [7.07076, 45.89666]}}, {"type": "Feature", "properties": {"wikidata": "Q118323499", "name": "Q118323499", "status": "missing", "osm_id": null, "category": "chiesa"}, "geometry": {"type": "Point", "coordinates": [7.216742, 45.824639]}}, {"type": "Feature", "properties": {"wikidata": "Q130643403", "name": "Q130643403", "status": "done", "osm_id": "node/13467927240", "category": "other"}, "geometry": {"type": "Point", "coordinates": [6.841695, 45.700131]}}, {"type": "Feature", "properties": {"wikidata": "Q130598299", "name": "Q130598299", "status": "done", "osm_id": "node/1867801698", "category": "other"}, "geometry": {"type": "Point", "coordinates": [6.821513, 45.761105]}}, {"type": "Feature", "properties": {"wikidata": "Q125316510", "name": "Q125316510", "status": "done", "osm_id": "node/3855245111", "category": "other"}, "geometry": {"type": "Point", "coordinates": [6.8894805, 45.8450012]}}, {"type": "Feature", "properties": {"wikidata": "Q124833669", "name": "Q124833669", "status": "done", "osm_id": "node/3710441819", "category": "other"}, "geometry": {"type": "Point", "coordinates": [6.944507, 45.852536]}}, {"type": "Feature", "properties": {"wikidata": "Q130591032", "name": "Q130591032", "status": "done", "osm_id": "node/13467936210", "category": "other"}, "geometry": {"type": "Point", "coordinates": [6.948181, 45.650662]}}, {"type": "Feature", "properties": {"wikidata": "Q122964312", "name": "Q122964312", "status": "done", "osm_id": "node/11245296215", "category": "torre"}, "geometry": {"type": "Point", "coordinates": [7.2727178, 45.7261821]}}, {"type": "Feature", "properties": {"wikidata": "Q124559070", "name": "Q124559070", "status": "missing", "osm_id": null, "category": "other"}, "geometry": {"type": "Point", "coordinates": [6.929224, 45.846568]}}, {"type": "Feature", "properties": {"wikidata": "Q125316231", "name": "Q125316231", "status": "done", "osm_id": "node/7274586187", "category": "other"}, "geometry": {"type": "Point", "coordinates": [7.0336801, 45.9210911]}}, {"type": "Feature", "properties": {"wikidata": "Q130610517", "name": "Q130610517", "status": "done", "osm_id": "node/13467921675", "category": "other"}, "geometry": {"type": "Point", "coordinates": [6.9184732, 45.7477338]}}, {"type": "Feature", "properties": {"wikidata": "Q118323513", "name": "Q118323513", "status": "missing", "osm_id": null, "category": "cappella"}, "geometry": {"type": "Point", "coordinates": [7.537169, 45.764333]}}, {"type": "Feature", "properties": {"wikidata": "Q125603785", "name": "Q125603785", "status": "done", "osm_id": "node/13467931335", "category": "other"}, "geometry": {"type": "Point", "coordinates": [6.824483, 45.709467]}}, {"type": "Feature", "properties": {"wikidata": "Q130609936", "name": "Q130609936", "status": "done", "osm_id": "node/13467924743", "category": "other"}, "geometry": {"type": "Point", "coordinates": [6.882091, 45.679312]}}, {"type": "Feature", "properties": {"wikidata": "Q120974135", "name": "Q120974135", "status": "done", "osm_id": "way/247923330", "category": "other"}, "geometry": {"type": "Point", "coordinates": [6.997163, 45.862584]}}, {"type": "Feature", "properties": {"wikidata": "Q124843282", "name": "Q124843282", "status": "done", "osm_id": "node/1588885934", "category": "other"}, "geometry": {"type": "Point", "coordinates": [7.022535, 45.819872]}}, {"type": "Feature", "properties": {"wikidata": "Q120973856", "name": "Q120973856", "status": "missing", "osm_id": null, "category": "other"}, "geometry": {"type": "Point", "coordinates": [6.941553, 45.842374]}}, {"type": "Feature", "properties": {"wikidata": "Q120973936", "name": "Q120973936", "status": "missing", "osm_id": null, "category": "other"}, "geometry": {"type": "Point", "coordinates": [6.941553, 45.842374]}}, {"type": "Feature", "properties": {"wikidata": "Q120974248", "name": "Q120974248", "status": "done", "osm_id": "way/777833955", "category": "other"}, "geometry": {"type": "Point", "coordinates": [6.89329, 45.825153]}}, {"type": "Feature", "properties": {"wikidata": "Q120977007", "name": "Q120977007", "status": "done", "osm_id": "way/777833954", "category": "other"}, "geometry": {"type": "Point", "coordinates": [6.89329, 45.825153]}}, {"type": "Feature", "properties": {"wikidata": "Q124822958", "name": "Q124822958", "status": "done", "osm_id": "way/60798370", "category": "other"}, "geometry": {"type": "Point", "coordinates": [6.867787, 45.776298]}}, {"type": "Feature", "properties": {"wikidata": "Q120973788", "name": "Q120973788", "status": "done", "osm_id": "way/327069846", "category": "other"}, "geometry": {"type": "Point", "coordinates": [6.926614, 45.841759]}}, {"type": "Feature", "properties": {"wikidata": "Q124822869", "name": "Q124822869", "status": "done", "osm_id": "node/13467924050", "category": "other"}, "geometry": {"type": "Point", "coordinates": [6.849974, 45.78306]}}, {"type": "Feature", "properties": {"wikidata": "Q120974170", "name": "Q120974170", "status": "done", "osm_id": "way/247923343", "category": "other"}, "geometry": {"type": "Point", "coordinates": [7.01821, 45.879916]}}, {"type": "Feature", "properties": {"wikidata": "Q123182338", "name": "Q123182338", "status": "missing", "osm_id": null, "category": "other"}, "geometry": {"type": "Point", "coordinates": [7.61014, 45.860313]}}, {"type": "Feature", "properties": {"wikidata": "Q129406965", "name": "Q129406965", "status": "missing", "osm_id": null, "category": "other"}, "geometry": {"type": "Point", "coordinates": [6.988899, 45.619087]}}, {"type": "Feature", "properties": {"wikidata": "Q126287930", "name": "Q126287930", "status": "missing", "osm_id": null, "category": "other"}, "geometry": {"type": "Point", "coordinates": [7.666324, 45.731428]}}, {"type": "Feature", "properties": {"wikidata": "Q124649336", "name": "Q124649336", "status": "missing", "osm_id": null, "category": "other"}, "geometry": {"type": "Point", "coordinates": [7.6162, 45.7604]}}, {"type": "Feature", "properties": {"wikidata": "Q124833727", "name": "Q124833727", "status": "missing", "osm_id": null, "category": "other"}, "geometry": {"type": "Point", "coordinates": [6.950571, 45.829149]}}, {"type": "Feature", "properties": {"wikidata": "Q124843333", "name": "Q124843333", "status": "done", "osm_id": "node/1609071442", "category": "montagna"}, "geometry": {"type": "Point", "coordinates": [7.01393, 45.82573]}}, {"type": "Feature", "properties": {"wikidata": "Q123469327", "name": "Q123469327", "status": "done", "osm_id": "node/3597911417", "category": "other"}, "geometry": {"type": "Point", "coordinates": [7.4882895, 45.7378808]}}, {"type": "Feature", "properties": {"wikidata": "Q124831026", "name": "Q124831026", "status": "done", "osm_id": "node/7251779825", "category": "other"}, "geometry": {"type": "Point", "coordinates": [6.8031214, 45.7864985]}}, {"type": "Feature", "properties": {"wikidata": "Q130643925", "name": "Q130643925", "status": "done", "osm_id": "node/2415780265", "category": "other"}, "geometry": {"type": "Point", "coordinates": [6.981829, 45.614599]}}, {"type": "Feature", "properties": {"wikidata": "Q130611481", "name": "Q130611481", "status": "done", "osm_id": "node/13467936277", "category": "other"}, "geometry": {"type": "Point", "coordinates": [6.90683, 45.670468]}}, {"type": "Feature", "properties": {"wikidata": "Q122964258", "name": "Q122964258", "status": "done", "osm_id": "way/149403526", "category": "torre"}, "geometry": {"type": "Point", "coordinates": [7.07234, 45.74324]}}, {"type": "Feature", "properties": {"wikidata": "Q118323509", "name": "Q118323509", "status": "done", "osm_id": "way/115701282", "category": "chiesa"}, "geometry": {"type": "Point", "coordinates": [7.64504, 45.86624]}}, {"type": "Feature", "properties": {"wikidata": "Q120647920", "name": "Q120647920", "status": "done", "osm_id": "way/122291807", "category": "other"}, "geometry": {"type": "Point", "coordinates": [7.92871, 45.64479]}}, {"type": "Feature", "properties": {"wikidata": "Q124843107", "name": "Q124843107", "status": "done", "osm_id": "way/1469625044", "category": "other"}, "geometry": {"type": "Point", "coordinates": [7.028088, 45.827553]}}, {"type": "Feature", "properties": {"wikidata": "Q130570755", "name": "Q130570755", "status": "done", "osm_id": "node/2783712498", "category": "other"}, "geometry": {"type": "Point", "coordinates": [7.0503888, 45.4966765]}}, {"type": "Feature", "properties": {"wikidata": "Q130717186", "name": "Q130717186", "status": "missing", "osm_id": null, "category": "other"}, "geometry": {"type": "Point", "coordinates": [6.924444, 45.847684]}}, {"type": "Feature", "properties": {"wikidata": "Q120974059", "name": "Q120974059", "status": "done", "osm_id": "way/247923326", "category": "other"}, "geometry": {"type": "Point", "coordinates": [6.994418, 45.858429]}}, {"type": "Feature", "properties": {"wikidata": "Q130459591", "name": "Q130459591", "status": "done", "osm_id": "node/13467922794", "category": "other"}, "geometry": {"type": "Point", "coordinates": [6.808606, 45.725223]}}, {"type": "Feature", "properties": {"wikidata": "Q120974195", "name": "Q120974195", "status": "done", "osm_id": "way/247923312", "category": "other"}, "geometry": {"type": "Point", "coordinates": [7.027206, 45.88059]}}, {"type": "Feature", "properties": {"wikidata": "Q123171302", "name": "Q123171302", "status": "done", "osm_id": "node/8263901414", "category": "other"}, "geometry": {"type": "Point", "coordinates": [7.4288273, 45.5477202]}}, {"type": "Feature", "properties": {"wikidata": "Q130598287", "name": "Q130598287", "status": "missing", "osm_id": null, "category": "other"}, "geometry": {"type": "Point", "coordinates": [6.805275, 45.758569]}}, {"type": "Feature", "properties": {"wikidata": "Q125745151", "name": "Q125745151", "status": "missing", "osm_id": null, "category": "other"}, "geometry": {"type": "Point", "coordinates": [7.3075467, 45.7314733]}}, {"type": "Feature", "properties": {"wikidata": "Q120749535", "name": "Q120749535", "status": "missing", "osm_id": null, "category": "other"}, "geometry": {"type": "Point", "coordinates": [7.6208371, 45.6236445]}}, {"type": "Feature", "properties": {"wikidata": "Q122411419", "name": "Q122411419", "status": "done", "osm_id": "way/162444689", "category": "chiesa"}, "geometry": {"type": "Point", "coordinates": [7.316771149, 45.757163966]}}, {"type": "Feature", "properties": {"wikidata": "Q118323496", "name": "Q118323496", "status": "missing", "osm_id": null, "category": "cappella"}, "geometry": {"type": "Point", "coordinates": [7.176069, 45.716672]}}, {"type": "Feature", "properties": {"wikidata": "Q118323515", "name": "Q118323515", "status": "missing", "osm_id": null, "category": "cappella"}, "geometry": {"type": "Point", "coordinates": [7.513808, 45.754722]}}, {"type": "Feature", "properties": {"wikidata": "Q123850891", "name": "Q123850891", "status": "done", "osm_id": "way/149403342", "category": "cappella"}, "geometry": {"type": "Point", "coordinates": [7.079122, 45.746923]}}, {"type": "Feature", "properties": {"wikidata": "Q118323503", "name": "Q118323503", "status": "done", "osm_id": "way/189877265", "category": "cappella"}, "geometry": {"type": "Point", "coordinates": [7.217197, 45.717914]}}, {"type": "Feature", "properties": {"wikidata": "Q122148985", "name": "Q122148985", "status": "done", "osm_id": "relation/1654945", "category": "other"}, "geometry": {"type": "Point", "coordinates": [7.82274, 45.777147]}}, {"type": "Feature", "properties": {"wikidata": "Q130486070", "name": "Q130486070", "status": "done", "osm_id": "node/2415780274", "category": "other"}, "geometry": {"type": "Point", "coordinates": [6.996744, 45.527075]}}, {"type": "Feature", "properties": {"wikidata": "Q130341729", "name": "Q130341729", "status": "done", "osm_id": "way/161039799", "category": "cappella"}, "geometry": {"type": "Point", "coordinates": [7.036891, 45.758115]}}, {"type": "Feature", "properties": {"wikidata": "Q125581622", "name": "Q125581622", "status": "done", "osm_id": "node/3544679306", "category": "other"}, "geometry": {"type": "Point", "coordinates": [7.86076, 45.64749]}}, {"type": "Feature", "properties": {"wikidata": "Q124843464", "name": "Q124843464", "status": "done", "osm_id": "node/1609022406", "category": "other"}, "geometry": {"type": "Point", "coordinates": [7.02013, 45.82197]}}, {"type": "Feature", "properties": {"wikidata": "Q124917476", "name": "Q124917476", "status": "done", "osm_id": "node/3977833821", "category": "other"}, "geometry": {"type": "Point", "coordinates": [7.05098, 45.91748]}}, {"type": "Feature", "properties": {"wikidata": "Q124843126", "name": "Q124843126", "status": "done", "osm_id": "way/1469625045", "category": "other"}, "geometry": {"type": "Point", "coordinates": [6.998225, 45.806372]}}, {"type": "Feature", "properties": {"wikidata": "Q124831309", "name": "Q124831309", "status": "done", "osm_id": "node/808543830", "category": "other"}, "geometry": {"type": "Point", "coordinates": [6.8850697, 45.8107123]}}, {"type": "Feature", "properties": {"wikidata": "Q122761394", "name": "Q122761394", "status": "done", "osm_id": "way/146701007", "category": "other"}, "geometry": {"type": "Point", "coordinates": [7.29623, 45.77793]}}, {"type": "Feature", "properties": {"wikidata": "Q130486170", "name": "Q130486170", "status": "done", "osm_id": "node/9027102180", "category": "other"}, "geometry": {"type": "Point", "coordinates": [7.003977, 45.519971]}}, {"type": "Feature", "properties": {"wikidata": "Q118323498", "name": "Q118323498", "status": "done", "osm_id": "node/844140086", "category": "chiesa"}, "geometry": {"type": "Point", "coordinates": [7.166291, 45.715972]}}, {"type": "Feature", "properties": {"wikidata": "Q130459632", "name": "Q130459632", "status": "missing", "osm_id": null, "category": "other"}, "geometry": {"type": "Point", "coordinates": [6.811296, 45.730195]}}, {"type": "Feature", "properties": {"wikidata": "Q124557491", "name": "Q124557491", "status": "done", "osm_id": "node/13467930763", "category": "other"}, "geometry": {"type": "Point", "coordinates": [6.874099, 45.84155]}}, {"type": "Feature", "properties": {"wikidata": "Q130486046", "name": "Q130486046", "status": "done", "osm_id": "node/2415780273", "category": "other"}, "geometry": {"type": "Point", "coordinates": [6.991088, 45.53049]}}, {"type": "Feature", "properties": {"wikidata": "Q118315216", "name": "Q118315216", "status": "missing", "osm_id": null, "category": "chiesa"}, "geometry": {"type": "Point", "coordinates": [7.167392, 45.702575]}}, {"type": "Feature", "properties": {"wikidata": "Q118315329", "name": "Q118315329", "status": "missing", "osm_id": null, "category": "cappella"}, "geometry": {"type": "Point", "coordinates": [7.6462, 45.620722]}}, {"type": "Feature", "properties": {"wikidata": "Q118315168", "name": "Q118315168", "status": "missing", "osm_id": null, "category": "cappella"}, "geometry": {"type": "Point", "coordinates": [7.599224, 45.829658]}}, {"type": "Feature", "properties": {"wikidata": "Q117966889", "name": "Q117966889", "status": "done", "osm_id": "way/123853068", "category": "other"}, "geometry": {"type": "Point", "coordinates": [6.978079162, 45.668179497]}}, {"type": "Feature", "properties": {"wikidata": "Q118271170", "name": "Q118271170", "status": "done", "osm_id": "node/13467923920", "category": "other"}, "geometry": {"type": "Point", "coordinates": [6.806665, 45.793173]}}, {"type": "Feature", "properties": {"wikidata": "Q118315191", "name": "Q118315191", "status": "done", "osm_id": "way/162444611", "category": "chiesa"}, "geometry": {"type": "Point", "coordinates": [7.30023, 45.76135]}}, {"type": "Feature", "properties": {"wikidata": "Q117836276", "name": "Q117836276", "status": "done", "osm_id": "way/294947803", "category": "other"}, "geometry": {"type": "Point", "coordinates": [6.821451, 45.791434]}}, {"type": "Feature", "properties": {"wikidata": "Q118315310", "name": "Q118315310", "status": "missing", "osm_id": null, "category": "chiesa"}, "geometry": {"type": "Point", "coordinates": [7.548067, 45.744278]}}, {"type": "Feature", "properties": {"wikidata": "Q116215265", "name": "Q116215265", "status": "done", "osm_id": "way/163990188", "category": "cappella"}, "geometry": {"type": "Point", "coordinates": [7.7624871, 45.6022369]}}, {"type": "Feature", "properties": {"wikidata": "Q118271163", "name": "Q118271163", "status": "done", "osm_id": "node/13467936211", "category": "other"}, "geometry": {"type": "Point", "coordinates": [6.803976, 45.789786]}}, {"type": "Feature", "properties": {"wikidata": "Q118315171", "name": "Q118315171", "status": "done", "osm_id": "way/171381415", "category": "cappella"}, "geometry": {"type": "Point", "coordinates": [7.586213, 45.802436]}}, {"type": "Feature", "properties": {"wikidata": "Q118315316", "name": "Q118315316", "status": "done", "osm_id": "node/3693382544", "category": "cappella"}, "geometry": {"type": "Point", "coordinates": [7.610272, 45.683098]}}, {"type": "Feature", "properties": {"wikidata": "Q118315173", "name": "Q118315173", "status": "missing", "osm_id": null, "category": "cappella"}, "geometry": {"type": "Point", "coordinates": [7.60211, 45.800532]}}, {"type": "Feature", "properties": {"wikidata": "Q118315207", "name": "Q118315207", "status": "missing", "osm_id": null, "category": "cappella"}, "geometry": {"type": "Point", "coordinates": [7.167473, 45.702514]}}, {"type": "Feature", "properties": {"wikidata": "Q118315390", "name": "Q118315390", "status": "missing", "osm_id": null, "category": "chiesa"}, "geometry": {"type": "Point", "coordinates": [7.76894, 45.595194]}}, {"type": "Feature", "properties": {"wikidata": "Q117842041", "name": "Q117842041", "status": "done", "osm_id": "way/32673960", "category": "other"}, "geometry": {"type": "Point", "coordinates": [6.81423, 45.77028]}}, {"type": "Feature", "properties": {"wikidata": "Q118315406", "name": "Q118315406", "status": "done", "osm_id": "way/145518348", "category": "chiesa"}, "geometry": {"type": "Point", "coordinates": [7.232422, 45.820083]}}, {"type": "Feature", "properties": {"wikidata": "Q118315285", "name": "Q118315285", "status": "missing", "osm_id": null, "category": "cappella"}, "geometry": {"type": "Point", "coordinates": [7.734463, 45.757194]}}, {"type": "Feature", "properties": {"wikidata": "Q116450162", "name": "Q116450162", "status": "done", "osm_id": "node/2515481219", "category": "insediamento"}, "geometry": {"type": "Point", "coordinates": [7.578431, 45.74621]}}, {"type": "Feature", "properties": {"wikidata": "Q118315336", "name": "Q118315336", "status": "done", "osm_id": "way/459598141", "category": "chiesa"}, "geometry": {"type": "Point", "coordinates": [7.6230849, 45.6229354]}}, {"type": "Feature", "properties": {"wikidata": "Q118315178", "name": "Q118315178", "status": "done", "osm_id": "way/247567224", "category": "cappella"}, "geometry": {"type": "Point", "coordinates": [7.321906, 45.743667]}}, {"type": "Feature", "properties": {"wikidata": "Q118315278", "name": "Q118315278", "status": "done", "osm_id": "way/1457869109", "category": "cappella"}, "geometry": {"type": "Point", "coordinates": [7.712539, 45.767173]}}, {"type": "Feature", "properties": {"wikidata": "Q115734950", "name": "Q115734950", "status": "done", "osm_id": "way/64575861", "category": "other"}, "geometry": {"type": "Point", "coordinates": [7.91138, 45.64747]}}, {"type": "Feature", "properties": {"wikidata": "Q117836993", "name": "Q117836993", "status": "done", "osm_id": "way/60798733", "category": "other"}, "geometry": {"type": "Point", "coordinates": [6.868612, 45.775276]}}, {"type": "Feature", "properties": {"wikidata": "Q118315190", "name": "Q118315190", "status": "missing", "osm_id": null, "category": "chiesa"}, "geometry": {"type": "Point", "coordinates": [7.313236, 45.734997]}}, {"type": "Feature", "properties": {"wikidata": "Q118315260", "name": "Q118315260", "status": "done", "osm_id": "node/1312175682", "category": "cappella"}, "geometry": {"type": "Point", "coordinates": [7.452716, 45.88338]}}, {"type": "Feature", "properties": {"wikidata": "Q116294339", "name": "Q116294339", "status": "missing", "osm_id": null, "category": "other"}, "geometry": {"type": "Point", "coordinates": [7.122609726, 45.709255677]}}, {"type": "Feature", "properties": {"wikidata": "Q117842051", "name": "Q117842051", "status": "done", "osm_id": "node/367945337", "category": "other"}, "geometry": {"type": "Point", "coordinates": [6.82178, 45.7737]}}, {"type": "Feature", "properties": {"wikidata": "Q118315315", "name": "Q118315315", "status": "done", "osm_id": "way/169244804", "category": "chiesa"}, "geometry": {"type": "Point", "coordinates": [7.618589, 45.838212]}}, {"type": "Feature", "properties": {"wikidata": "Q116265482", "name": "Q116265482", "status": "done", "osm_id": "node/1461263807", "category": "insediamento"}, "geometry": {"type": "Point", "coordinates": [7.153713348, 45.702982778]}}, {"type": "Feature", "properties": {"wikidata": "Q118315175", "name": "Q118315175", "status": "missing", "osm_id": null, "category": "cappella"}, "geometry": {"type": "Point", "coordinates": [7.602834, 45.807734]}}, {"type": "Feature", "properties": {"wikidata": "Q115966333", "name": "Q115966333", "status": "missing", "osm_id": null, "category": "chiesa"}, "geometry": {"type": "Point", "coordinates": [7.623012366, 45.876921608]}}, {"type": "Feature", "properties": {"wikidata": "Q118315356", "name": "Q118315356", "status": "done", "osm_id": "way/165261693", "category": "other"}, "geometry": {"type": "Point", "coordinates": [7.6116, 45.749361]}}, {"type": "Feature", "properties": {"wikidata": "Q116008674", "name": "Q116008674", "status": "done", "osm_id": "way/172691432", "category": "chiesa"}, "geometry": {"type": "Point", "coordinates": [7.570747215, 45.801564106]}}, {"type": "Feature", "properties": {"wikidata": "Q118315186", "name": "Q118315186", "status": "missing", "osm_id": null, "category": "chiesa"}, "geometry": {"type": "Point", "coordinates": [7.31325, 45.734997]}}, {"type": "Feature", "properties": {"wikidata": "Q118315275", "name": "Q118315275", "status": "missing", "osm_id": null, "category": "cappella"}, "geometry": {"type": "Point", "coordinates": [7.699886, 45.81525]}}, {"type": "Feature", "properties": {"wikidata": "Q118315294", "name": "Q118315294", "status": "missing", "osm_id": null, "category": "chiesa"}, "geometry": {"type": "Point", "coordinates": [7.737114, 45.716683]}}, {"type": "Feature", "properties": {"wikidata": "Q118256206", "name": "Q118256206", "status": "done", "osm_id": "node/13467931011", "category": "other"}, "geometry": {"type": "Point", "coordinates": [6.804291, 45.771231]}}, {"type": "Feature", "properties": {"wikidata": "Q118315379", "name": "Q118315379", "status": "done", "osm_id": "way/161482846", "category": "chiesa"}, "geometry": {"type": "Point", "coordinates": [6.958131, 45.815667]}}, {"type": "Feature", "properties": {"wikidata": "Q118315410", "name": "Q118315410", "status": "missing", "osm_id": null, "category": "cappella"}, "geometry": {"type": "Point", "coordinates": [7.494045578, 45.740979094]}}, {"type": "Feature", "properties": {"wikidata": "Q118313883", "name": "Q118313883", "status": "missing", "osm_id": null, "category": "other"}, "geometry": {"type": "Point", "coordinates": [6.883841, 45.736666]}}, {"type": "Feature", "properties": {"wikidata": "Q118315264", "name": "Q118315264", "status": "done", "osm_id": "way/137989692", "category": "chiesa"}, "geometry": {"type": "Point", "coordinates": [7.422939, 45.873639]}}, {"type": "Feature", "properties": {"wikidata": "Q118315321", "name": "Q118315321", "status": "done", "osm_id": "node/4497152333", "category": "chiesa"}, "geometry": {"type": "Point", "coordinates": [7.656861, 45.685306]}}, {"type": "Feature", "properties": {"wikidata": "Q118314079", "name": "Q118314079", "status": "done", "osm_id": "way/234540325", "category": "other"}, "geometry": {"type": "Point", "coordinates": [6.835166, 45.788849]}}, {"type": "Feature", "properties": {"wikidata": "Q118315355", "name": "Q118315355", "status": "done", "osm_id": "node/13096703864", "category": "chiesa"}, "geometry": {"type": "Point", "coordinates": [7.615261, 45.749139]}}, {"type": "Feature", "properties": {"wikidata": "Q118315193", "name": "Q118315193", "status": "missing", "osm_id": null, "category": "chiesa"}, "geometry": {"type": "Point", "coordinates": [7.343561, 45.739972]}}, {"type": "Feature", "properties": {"wikidata": "Q118315403", "name": "Q118315403", "status": "missing", "osm_id": null, "category": "cappella"}, "geometry": {"type": "Point", "coordinates": [7.232225, 45.820194]}}, {"type": "Feature", "properties": {"wikidata": "Q118315194", "name": "Q118315194", "status": "done", "osm_id": "relation/2171300", "category": "palazzo"}, "geometry": {"type": "Point", "coordinates": [7.318917, 45.737917]}}, {"type": "Feature", "properties": {"wikidata": "Q118315174", "name": "Q118315174", "status": "missing", "osm_id": null, "category": "cappella"}, "geometry": {"type": "Point", "coordinates": [7.606683, 45.800809]}}, {"type": "Feature", "properties": {"wikidata": "Q118315213", "name": "Q118315213", "status": "missing", "osm_id": null, "category": "cappella"}, "geometry": {"type": "Point", "coordinates": [7.15335, 45.700586]}}, {"type": "Feature", "properties": {"wikidata": "Q118314064", "name": "Q118314064", "status": "missing", "osm_id": null, "category": "chiesa"}, "geometry": {"type": "Point", "coordinates": [7.5164, 45.7472]}}, {"type": "Feature", "properties": {"wikidata": "Q118315258", "name": "Q118315258", "status": "missing", "osm_id": null, "category": "chiesa"}, "geometry": {"type": "Point", "coordinates": [7.746461, 45.607861]}}, {"type": "Feature", "properties": {"wikidata": "Q118315224", "name": "Q118315224", "status": "done", "osm_id": "way/187668287", "category": "chiesa"}, "geometry": {"type": "Point", "coordinates": [7.141157, 45.708806]}}, {"type": "Feature", "properties": {"wikidata": "Q118315181", "name": "Q118315181", "status": "missing", "osm_id": null, "category": "cappella"}, "geometry": {"type": "Point", "coordinates": [7.324981, 45.739278]}}, {"type": "Feature", "properties": {"wikidata": "Q118315332", "name": "Q118315332", "status": "missing", "osm_id": null, "category": "cappella"}, "geometry": {"type": "Point", "coordinates": [7.621892, 45.624306]}}, {"type": "Feature", "properties": {"wikidata": "Q117835770", "name": "Q117835770", "status": "missing", "osm_id": null, "category": "other"}, "geometry": {"type": "Point", "coordinates": [7.06002, 45.89112]}}, {"type": "Feature", "properties": {"wikidata": "Q118255693", "name": "Q118255693", "status": "done", "osm_id": "node/5869513985", "category": "other"}, "geometry": {"type": "Point", "coordinates": [6.821855, 45.711359]}}, {"type": "Feature", "properties": {"wikidata": "Q118313922", "name": "Q118313922", "status": "done", "osm_id": "node/13467918587", "category": "other"}, "geometry": {"type": "Point", "coordinates": [6.839736, 45.734033]}}, {"type": "Feature", "properties": {"wikidata": "Q118315185", "name": "Q118315185", "status": "missing", "osm_id": null, "category": "chiesa"}, "geometry": {"type": "Point", "coordinates": [7.296583, 45.735025]}}, {"type": "Feature", "properties": {"wikidata": "Q118315182", "name": "Q118315182", "status": "missing", "osm_id": null, "category": "cappella"}, "geometry": {"type": "Point", "coordinates": [7.313083, 45.734953]}}, {"type": "Feature", "properties": {"wikidata": "Q118315345", "name": "Q118315345", "status": "done", "osm_id": "way/1416035146", "category": "chiesa"}, "geometry": {"type": "Point", "coordinates": [7.325689, 45.722334]}}, {"type": "Feature", "properties": {"wikidata": "Q118315179", "name": "Q118315179", "status": "missing", "osm_id": null, "category": "cappella"}, "geometry": {"type": "Point", "coordinates": [7.313075, 45.734953]}}, {"type": "Feature", "properties": {"wikidata": "Q118315188", "name": "Q118315188", "status": "missing", "osm_id": null, "category": "chiesa"}, "geometry": {"type": "Point", "coordinates": [7.320567, 45.738528]}}, {"type": "Feature", "properties": {"wikidata": "Q116182443", "name": "Q116182443", "status": "missing", "osm_id": null, "category": "other"}, "geometry": {"type": "Point", "coordinates": [7.623502, 45.844388]}}, {"type": "Feature", "properties": {"wikidata": "Q118315311", "name": "Q118315311", "status": "missing", "osm_id": null, "category": "cappella"}, "geometry": {"type": "Point", "coordinates": [7.622881, 45.836849]}}, {"type": "Feature", "properties": {"wikidata": "Q118315399", "name": "Q118315399", "status": "done", "osm_id": "node/1451212150", "category": "chiesa"}, "geometry": {"type": "Point", "coordinates": [7.691069, 45.728]}}, {"type": "Feature", "properties": {"wikidata": "Q118315242", "name": "Q118315242", "status": "done", "osm_id": "node/2435150146", "category": "chiesa"}, "geometry": {"type": "Point", "coordinates": [7.733405555, 45.853336111]}}, {"type": "Feature", "properties": {"wikidata": "Q116313254", "name": "Q116313254", "status": "done", "osm_id": "node/5245400651", "category": "insediamento"}, "geometry": {"type": "Point", "coordinates": [7.44126, 45.73816]}}, {"type": "Feature", "properties": {"wikidata": "Q117779856", "name": "Q117779856", "status": "done", "osm_id": "node/7274341124", "category": "other"}, "geometry": {"type": "Point", "coordinates": [7.014421, 45.906629]}}, {"type": "Feature", "properties": {"wikidata": "Q118315247", "name": "Q118315247", "status": "missing", "osm_id": null, "category": "chiesa"}, "geometry": {"type": "Point", "coordinates": [7.688381, 45.812472]}}, {"type": "Feature", "properties": {"wikidata": "Q118315176", "name": "Q118315176", "status": "missing", "osm_id": null, "category": "cappella"}, "geometry": {"type": "Point", "coordinates": [7.313233, 45.734997]}}, {"type": "Feature", "properties": {"wikidata": "Q118315412", "name": "Q118315412", "status": "missing", "osm_id": null, "category": "cappella"}, "geometry": {"type": "Point", "coordinates": [7.508294, 45.732306]}}, {"type": "Feature", "properties": {"wikidata": "Q116215022", "name": "Q116215022", "status": "done", "osm_id": "node/3776921107", "category": "chiesa"}, "geometry": {"type": "Point", "coordinates": [7.7705563, 45.6035392]}}, {"type": "Feature", "properties": {"wikidata": "Q118315180", "name": "Q118315180", "status": "missing", "osm_id": null, "category": "cappella"}, "geometry": {"type": "Point", "coordinates": [7.324889, 45.739333]}}, {"type": "Feature", "properties": {"wikidata": "Q118315256", "name": "Q118315256", "status": "missing", "osm_id": null, "category": "chiesa"}, "geometry": {"type": "Point", "coordinates": [7.239239, 45.702294]}}, {"type": "Feature", "properties": {"wikidata": "Q118315269", "name": "Q118315269", "status": "missing", "osm_id": null, "category": "chiesa"}, "geometry": {"type": "Point", "coordinates": [7.391567, 45.725556]}}, {"type": "Feature", "properties": {"wikidata": "Q118315337", "name": "Q118315337", "status": "missing", "osm_id": null, "category": "cappella"}, "geometry": {"type": "Point", "coordinates": [7.324294813, 45.719026268]}}, {"type": "Feature", "properties": {"wikidata": "Q117779932", "name": "Q117779932", "status": "done", "osm_id": "node/7274341125", "category": "other"}, "geometry": {"type": "Point", "coordinates": [7.0105, 45.9018]}}, {"type": "Feature", "properties": {"wikidata": "Q117842227", "name": "Q117842227", "status": "done", "osm_id": "node/967023429", "category": "montagna"}, "geometry": {"type": "Point", "coordinates": [6.850937, 45.756474]}}, {"type": "Feature", "properties": {"wikidata": "Q117836462", "name": "Q117836462", "status": "done", "osm_id": "relation/5395034", "category": "other"}, "geometry": {"type": "Point", "coordinates": [6.828315, 45.788]}}, {"type": "Feature", "properties": {"wikidata": "Q118315363", "name": "Q118315363", "status": "missing", "osm_id": null, "category": "cappella"}, "geometry": {"type": "Point", "coordinates": [7.35814, 45.61706]}}, {"type": "Feature", "properties": {"wikidata": "Q118314173", "name": "Q118314173", "status": "done", "osm_id": "way/738719036", "category": "chiesa"}, "geometry": {"type": "Point", "coordinates": [7.53223, 45.76195]}}, {"type": "Feature", "properties": {"wikidata": "Q118315189", "name": "Q118315189", "status": "missing", "osm_id": null, "category": "chiesa"}, "geometry": {"type": "Point", "coordinates": [7.308053, 45.736778]}}, {"type": "Feature", "properties": {"wikidata": "Q116453517", "name": "Q116453517", "status": "done", "osm_id": "node/1312775079", "category": "insediamento"}, "geometry": {"type": "Point", "coordinates": [7.208771216, 45.735598355]}}, {"type": "Feature", "properties": {"wikidata": "Q118315088", "name": "Q118315088", "status": "done", "osm_id": "node/13467902081", "category": "other"}, "geometry": {"type": "Point", "coordinates": [6.844618, 45.782395]}}, {"type": "Feature", "properties": {"wikidata": "Q118315195", "name": "Q118315195", "status": "missing", "osm_id": null, "category": "other"}, "geometry": {"type": "Point", "coordinates": [7.320519, 45.738639]}}, {"type": "Feature", "properties": {"wikidata": "Q118315344", "name": "Q118315344", "status": "done", "osm_id": "way/161922789", "category": "chiesa"}, "geometry": {"type": "Point", "coordinates": [7.322152, 45.727864]}}, {"type": "Feature", "properties": {"wikidata": "Q116182329", "name": "Q116182329", "status": "done", "osm_id": "node/1263619505", "category": "insediamento"}, "geometry": {"type": "Point", "coordinates": [7.624594871, 45.875460293]}}, {"type": "Feature", "properties": {"wikidata": "Q118315404", "name": "Q118315404", "status": "done", "osm_id": "node/7555224655", "category": "cappella"}, "geometry": {"type": "Point", "coordinates": [7.2426549, 45.8087773]}}, {"type": "Feature", "properties": {"wikidata": "Q116167443", "name": "Q116167443", "status": "done", "osm_id": "way/479079511", "category": "castello"}, "geometry": {"type": "Point", "coordinates": [7.736166666, 45.614916666]}}, {"type": "Feature", "properties": {"wikidata": "Q118315026", "name": "Q118315026", "status": "done", "osm_id": "way/143261972", "category": "chiesa"}, "geometry": {"type": "Point", "coordinates": [7.272506, 45.808194]}}, {"type": "Feature", "properties": {"wikidata": "Q118315302", "name": "Q118315302", "status": "missing", "osm_id": null, "category": "chiesa"}, "geometry": {"type": "Point", "coordinates": [7.714378, 45.697722]}}, {"type": "Feature", "properties": {"wikidata": "Q30028981", "name": "Q30028981", "status": "done", "osm_id": "node/1366789571", "category": "other"}, "geometry": {"type": "Point", "coordinates": [7.35146, 45.7278]}}, {"type": "Feature", "properties": {"wikidata": "Q30025577", "name": "Q30025577", "status": "done", "osm_id": "node/342444766", "category": "other"}, "geometry": {"type": "Point", "coordinates": [7.23137, 45.82082]}}, {"type": "Feature", "properties": {"wikidata": "Q18753887", "name": "Q18753887", "status": "done", "osm_id": "way/162259777", "category": "torre"}, "geometry": {"type": "Point", "coordinates": [7.322113, 45.740358]}}, {"type": "Feature", "properties": {"wikidata": "Q30024652", "name": "Q30024652", "status": "done", "osm_id": "node/726133632", "category": "other"}, "geometry": {"type": "Point", "coordinates": [7.61668, 45.74991]}}, {"type": "Feature", "properties": {"wikidata": "Q18496039", "name": "Q18496039", "status": "done", "osm_id": "node/1368164869", "category": "insediamento"}, "geometry": {"type": "Point", "coordinates": [7.45084, 45.7605]}}, {"type": "Feature", "properties": {"wikidata": "Q18496054", "name": "Q18496054", "status": "done", "osm_id": "node/963949038", "category": "insediamento"}, "geometry": {"type": "Point", "coordinates": [7.30365, 45.85745]}}, {"type": "Feature", "properties": {"wikidata": "Q25561059", "name": "Q25561059", "status": "done", "osm_id": "way/162260138", "category": "chiesa"}, "geometry": {"type": "Point", "coordinates": [7.3246795, 45.739298]}}, {"type": "Feature", "properties": {"wikidata": "Q30028022", "name": "Q30028022", "status": "done", "osm_id": "node/1735580745", "category": "other"}, "geometry": {"type": "Point", "coordinates": [7.04123, 45.75664]}}, {"type": "Feature", "properties": {"wikidata": "Q22364885", "name": "Q22364885", "status": "done", "osm_id": "node/3822284577", "category": "montagna"}, "geometry": {"type": "Point", "coordinates": [7.78258, 45.7773]}}, {"type": "Feature", "properties": {"wikidata": "Q30029684", "name": "Q30029684", "status": "done", "osm_id": "node/1800568677", "category": "other"}, "geometry": {"type": "Point", "coordinates": [7.1667, 45.71656]}}, {"type": "Feature", "properties": {"wikidata": "Q28003392", "name": "Q28003392", "status": "done", "osm_id": "node/3648408478", "category": "other"}, "geometry": {"type": "Point", "coordinates": [7.185105, 45.691562]}}, {"type": "Feature", "properties": {"wikidata": "Q18496064", "name": "Q18496064", "status": "done", "osm_id": "node/838565262", "category": "frazione"}, "geometry": {"type": "Point", "coordinates": [7.864, 45.69737]}}, {"type": "Feature", "properties": {"wikidata": "Q28003440", "name": "Q28003440", "status": "missing", "osm_id": null, "category": "other"}, "geometry": {"type": "Point", "coordinates": [7.8436723, 45.6331549]}}, {"type": "Feature", "properties": {"wikidata": "Q23688626", "name": "Q23688626", "status": "done", "osm_id": "node/1624104787", "category": "montagna"}, "geometry": {"type": "Point", "coordinates": [7.107, 45.774]}}, {"type": "Feature", "properties": {"wikidata": "Q20821048", "name": "Q20821048", "status": "done", "osm_id": "way/235480778", "category": "other"}, "geometry": {"type": "Point", "coordinates": [7.3425, 45.54333]}}, {"type": "Feature", "properties": {"wikidata": "Q30022588", "name": "Q30022588", "status": "done", "osm_id": "node/342420601", "category": "other"}, "geometry": {"type": "Point", "coordinates": [7.74491, 45.60936]}}, {"type": "Feature", "properties": {"wikidata": "Q18496037", "name": "Q18496037", "status": "missing", "osm_id": null, "category": "insediamento"}, "geometry": {"type": "Point", "coordinates": [7.7047, 45.6897]}}, {"type": "Feature", "properties": {"wikidata": "Q18496048", "name": "Q18496048", "status": "done", "osm_id": "node/1229108848", "category": "frazione"}, "geometry": {"type": "Point", "coordinates": [7.58498, 45.79882]}}, {"type": "Feature", "properties": {"wikidata": "Q18496043", "name": "Q18496043", "status": "done", "osm_id": "node/1393763096", "category": "insediamento"}, "geometry": {"type": "Point", "coordinates": [7.41598, 45.74064]}}, {"type": "Feature", "properties": {"wikidata": "Q30024650", "name": "Q30024650", "status": "done", "osm_id": "node/1725723875", "category": "other"}, "geometry": {"type": "Point", "coordinates": [7.32433, 45.72025]}}, {"type": "Feature", "properties": {"wikidata": "Q30026434", "name": "Q30026434", "status": "done", "osm_id": "node/1736600352", "category": "other"}, "geometry": {"type": "Point", "coordinates": [7.2726, 45.71486]}}, {"type": "Feature", "properties": {"wikidata": "Q18753876", "name": "Q18753876", "status": "done", "osm_id": "node/3335688382", "category": "torre"}, "geometry": {"type": "Point", "coordinates": [7.322899, 45.738836]}}, {"type": "Feature", "properties": {"wikidata": "Q30031528", "name": "Q30031528", "status": "missing", "osm_id": null, "category": "other"}, "geometry": {"type": "Point", "coordinates": [7.21, 45.59186]}}, {"type": "Feature", "properties": {"wikidata": "Q28003396", "name": "Q28003396", "status": "done", "osm_id": "way/1050969328", "category": "other"}, "geometry": {"type": "Point", "coordinates": [7.86946, 45.65273]}}, {"type": "Feature", "properties": {"wikidata": "Q30026409", "name": "Q30026409", "status": "done", "osm_id": "node/4518891880", "category": "other"}, "geometry": {"type": "Point", "coordinates": [7.68571, 45.65496]}}, {"type": "Feature", "properties": {"wikidata": "Q18496046", "name": "Q18496046", "status": "done", "osm_id": "node/4971785421", "category": "frazione"}, "geometry": {"type": "Point", "coordinates": [7.18537, 45.69577]}}, {"type": "Feature", "properties": {"wikidata": "Q27998454", "name": "Q27998454", "status": "missing", "osm_id": null, "category": "other"}, "geometry": {"type": "Point", "coordinates": [7.64831, 45.75168]}}, {"type": "Feature", "properties": {"wikidata": "Q30024647", "name": "Q30024647", "status": "done", "osm_id": "node/3493463105", "category": "other"}, "geometry": {"type": "Point", "coordinates": [7.70471, 45.69046]}}, {"type": "Feature", "properties": {"wikidata": "Q30029046", "name": "Q30029046", "status": "done", "osm_id": "node/9269901191", "category": "other"}, "geometry": {"type": "Point", "coordinates": [7.58831, 45.73886]}}, {"type": "Feature", "properties": {"wikidata": "Q27998456", "name": "Q27998456", "status": "missing", "osm_id": null, "category": "other"}, "geometry": {"type": "Point", "coordinates": [7.64652, 45.75181]}}, {"type": "Feature", "properties": {"wikidata": "Q30024895", "name": "Q30024895", "status": "done", "osm_id": "node/437302412", "category": "other"}, "geometry": {"type": "Point", "coordinates": [7.35803, 45.60742]}}, {"type": "Feature", "properties": {"wikidata": "Q30026218", "name": "Q30026218", "status": "done", "osm_id": "node/1736733230", "category": "other"}, "geometry": {"type": "Point", "coordinates": [7.29311, 45.7205]}}, {"type": "Feature", "properties": {"wikidata": "Q30029336", "name": "Q30029336", "status": "done", "osm_id": "node/2783051158", "category": "other"}, "geometry": {"type": "Point", "coordinates": [7.1544, 45.65226]}}, {"type": "Feature", "properties": {"wikidata": "Q30031161", "name": "Q30031161", "status": "missing", "osm_id": null, "category": "other"}, "geometry": {"type": "Point", "coordinates": [7.5698, 45.80616]}}, {"type": "Feature", "properties": {"wikidata": "Q18812026", "name": "Q18812026", "status": "done", "osm_id": "node/1684746837", "category": "other"}, "geometry": {"type": "Point", "coordinates": [7.64968, 45.750549]}}, {"type": "Feature", "properties": {"wikidata": "Q30022456", "name": "Q30022456", "status": "missing", "osm_id": null, "category": "other"}, "geometry": {"type": "Point", "coordinates": [7.68665, 45.81132]}}, {"type": "Feature", "properties": {"wikidata": "Q30025778", "name": "Q30025778", "status": "done", "osm_id": "node/838565313", "category": "other"}, "geometry": {"type": "Point", "coordinates": [7.85952, 45.64746]}}, {"type": "Feature", "properties": {"wikidata": "Q30024649", "name": "Q30024649", "status": "done", "osm_id": "node/1360569309", "category": "other"}, "geometry": {"type": "Point", "coordinates": [7.62151, 45.62376]}}, {"type": "Feature", "properties": {"wikidata": "Q28003393", "name": "Q28003393", "status": "missing", "osm_id": null, "category": "other"}, "geometry": {"type": "Point", "coordinates": [7.1852319, 45.6899806]}}, {"type": "Feature", "properties": {"wikidata": "Q29905175", "name": "Q29905175", "status": "done", "osm_id": "way/193302744", "category": "palazzo_comunale"}, "geometry": {"type": "Point", "coordinates": [7.647383, 45.750277]}}, {"type": "Feature", "properties": {"wikidata": "Q30027984", "name": "Q30027984", "status": "missing", "osm_id": null, "category": "other"}, "geometry": {"type": "Point", "coordinates": [7.67411, 45.70796]}}, {"type": "Feature", "properties": {"wikidata": "Q18496056", "name": "Q18496056", "status": "done", "osm_id": "node/1258081441", "category": "insediamento"}, "geometry": {"type": "Point", "coordinates": [7.51164, 45.76007]}}, {"type": "Feature", "properties": {"wikidata": "Q30022379", "name": "Q30022379", "status": "done", "osm_id": "node/437302414", "category": "other"}, "geometry": {"type": "Point", "coordinates": [7.16267, 45.70205]}}, {"type": "Feature", "properties": {"wikidata": "Q30026091", "name": "Q30026091", "status": "done", "osm_id": "node/963950583", "category": "other"}, "geometry": {"type": "Point", "coordinates": [7.2964, 45.77996]}}, {"type": "Feature", "properties": {"wikidata": "Q22543853", "name": "Q22543853", "status": "done", "osm_id": "node/3231088702", "category": "montagna"}, "geometry": {"type": "Point", "coordinates": [7.88061, 45.76701]}}, {"type": "Feature", "properties": {"wikidata": "Q19545347", "name": "Q19545347", "status": "done", "osm_id": "node/1291363819", "category": "montagna"}, "geometry": {"type": "Point", "coordinates": [7.7885, 45.80449]}}, {"type": "Feature", "properties": {"wikidata": "Q23012356", "name": "Q23012356", "status": "done", "osm_id": "relation/5639229", "category": "other"}, "geometry": {"type": "Point", "coordinates": [6.931757, 45.845805]}}, {"type": "Feature", "properties": {"wikidata": "Q23688624", "name": "Q23688624", "status": "done", "osm_id": "node/963457029", "category": "montagna"}, "geometry": {"type": "Point", "coordinates": [7.1134, 45.7378]}}, {"type": "Feature", "properties": {"wikidata": "Q30026440", "name": "Q30026440", "status": "done", "osm_id": "node/258628667", "category": "other"}, "geometry": {"type": "Point", "coordinates": [6.95099, 45.71366]}}, {"type": "Feature", "properties": {"wikidata": "Q19545305", "name": "Q19545305", "status": "done", "osm_id": "node/3890034690", "category": "other"}, "geometry": {"type": "Point", "coordinates": [7.72601, 45.641445]}}, {"type": "Feature", "properties": {"wikidata": "Q30029055", "name": "Q30029055", "status": "done", "osm_id": "node/838565100", "category": "other"}, "geometry": {"type": "Point", "coordinates": [7.79451, 45.59536]}}, {"type": "Feature", "properties": {"wikidata": "Q27994857", "name": "Q27994857", "status": "missing", "osm_id": null, "category": "other"}, "geometry": {"type": "Point", "coordinates": [7.8608232, 45.6476725]}}, {"type": "Feature", "properties": {"wikidata": "Q18496062", "name": "Q18496062", "status": "done", "osm_id": "node/5245400649", "category": "insediamento"}, "geometry": {"type": "Point", "coordinates": [7.44645, 45.73636]}}, {"type": "Feature", "properties": {"wikidata": "Q20743252", "name": "Q20743252", "status": "done", "osm_id": "node/3829476357", "category": "montagna"}, "geometry": {"type": "Point", "coordinates": [6.82103, 45.76122]}}, {"type": "Feature", "properties": {"wikidata": "Q18496041", "name": "Q18496041", "status": "done", "osm_id": "node/1398685180", "category": "insediamento"}, "geometry": {"type": "Point", "coordinates": [7.25857, 45.73339]}}, {"type": "Feature", "properties": {"wikidata": "Q18496035", "name": "Q18496035", "status": "missing", "osm_id": null, "category": "insediamento"}, "geometry": {"type": "Point", "coordinates": [7.38982, 45.74793]}}, {"type": "Feature", "properties": {"wikidata": "Q30026348", "name": "Q30026348", "status": "done", "osm_id": "node/437302413", "category": "other"}, "geometry": {"type": "Point", "coordinates": [7.1824, 45.69306]}}, {"type": "Feature", "properties": {"wikidata": "Q19545432", "name": "Q19545432", "status": "done", "osm_id": "node/1327562335", "category": "montagna"}, "geometry": {"type": "Point", "coordinates": [7.6472348, 45.8167667]}}, {"type": "Feature", "properties": {"wikidata": "Q18496060", "name": "Q18496060", "status": "done", "osm_id": "node/650253629", "category": "frazione"}, "geometry": {"type": "Point", "coordinates": [7.83879, 45.75619]}}, {"type": "Feature", "properties": {"wikidata": "Q24933313", "name": "Q24933313", "status": "done", "osm_id": "node/5022970447", "category": "montagna"}, "geometry": {"type": "Point", "coordinates": [7.925, 45.709722]}}, {"type": "Feature", "properties": {"wikidata": "Q21234142", "name": "Q21234142", "status": "done", "osm_id": "node/4555401925", "category": "other"}, "geometry": {"type": "Point", "coordinates": [7.82905579, 45.90250015]}}, {"type": "Feature", "properties": {"wikidata": "Q19843912", "name": "Q19843912", "status": "done", "osm_id": "node/2022745749", "category": "other"}, "geometry": {"type": "Point", "coordinates": [7.666802, 45.704389]}}, {"type": "Feature", "properties": {"wikidata": "Q30029688", "name": "Q30029688", "status": "done", "osm_id": "node/1552698762", "category": "other"}, "geometry": {"type": "Point", "coordinates": [7.64815, 45.75082]}}, {"type": "Feature", "properties": {"wikidata": "Q30029685", "name": "Q30029685", "status": "done", "osm_id": "node/342444769", "category": "other"}, "geometry": {"type": "Point", "coordinates": [7.21372, 45.82439]}}, {"type": "Feature", "properties": {"wikidata": "Q30022457", "name": "Q30022457", "status": "done", "osm_id": "node/1736280823", "category": "other"}, "geometry": {"type": "Point", "coordinates": [7.24683, 45.7013]}}, {"type": "Feature", "properties": {"wikidata": "Q30026329", "name": "Q30026329", "status": "done", "osm_id": "node/342420604", "category": "other"}, "geometry": {"type": "Point", "coordinates": [7.73851, 45.61356]}}, {"type": "Feature", "properties": {"wikidata": "Q30022351", "name": "Q30022351", "status": "done", "osm_id": "node/342420607", "category": "other"}, "geometry": {"type": "Point", "coordinates": [7.71701, 45.64726]}}, {"type": "Feature", "properties": {"wikidata": "Q30026219", "name": "Q30026219", "status": "done", "osm_id": "node/360957315", "category": "other"}, "geometry": {"type": "Point", "coordinates": [7.82802, 45.77272]}}, {"type": "Feature", "properties": {"wikidata": "Q30028290", "name": "Q30028290", "status": "done", "osm_id": "node/342436162", "category": "other"}, "geometry": {"type": "Point", "coordinates": [7.4666, 45.74026]}}, {"type": "Feature", "properties": {"wikidata": "Q18496051", "name": "Q18496051", "status": "done", "osm_id": "node/1760312902", "category": "frazione"}, "geometry": {"type": "Point", "coordinates": [7.45358, 45.74964]}}, {"type": "Feature", "properties": {"wikidata": "Q27961724", "name": "Q27961724", "status": "missing", "osm_id": null, "category": "other"}, "geometry": {"type": "Point", "coordinates": [7.170556, 45.868889]}}, {"type": "Feature", "properties": {"wikidata": "Q30026406", "name": "Q30026406", "status": "done", "osm_id": "node/838565331", "category": "other"}, "geometry": {"type": "Point", "coordinates": [7.85411, 45.68546]}}, {"type": "Feature", "properties": {"wikidata": "Q30023205", "name": "Q30023205", "status": "done", "osm_id": "node/1702756694", "category": "other"}, "geometry": {"type": "Point", "coordinates": [7.72899, 45.75926]}}, {"type": "Feature", "properties": {"wikidata": "Q18496058", "name": "Q18496058", "status": "done", "osm_id": "node/5245400633", "category": "insediamento"}, "geometry": {"type": "Point", "coordinates": [7.43829, 45.72675]}}, {"type": "Feature", "properties": {"wikidata": "Q18496033", "name": "Q18496033", "status": "missing", "osm_id": null, "category": "insediamento"}, "geometry": {"type": "Point", "coordinates": [7.60453, 45.83569]}}, {"type": "Feature", "properties": {"wikidata": "Q30026646", "name": "Q30026646", "status": "done", "osm_id": "node/838565152", "category": "other"}, "geometry": {"type": "Point", "coordinates": [7.84126, 45.62948]}}, {"type": "Feature", "properties": {"wikidata": "Q21294420", "name": "Q21294420", "status": "done", "osm_id": "way/120472224", "category": "other"}, "geometry": {"type": "Point", "coordinates": [7.849683, 45.873842]}}, {"type": "Feature", "properties": {"wikidata": "Q20537809", "name": "Q20537809", "status": "done", "osm_id": "way/433030111", "category": "other"}, "geometry": {"type": "Point", "coordinates": [7.11328, 45.55767]}}, {"type": "Feature", "properties": {"wikidata": "Q30024646", "name": "Q30024646", "status": "done", "osm_id": "node/1681988802", "category": "other"}, "geometry": {"type": "Point", "coordinates": [7.73451, 45.71456]}}, {"type": "Feature", "properties": {"wikidata": "Q30024648", "name": "Q30024648", "status": "done", "osm_id": "node/1653249151", "category": "other"}, "geometry": {"type": "Point", "coordinates": [7.54931, 45.74426]}}, {"type": "Feature", "properties": {"wikidata": "Q27398432", "name": "Q27398432", "status": "done", "osm_id": "node/2739732484", "category": "other"}, "geometry": {"type": "Point", "coordinates": [7.046111, 45.9225]}}, {"type": "Feature", "properties": {"wikidata": "Q30025933", "name": "Q30025933", "status": "done", "osm_id": "node/838565293", "category": "other"}, "geometry": {"type": "Point", "coordinates": [7.88224, 45.713]}}, {"type": "Feature", "properties": {"wikidata": "Q18496053", "name": "Q18496053", "status": "done", "osm_id": "node/666335348", "category": "frazione"}, "geometry": {"type": "Point", "coordinates": [7.71369, 45.76632]}}, {"type": "Feature", "properties": {"wikidata": "Q22425387", "name": "Q22425387", "status": "done", "osm_id": "node/4707446110", "category": "montagna"}, "geometry": {"type": "Point", "coordinates": [7.86617, 45.80201]}}, {"type": "Feature", "properties": {"wikidata": "Q28003394", "name": "Q28003394", "status": "done", "osm_id": "way/122424182", "category": "other"}, "geometry": {"type": "Point", "coordinates": [7.859382555, 45.64821398]}}, {"type": "Feature", "properties": {"wikidata": "Q18496032", "name": "Q18496032", "status": "done", "osm_id": "node/963948158", "category": "insediamento"}, "geometry": {"type": "Point", "coordinates": [7.27291, 45.81253]}}, {"type": "Feature", "properties": {"wikidata": "Q28670083", "name": "Q28670083", "status": "done", "osm_id": "node/8741993556", "category": "other"}, "geometry": {"type": "Point", "coordinates": [7.40921, 45.68532]}}, {"type": "Feature", "properties": {"wikidata": "Q30031525", "name": "Q30031525", "status": "done", "osm_id": "node/963951957", "category": "other"}, "geometry": {"type": "Point", "coordinates": [7.3255, 45.82486]}}, {"type": "Feature", "properties": {"wikidata": "Q30029683", "name": "Q30029683", "status": "done", "osm_id": "node/1749566946", "category": "other"}, "geometry": {"type": "Point", "coordinates": [7.3472, 45.75406]}}, {"type": "Feature", "properties": {"wikidata": "Q18496049", "name": "Q18496049", "status": "done", "osm_id": "node/963948340", "category": "frazione"}, "geometry": {"type": "Point", "coordinates": [7.37912, 45.84646]}}, {"type": "Feature", "properties": {"wikidata": "Q30029335", "name": "Q30029335", "status": "done", "osm_id": "node/2783051154", "category": "other"}, "geometry": {"type": "Point", "coordinates": [7.1187, 45.56965]}}, {"type": "Feature", "properties": {"wikidata": "Q30025241", "name": "Q30025241", "status": "done", "osm_id": "node/1766212721", "category": "other"}, "geometry": {"type": "Point", "coordinates": [6.96893, 45.79659]}}, {"type": "Feature", "properties": {"wikidata": "Q30025491", "name": "Q30025491", "status": "done", "osm_id": "node/963950312", "category": "other"}, "geometry": {"type": "Point", "coordinates": [7.306, 45.81916]}}, {"type": "Feature", "properties": {"wikidata": "Q30025472", "name": "Q30025472", "status": "done", "osm_id": "node/838565327", "category": "other"}, "geometry": {"type": "Point", "coordinates": [7.77491, 45.60286]}}, {"type": "Feature", "properties": {"wikidata": "Q55743202", "name": "Q55743202", "status": "missing", "osm_id": null, "category": "pianta_monum"}, "geometry": {"type": "Point", "coordinates": [7.739181, 45.688339]}}, {"type": "Feature", "properties": {"wikidata": "Q55743215", "name": "Q55743215", "status": "missing", "osm_id": null, "category": "pianta_monum"}, "geometry": {"type": "Point", "coordinates": [7.741133, 45.689186]}}, {"type": "Feature", "properties": {"wikidata": "Q55743230", "name": "Q55743230", "status": "missing", "osm_id": null, "category": "pianta_monum"}, "geometry": {"type": "Point", "coordinates": [7.851897, 45.739983]}}, {"type": "Feature", "properties": {"wikidata": "Q55743246", "name": "Q55743246", "status": "missing", "osm_id": null, "category": "pianta_monum"}, "geometry": {"type": "Point", "coordinates": [7.853894, 45.746397]}}, {"type": "Feature", "properties": {"wikidata": "Q55743201", "name": "Q55743201", "status": "missing", "osm_id": null, "category": "pianta_monum"}, "geometry": {"type": "Point", "coordinates": [7.739189, 45.688353]}}, {"type": "Feature", "properties": {"wikidata": "Q55743199", "name": "Q55743199", "status": "missing", "osm_id": null, "category": "pianta_monum"}, "geometry": {"type": "Point", "coordinates": [7.738908, 45.688903]}}, {"type": "Feature", "properties": {"wikidata": "Q55743212", "name": "Q55743212", "status": "missing", "osm_id": null, "category": "pianta_monum"}, "geometry": {"type": "Point", "coordinates": [7.741133, 45.688358]}}, {"type": "Feature", "properties": {"wikidata": "Q55743236", "name": "Q55743236", "status": "missing", "osm_id": null, "category": "pianta_monum"}, "geometry": {"type": "Point", "coordinates": [7.821111, 45.807233]}}, {"type": "Feature", "properties": {"wikidata": "Q55743213", "name": "Q55743213", "status": "missing", "osm_id": null, "category": "pianta_monum"}, "geometry": {"type": "Point", "coordinates": [7.741408, 45.688633]}}, {"type": "Feature", "properties": {"wikidata": "Q55677685", "name": "Q55677685", "status": "missing", "osm_id": null, "category": "other"}, "geometry": {"type": "Point", "coordinates": [7.3243169, 45.8239843]}}, {"type": "Feature", "properties": {"wikidata": "Q55743205", "name": "Q55743205", "status": "missing", "osm_id": null, "category": "pianta_monum"}, "geometry": {"type": "Point", "coordinates": [7.740289, 45.689169]}}, {"type": "Feature", "properties": {"wikidata": "Q55743197", "name": "Q55743197", "status": "missing", "osm_id": null, "category": "pianta_monum"}, "geometry": {"type": "Point", "coordinates": [7.559383, 45.937275]}}, {"type": "Feature", "properties": {"wikidata": "Q55743239", "name": "Q55743239", "status": "missing", "osm_id": null, "category": "pianta_monum"}, "geometry": {"type": "Point", "coordinates": [7.821122, 45.807247]}}, {"type": "Feature", "properties": {"wikidata": "Q55743225", "name": "Q55743225", "status": "done", "osm_id": "node/5615022203", "category": "pianta_monum"}, "geometry": {"type": "Point", "coordinates": [7.349325, 45.603803]}}, {"type": "Feature", "properties": {"wikidata": "Q55743198", "name": "Q55743198", "status": "missing", "osm_id": null, "category": "pianta_monum"}, "geometry": {"type": "Point", "coordinates": [7.738897, 45.688617]}}, {"type": "Feature", "properties": {"wikidata": "Q55743208", "name": "Q55743208", "status": "missing", "osm_id": null, "category": "pianta_monum"}, "geometry": {"type": "Point", "coordinates": [7.740292, 45.688636]}}, {"type": "Feature", "properties": {"wikidata": "Q55743219", "name": "Q55743219", "status": "done", "osm_id": "node/5615149481", "category": "pianta_monum"}, "geometry": {"type": "Point", "coordinates": [7.611769, 45.744903]}}, {"type": "Feature", "properties": {"wikidata": "Q55677663", "name": "Q55677663", "status": "missing", "osm_id": null, "category": "other"}, "geometry": {"type": "Point", "coordinates": [7.313076, 45.734955]}}, {"type": "Feature", "properties": {"wikidata": "Q55677694", "name": "Q55677694", "status": "missing", "osm_id": null, "category": "other"}, "geometry": {"type": "Point", "coordinates": [7.313076, 45.734955]}}, {"type": "Feature", "properties": {"wikidata": "Q55743238", "name": "Q55743238", "status": "missing", "osm_id": null, "category": "pianta_monum"}, "geometry": {"type": "Point", "coordinates": [7.821133, 45.807522]}}, {"type": "Feature", "properties": {"wikidata": "Q55677703", "name": "Q55677703", "status": "missing", "osm_id": null, "category": "other"}, "geometry": {"type": "Point", "coordinates": [7.313076, 45.734955]}}, {"type": "Feature", "properties": {"wikidata": "Q55743232", "name": "Q55743232", "status": "missing", "osm_id": null, "category": "pianta_monum"}, "geometry": {"type": "Point", "coordinates": [7.827033, 45.776786]}}, {"type": "Feature", "properties": {"wikidata": "Q55743228", "name": "Q55743228", "status": "done", "osm_id": "node/3630749305", "category": "pianta_monum"}, "geometry": {"type": "Point", "coordinates": [7.773127777, 45.602986111]}}, {"type": "Feature", "properties": {"wikidata": "Q55743242", "name": "Q55743242", "status": "missing", "osm_id": null, "category": "pianta_monum"}, "geometry": {"type": "Point", "coordinates": [7.854186, 45.746683]}}, {"type": "Feature", "properties": {"wikidata": "Q55743226", "name": "Q55743226", "status": "done", "osm_id": "node/5614911949", "category": "pianta_monum"}, "geometry": {"type": "Point", "coordinates": [6.953453, 45.788969]}}, {"type": "Feature", "properties": {"wikidata": "Q55743210", "name": "Q55743210", "status": "missing", "osm_id": null, "category": "pianta_monum"}, "geometry": {"type": "Point", "coordinates": [7.740836, 45.688358]}}, {"type": "Feature", "properties": {"wikidata": "Q55743222", "name": "Q55743222", "status": "done", "osm_id": "node/5615049613", "category": "pianta_monum"}, "geometry": {"type": "Point", "coordinates": [7.611433, 45.749886]}}, {"type": "Feature", "properties": {"wikidata": "Q55743237", "name": "Q55743237", "status": "missing", "osm_id": null, "category": "pianta_monum"}, "geometry": {"type": "Point", "coordinates": [7.820856, 45.807503]}}, {"type": "Feature", "properties": {"wikidata": "Q55743207", "name": "Q55743207", "status": "missing", "osm_id": null, "category": "pianta_monum"}, "geometry": {"type": "Point", "coordinates": [7.739744, 45.688622]}}, {"type": "Feature", "properties": {"wikidata": "Q55743195", "name": "Q55743195", "status": "missing", "osm_id": null, "category": "pianta_monum"}, "geometry": {"type": "Point", "coordinates": [7.324854307, 45.739166304]}}, {"type": "Feature", "properties": {"wikidata": "Q55743196", "name": "Q55743196", "status": "done", "osm_id": "node/3309545639", "category": "pianta_monum"}, "geometry": {"type": "Point", "coordinates": [7.327831, 45.739267]}}, {"type": "Feature", "properties": {"wikidata": "Q55743233", "name": "Q55743233", "status": "missing", "osm_id": null, "category": "pianta_monum"}, "geometry": {"type": "Point", "coordinates": [7.827247, 45.776978]}}, {"type": "Feature", "properties": {"wikidata": "Q55743231", "name": "Q55743231", "status": "missing", "osm_id": null, "category": "pianta_monum"}, "geometry": {"type": "Point", "coordinates": [7.827219, 45.777003]}}, {"type": "Feature", "properties": {"wikidata": "Q55743227", "name": "Q55743227", "status": "done", "osm_id": "node/3630749300", "category": "pianta_monum"}, "geometry": {"type": "Point", "coordinates": [7.773172222, 45.602983333]}}, {"type": "Feature", "properties": {"wikidata": "Q55743229", "name": "Q55743229", "status": "done", "osm_id": "node/5615128962", "category": "pianta_monum"}, "geometry": {"type": "Point", "coordinates": [7.533061, 45.657267]}}, {"type": "Feature", "properties": {"wikidata": "Q55743204", "name": "Q55743204", "status": "missing", "osm_id": null, "category": "pianta_monum"}, "geometry": {"type": "Point", "coordinates": [7.739461, 45.688897]}}, {"type": "Feature", "properties": {"wikidata": "Q55743216", "name": "Q55743216", "status": "missing", "osm_id": null, "category": "pianta_monum"}, "geometry": {"type": "Point", "coordinates": [7.740844, 45.689467]}}, {"type": "Feature", "properties": {"wikidata": "Q55743234", "name": "Q55743234", "status": "missing", "osm_id": null, "category": "pianta_monum"}, "geometry": {"type": "Point", "coordinates": [7.827192, 45.776728]}}, {"type": "Feature", "properties": {"wikidata": "Q55743224", "name": "Q55743224", "status": "done", "osm_id": "node/5615074030", "category": "pianta_monum"}, "geometry": {"type": "Point", "coordinates": [7.61205, 45.750569]}}, {"type": "Feature", "properties": {"wikidata": "Q55743214", "name": "Q55743214", "status": "missing", "osm_id": null, "category": "pianta_monum"}, "geometry": {"type": "Point", "coordinates": [7.741414, 45.688897]}}, {"type": "Feature", "properties": {"wikidata": "Q55743247", "name": "Q55743247", "status": "missing", "osm_id": null, "category": "pianta_monum"}, "geometry": {"type": "Point", "coordinates": [7.853914, 45.746389]}}, {"type": "Feature", "properties": {"wikidata": "Q55743206", "name": "Q55743206", "status": "missing", "osm_id": null, "category": "pianta_monum"}, "geometry": {"type": "Point", "coordinates": [7.74, 45.69]}}, {"type": "Feature", "properties": {"wikidata": "Q55677655", "name": "Q55677655", "status": "done", "osm_id": "node/4387486656", "category": "other"}, "geometry": {"type": "Point", "coordinates": [7.6456273, 45.7499023]}}, {"type": "Feature", "properties": {"wikidata": "Q55743235", "name": "Q55743235", "status": "missing", "osm_id": null, "category": "pianta_monum"}, "geometry": {"type": "Point", "coordinates": [7.820847, 45.806961]}}, {"type": "Feature", "properties": {"wikidata": "Q55743200", "name": "Q55743200", "status": "missing", "osm_id": null, "category": "pianta_monum"}, "geometry": {"type": "Point", "coordinates": [7.738903, 45.688892]}}, {"type": "Feature", "properties": {"wikidata": "Q55743243", "name": "Q55743243", "status": "missing", "osm_id": null, "category": "pianta_monum"}, "geometry": {"type": "Point", "coordinates": [7.853911, 45.746397]}}, {"type": "Feature", "properties": {"wikidata": "Q55743241", "name": "Q55743241", "status": "missing", "osm_id": null, "category": "pianta_monum"}, "geometry": {"type": "Point", "coordinates": [7.821408, 45.807514]}}, {"type": "Feature", "properties": {"wikidata": "Q55743223", "name": "Q55743223", "status": "done", "osm_id": "node/5615074031", "category": "pianta_monum"}, "geometry": {"type": "Point", "coordinates": [7.612078, 45.750542]}}, {"type": "Feature", "properties": {"wikidata": "Q55743218", "name": "Q55743218", "status": "done", "osm_id": "node/4504195833", "category": "pianta_monum"}, "geometry": {"type": "Point", "coordinates": [7.662989, 45.692025]}}, {"type": "Feature", "properties": {"wikidata": "Q55743221", "name": "Q55743221", "status": "done", "osm_id": "node/5615167842", "category": "pianta_monum"}, "geometry": {"type": "Point", "coordinates": [7.618889, 45.760278]}}, {"type": "Feature", "properties": {"wikidata": "Q55743220", "name": "Q55743220", "status": "done", "osm_id": "node/5615159483", "category": "pianta_monum"}, "geometry": {"type": "Point", "coordinates": [7.612411, 45.751392]}}, {"type": "Feature", "properties": {"wikidata": "Q55354254", "name": "Q55354254", "status": "missing", "osm_id": null, "category": "other"}, "geometry": {"type": "Point", "coordinates": [7.6123234, 45.7490674]}}, {"type": "Feature", "properties": {"wikidata": "Q55354264", "name": "Q55354264", "status": "missing", "osm_id": null, "category": "museo"}, "geometry": {"type": "Point", "coordinates": [7.76724, 45.60326]}}, {"type": "Feature", "properties": {"wikidata": "Q55354259", "name": "Q55354259", "status": "done", "osm_id": "node/7664050089", "category": "other"}, "geometry": {"type": "Point", "coordinates": [7.35874, 45.60701]}}, {"type": "Feature", "properties": {"wikidata": "Q55677564", "name": "Q55677564", "status": "missing", "osm_id": null, "category": "other"}, "geometry": {"type": "Point", "coordinates": [7.2325664, 45.8201784]}}, {"type": "Feature", "properties": {"wikidata": "Q55677629", "name": "Q55677629", "status": "done", "osm_id": "way/161382051", "category": "other"}, "geometry": {"type": "Point", "coordinates": [7.1887801, 45.7099442]}}, {"type": "Feature", "properties": {"wikidata": "Q55358886", "name": "Q55358886", "status": "missing", "osm_id": null, "category": "other"}, "geometry": {"type": "Point", "coordinates": [7.571287, 45.803146]}}, {"type": "Feature", "properties": {"wikidata": "Q55358864", "name": "Q55358864", "status": "missing", "osm_id": null, "category": "other"}, "geometry": {"type": "Point", "coordinates": [7.649755, 45.7505599]}}, {"type": "Feature", "properties": {"wikidata": "Q55358777", "name": "Q55358777", "status": "missing", "osm_id": null, "category": "other"}, "geometry": {"type": "Point", "coordinates": [7.8549562, 45.6848948]}}, {"type": "Feature", "properties": {"wikidata": "Q55354252", "name": "Q55354252", "status": "missing", "osm_id": null, "category": "other"}, "geometry": {"type": "Point", "coordinates": [7.606214, 45.622311]}}, {"type": "Feature", "properties": {"wikidata": "Q55677515", "name": "Q55677515", "status": "missing", "osm_id": null, "category": "other"}, "geometry": {"type": "Point", "coordinates": [7.313076, 45.734955]}}, {"type": "Feature", "properties": {"wikidata": "Q55677625", "name": "Q55677625", "status": "done", "osm_id": "node/5565098761", "category": "other"}, "geometry": {"type": "Point", "coordinates": [7.7997313, 45.5989518]}}, {"type": "Feature", "properties": {"wikidata": "Q55354239", "name": "Q55354239", "status": "missing", "osm_id": null, "category": "other"}, "geometry": {"type": "Point", "coordinates": [7.426187, 45.738888]}}, {"type": "Feature", "properties": {"wikidata": "Q55358799", "name": "Q55358799", "status": "missing", "osm_id": null, "category": "chiesa"}, "geometry": {"type": "Point", "coordinates": [7.0890087, 45.72638]}}, {"type": "Feature", "properties": {"wikidata": "Q52989934", "name": "Q52989934", "status": "done", "osm_id": "way/165238914", "category": "other"}, "geometry": {"type": "Point", "coordinates": [7.593296, 45.738863]}}, {"type": "Feature", "properties": {"wikidata": "Q55677543", "name": "Q55677543", "status": "missing", "osm_id": null, "category": "other"}, "geometry": {"type": "Point", "coordinates": [7.769253, 45.603933]}}, {"type": "Feature", "properties": {"wikidata": "Q52989544", "name": "Q52989544", "status": "missing", "osm_id": null, "category": "other"}, "geometry": {"type": "Point", "coordinates": [7.3283489, 45.739321]}}, {"type": "Feature", "properties": {"wikidata": "Q55358830", "name": "Q55358830", "status": "missing", "osm_id": null, "category": "other"}, "geometry": {"type": "Point", "coordinates": [7.47969, 45.78706]}}, {"type": "Feature", "properties": {"wikidata": "Q55677535", "name": "Q55677535", "status": "missing", "osm_id": null, "category": "other"}, "geometry": {"type": "Point", "coordinates": [7.12267, 45.57845]}}, {"type": "Feature", "properties": {"wikidata": "Q52989531", "name": "Q52989531", "status": "done", "osm_id": "way/445824377", "category": "other"}, "geometry": {"type": "Point", "coordinates": [7.284403045, 45.731507731]}}, {"type": "Feature", "properties": {"wikidata": "Q55677600", "name": "Q55677600", "status": "missing", "osm_id": null, "category": "other"}, "geometry": {"type": "Point", "coordinates": [7.313076, 45.734955]}}, {"type": "Feature", "properties": {"wikidata": "Q52989476", "name": "Q52989476", "status": "missing", "osm_id": null, "category": "other"}, "geometry": {"type": "Point", "coordinates": [7.3191882, 45.7374699]}}, {"type": "Feature", "properties": {"wikidata": "Q55377008", "name": "Q55377008", "status": "done", "osm_id": "node/9174698500", "category": "other"}, "geometry": {"type": "Point", "coordinates": [7.16447, 45.71703]}}, {"type": "Feature", "properties": {"wikidata": "Q55677604", "name": "Q55677604", "status": "missing", "osm_id": null, "category": "other"}, "geometry": {"type": "Point", "coordinates": [7.8082, 45.61417]}}, {"type": "Feature", "properties": {"wikidata": "Q55677498", "name": "Q55677498", "status": "missing", "osm_id": null, "category": "other"}, "geometry": {"type": "Point", "coordinates": [7.759686, 45.612351]}}, {"type": "Feature", "properties": {"wikidata": "Q52989277", "name": "Q52989277", "status": "missing", "osm_id": null, "category": "other"}, "geometry": {"type": "Point", "coordinates": [7.798977, 45.599272]}}, {"type": "Feature", "properties": {"wikidata": "Q55354250", "name": "Q55354250", "status": "missing", "osm_id": null, "category": "other"}, "geometry": {"type": "Point", "coordinates": [7.7115788, 45.6910874]}}, {"type": "Feature", "properties": {"wikidata": "Q52989573", "name": "Q52989573", "status": "missing", "osm_id": null, "category": "other"}, "geometry": {"type": "Point", "coordinates": [7.2084562, 45.5919799]}}, {"type": "Feature", "properties": {"wikidata": "Q52989340", "name": "Q52989340", "status": "missing", "osm_id": null, "category": "other"}, "geometry": {"type": "Point", "coordinates": [7.4477408, 45.7301391]}}, {"type": "Feature", "properties": {"wikidata": "Q55677476", "name": "Q55677476", "status": "missing", "osm_id": null, "category": "other"}, "geometry": {"type": "Point", "coordinates": [7.592766, 45.8044063]}}, {"type": "Feature", "properties": {"wikidata": "Q55358809", "name": "Q55358809", "status": "done", "osm_id": "way/148853662", "category": "chiesa"}, "geometry": {"type": "Point", "coordinates": [7.07113, 45.74551]}}, {"type": "Feature", "properties": {"wikidata": "Q55358893", "name": "Q55358893", "status": "done", "osm_id": "node/1254035714", "category": "other"}, "geometry": {"type": "Point", "coordinates": [7.578704, 45.817924]}}, {"type": "Feature", "properties": {"wikidata": "Q55677507", "name": "Q55677507", "status": "missing", "osm_id": null, "category": "other"}, "geometry": {"type": "Point", "coordinates": [7.55019, 45.74457]}}, {"type": "Feature", "properties": {"wikidata": "Q55379094", "name": "Q55379094", "status": "missing", "osm_id": null, "category": "other"}, "geometry": {"type": "Point", "coordinates": [7.141017, 45.7086681]}}, {"type": "Feature", "properties": {"wikidata": "Q55354247", "name": "Q55354247", "status": "done", "osm_id": "way/134013847", "category": "other"}, "geometry": {"type": "Point", "coordinates": [7.16769, 45.70274]}}, {"type": "Feature", "properties": {"wikidata": "Q55354262", "name": "Q55354262", "status": "done", "osm_id": "node/3696653187", "category": "other"}, "geometry": {"type": "Point", "coordinates": [6.9725857, 45.7918115]}}, {"type": "Feature", "properties": {"wikidata": "Q55354248", "name": "Q55354248", "status": "missing", "osm_id": null, "category": "museo"}, "geometry": {"type": "Point", "coordinates": [7.6888, 45.812888888]}}, {"type": "Feature", "properties": {"wikidata": "Q55358819", "name": "Q55358819", "status": "missing", "osm_id": null, "category": "other"}, "geometry": {"type": "Point", "coordinates": [7.0359414, 45.7572988]}}, {"type": "Feature", "properties": {"wikidata": "Q55677586", "name": "Q55677586", "status": "missing", "osm_id": null, "category": "other"}, "geometry": {"type": "Point", "coordinates": [7.84751, 45.63579]}}, {"type": "Feature", "properties": {"wikidata": "Q55358759", "name": "Q55358759", "status": "missing", "osm_id": null, "category": "other"}, "geometry": {"type": "Point", "coordinates": [7.1854625, 45.6916022]}}, {"type": "Feature", "properties": {"wikidata": "Q55677532", "name": "Q55677532", "status": "missing", "osm_id": null, "category": "other"}, "geometry": {"type": "Point", "coordinates": [7.3556, 45.60983]}}, {"type": "Feature", "properties": {"wikidata": "Q55675072", "name": "Q55675072", "status": "done", "osm_id": "node/1534345397", "category": "other"}, "geometry": {"type": "Point", "coordinates": [7.3189692, 45.8354954]}}, {"type": "Feature", "properties": {"wikidata": "Q55354244", "name": "Q55354244", "status": "missing", "osm_id": null, "category": "other"}, "geometry": {"type": "Point", "coordinates": [7.719629, 45.6451345]}}, {"type": "Feature", "properties": {"wikidata": "Q52989952", "name": "Q52989952", "status": "missing", "osm_id": null, "category": "other"}, "geometry": {"type": "Point", "coordinates": [7.798977, 45.599272]}}, {"type": "Feature", "properties": {"wikidata": "Q52989095", "name": "Q52989095", "status": "missing", "osm_id": null, "category": "other"}, "geometry": {"type": "Point", "coordinates": [7.3213763, 45.7355644]}}, {"type": "Feature", "properties": {"wikidata": "Q52989655", "name": "Q52989655", "status": "missing", "osm_id": null, "category": "other"}, "geometry": {"type": "Point", "coordinates": [7.2084562, 45.5919799]}}, {"type": "Feature", "properties": {"wikidata": "Q55677499", "name": "Q55677499", "status": "missing", "osm_id": null, "category": "other"}, "geometry": {"type": "Point", "coordinates": [7.313076, 45.734955]}}, {"type": "Feature", "properties": {"wikidata": "Q55677528", "name": "Q55677528", "status": "missing", "osm_id": null, "category": "other"}, "geometry": {"type": "Point", "coordinates": [7.313076, 45.734955]}}, {"type": "Feature", "properties": {"wikidata": "Q55677592", "name": "Q55677592", "status": "missing", "osm_id": null, "category": "other"}, "geometry": {"type": "Point", "coordinates": [7.313076, 45.734955]}}, {"type": "Feature", "properties": {"wikidata": "Q108150967", "name": "Q108150967", "status": "done", "osm_id": "node/2104369823", "category": "other"}, "geometry": {"type": "Point", "coordinates": [7.404609725, 45.756618214]}}, {"type": "Feature", "properties": {"wikidata": "Q108107243", "name": "Q108107243", "status": "done", "osm_id": "way/120676640", "category": "other"}, "geometry": {"type": "Point", "coordinates": [7.82757, 45.777]}}, {"type": "Feature", "properties": {"wikidata": "Q93348726", "name": "Q93348726", "status": "done", "osm_id": "way/1469604975", "category": "other"}, "geometry": {"type": "Point", "coordinates": [7.815, 45.675]}}, {"type": "Feature", "properties": {"wikidata": "Q91245120", "name": "Q91245120", "status": "done", "osm_id": "way/141634151", "category": "cimitero"}, "geometry": {"type": "Point", "coordinates": [7.0938, 45.72254]}}, {"type": "Feature", "properties": {"wikidata": "Q91239433", "name": "Q91239433", "status": "done", "osm_id": "way/291903283", "category": "cimitero"}, "geometry": {"type": "Point", "coordinates": [7.29786, 45.78097]}}, {"type": "Feature", "properties": {"wikidata": "Q91239330", "name": "Q91239330", "status": "done", "osm_id": "way/139733880", "category": "cimitero"}, "geometry": {"type": "Point", "coordinates": [7.38208, 45.84961]}}, {"type": "Feature", "properties": {"wikidata": "Q91236995", "name": "Q91236995", "status": "done", "osm_id": "way/161820518", "category": "cimitero"}, "geometry": {"type": "Point", "coordinates": [7.2853, 45.7232]}}, {"type": "Feature", "properties": {"wikidata": "Q91244163", "name": "Q91244163", "status": "done", "osm_id": "way/322506575", "category": "cimitero"}, "geometry": {"type": "Point", "coordinates": [7.20982, 45.59304]}}, {"type": "Feature", "properties": {"wikidata": "Q91244913", "name": "Q91244913", "status": "done", "osm_id": "way/439238604", "category": "cimitero"}, "geometry": {"type": "Point", "coordinates": [7.06403, 45.63055]}}, {"type": "Feature", "properties": {"wikidata": "Q91242444", "name": "Q91242444", "status": "done", "osm_id": "way/161265303", "category": "cimitero"}, "geometry": {"type": "Point", "coordinates": [7.2218, 45.7087]}}, {"type": "Feature", "properties": {"wikidata": "Q98382679", "name": "Q98382679", "status": "done", "osm_id": "node/790066013", "category": "frazione"}, "geometry": {"type": "Point", "coordinates": [7.693756, 45.806672]}}, {"type": "Feature", "properties": {"wikidata": "Q91236814", "name": "Q91236814", "status": "done", "osm_id": "way/161922835", "category": "cimitero"}, "geometry": {"type": "Point", "coordinates": [7.32525, 45.72197]}}, {"type": "Feature", "properties": {"wikidata": "Q108285828", "name": "Q108285828", "status": "done", "osm_id": "node/1316237418", "category": "other"}, "geometry": {"type": "Point", "coordinates": [7.685691639, 45.654080818]}}, {"type": "Feature", "properties": {"wikidata": "Q108143197", "name": "Q108143197", "status": "done", "osm_id": "way/120778749", "category": "other"}, "geometry": {"type": "Point", "coordinates": [7.825270484, 45.768059572]}}, {"type": "Feature", "properties": {"wikidata": "Q109606443", "name": "Q109606443", "status": "done", "osm_id": "node/12325772876", "category": "montagna"}, "geometry": {"type": "Point", "coordinates": [7.902882, 45.667241]}}, {"type": "Feature", "properties": {"wikidata": "Q101244771", "name": "Q101244771", "status": "done", "osm_id": "way/103007077", "category": "other"}, "geometry": {"type": "Point", "coordinates": [7.614666666, 45.868166666]}}, {"type": "Feature", "properties": {"wikidata": "Q109640255", "name": "Q109640255", "status": "done", "osm_id": "node/1758478194", "category": "other"}, "geometry": {"type": "Point", "coordinates": [6.914758, 45.661199]}}, {"type": "Feature", "properties": {"wikidata": "Q106575239", "name": "Q106575239", "status": "missing", "osm_id": null, "category": "other"}, "geometry": {"type": "Point", "coordinates": [7.32374, 45.74591]}}, {"type": "Feature", "properties": {"wikidata": "Q108118415", "name": "Q108118415", "status": "missing", "osm_id": null, "category": "other"}, "geometry": {"type": "Point", "coordinates": [7.3058, 45.75543]}}, {"type": "Feature", "properties": {"wikidata": "Q109918431", "name": "Q109918431", "status": "missing", "osm_id": null, "category": "other"}, "geometry": {"type": "Point", "coordinates": [7.7572, 45.7884]}}, {"type": "Feature", "properties": {"wikidata": "Q91239569", "name": "Q91239569", "status": "done", "osm_id": "way/144122536", "category": "cimitero"}, "geometry": {"type": "Point", "coordinates": [7.2208, 45.8246]}}, {"type": "Feature", "properties": {"wikidata": "Q91244012", "name": "Q91244012", "status": "done", "osm_id": "way/130032296", "category": "cimitero"}, "geometry": {"type": "Point", "coordinates": [7.35135, 45.61099]}}, {"type": "Feature", "properties": {"wikidata": "Q91235775", "name": "Q91235775", "status": "done", "osm_id": "way/508961863", "category": "cimitero"}, "geometry": {"type": "Point", "coordinates": [7.4492, 45.73053]}}, {"type": "Feature", "properties": {"wikidata": "Q98382680", "name": "Q98382680", "status": "done", "osm_id": "node/3114482040", "category": "frazione"}, "geometry": {"type": "Point", "coordinates": [7.692227, 45.805052]}}, {"type": "Feature", "properties": {"wikidata": "Q107745496", "name": "Q107745496", "status": "done", "osm_id": "way/169354585", "category": "chiesa"}, "geometry": {"type": "Point", "coordinates": [7.618838899, 45.80945372]}}, {"type": "Feature", "properties": {"wikidata": "Q106085772", "name": "Q106085772", "status": "done", "osm_id": "way/112025221", "category": "other"}, "geometry": {"type": "Point", "coordinates": [7.29673, 45.735137]}}, {"type": "Feature", "properties": {"wikidata": "Q91236647", "name": "Q91236647", "status": "done", "osm_id": "way/163142316", "category": "cimitero"}, "geometry": {"type": "Point", "coordinates": [7.35761, 45.74757]}}, {"type": "Feature", "properties": {"wikidata": "Q98793903", "name": "Q98793903", "status": "missing", "osm_id": null, "category": "other"}, "geometry": {"type": "Point", "coordinates": [7.33989, 45.74327]}}, {"type": "Feature", "properties": {"wikidata": "Q108285831", "name": "Q108285831", "status": "missing", "osm_id": null, "category": "cappella"}, "geometry": {"type": "Point", "coordinates": [7.67963891, 45.650861091]}}, {"type": "Feature", "properties": {"wikidata": "Q91238749", "name": "Q91238749", "status": "missing", "osm_id": null, "category": "cimitero"}, "geometry": {"type": "Point", "coordinates": [7.31111, 45.82084]}}, {"type": "Feature", "properties": {"wikidata": "Q91239248", "name": "Q91239248", "status": "done", "osm_id": "way/137844432", "category": "cimitero"}, "geometry": {"type": "Point", "coordinates": [7.3112, 45.84767]}}, {"type": "Feature", "properties": {"wikidata": "Q91239468", "name": "Q91239468", "status": "done", "osm_id": "way/143261906", "category": "cimitero"}, "geometry": {"type": "Point", "coordinates": [7.2729, 45.80844]}}, {"type": "Feature", "properties": {"wikidata": "Q91237871", "name": "Q91237871", "status": "done", "osm_id": "way/162444598", "category": "cimitero"}, "geometry": {"type": "Point", "coordinates": [7.30398, 45.75936]}}, {"type": "Feature", "properties": {"wikidata": "Q108123008", "name": "Q108123008", "status": "missing", "osm_id": null, "category": "other"}, "geometry": {"type": "Point", "coordinates": [7.5259, 45.8318]}}, {"type": "Feature", "properties": {"wikidata": "Q91245439", "name": "Q91245439", "status": "done", "osm_id": "way/43665306", "category": "cimitero"}, "geometry": {"type": "Point", "coordinates": [7.0373, 45.7592]}}, {"type": "Feature", "properties": {"wikidata": "Q107830238", "name": "Q107830238", "status": "missing", "osm_id": null, "category": "cappella"}, "geometry": {"type": "Point", "coordinates": [7.615686712, 45.812640289]}}, {"type": "Feature", "properties": {"wikidata": "Q108123041", "name": "Q108123041", "status": "missing", "osm_id": null, "category": "other"}, "geometry": {"type": "Point", "coordinates": [7.4669, 45.7392]}}, {"type": "Feature", "properties": {"wikidata": "Q91244751", "name": "Q91244751", "status": "done", "osm_id": "way/133996800", "category": "cimitero"}, "geometry": {"type": "Point", "coordinates": [7.1705, 45.704]}}, {"type": "Feature", "properties": {"wikidata": "Q91236061", "name": "Q91236061", "status": "done", "osm_id": "way/513937270", "category": "cimitero"}, "geometry": {"type": "Point", "coordinates": [7.4005, 45.7277]}}, {"type": "Feature", "properties": {"wikidata": "Q108139636", "name": "Q108139636", "status": "done", "osm_id": "node/665109782", "category": "other"}, "geometry": {"type": "Point", "coordinates": [7.6593469, 45.7994152]}}, {"type": "Feature", "properties": {"wikidata": "Q91238845", "name": "Q91238845", "status": "missing", "osm_id": null, "category": "cimitero"}, "geometry": {"type": "Point", "coordinates": [7.32654, 45.82423]}}, {"type": "Feature", "properties": {"wikidata": "Q98119146", "name": "Q98119146", "status": "done", "osm_id": "node/482415677", "category": "montagna"}, "geometry": {"type": "Point", "coordinates": [7.1699715, 45.4825031]}}, {"type": "Feature", "properties": {"wikidata": "Q108123066", "name": "Q108123066", "status": "missing", "osm_id": null, "category": "other"}, "geometry": {"type": "Point", "coordinates": [7.4666, 45.7554]}}, {"type": "Feature", "properties": {"wikidata": "Q98398532", "name": "Q98398532", "status": "missing", "osm_id": null, "category": "chiesa"}, "geometry": {"type": "Point", "coordinates": [7.726409324, 45.831592617]}}, {"type": "Feature", "properties": {"wikidata": "Q91238469", "name": "Q91238469", "status": "done", "osm_id": "way/793930474", "category": "cimitero"}, "geometry": {"type": "Point", "coordinates": [7.31317, 45.78645]}}, {"type": "Feature", "properties": {"wikidata": "Q108216125", "name": "Q108216125", "status": "done", "osm_id": "way/781163853", "category": "other"}, "geometry": {"type": "Point", "coordinates": [7.478391404, 45.789689062]}}, {"type": "Feature", "properties": {"wikidata": "Q91239794", "name": "Q91239794", "status": "done", "osm_id": "way/161700055", "category": "cimitero"}, "geometry": {"type": "Point", "coordinates": [7.2779, 45.7153]}}, {"type": "Feature", "properties": {"wikidata": "Q108107515", "name": "Q108107515", "status": "done", "osm_id": "way/417863287", "category": "other"}, "geometry": {"type": "Point", "coordinates": [7.822960169, 45.780178101]}}, {"type": "Feature", "properties": {"wikidata": "Q108285829", "name": "Q108285829", "status": "done", "osm_id": "node/1994084609", "category": "chiesa"}, "geometry": {"type": "Point", "coordinates": [7.676529273, 45.665161208]}}, {"type": "Feature", "properties": {"wikidata": "Q91233725", "name": "Q91233725", "status": "done", "osm_id": "way/142274220", "category": "cimitero"}, "geometry": {"type": "Point", "coordinates": [7.4833, 45.7885]}}, {"type": "Feature", "properties": {"wikidata": "Q91239491", "name": "Q91239491", "status": "done", "osm_id": "way/145511796", "category": "cimitero"}, "geometry": {"type": "Point", "coordinates": [7.23173, 45.81874]}}, {"type": "Feature", "properties": {"wikidata": "Q91245556", "name": "Q91245556", "status": "done", "osm_id": "way/186089768", "category": "cimitero"}, "geometry": {"type": "Point", "coordinates": [6.9859, 45.7662]}}, {"type": "Feature", "properties": {"wikidata": "Q91244269", "name": "Q91244269", "status": "done", "osm_id": "way/326966066", "category": "cimitero"}, "geometry": {"type": "Point", "coordinates": [7.15889, 45.65805]}}, {"type": "Feature", "properties": {"wikidata": "Q91237583", "name": "Q91237583", "status": "done", "osm_id": "way/162444599", "category": "cimitero"}, "geometry": {"type": "Point", "coordinates": [7.31674, 45.75893]}}, {"type": "Feature", "properties": {"wikidata": "Q91243930", "name": "Q91243930", "status": "done", "osm_id": "relation/11106577", "category": "cimitero"}, "geometry": {"type": "Point", "coordinates": [7.18785, 45.69191]}}, {"type": "Feature", "properties": {"wikidata": "Q91244414", "name": "Q91244414", "status": "done", "osm_id": "way/323884993", "category": "cimitero"}, "geometry": {"type": "Point", "coordinates": [7.11783, 45.56989]}}, {"type": "Feature", "properties": {"wikidata": "Q91236189", "name": "Q91236189", "status": "done", "osm_id": "way/126348280", "category": "cimitero"}, "geometry": {"type": "Point", "coordinates": [7.3877, 45.7427]}}, {"type": "Feature", "properties": {"wikidata": "Q91240735", "name": "Q91240735", "status": "done", "osm_id": "way/161681074", "category": "cimitero"}, "geometry": {"type": "Point", "coordinates": [7.25623, 45.71681]}}, {"type": "Feature", "properties": {"wikidata": "Q91341302", "name": "Q91341302", "status": "done", "osm_id": "node/7431137994", "category": "other"}, "geometry": {"type": "Point", "coordinates": [7.12492, 45.71052]}}, {"type": "Feature", "properties": {"wikidata": "Q109758322", "name": "Q109758322", "status": "done", "osm_id": "node/4843264752", "category": "chiesa"}, "geometry": {"type": "Point", "coordinates": [7.53044, 45.7515]}}, {"type": "Feature", "properties": {"wikidata": "Q91239335", "name": "Q91239335", "status": "done", "osm_id": "way/137989652", "category": "cimitero"}, "geometry": {"type": "Point", "coordinates": [7.42107, 45.87288]}}, {"type": "Feature", "properties": {"wikidata": "Q110455127", "name": "Q110455127", "status": "done", "osm_id": "node/1946163699", "category": "other"}, "geometry": {"type": "Point", "coordinates": [7.6802355, 45.8546036]}}, {"type": "Feature", "properties": {"wikidata": "Q110448242", "name": "Q110448242", "status": "done", "osm_id": "node/1351061369", "category": "montagna"}, "geometry": {"type": "Point", "coordinates": [7.834765, 45.883287]}}, {"type": "Feature", "properties": {"wikidata": "Q91243831", "name": "Q91243831", "status": "done", "osm_id": "way/365395706", "category": "cimitero"}, "geometry": {"type": "Point", "coordinates": [7.2133, 45.7046]}}, {"type": "Feature", "properties": {"wikidata": "Q108123052", "name": "Q108123052", "status": "missing", "osm_id": null, "category": "other"}, "geometry": {"type": "Point", "coordinates": [7.4683, 45.7422]}}, {"type": "Feature", "properties": {"wikidata": "Q91245812", "name": "Q91245812", "status": "done", "osm_id": "way/160998431", "category": "cimitero"}, "geometry": {"type": "Point", "coordinates": [6.9692, 45.7908]}}, {"type": "Feature", "properties": {"wikidata": "Q91245700", "name": "Q91245700", "status": "done", "osm_id": "way/152335059", "category": "cimitero"}, "geometry": {"type": "Point", "coordinates": [6.9496, 45.7175]}}, {"type": "Feature", "properties": {"wikidata": "Q107863460", "name": "Q107863460", "status": "done", "osm_id": "way/152504627", "category": "chiesa"}, "geometry": {"type": "Point", "coordinates": [7.592257705, 45.804669821]}}, {"type": "Feature", "properties": {"wikidata": "Q108285832", "name": "Q108285832", "status": "missing", "osm_id": null, "category": "cappella"}, "geometry": {"type": "Point", "coordinates": [7.64541, 45.64842]}}, {"type": "Feature", "properties": {"wikidata": "Q108123035", "name": "Q108123035", "status": "missing", "osm_id": null, "category": "edificio"}, "geometry": {"type": "Point", "coordinates": [7.4787, 45.7433]}}, {"type": "Feature", "properties": {"wikidata": "Q91236413", "name": "Q91236413", "status": "done", "osm_id": "way/163315807", "category": "cimitero"}, "geometry": {"type": "Point", "coordinates": [7.357, 45.7291]}}, {"type": "Feature", "properties": {"wikidata": "Q91244579", "name": "Q91244579", "status": "done", "osm_id": "way/352102905", "category": "cimitero"}, "geometry": {"type": "Point", "coordinates": [7.17154, 45.71173]}}, {"type": "Feature", "properties": {"wikidata": "Q97393110", "name": "Q97393110", "status": "done", "osm_id": "node/1124670054", "category": "montagna"}, "geometry": {"type": "Point", "coordinates": [7.804585, 45.7491807]}}, {"type": "Feature", "properties": {"wikidata": "Q91243696", "name": "Q91243696", "status": "done", "osm_id": "way/180730304", "category": "cimitero"}, "geometry": {"type": "Point", "coordinates": [7.2389, 45.7008]}}, {"type": "Feature", "properties": {"wikidata": "Q91239664", "name": "Q91239664", "status": "done", "osm_id": "way/145313878", "category": "cimitero"}, "geometry": {"type": "Point", "coordinates": [7.17763, 45.82129]}}, {"type": "Feature", "properties": {"wikidata": "Q107772262", "name": "Q107772262", "status": "missing", "osm_id": null, "category": "cappella"}, "geometry": {"type": "Point", "coordinates": [7.613884217, 45.810471847]}}, {"type": "Feature", "properties": {"wikidata": "Q91245013", "name": "Q91245013", "status": "done", "osm_id": "way/187668263", "category": "cimitero"}, "geometry": {"type": "Point", "coordinates": [7.14199, 45.70932]}}, {"type": "Feature", "properties": {"wikidata": "Q109377222", "name": "Q109377222", "status": "done", "osm_id": "way/126104072", "category": "other"}, "geometry": {"type": "Point", "coordinates": [7.20513, 45.76882]}}, {"type": "Feature", "properties": {"wikidata": "Q107306641", "name": "Q107306641", "status": "done", "osm_id": "relation/17010467", "category": "other"}, "geometry": {"type": "Point", "coordinates": [7.293795, 45.718198]}}, {"type": "Feature", "properties": {"wikidata": "Q91245293", "name": "Q91245293", "status": "done", "osm_id": "way/148853618", "category": "cimitero"}, "geometry": {"type": "Point", "coordinates": [7.074, 45.7438]}}, {"type": "Feature", "properties": {"wikidata": "Q108285830", "name": "Q108285830", "status": "done", "osm_id": "node/4518938943", "category": "cappella"}, "geometry": {"type": "Point", "coordinates": [7.690405, 45.655763]}}, {"type": "Feature", "properties": {"wikidata": "Q91237234", "name": "Q91237234", "status": "done", "osm_id": "way/82456088", "category": "cimitero"}, "geometry": {"type": "Point", "coordinates": [7.291, 45.7298]}}, {"type": "Feature", "properties": {"wikidata": "Q97361664", "name": "Q97361664", "status": "done", "osm_id": "node/1124670129", "category": "other"}, "geometry": {"type": "Point", "coordinates": [7.8032882, 45.7546151]}}, {"type": "Feature", "properties": {"wikidata": "Q93877861", "name": "Q93877861", "status": "missing", "osm_id": null, "category": "museo"}, "geometry": {"type": "Point", "coordinates": [7.462301, 45.7387974]}}, {"type": "Feature", "properties": {"wikidata": "Q94577372", "name": "Q94577372", "status": "missing", "osm_id": null, "category": "other"}, "geometry": {"type": "Point", "coordinates": [7.3237936, 45.540646]}}, {"type": "Feature", "properties": {"wikidata": "Q108123083", "name": "Q108123083", "status": "missing", "osm_id": null, "category": "edificio"}, "geometry": {"type": "Point", "coordinates": [7.4959, 45.8044]}}, {"type": "Feature", "properties": {"wikidata": "Q110205794", "name": "Q110205794", "status": "done", "osm_id": "node/1502683557", "category": "other"}, "geometry": {"type": "Point", "coordinates": [7.9297, 45.6443]}}, {"type": "Feature", "properties": {"wikidata": "Q91235520", "name": "Q91235520", "status": "done", "osm_id": "way/164255562", "category": "cimitero"}, "geometry": {"type": "Point", "coordinates": [7.46784, 45.74246]}}, {"type": "Feature", "properties": {"wikidata": "Q107249676", "name": "Q107249676", "status": "done", "osm_id": "node/1665850617", "category": "cappella"}, "geometry": {"type": "Point", "coordinates": [7.495622222, 45.720427777]}}, {"type": "Feature", "properties": {"wikidata": "Q91240635", "name": "Q91240635", "status": "done", "osm_id": "way/161927289", "category": "cimitero"}, "geometry": {"type": "Point", "coordinates": [7.27504, 45.7279]}}, {"type": "Feature", "properties": {"wikidata": "Q93262642", "name": "Q93262642", "status": "missing", "osm_id": null, "category": "museo"}, "geometry": {"type": "Point", "coordinates": [7.3252582, 45.7390623]}}, {"type": "Feature", "properties": {"wikidata": "Q118315607", "name": "Q118315607", "status": "done", "osm_id": "way/165239149", "category": "chiesa"}, "geometry": {"type": "Point", "coordinates": [7.592392, 45.73864]}}, {"type": "Feature", "properties": {"wikidata": "Q118315739", "name": "Q118315739", "status": "missing", "osm_id": null, "category": "cappella"}, "geometry": {"type": "Point", "coordinates": [7.627267, 45.879694]}}, {"type": "Feature", "properties": {"wikidata": "Q118315640", "name": "Q118315640", "status": "done", "osm_id": "way/143073790", "category": "cappella"}, "geometry": {"type": "Point", "coordinates": [7.311259, 45.783361]}}, {"type": "Feature", "properties": {"wikidata": "Q118315531", "name": "Q118315531", "status": "missing", "osm_id": null, "category": "cappella"}, "geometry": {"type": "Point", "coordinates": [6.948725, 45.717461]}}, {"type": "Feature", "properties": {"wikidata": "Q118315680", "name": "Q118315680", "status": "done", "osm_id": "way/1469625043", "category": "chiesa"}, "geometry": {"type": "Point", "coordinates": [7.18411, 45.83523]}}, {"type": "Feature", "properties": {"wikidata": "Q118315744", "name": "Q118315744", "status": "missing", "osm_id": null, "category": "cappella"}, "geometry": {"type": "Point", "coordinates": [7.616403, 45.867139]}}, {"type": "Feature", "properties": {"wikidata": "Q118315701", "name": "Q118315701", "status": "missing", "osm_id": null, "category": "chiesa"}, "geometry": {"type": "Point", "coordinates": [7.273193, 45.727573]}}, {"type": "Feature", "properties": {"wikidata": "Q118315675", "name": "Q118315675", "status": "done", "osm_id": "node/847296496", "category": "chiesa"}, "geometry": {"type": "Point", "coordinates": [7.2268372, 45.7100144]}}, {"type": "Feature", "properties": {"wikidata": "Q118315476", "name": "Q118315476", "status": "done", "osm_id": "way/122416561", "category": "cappella"}, "geometry": {"type": "Point", "coordinates": [7.861156, 45.673306]}}, {"type": "Feature", "properties": {"wikidata": "Q118315618", "name": "Q118315618", "status": "done", "osm_id": "way/161031152", "category": "chiesa"}, "geometry": {"type": "Point", "coordinates": [6.946583, 45.759583]}}, {"type": "Feature", "properties": {"wikidata": "Q118315625", "name": "Q118315625", "status": "missing", "osm_id": null, "category": "chiesa"}, "geometry": {"type": "Point", "coordinates": [7.395317, 45.740389]}}, {"type": "Feature", "properties": {"wikidata": "Q118315605", "name": "Q118315605", "status": "done", "osm_id": "way/165261982", "category": "cappella"}, "geometry": {"type": "Point", "coordinates": [7.6059991, 45.7392594]}}, {"type": "Feature", "properties": {"wikidata": "Q118315761", "name": "Q118315761", "status": "missing", "osm_id": null, "category": "cappella"}, "geometry": {"type": "Point", "coordinates": [7.513786, 45.754722]}}, {"type": "Feature", "properties": {"wikidata": "Q118315694", "name": "Q118315694", "status": "done", "osm_id": "way/1389743211", "category": "cappella"}, "geometry": {"type": "Point", "coordinates": [7.259613, 45.733832]}}, {"type": "Feature", "properties": {"wikidata": "Q118315774", "name": "Q118315774", "status": "done", "osm_id": "way/176390679", "category": "other"}, "geometry": {"type": "Point", "coordinates": [6.881203, 45.808392]}}, {"type": "Feature", "properties": {"wikidata": "Q118315846", "name": "Q118315846", "status": "missing", "osm_id": null, "category": "other"}, "geometry": {"type": "Point", "coordinates": [6.879477, 45.760851]}}, {"type": "Feature", "properties": {"wikidata": "Q118315748", "name": "Q118315748", "status": "missing", "osm_id": null, "category": "cappella"}, "geometry": {"type": "Point", "coordinates": [7.617013, 45.872694]}}, {"type": "Feature", "properties": {"wikidata": "Q118323457", "name": "Q118323457", "status": "missing", "osm_id": null, "category": "cappella"}, "geometry": {"type": "Point", "coordinates": [7.541453, 45.737861]}}, {"type": "Feature", "properties": {"wikidata": "Q118315778", "name": "Q118315778", "status": "done", "osm_id": "node/7259190609", "category": "other"}, "geometry": {"type": "Point", "coordinates": [6.884981, 45.794914]}}, {"type": "Feature", "properties": {"wikidata": "Q118315518", "name": "Q118315518", "status": "done", "osm_id": "node/3968742773", "category": "other"}, "geometry": {"type": "Point", "coordinates": [6.867062, 45.803016]}}, {"type": "Feature", "properties": {"wikidata": "Q118315626", "name": "Q118315626", "status": "done", "osm_id": "way/164391406", "category": "cappella"}, "geometry": {"type": "Point", "coordinates": [7.453583, 45.749694]}}, {"type": "Feature", "properties": {"wikidata": "Q118315743", "name": "Q118315743", "status": "missing", "osm_id": null, "category": "cappella"}, "geometry": {"type": "Point", "coordinates": [7.624331, 45.873667]}}, {"type": "Feature", "properties": {"wikidata": "Q118315747", "name": "Q118315747", "status": "missing", "osm_id": null, "category": "cappella"}, "geometry": {"type": "Point", "coordinates": [7.602201, 45.860667]}}, {"type": "Feature", "properties": {"wikidata": "Q118315514", "name": "Q118315514", "status": "missing", "osm_id": null, "category": "cappella"}, "geometry": {"type": "Point", "coordinates": [7.071149, 45.745333]}}, {"type": "Feature", "properties": {"wikidata": "Q118315530", "name": "Q118315530", "status": "missing", "osm_id": null, "category": "cappella"}, "geometry": {"type": "Point", "coordinates": [6.948722, 45.717461]}}, {"type": "Feature", "properties": {"wikidata": "Q118315728", "name": "Q118315728", "status": "done", "osm_id": "way/140036680", "category": "chiesa"}, "geometry": {"type": "Point", "coordinates": [7.32605, 45.82556]}}, {"type": "Feature", "properties": {"wikidata": "Q118315432", "name": "Q118315432", "status": "missing", "osm_id": null, "category": "cappella"}, "geometry": {"type": "Point", "coordinates": [7.304006, 45.777694]}}, {"type": "Feature", "properties": {"wikidata": "Q118315749", "name": "Q118315749", "status": "missing", "osm_id": null, "category": "cappella"}, "geometry": {"type": "Point", "coordinates": [7.627181, 45.884958]}}, {"type": "Feature", "properties": {"wikidata": "Q118315695", "name": "Q118315695", "status": "done", "osm_id": "way/161927581", "category": "cappella"}, "geometry": {"type": "Point", "coordinates": [7.273738, 45.732898]}}, {"type": "Feature", "properties": {"wikidata": "Q118315445", "name": "Q118315445", "status": "missing", "osm_id": null, "category": "chiesa"}, "geometry": {"type": "Point", "coordinates": [7.289892, 45.721444]}}, {"type": "Feature", "properties": {"wikidata": "Q118315446", "name": "Q118315446", "status": "missing", "osm_id": null, "category": "chiesa"}, "geometry": {"type": "Point", "coordinates": [7.285422, 45.723639]}}, {"type": "Feature", "properties": {"wikidata": "Q118315439", "name": "Q118315439", "status": "done", "osm_id": "way/161821008", "category": "cappella"}, "geometry": {"type": "Point", "coordinates": [7.29298, 45.713549]}}, {"type": "Feature", "properties": {"wikidata": "Q118323482", "name": "Q118323482", "status": "missing", "osm_id": null, "category": "cappella"}, "geometry": {"type": "Point", "coordinates": [7.670822, 45.714556]}}, {"type": "Feature", "properties": {"wikidata": "Q118315750", "name": "Q118315750", "status": "missing", "osm_id": null, "category": "cappella"}, "geometry": {"type": "Point", "coordinates": [7.606003, 45.853472]}}, {"type": "Feature", "properties": {"wikidata": "Q118315433", "name": "Q118315433", "status": "missing", "osm_id": null, "category": "cappella"}, "geometry": {"type": "Point", "coordinates": [7.264158, 45.787833]}}, {"type": "Feature", "properties": {"wikidata": "Q118315679", "name": "Q118315679", "status": "done", "osm_id": "way/145314004", "category": "chiesa"}, "geometry": {"type": "Point", "coordinates": [7.17954, 45.82158]}}, {"type": "Feature", "properties": {"wikidata": "Q118315453", "name": "Q118315453", "status": "done", "osm_id": "way/60359982", "category": "chiesa"}, "geometry": {"type": "Point", "coordinates": [7.822667, 45.827167]}}, {"type": "Feature", "properties": {"wikidata": "Q118315740", "name": "Q118315740", "status": "done", "osm_id": "node/1788250372", "category": "cappella"}, "geometry": {"type": "Point", "coordinates": [7.587994, 45.885575]}}, {"type": "Feature", "properties": {"wikidata": "Q118315650", "name": "Q118315650", "status": "done", "osm_id": "way/259268482", "category": "cappella"}, "geometry": {"type": "Point", "coordinates": [7.556978, 45.769328]}}, {"type": "Feature", "properties": {"wikidata": "Q118315738", "name": "Q118315738", "status": "missing", "osm_id": null, "category": "cappella"}, "geometry": {"type": "Point", "coordinates": [7.622222, 45.886361]}}, {"type": "Feature", "properties": {"wikidata": "Q118315603", "name": "Q118315603", "status": "done", "osm_id": "way/1469604974", "category": "chiesa"}, "geometry": {"type": "Point", "coordinates": [7.6906324, 45.5906911]}}, {"type": "Feature", "properties": {"wikidata": "Q118315548", "name": "Q118315548", "status": "missing", "osm_id": null, "category": "chiesa"}, "geometry": {"type": "Point", "coordinates": [7.670831, 45.714556]}}, {"type": "Feature", "properties": {"wikidata": "Q118315521", "name": "Q118315521", "status": "missing", "osm_id": null, "category": "chiesa"}, "geometry": {"type": "Point", "coordinates": [7.069189, 45.747083]}}, {"type": "Feature", "properties": {"wikidata": "Q118315532", "name": "Q118315532", "status": "done", "osm_id": "way/152335072", "category": "chiesa"}, "geometry": {"type": "Point", "coordinates": [6.948222, 45.718508]}}, {"type": "Feature", "properties": {"wikidata": "Q118315587", "name": "Q118315587", "status": "done", "osm_id": "way/165570085", "category": "chiesa"}, "geometry": {"type": "Point", "coordinates": [7.808492, 45.614278]}}, {"type": "Feature", "properties": {"wikidata": "Q118315620", "name": "Q118315620", "status": "missing", "osm_id": null, "category": "cappella"}, "geometry": {"type": "Point", "coordinates": [7.4224, 45.749583]}}, {"type": "Feature", "properties": {"wikidata": "Q118315501", "name": "Q118315501", "status": "done", "osm_id": "way/148698244", "category": "cappella"}, "geometry": {"type": "Point", "coordinates": [7.082963, 45.758917]}}, {"type": "Feature", "properties": {"wikidata": "Q118315549", "name": "Q118315549", "status": "missing", "osm_id": null, "category": "chiesa"}, "geometry": {"type": "Point", "coordinates": [7.666969, 45.721486]}}, {"type": "Feature", "properties": {"wikidata": "Q118315547", "name": "Q118315547", "status": "missing", "osm_id": null, "category": "cappella"}, "geometry": {"type": "Point", "coordinates": [7.676811, 45.721972]}}, {"type": "Feature", "properties": {"wikidata": "Q118315611", "name": "Q118315611", "status": "missing", "osm_id": null, "category": "cappella"}, "geometry": {"type": "Point", "coordinates": [7.800726, 45.59255]}}, {"type": "Feature", "properties": {"wikidata": "Q118315592", "name": "Q118315592", "status": "missing", "osm_id": null, "category": "chiesa"}, "geometry": {"type": "Point", "coordinates": [7.34925, 45.728444]}}, {"type": "Feature", "properties": {"wikidata": "Q118315700", "name": "Q118315700", "status": "done", "osm_id": "way/161681147", "category": "chiesa"}, "geometry": {"type": "Point", "coordinates": [7.25885, 45.717308]}}, {"type": "Feature", "properties": {"wikidata": "Q118315698", "name": "Q118315698", "status": "done", "osm_id": "way/183914759", "category": "cappella"}, "geometry": {"type": "Point", "coordinates": [7.248029, 45.740658]}}, {"type": "Feature", "properties": {"wikidata": "Q118315519", "name": "Q118315519", "status": "done", "osm_id": "way/148698242", "category": "cappella"}, "geometry": {"type": "Point", "coordinates": [7.070746, 45.767525]}}, {"type": "Feature", "properties": {"wikidata": "Q118315797", "name": "Q118315797", "status": "done", "osm_id": "way/247923334", "category": "other"}, "geometry": {"type": "Point", "coordinates": [6.980384, 45.859117]}}, {"type": "Feature", "properties": {"wikidata": "Q118315759", "name": "Q118315759", "status": "done", "osm_id": "way/502767639", "category": "cappella"}, "geometry": {"type": "Point", "coordinates": [7.5278651, 45.7769901]}}, {"type": "Feature", "properties": {"wikidata": "Q118315609", "name": "Q118315609", "status": "missing", "osm_id": null, "category": "cappella"}, "geometry": {"type": "Point", "coordinates": [7.798356, 45.594917]}}, {"type": "Feature", "properties": {"wikidata": "Q118323484", "name": "Q118323484", "status": "missing", "osm_id": null, "category": "chiesa"}, "geometry": {"type": "Point", "coordinates": [7.623917, 45.87675]}}, {"type": "Feature", "properties": {"wikidata": "Q118315752", "name": "Q118315752", "status": "missing", "osm_id": null, "category": "cappella"}, "geometry": {"type": "Point", "coordinates": [7.622667, 45.872444]}}, {"type": "Feature", "properties": {"wikidata": "Q118315658", "name": "Q118315658", "status": "done", "osm_id": "way/164255661", "category": "chiesa"}, "geometry": {"type": "Point", "coordinates": [7.450251096, 45.730129983]}}, {"type": "Feature", "properties": {"wikidata": "Q118323489", "name": "Q118323489", "status": "done", "osm_id": "node/1531329060", "category": "chiesa"}, "geometry": {"type": "Point", "coordinates": [7.381903, 45.849786]}}, {"type": "Feature", "properties": {"wikidata": "Q118315742", "name": "Q118315742", "status": "done", "osm_id": "way/167161908", "category": "cappella"}, "geometry": {"type": "Point", "coordinates": [7.616808, 45.90425]}}, {"type": "Feature", "properties": {"wikidata": "Q118315574", "name": "Q118315574", "status": "done", "osm_id": "way/137844410", "category": "chiesa"}, "geometry": {"type": "Point", "coordinates": [7.310822, 45.848917]}}, {"type": "Feature", "properties": {"wikidata": "Q118315659", "name": "Q118315659", "status": "done", "osm_id": "way/137408715", "category": "cappella"}, "geometry": {"type": "Point", "coordinates": [7.1398, 45.723667]}}, {"type": "Feature", "properties": {"wikidata": "Q118315746", "name": "Q118315746", "status": "missing", "osm_id": null, "category": "cappella"}, "geometry": {"type": "Point", "coordinates": [7.626856, 45.886556]}}, {"type": "Feature", "properties": {"wikidata": "Q118315563", "name": "Q118315563", "status": "missing", "osm_id": null, "category": "cappella"}, "geometry": {"type": "Point", "coordinates": [7.467472, 45.739917]}}, {"type": "Feature", "properties": {"wikidata": "Q118315696", "name": "Q118315696", "status": "done", "osm_id": "way/161298770", "category": "cappella"}, "geometry": {"type": "Point", "coordinates": [7.240816, 45.728691]}}, {"type": "Feature", "properties": {"wikidata": "Q118315766", "name": "Q118315766", "status": "missing", "osm_id": null, "category": "chiesa"}, "geometry": {"type": "Point", "coordinates": [7.691386, 45.668853]}}, {"type": "Feature", "properties": {"wikidata": "Q118323464", "name": "Q118323464", "status": "done", "osm_id": "node/2146401030", "category": "cappella"}, "geometry": {"type": "Point", "coordinates": [7.494987169, 45.735661135]}}, {"type": "Feature", "properties": {"wikidata": "Q118315471", "name": "Q118315471", "status": "missing", "osm_id": null, "category": "cappella"}, "geometry": {"type": "Point", "coordinates": [7.17148123, 45.671073815]}}, {"type": "Feature", "properties": {"wikidata": "Q118315631", "name": "Q118315631", "status": "missing", "osm_id": null, "category": "cappella"}, "geometry": {"type": "Point", "coordinates": [7.160512, 45.663417]}}, {"type": "Feature", "properties": {"wikidata": "Q118315624", "name": "Q118315624", "status": "done", "osm_id": "way/164391577", "category": "chiesa"}, "geometry": {"type": "Point", "coordinates": [7.452769, 45.759972]}}, {"type": "Feature", "properties": {"wikidata": "Q118315772", "name": "Q118315772", "status": "done", "osm_id": "way/161265120", "category": "cappella"}, "geometry": {"type": "Point", "coordinates": [7.21425, 45.70779]}}, {"type": "Feature", "properties": {"wikidata": "Q118315714", "name": "Q118315714", "status": "missing", "osm_id": null, "category": "cappella"}, "geometry": {"type": "Point", "coordinates": [7.077631, 45.662444]}}, {"type": "Feature", "properties": {"wikidata": "Q118315569", "name": "Q118315569", "status": "done", "osm_id": "way/142274245", "category": "chiesa"}, "geometry": {"type": "Point", "coordinates": [7.478819, 45.786944]}}, {"type": "Feature", "properties": {"wikidata": "Q118315653", "name": "Q118315653", "status": "missing", "osm_id": null, "category": "chiesa"}, "geometry": {"type": "Point", "coordinates": [7.59085, 45.804806]}}, {"type": "Feature", "properties": {"wikidata": "Q118315436", "name": "Q118315436", "status": "done", "osm_id": "way/161820731", "category": "cappella"}, "geometry": {"type": "Point", "coordinates": [7.290974, 45.714025]}}, {"type": "Feature", "properties": {"wikidata": "Q118315745", "name": "Q118315745", "status": "missing", "osm_id": null, "category": "cappella"}, "geometry": {"type": "Point", "coordinates": [7.616286, 45.868617]}}, {"type": "Feature", "properties": {"wikidata": "Q118315556", "name": "Q118315556", "status": "done", "osm_id": "node/550451994", "category": "chiesa"}, "geometry": {"type": "Point", "coordinates": [7.0359, 45.75732]}}, {"type": "Feature", "properties": {"wikidata": "Q118315612", "name": "Q118315612", "status": "done", "osm_id": "way/165165496", "category": "chiesa"}, "geometry": {"type": "Point", "coordinates": [7.796803, 45.599778]}}, {"type": "Feature", "properties": {"wikidata": "Q118315647", "name": "Q118315647", "status": "missing", "osm_id": null, "category": "chiesa"}, "geometry": {"type": "Point", "coordinates": [7.301535, 45.762389]}}, {"type": "Feature", "properties": {"wikidata": "Q118315604", "name": "Q118315604", "status": "done", "osm_id": "node/1930399860", "category": "chiesa"}, "geometry": {"type": "Point", "coordinates": [7.687242, 45.606639]}}, {"type": "Feature", "properties": {"wikidata": "Q118315693", "name": "Q118315693", "status": "done", "osm_id": "way/199093172", "category": "cappella"}, "geometry": {"type": "Point", "coordinates": [7.25681, 45.72833]}}, {"type": "Feature", "properties": {"wikidata": "Q118315623", "name": "Q118315623", "status": "missing", "osm_id": null, "category": "cappella"}, "geometry": {"type": "Point", "coordinates": [7.417568, 45.740417]}}, {"type": "Feature", "properties": {"wikidata": "Q118315699", "name": "Q118315699", "status": "done", "osm_id": "way/445824376", "category": "chiesa"}, "geometry": {"type": "Point", "coordinates": [7.284649, 45.731105]}}, {"type": "Feature", "properties": {"wikidata": "Q118315496", "name": "Q118315496", "status": "missing", "osm_id": null, "category": "chiesa"}, "geometry": {"type": "Point", "coordinates": [7.271925, 45.715278]}}, {"type": "Feature", "properties": {"wikidata": "Q118315443", "name": "Q118315443", "status": "missing", "osm_id": null, "category": "chiesa"}, "geometry": {"type": "Point", "coordinates": [7.299567, 45.723557]}}, {"type": "Feature", "properties": {"wikidata": "Q118315753", "name": "Q118315753", "status": "done", "osm_id": "way/166437950", "category": "chiesa"}, "geometry": {"type": "Point", "coordinates": [7.6311859, 45.9347381]}}, {"type": "Feature", "properties": {"wikidata": "Q118315725", "name": "Q118315725", "status": "missing", "osm_id": null, "category": "cappella"}, "geometry": {"type": "Point", "coordinates": [7.326008, 45.826833]}}, {"type": "Feature", "properties": {"wikidata": "Q118315608", "name": "Q118315608", "status": "missing", "osm_id": null, "category": "cappella"}, "geometry": {"type": "Point", "coordinates": [7.808114, 45.5925]}}, {"type": "Feature", "properties": {"wikidata": "Q118315570", "name": "Q118315570", "status": "done", "osm_id": "way/164255935", "category": "chiesa"}, "geometry": {"type": "Point", "coordinates": [7.468389, 45.742222]}}, {"type": "Feature", "properties": {"wikidata": "Q118315469", "name": "Q118315469", "status": "missing", "osm_id": null, "category": "chiesa"}, "geometry": {"type": "Point", "coordinates": [7.7377, 45.613472]}}, {"type": "Feature", "properties": {"wikidata": "Q118315724", "name": "Q118315724", "status": "missing", "osm_id": null, "category": "chiesa"}, "geometry": {"type": "Point", "coordinates": [7.063866, 45.630395]}}, {"type": "Feature", "properties": {"wikidata": "Q118315741", "name": "Q118315741", "status": "missing", "osm_id": null, "category": "cappella"}, "geometry": {"type": "Point", "coordinates": [7.618555, 45.874333]}}, {"type": "Feature", "properties": {"wikidata": "Q118315621", "name": "Q118315621", "status": "missing", "osm_id": null, "category": "cappella"}, "geometry": {"type": "Point", "coordinates": [7.417846, 45.74625]}}, {"type": "Feature", "properties": {"wikidata": "Q118315642", "name": "Q118315642", "status": "done", "osm_id": "way/143112277", "category": "chiesa"}, "geometry": {"type": "Point", "coordinates": [7.312099, 45.785282]}}, {"type": "Feature", "properties": {"wikidata": "Q118315511", "name": "Q118315511", "status": "missing", "osm_id": null, "category": "cappella"}, "geometry": {"type": "Point", "coordinates": [7.086761, 45.731056]}}, {"type": "Feature", "properties": {"wikidata": "Q118315517", "name": "Q118315517", "status": "missing", "osm_id": null, "category": "cappella"}, "geometry": {"type": "Point", "coordinates": [7.096476, 45.724694]}}, {"type": "Feature", "properties": {"wikidata": "Q118315619", "name": "Q118315619", "status": "missing", "osm_id": null, "category": "cappella"}, "geometry": {"type": "Point", "coordinates": [7.387983, 45.749833]}}, {"type": "Feature", "properties": {"wikidata": "Q118315622", "name": "Q118315622", "status": "missing", "osm_id": null, "category": "cappella"}, "geometry": {"type": "Point", "coordinates": [7.440456, 45.767653]}}, {"type": "Feature", "properties": {"wikidata": "Q112914007", "name": "Q112914007", "status": "missing", "osm_id": null, "category": "other"}, "geometry": {"type": "Point", "coordinates": [7.1554092, 45.6536266]}}, {"type": "Feature", "properties": {"wikidata": "Q112913996", "name": "Q112913996", "status": "missing", "osm_id": null, "category": "other"}, "geometry": {"type": "Point", "coordinates": [7.324594, 45.824678]}}, {"type": "Feature", "properties": {"wikidata": "Q112913985", "name": "Q112913985", "status": "missing", "osm_id": null, "category": "biblio_pubblica"}, "geometry": {"type": "Point", "coordinates": [7.62273, 45.87581]}}, {"type": "Feature", "properties": {"wikidata": "Q112913973", "name": "Q112913973", "status": "missing", "osm_id": null, "category": "other"}, "geometry": {"type": "Point", "coordinates": [7.355732, 45.608911]}}, {"type": "Feature", "properties": {"wikidata": "Q112914004", "name": "Q112914004", "status": "missing", "osm_id": null, "category": "other"}, "geometry": {"type": "Point", "coordinates": [7.2856659, 45.7200147]}}, {"type": "Feature", "properties": {"wikidata": "Q112913975", "name": "Q112913975", "status": "missing", "osm_id": null, "category": "biblio_pubblica"}, "geometry": {"type": "Point", "coordinates": [7.345227779, 45.744336388]}}, {"type": "Feature", "properties": {"wikidata": "Q112914005", "name": "Q112914005", "status": "missing", "osm_id": null, "category": "other"}, "geometry": {"type": "Point", "coordinates": [7.072384827, 45.74661273]}}, {"type": "Feature", "properties": {"wikidata": "Q112914006", "name": "Q112914006", "status": "missing", "osm_id": null, "category": "biblio_pubblica"}, "geometry": {"type": "Point", "coordinates": [7.310237008, 45.84932364]}}, {"type": "Feature", "properties": {"wikidata": "Q112913976", "name": "Q112913976", "status": "missing", "osm_id": null, "category": "biblio_pubblica"}, "geometry": {"type": "Point", "coordinates": [7.2961257, 45.7783584]}}, {"type": "Feature", "properties": {"wikidata": "Q112914009", "name": "Q112914009", "status": "missing", "osm_id": null, "category": "biblio_pubblica"}, "geometry": {"type": "Point", "coordinates": [7.3598758, 45.7670053]}}, {"type": "Feature", "properties": {"wikidata": "Q112265332", "name": "Q112265332", "status": "done", "osm_id": "node/3543965057", "category": "other"}, "geometry": {"type": "Point", "coordinates": [7.8585489, 45.66816127]}}, {"type": "Feature", "properties": {"wikidata": "Q112913965", "name": "Q112913965", "status": "missing", "osm_id": null, "category": "other"}, "geometry": {"type": "Point", "coordinates": [7.1632385, 45.702962]}}, {"type": "Feature", "properties": {"wikidata": "Q112876691", "name": "Q112876691", "status": "done", "osm_id": "way/161264861", "category": "chiesa"}, "geometry": {"type": "Point", "coordinates": [7.207511111, 45.702297222]}}, {"type": "Feature", "properties": {"wikidata": "Q110802980", "name": "Q110802980", "status": "missing", "osm_id": null, "category": "other"}, "geometry": {"type": "Point", "coordinates": [6.887061, 45.785051]}}, {"type": "Feature", "properties": {"wikidata": "Q112913983", "name": "Q112913983", "status": "missing", "osm_id": null, "category": "biblio_pubblica"}, "geometry": {"type": "Point", "coordinates": [7.3906058, 45.7457582]}}, {"type": "Feature", "properties": {"wikidata": "Q112913995", "name": "Q112913995", "status": "missing", "osm_id": null, "category": "biblio_pubblica"}, "geometry": {"type": "Point", "coordinates": [7.2134753, 45.824507]}}, {"type": "Feature", "properties": {"wikidata": "Q112913969", "name": "Q112913969", "status": "done", "osm_id": "node/1353685327", "category": "other"}, "geometry": {"type": "Point", "coordinates": [7.423842, 45.873728]}}, {"type": "Feature", "properties": {"wikidata": "Q112913974", "name": "Q112913974", "status": "done", "osm_id": "node/9931730394", "category": "biblio_pubblica"}, "geometry": {"type": "Point", "coordinates": [6.971018, 45.793221]}}, {"type": "Feature", "properties": {"wikidata": "Q112913966", "name": "Q112913966", "status": "missing", "osm_id": null, "category": "biblio_pubblica"}, "geometry": {"type": "Point", "coordinates": [7.140276, 45.7089808]}}, {"type": "Feature", "properties": {"wikidata": "Q111242992", "name": "Q111242992", "status": "done", "osm_id": "node/3287420114", "category": "other"}, "geometry": {"type": "Point", "coordinates": [7.21427014, 45.582585803]}}, {"type": "Feature", "properties": {"wikidata": "Q112914002", "name": "Q112914002", "status": "missing", "osm_id": null, "category": "biblio_pubblica"}, "geometry": {"type": "Point", "coordinates": [7.3552981, 45.7287354]}}, {"type": "Feature", "properties": {"wikidata": "Q111722205", "name": "Q111722205", "status": "missing", "osm_id": null, "category": "other"}, "geometry": {"type": "Point", "coordinates": [7.3861, 45.57111]}}, {"type": "Feature", "properties": {"wikidata": "Q112913970", "name": "Q112913970", "status": "done", "osm_id": "node/3276377278", "category": "biblio_pubblica"}, "geometry": {"type": "Point", "coordinates": [7.7303159, 45.7601868]}}, {"type": "Feature", "properties": {"wikidata": "Q112913989", "name": "Q112913989", "status": "missing", "osm_id": null, "category": "other"}, "geometry": {"type": "Point", "coordinates": [7.7949318, 45.6012522]}}, {"type": "Feature", "properties": {"wikidata": "Q112914000", "name": "Q112914000", "status": "done", "osm_id": "node/2133107007", "category": "other"}, "geometry": {"type": "Point", "coordinates": [7.258581, 45.717383]}}, {"type": "Feature", "properties": {"wikidata": "Q112913988", "name": "Q112913988", "status": "missing", "osm_id": null, "category": "other"}, "geometry": {"type": "Point", "coordinates": [7.2304814, 45.821574]}}, {"type": "Feature", "properties": {"wikidata": "Q112913979", "name": "Q112913979", "status": "missing", "osm_id": null, "category": "biblio_pubblica"}, "geometry": {"type": "Point", "coordinates": [7.68676, 45.65446]}}, {"type": "Feature", "properties": {"wikidata": "Q112913977", "name": "Q112913977", "status": "missing", "osm_id": null, "category": "biblio_pubblica"}, "geometry": {"type": "Point", "coordinates": [7.7339742, 45.6129818]}}, {"type": "Feature", "properties": {"wikidata": "Q112914011", "name": "Q112914011", "status": "missing", "osm_id": null, "category": "biblio_pubblica"}, "geometry": {"type": "Point", "coordinates": [7.555747048, 45.753081439]}}, {"type": "Feature", "properties": {"wikidata": "Q112035023", "name": "Q112035023", "status": "done", "osm_id": "way/146634414", "category": "chiesa"}, "geometry": {"type": "Point", "coordinates": [7.297438888, 45.781806388]}}, {"type": "Feature", "properties": {"wikidata": "Q112913987", "name": "Q112913987", "status": "missing", "osm_id": null, "category": "other"}, "geometry": {"type": "Point", "coordinates": [7.3510928, 45.7376109]}}, {"type": "Feature", "properties": {"wikidata": "Q112913984", "name": "Q112913984", "status": "missing", "osm_id": null, "category": "biblio_pubblica"}, "geometry": {"type": "Point", "coordinates": [7.570381813, 45.801840698]}}, {"type": "Feature", "properties": {"wikidata": "Q112913982", "name": "Q112913982", "status": "done", "osm_id": "node/12819242156", "category": "biblio_pubblica"}, "geometry": {"type": "Point", "coordinates": [7.3822574, 45.8506113]}}, {"type": "Feature", "properties": {"wikidata": "Q112913981", "name": "Q112913981", "status": "missing", "osm_id": null, "category": "biblio_pubblica"}, "geometry": {"type": "Point", "coordinates": [6.948107, 45.718035]}}, {"type": "Feature", "properties": {"wikidata": "Q112914012", "name": "Q112914012", "status": "missing", "osm_id": null, "category": "other"}, "geometry": {"type": "Point", "coordinates": [7.444773805, 45.731260824]}}, {"type": "Feature", "properties": {"wikidata": "Q111210658", "name": "Q111210658", "status": "done", "osm_id": "node/6542256787", "category": "montagna"}, "geometry": {"type": "Point", "coordinates": [7.000766, 45.821823]}}, {"type": "Feature", "properties": {"wikidata": "Q112913997", "name": "Q112913997", "status": "missing", "osm_id": null, "category": "biblio_pubblica"}, "geometry": {"type": "Point", "coordinates": [7.1649386, 45.7168593]}}, {"type": "Feature", "properties": {"wikidata": "Q110803038", "name": "Q110803038", "status": "done", "osm_id": "way/136707608", "category": "other"}, "geometry": {"type": "Point", "coordinates": [6.890387, 45.785388]}}, {"type": "Feature", "properties": {"wikidata": "Q112913972", "name": "Q112913972", "status": "missing", "osm_id": null, "category": "biblio_pubblica"}, "geometry": {"type": "Point", "coordinates": [7.620673, 45.6242351]}}, {"type": "Feature", "properties": {"wikidata": "Q112913967", "name": "Q112913967", "status": "missing", "osm_id": null, "category": "biblio_pubblica"}, "geometry": {"type": "Point", "coordinates": [7.6883929, 45.8176838]}}, {"type": "Feature", "properties": {"wikidata": "Q112845080", "name": "Q112845080", "status": "done", "osm_id": "way/189184533", "category": "chiesa"}, "geometry": {"type": "Point", "coordinates": [7.211455555, 45.702272222]}}, {"type": "Feature", "properties": {"wikidata": "Q112913998", "name": "Q112913998", "status": "missing", "osm_id": null, "category": "biblio_pubblica"}, "geometry": {"type": "Point", "coordinates": [7.1831082, 45.8237525]}}, {"type": "Feature", "properties": {"wikidata": "Q111132479", "name": "Q111132479", "status": "done", "osm_id": "way/348237714", "category": "chiesa"}, "geometry": {"type": "Point", "coordinates": [7.858453, 45.646694]}}, {"type": "Feature", "properties": {"wikidata": "Q112914003", "name": "Q112914003", "status": "missing", "osm_id": null, "category": "biblio_pubblica"}, "geometry": {"type": "Point", "coordinates": [7.3262777, 45.7211111]}}, {"type": "Feature", "properties": {"wikidata": "Q112913980", "name": "Q112913980", "status": "missing", "osm_id": null, "category": "biblio_pubblica"}, "geometry": {"type": "Point", "coordinates": [7.6183016, 45.8113842]}}, {"type": "Feature", "properties": {"wikidata": "Q111974624", "name": "Q111974624", "status": "done", "osm_id": "way/130733210", "category": "cappella"}, "geometry": {"type": "Point", "coordinates": [7.429496702, 45.59803528]}}, {"type": "Feature", "properties": {"wikidata": "Q112913978", "name": "Q112913978", "status": "missing", "osm_id": null, "category": "biblio_pubblica"}, "geometry": {"type": "Point", "coordinates": [7.1825525, 45.692663]}}, {"type": "Feature", "properties": {"wikidata": "Q112913968", "name": "Q112913968", "status": "missing", "osm_id": null, "category": "biblio_pubblica"}, "geometry": {"type": "Point", "coordinates": [7.2411064, 45.7015097]}}, {"type": "Feature", "properties": {"wikidata": "Q112913994", "name": "Q112913994", "status": "missing", "osm_id": null, "category": "biblio_pubblica"}, "geometry": {"type": "Point", "coordinates": [7.6463735, 45.750477]}}, {"type": "Feature", "properties": {"wikidata": "Q112913986", "name": "Q112913986", "status": "done", "osm_id": "way/112291168", "category": "biblio_pubblica"}, "geometry": {"type": "Point", "coordinates": [7.2968385, 45.7340245]}}, {"type": "Feature", "properties": {"wikidata": "Q112913992", "name": "Q112913992", "status": "missing", "osm_id": null, "category": "biblio_pubblica"}, "geometry": {"type": "Point", "coordinates": [7.226922, 45.711667]}}, {"type": "Feature", "properties": {"wikidata": "Q112913999", "name": "Q112913999", "status": "missing", "osm_id": null, "category": "biblio_pubblica"}, "geometry": {"type": "Point", "coordinates": [7.591058, 45.8061911]}}, {"type": "Feature", "properties": {"wikidata": "Q112913971", "name": "Q112913971", "status": "missing", "osm_id": null, "category": "biblio_pubblica"}, "geometry": {"type": "Point", "coordinates": [7.6657839, 45.6844528]}}, {"type": "Feature", "properties": {"wikidata": "Q112913991", "name": "Q112913991", "status": "done", "osm_id": "node/13477810040", "category": "biblio_pubblica"}, "geometry": {"type": "Point", "coordinates": [6.98725, 45.763555555]}}, {"type": "Feature", "properties": {"wikidata": "Q111918357", "name": "Q111918357", "status": "missing", "osm_id": null, "category": "other"}, "geometry": {"type": "Point", "coordinates": [7.74364, 45.8911]}}, {"type": "Feature", "properties": {"wikidata": "Q111974593", "name": "Q111974593", "status": "done", "osm_id": "way/676228530", "category": "cappella"}, "geometry": {"type": "Point", "coordinates": [7.42823, 45.73013]}}, {"type": "Feature", "properties": {"wikidata": "Q111802408", "name": "Q111802408", "status": "done", "osm_id": "node/9897665465", "category": "other"}, "geometry": {"type": "Point", "coordinates": [7.3181672, 45.7432234]}}, {"type": "Feature", "properties": {"wikidata": "Q133520339", "name": "Q133520339", "status": "done", "osm_id": "node/7241034719", "category": "other"}, "geometry": {"type": "Point", "coordinates": [7.046047, 45.477933]}}, {"type": "Feature", "properties": {"wikidata": "Q135226165", "name": "Q135226165", "status": "missing", "osm_id": null, "category": "other"}, "geometry": {"type": "Point", "coordinates": [7.329125, 45.737983]}}, {"type": "Feature", "properties": {"wikidata": "Q134623243", "name": "Q134623243", "status": "done", "osm_id": "node/13468588567", "category": "palazzo_comunale"}, "geometry": {"type": "Point", "coordinates": [7.4237338, 45.8736863]}}, {"type": "Feature", "properties": {"wikidata": "Q134623222", "name": "Q134623222", "status": "done", "osm_id": "node/2900610797", "category": "palazzo_comunale"}, "geometry": {"type": "Point", "coordinates": [7.2749472, 45.7139755]}}, {"type": "Feature", "properties": {"wikidata": "Q131919067", "name": "Q131919067", "status": "done", "osm_id": "node/774087039", "category": "other"}, "geometry": {"type": "Point", "coordinates": [7.718571, 45.727983]}}, {"type": "Feature", "properties": {"wikidata": "Q132180698", "name": "Q132180698", "status": "missing", "osm_id": null, "category": "other"}, "geometry": {"type": "Point", "coordinates": [7.645696155, 45.82452112]}}, {"type": "Feature", "properties": {"wikidata": "Q134623227", "name": "Q134623227", "status": "done", "osm_id": "way/172691404", "category": "palazzo_comunale"}, "geometry": {"type": "Point", "coordinates": [7.5704222, 45.8015344]}}, {"type": "Feature", "properties": {"wikidata": "Q134623254", "name": "Q134623254", "status": "done", "osm_id": "node/1424104332", "category": "palazzo_comunale"}, "geometry": {"type": "Point", "coordinates": [7.2082775, 45.5921228]}}, {"type": "Feature", "properties": {"wikidata": "Q134623244", "name": "Q134623244", "status": "done", "osm_id": "node/13468909826", "category": "palazzo_comunale"}, "geometry": {"type": "Point", "coordinates": [7.3820299, 45.8507838]}}, {"type": "Feature", "properties": {"wikidata": "Q131296309", "name": "Q131296309", "status": "done", "osm_id": "node/8269957474", "category": "other"}, "geometry": {"type": "Point", "coordinates": [6.991025, 45.553942]}}, {"type": "Feature", "properties": {"wikidata": "Q134623255", "name": "Q134623255", "status": "done", "osm_id": "node/1255464339", "category": "palazzo_comunale"}, "geometry": {"type": "Point", "coordinates": [7.6202315, 45.8381168]}}, {"type": "Feature", "properties": {"wikidata": "Q134626143", "name": "Q134626143", "status": "done", "osm_id": "way/159990530", "category": "palazzo_comunale"}, "geometry": {"type": "Point", "coordinates": [7.6742043, 45.7042207]}}, {"type": "Feature", "properties": {"wikidata": "Q134626146", "name": "Q134626146", "status": "done", "osm_id": "node/13468874227", "category": "palazzo_comunale"}, "geometry": {"type": "Point", "coordinates": [7.3558877, 45.6081362]}}, {"type": "Feature", "properties": {"wikidata": "Q134623211", "name": "Q134623211", "status": "done", "osm_id": "node/1836229456", "category": "palazzo_comunale"}, "geometry": {"type": "Point", "coordinates": [7.2574769, 45.7179622]}}, {"type": "Feature", "properties": {"wikidata": "Q131334061", "name": "Q131334061", "status": "done", "osm_id": "node/13467936291", "category": "other"}, "geometry": {"type": "Point", "coordinates": [6.940185, 45.648103]}}, {"type": "Feature", "properties": {"wikidata": "Q131302898", "name": "Q131302898", "status": "missing", "osm_id": null, "category": "other"}, "geometry": {"type": "Point", "coordinates": [6.990457, 45.556016]}}, {"type": "Feature", "properties": {"wikidata": "Q134623237", "name": "Q134623237", "status": "done", "osm_id": "node/1920776487", "category": "palazzo_comunale"}, "geometry": {"type": "Point", "coordinates": [7.6208526, 45.6244777]}}, {"type": "Feature", "properties": {"wikidata": "Q131296348", "name": "Q131296348", "status": "done", "osm_id": "node/1490713552", "category": "other"}, "geometry": {"type": "Point", "coordinates": [6.995264, 45.575651]}}, {"type": "Feature", "properties": {"wikidata": "Q132892471", "name": "Q132892471", "status": "done", "osm_id": "node/7274427712", "category": "other"}, "geometry": {"type": "Point", "coordinates": [7.020082, 45.915456]}}, {"type": "Feature", "properties": {"wikidata": "Q134623239", "name": "Q134623239", "status": "done", "osm_id": "way/145313959", "category": "palazzo_comunale"}, "geometry": {"type": "Point", "coordinates": [7.1784885, 45.8214434]}}, {"type": "Feature", "properties": {"wikidata": "Q134626155", "name": "Q134626155", "status": "done", "osm_id": "way/133996871", "category": "palazzo_comunale"}, "geometry": {"type": "Point", "coordinates": [7.1693371, 45.7035688]}}, {"type": "Feature", "properties": {"wikidata": "Q134626156", "name": "Q134626156", "status": "done", "osm_id": "way/152335095", "category": "palazzo_comunale"}, "geometry": {"type": "Point", "coordinates": [6.9490805, 45.716845]}}, {"type": "Feature", "properties": {"wikidata": "Q134626157", "name": "Q134626157", "status": "done", "osm_id": "way/165238913", "category": "palazzo_comunale"}, "geometry": {"type": "Point", "coordinates": [7.5913695, 45.7379143]}}, {"type": "Feature", "properties": {"wikidata": "Q134623252", "name": "Q134623252", "status": "done", "osm_id": "node/13468546164", "category": "palazzo_comunale"}, "geometry": {"type": "Point", "coordinates": [7.3100036, 45.8496964]}}, {"type": "Feature", "properties": {"wikidata": "Q132166772", "name": "Q132166772", "status": "done", "osm_id": "way/112844120", "category": "other"}, "geometry": {"type": "Point", "coordinates": [7.0615, 45.5088]}}, {"type": "Feature", "properties": {"wikidata": "Q134623223", "name": "Q134623223", "status": "done", "osm_id": "node/1982616990", "category": "palazzo_comunale"}, "geometry": {"type": "Point", "coordinates": [7.1872673, 45.6915645]}}, {"type": "Feature", "properties": {"wikidata": "Q134626142", "name": "Q134626142", "status": "done", "osm_id": "node/6715607019", "category": "palazzo_comunale"}, "geometry": {"type": "Point", "coordinates": [7.0360332, 45.7570303]}}, {"type": "Feature", "properties": {"wikidata": "Q134626145", "name": "Q134626145", "status": "done", "osm_id": "node/2564496329", "category": "palazzo_comunale"}, "geometry": {"type": "Point", "coordinates": [7.3570761, 45.7281624]}}, {"type": "Feature", "properties": {"wikidata": "Q134623258", "name": "Q134623258", "status": "done", "osm_id": "node/3306709162", "category": "palazzo_comunale"}, "geometry": {"type": "Point", "coordinates": [7.1185103, 45.5697024]}}, {"type": "Feature", "properties": {"wikidata": "Q134623228", "name": "Q134623228", "status": "done", "osm_id": "node/1274321332", "category": "palazzo_comunale"}, "geometry": {"type": "Point", "coordinates": [7.7064148, 45.6897357]}}, {"type": "Feature", "properties": {"wikidata": "Q134623217", "name": "Q134623217", "status": "done", "osm_id": "way/165089860", "category": "palazzo_comunale"}, "geometry": {"type": "Point", "coordinates": [7.4943072, 45.7361205]}}, {"type": "Feature", "properties": {"wikidata": "Q134626144", "name": "Q134626144", "status": "done", "osm_id": "node/13468888251", "category": "palazzo_comunale"}, "geometry": {"type": "Point", "coordinates": [7.2961907, 45.778254]}}, {"type": "Feature", "properties": {"wikidata": "Q134626149", "name": "Q134626149", "status": "done", "osm_id": "way/738719190", "category": "palazzo_comunale"}, "geometry": {"type": "Point", "coordinates": [7.532348, 45.7617078]}}, {"type": "Feature", "properties": {"wikidata": "Q132168313", "name": "Q132168313", "status": "done", "osm_id": "node/2783067426", "category": "other"}, "geometry": {"type": "Point", "coordinates": [7.049638, 45.485139]}}, {"type": "Feature", "properties": {"wikidata": "Q134623242", "name": "Q134623242", "status": "done", "osm_id": "node/3860951592", "category": "palazzo_comunale"}, "geometry": {"type": "Point", "coordinates": [7.7004849, 45.7246823]}}, {"type": "Feature", "properties": {"wikidata": "Q132246244", "name": "Q132246244", "status": "done", "osm_id": "node/307195522", "category": "other"}, "geometry": {"type": "Point", "coordinates": [6.997677, 45.872955]}}, {"type": "Feature", "properties": {"wikidata": "Q134623216", "name": "Q134623216", "status": "done", "osm_id": "way/160975022", "category": "palazzo_comunale"}, "geometry": {"type": "Point", "coordinates": [6.9721877, 45.7930846]}}, {"type": "Feature", "properties": {"wikidata": "Q134626152", "name": "Q134626152", "status": "done", "osm_id": "node/13468901829", "category": "palazzo_comunale"}, "geometry": {"type": "Point", "coordinates": [7.3105478, 45.7843232]}}, {"type": "Feature", "properties": {"wikidata": "Q134623218", "name": "Q134623218", "status": "done", "osm_id": "node/13468615664", "category": "palazzo_comunale"}, "geometry": {"type": "Point", "coordinates": [7.6865439, 45.8115349]}}, {"type": "Feature", "properties": {"wikidata": "Q134626138", "name": "Q134626138", "status": "done", "osm_id": "node/2538299073", "category": "palazzo_comunale"}, "geometry": {"type": "Point", "coordinates": [7.7674732, 45.6034624]}}, {"type": "Feature", "properties": {"wikidata": "Q134626148", "name": "Q134626148", "status": "done", "osm_id": "node/2648773373", "category": "palazzo_comunale"}, "geometry": {"type": "Point", "coordinates": [7.6843547, 45.6537944]}}, {"type": "Feature", "properties": {"wikidata": "Q135486615", "name": "Q135486615", "status": "missing", "osm_id": null, "category": "palazzo_comunale"}, "geometry": {"type": "Point", "coordinates": [7.736542, 45.716407]}}, {"type": "Feature", "properties": {"wikidata": "Q134623233", "name": "Q134623233", "status": "done", "osm_id": "node/13468862523", "category": "palazzo_comunale"}, "geometry": {"type": "Point", "coordinates": [7.845102, 45.6327097]}}, {"type": "Feature", "properties": {"wikidata": "Q134623256", "name": "Q134623256", "status": "done", "osm_id": "node/1746633415", "category": "palazzo_comunale"}, "geometry": {"type": "Point", "coordinates": [7.7465014, 45.6076614]}}, {"type": "Feature", "properties": {"wikidata": "Q134623238", "name": "Q134623238", "status": "done", "osm_id": "way/164765145", "category": "palazzo_comunale"}, "geometry": {"type": "Point", "coordinates": [7.5571878, 45.7521444]}}, {"type": "Feature", "properties": {"wikidata": "Q134626139", "name": "Q134626139", "status": "done", "osm_id": "node/9970431674", "category": "palazzo_comunale"}, "geometry": {"type": "Point", "coordinates": [7.325443, 45.72041]}}, {"type": "Feature", "properties": {"wikidata": "Q135222074", "name": "Q135222074", "status": "done", "osm_id": "node/1499952918", "category": "insediamento"}, "geometry": {"type": "Point", "coordinates": [6.903845071, 45.786858598]}}, {"type": "Feature", "properties": {"wikidata": "Q132190365", "name": "Q132190365", "status": "done", "osm_id": "way/42263647", "category": "other"}, "geometry": {"type": "Point", "coordinates": [7.025449, 45.506833]}}, {"type": "Feature", "properties": {"wikidata": "Q134626154", "name": "Q134626154", "status": "done", "osm_id": "node/2526692737", "category": "palazzo_comunale"}, "geometry": {"type": "Point", "coordinates": [7.4026739, 45.7274295]}}, {"type": "Feature", "properties": {"wikidata": "Q134623221", "name": "Q134623221", "status": "done", "osm_id": "way/452890735", "category": "palazzo_comunale"}, "geometry": {"type": "Point", "coordinates": [7.6577983, 45.6857871]}}, {"type": "Feature", "properties": {"wikidata": "Q134623251", "name": "Q134623251", "status": "done", "osm_id": "node/4708518494", "category": "palazzo_comunale"}, "geometry": {"type": "Point", "coordinates": [7.6876053, 45.6064398]}}, {"type": "Feature", "properties": {"wikidata": "Q134623225", "name": "Q134623225", "status": "done", "osm_id": "node/4397707725", "category": "palazzo_comunale"}, "geometry": {"type": "Point", "coordinates": [7.3254132, 45.8256284]}}, {"type": "Feature", "properties": {"wikidata": "Q135275937", "name": "Q135275937", "status": "missing", "osm_id": null, "category": "palazzo_comunale"}, "geometry": {"type": "Point", "coordinates": [7.5499201, 45.7443693]}}, {"type": "Feature", "properties": {"wikidata": "Q134379219", "name": "Q134379219", "status": "done", "osm_id": "way/64575848", "category": "other"}, "geometry": {"type": "Point", "coordinates": [7.91486, 45.643]}}, {"type": "Feature", "properties": {"wikidata": "Q134623212", "name": "Q134623212", "status": "done", "osm_id": "way/164213454", "category": "palazzo_comunale"}, "geometry": {"type": "Point", "coordinates": [7.4155879, 45.7406914]}}, {"type": "Feature", "properties": {"wikidata": "Q134623219", "name": "Q134623219", "status": "done", "osm_id": "way/161265133", "category": "palazzo_comunale"}, "geometry": {"type": "Point", "coordinates": [7.2077333, 45.702756]}}, {"type": "Feature", "properties": {"wikidata": "Q134623215", "name": "Q134623215", "status": "done", "osm_id": "node/1281352533", "category": "palazzo_comunale"}, "geometry": {"type": "Point", "coordinates": [7.4668714, 45.7392312]}}, {"type": "Feature", "properties": {"wikidata": "Q134626151", "name": "Q134626151", "status": "done", "osm_id": "node/1748737297", "category": "palazzo_comunale"}, "geometry": {"type": "Point", "coordinates": [7.7356984, 45.6119021]}}, {"type": "Feature", "properties": {"wikidata": "Q135281437", "name": "Q135281437", "status": "missing", "osm_id": null, "category": "edificio"}, "geometry": {"type": "Point", "coordinates": [7.8256307, 45.7781306]}}, {"type": "Feature", "properties": {"wikidata": "Q134623220", "name": "Q134623220", "status": "done", "osm_id": "node/13468640630", "category": "palazzo_comunale"}, "geometry": {"type": "Point", "coordinates": [7.7326845, 45.7586637]}}, {"type": "Feature", "properties": {"wikidata": "Q131413552", "name": "Q131413552", "status": "done", "osm_id": "node/3859704618", "category": "other"}, "geometry": {"type": "Point", "coordinates": [6.896203, 45.807064]}}, {"type": "Feature", "properties": {"wikidata": "Q134626150", "name": "Q134626150", "status": "done", "osm_id": "node/3583832842", "category": "palazzo_comunale"}, "geometry": {"type": "Point", "coordinates": [7.7213323, 45.6449713]}}, {"type": "Feature", "properties": {"wikidata": "Q132246591", "name": "Q132246591", "status": "done", "osm_id": "node/503688811", "category": "other"}, "geometry": {"type": "Point", "coordinates": [6.998601, 45.87864]}}, {"type": "Feature", "properties": {"wikidata": "Q134623232", "name": "Q134623232", "status": "done", "osm_id": "node/3561510712", "category": "palazzo_comunale"}, "geometry": {"type": "Point", "coordinates": [7.8086262, 45.6130852]}}, {"type": "Feature", "properties": {"wikidata": "Q134623234", "name": "Q134623234", "status": "done", "osm_id": "node/13468863938", "category": "palazzo_comunale"}, "geometry": {"type": "Point", "coordinates": [7.8823039, 45.7128759]}}, {"type": "Feature", "properties": {"wikidata": "Q134623236", "name": "Q134623236", "status": "done", "osm_id": "node/13468866536", "category": "palazzo_comunale"}, "geometry": {"type": "Point", "coordinates": [7.8542342, 45.685472]}}, {"type": "Feature", "properties": {"wikidata": "Q134623253", "name": "Q134623253", "status": "done", "osm_id": "node/2648888431", "category": "palazzo_comunale"}, "geometry": {"type": "Point", "coordinates": [7.1551408, 45.6553045]}}, {"type": "Feature", "properties": {"wikidata": "Q134623257", "name": "Q134623257", "status": "done", "osm_id": "way/169341058", "category": "palazzo_comunale"}, "geometry": {"type": "Point", "coordinates": [7.6191169, 45.8108108]}}, {"type": "Feature", "properties": {"wikidata": "Q133279701", "name": "Q133279701", "status": "done", "osm_id": "node/2783712492", "category": "other"}, "geometry": {"type": "Point", "coordinates": [7.080638, 45.472656]}}, {"type": "Feature", "properties": {"wikidata": "Q134623231", "name": "Q134623231", "status": "done", "osm_id": "node/13468568276", "category": "palazzo_comunale"}, "geometry": {"type": "Point", "coordinates": [7.2329814, 45.8196856]}}, {"type": "Feature", "properties": {"wikidata": "Q131919170", "name": "Q131919170", "status": "done", "osm_id": "node/2620278718", "category": "other"}, "geometry": {"type": "Point", "coordinates": [7.568355, 45.785962]}}, {"type": "Feature", "properties": {"wikidata": "Q134626140", "name": "Q134626140", "status": "done", "osm_id": "node/13468596216", "category": "palazzo_comunale"}, "geometry": {"type": "Point", "coordinates": [7.6227749, 45.8771129]}}, {"type": "Feature", "properties": {"wikidata": "Q132246952", "name": "Q132246952", "status": "done", "osm_id": "node/7274424291", "category": "other"}, "geometry": {"type": "Point", "coordinates": [6.999138, 45.873868]}}, {"type": "Feature", "properties": {"wikidata": "Q134626153", "name": "Q134626153", "status": "done", "osm_id": "node/1967939811", "category": "palazzo_comunale"}, "geometry": {"type": "Point", "coordinates": [6.9858683, 45.7640849]}}, {"type": "Feature", "properties": {"wikidata": "Q134626137", "name": "Q134626137", "status": "done", "osm_id": "node/1349226699", "category": "palazzo_comunale"}, "geometry": {"type": "Point", "coordinates": [7.6899303, 45.6687078]}}, {"type": "Feature", "properties": {"wikidata": "Q134623213", "name": "Q134623213", "status": "done", "osm_id": "node/13446520113", "category": "palazzo_comunale"}, "geometry": {"type": "Point", "coordinates": [7.3578228, 45.7483424]}}, {"type": "Feature", "properties": {"wikidata": "Q134623240", "name": "Q134623240", "status": "done", "osm_id": "node/5760731757", "category": "palazzo_comunale"}, "geometry": {"type": "Point", "coordinates": [7.1680064, 45.7166283]}}, {"type": "Feature", "properties": {"wikidata": "Q134623214", "name": "Q134623214", "status": "done", "osm_id": "way/161609017", "category": "palazzo_comunale"}, "geometry": {"type": "Point", "coordinates": [7.2260311, 45.7104942]}}, {"type": "Feature", "properties": {"wikidata": "Q134623248", "name": "Q134623248", "status": "done", "osm_id": "node/1313040075", "category": "palazzo_comunale"}, "geometry": {"type": "Point", "coordinates": [7.0646916, 45.6303866]}}, {"type": "Feature", "properties": {"wikidata": "Q135275936", "name": "Q135275936", "status": "done", "osm_id": "way/187668281", "category": "palazzo_comunale"}, "geometry": {"type": "Point", "coordinates": [7.1412649, 45.7088965]}}, {"type": "Feature", "properties": {"wikidata": "Q133688247", "name": "Q133688247", "status": "done", "osm_id": "node/1613411249", "category": "insediamento"}, "geometry": {"type": "Point", "coordinates": [6.92331, 45.805286]}}, {"type": "Feature", "properties": {"wikidata": "Q134626135", "name": "Q134626135", "status": "done", "osm_id": "node/3361760944", "category": "palazzo_comunale"}, "geometry": {"type": "Point", "coordinates": [7.797743, 45.5997905]}}, {"type": "Feature", "properties": {"wikidata": "Q134626136", "name": "Q134626136", "status": "done", "osm_id": "way/161821240", "category": "palazzo_comunale"}, "geometry": {"type": "Point", "coordinates": [7.2894116, 45.7216154]}}, {"type": "Feature", "properties": {"wikidata": "Q134623247", "name": "Q134623247", "status": "done", "osm_id": "node/2406127202", "category": "palazzo_comunale"}, "geometry": {"type": "Point", "coordinates": [7.2125301, 45.824497]}}, {"type": "Feature", "properties": {"wikidata": "Q134623241", "name": "Q134623241", "status": "done", "osm_id": "node/13468643681", "category": "palazzo_comunale"}, "geometry": {"type": "Point", "coordinates": [7.8232001, 45.8272561]}}, {"type": "Feature", "properties": {"wikidata": "Q134626147", "name": "Q134626147", "status": "done", "osm_id": "way/343169663", "category": "palazzo_comunale"}, "geometry": {"type": "Point", "coordinates": [7.4445355, 45.7311944]}}, {"type": "Feature", "properties": {"wikidata": "Q134626141", "name": "Q134626141", "status": "done", "osm_id": "node/1988134634", "category": "palazzo_comunale"}, "geometry": {"type": "Point", "coordinates": [7.2405748, 45.7013724]}}, {"type": "Feature", "properties": {"wikidata": "Q131522055", "name": "Q131522055", "status": "missing", "osm_id": null, "category": "other"}, "geometry": {"type": "Point", "coordinates": [7.717486714, 45.635614341]}}, {"type": "Feature", "properties": {"wikidata": "Q134623230", "name": "Q134623230", "status": "done", "osm_id": "node/13468881131", "category": "palazzo_comunale"}, "geometry": {"type": "Point", "coordinates": [7.3064438, 45.8186971]}}, {"type": "Feature", "properties": {"wikidata": "Q132774321", "name": "Q132774321", "status": "missing", "osm_id": null, "category": "other"}, "geometry": {"type": "Point", "coordinates": [7.341423, 45.683187]}}, {"type": "Feature", "properties": {"wikidata": "Q133444267", "name": "Q133444267", "status": "missing", "osm_id": null, "category": "other"}, "geometry": {"type": "Point", "coordinates": [7.315937089, 45.738513169]}}, {"type": "Feature", "properties": {"wikidata": "Q134623245", "name": "Q134623245", "status": "done", "osm_id": "node/13468552334", "category": "palazzo_comunale"}, "geometry": {"type": "Point", "coordinates": [7.2718777, 45.8084475]}}, {"type": "Feature", "properties": {"wikidata": "Q134623235", "name": "Q134623235", "status": "done", "osm_id": "node/13468865754", "category": "palazzo_comunale"}, "geometry": {"type": "Point", "coordinates": [7.8609115, 45.6489554]}}, {"type": "Feature", "properties": {"wikidata": "Q131296332", "name": "Q131296332", "status": "done", "osm_id": "node/2415780271", "category": "other"}, "geometry": {"type": "Point", "coordinates": [6.993894, 45.565774]}}, {"type": "Feature", "properties": {"wikidata": "Q132892635", "name": "Q132892635", "status": "done", "osm_id": "node/7274427713", "category": "other"}, "geometry": {"type": "Point", "coordinates": [7.018301, 45.914277]}}, {"type": "Feature", "properties": {"wikidata": "Q132201306", "name": "Q132201306", "status": "done", "osm_id": "node/967035596", "category": "other"}, "geometry": {"type": "Point", "coordinates": [7.055312, 45.487612]}}, {"type": "Feature", "properties": {"wikidata": "Q134623229", "name": "Q134623229", "status": "done", "osm_id": "way/152807537", "category": "palazzo_comunale"}, "geometry": {"type": "Point", "coordinates": [7.5932425, 45.8049877]}}, {"type": "Feature", "properties": {"wikidata": "Q131322561", "name": "Q131322561", "status": "done", "osm_id": "node/2415780266", "category": "other"}, "geometry": {"type": "Point", "coordinates": [6.979693, 45.597149]}}, {"type": "Feature", "properties": {"wikidata": "Q34947", "name": "Q34947", "status": "done", "osm_id": "relation/45363", "category": "other"}, "geometry": {"type": "Point", "coordinates": [7.616666666, 45.616666666]}}, {"type": "Feature", "properties": {"wikidata": "Q35033", "name": "Q35033", "status": "done", "osm_id": "relation/2202527", "category": "other"}, "geometry": {"type": "Point", "coordinates": [7.7, 45.716666666]}}, {"type": "Feature", "properties": {"wikidata": "Q34924", "name": "Q34924", "status": "done", "osm_id": "relation/2202525", "category": "other"}, "geometry": {"type": "Point", "coordinates": [7.616666666, 45.833333333]}}, {"type": "Feature", "properties": {"wikidata": "Q35039", "name": "Q35039", "status": "done", "osm_id": "relation/45569", "category": "other"}, "geometry": {"type": "Point", "coordinates": [7.4943705, 45.7360127]}}, {"type": "Feature", "properties": {"wikidata": "Q35036", "name": "Q35036", "status": "done", "osm_id": "relation/46197", "category": "other"}, "geometry": {"type": "Point", "coordinates": [7.2304, 45.8215]}}, {"type": "Feature", "properties": {"wikidata": "Q1222", "name": "Q1222", "status": "done", "osm_id": "relation/45155", "category": "other"}, "geometry": {"type": "Point", "coordinates": [7.366666666, 45.716666666]}}, {"type": "Feature", "properties": {"wikidata": "Q583", "name": "Q583", "status": "done", "osm_id": "node/281399025", "category": "other"}, "geometry": {"type": "Point", "coordinates": [6.865, 45.832777777]}}, {"type": "Feature", "properties": {"wikidata": "Q24777", "name": "Q24777", "status": "done", "osm_id": "relation/9678362", "category": "other"}, "geometry": {"type": "Point", "coordinates": [6.966666666, 45.783333333]}}, {"type": "Feature", "properties": {"wikidata": "Q29706", "name": "Q29706", "status": "done", "osm_id": "way/165261857", "category": "other"}, "geometry": {"type": "Point", "coordinates": [7.601297, 45.745339]}}, {"type": "Feature", "properties": {"wikidata": "Q30541", "name": "Q30541", "status": "done", "osm_id": "node/7164832145", "category": "montagna"}, "geometry": {"type": "Point", "coordinates": [6.951666666, 45.861944444]}}, {"type": "Feature", "properties": {"wikidata": "Q30453", "name": "Q30453", "status": "done", "osm_id": "relation/6656356", "category": "montagna"}, "geometry": {"type": "Point", "coordinates": [6.988918, 45.868081]}}, {"type": "Feature", "properties": {"wikidata": "Q34871", "name": "Q34871", "status": "done", "osm_id": "relation/2202523", "category": "other"}, "geometry": {"type": "Point", "coordinates": [7.733333333, 45.766666666]}}, {"type": "Feature", "properties": {"wikidata": "Q30485", "name": "Q30485", "status": "done", "osm_id": "node/364072387", "category": "montagna"}, "geometry": {"type": "Point", "coordinates": [7.78333, 45.93333]}}, {"type": "Feature", "properties": {"wikidata": "Q136377008", "name": "Q136377008", "status": "done", "osm_id": "node/503688821", "category": "other"}, "geometry": {"type": "Point", "coordinates": [6.941037, 45.851303]}}, {"type": "Feature", "properties": {"wikidata": "Q1373", "name": "Q1373", "status": "done", "osm_id": "node/26863477", "category": "montagna"}, "geometry": {"type": "Point", "coordinates": [7.264444444, 45.596666666]}}, {"type": "Feature", "properties": {"wikidata": "Q136262113", "name": "Q136262113", "status": "missing", "osm_id": null, "category": "other"}, "geometry": {"type": "Point", "coordinates": [6.831041, 45.757907]}}, {"type": "Feature", "properties": {"wikidata": "Q136367571", "name": "Q136367571", "status": "done", "osm_id": "way/244229462", "category": "other"}, "geometry": {"type": "Point", "coordinates": [6.821221, 45.735306]}}, {"type": "Feature", "properties": {"wikidata": "Q136367780", "name": "Q136367780", "status": "done", "osm_id": "node/13467936287", "category": "other"}, "geometry": {"type": "Point", "coordinates": [6.830011, 45.794642]}}, {"type": "Feature", "properties": {"wikidata": "Q34908", "name": "Q34908", "status": "done", "osm_id": "relation/45768", "category": "other"}, "geometry": {"type": "Point", "coordinates": [7.549854, 45.7445264]}}, {"type": "Feature", "properties": {"wikidata": "Q35002", "name": "Q35002", "status": "done", "osm_id": "relation/46163", "category": "other"}, "geometry": {"type": "Point", "coordinates": [7.3, 45.816666666]}}, {"type": "Feature", "properties": {"wikidata": "Q136375907", "name": "Q136375907", "status": "done", "osm_id": "node/13467931334", "category": "other"}, "geometry": {"type": "Point", "coordinates": [6.828247, 45.831381]}}, {"type": "Feature", "properties": {"wikidata": "Q34900", "name": "Q34900", "status": "done", "osm_id": "relation/2202524", "category": "other"}, "geometry": {"type": "Point", "coordinates": [7.733333333, 45.716666666]}}, {"type": "Feature", "properties": {"wikidata": "Q30488", "name": "Q30488", "status": "done", "osm_id": "node/808544029", "category": "montagna"}, "geometry": {"type": "Point", "coordinates": [6.865, 45.8175]}}, {"type": "Feature", "properties": {"wikidata": "Q136378753", "name": "Q136378753", "status": "missing", "osm_id": null, "category": "other"}, "geometry": {"type": "Point", "coordinates": [6.921325, 45.846758]}}, {"type": "Feature", "properties": {"wikidata": "Q35093", "name": "Q35093", "status": "done", "osm_id": "relation/45635", "category": "other"}, "geometry": {"type": "Point", "coordinates": [7.187622222, 45.689966666]}}, {"type": "Feature", "properties": {"wikidata": "Q34927", "name": "Q34927", "status": "done", "osm_id": "relation/45612", "category": "other"}, "geometry": {"type": "Point", "coordinates": [7.65, 45.683333333]}}, {"type": "Feature", "properties": {"wikidata": "Q35070", "name": "Q35070", "status": "done", "osm_id": "relation/45654", "category": "other"}, "geometry": {"type": "Point", "coordinates": [7.283333333, 45.716666666]}}, {"type": "Feature", "properties": {"wikidata": "Q34758", "name": "Q34758", "status": "done", "osm_id": "relation/45709", "category": "other"}, "geometry": {"type": "Point", "coordinates": [7.1405, 45.7087]}}, {"type": "Feature", "properties": {"wikidata": "Q34904", "name": "Q34904", "status": "done", "osm_id": "relation/45702", "category": "other"}, "geometry": {"type": "Point", "coordinates": [7.7, 45.683333333]}}, {"type": "Feature", "properties": {"wikidata": "Q30429", "name": "Q30429", "status": "done", "osm_id": "node/361367417", "category": "montagna"}, "geometry": {"type": "Point", "coordinates": [7.862, 45.9149]}}, {"type": "Feature", "properties": {"wikidata": "Q136262090", "name": "Q136262090", "status": "missing", "osm_id": null, "category": "other"}, "geometry": {"type": "Point", "coordinates": [6.813638, 45.742659]}}, {"type": "Feature", "properties": {"wikidata": "Q34759", "name": "Q34759", "status": "done", "osm_id": "relation/45620", "category": "other"}, "geometry": {"type": "Point", "coordinates": [7.166666666, 45.703055555]}}, {"type": "Feature", "properties": {"wikidata": "Q34864", "name": "Q34864", "status": "done", "osm_id": "relation/45689", "category": "other"}, "geometry": {"type": "Point", "coordinates": [7.4, 45.733333333]}}, {"type": "Feature", "properties": {"wikidata": "Q136334402", "name": "Q136334402", "status": "done", "osm_id": "way/42239035", "category": "other"}, "geometry": {"type": "Point", "coordinates": [6.994998, 45.550912]}}, {"type": "Feature", "properties": {"wikidata": "Q30395", "name": "Q30395", "status": "done", "osm_id": "node/7164818567", "category": "other"}, "geometry": {"type": "Point", "coordinates": [6.8696737, 45.8283806]}}, {"type": "Feature", "properties": {"wikidata": "Q24759", "name": "Q24759", "status": "done", "osm_id": "node/1456229019", "category": "other"}, "geometry": {"type": "Point", "coordinates": [7.0778615, 45.8890289]}}, {"type": "Feature", "properties": {"wikidata": "Q34993", "name": "Q34993", "status": "done", "osm_id": "relation/46039", "category": "other"}, "geometry": {"type": "Point", "coordinates": [6.966666666, 45.783333333]}}, {"type": "Feature", "properties": {"wikidata": "Q135943085", "name": "Q135943085", "status": "done", "osm_id": "way/165238969", "category": "chiesa"}, "geometry": {"type": "Point", "coordinates": [7.58886, 45.73879]}}, {"type": "Feature", "properties": {"wikidata": "Q1372", "name": "Q1372", "status": "done", "osm_id": "node/26863010", "category": "montagna"}, "geometry": {"type": "Point", "coordinates": [7.266666666, 45.533333333]}}, {"type": "Feature", "properties": {"wikidata": "Q34760", "name": "Q34760", "status": "done", "osm_id": "relation/45547", "category": "other"}, "geometry": {"type": "Point", "coordinates": [7.7222, 45.6443]}}, {"type": "Feature", "properties": {"wikidata": "Q34785", "name": "Q34785", "status": "done", "osm_id": "relation/2202522", "category": "other"}, "geometry": {"type": "Point", "coordinates": [7.68665, 45.81132]}}, {"type": "Feature", "properties": {"wikidata": "Q34858", "name": "Q34858", "status": "done", "osm_id": "relation/46400", "category": "other"}, "geometry": {"type": "Point", "coordinates": [7.416666666, 45.866666666]}}, {"type": "Feature", "properties": {"wikidata": "Q34791", "name": "Q34791", "status": "done", "osm_id": "relation/45629", "category": "other"}, "geometry": {"type": "Point", "coordinates": [7.2403, 45.7012]}}, {"type": "Feature", "properties": {"wikidata": "Q3367", "name": "Q3367", "status": "done", "osm_id": "relation/45916", "category": "other"}, "geometry": {"type": "Point", "coordinates": [7.320555555, 45.737222222]}}, {"type": "Feature", "properties": {"wikidata": "Q30446", "name": "Q30446", "status": "done", "osm_id": "node/364072386", "category": "montagna"}, "geometry": {"type": "Point", "coordinates": [7.793330555, 45.920861111]}}, {"type": "Feature", "properties": {"wikidata": "Q30415", "name": "Q30415", "status": "done", "osm_id": "node/7164832011", "category": "montagna"}, "geometry": {"type": "Point", "coordinates": [6.875833333, 45.847777777]}}, {"type": "Feature", "properties": {"wikidata": "Q34966", "name": "Q34966", "status": "done", "osm_id": "relation/2202526", "category": "other"}, "geometry": {"type": "Point", "coordinates": [7.616666666, 45.75]}}, {"type": "Feature", "properties": {"wikidata": "Q136375919", "name": "Q136375919", "status": "done", "osm_id": "node/13467925014", "category": "montagna"}, "geometry": {"type": "Point", "coordinates": [6.828218, 45.823692]}}, {"type": "Feature", "properties": {"wikidata": "Q136378969", "name": "Q136378969", "status": "done", "osm_id": "node/7274424294", "category": "other"}, "geometry": {"type": "Point", "coordinates": [6.9637978, 45.8637755]}}, {"type": "Feature", "properties": {"wikidata": "Q34998", "name": "Q34998", "status": "done", "osm_id": "relation/45306", "category": "other"}, "geometry": {"type": "Point", "coordinates": [7.766666666, 45.6]}}, {"type": "Feature", "properties": {"wikidata": "Q34805", "name": "Q34805", "status": "done", "osm_id": "relation/45543", "category": "other"}, "geometry": {"type": "Point", "coordinates": [7.75, 45.616666666]}}, {"type": "Feature", "properties": {"wikidata": "Q30434", "name": "Q30434", "status": "done", "osm_id": "node/3559071817", "category": "other"}, "geometry": {"type": "Point", "coordinates": [6.843333333, 45.841666666]}}, {"type": "Feature", "properties": {"wikidata": "Q136261978", "name": "Q136261978", "status": "done", "osm_id": "node/13467922292", "category": "other"}, "geometry": {"type": "Point", "coordinates": [6.832257, 45.745656]}}, {"type": "Feature", "properties": {"wikidata": "Q30450", "name": "Q30450", "status": "done", "osm_id": "node/917996634", "category": "montagna"}, "geometry": {"type": "Point", "coordinates": [7.86209, 45.9077]}}, {"type": "Feature", "properties": {"wikidata": "Q1374", "name": "Q1374", "status": "done", "osm_id": "node/26863664", "category": "montagna"}, "geometry": {"type": "Point", "coordinates": [7.658611111, 45.976388888]}}, {"type": "Feature", "properties": {"wikidata": "Q136378692", "name": "Q136378692", "status": "done", "osm_id": "node/7259293216", "category": "other"}, "geometry": {"type": "Point", "coordinates": [6.923977, 45.837584]}}, {"type": "Feature", "properties": {"wikidata": "Q30472", "name": "Q30472", "status": "done", "osm_id": "node/13467920599", "category": "montagna"}, "geometry": {"type": "Point", "coordinates": [6.882777777, 45.824444444]}}, {"type": "Feature", "properties": {"wikidata": "Q35090", "name": "Q35090", "status": "done", "osm_id": "relation/45468", "category": "other"}, "geometry": {"type": "Point", "coordinates": [7.733333333, 45.616666666]}}, {"type": "Feature", "properties": {"wikidata": "Q135913512", "name": "Q135913512", "status": "done", "osm_id": "node/1812583322", "category": "other"}, "geometry": {"type": "Point", "coordinates": [7.590089, 45.711944]}}, {"type": "Feature", "properties": {"wikidata": "Q1270", "name": "Q1270", "status": "done", "osm_id": "relation/10617220", "category": "other"}, "geometry": {"type": "Point", "coordinates": [7.659722222, 45.9775]}}, {"type": "Feature", "properties": {"wikidata": "Q34748", "name": "Q34748", "status": "done", "osm_id": "relation/46164", "category": "other"}, "geometry": {"type": "Point", "coordinates": [7.6, 45.8]}}, {"type": "Feature", "properties": {"wikidata": "Q35053", "name": "Q35053", "status": "done", "osm_id": "relation/45813", "category": "other"}, "geometry": {"type": "Point", "coordinates": [7.883888888, 45.704444444]}}, {"type": "Feature", "properties": {"wikidata": "Q136375882", "name": "Q136375882", "status": "missing", "osm_id": null, "category": "other"}, "geometry": {"type": "Point", "coordinates": [6.847685, 45.824974]}}, {"type": "Feature", "properties": {"wikidata": "Q30493", "name": "Q30493", "status": "done", "osm_id": "node/366260714", "category": "montagna"}, "geometry": {"type": "Point", "coordinates": [6.818055555, 45.835833333]}}, {"type": "Feature", "properties": {"wikidata": "Q25636", "name": "Q25636", "status": "done", "osm_id": "way/32673833", "category": "other"}, "geometry": {"type": "Point", "coordinates": [7.02528, 45.9006]}}, {"type": "Feature", "properties": {"wikidata": "Q30411", "name": "Q30411", "status": "done", "osm_id": "node/808544051", "category": "montagna"}, "geometry": {"type": "Point", "coordinates": [6.866666666, 45.816666666]}}, {"type": "Feature", "properties": {"wikidata": "Q35060", "name": "Q35060", "status": "done", "osm_id": "relation/46084", "category": "other"}, "geometry": {"type": "Point", "coordinates": [7.3, 45.783333333]}}, {"type": "Feature", "properties": {"wikidata": "Q1262", "name": "Q1262", "status": "done", "osm_id": "relation/19217025", "category": "other"}, "geometry": {"type": "Point", "coordinates": [7.16666667, 45.5]}}, {"type": "Feature", "properties": {"wikidata": "Q30546", "name": "Q30546", "status": "done", "osm_id": "node/808543881", "category": "montagna"}, "geometry": {"type": "Point", "coordinates": [6.86361111, 45.81444444]}}, {"type": "Feature", "properties": {"wikidata": "Q136335028", "name": "Q136335028", "status": "done", "osm_id": "node/13467925008", "category": "other"}, "geometry": {"type": "Point", "coordinates": [6.905814, 45.662656]}}, {"type": "Feature", "properties": {"wikidata": "Q136221324", "name": "Q136221324", "status": "done", "osm_id": "node/13467927257", "category": "other"}, "geometry": {"type": "Point", "coordinates": [6.971027, 45.652214]}}, {"type": "Feature", "properties": {"wikidata": "Q34745", "name": "Q34745", "status": "done", "osm_id": "relation/46198", "category": "other"}, "geometry": {"type": "Point", "coordinates": [7.2725, 45.808333333]}}, {"type": "Feature", "properties": {"wikidata": "Q30533", "name": "Q30533", "status": "done", "osm_id": "node/7164832188", "category": "montagna"}, "geometry": {"type": "Point", "coordinates": [6.967639, 45.86433]}}, {"type": "Feature", "properties": {"wikidata": "Q136377082", "name": "Q136377082", "status": "done", "osm_id": "node/13477810039", "category": "other"}, "geometry": {"type": "Point", "coordinates": [6.942312, 45.847985]}}, {"type": "Feature", "properties": {"wikidata": "Q34972", "name": "Q34972", "status": "done", "osm_id": "relation/45209", "category": "other"}, "geometry": {"type": "Point", "coordinates": [7.3560226, 45.6087425]}}, {"type": "Feature", "properties": {"wikidata": "Q14668", "name": "Q14668", "status": "done", "osm_id": "relation/10612258", "category": "other"}, "geometry": {"type": "Point", "coordinates": [7.866944, 45.936667]}}, {"type": "Feature", "properties": {"wikidata": "Q35049", "name": "Q35049", "status": "done", "osm_id": "relation/45578", "category": "other"}, "geometry": {"type": "Point", "coordinates": [7.866666666, 45.65]}}, {"type": "Feature", "properties": {"wikidata": "Q136378786", "name": "Q136378786", "status": "done", "osm_id": "node/13467926092", "category": "other"}, "geometry": {"type": "Point", "coordinates": [6.914466, 45.839283]}}, {"type": "Feature", "properties": {"wikidata": "Q29617", "name": "Q29617", "status": "done", "osm_id": "way/129850769", "category": "other"}, "geometry": {"type": "Point", "coordinates": [7.332848, 45.623451]}}, {"type": "Feature", "properties": {"wikidata": "Q34962", "name": "Q34962", "status": "done", "osm_id": "relation/45688", "category": "other"}, "geometry": {"type": "Point", "coordinates": [7.316666666, 45.716666666]}}, {"type": "Feature", "properties": {"wikidata": "Q35082", "name": "Q35082", "status": "done", "osm_id": "relation/2202529", "category": "other"}, "geometry": {"type": "Point", "coordinates": [7.816666666, 45.783333333]}}, {"type": "Feature", "properties": {"wikidata": "Q30441", "name": "Q30441", "status": "done", "osm_id": "node/13467936293", "category": "montagna"}, "geometry": {"type": "Point", "coordinates": [6.88019, 45.82808]}}, {"type": "Feature", "properties": {"wikidata": "Q35077", "name": "Q35077", "status": "done", "osm_id": "relation/2202528", "category": "other"}, "geometry": {"type": "Point", "coordinates": [7.833333333, 45.833333333]}}, {"type": "Feature", "properties": {"wikidata": "Q136334676", "name": "Q136334676", "status": "done", "osm_id": "way/244292056", "category": "other"}, "geometry": {"type": "Point", "coordinates": [6.910055, 45.664271]}}, {"type": "Feature", "properties": {"wikidata": "Q113170254", "name": "Q113170254", "status": "missing", "osm_id": null, "category": "other"}, "geometry": {"type": "Point", "coordinates": [7.296388888, 45.735]}}, {"type": "Feature", "properties": {"wikidata": "Q113086043", "name": "Q113086043", "status": "missing", "osm_id": null, "category": "other"}, "geometry": {"type": "Point", "coordinates": [7.2093413, 45.5902791]}}, {"type": "Feature", "properties": {"wikidata": "Q113687394", "name": "Q113687394", "status": "missing", "osm_id": null, "category": "other"}, "geometry": {"type": "Point", "coordinates": [7.8320861, 45.7660142]}}, {"type": "Feature", "properties": {"wikidata": "Q113092339", "name": "Q113092339", "status": "missing", "osm_id": null, "category": "other"}, "geometry": {"type": "Point", "coordinates": [7.2856659, 45.7200147]}}, {"type": "Feature", "properties": {"wikidata": "Q113224533", "name": "Q113224533", "status": "done", "osm_id": "node/11844914400", "category": "other"}, "geometry": {"type": "Point", "coordinates": [7.611101, 45.748644]}}, {"type": "Feature", "properties": {"wikidata": "Q113687396", "name": "Q113687396", "status": "done", "osm_id": "way/43394310", "category": "other"}, "geometry": {"type": "Point", "coordinates": [7.037164, 45.758403]}}, {"type": "Feature", "properties": {"wikidata": "Q112914015", "name": "Q112914015", "status": "missing", "osm_id": null, "category": "other"}, "geometry": {"type": "Point", "coordinates": [7.310330191, 45.783058793]}}, {"type": "Feature", "properties": {"wikidata": "Q113687392", "name": "Q113687392", "status": "done", "osm_id": "way/246847034", "category": "biblio_pubblica"}, "geometry": {"type": "Point", "coordinates": [7.7723606, 45.6028605]}}, {"type": "Feature", "properties": {"wikidata": "Q113535742", "name": "Q113535742", "status": "missing", "osm_id": null, "category": "other"}, "geometry": {"type": "Point", "coordinates": [7.3170709, 45.7366994]}}, {"type": "Feature", "properties": {"wikidata": "Q113161637", "name": "Q113161637", "status": "missing", "osm_id": null, "category": "other"}, "geometry": {"type": "Point", "coordinates": [7.765887, 45.603444]}}, {"type": "Feature", "properties": {"wikidata": "Q113092335", "name": "Q113092335", "status": "missing", "osm_id": null, "category": "biblio_pubblica"}, "geometry": {"type": "Point", "coordinates": [7.3177731, 45.7386286]}}, {"type": "Feature", "properties": {"wikidata": "Q113451885", "name": "Q113451885", "status": "done", "osm_id": "node/7631617114", "category": "other"}, "geometry": {"type": "Point", "coordinates": [6.897573, 45.804226]}}, {"type": "Feature", "properties": {"wikidata": "Q113334895", "name": "Q113334895", "status": "done", "osm_id": "way/119555275", "category": "edificio"}, "geometry": {"type": "Point", "coordinates": [7.320109852, 45.737513847]}}, {"type": "Feature", "properties": {"wikidata": "Q114646730", "name": "Q114646730", "status": "done", "osm_id": "node/1745607551", "category": "montagna"}, "geometry": {"type": "Point", "coordinates": [7.5319331, 45.6000632]}}, {"type": "Feature", "properties": {"wikidata": "Q113535743", "name": "Q113535743", "status": "done", "osm_id": "node/13477810037", "category": "other"}, "geometry": {"type": "Point", "coordinates": [6.9634795, 45.8205051]}}, {"type": "Feature", "properties": {"wikidata": "Q113161638", "name": "Q113161638", "status": "missing", "osm_id": null, "category": "castello"}, "geometry": {"type": "Point", "coordinates": [7.297439, 45.781807]}}, {"type": "Feature", "properties": {"wikidata": "Q113687395", "name": "Q113687395", "status": "missing", "osm_id": null, "category": "other"}, "geometry": {"type": "Point", "coordinates": [7.3146514, 45.7407325]}}, {"type": "Feature", "properties": {"wikidata": "Q113092334", "name": "Q113092334", "status": "missing", "osm_id": null, "category": "other"}, "geometry": {"type": "Point", "coordinates": [7.3205677, 45.7385389]}}, {"type": "Feature", "properties": {"wikidata": "Q113086042", "name": "Q113086042", "status": "done", "osm_id": "node/12104714346", "category": "other"}, "geometry": {"type": "Point", "coordinates": [7.855031, 45.6867791]}}, {"type": "Feature", "properties": {"wikidata": "Q114046343", "name": "Q114046343", "status": "done", "osm_id": "node/2469871733", "category": "montagna"}, "geometry": {"type": "Point", "coordinates": [7.2684258, 45.575757]}}, {"type": "Feature", "properties": {"wikidata": "Q112914013", "name": "Q112914013", "status": "missing", "osm_id": null, "category": "biblio_pubblica"}, "geometry": {"type": "Point", "coordinates": [7.4163959, 45.7343123]}}, {"type": "Feature", "properties": {"wikidata": "Q113639663", "name": "Q113639663", "status": "missing", "osm_id": null, "category": "other"}, "geometry": {"type": "Point", "coordinates": [7.3146514, 45.7407325]}}, {"type": "Feature", "properties": {"wikidata": "Q113485989", "name": "Q113485989", "status": "done", "osm_id": "node/13467931317", "category": "other"}, "geometry": {"type": "Point", "coordinates": [6.900468, 45.785876]}}, {"type": "Feature", "properties": {"wikidata": "Q113687397", "name": "Q113687397", "status": "missing", "osm_id": null, "category": "other"}, "geometry": {"type": "Point", "coordinates": [7.2718234, 45.8082168]}}, {"type": "Feature", "properties": {"wikidata": "Q113673883", "name": "Q113673883", "status": "missing", "osm_id": null, "category": "other"}, "geometry": {"type": "Point", "coordinates": [7.607445209, 45.785847529]}}, {"type": "Feature", "properties": {"wikidata": "Q113515233", "name": "Q113515233", "status": "missing", "osm_id": null, "category": "other"}, "geometry": {"type": "Point", "coordinates": [7.3200964, 45.7345523]}}, {"type": "Feature", "properties": {"wikidata": "Q113687391", "name": "Q113687391", "status": "missing", "osm_id": null, "category": "biblio_pubblica"}, "geometry": {"type": "Point", "coordinates": [7.6107149, 45.7486315]}}, {"type": "Feature", "properties": {"wikidata": "Q113687393", "name": "Q113687393", "status": "missing", "osm_id": null, "category": "biblio_pubblica"}, "geometry": {"type": "Point", "coordinates": [7.6916251, 45.6644968]}}, {"type": "Feature", "properties": {"wikidata": "Q113092336", "name": "Q113092336", "status": "missing", "osm_id": null, "category": "other"}, "geometry": {"type": "Point", "coordinates": [7.3256098, 45.7394743]}}, {"type": "Feature", "properties": {"wikidata": "Q113451863", "name": "Q113451863", "status": "done", "osm_id": "way/777857678", "category": "other"}, "geometry": {"type": "Point", "coordinates": [6.901693, 45.808284]}}, {"type": "Feature", "properties": {"wikidata": "Q113451847", "name": "Q113451847", "status": "done", "osm_id": "node/13467936299", "category": "other"}, "geometry": {"type": "Point", "coordinates": [6.908038, 45.811521]}}, {"type": "Feature", "properties": {"wikidata": "Q113716798", "name": "Q113716798", "status": "missing", "osm_id": null, "category": "other"}, "geometry": {"type": "Point", "coordinates": [7.6033, 45.785135]}}, {"type": "Feature", "properties": {"wikidata": "Q113161247", "name": "Q113161247", "status": "done", "osm_id": "way/246480773", "category": "torre"}, "geometry": {"type": "Point", "coordinates": [7.313617, 45.737878]}}, {"type": "Feature", "properties": {"wikidata": "Q113319236", "name": "Q113319236", "status": "missing", "osm_id": null, "category": "other"}, "geometry": {"type": "Point", "coordinates": [7.0340841, 45.7579661]}}, {"type": "Feature", "properties": {"wikidata": "Q113486871", "name": "Q113486871", "status": "done", "osm_id": "node/3789392855", "category": "other"}, "geometry": {"type": "Point", "coordinates": [6.847111, 45.841067]}}, {"type": "Feature", "properties": {"wikidata": "Q113512687", "name": "Q113512687", "status": "missing", "osm_id": null, "category": "other"}, "geometry": {"type": "Point", "coordinates": [7.62295, 45.62293]}}, {"type": "Feature", "properties": {"wikidata": "Q113161371", "name": "Q113161371", "status": "missing", "osm_id": null, "category": "torre"}, "geometry": {"type": "Point", "coordinates": [6.972989, 45.789487]}}, {"type": "Feature", "properties": {"wikidata": "Q113319235", "name": "Q113319235", "status": "missing", "osm_id": null, "category": "other"}, "geometry": {"type": "Point", "coordinates": [7.31133, 45.73738]}}, {"type": "Feature", "properties": {"wikidata": "Q115483592", "name": "Q115483592", "status": "missing", "osm_id": null, "category": "other"}, "geometry": {"type": "Point", "coordinates": [7.478780296, 45.790854471]}}, {"type": "Feature", "properties": {"wikidata": "Q113161370", "name": "Q113161370", "status": "missing", "osm_id": null, "category": "torre"}, "geometry": {"type": "Point", "coordinates": [7.717037, 45.68549]}}, {"type": "Feature", "properties": {"wikidata": "Q113319238", "name": "Q113319238", "status": "missing", "osm_id": null, "category": "other"}, "geometry": {"type": "Point", "coordinates": [7.3194014, 45.736763]}}, {"type": "Feature", "properties": {"wikidata": "Q113486946", "name": "Q113486946", "status": "done", "osm_id": "way/301715191", "category": "other"}, "geometry": {"type": "Point", "coordinates": [6.813582, 45.823391]}}, {"type": "Feature", "properties": {"wikidata": "Q113639662", "name": "Q113639662", "status": "missing", "osm_id": null, "category": "other"}, "geometry": {"type": "Point", "coordinates": [7.3226492, 45.7354176]}}, {"type": "Feature", "properties": {"wikidata": "Q18495193", "name": "Q18495193", "status": "done", "osm_id": "node/1838388619", "category": "insediamento"}, "geometry": {"type": "Point", "coordinates": [7.58028, 45.78957]}}, {"type": "Feature", "properties": {"wikidata": "Q91232919", "name": "Q91232919", "status": "done", "osm_id": "way/169541470", "category": "cimitero"}, "geometry": {"type": "Point", "coordinates": [7.5344, 45.7609]}}, {"type": "Feature", "properties": {"wikidata": "Q35119", "name": "Q35119", "status": "done", "osm_id": "relation/46176", "category": "other"}, "geometry": {"type": "Point", "coordinates": [7.616667, 45.816667]}}, {"type": "Feature", "properties": {"wikidata": "Q35352", "name": "Q35352", "status": "done", "osm_id": "relation/45975", "category": "other"}, "geometry": {"type": "Point", "coordinates": [7.55, 45.75]}}, {"type": "Feature", "properties": {"wikidata": "Q35295", "name": "Q35295", "status": "done", "osm_id": "relation/46032", "category": "other"}, "geometry": {"type": "Point", "coordinates": [6.985833333, 45.763888888]}}, {"type": "Feature", "properties": {"wikidata": "Q118315428", "name": "Q118315428", "status": "done", "osm_id": "way/344525195", "category": "chiesa"}, "geometry": {"type": "Point", "coordinates": [7.880361, 45.716389]}}, {"type": "Feature", "properties": {"wikidata": "Q67772751", "name": "Q67772751", "status": "done", "osm_id": "node/1746542514", "category": "castello"}, "geometry": {"type": "Point", "coordinates": [7.7444528, 45.6135889]}}, {"type": "Feature", "properties": {"wikidata": "Q118315429", "name": "Q118315429", "status": "missing", "osm_id": null, "category": "cappella"}, "geometry": {"type": "Point", "coordinates": [7.308386, 45.762722]}}, {"type": "Feature", "properties": {"wikidata": "Q91231989", "name": "Q91231989", "status": "missing", "osm_id": null, "category": "cimitero"}, "geometry": {"type": "Point", "coordinates": [7.56805, 45.80064]}}, {"type": "Feature", "properties": {"wikidata": "Q131278648", "name": "Q131278648", "status": "done", "osm_id": "node/7241034718", "category": "other"}, "geometry": {"type": "Point", "coordinates": [7.047118, 45.474771]}}, {"type": "Feature", "properties": {"wikidata": "Q110455132", "name": "Q110455132", "status": "missing", "osm_id": null, "category": "other"}, "geometry": {"type": "Point", "coordinates": [7.48366, 45.58079]}}, {"type": "Feature", "properties": {"wikidata": "Q35341", "name": "Q35341", "status": "done", "osm_id": "relation/45941", "category": "other"}, "geometry": {"type": "Point", "coordinates": [7.35, 45.75]}}, {"type": "Feature", "properties": {"wikidata": "Q30031647", "name": "Q30031647", "status": "done", "osm_id": "node/1258081254", "category": "other"}, "geometry": {"type": "Point", "coordinates": [7.5346, 45.76326]}}, {"type": "Feature", "properties": {"wikidata": "Q137203747", "name": "Q137203747", "status": "done", "osm_id": "way/136720460", "category": "other"}, "geometry": {"type": "Point", "coordinates": [6.919021, 45.783397]}}, {"type": "Feature", "properties": {"wikidata": "Q91232023", "name": "Q91232023", "status": "missing", "osm_id": null, "category": "cimitero"}, "geometry": {"type": "Point", "coordinates": [7.62021, 45.8083]}}, {"type": "Feature", "properties": {"wikidata": "Q35510", "name": "Q35510", "status": "done", "osm_id": "relation/45452", "category": "other"}, "geometry": {"type": "Point", "coordinates": [7.0645, 45.63]}}, {"type": "Feature", "properties": {"wikidata": "Q52988342", "name": "Q52988342", "status": "missing", "osm_id": null, "category": "other"}, "geometry": {"type": "Point", "coordinates": [7.4707355, 45.7411124]}}, {"type": "Feature", "properties": {"wikidata": "Q18495199", "name": "Q18495199", "status": "done", "osm_id": "node/1263619499", "category": "insediamento"}, "geometry": {"type": "Point", "coordinates": [7.6063, 45.85532]}}, {"type": "Feature", "properties": {"wikidata": "Q18495184", "name": "Q18495184", "status": "done", "osm_id": "node/2038626930", "category": "insediamento"}, "geometry": {"type": "Point", "coordinates": [7.64264, 45.75691]}}, {"type": "Feature", "properties": {"wikidata": "Q35188", "name": "Q35188", "status": "done", "osm_id": "relation/45585", "category": "other"}, "geometry": {"type": "Point", "coordinates": [6.95, 45.716]}}, {"type": "Feature", "properties": {"wikidata": "Q18495211", "name": "Q18495211", "status": "done", "osm_id": "node/342428028", "category": "insediamento"}, "geometry": {"type": "Point", "coordinates": [7.66783, 45.7201]}}, {"type": "Feature", "properties": {"wikidata": "Q137780667", "name": "Q137780667", "status": "done", "osm_id": "node/289451082", "category": "other"}, "geometry": {"type": "Point", "coordinates": [6.932296, 45.790843]}}, {"type": "Feature", "properties": {"wikidata": "Q35433", "name": "Q35433", "status": "done", "osm_id": "relation/46104", "category": "other"}, "geometry": {"type": "Point", "coordinates": [7.1821889, 45.8237439]}}, {"type": "Feature", "properties": {"wikidata": "Q18495197", "name": "Q18495197", "status": "done", "osm_id": "node/1426516440", "category": "insediamento"}, "geometry": {"type": "Point", "coordinates": [7.21272, 45.57429]}}, {"type": "Feature", "properties": {"wikidata": "Q35116", "name": "Q35116", "status": "done", "osm_id": "relation/45848", "category": "other"}, "geometry": {"type": "Point", "coordinates": [7.273611111, 45.715555555]}}, {"type": "Feature", "properties": {"wikidata": "Q35328", "name": "Q35328", "status": "done", "osm_id": "relation/46064", "category": "other"}, "geometry": {"type": "Point", "coordinates": [7.316666666, 45.783333333]}}, {"type": "Feature", "properties": {"wikidata": "Q52989040", "name": "Q52989040", "status": "missing", "osm_id": null, "category": "other"}, "geometry": {"type": "Point", "coordinates": [7.3191882, 45.7374699]}}, {"type": "Feature", "properties": {"wikidata": "Q18495204", "name": "Q18495204", "status": "done", "osm_id": "node/650253633", "category": "insediamento"}, "geometry": {"type": "Point", "coordinates": [7.84124, 45.75553]}}, {"type": "Feature", "properties": {"wikidata": "Q18495210", "name": "Q18495210", "status": "done", "osm_id": "node/1313039879", "category": "insediamento"}, "geometry": {"type": "Point", "coordinates": [7.05806, 45.62191]}}, {"type": "Feature", "properties": {"wikidata": "Q52988679", "name": "Q52988679", "status": "missing", "osm_id": null, "category": "other"}, "geometry": {"type": "Point", "coordinates": [7.4477408, 45.7301391]}}, {"type": "Feature", "properties": {"wikidata": "Q35283", "name": "Q35283", "status": "done", "osm_id": "relation/45317", "category": "other"}, "geometry": {"type": "Point", "coordinates": [7.686379, 45.6076138]}}, {"type": "Feature", "properties": {"wikidata": "Q30031536", "name": "Q30031536", "status": "done", "osm_id": "node/5523734363", "category": "other"}, "geometry": {"type": "Point", "coordinates": [7.6243, 45.87607]}}, {"type": "Feature", "properties": {"wikidata": "Q35436", "name": "Q35436", "status": "done", "osm_id": "relation/2202530", "category": "other"}, "geometry": {"type": "Point", "coordinates": [7.65, 45.75]}}, {"type": "Feature", "properties": {"wikidata": "Q110461629", "name": "Q110461629", "status": "done", "osm_id": "node/3697202611", "category": "montagna"}, "geometry": {"type": "Point", "coordinates": [7.44232, 45.639325]}}, {"type": "Feature", "properties": {"wikidata": "Q67772772", "name": "Q67772772", "status": "done", "osm_id": "way/136277948", "category": "castello"}, "geometry": {"type": "Point", "coordinates": [6.9709671, 45.7170657]}}, {"type": "Feature", "properties": {"wikidata": "Q18495200", "name": "Q18495200", "status": "done", "osm_id": "node/1969768784", "category": "insediamento"}, "geometry": {"type": "Point", "coordinates": [7.04374, 45.74921]}}, {"type": "Feature", "properties": {"wikidata": "Q110726348", "name": "Q110726348", "status": "done", "osm_id": "way/960876349", "category": "other"}, "geometry": {"type": "Point", "coordinates": [7.050506, 45.492233]}}, {"type": "Feature", "properties": {"wikidata": "Q35520", "name": "Q35520", "status": "done", "osm_id": "relation/46156", "category": "other"}, "geometry": {"type": "Point", "coordinates": [7.333333333, 45.833333333]}}, {"type": "Feature", "properties": {"wikidata": "Q136697336", "name": "Q136697336", "status": "missing", "osm_id": null, "category": "other"}, "geometry": {"type": "Point", "coordinates": [6.855982, 45.835031]}}, {"type": "Feature", "properties": {"wikidata": "Q35298", "name": "Q35298", "status": "done", "osm_id": "relation/45942", "category": "other"}, "geometry": {"type": "Point", "coordinates": [7.4174, 45.7405]}}, {"type": "Feature", "properties": {"wikidata": "Q137780536", "name": "Q137780536", "status": "done", "osm_id": "node/13467924048", "category": "other"}, "geometry": {"type": "Point", "coordinates": [6.8755241, 45.8168255]}}, {"type": "Feature", "properties": {"wikidata": "Q18495188", "name": "Q18495188", "status": "done", "osm_id": "node/1312775062", "category": "insediamento"}, "geometry": {"type": "Point", "coordinates": [7.2405, 45.72889]}}, {"type": "Feature", "properties": {"wikidata": "Q131273468", "name": "Q131273468", "status": "done", "osm_id": "node/2415780267", "category": "other"}, "geometry": {"type": "Point", "coordinates": [6.978096, 45.587619]}}, {"type": "Feature", "properties": {"wikidata": "Q18495175", "name": "Q18495175", "status": "done", "osm_id": "node/1315310486", "category": "insediamento"}, "geometry": {"type": "Point", "coordinates": [7.68368, 45.69653]}}, {"type": "Feature", "properties": {"wikidata": "Q110699991", "name": "Q110699991", "status": "done", "osm_id": "node/1291519174", "category": "montagna"}, "geometry": {"type": "Point", "coordinates": [7.784182, 45.7931308]}}, {"type": "Feature", "properties": {"wikidata": "Q67772626", "name": "Q67772626", "status": "done", "osm_id": "way/352761282", "category": "castello"}, "geometry": {"type": "Point", "coordinates": [7.7281664, 45.6407896]}}, {"type": "Feature", "properties": {"wikidata": "Q30271988", "name": "Q30271988", "status": "missing", "osm_id": null, "category": "other"}, "geometry": {"type": "Point", "coordinates": [7.299568, 45.735315]}}, {"type": "Feature", "properties": {"wikidata": "Q130726080", "name": "Q130726080", "status": "done", "osm_id": "node/390987844", "category": "other"}, "geometry": {"type": "Point", "coordinates": [6.845252, 45.694085]}}, {"type": "Feature", "properties": {"wikidata": "Q118315413", "name": "Q118315413", "status": "done", "osm_id": "node/2146401029", "category": "chiesa"}, "geometry": {"type": "Point", "coordinates": [7.502177584, 45.732797651]}}, {"type": "Feature", "properties": {"wikidata": "Q35320", "name": "Q35320", "status": "done", "osm_id": "relation/45153", "category": "other"}, "geometry": {"type": "Point", "coordinates": [7.1187, 45.56965]}}, {"type": "Feature", "properties": {"wikidata": "Q110465313", "name": "Q110465313", "status": "done", "osm_id": "node/7132817606", "category": "montagna"}, "geometry": {"type": "Point", "coordinates": [7.4820908, 45.5795005]}}, {"type": "Feature", "properties": {"wikidata": "Q91232650", "name": "Q91232650", "status": "done", "osm_id": "way/259285897", "category": "cimitero"}, "geometry": {"type": "Point", "coordinates": [7.55274, 45.75272]}}, {"type": "Feature", "properties": {"wikidata": "Q136457263", "name": "Q136457263", "status": "done", "osm_id": "way/247267533", "category": "torre"}, "geometry": {"type": "Point", "coordinates": [7.322643, 45.734982]}}, {"type": "Feature", "properties": {"wikidata": "Q136763950", "name": "Q136763950", "status": "missing", "osm_id": null, "category": "montagna"}, "geometry": {"type": "Point", "coordinates": [7.736168, 45.781949]}}, {"type": "Feature", "properties": {"wikidata": "Q35097", "name": "Q35097", "status": "done", "osm_id": "relation/45671", "category": "other"}, "geometry": {"type": "Point", "coordinates": [7.85, 45.683333333]}}, {"type": "Feature", "properties": {"wikidata": "Q91233566", "name": "Q91233566", "status": "done", "osm_id": "way/793915876", "category": "cimitero"}, "geometry": {"type": "Point", "coordinates": [7.53261, 45.76206]}}, {"type": "Feature", "properties": {"wikidata": "Q35404", "name": "Q35404", "status": "done", "osm_id": "relation/45841", "category": "other"}, "geometry": {"type": "Point", "coordinates": [7.166667, 45.716667]}}, {"type": "Feature", "properties": {"wikidata": "Q35220", "name": "Q35220", "status": "done", "osm_id": "relation/45763", "category": "other"}, "geometry": {"type": "Point", "coordinates": [7.683333333, 45.7]}}, {"type": "Feature", "properties": {"wikidata": "Q136405310", "name": "Q136405310", "status": "missing", "osm_id": null, "category": "other"}, "geometry": {"type": "Point", "coordinates": [7.058898, 45.910687]}}, {"type": "Feature", "properties": {"wikidata": "Q31615063", "name": "Q31615063", "status": "done", "osm_id": "node/1758478181", "category": "other"}, "geometry": {"type": "Point", "coordinates": [6.914796, 45.651941]}}, {"type": "Feature", "properties": {"wikidata": "Q131278962", "name": "Q131278962", "status": "done", "osm_id": "node/393798187", "category": "other"}, "geometry": {"type": "Point", "coordinates": [7.088775, 45.470754]}}, {"type": "Feature", "properties": {"wikidata": "Q18495177", "name": "Q18495177", "status": "done", "osm_id": "node/838565159", "category": "insediamento"}, "geometry": {"type": "Point", "coordinates": [7.86013, 45.66063]}}, {"type": "Feature", "properties": {"wikidata": "Q67772291", "name": "Q67772291", "status": "done", "osm_id": "node/6503617451", "category": "other"}, "geometry": {"type": "Point", "coordinates": [7.0005736, 45.7483304]}}, {"type": "Feature", "properties": {"wikidata": "Q35411", "name": "Q35411", "status": "done", "osm_id": "relation/46152", "category": "other"}, "geometry": {"type": "Point", "coordinates": [7.216666666, 45.816666666]}}, {"type": "Feature", "properties": {"wikidata": "Q35553", "name": "Q35553", "status": "done", "osm_id": "relation/45632", "category": "other"}, "geometry": {"type": "Point", "coordinates": [7.207591666, 45.702436111]}}, {"type": "Feature", "properties": {"wikidata": "Q35544", "name": "Q35544", "status": "done", "osm_id": "relation/45970", "category": "other"}, "geometry": {"type": "Point", "coordinates": [7.533333333, 45.766666666]}}, {"type": "Feature", "properties": {"wikidata": "Q67772746", "name": "Q67772746", "status": "done", "osm_id": "node/1497776389", "category": "castello"}, "geometry": {"type": "Point", "coordinates": [6.8703768, 45.763415]}}, {"type": "Feature", "properties": {"wikidata": "Q136863747", "name": "Q136863747", "status": "done", "osm_id": "node/11351558455", "category": "chiesa"}, "geometry": {"type": "Point", "coordinates": [7.485559747, 45.749761309]}}, {"type": "Feature", "properties": {"wikidata": "Q91232061", "name": "Q91232061", "status": "missing", "osm_id": null, "category": "cimitero"}, "geometry": {"type": "Point", "coordinates": [7.61749, 45.83807]}}, {"type": "Feature", "properties": {"wikidata": "Q35538", "name": "Q35538", "status": "done", "osm_id": "relation/2202531", "category": "other"}, "geometry": {"type": "Point", "coordinates": [7.616666666, 45.883333333]}}, {"type": "Feature", "properties": {"wikidata": "Q35192", "name": "Q35192", "status": "done", "osm_id": "relation/45447", "category": "other"}, "geometry": {"type": "Point", "coordinates": [7.85, 45.633333333]}}, {"type": "Feature", "properties": {"wikidata": "Q52988400", "name": "Q52988400", "status": "missing", "osm_id": null, "category": "other"}, "geometry": {"type": "Point", "coordinates": [7.3213763, 45.7355644]}}, {"type": "Feature", "properties": {"wikidata": "Q52988816", "name": "Q52988816", "status": "done", "osm_id": "way/161608877", "category": "other"}, "geometry": {"type": "Point", "coordinates": [7.2250035, 45.70875]}}, {"type": "Feature", "properties": {"wikidata": "Q35231", "name": "Q35231", "status": "done", "osm_id": "relation/45955", "category": "other"}, "geometry": {"type": "Point", "coordinates": [7.4879115, 45.80723225]}}, {"type": "Feature", "properties": {"wikidata": "Q135907527", "name": "Q135907527", "status": "done", "osm_id": "way/114942029", "category": "other"}, "geometry": {"type": "Point", "coordinates": [7.636933, 45.95198]}}, {"type": "Feature", "properties": {"wikidata": "Q18495196", "name": "Q18495196", "status": "done", "osm_id": "node/650253643", "category": "insediamento"}, "geometry": {"type": "Point", "coordinates": [7.83549, 45.7619]}}, {"type": "Feature", "properties": {"wikidata": "Q110455130", "name": "Q110455130", "status": "missing", "osm_id": null, "category": "other"}, "geometry": {"type": "Point", "coordinates": [7.57342, 45.5894]}}, {"type": "Feature", "properties": {"wikidata": "Q35226", "name": "Q35226", "status": "done", "osm_id": "relation/45956", "category": "other"}, "geometry": {"type": "Point", "coordinates": [7.033333333, 45.75]}}, {"type": "Feature", "properties": {"wikidata": "Q35252", "name": "Q35252", "status": "done", "osm_id": "relation/46294", "category": "other"}, "geometry": {"type": "Point", "coordinates": [7.383333333, 45.85]}}, {"type": "Feature", "properties": {"wikidata": "Q52988151", "name": "Q52988151", "status": "missing", "osm_id": null, "category": "other"}, "geometry": {"type": "Point", "coordinates": [7.3191882, 45.7374699]}}, {"type": "Feature", "properties": {"wikidata": "Q35418", "name": "Q35418", "status": "done", "osm_id": "relation/45842", "category": "other"}, "geometry": {"type": "Point", "coordinates": [7.226, 45.71]}}, {"type": "Feature", "properties": {"wikidata": "Q18495180", "name": "Q18495180", "status": "done", "osm_id": "node/1771170093", "category": "insediamento"}, "geometry": {"type": "Point", "coordinates": [7.82021, 45.61964]}}, {"type": "Feature", "properties": {"wikidata": "Q136418200", "name": "Q136418200", "status": "done", "osm_id": "node/13467921338", "category": "other"}, "geometry": {"type": "Point", "coordinates": [6.873755, 45.712434]}}, {"type": "Feature", "properties": {"wikidata": "Q35324", "name": "Q35324", "status": "done", "osm_id": "relation/45454", "category": "other"}, "geometry": {"type": "Point", "coordinates": [7.1553384, 45.6541704]}}, {"type": "Feature", "properties": {"wikidata": "Q35504", "name": "Q35504", "status": "done", "osm_id": "relation/46123", "category": "other"}, "geometry": {"type": "Point", "coordinates": [7.5703066, 45.8016278]}}, {"type": "Feature", "properties": {"wikidata": "Q131296264", "name": "Q131296264", "status": "done", "osm_id": "node/1393582896", "category": "other"}, "geometry": {"type": "Point", "coordinates": [6.996353, 45.567961]}}, {"type": "Feature", "properties": {"wikidata": "Q91232037", "name": "Q91232037", "status": "missing", "osm_id": null, "category": "cimitero"}, "geometry": {"type": "Point", "coordinates": [7.6214, 45.8071]}}, {"type": "Feature", "properties": {"wikidata": "Q91232080", "name": "Q91232080", "status": "missing", "osm_id": null, "category": "cimitero"}, "geometry": {"type": "Point", "coordinates": [7.62272, 45.87945]}}, {"type": "Feature", "properties": {"wikidata": "Q18495186", "name": "Q18495186", "status": "done", "osm_id": "node/726134026", "category": "insediamento"}, "geometry": {"type": "Point", "coordinates": [7.63135, 45.72947]}}, {"type": "Feature", "properties": {"wikidata": "Q30888202", "name": "Q30888202", "status": "done", "osm_id": "node/1955551055", "category": "frazione"}, "geometry": {"type": "Point", "coordinates": [6.96461111, 45.78863889]}}, {"type": "Feature", "properties": {"wikidata": "Q35113", "name": "Q35113", "status": "done", "osm_id": "relation/45566", "category": "other"}, "geometry": {"type": "Point", "coordinates": [7.683333333, 45.65]}}, {"type": "Feature", "properties": {"wikidata": "Q136661127", "name": "Q136661127", "status": "done", "osm_id": "node/13467925177", "category": "other"}, "geometry": {"type": "Point", "coordinates": [6.8562412, 45.7333549]}}, {"type": "Feature", "properties": {"wikidata": "Q18495201", "name": "Q18495201", "status": "done", "osm_id": "node/790306000", "category": "insediamento"}, "geometry": {"type": "Point", "coordinates": [7.69803, 45.82184]}}, {"type": "Feature", "properties": {"wikidata": "Q136405203", "name": "Q136405203", "status": "done", "osm_id": "node/7164832201", "category": "other"}, "geometry": {"type": "Point", "coordinates": [6.976145, 45.868521]}}, {"type": "Feature", "properties": {"wikidata": "Q35275", "name": "Q35275", "status": "done", "osm_id": "relation/45918", "category": "other"}, "geometry": {"type": "Point", "coordinates": [7.357, 45.728]}}, {"type": "Feature", "properties": {"wikidata": "Q18495811", "name": "Q18495811", "status": "done", "osm_id": "node/1316468144", "category": "frazione"}, "geometry": {"type": "Point", "coordinates": [7.67144, 45.69047]}}, {"type": "Feature", "properties": {"wikidata": "Q35279", "name": "Q35279", "status": "done", "osm_id": "relation/45463", "category": "other"}, "geometry": {"type": "Point", "coordinates": [7.8, 45.6]}}, {"type": "Feature", "properties": {"wikidata": "Q137211148", "name": "Q137211148", "status": "missing", "osm_id": null, "category": "montagna"}, "geometry": {"type": "Point", "coordinates": [7.6997758, 45.8434785]}}, {"type": "Feature", "properties": {"wikidata": "Q18495207", "name": "Q18495207", "status": "done", "osm_id": "node/1430004627", "category": "insediamento"}, "geometry": {"type": "Point", "coordinates": [7.19935, 45.62029]}}, {"type": "Feature", "properties": {"wikidata": "Q35264", "name": "Q35264", "status": "done", "osm_id": "relation/45464", "category": "other"}, "geometry": {"type": "Point", "coordinates": [7.816666666, 45.616666666]}}, {"type": "Feature", "properties": {"wikidata": "Q91231998", "name": "Q91231998", "status": "done", "osm_id": "way/171440074", "category": "cimitero"}, "geometry": {"type": "Point", "coordinates": [7.5926, 45.8064]}}, {"type": "Feature", "properties": {"wikidata": "Q136535640", "name": "Q136535640", "status": "missing", "osm_id": null, "category": "other"}, "geometry": {"type": "Point", "coordinates": [6.830376, 45.701882]}}, {"type": "Feature", "properties": {"wikidata": "Q18495203", "name": "Q18495203", "status": "done", "osm_id": "node/1759434144", "category": "insediamento"}, "geometry": {"type": "Point", "coordinates": [7.46682, 45.75528]}}, {"type": "Feature", "properties": {"wikidata": "Q136405230", "name": "Q136405230", "status": "done", "osm_id": "node/5819008835", "category": "other"}, "geometry": {"type": "Point", "coordinates": [6.983354, 45.863697]}}, {"type": "Feature", "properties": {"wikidata": "Q35184", "name": "Q35184", "status": "done", "osm_id": "relation/45793", "category": "other"}, "geometry": {"type": "Point", "coordinates": [7.072666666, 45.746916666]}}, {"type": "Feature", "properties": {"wikidata": "Q35534", "name": "Q35534", "status": "done", "osm_id": "relation/45207", "category": "other"}, "geometry": {"type": "Point", "coordinates": [7.2078, 45.5922]}}, {"type": "Feature", "properties": {"wikidata": "Q52988863", "name": "Q52988863", "status": "missing", "osm_id": null, "category": "other"}, "geometry": {"type": "Point", "coordinates": [7.4658419, 45.7414633]}}, {"type": "Feature", "properties": {"wikidata": "Q18495191", "name": "Q18495191", "status": "done", "osm_id": "node/342428025", "category": "frazione"}, "geometry": {"type": "Point", "coordinates": [7.67617, 45.70729]}}, {"type": "Feature", "properties": {"wikidata": "Q91233700", "name": "Q91233700", "status": "done", "osm_id": "way/164322255", "category": "cimitero"}, "geometry": {"type": "Point", "coordinates": [7.51575, 45.74811]}}, {"type": "Feature", "properties": {"wikidata": "Q18495190", "name": "Q18495190", "status": "done", "osm_id": "node/2007052235", "category": "insediamento"}, "geometry": {"type": "Point", "coordinates": [7.22811, 45.71798]}}, {"type": "Feature", "properties": {"wikidata": "Q18496034", "name": "Q18496034", "status": "done", "osm_id": "node/1626883026", "category": "frazione"}, "geometry": {"type": "Point", "coordinates": [7.07944, 45.73377]}}, {"type": "Feature", "properties": {"wikidata": "Q118315431", "name": "Q118315431", "status": "missing", "osm_id": null, "category": "cappella"}, "geometry": {"type": "Point", "coordinates": [7.301503, 45.762389]}}, {"type": "Feature", "properties": {"wikidata": "Q136418189", "name": "Q136418189", "status": "done", "osm_id": "way/244229458", "category": "other"}, "geometry": {"type": "Point", "coordinates": [6.835578, 45.707153]}}, {"type": "Feature", "properties": {"wikidata": "Q67772404", "name": "Q67772404", "status": "done", "osm_id": "way/116757238", "category": "castello"}, "geometry": {"type": "Point", "coordinates": [7.7170511, 45.6854874]}}, {"type": "Feature", "properties": {"wikidata": "Q91233718", "name": "Q91233718", "status": "done", "osm_id": "way/165089625", "category": "cimitero"}, "geometry": {"type": "Point", "coordinates": [7.4858, 45.7397]}}, {"type": "Feature", "properties": {"wikidata": "Q18495195", "name": "Q18495195", "status": "done", "osm_id": "node/5180788581", "category": "insediamento"}, "geometry": {"type": "Point", "coordinates": [7.26988, 45.7301]}}, {"type": "Feature", "properties": {"wikidata": "Q91233707", "name": "Q91233707", "status": "missing", "osm_id": null, "category": "cimitero"}, "geometry": {"type": "Point", "coordinates": [7.54895, 45.74318]}}, {"type": "Feature", "properties": {"wikidata": "Q35440", "name": "Q35440", "status": "done", "osm_id": "relation/45847", "category": "other"}, "geometry": {"type": "Point", "coordinates": [7.2575, 45.717805555]}}, {"type": "Feature", "properties": {"wikidata": "Q18495183", "name": "Q18495183", "status": "done", "osm_id": "node/1618691742", "category": "insediamento"}, "geometry": {"type": "Point", "coordinates": [7.0663, 45.75605]}}, {"type": "Feature", "properties": {"wikidata": "Q18495208", "name": "Q18495208", "status": "done", "osm_id": "node/838565140", "category": "insediamento"}, "geometry": {"type": "Point", "coordinates": [7.74197, 45.63971]}}, {"type": "Feature", "properties": {"wikidata": "Q56890", "name": "Q56890", "status": "missing", "osm_id": null, "category": "other"}, "geometry": {"type": "Point", "coordinates": [7.91444444, 45.63444444]}}, {"type": "Feature", "properties": {"wikidata": "Q67772294", "name": "Q67772294", "status": "done", "osm_id": "node/6503617452", "category": "castello"}, "geometry": {"type": "Point", "coordinates": [7.0001417, 45.7483023]}}, {"type": "Feature", "properties": {"wikidata": "Q118315434", "name": "Q118315434", "status": "missing", "osm_id": null, "category": "cappella"}, "geometry": {"type": "Point", "coordinates": [7.300972, 45.768261]}}, {"type": "Feature", "properties": {"wikidata": "Q91232464", "name": "Q91232464", "status": "done", "osm_id": "way/165238916", "category": "cimitero"}, "geometry": {"type": "Point", "coordinates": [7.5962, 45.7403]}}, {"type": "Feature", "properties": {"wikidata": "Q35360", "name": "Q35360", "status": "done", "osm_id": "relation/45674", "category": "other"}, "geometry": {"type": "Point", "coordinates": [7.4482, 45.73146]}}, {"type": "Feature", "properties": {"wikidata": "Q35293", "name": "Q35293", "status": "done", "osm_id": "relation/45814", "category": "other"}, "geometry": {"type": "Point", "coordinates": [7.583333333, 45.733333333]}}, {"type": "Feature", "properties": {"wikidata": "Q131277716", "name": "Q131277716", "status": "done", "osm_id": "node/2415780269", "category": "other"}, "geometry": {"type": "Point", "coordinates": [6.987922, 45.579822]}}, {"type": "Feature", "properties": {"wikidata": "Q118315430", "name": "Q118315430", "status": "missing", "osm_id": null, "category": "cappella"}, "geometry": {"type": "Point", "coordinates": [7.311858, 45.766639]}}, {"type": "Feature", "properties": {"wikidata": "Q35550", "name": "Q35550", "status": "done", "osm_id": "relation/45692", "category": "other"}, "geometry": {"type": "Point", "coordinates": [7.68911, 45.66656]}}, {"type": "Feature", "properties": {"wikidata": "Q136418211", "name": "Q136418211", "status": "done", "osm_id": "node/13467919572", "category": "other"}, "geometry": {"type": "Point", "coordinates": [6.859066, 45.700826]}}, {"type": "Feature", "properties": {"wikidata": "Q130724531", "name": "Q130724531", "status": "done", "osm_id": "node/7251975543", "category": "other"}, "geometry": {"type": "Point", "coordinates": [6.850252, 45.688841]}}, {"type": "Feature", "properties": {"wikidata": "Q18495814", "name": "Q18495814", "status": "done", "osm_id": "node/973614364", "category": "frazione"}, "geometry": {"type": "Point", "coordinates": [7.26117, 45.70938]}}, {"type": "Feature", "properties": {"wikidata": "Q135907688", "name": "Q135907688", "status": "done", "osm_id": "way/114941970", "category": "other"}, "geometry": {"type": "Point", "coordinates": [7.658238, 45.935384]}}, {"type": "Feature", "properties": {"wikidata": "Q35248", "name": "Q35248", "status": "done", "osm_id": "relation/46357", "category": "other"}, "geometry": {"type": "Point", "coordinates": [7.316666666, 45.85]}}]}