{"type": "FeatureCollection", "features": [{"type": "Feature", "properties": {"wikidata": "Q160275", "name": "Castel Sant'Elia", "status": "done", "osm_id": "relation/41904", "group": "Amministrazione", "subgroup": "Uffici Pubblici", "subcategory": "Comune italiano"}, "geometry": {"type": "Point", "coordinates": [12.375, 42.251388888]}}, {"type": "Feature", "properties": {"wikidata": "Q167124", "name": "chiesa di San Bonaventura al Palatino", "status": "done", "osm_id": "relation/1854240", "group": "Religione", "subgroup": "Luoghi di Culto", "subcategory": "Chiesa"}, "geometry": {"type": "Point", "coordinates": [12.479671, 41.889117]}}, {"type": "Feature", "properties": {"wikidata": "Q128086", "name": "Formia", "status": "done", "osm_id": "relation/41192", "group": "Amministrazione", "subgroup": "Uffici Pubblici", "subcategory": "Comune italiano"}, "geometry": {"type": "Point", "coordinates": [13.606944444, 41.256388888]}}, {"type": "Feature", "properties": {"wikidata": "Q175492", "name": "European Space Research Institute", "status": "done", "osm_id": "relation/2415392", "group": "Altro", "subgroup": "Altro", "subcategory": "Altro"}, "geometry": {"type": "Point", "coordinates": [12.674166666, 41.826944444]}}, {"type": "Feature", "properties": {"wikidata": "Q128107", "name": "Monte San Biagio", "status": "done", "osm_id": "relation/41251", "group": "Amministrazione", "subgroup": "Uffici Pubblici", "subcategory": "Comune italiano"}, "geometry": {"type": "Point", "coordinates": [13.35, 41.35]}}, {"type": "Feature", "properties": {"wikidata": "Q177695", "name": "Ronciglione", "status": "done", "osm_id": "relation/41914", "group": "Amministrazione", "subgroup": "Uffici Pubblici", "subcategory": "Comune italiano"}, "geometry": {"type": "Point", "coordinates": [12.214722222, 42.289444444]}}, {"type": "Feature", "properties": {"wikidata": "Q128226", "name": "Terracina", "status": "done", "osm_id": "relation/41209", "group": "Amministrazione", "subgroup": "Uffici Pubblici", "subcategory": "Comune italiano"}, "geometry": {"type": "Point", "coordinates": [13.25, 41.283333333]}}, {"type": "Feature", "properties": {"wikidata": "Q159685", "name": "Bolsena", "status": "done", "osm_id": "relation/42100", "group": "Amministrazione", "subgroup": "Uffici Pubblici", "subcategory": "Comune italiano"}, "geometry": {"type": "Point", "coordinates": [11.985833333, 42.644722222]}}, {"type": "Feature", "properties": {"wikidata": "Q160262", "name": "Caprarola", "status": "done", "osm_id": "relation/41939", "group": "Amministrazione", "subgroup": "Uffici Pubblici", "subcategory": "Comune italiano"}, "geometry": {"type": "Point", "coordinates": [12.236666666, 42.3275]}}, {"type": "Feature", "properties": {"wikidata": "Q159510", "name": "Barbarano Romano", "status": "done", "osm_id": "relation/41897", "group": "Amministrazione", "subgroup": "Uffici Pubblici", "subcategory": "Comune italiano"}, "geometry": {"type": "Point", "coordinates": [12.0675, 42.250277777]}}, {"type": "Feature", "properties": {"wikidata": "Q159689", "name": "Bomarzo", "status": "done", "osm_id": "relation/42052", "group": "Amministrazione", "subgroup": "Uffici Pubblici", "subcategory": "Comune italiano"}, "geometry": {"type": "Point", "coordinates": [12.249444444, 42.482777777]}}, {"type": "Feature", "properties": {"wikidata": "Q128089", "name": "Gaeta", "status": "done", "osm_id": "relation/41173", "group": "Amministrazione", "subgroup": "Uffici Pubblici", "subcategory": "Comune italiano"}, "geometry": {"type": "Point", "coordinates": [13.566666666, 41.216666666]}}, {"type": "Feature", "properties": {"wikidata": "Q177666", "name": "Piansano", "status": "done", "osm_id": "relation/42046", "group": "Amministrazione", "subgroup": "Uffici Pubblici", "subcategory": "Comune italiano"}, "geometry": {"type": "Point", "coordinates": [11.83, 42.523055555]}}, {"type": "Feature", "properties": {"wikidata": "Q161698", "name": "Graffignano", "status": "done", "osm_id": "relation/42073", "group": "Amministrazione", "subgroup": "Uffici Pubblici", "subcategory": "Comune italiano"}, "geometry": {"type": "Point", "coordinates": [12.2025, 42.573333333]}}, {"type": "Feature", "properties": {"wikidata": "Q175961", "name": "Monte Romano", "status": "done", "osm_id": "relation/41888", "group": "Amministrazione", "subgroup": "Uffici Pubblici", "subcategory": "Comune italiano"}, "geometry": {"type": "Point", "coordinates": [11.898611111, 42.268055555]}}, {"type": "Feature", "properties": {"wikidata": "Q154372", "name": "Montecassino", "status": "done", "osm_id": "node/4311950317", "group": "Natura e paesaggio", "subgroup": "Montagna", "subcategory": "Montagna"}, "geometry": {"type": "Point", "coordinates": [13.813888888, 41.49]}}, {"type": "Feature", "properties": {"wikidata": "Q129150", "name": "Palazzo Scanderbeg", "status": "done", "osm_id": "way/198947251", "group": "Dimore ed edifici", "subgroup": "Residenze", "subcategory": "Palazzo italiano"}, "geometry": {"type": "Point", "coordinates": [12.4849, 41.9007]}}, {"type": "Feature", "properties": {"wikidata": "Q128163", "name": "Roccasecca dei Volsci", "status": "done", "osm_id": "relation/41309", "group": "Amministrazione", "subgroup": "Uffici Pubblici", "subcategory": "Comune italiano"}, "geometry": {"type": "Point", "coordinates": [13.216666666, 41.483333333]}}, {"type": "Feature", "properties": {"wikidata": "Q180074", "name": "Vasanello", "status": "done", "osm_id": "relation/41999", "group": "Amministrazione", "subgroup": "Uffici Pubblici", "subcategory": "Comune italiano"}, "geometry": {"type": "Point", "coordinates": [12.3475, 42.414444444]}}, {"type": "Feature", "properties": {"wikidata": "Q159678", "name": "Blera", "status": "done", "osm_id": "relation/41816", "group": "Amministrazione", "subgroup": "Uffici Pubblici", "subcategory": "Comune italiano"}, "geometry": {"type": "Point", "coordinates": [12.0325, 42.273333333]}}, {"type": "Feature", "properties": {"wikidata": "Q128101", "name": "Lenola", "status": "done", "osm_id": "relation/41274", "group": "Amministrazione", "subgroup": "Uffici Pubblici", "subcategory": "Comune italiano"}, "geometry": {"type": "Point", "coordinates": [13.4625, 41.409166666]}}, {"type": "Feature", "properties": {"wikidata": "Q146988", "name": "isola Zannone", "status": "done", "osm_id": "way/24321518", "group": "Natura e paesaggio", "subgroup": "Mare e Costa", "subcategory": "Isola"}, "geometry": {"type": "Point", "coordinates": [13.05, 40.966666666]}}, {"type": "Feature", "properties": {"wikidata": "Q177728", "name": "Soriano nel Cimino", "status": "done", "osm_id": "relation/42007", "group": "Amministrazione", "subgroup": "Uffici Pubblici", "subcategory": "Comune italiano"}, "geometry": {"type": "Point", "coordinates": [12.234166666, 42.419444444]}}, {"type": "Feature", "properties": {"wikidata": "Q160954", "name": "Civita Castellana", "status": "done", "osm_id": "relation/41919", "group": "Amministrazione", "subgroup": "Uffici Pubblici", "subcategory": "Comune italiano"}, "geometry": {"type": "Point", "coordinates": [12.41, 42.296111111]}}, {"type": "Feature", "properties": {"wikidata": "Q128134", "name": "Ponza", "status": "done", "osm_id": "relation/40922", "group": "Amministrazione", "subgroup": "Uffici Pubblici", "subcategory": "Comune italiano"}, "geometry": {"type": "Point", "coordinates": [12.966666666, 40.9]}}, {"type": "Feature", "properties": {"wikidata": "Q128081", "name": "Cori", "status": "done", "osm_id": "relation/41440", "group": "Amministrazione", "subgroup": "Uffici Pubblici", "subcategory": "Comune italiano"}, "geometry": {"type": "Point", "coordinates": [12.916666666, 41.65]}}, {"type": "Feature", "properties": {"wikidata": "Q160253", "name": "Capranica", "status": "done", "osm_id": "relation/41883", "group": "Amministrazione", "subgroup": "Uffici Pubblici", "subcategory": "Comune italiano"}, "geometry": {"type": "Point", "coordinates": [12.17278, 42.25849]}}, {"type": "Feature", "properties": {"wikidata": "Q159529", "name": "Bassano in Teverina", "status": "done", "osm_id": "relation/42031", "group": "Amministrazione", "subgroup": "Uffici Pubblici", "subcategory": "Comune italiano"}, "geometry": {"type": "Point", "coordinates": [12.3125, 42.466666666]}}, {"type": "Feature", "properties": {"wikidata": "Q160943", "name": "Celleno", "status": "done", "osm_id": "relation/42092", "group": "Amministrazione", "subgroup": "Uffici Pubblici", "subcategory": "Comune italiano"}, "geometry": {"type": "Point", "coordinates": [12.137222222, 42.560833333]}}, {"type": "Feature", "properties": {"wikidata": "Q128157", "name": "Rocca Massima", "status": "done", "osm_id": "relation/41489", "group": "Amministrazione", "subgroup": "Uffici Pubblici", "subcategory": "Comune italiano"}, "geometry": {"type": "Point", "coordinates": [12.92063, 41.67833]}}, {"type": "Feature", "properties": {"wikidata": "Q176155", "name": "Nepi", "status": "done", "osm_id": "relation/41824", "group": "Amministrazione", "subgroup": "Uffici Pubblici", "subcategory": "Comune italiano"}, "geometry": {"type": "Point", "coordinates": [12.346388888, 42.243611111]}}, {"type": "Feature", "properties": {"wikidata": "Q128170", "name": "San Felice Circeo", "status": "done", "osm_id": "relation/41184", "group": "Amministrazione", "subgroup": "Uffici Pubblici", "subcategory": "Comune italiano"}, "geometry": {"type": "Point", "coordinates": [13.095555555, 41.235277777]}}, {"type": "Feature", "properties": {"wikidata": "Q128084", "name": "Fondi", "status": "done", "osm_id": "relation/41215", "group": "Amministrazione", "subgroup": "Uffici Pubblici", "subcategory": "Comune italiano"}, "geometry": {"type": "Point", "coordinates": [13.416666666, 41.35]}}, {"type": "Feature", "properties": {"wikidata": "Q177713", "name": "San Lorenzo Nuovo", "status": "done", "osm_id": "relation/42098", "group": "Amministrazione", "subgroup": "Uffici Pubblici", "subcategory": "Comune italiano"}, "geometry": {"type": "Point", "coordinates": [11.9075, 42.6875]}}, {"type": "Feature", "properties": {"wikidata": "Q128060", "name": "Campodimele", "status": "done", "osm_id": "relation/41258", "group": "Amministrazione", "subgroup": "Uffici Pubblici", "subcategory": "Comune italiano"}, "geometry": {"type": "Point", "coordinates": [13.533333333, 41.383333333]}}, {"type": "Feature", "properties": {"wikidata": "Q128143", "name": "Prossedi", "status": "done", "osm_id": "relation/41325", "group": "Amministrazione", "subgroup": "Uffici Pubblici", "subcategory": "Comune italiano"}, "geometry": {"type": "Point", "coordinates": [13.266666666, 41.516666666]}}, {"type": "Feature", "properties": {"wikidata": "Q128185", "name": "Santi Cosma e Damiano", "status": "done", "osm_id": "relation/41207", "group": "Amministrazione", "subgroup": "Uffici Pubblici", "subcategory": "Comune italiano"}, "geometry": {"type": "Point", "coordinates": [13.816666666, 41.3]}}, {"type": "Feature", "properties": {"wikidata": "Q176171", "name": "Oriolo Romano", "status": "done", "osm_id": "relation/41818", "group": "Amministrazione", "subgroup": "Uffici Pubblici", "subcategory": "Comune italiano"}, "geometry": {"type": "Point", "coordinates": [12.1378, 42.1578]}}, {"type": "Feature", "properties": {"wikidata": "Q160963", "name": "Corchiano", "status": "done", "osm_id": "relation/41979", "group": "Amministrazione", "subgroup": "Uffici Pubblici", "subcategory": "Comune italiano"}, "geometry": {"type": "Point", "coordinates": [12.356388888, 42.345833333]}}, {"type": "Feature", "properties": {"wikidata": "Q159884", "name": "Stadio Olimpico", "status": "done", "osm_id": "way/117457119", "group": "Altro", "subgroup": "Altro", "subcategory": "Altro"}, "geometry": {"type": "Point", "coordinates": [12.454722222, 41.933888888]}}, {"type": "Feature", "properties": {"wikidata": "Q160243", "name": "Capodimonte", "status": "done", "osm_id": "relation/42050", "group": "Amministrazione", "subgroup": "Uffici Pubblici", "subcategory": "Comune italiano"}, "geometry": {"type": "Point", "coordinates": [11.905555555, 42.5475]}}, {"type": "Feature", "properties": {"wikidata": "Q128092", "name": "Itri", "status": "done", "osm_id": "relation/41175", "group": "Amministrazione", "subgroup": "Uffici Pubblici", "subcategory": "Comune italiano"}, "geometry": {"type": "Point", "coordinates": [13.533333333, 41.283333333]}}, {"type": "Feature", "properties": {"wikidata": "Q160967", "name": "Fabrica di Roma", "status": "done", "osm_id": "relation/41932", "group": "Amministrazione", "subgroup": "Uffici Pubblici", "subcategory": "Comune italiano"}, "geometry": {"type": "Point", "coordinates": [12.300277777, 42.334722222]}}, {"type": "Feature", "properties": {"wikidata": "Q176180", "name": "Orte", "status": "done", "osm_id": "relation/42001", "group": "Amministrazione", "subgroup": "Uffici Pubblici", "subcategory": "Comune italiano"}, "geometry": {"type": "Point", "coordinates": [12.386111111, 42.460277777]}}, {"type": "Feature", "properties": {"wikidata": "Q128062", "name": "Castelforte", "status": "done", "osm_id": "relation/41229", "group": "Amministrazione", "subgroup": "Uffici Pubblici", "subcategory": "Comune italiano"}, "geometry": {"type": "Point", "coordinates": [13.833333333, 41.3]}}, {"type": "Feature", "properties": {"wikidata": "Q160282", "name": "Castiglione in Teverina", "status": "done", "osm_id": "relation/42118", "group": "Amministrazione", "subgroup": "Uffici Pubblici", "subcategory": "Comune italiano"}, "geometry": {"type": "Point", "coordinates": [12.204166666, 42.648888888]}}, {"type": "Feature", "properties": {"wikidata": "Q159703", "name": "Canepina", "status": "done", "osm_id": "relation/41986", "group": "Amministrazione", "subgroup": "Uffici Pubblici", "subcategory": "Comune italiano"}, "geometry": {"type": "Point", "coordinates": [12.232777777, 42.383055555]}}, {"type": "Feature", "properties": {"wikidata": "Q175903", "name": "Ischia di Castro", "status": "done", "osm_id": "relation/42059", "group": "Altro", "subgroup": "Altro", "subcategory": "Altro"}, "geometry": {"type": "Point", "coordinates": [11.756944444, 42.545]}}, {"type": "Feature", "properties": {"wikidata": "Q180032", "name": "Tuscania", "status": "done", "osm_id": "relation/41988", "group": "Amministrazione", "subgroup": "Uffici Pubblici", "subcategory": "Comune italiano"}, "geometry": {"type": "Point", "coordinates": [11.871944444, 42.421388888]}}, {"type": "Feature", "properties": {"wikidata": "Q128165", "name": "Sabaudia", "status": "done", "osm_id": "relation/41208", "group": "Amministrazione", "subgroup": "Uffici Pubblici", "subcategory": "Comune italiano"}, "geometry": {"type": "Point", "coordinates": [13.02477, 41.29985]}}, {"type": "Feature", "properties": {"wikidata": "Q138823", "name": "Farnese", "status": "done", "osm_id": "relation/42087", "group": "Amministrazione", "subgroup": "Uffici Pubblici", "subcategory": "Comune italiano"}, "geometry": {"type": "Point", "coordinates": [11.726388888, 42.550277777]}}, {"type": "Feature", "properties": {"wikidata": "Q128130", "name": "Pontinia", "status": "done", "osm_id": "relation/41262", "group": "Amministrazione", "subgroup": "Uffici Pubblici", "subcategory": "Comune italiano"}, "geometry": {"type": "Point", "coordinates": [13.04434, 41.4083]}}, {"type": "Feature", "properties": {"wikidata": "Q128211", "name": "Sonnino", "status": "done", "osm_id": "relation/41263", "group": "Amministrazione", "subgroup": "Uffici Pubblici", "subcategory": "Comune italiano"}, "geometry": {"type": "Point", "coordinates": [13.241397222, 41.414458333]}}, {"type": "Feature", "properties": {"wikidata": "Q159485", "name": "Arlena di Castro", "status": "done", "osm_id": "relation/42041", "group": "Amministrazione", "subgroup": "Uffici Pubblici", "subcategory": "Comune italiano"}, "geometry": {"type": "Point", "coordinates": [11.821388888, 42.463611111]}}, {"type": "Feature", "properties": {"wikidata": "Q180050", "name": "Valentano", "status": "done", "osm_id": "relation/42077", "group": "Amministrazione", "subgroup": "Uffici Pubblici", "subcategory": "Comune italiano"}, "geometry": {"type": "Point", "coordinates": [11.826944444, 42.565277777]}}, {"type": "Feature", "properties": {"wikidata": "Q128230", "name": "Ventotene", "status": "done", "osm_id": "relation/40782", "group": "Amministrazione", "subgroup": "Uffici Pubblici", "subcategory": "Comune italiano"}, "geometry": {"type": "Point", "coordinates": [13.433333333, 40.8]}}, {"type": "Feature", "properties": {"wikidata": "Q176473", "name": "Pontificio istituto orientale", "status": "done", "osm_id": "way/346391635", "group": "Altro", "subgroup": "Altro", "subcategory": "Altro"}, "geometry": {"type": "Point", "coordinates": [12.5, 41.89713889]}}, {"type": "Feature", "properties": {"wikidata": "Q180064", "name": "Vallerano", "status": "done", "osm_id": "relation/41978", "group": "Amministrazione", "subgroup": "Uffici Pubblici", "subcategory": "Comune italiano"}, "geometry": {"type": "Point", "coordinates": [12.264166666, 42.385]}}, {"type": "Feature", "properties": {"wikidata": "Q177684", "name": "Proceno", "status": "done", "osm_id": "relation/42163", "group": "Amministrazione", "subgroup": "Uffici Pubblici", "subcategory": "Comune italiano"}, "geometry": {"type": "Point", "coordinates": [11.830555555, 42.758055555]}}, {"type": "Feature", "properties": {"wikidata": "Q159474", "name": "Acquapendente", "status": "done", "osm_id": "relation/42144", "group": "Amministrazione", "subgroup": "Uffici Pubblici", "subcategory": "Comune italiano"}, "geometry": {"type": "Point", "coordinates": [11.865, 42.744722222]}}, {"type": "Feature", "properties": {"wikidata": "Q159520", "name": "Bassano Romano", "status": "done", "osm_id": "relation/41851", "group": "Amministrazione", "subgroup": "Uffici Pubblici", "subcategory": "Comune italiano"}, "geometry": {"type": "Point", "coordinates": [12.19, 42.225277777]}}, {"type": "Feature", "properties": {"wikidata": "Q179999", "name": "Tarquinia", "status": "done", "osm_id": "relation/41828", "group": "Amministrazione", "subgroup": "Uffici Pubblici", "subcategory": "Comune italiano"}, "geometry": {"type": "Point", "coordinates": [11.756111111, 42.249166666]}}, {"type": "Feature", "properties": {"wikidata": "Q176162", "name": "Onano", "status": "done", "osm_id": "relation/42121", "group": "Amministrazione", "subgroup": "Uffici Pubblici", "subcategory": "Comune italiano"}, "geometry": {"type": "Point", "coordinates": [11.816944444, 42.692222222]}}, {"type": "Feature", "properties": {"wikidata": "Q160269", "name": "Carbognano", "status": "done", "osm_id": "relation/41943", "group": "Amministrazione", "subgroup": "Uffici Pubblici", "subcategory": "Comune italiano"}, "geometry": {"type": "Point", "coordinates": [12.265277777, 42.3325]}}, {"type": "Feature", "properties": {"wikidata": "Q162353", "name": "Arco di Settimio Severo", "status": "done", "osm_id": "way/49824161", "group": "Archeologia", "subgroup": "Siti", "subcategory": "Rovine"}, "geometry": {"type": "Point", "coordinates": [12.484722222, 41.892777777]}}, {"type": "Feature", "properties": {"wikidata": "Q176142", "name": "Montefiascone", "status": "done", "osm_id": "relation/42085", "group": "Amministrazione", "subgroup": "Uffici Pubblici", "subcategory": "Comune italiano"}, "geometry": {"type": "Point", "coordinates": [12.033333333, 42.533333333]}}, {"type": "Feature", "properties": {"wikidata": "Q175939", "name": "Lubriano", "status": "done", "osm_id": "relation/42123", "group": "Amministrazione", "subgroup": "Uffici Pubblici", "subcategory": "Comune italiano"}, "geometry": {"type": "Point", "coordinates": [12.109444444, 42.636944444]}}, {"type": "Feature", "properties": {"wikidata": "Q161716", "name": "Grotte di Castro", "status": "done", "osm_id": "relation/42126", "group": "Amministrazione", "subgroup": "Uffici Pubblici", "subcategory": "Comune italiano"}, "geometry": {"type": "Point", "coordinates": [11.873055555, 42.675277777]}}, {"type": "Feature", "properties": {"wikidata": "Q160959", "name": "Civitella d'Agliano", "status": "done", "osm_id": "relation/42091", "group": "Amministrazione", "subgroup": "Uffici Pubblici", "subcategory": "Comune italiano"}, "geometry": {"type": "Point", "coordinates": [12.187777777, 42.604166666]}}, {"type": "Feature", "properties": {"wikidata": "Q128202", "name": "Sermoneta", "status": "done", "osm_id": "relation/1768914", "group": "Amministrazione", "subgroup": "Uffici Pubblici", "subcategory": "Comune italiano"}, "geometry": {"type": "Point", "coordinates": [12.983333333, 41.55]}}, {"type": "Feature", "properties": {"wikidata": "Q128119", "name": "Norma", "status": "done", "osm_id": "relation/1768913", "group": "Amministrazione", "subgroup": "Uffici Pubblici", "subcategory": "Comune italiano"}, "geometry": {"type": "Point", "coordinates": [12.966666666, 41.583333333]}}, {"type": "Feature", "properties": {"wikidata": "Q128206", "name": "Sezze", "status": "done", "osm_id": "relation/41316", "group": "Amministrazione", "subgroup": "Uffici Pubblici", "subcategory": "Comune italiano"}, "geometry": {"type": "Point", "coordinates": [13.066666666, 41.5]}}, {"type": "Feature", "properties": {"wikidata": "Q128065", "name": "Cisterna di Latina", "status": "done", "osm_id": "relation/1768912", "group": "Amministrazione", "subgroup": "Uffici Pubblici", "subcategory": "Comune italiano"}, "geometry": {"type": "Point", "coordinates": [12.830555555, 41.588888888]}}, {"type": "Feature", "properties": {"wikidata": "Q128161", "name": "Roccagorga", "status": "done", "osm_id": "relation/41340", "group": "Amministrazione", "subgroup": "Uffici Pubblici", "subcategory": "Comune italiano"}, "geometry": {"type": "Point", "coordinates": [13.15, 41.533333333]}}, {"type": "Feature", "properties": {"wikidata": "Q161685", "name": "Gallese", "status": "done", "osm_id": "relation/41981", "group": "Amministrazione", "subgroup": "Uffici Pubblici", "subcategory": "Comune italiano"}, "geometry": {"type": "Point", "coordinates": [12.399722222, 42.374444444]}}, {"type": "Feature", "properties": {"wikidata": "Q177741", "name": "Sutri", "status": "done", "osm_id": "relation/41846", "group": "Amministrazione", "subgroup": "Uffici Pubblici", "subcategory": "Comune italiano"}, "geometry": {"type": "Point", "coordinates": [12.215833333, 42.247777777]}}, {"type": "Feature", "properties": {"wikidata": "Q128105", "name": "Minturno", "status": "done", "osm_id": "relation/41180", "group": "Amministrazione", "subgroup": "Uffici Pubblici", "subcategory": "Comune italiano"}, "geometry": {"type": "Point", "coordinates": [13.75, 41.266666666]}}, {"type": "Feature", "properties": {"wikidata": "Q128217", "name": "Sperlonga", "status": "done", "osm_id": "relation/41201", "group": "Amministrazione", "subgroup": "Uffici Pubblici", "subcategory": "Comune italiano"}, "geometry": {"type": "Point", "coordinates": [13.433333333, 41.266666666]}}, {"type": "Feature", "properties": {"wikidata": "Q128222", "name": "Spigno Saturnia", "status": "done", "osm_id": "relation/41221", "group": "Amministrazione", "subgroup": "Uffici Pubblici", "subcategory": "Comune italiano"}, "geometry": {"type": "Point", "coordinates": [13.733333333, 41.3]}}, {"type": "Feature", "properties": {"wikidata": "Q175956", "name": "Montalto di Castro", "status": "done", "osm_id": "relation/41974", "group": "Amministrazione", "subgroup": "Uffici Pubblici", "subcategory": "Comune italiano"}, "geometry": {"type": "Point", "coordinates": [11.607777777, 42.351388888]}}, {"type": "Feature", "properties": {"wikidata": "Q161657", "name": "Faleria", "status": "done", "osm_id": "relation/41889", "group": "Amministrazione", "subgroup": "Uffici Pubblici", "subcategory": "Comune italiano"}, "geometry": {"type": "Point", "coordinates": [12.446111111, 42.2275]}}, {"type": "Feature", "properties": {"wikidata": "Q175948", "name": "Marta", "status": "done", "osm_id": "relation/42049", "group": "Amministrazione", "subgroup": "Uffici Pubblici", "subcategory": "Comune italiano"}, "geometry": {"type": "Point", "coordinates": [11.925833333, 42.534444444]}}, {"type": "Feature", "properties": {"wikidata": "Q159696", "name": "Calcata", "status": "done", "osm_id": "relation/41848", "group": "Amministrazione", "subgroup": "Uffici Pubblici", "subcategory": "Comune italiano"}, "geometry": {"type": "Point", "coordinates": [12.42617, 42.21952]}}, {"type": "Feature", "properties": {"wikidata": "Q161694", "name": "Gradoli", "status": "done", "osm_id": "relation/42097", "group": "Amministrazione", "subgroup": "Uffici Pubblici", "subcategory": "Comune italiano"}, "geometry": {"type": "Point", "coordinates": [11.855555555, 42.644444444]}}, {"type": "Feature", "properties": {"wikidata": "Q176150", "name": "Monterosi", "status": "done", "osm_id": "relation/41841", "group": "Amministrazione", "subgroup": "Uffici Pubblici", "subcategory": "Comune italiano"}, "geometry": {"type": "Point", "coordinates": [12.30842, 42.19698]}}, {"type": "Feature", "properties": {"wikidata": "Q160950", "name": "Cellere", "status": "done", "osm_id": "relation/42056", "group": "Amministrazione", "subgroup": "Uffici Pubblici", "subcategory": "Comune italiano"}, "geometry": {"type": "Point", "coordinates": [11.7725, 42.511388888]}}, {"type": "Feature", "properties": {"wikidata": "Q128103", "name": "Maenza", "status": "done", "osm_id": "relation/41346", "group": "Amministrazione", "subgroup": "Uffici Pubblici", "subcategory": "Comune italiano"}, "geometry": {"type": "Point", "coordinates": [13.183333333, 41.516666666]}}, {"type": "Feature", "properties": {"wikidata": "Q159710", "name": "Canino", "status": "done", "osm_id": "relation/42018", "group": "Amministrazione", "subgroup": "Uffici Pubblici", "subcategory": "Comune italiano"}, "geometry": {"type": "Point", "coordinates": [11.751944444, 42.465]}}, {"type": "Feature", "properties": {"wikidata": "Q128139", "name": "Priverno", "status": "done", "osm_id": "relation/41300", "group": "Amministrazione", "subgroup": "Uffici Pubblici", "subcategory": "Comune italiano"}, "geometry": {"type": "Point", "coordinates": [13.183333333, 41.466666666]}}, {"type": "Feature", "properties": {"wikidata": "Q180015", "name": "Tessennano", "status": "done", "osm_id": "relation/42019", "group": "Amministrazione", "subgroup": "Uffici Pubblici", "subcategory": "Comune italiano"}, "geometry": {"type": "Point", "coordinates": [11.791111111, 42.479166666]}}, {"type": "Feature", "properties": {"wikidata": "Q159498", "name": "Bagnoregio", "status": "done", "osm_id": "relation/42090", "group": "Amministrazione", "subgroup": "Uffici Pubblici", "subcategory": "Comune italiano"}, "geometry": {"type": "Point", "coordinates": [12.089166666, 42.63]}}, {"type": "Feature", "properties": {"wikidata": "Q116758", "name": "Coreno Ausonio", "status": "done", "osm_id": "relation/41222", "group": "Amministrazione", "subgroup": "Uffici Pubblici", "subcategory": "Comune italiano"}, "geometry": {"type": "Point", "coordinates": [13.776666666, 41.343055555]}}, {"type": "Feature", "properties": {"wikidata": "Q116840", "name": "Fiuggi", "status": "done", "osm_id": "relation/41538", "group": "Amministrazione", "subgroup": "Uffici Pubblici", "subcategory": "Comune italiano"}, "geometry": {"type": "Point", "coordinates": [13.216666666, 41.8]}}, {"type": "Feature", "properties": {"wikidata": "Q116552", "name": "Boville Ernica", "status": "done", "osm_id": "relation/41425", "group": "Amministrazione", "subgroup": "Uffici Pubblici", "subcategory": "Comune italiano"}, "geometry": {"type": "Point", "coordinates": [13.473988888, 41.6425]}}, {"type": "Feature", "properties": {"wikidata": "Q117226", "name": "San Donato Val di Comino", "status": "done", "osm_id": "relation/41479", "group": "Amministrazione", "subgroup": "Uffici Pubblici", "subcategory": "Comune italiano"}, "geometry": {"type": "Point", "coordinates": [13.816666666, 41.7]}}, {"type": "Feature", "properties": {"wikidata": "Q116370", "name": "Acquafondata", "status": "done", "osm_id": "relation/41372", "group": "Amministrazione", "subgroup": "Uffici Pubblici", "subcategory": "Comune italiano"}, "geometry": {"type": "Point", "coordinates": [13.952222222, 41.542777777]}}, {"type": "Feature", "properties": {"wikidata": "Q116390", "name": "Alvito", "status": "done", "osm_id": "relation/41451", "group": "Amministrazione", "subgroup": "Uffici Pubblici", "subcategory": "Comune italiano"}, "geometry": {"type": "Point", "coordinates": [13.744444444, 41.688888888]}}, {"type": "Feature", "properties": {"wikidata": "Q116884", "name": "Fumone", "status": "done", "osm_id": "relation/41508", "group": "Amministrazione", "subgroup": "Uffici Pubblici", "subcategory": "Comune italiano"}, "geometry": {"type": "Point", "coordinates": [13.291111111, 41.725]}}, {"type": "Feature", "properties": {"wikidata": "Q116731", "name": "Colfelice", "status": "done", "osm_id": "relation/41335", "group": "Amministrazione", "subgroup": "Uffici Pubblici", "subcategory": "Comune italiano"}, "geometry": {"type": "Point", "coordinates": [13.6, 41.55]}}, {"type": "Feature", "properties": {"wikidata": "Q116948", "name": "Isola del Liri", "status": "done", "osm_id": "relation/41482", "group": "Amministrazione", "subgroup": "Uffici Pubblici", "subcategory": "Comune italiano"}, "geometry": {"type": "Point", "coordinates": [13.566666666, 41.683333333]}}, {"type": "Feature", "properties": {"wikidata": "Q117119", "name": "Piedimonte San Germano", "status": "done", "osm_id": "relation/41306", "group": "Amministrazione", "subgroup": "Uffici Pubblici", "subcategory": "Comune italiano"}, "geometry": {"type": "Point", "coordinates": [13.733333333, 41.5]}}, {"type": "Feature", "properties": {"wikidata": "Q117189", "name": "Posta Fibreno", "status": "done", "osm_id": "relation/41491", "group": "Amministrazione", "subgroup": "Uffici Pubblici", "subcategory": "Comune italiano"}, "geometry": {"type": "Point", "coordinates": [13.7, 41.7]}}, {"type": "Feature", "properties": {"wikidata": "Q116660", "name": "Castro dei Volsci", "status": "done", "osm_id": "relation/41318", "group": "Amministrazione", "subgroup": "Uffici Pubblici", "subcategory": "Comune italiano"}, "geometry": {"type": "Point", "coordinates": [13.4, 41.516666666]}}, {"type": "Feature", "properties": {"wikidata": "Q116404", "name": "Anagni", "status": "done", "osm_id": "relation/41475", "group": "Amministrazione", "subgroup": "Uffici Pubblici", "subcategory": "Comune italiano"}, "geometry": {"type": "Point", "coordinates": [13.15, 41.75]}}, {"type": "Feature", "properties": {"wikidata": "Q116724", "name": "Cervaro", "status": "done", "osm_id": "relation/41334", "group": "Amministrazione", "subgroup": "Uffici Pubblici", "subcategory": "Comune italiano"}, "geometry": {"type": "Point", "coordinates": [13.90218, 41.48278]}}, {"type": "Feature", "properties": {"wikidata": "Q84090", "name": "basilica di San Giovanni in Laterano", "status": "done", "osm_id": "relation/36444", "group": "Altro", "subgroup": "Altro", "subcategory": "Altro"}, "geometry": {"type": "Point", "coordinates": [12.506155555, 41.885905555]}}, {"type": "Feature", "properties": {"wikidata": "Q116592", "name": "Cassino", "status": "done", "osm_id": "relation/41290", "group": "Amministrazione", "subgroup": "Uffici Pubblici", "subcategory": "Comune italiano"}, "geometry": {"type": "Point", "coordinates": [13.833333333, 41.491666666]}}, {"type": "Feature", "properties": {"wikidata": "Q116573", "name": "Casalattico", "status": "done", "osm_id": "relation/41405", "group": "Amministrazione", "subgroup": "Uffici Pubblici", "subcategory": "Comune italiano"}, "geometry": {"type": "Point", "coordinates": [13.725, 41.621666666]}}, {"type": "Feature", "properties": {"wikidata": "Q116902", "name": "Gallinaro", "status": "done", "osm_id": "relation/41444", "group": "Amministrazione", "subgroup": "Uffici Pubblici", "subcategory": "Comune italiano"}, "geometry": {"type": "Point", "coordinates": [13.79799, 41.65502]}}, {"type": "Feature", "properties": {"wikidata": "Q117303", "name": "San Vittore del Lazio", "status": "done", "osm_id": "relation/41294", "group": "Amministrazione", "subgroup": "Uffici Pubblici", "subcategory": "Comune italiano"}, "geometry": {"type": "Point", "coordinates": [13.933333333, 41.466666666]}}, {"type": "Feature", "properties": {"wikidata": "Q117135", "name": "Pignataro Interamna", "status": "done", "osm_id": "relation/41288", "group": "Amministrazione", "subgroup": "Uffici Pubblici", "subcategory": "Comune italiano"}, "geometry": {"type": "Point", "coordinates": [13.783333333, 41.433333333]}}, {"type": "Feature", "properties": {"wikidata": "Q116961", "name": "Paliano", "status": "done", "osm_id": "relation/41507", "group": "Amministrazione", "subgroup": "Uffici Pubblici", "subcategory": "Comune italiano"}, "geometry": {"type": "Point", "coordinates": [13.05, 41.8]}}, {"type": "Feature", "properties": {"wikidata": "Q116836", "name": "Filettino", "status": "done", "osm_id": "relation/41587", "group": "Altro", "subgroup": "Altro", "subcategory": "Altro"}, "geometry": {"type": "Point", "coordinates": [13.333333333, 41.883333333]}}, {"type": "Feature", "properties": {"wikidata": "Q117319", "name": "Sant'Andrea del Garigliano", "status": "done", "osm_id": "relation/41242", "group": "Amministrazione", "subgroup": "Uffici Pubblici", "subcategory": "Comune italiano"}, "geometry": {"type": "Point", "coordinates": [13.841666666, 41.368055555]}}, {"type": "Feature", "properties": {"wikidata": "Q117498", "name": "Vallecorsa", "status": "done", "osm_id": "relation/41280", "group": "Amministrazione", "subgroup": "Uffici Pubblici", "subcategory": "Comune italiano"}, "geometry": {"type": "Point", "coordinates": [13.4, 41.45]}}, {"type": "Feature", "properties": {"wikidata": "Q117354", "name": "Serrone", "status": "done", "osm_id": "relation/41577", "group": "Amministrazione", "subgroup": "Uffici Pubblici", "subcategory": "Comune italiano"}, "geometry": {"type": "Point", "coordinates": [13.09519, 41.84212]}}, {"type": "Feature", "properties": {"wikidata": "Q117032", "name": "Pico", "status": "done", "osm_id": "relation/41291", "group": "Amministrazione", "subgroup": "Uffici Pubblici", "subcategory": "Comune italiano"}, "geometry": {"type": "Point", "coordinates": [13.561666666, 41.451388888]}}, {"type": "Feature", "properties": {"wikidata": "Q116716", "name": "Ceprano", "status": "done", "osm_id": "relation/41348", "group": "Amministrazione", "subgroup": "Uffici Pubblici", "subcategory": "Comune italiano"}, "geometry": {"type": "Point", "coordinates": [13.516666666, 41.55]}}, {"type": "Feature", "properties": {"wikidata": "Q116377", "name": "Acuto", "status": "done", "osm_id": "relation/41545", "group": "Amministrazione", "subgroup": "Uffici Pubblici", "subcategory": "Comune italiano"}, "geometry": {"type": "Point", "coordinates": [13.173316666, 41.791927777]}}, {"type": "Feature", "properties": {"wikidata": "Q116423", "name": "Arce", "status": "done", "osm_id": "relation/41358", "group": "Amministrazione", "subgroup": "Uffici Pubblici", "subcategory": "Comune italiano"}, "geometry": {"type": "Point", "coordinates": [13.583333333, 41.583333333]}}, {"type": "Feature", "properties": {"wikidata": "Q117471", "name": "Trevi nel Lazio", "status": "done", "osm_id": "relation/41584", "group": "Amministrazione", "subgroup": "Uffici Pubblici", "subcategory": "Comune italiano"}, "geometry": {"type": "Point", "coordinates": [13.246944444, 41.862222222]}}, {"type": "Feature", "properties": {"wikidata": "Q116564", "name": "Campoli Appennino", "status": "done", "osm_id": "relation/41503", "group": "Amministrazione", "subgroup": "Uffici Pubblici", "subcategory": "Comune italiano"}, "geometry": {"type": "Point", "coordinates": [13.683333333, 41.733333333]}}, {"type": "Feature", "properties": {"wikidata": "Q117382", "name": "Sora", "status": "done", "osm_id": "relation/41487", "group": "Amministrazione", "subgroup": "Uffici Pubblici", "subcategory": "Comune italiano"}, "geometry": {"type": "Point", "coordinates": [13.616666666, 41.716666666]}}, {"type": "Feature", "properties": {"wikidata": "Q116819", "name": "Esperia", "status": "done", "osm_id": "relation/41241", "group": "Amministrazione", "subgroup": "Uffici Pubblici", "subcategory": "Comune italiano"}, "geometry": {"type": "Point", "coordinates": [13.683333333, 41.383333333]}}, {"type": "Feature", "properties": {"wikidata": "Q117211", "name": "Roccasecca", "status": "done", "osm_id": "relation/41336", "group": "Amministrazione", "subgroup": "Uffici Pubblici", "subcategory": "Comune italiano"}, "geometry": {"type": "Point", "coordinates": [13.666666666, 41.55]}}, {"type": "Feature", "properties": {"wikidata": "Q117204", "name": "Rocca d'Arce", "status": "done", "osm_id": "relation/41389", "group": "Amministrazione", "subgroup": "Uffici Pubblici", "subcategory": "Comune italiano"}, "geometry": {"type": "Point", "coordinates": [13.583333333, 41.583333333]}}, {"type": "Feature", "properties": {"wikidata": "Q117518", "name": "Vallerotonda", "status": "done", "osm_id": "relation/41344", "group": "Amministrazione", "subgroup": "Uffici Pubblici", "subcategory": "Comune italiano"}, "geometry": {"type": "Point", "coordinates": [13.916666666, 41.55]}}, {"type": "Feature", "properties": {"wikidata": "Q117368", "name": "Sgurgola", "status": "done", "osm_id": "relation/41469", "group": "Amministrazione", "subgroup": "Uffici Pubblici", "subcategory": "Comune italiano"}, "geometry": {"type": "Point", "coordinates": [13.149333333, 41.67075]}}, {"type": "Feature", "properties": {"wikidata": "Q116431", "name": "Arnara", "status": "done", "osm_id": "relation/41409", "group": "Amministrazione", "subgroup": "Uffici Pubblici", "subcategory": "Comune italiano"}, "geometry": {"type": "Point", "coordinates": [13.383333333, 41.583333333]}}, {"type": "Feature", "properties": {"wikidata": "Q116531", "name": "Atina", "status": "done", "osm_id": "relation/41404", "group": "Amministrazione", "subgroup": "Uffici Pubblici", "subcategory": "Comune italiano"}, "geometry": {"type": "Point", "coordinates": [13.798438797, 41.620499997]}}, {"type": "Feature", "properties": {"wikidata": "Q116976", "name": "Pescosolido", "status": "done", "osm_id": "relation/41544", "group": "Amministrazione", "subgroup": "Uffici Pubblici", "subcategory": "Comune italiano"}, "geometry": {"type": "Point", "coordinates": [13.6575, 41.749166666]}}, {"type": "Feature", "properties": {"wikidata": "Q117461", "name": "Torrice", "status": "done", "osm_id": "relation/41420", "group": "Amministrazione", "subgroup": "Uffici Pubblici", "subcategory": "Comune italiano"}, "geometry": {"type": "Point", "coordinates": [13.398166666, 41.629555555]}}, {"type": "Feature", "properties": {"wikidata": "Q117312", "name": "Sant'Ambrogio sul Garigliano", "status": "done", "osm_id": "relation/41268", "group": "Amministrazione", "subgroup": "Uffici Pubblici", "subcategory": "Comune italiano"}, "geometry": {"type": "Point", "coordinates": [13.866666666, 41.383333333]}}, {"type": "Feature", "properties": {"wikidata": "Q117242", "name": "San Giovanni Incarico", "status": "done", "osm_id": "relation/41323", "group": "Amministrazione", "subgroup": "Uffici Pubblici", "subcategory": "Comune italiano"}, "geometry": {"type": "Point", "coordinates": [13.55, 41.5]}}, {"type": "Feature", "properties": {"wikidata": "Q116956", "name": "Morolo", "status": "done", "osm_id": "relation/41445", "group": "Amministrazione", "subgroup": "Uffici Pubblici", "subcategory": "Comune italiano"}, "geometry": {"type": "Point", "coordinates": [13.2, 41.633333333]}}, {"type": "Feature", "properties": {"wikidata": "Q117492", "name": "Trivigliano", "status": "done", "osm_id": "relation/41526", "group": "Amministrazione", "subgroup": "Uffici Pubblici", "subcategory": "Comune italiano"}, "geometry": {"type": "Point", "coordinates": [13.272805555, 41.775805555]}}, {"type": "Feature", "properties": {"wikidata": "Q117236", "name": "San Giorgio a Liri", "status": "done", "osm_id": "relation/41272", "group": "Amministrazione", "subgroup": "Uffici Pubblici", "subcategory": "Comune italiano"}, "geometry": {"type": "Point", "coordinates": [13.766666666, 41.4]}}, {"type": "Feature", "properties": {"wikidata": "Q116964", "name": "Pastena", "status": "done", "osm_id": "relation/41319", "group": "Amministrazione", "subgroup": "Uffici Pubblici", "subcategory": "Comune italiano"}, "geometry": {"type": "Point", "coordinates": [13.491111111, 41.468055555]}}, {"type": "Feature", "properties": {"wikidata": "Q116415", "name": "Aquino", "status": "done", "osm_id": "relation/41305", "group": "Amministrazione", "subgroup": "Uffici Pubblici", "subcategory": "Comune italiano"}, "geometry": {"type": "Point", "coordinates": [13.71206265, 41.4764273]}}, {"type": "Feature", "properties": {"wikidata": "Q116651", "name": "Castelnuovo Parano", "status": "done", "osm_id": "relation/41260", "group": "Amministrazione", "subgroup": "Uffici Pubblici", "subcategory": "Comune italiano"}, "geometry": {"type": "Point", "coordinates": [13.75, 41.366666666]}}, {"type": "Feature", "properties": {"wikidata": "Q116545", "name": "Belmonte Castello", "status": "done", "osm_id": "relation/41403", "group": "Amministrazione", "subgroup": "Uffici Pubblici", "subcategory": "Comune italiano"}, "geometry": {"type": "Point", "coordinates": [13.816666666, 41.583333333]}}, {"type": "Feature", "properties": {"wikidata": "Q117327", "name": "Sant'Apollinare", "status": "done", "osm_id": "relation/41267", "group": "Amministrazione", "subgroup": "Uffici Pubblici", "subcategory": "Comune italiano"}, "geometry": {"type": "Point", "coordinates": [13.833333, 41.4]}}, {"type": "Feature", "properties": {"wikidata": "Q116604", "name": "Castelliri", "status": "done", "osm_id": "relation/41459", "group": "Amministrazione", "subgroup": "Uffici Pubblici", "subcategory": "Comune italiano"}, "geometry": {"type": "Point", "coordinates": [13.55, 41.683333333]}}, {"type": "Feature", "properties": {"wikidata": "Q117342", "name": "Santopadre", "status": "done", "osm_id": "relation/41396", "group": "Amministrazione", "subgroup": "Uffici Pubblici", "subcategory": "Comune italiano"}, "geometry": {"type": "Point", "coordinates": [13.633333333, 41.6]}}, {"type": "Feature", "properties": {"wikidata": "Q116937", "name": "Giuliano di Roma", "status": "done", "osm_id": "relation/41366", "group": "Amministrazione", "subgroup": "Uffici Pubblici", "subcategory": "Comune italiano"}, "geometry": {"type": "Point", "coordinates": [13.283333333, 41.533333333]}}, {"type": "Feature", "properties": {"wikidata": "Q116828", "name": "Falvaterra", "status": "done", "osm_id": "relation/41339", "group": "Amministrazione", "subgroup": "Uffici Pubblici", "subcategory": "Comune italiano"}, "geometry": {"type": "Point", "coordinates": [13.523888888, 41.504722222]}}, {"type": "Feature", "properties": {"wikidata": "Q117333", "name": "Sant'Elia Fiumerapido", "status": "done", "osm_id": "relation/41342", "group": "Amministrazione", "subgroup": "Uffici Pubblici", "subcategory": "Comune italiano"}, "geometry": {"type": "Point", "coordinates": [13.866666666, 41.55]}}, {"type": "Feature", "properties": {"wikidata": "Q117395", "name": "Supino", "status": "done", "osm_id": "relation/41397", "group": "Amministrazione", "subgroup": "Uffici Pubblici", "subcategory": "Comune italiano"}, "geometry": {"type": "Point", "coordinates": [13.233333333, 41.616666666]}}, {"type": "Feature", "properties": {"wikidata": "Q117388", "name": "Strangolagalli", "status": "done", "osm_id": "relation/41393", "group": "Amministrazione", "subgroup": "Uffici Pubblici", "subcategory": "Comune italiano"}, "geometry": {"type": "Point", "coordinates": [13.4918, 41.60075]}}, {"type": "Feature", "properties": {"wikidata": "Q117218", "name": "San Biagio Saracinisco", "status": "done", "osm_id": "relation/41414", "group": "Amministrazione", "subgroup": "Uffici Pubblici", "subcategory": "Comune italiano"}, "geometry": {"type": "Point", "coordinates": [13.933333333, 41.616666666]}}, {"type": "Feature", "properties": {"wikidata": "Q116943", "name": "Guarcino", "status": "done", "osm_id": "relation/41539", "group": "Amministrazione", "subgroup": "Uffici Pubblici", "subcategory": "Comune italiano"}, "geometry": {"type": "Point", "coordinates": [13.316666666, 41.8]}}, {"type": "Feature", "properties": {"wikidata": "Q116440", "name": "Arpino", "status": "done", "osm_id": "relation/41430", "group": "Amministrazione", "subgroup": "Uffici Pubblici", "subcategory": "Comune italiano"}, "geometry": {"type": "Point", "coordinates": [13.61155, 41.64705]}}, {"type": "Feature", "properties": {"wikidata": "Q117198", "name": "Ripi", "status": "done", "osm_id": "relation/41392", "group": "Amministrazione", "subgroup": "Uffici Pubblici", "subcategory": "Comune italiano"}, "geometry": {"type": "Point", "coordinates": [13.433333333, 41.616666666]}}, {"type": "Feature", "properties": {"wikidata": "Q116746", "name": "Collepardo", "status": "done", "osm_id": "relation/41533", "group": "Amministrazione", "subgroup": "Uffici Pubblici", "subcategory": "Comune italiano"}, "geometry": {"type": "Point", "coordinates": [13.366666666, 41.766666666]}}, {"type": "Feature", "properties": {"wikidata": "Q116584", "name": "Casalvieri", "status": "done", "osm_id": "relation/41436", "group": "Amministrazione", "subgroup": "Uffici Pubblici", "subcategory": "Comune italiano"}, "geometry": {"type": "Point", "coordinates": [13.716666666, 41.633333333]}}, {"type": "Feature", "properties": {"wikidata": "Q116399", "name": "Amaseno", "status": "done", "osm_id": "relation/41281", "group": "Amministrazione", "subgroup": "Uffici Pubblici", "subcategory": "Comune italiano"}, "geometry": {"type": "Point", "coordinates": [13.333333333, 41.466666666]}}, {"type": "Feature", "properties": {"wikidata": "Q117454", "name": "Torre Cajetani", "status": "done", "osm_id": "relation/41546", "group": "Amministrazione", "subgroup": "Uffici Pubblici", "subcategory": "Comune italiano"}, "geometry": {"type": "Point", "coordinates": [13.2652, 41.78672]}}, {"type": "Feature", "properties": {"wikidata": "Q117186", "name": "Pontecorvo", "status": "done", "osm_id": "relation/41286", "group": "Amministrazione", "subgroup": "Uffici Pubblici", "subcategory": "Comune italiano"}, "geometry": {"type": "Point", "coordinates": [13.6676, 41.4626]}}, {"type": "Feature", "properties": {"wikidata": "Q116537", "name": "Ausonia", "status": "done", "osm_id": "relation/41248", "group": "Amministrazione", "subgroup": "Uffici Pubblici", "subcategory": "Comune italiano"}, "geometry": {"type": "Point", "coordinates": [13.75, 41.35]}}, {"type": "Feature", "properties": {"wikidata": "Q116967", "name": "Patrica", "status": "done", "osm_id": "relation/41398", "group": "Amministrazione", "subgroup": "Uffici Pubblici", "subcategory": "Comune italiano"}, "geometry": {"type": "Point", "coordinates": [13.25, 41.583333333]}}, {"type": "Feature", "properties": {"wikidata": "Q116698", "name": "Castrocielo", "status": "done", "osm_id": "relation/41329", "group": "Amministrazione", "subgroup": "Uffici Pubblici", "subcategory": "Comune italiano"}, "geometry": {"type": "Point", "coordinates": [13.7, 41.533333333]}}, {"type": "Feature", "properties": {"wikidata": "Q117362", "name": "Settefrati", "status": "done", "osm_id": "relation/41480", "group": "Amministrazione", "subgroup": "Uffici Pubblici", "subcategory": "Comune italiano"}, "geometry": {"type": "Point", "coordinates": [13.850011, 41.669624]}}, {"type": "Feature", "properties": {"wikidata": "Q117178", "name": "Pofi", "status": "done", "osm_id": "relation/41376", "group": "Amministrazione", "subgroup": "Uffici Pubblici", "subcategory": "Comune italiano"}, "geometry": {"type": "Point", "coordinates": [13.416666666, 41.566666666]}}, {"type": "Feature", "properties": {"wikidata": "Q117404", "name": "Terelle", "status": "done", "osm_id": "relation/41354", "group": "Amministrazione", "subgroup": "Uffici Pubblici", "subcategory": "Comune italiano"}, "geometry": {"type": "Point", "coordinates": [13.777805555, 41.552138888]}}, {"type": "Feature", "properties": {"wikidata": "Q71562", "name": "Liri", "status": "done", "osm_id": "way/1389884363", "group": "Natura e paesaggio", "subgroup": "Acqua", "subcategory": "Fiume"}, "geometry": {"type": "Point", "coordinates": [13.8629, 41.4098]}}, {"type": "Feature", "properties": {"wikidata": "Q116742", "name": "Colle San Magno", "status": "done", "osm_id": "relation/41353", "group": "Amministrazione", "subgroup": "Uffici Pubblici", "subcategory": "Comune italiano"}, "geometry": {"type": "Point", "coordinates": [13.7, 41.55]}}, {"type": "Feature", "properties": {"wikidata": "Q94574", "name": "Aula Regia", "status": "done", "osm_id": "node/5586787424", "group": "Archeologia", "subgroup": "Siti", "subcategory": "Sito archeologico"}, "geometry": {"type": "Point", "coordinates": [12.487, 41.8891]}}, {"type": "Feature", "properties": {"wikidata": "Q116559", "name": "Broccostella", "status": "done", "osm_id": "relation/41488", "group": "Amministrazione", "subgroup": "Uffici Pubblici", "subcategory": "Comune italiano"}, "geometry": {"type": "Point", "coordinates": [13.633333333, 41.7]}}, {"type": "Feature", "properties": {"wikidata": "Q116859", "name": "Fontechiari", "status": "done", "osm_id": "relation/41468", "group": "Amministrazione", "subgroup": "Uffici Pubblici", "subcategory": "Comune italiano"}, "geometry": {"type": "Point", "coordinates": [13.675, 41.6675]}}, {"type": "Feature", "properties": {"wikidata": "Q116706", "name": "Ceccano", "status": "done", "osm_id": "relation/41367", "group": "Amministrazione", "subgroup": "Uffici Pubblici", "subcategory": "Comune italiano"}, "geometry": {"type": "Point", "coordinates": [13.333333333, 41.566666666]}}, {"type": "Feature", "properties": {"wikidata": "Q117509", "name": "Vallemaio", "status": "done", "osm_id": "relation/41244", "group": "Amministrazione", "subgroup": "Uffici Pubblici", "subcategory": "Comune italiano"}, "geometry": {"type": "Point", "coordinates": [13.8115, 41.365916666]}}, {"type": "Feature", "properties": {"wikidata": "Q116989", "name": "Picinisco", "status": "done", "osm_id": "relation/41417", "group": "Amministrazione", "subgroup": "Uffici Pubblici", "subcategory": "Comune italiano"}, "geometry": {"type": "Point", "coordinates": [13.866666666, 41.65]}}, {"type": "Feature", "properties": {"wikidata": "Q117128", "name": "Piglio", "status": "done", "osm_id": "relation/41551", "group": "Amministrazione", "subgroup": "Uffici Pubblici", "subcategory": "Comune italiano"}, "geometry": {"type": "Point", "coordinates": [13.141666666, 41.828055555]}}, {"type": "Feature", "properties": {"wikidata": "Q99309", "name": "Pantheon", "status": "done", "osm_id": "relation/3374342", "group": "Religione", "subgroup": "Luoghi di Culto", "subcategory": "Basilica minore"}, "geometry": {"type": "Point", "coordinates": [12.476944444, 41.898611111]}}, {"type": "Feature", "properties": {"wikidata": "Q116844", "name": "Fontana Liri", "status": "done", "osm_id": "relation/41418", "group": "Amministrazione", "subgroup": "Uffici Pubblici", "subcategory": "Comune italiano"}, "geometry": {"type": "Point", "coordinates": [13.55, 41.616666666]}}, {"type": "Feature", "properties": {"wikidata": "Q116952", "name": "Monte San Giovanni Campano", "status": "done", "osm_id": "relation/41415", "group": "Amministrazione", "subgroup": "Uffici Pubblici", "subcategory": "Comune italiano"}, "geometry": {"type": "Point", "coordinates": [13.516666666, 41.633333333]}}, {"type": "Feature", "properties": {"wikidata": "Q588929", "name": "British School at Rome", "status": "missing", "osm_id": null, "group": "Cultura e tempo libero", "subgroup": "Archivi", "subcategory": "Archivio"}, "geometry": {"type": "Point", "coordinates": [12.481188888, 41.9183]}}, {"type": "Feature", "properties": {"wikidata": "Q568342", "name": "Tabularium", "status": "missing", "osm_id": null, "group": "Altro", "subgroup": "Altro", "subcategory": "Altro"}, "geometry": {"type": "Point", "coordinates": [12.483611111, 41.892777777]}}, {"type": "Feature", "properties": {"wikidata": "Q548435", "name": "Pontificia Universit\u00e0 della Santa Croce", "status": "done", "osm_id": "node/2144627661", "group": "Altro", "subgroup": "Altro", "subcategory": "Altro"}, "geometry": {"type": "Point", "coordinates": [12.470266, 41.894951]}}, {"type": "Feature", "properties": {"wikidata": "Q603939", "name": "Museo storico dei bersaglieri", "status": "done", "osm_id": "node/602095458", "group": "Cultura e tempo libero", "subgroup": "Musei", "subcategory": "Museo storico"}, "geometry": {"type": "Point", "coordinates": [12.501021539, 41.909115813]}}, {"type": "Feature", "properties": {"wikidata": "Q582353", "name": "Tempio di Apollo Sosiano", "status": "done", "osm_id": "way/182282759", "group": "Religione", "subgroup": "Luoghi di Culto", "subcategory": "Tempio"}, "geometry": {"type": "Point", "coordinates": [12.47964, 41.89232]}}, {"type": "Feature", "properties": {"wikidata": "Q622438", "name": "Domus Aurea", "status": "done", "osm_id": "node/13119048948", "group": "Altro", "subgroup": "Altro", "subcategory": "Altro"}, "geometry": {"type": "Point", "coordinates": [12.495277777, 41.891388888]}}, {"type": "Feature", "properties": {"wikidata": "Q588377", "name": "Teatro Argentina", "status": "done", "osm_id": "way/125831637", "group": "Cultura e tempo libero", "subgroup": "Spettacolo", "subcategory": "Teatro d'opera"}, "geometry": {"type": "Point", "coordinates": [12.476111111, 41.895555555]}}, {"type": "Feature", "properties": {"wikidata": "Q583541", "name": "Palazzo Margherita", "status": "done", "osm_id": "relation/7987468", "group": "Dimore ed edifici", "subgroup": "Residenze", "subcategory": "Palazzo italiano"}, "geometry": {"type": "Point", "coordinates": [12.490827, 41.906734]}}, {"type": "Feature", "properties": {"wikidata": "Q585954", "name": "San Gregorio Magno alla Magliana Nuova", "status": "missing", "osm_id": null, "group": "Altro", "subgroup": "Altro", "subcategory": "Altro"}, "geometry": {"type": "Point", "coordinates": [12.458885194, 41.844983523]}}, {"type": "Feature", "properties": {"wikidata": "Q592799", "name": "chiesa di San Giovanni a Porta Latina", "status": "done", "osm_id": "way/27030110", "group": "Religione", "subgroup": "Luoghi di Culto", "subcategory": "Chiesa"}, "geometry": {"type": "Point", "coordinates": [12.50193, 41.87726]}}, {"type": "Feature", "properties": {"wikidata": "Q615128", "name": "centrale elettronucleare Montalto di Castro", "status": "done", "osm_id": "way/244931644", "group": "Altro", "subgroup": "Altro", "subcategory": "Altro"}, "geometry": {"type": "Point", "coordinates": [11.5314, 42.3588]}}, {"type": "Feature", "properties": {"wikidata": "Q597957", "name": "Palazzo Farnese", "status": "done", "osm_id": "relation/2129679", "group": "Dimore ed edifici", "subgroup": "Residenze", "subcategory": "Palazzo italiano"}, "geometry": {"type": "Point", "coordinates": [12.23701, 42.328632]}}, {"type": "Feature", "properties": {"wikidata": "Q611387", "name": "Porto di Ripa Grande e Arsenale pontificio", "status": "done", "osm_id": "way/369631969", "group": "Altro", "subgroup": "Altro", "subcategory": "Altro"}, "geometry": {"type": "Point", "coordinates": [12.4766, 41.8844]}}, {"type": "Feature", "properties": {"wikidata": "Q616887", "name": "Porta Esquilina", "status": "done", "osm_id": "way/81741050", "group": "Fortificazioni e militare", "subgroup": "Fortificazioni", "subcategory": "Porta cittadina"}, "geometry": {"type": "Point", "coordinates": [12.50135, 41.89577]}}, {"type": "Feature", "properties": {"wikidata": "Q550215", "name": "Pincio", "status": "done", "osm_id": "relation/14026944", "group": "Natura e paesaggio", "subgroup": "Verde", "subcategory": "Parco"}, "geometry": {"type": "Point", "coordinates": [12.479653, 41.911763]}}, {"type": "Feature", "properties": {"wikidata": "Q580555", "name": "Arco di Giano", "status": "done", "osm_id": "way/52924046", "group": "Altro", "subgroup": "Altro", "subcategory": "Altro"}, "geometry": {"type": "Point", "coordinates": [12.482778, 41.889444]}}, {"type": "Feature", "properties": {"wikidata": "Q569253", "name": "basilica di Santa Maria degli Angeli e dei Martiri", "status": "done", "osm_id": "way/201482365", "group": "Religione", "subgroup": "Luoghi di Culto", "subcategory": "Basilica minore"}, "geometry": {"type": "Point", "coordinates": [12.496944444, 41.903055555]}}, {"type": "Feature", "properties": {"wikidata": "Q586468", "name": "Tempio di Giove Ottimo Massimo", "status": "missing", "osm_id": null, "group": "Religione", "subgroup": "Luoghi di Culto", "subcategory": "Tempio"}, "geometry": {"type": "Point", "coordinates": [12.481689, 41.892175]}}, {"type": "Feature", "properties": {"wikidata": "Q584051", "name": "Fraioli", "status": "done", "osm_id": "node/2239754557", "group": "Insediamenti", "subgroup": "Centri", "subcategory": "Frazione"}, "geometry": {"type": "Point", "coordinates": [13.6173, 41.57953]}}, {"type": "Feature", "properties": {"wikidata": "Q579113", "name": "San Luca a Via Prenestina", "status": "missing", "osm_id": null, "group": "Altro", "subgroup": "Altro", "subcategory": "Altro"}, "geometry": {"type": "Point", "coordinates": [12.537607879, 41.888363127]}}, {"type": "Feature", "properties": {"wikidata": "Q595477", "name": "Monti Ausoni", "status": "missing", "osm_id": null, "group": "Natura e paesaggio", "subgroup": "Montagna", "subcategory": "Montagna"}, "geometry": {"type": "Point", "coordinates": [13.33, 41.42]}}, {"type": "Feature", "properties": {"wikidata": "Q574740", "name": "parco dei Mostri", "status": "done", "osm_id": "relation/11795110", "group": "Natura e paesaggio", "subgroup": "Verde", "subcategory": "Parco"}, "geometry": {"type": "Point", "coordinates": [12.247575, 42.491633333]}}, {"type": "Feature", "properties": {"wikidata": "Q599302", "name": "Colonna di Antonino Pio", "status": "missing", "osm_id": null, "group": "Altro", "subgroup": "Altro", "subcategory": "Altro"}, "geometry": {"type": "Point", "coordinates": [12.47611111, 41.90166667]}}, {"type": "Feature", "properties": {"wikidata": "Q550592", "name": "Municipio Roma I", "status": "done", "osm_id": "relation/1458218", "group": "Altro", "subgroup": "Altro", "subcategory": "Altro"}, "geometry": {"type": "Point", "coordinates": [12.48277778, 41.89305556]}}, {"type": "Feature", "properties": {"wikidata": "Q568715", "name": "lago di Giulianello", "status": "missing", "osm_id": null, "group": "Natura e paesaggio", "subgroup": "Acqua", "subcategory": "Lago"}, "geometry": {"type": "Point", "coordinates": [12.85, 41.7]}}, {"type": "Feature", "properties": {"wikidata": "Q576929", "name": "Tempio di Ercole Vincitore", "status": "done", "osm_id": "way/251342364", "group": "Religione", "subgroup": "Luoghi di Culto", "subcategory": "Tempio"}, "geometry": {"type": "Point", "coordinates": [12.48075, 41.88873]}}, {"type": "Feature", "properties": {"wikidata": "Q599035", "name": "Terme di Traiano", "status": "done", "osm_id": "relation/13162787", "group": "Archeologia", "subgroup": "Siti", "subcategory": "Sito archeologico"}, "geometry": {"type": "Point", "coordinates": [12.496281, 41.891867]}}, {"type": "Feature", "properties": {"wikidata": "Q592244", "name": "basilica di Santa Sabina", "status": "done", "osm_id": "relation/8437973", "group": "Religione", "subgroup": "Luoghi di Culto", "subcategory": "Basilica minore"}, "geometry": {"type": "Point", "coordinates": [12.479722222, 41.884444444]}}, {"type": "Feature", "properties": {"wikidata": "Q623612", "name": "Ara Pacis", "status": "done", "osm_id": "way/201291264", "group": "Religione", "subgroup": "Luoghi di Culto", "subcategory": "Santuario"}, "geometry": {"type": "Point", "coordinates": [12.475555555, 41.906388888]}}, {"type": "Feature", "properties": {"wikidata": "Q570949", "name": "Auditorium Parco della Musica", "status": "done", "osm_id": "way/1466703738", "group": "Cultura e tempo libero", "subgroup": "Spettacolo", "subcategory": "Teatro"}, "geometry": {"type": "Point", "coordinates": [12.47472222, 41.92916667]}}, {"type": "Feature", "properties": {"wikidata": "Q615542", "name": "Pontificio collegio croato di San Girolamo", "status": "missing", "osm_id": null, "group": "Altro", "subgroup": "Altro", "subcategory": "Altro"}, "geometry": {"type": "Point", "coordinates": [12.477823, 41.904742]}}, {"type": "Feature", "properties": {"wikidata": "Q584214", "name": "diocesi di Anzio", "status": "missing", "osm_id": null, "group": "Altro", "subgroup": "Altro", "subcategory": "Altro"}, "geometry": {"type": "Point", "coordinates": [12.6286, 41.4483]}}, {"type": "Feature", "properties": {"wikidata": "Q568194", "name": "Obelisco Flaminio", "status": "done", "osm_id": "way/103363773", "group": "Altro", "subgroup": "Altro", "subcategory": "Altro"}, "geometry": {"type": "Point", "coordinates": [12.47635, 41.9107]}}, {"type": "Feature", "properties": {"wikidata": "Q576462", "name": "pianura campana", "status": "missing", "osm_id": null, "group": "Altro", "subgroup": "Altro", "subcategory": "Altro"}, "geometry": {"type": "Point", "coordinates": [14.25, 41.0]}}, {"type": "Feature", "properties": {"wikidata": "Q601732", "name": "chiesa di San Giuliano", "status": "done", "osm_id": "way/178994278", "group": "Religione", "subgroup": "Luoghi di Culto", "subcategory": "Chiesa parrocchiale"}, "geometry": {"type": "Point", "coordinates": [12.427879, 41.974949]}}, {"type": "Feature", "properties": {"wikidata": "Q592987", "name": "Santa Severa", "status": "done", "osm_id": "node/387727157", "group": "Insediamenti", "subgroup": "Centri", "subcategory": "Frazione"}, "geometry": {"type": "Point", "coordinates": [11.94836, 42.02413]}}, {"type": "Feature", "properties": {"wikidata": "Q548867", "name": "Eretum", "status": "missing", "osm_id": null, "group": "Archeologia", "subgroup": "Siti", "subcategory": "Sito archeologico"}, "geometry": {"type": "Point", "coordinates": [12.738336, 42.135169]}}, {"type": "Feature", "properties": {"wikidata": "Q549998", "name": "via Salaria", "status": "missing", "osm_id": null, "group": "Altro", "subgroup": "Altro", "subcategory": "Altro"}, "geometry": {"type": "Point", "coordinates": [12.483, 41.9]}}, {"type": "Feature", "properties": {"wikidata": "Q575012", "name": "Antico Caff\u00e8 Greco", "status": "done", "osm_id": "node/619783817", "group": "Altro", "subgroup": "Altro", "subcategory": "Altro"}, "geometry": {"type": "Point", "coordinates": [12.481436, 41.905558]}}, {"type": "Feature", "properties": {"wikidata": "Q591923", "name": "Specola Vaticana", "status": "missing", "osm_id": null, "group": "Infrastrutture", "subgroup": "Industria e Tecnica", "subcategory": "Osservatorio astronomico"}, "geometry": {"type": "Point", "coordinates": [12.650555555, 41.747222222]}}, {"type": "Feature", "properties": {"wikidata": "Q588885", "name": "cappella Cornaro", "status": "missing", "osm_id": null, "group": "Religione", "subgroup": "Luoghi di Culto", "subcategory": "Chiesa"}, "geometry": {"type": "Point", "coordinates": [12.49422778, 41.90468056]}}, {"type": "Feature", "properties": {"wikidata": "Q588204", "name": "Terme di Costantino", "status": "missing", "osm_id": null, "group": "Archeologia", "subgroup": "Siti", "subcategory": "Sito archeologico"}, "geometry": {"type": "Point", "coordinates": [12.4879, 41.89843]}}, {"type": "Feature", "properties": {"wikidata": "Q610411", "name": "chiesa di San Saturnino", "status": "done", "osm_id": "way/24045451", "group": "Religione", "subgroup": "Luoghi di Culto", "subcategory": "Chiesa"}, "geometry": {"type": "Point", "coordinates": [12.5078, 41.92262]}}, {"type": "Feature", "properties": {"wikidata": "Q600139", "name": "Aqua Virgo", "status": "done", "osm_id": "way/312005914", "group": "Altro", "subgroup": "Altro", "subcategory": "Altro"}, "geometry": {"type": "Point", "coordinates": [12.62688889, 41.91022222]}}, {"type": "Feature", "properties": {"wikidata": "Q622956", "name": "Acquedotto Traiano", "status": "done", "osm_id": "way/311018804", "group": "Archeologia", "subgroup": "Siti", "subcategory": "Sito archeologico"}, "geometry": {"type": "Point", "coordinates": [12.4641, 41.8886]}}, {"type": "Feature", "properties": {"wikidata": "Q571088", "name": "chiesa di San Francesco a Ripa", "status": "done", "osm_id": "way/198961070", "group": "Religione", "subgroup": "Luoghi di Culto", "subcategory": "Chiesa"}, "geometry": {"type": "Point", "coordinates": [12.473147, 41.885166]}}, {"type": "Feature", "properties": {"wikidata": "Q610627", "name": "Accademia dei Virtuosi al Pantheon", "status": "missing", "osm_id": null, "group": "Altro", "subgroup": "Altro", "subcategory": "Altro"}, "geometry": {"type": "Point", "coordinates": [12.471521, 41.896687]}}, {"type": "Feature", "properties": {"wikidata": "Q622948", "name": "Aqua Tepula", "status": "missing", "osm_id": null, "group": "Archeologia", "subgroup": "Siti", "subcategory": "Sito archeologico"}, "geometry": {"type": "Point", "coordinates": [12.50868, 41.900135]}}, {"type": "Feature", "properties": {"wikidata": "Q1015225", "name": "piazza Albania", "status": "done", "osm_id": "way/124214087", "group": "Insediamenti", "subgroup": "Zone Urbane", "subcategory": "Piazza"}, "geometry": {"type": "Point", "coordinates": [12.4836, 41.8803]}}, {"type": "Feature", "properties": {"wikidata": "Q967948", "name": "Velia", "status": "missing", "osm_id": null, "group": "Natura e paesaggio", "subgroup": "Montagna", "subcategory": "Collina"}, "geometry": {"type": "Point", "coordinates": [12.4892, 41.8911]}}, {"type": "Feature", "properties": {"wikidata": "Q1046559", "name": "Casa dei dipinti", "status": "missing", "osm_id": null, "group": "Archeologia", "subgroup": "Siti", "subcategory": "Domus de Janas"}, "geometry": {"type": "Point", "coordinates": [12.287999, 41.755036]}}, {"type": "Feature", "properties": {"wikidata": "Q963671", "name": "Stadio di Domiziano", "status": "done", "osm_id": "node/2296913458", "group": "Altro", "subgroup": "Altro", "subcategory": "Altro"}, "geometry": {"type": "Point", "coordinates": [12.4731, 41.8989]}}, {"type": "Feature", "properties": {"wikidata": "Q1032187", "name": "via dei Coronari", "status": "done", "osm_id": "way/204003771", "group": "Infrastrutture", "subgroup": "Trasporti", "subcategory": "Strada urbana"}, "geometry": {"type": "Point", "coordinates": [12.46959, 41.9005]}}, {"type": "Feature", "properties": {"wikidata": "Q964499", "name": "Villa Giulia", "status": "done", "osm_id": "relation/15322665", "group": "Dimore ed edifici", "subgroup": "Residenze", "subcategory": "Villa"}, "geometry": {"type": "Point", "coordinates": [12.477595, 41.918697]}}, {"type": "Feature", "properties": {"wikidata": "Q1036262", "name": "colle Oppio", "status": "done", "osm_id": "relation/10646138", "group": "Altro", "subgroup": "Altro", "subcategory": "Altro"}, "geometry": {"type": "Point", "coordinates": [12.496541, 41.893413]}}, {"type": "Feature", "properties": {"wikidata": "Q1012797", "name": "Ostia", "status": "done", "osm_id": "relation/15824763", "group": "Archeologia", "subgroup": "Siti", "subcategory": "Sito archeologico"}, "geometry": {"type": "Point", "coordinates": [12.2875, 41.754166666]}}, {"type": "Feature", "properties": {"wikidata": "Q1027069", "name": "catacombe di San Callisto", "status": "done", "osm_id": "way/27351933", "group": "Religione", "subgroup": "Cimiteri", "subcategory": "Cimitero"}, "geometry": {"type": "Point", "coordinates": [12.51105833, 41.85887778]}}, {"type": "Feature", "properties": {"wikidata": "Q1048955", "name": "Equitazione ai Giochi della XVII Olimpiade", "status": "missing", "osm_id": null, "group": "Altro", "subgroup": "Altro", "subcategory": "Altro"}, "geometry": {"type": "Point", "coordinates": [12.485104, 41.913647]}}, {"type": "Feature", "properties": {"wikidata": "Q981005", "name": "Corte costituzionale della Repubblica Italiana", "status": "done", "osm_id": "node/6068367540", "group": "Altro", "subgroup": "Altro", "subcategory": "Altro"}, "geometry": {"type": "Point", "coordinates": [12.48729956, 41.899187803]}}, {"type": "Feature", "properties": {"wikidata": "Q996541", "name": "Giardini Farnese", "status": "missing", "osm_id": null, "group": "Natura e paesaggio", "subgroup": "Verde", "subcategory": "Parco"}, "geometry": {"type": "Point", "coordinates": [12.486291901, 41.890222036]}}, {"type": "Feature", "properties": {"wikidata": "Q982618", "name": "chiesa di San Giovanni Calibita", "status": "done", "osm_id": "way/126146477", "group": "Religione", "subgroup": "Luoghi di Culto", "subcategory": "Chiesa"}, "geometry": {"type": "Point", "coordinates": [12.4777, 41.8908]}}, {"type": "Feature", "properties": {"wikidata": "Q1035634", "name": "carcere Mamertino", "status": "done", "osm_id": "relation/1849827", "group": "Archeologia", "subgroup": "Siti", "subcategory": "Sito archeologico"}, "geometry": {"type": "Point", "coordinates": [12.484444444, 41.893333333]}}, {"type": "Feature", "properties": {"wikidata": "Q1025466", "name": "cesaricidio", "status": "missing", "osm_id": null, "group": "Altro", "subgroup": "Altro", "subcategory": "Altro"}, "geometry": {"type": "Point", "coordinates": [12.47694444, 41.89527778]}}, {"type": "Feature", "properties": {"wikidata": "Q989650", "name": "Monte Algido", "status": "missing", "osm_id": null, "group": "Altro", "subgroup": "Altro", "subcategory": "Altro"}, "geometry": {"type": "Point", "coordinates": [12.7786, 41.7267]}}, {"type": "Feature", "properties": {"wikidata": "Q1031951", "name": "via dei Fori Imperiali", "status": "missing", "osm_id": null, "group": "Altro", "subgroup": "Altro", "subcategory": "Altro"}, "geometry": {"type": "Point", "coordinates": [12.48926, 41.89207]}}, {"type": "Feature", "properties": {"wikidata": "Q978428", "name": "chiesa del Santissimo Nome di Maria", "status": "done", "osm_id": "way/114354377", "group": "Religione", "subgroup": "Luoghi di Culto", "subcategory": "Chiesa"}, "geometry": {"type": "Point", "coordinates": [12.51144, 41.87114]}}, {"type": "Feature", "properties": {"wikidata": "Q969344", "name": "Elagabalium", "status": "done", "osm_id": "relation/1836975", "group": "Altro", "subgroup": "Altro", "subcategory": "Altro"}, "geometry": {"type": "Point", "coordinates": [12.48868, 41.88962]}}, {"type": "Feature", "properties": {"wikidata": "Q1013831", "name": "Gravisca", "status": "done", "osm_id": "relation/14442138", "group": "Archeologia", "subgroup": "Siti", "subcategory": "Sito archeologico"}, "geometry": {"type": "Point", "coordinates": [11.71027778, 42.21277778]}}, {"type": "Feature", "properties": {"wikidata": "Q1049884", "name": "Castro", "status": "done", "osm_id": "node/1070928149", "group": "Archeologia", "subgroup": "Siti", "subcategory": "Sito archeologico"}, "geometry": {"type": "Point", "coordinates": [11.648611111, 42.532777777]}}, {"type": "Feature", "properties": {"wikidata": "Q1046434", "name": "Casa Romuli", "status": "done", "osm_id": "relation/1805341", "group": "Archeologia", "subgroup": "Siti", "subcategory": "Sito archeologico"}, "geometry": {"type": "Point", "coordinates": [12.48472222, 41.88944444]}}, {"type": "Feature", "properties": {"wikidata": "Q1048826", "name": "Castello Orsini-Odescalchi", "status": "done", "osm_id": "relation/6344013", "group": "Altro", "subgroup": "Altro", "subcategory": "Altro"}, "geometry": {"type": "Point", "coordinates": [12.177765, 42.104368]}}, {"type": "Feature", "properties": {"wikidata": "Q966642", "name": "Colle Fiorito", "status": "done", "osm_id": "node/4390209588", "group": "Insediamenti", "subgroup": "Centri", "subcategory": "Frazione"}, "geometry": {"type": "Point", "coordinates": [12.70921, 41.97742]}}, {"type": "Feature", "properties": {"wikidata": "Q990536", "name": "Ente nazionale per l'aviazione civile", "status": "missing", "osm_id": null, "group": "Altro", "subgroup": "Altro", "subcategory": "Altro"}, "geometry": {"type": "Point", "coordinates": [12.505, 41.906777777]}}, {"type": "Feature", "properties": {"wikidata": "Q1046900", "name": "Cascate di Monte Gelato", "status": "done", "osm_id": "node/676654178", "group": "Natura e paesaggio", "subgroup": "Acqua", "subcategory": "Cascata"}, "geometry": {"type": "Point", "coordinates": [12.37888889, 42.18388889]}}, {"type": "Feature", "properties": {"wikidata": "Q1049836", "name": "Castra Praetoria", "status": "missing", "osm_id": null, "group": "Altro", "subgroup": "Altro", "subcategory": "Altro"}, "geometry": {"type": "Point", "coordinates": [12.507940792, 41.908798668]}}, {"type": "Feature", "properties": {"wikidata": "Q1032122", "name": "via dei Condotti", "status": "missing", "osm_id": null, "group": "Altro", "subgroup": "Altro", "subcategory": "Altro"}, "geometry": {"type": "Point", "coordinates": [12.48046, 41.90515]}}, {"type": "Feature", "properties": {"wikidata": "Q983774", "name": "Fontana dell'Acqua Felice", "status": "done", "osm_id": "way/338548547", "group": "Monumenti", "subgroup": "Monumenti", "subcategory": "Fontana"}, "geometry": {"type": "Point", "coordinates": [12.49441667, 41.90436111]}}, {"type": "Feature", "properties": {"wikidata": "Q976522", "name": "chiesa di Sant'Eligio degli Orefici", "status": "done", "osm_id": "way/127840333", "group": "Religione", "subgroup": "Luoghi di Culto", "subcategory": "Chiesa"}, "geometry": {"type": "Point", "coordinates": [12.46802, 41.89567]}}, {"type": "Feature", "properties": {"wikidata": "Q1050350", "name": "Teatro dell'Opera di Roma", "status": "done", "osm_id": "way/201389491", "group": "Cultura e tempo libero", "subgroup": "Spettacolo", "subcategory": "Teatro"}, "geometry": {"type": "Point", "coordinates": [12.495555555, 41.900833333]}}, {"type": "Feature", "properties": {"wikidata": "Q975682", "name": "Pontificio Collegio Portoghese", "status": "missing", "osm_id": null, "group": "Altro", "subgroup": "Altro", "subcategory": "Altro"}, "geometry": {"type": "Point", "coordinates": [12.441038, 41.889914]}}, {"type": "Feature", "properties": {"wikidata": "Q967219", "name": "giardini botanici di Stigliano", "status": "missing", "osm_id": null, "group": "Natura e paesaggio", "subgroup": "Verde", "subcategory": "Orto botanico"}, "geometry": {"type": "Point", "coordinates": [12.04019, 42.11607]}}, {"type": "Feature", "properties": {"wikidata": "Q986591", "name": "Vermicino", "status": "done", "osm_id": "way/243328329", "group": "Insediamenti", "subgroup": "Centri", "subcategory": "Frazione"}, "geometry": {"type": "Point", "coordinates": [12.6425, 41.823611111]}}, {"type": "Feature", "properties": {"wikidata": "Q981752", "name": "Venerabile Collegio Inglese", "status": "missing", "osm_id": null, "group": "Altro", "subgroup": "Altro", "subcategory": "Altro"}, "geometry": {"type": "Point", "coordinates": [12.47, 41.895833333]}}, {"type": "Feature", "properties": {"wikidata": "Q1046588", "name": "casa della Farnesina", "status": "missing", "osm_id": null, "group": "Archeologia", "subgroup": "Siti", "subcategory": "Domus de Janas"}, "geometry": {"type": "Point", "coordinates": [12.4665, 41.8944]}}, {"type": "Feature", "properties": {"wikidata": "Q1027914", "name": "parco nazionale del Gran Sasso e Monti della Laga", "status": "done", "osm_id": "relation/3164710", "group": "Altro", "subgroup": "Altro", "subcategory": "Altro"}, "geometry": {"type": "Point", "coordinates": [13.4952371, 42.4906519]}}, {"type": "Feature", "properties": {"wikidata": "Q972938", "name": "Pontificia accademia ecclesiastica", "status": "done", "osm_id": "node/2098756750", "group": "Altro", "subgroup": "Altro", "subcategory": "Altro"}, "geometry": {"type": "Point", "coordinates": [12.47722222, 41.89805556]}}, {"type": "Feature", "properties": {"wikidata": "Q1030086", "name": "campagna romana", "status": "missing", "osm_id": null, "group": "Altro", "subgroup": "Altro", "subcategory": "Altro"}, "geometry": {"type": "Point", "coordinates": [12.591065761, 41.689073835]}}, {"type": "Feature", "properties": {"wikidata": "Q1031803", "name": "Universit\u00e0 degli Studi di Roma \"Tor Vergata\"", "status": "done", "osm_id": "relation/13499165", "group": "Altro", "subgroup": "Altro", "subcategory": "Altro"}, "geometry": {"type": "Point", "coordinates": [12.627222222, 41.849444444]}}, {"type": "Feature", "properties": {"wikidata": "Q935016", "name": "palazzo della Consulta", "status": "done", "osm_id": "relation/2737120", "group": "Altro", "subgroup": "Altro", "subcategory": "Altro"}, "geometry": {"type": "Point", "coordinates": [12.48745278, 41.89910556]}}, {"type": "Feature", "properties": {"wikidata": "Q954216", "name": "Museo nazionale degli strumenti musicali", "status": "done", "osm_id": "node/4423928191", "group": "Altro", "subgroup": "Altro", "subcategory": "Altro"}, "geometry": {"type": "Point", "coordinates": [12.516974, 41.888323]}}, {"type": "Feature", "properties": {"wikidata": "Q952121", "name": "Museo storico della motorizzazione militare", "status": "missing", "osm_id": null, "group": "Altro", "subgroup": "Altro", "subcategory": "Altro"}, "geometry": {"type": "Point", "coordinates": [12.485833, 41.813962]}}, {"type": "Feature", "properties": {"wikidata": "Q935987", "name": "Colleverde", "status": "done", "osm_id": "node/3066595144", "group": "Insediamenti", "subgroup": "Centri", "subcategory": "Frazione"}, "geometry": {"type": "Point", "coordinates": [12.62689, 41.9807]}}, {"type": "Feature", "properties": {"wikidata": "Q911564", "name": "chiesa di Santa Lucia in Selci", "status": "done", "osm_id": "way/348410738", "group": "Religione", "subgroup": "Luoghi di Culto", "subcategory": "Chiesa"}, "geometry": {"type": "Point", "coordinates": [12.496388888, 41.894666666]}}, {"type": "Feature", "properties": {"wikidata": "Q953994", "name": "Monte Terminillo", "status": "done", "osm_id": "node/26863987", "group": "Natura e paesaggio", "subgroup": "Montagna", "subcategory": "Montagna"}, "geometry": {"type": "Point", "coordinates": [12.99732, 42.47327]}}, {"type": "Feature", "properties": {"wikidata": "Q947037", "name": "piazza Barberini", "status": "done", "osm_id": "way/1371637706", "group": "Insediamenti", "subgroup": "Zone Urbane", "subcategory": "Piazza"}, "geometry": {"type": "Point", "coordinates": [12.48833, 41.90361]}}, {"type": "Feature", "properties": {"wikidata": "Q911539", "name": "portico di Livia", "status": "missing", "osm_id": null, "group": "Infrastrutture", "subgroup": "Trasporti", "subcategory": "Portico"}, "geometry": {"type": "Point", "coordinates": [12.49638889, 41.89416667]}}, {"type": "Feature", "properties": {"wikidata": "Q951184", "name": "Pontificio Istituto Biblico", "status": "done", "osm_id": "node/2175094020", "group": "Altro", "subgroup": "Altro", "subcategory": "Altro"}, "geometry": {"type": "Point", "coordinates": [12.483611111, 41.898888888]}}, {"type": "Feature", "properties": {"wikidata": "Q920291", "name": "duomo di Tivoli", "status": "done", "osm_id": "way/208138204", "group": "Altro", "subgroup": "Altro", "subcategory": "Altro"}, "geometry": {"type": "Point", "coordinates": [12.79709, 41.965647]}}, {"type": "Feature", "properties": {"wikidata": "Q944814", "name": "Teatro di Pompeo", "status": "done", "osm_id": "way/128570572", "group": "Altro", "subgroup": "Altro", "subcategory": "Altro"}, "geometry": {"type": "Point", "coordinates": [12.47361111, 41.89527778]}}, {"type": "Feature", "properties": {"wikidata": "Q931172", "name": "Vulci", "status": "done", "osm_id": "way/481992990", "group": "Altro", "subgroup": "Altro", "subcategory": "Altro"}, "geometry": {"type": "Point", "coordinates": [11.628128, 42.419129]}}, {"type": "Feature", "properties": {"wikidata": "Q908759", "name": "Palazzo Altieri", "status": "done", "osm_id": "relation/1707371", "group": "Dimore ed edifici", "subgroup": "Residenze", "subcategory": "Palazzo italiano"}, "geometry": {"type": "Point", "coordinates": [12.478844, 41.895957]}}, {"type": "Feature", "properties": {"wikidata": "Q916458", "name": "Pontificio Seminario Romano Maggiore", "status": "missing", "osm_id": null, "group": "Altro", "subgroup": "Altro", "subcategory": "Altro"}, "geometry": {"type": "Point", "coordinates": [12.5040077, 41.8849138]}}, {"type": "Feature", "properties": {"wikidata": "Q945850", "name": "Apollo e Dafne", "status": "missing", "osm_id": null, "group": "Altro", "subgroup": "Altro", "subcategory": "Altro"}, "geometry": {"type": "Point", "coordinates": [12.491944444, 41.913888888]}}, {"type": "Feature", "properties": {"wikidata": "Q926539", "name": "chiesa di San Teodoro al Palatino", "status": "done", "osm_id": "relation/13346196", "group": "Religione", "subgroup": "Luoghi di Culto", "subcategory": "Chiesa"}, "geometry": {"type": "Point", "coordinates": [12.48481, 41.89043]}}, {"type": "Feature", "properties": {"wikidata": "Q949654", "name": "Tomba dei Tori", "status": "done", "osm_id": "relation/1537094", "group": "Archeologia", "subgroup": "Siti", "subcategory": "Sito archeologico"}, "geometry": {"type": "Point", "coordinates": [11.7944, 42.24]}}, {"type": "Feature", "properties": {"wikidata": "Q864639", "name": "bioparco di Roma", "status": "done", "osm_id": "relation/5657594", "group": "Altro", "subgroup": "Altro", "subcategory": "Altro"}, "geometry": {"type": "Point", "coordinates": [12.485194, 41.917472]}}, {"type": "Feature", "properties": {"wikidata": "Q927670", "name": "Falacrine", "status": "missing", "osm_id": null, "group": "Insediamenti", "subgroup": "Centri", "subcategory": "Villaggio"}, "geometry": {"type": "Point", "coordinates": [13.17055556, 42.59361111]}}, {"type": "Feature", "properties": {"wikidata": "Q905515", "name": "Monti Sabini", "status": "missing", "osm_id": null, "group": "Natura e paesaggio", "subgroup": "Montagna", "subcategory": "Montagna"}, "geometry": {"type": "Point", "coordinates": [12.833333333, 42.216666666]}}, {"type": "Feature", "properties": {"wikidata": "Q959650", "name": "Casa di Goethe", "status": "done", "osm_id": "node/2244843070", "group": "Cultura e tempo libero", "subgroup": "Musei", "subcategory": "Museo d'arte"}, "geometry": {"type": "Point", "coordinates": [12.477192, 41.90901]}}, {"type": "Feature", "properties": {"wikidata": "Q951214", "name": "chiesa di San Giuseppe Calasanzio", "status": "done", "osm_id": "way/338484112", "group": "Religione", "subgroup": "Luoghi di Culto", "subcategory": "Ex chiesa"}, "geometry": {"type": "Point", "coordinates": [12.49416667, 41.91027778]}}, {"type": "Feature", "properties": {"wikidata": "Q953436", "name": "busti dei patrioti sul Gianicolo", "status": "missing", "osm_id": null, "group": "Altro", "subgroup": "Altro", "subcategory": "Altro"}, "geometry": {"type": "Point", "coordinates": [12.460673806, 41.892533999]}}, {"type": "Feature", "properties": {"wikidata": "Q939801", "name": "Universit\u00e0 degli Studi Internazionali di Roma \u2013 UNINT", "status": "done", "osm_id": "relation/1517075", "group": "Altro", "subgroup": "Altro", "subcategory": "Altro"}, "geometry": {"type": "Point", "coordinates": [12.4963, 41.8602]}}, {"type": "Feature", "properties": {"wikidata": "Q869513", "name": "basilica di Santa Maria del Popolo", "status": "done", "osm_id": "way/52430153", "group": "Religione", "subgroup": "Luoghi di Culto", "subcategory": "Basilica minore"}, "geometry": {"type": "Point", "coordinates": [12.476483, 41.911448]}}, {"type": "Feature", "properties": {"wikidata": "Q916963", "name": "Miliario aureo", "status": "done", "osm_id": "way/131557543", "group": "Altro", "subgroup": "Altro", "subcategory": "Altro"}, "geometry": {"type": "Point", "coordinates": [12.48448, 41.89259]}}, {"type": "Feature", "properties": {"wikidata": "Q956864", "name": "Cipro", "status": "done", "osm_id": "node/13183676216", "group": "Infrastrutture", "subgroup": "Trasporti", "subcategory": "Stazione metropolitana"}, "geometry": {"type": "Point", "coordinates": [12.4475, 41.9075]}}, {"type": "Feature", "properties": {"wikidata": "Q927222", "name": "Tempio di Augusto", "status": "done", "osm_id": "node/1447566610", "group": "Archeologia", "subgroup": "Siti", "subcategory": "Sito archeologico"}, "geometry": {"type": "Point", "coordinates": [12.4844, 41.8916]}}, {"type": "Feature", "properties": {"wikidata": "Q921585", "name": "via Vittorio Veneto", "status": "done", "osm_id": "way/185586096", "group": "Altro", "subgroup": "Altro", "subcategory": "Altro"}, "geometry": {"type": "Point", "coordinates": [12.489413, 41.907978]}}, {"type": "Feature", "properties": {"wikidata": "Q927092", "name": "Palazzo Senatorio", "status": "done", "osm_id": "relation/1691910", "group": "Dimore ed edifici", "subgroup": "Residenze", "subcategory": "Palazzo italiano"}, "geometry": {"type": "Point", "coordinates": [12.48355, 41.89300278]}}, {"type": "Feature", "properties": {"wikidata": "Q945662", "name": "chiesa di Sant'Andrea del Vignola", "status": "done", "osm_id": "way/59952368", "group": "Religione", "subgroup": "Luoghi di Culto", "subcategory": "Chiesa"}, "geometry": {"type": "Point", "coordinates": [12.472030555, 41.921191666]}}, {"type": "Feature", "properties": {"wikidata": "Q960397", "name": "oratorio del Santissimo Sacramento e delle Cinque Piaghe", "status": "missing", "osm_id": null, "group": "Religione", "subgroup": "Luoghi di Culto", "subcategory": "Oratorio"}, "geometry": {"type": "Point", "coordinates": [12.472680982, 41.89647113]}}, {"type": "Feature", "properties": {"wikidata": "Q883855", "name": "diocesi di Blera", "status": "missing", "osm_id": null, "group": "Altro", "subgroup": "Altro", "subcategory": "Altro"}, "geometry": {"type": "Point", "coordinates": [12.0262, 42.2743]}}, {"type": "Feature", "properties": {"wikidata": "Q919456", "name": "basilica di Santo Stefano Rotondo al Celio", "status": "done", "osm_id": "relation/1576101", "group": "Religione", "subgroup": "Luoghi di Culto", "subcategory": "Basilica minore"}, "geometry": {"type": "Point", "coordinates": [12.496761, 41.884522]}}, {"type": "Feature", "properties": {"wikidata": "Q957717", "name": "Monti Ernici", "status": "missing", "osm_id": null, "group": "Natura e paesaggio", "subgroup": "Montagna", "subcategory": "Montagna"}, "geometry": {"type": "Point", "coordinates": [13.4888, 41.8039]}}, {"type": "Feature", "properties": {"wikidata": "Q926687", "name": "Clivus Palatinus", "status": "missing", "osm_id": null, "group": "Infrastrutture", "subgroup": "Trasporti", "subcategory": "Strada urbana"}, "geometry": {"type": "Point", "coordinates": [12.48858, 41.89071]}}, {"type": "Feature", "properties": {"wikidata": "Q874832", "name": "piazza Venezia", "status": "done", "osm_id": "way/713360712", "group": "Insediamenti", "subgroup": "Zone Urbane", "subcategory": "Piazza"}, "geometry": {"type": "Point", "coordinates": [12.4825, 41.89639]}}, {"type": "Feature", "properties": {"wikidata": "Q867329", "name": "chiesa di San Carlo alle Quattro Fontane", "status": "done", "osm_id": "way/201374573", "group": "Religione", "subgroup": "Luoghi di Culto", "subcategory": "Chiesa"}, "geometry": {"type": "Point", "coordinates": [12.49074, 41.90181]}}, {"type": "Feature", "properties": {"wikidata": "Q909048", "name": "isola di Santo Stefano", "status": "done", "osm_id": "way/24321561", "group": "Natura e paesaggio", "subgroup": "Mare e Costa", "subcategory": "Isola"}, "geometry": {"type": "Point", "coordinates": [13.454166666, 40.789444444]}}, {"type": "Feature", "properties": {"wikidata": "Q938706", "name": "Barberini", "status": "done", "osm_id": "node/13183516521", "group": "Infrastrutture", "subgroup": "Trasporti", "subcategory": "Stazione metropolitana"}, "geometry": {"type": "Point", "coordinates": [12.488889, 41.903889]}}, {"type": "Feature", "properties": {"wikidata": "Q908472", "name": "Domus Augustana", "status": "done", "osm_id": "relation/1805347", "group": "Archeologia", "subgroup": "Siti", "subcategory": "Domus de Janas"}, "geometry": {"type": "Point", "coordinates": [12.4866, 41.8877]}}, {"type": "Feature", "properties": {"wikidata": "Q958299", "name": "via del Corso", "status": "done", "osm_id": "relation/6890532", "group": "Infrastrutture", "subgroup": "Trasporti", "subcategory": "Strada urbana"}, "geometry": {"type": "Point", "coordinates": [12.478272222, 41.906027777]}}, {"type": "Feature", "properties": {"wikidata": "Q948565", "name": "Policlinico", "status": "done", "osm_id": "node/11599863856", "group": "Infrastrutture", "subgroup": "Trasporti", "subcategory": "Stazione metropolitana"}, "geometry": {"type": "Point", "coordinates": [12.511667, 41.908889]}}, {"type": "Feature", "properties": {"wikidata": "Q888055", "name": "chiesa di San Girolamo della Carit\u00e0", "status": "done", "osm_id": "way/274949434", "group": "Religione", "subgroup": "Luoghi di Culto", "subcategory": "Chiesa"}, "geometry": {"type": "Point", "coordinates": [12.47024, 41.89529]}}, {"type": "Feature", "properties": {"wikidata": "Q936296", "name": "Fontana delle Tartarughe", "status": "done", "osm_id": "way/99368270", "group": "Monumenti", "subgroup": "Monumenti", "subcategory": "Fontana"}, "geometry": {"type": "Point", "coordinates": [12.4775, 41.893805555]}}, {"type": "Feature", "properties": {"wikidata": "Q870076", "name": "Criptoportico neroniano", "status": "missing", "osm_id": null, "group": "Altro", "subgroup": "Altro", "subcategory": "Altro"}, "geometry": {"type": "Point", "coordinates": [12.48722384, 41.890018426]}}, {"type": "Feature", "properties": {"wikidata": "Q958588", "name": "chiesa di Santa Maria del Suffragio", "status": "done", "osm_id": "way/127942185", "group": "Religione", "subgroup": "Luoghi di Culto", "subcategory": "Chiesa"}, "geometry": {"type": "Point", "coordinates": [12.46645, 41.89788]}}, {"type": "Feature", "properties": {"wikidata": "Q907387", "name": "Statua equestre di Marco Aurelio", "status": "done", "osm_id": "node/10082765537", "group": "Altro", "subgroup": "Altro", "subcategory": "Altro"}, "geometry": {"type": "Point", "coordinates": [12.482241461, 41.892741638]}}, {"type": "Feature", "properties": {"wikidata": "Q900182", "name": "Hockey su prato ai Giochi della XVII Olimpiade", "status": "missing", "osm_id": null, "group": "Altro", "subgroup": "Altro", "subcategory": "Altro"}, "geometry": {"type": "Point", "coordinates": [12.4569, 41.8266]}}, {"type": "Feature", "properties": {"wikidata": "Q896551", "name": "lago di Bracciano", "status": "done", "osm_id": "relation/12674071", "group": "Altro", "subgroup": "Altro", "subcategory": "Altro"}, "geometry": {"type": "Point", "coordinates": [12.231944444, 42.121111111]}}, {"type": "Feature", "properties": {"wikidata": "Q960148", "name": "stazione di Nuovo Salario", "status": "done", "osm_id": "node/12415827824", "group": "Infrastrutture", "subgroup": "Trasporti", "subcategory": "Fermata ferroviaria"}, "geometry": {"type": "Point", "coordinates": [12.5103, 41.9554]}}, {"type": "Feature", "properties": {"wikidata": "Q959683", "name": "chiesa di San Roberto Bellarmino", "status": "done", "osm_id": "way/205651275", "group": "Religione", "subgroup": "Luoghi di Culto", "subcategory": "Chiesa"}, "geometry": {"type": "Point", "coordinates": [12.493055555, 41.923333333]}}, {"type": "Feature", "properties": {"wikidata": "Q644765", "name": "Porta Nomentana", "status": "done", "osm_id": "node/12956773995", "group": "Fortificazioni e militare", "subgroup": "Fortificazioni", "subcategory": "Porta cittadina"}, "geometry": {"type": "Point", "coordinates": [12.50205556, 41.90855556]}}, {"type": "Feature", "properties": {"wikidata": "Q628672", "name": "Lisciano", "status": "done", "osm_id": "node/691554980", "group": "Insediamenti", "subgroup": "Centri", "subcategory": "Frazione"}, "geometry": {"type": "Point", "coordinates": [12.784333333, 42.375497222]}}, {"type": "Feature", "properties": {"wikidata": "Q669060", "name": "Aeroporto di Roma-Urbe", "status": "done", "osm_id": "way/97814306", "group": "Infrastrutture", "subgroup": "Trasporti", "subcategory": "Aeroporto"}, "geometry": {"type": "Point", "coordinates": [12.501945, 41.953055]}}, {"type": "Feature", "properties": {"wikidata": "Q655055", "name": "Flaminio", "status": "done", "osm_id": "node/13183518903", "group": "Infrastrutture", "subgroup": "Trasporti", "subcategory": "Stazione metropolitana"}, "geometry": {"type": "Point", "coordinates": [12.476464, 41.912744]}}, {"type": "Feature", "properties": {"wikidata": "Q679665", "name": "Tempio di Marte Ultore", "status": "done", "osm_id": "relation/13353050", "group": "Religione", "subgroup": "Luoghi di Culto", "subcategory": "Tempio"}, "geometry": {"type": "Point", "coordinates": [12.486844, 41.894283]}}, {"type": "Feature", "properties": {"wikidata": "Q647919", "name": "Palazzo Borghese", "status": "done", "osm_id": "way/80220847", "group": "Dimore ed edifici", "subgroup": "Residenze", "subcategory": "Palazzo italiano"}, "geometry": {"type": "Point", "coordinates": [12.47649444, 41.90388611]}}, {"type": "Feature", "properties": {"wikidata": "Q655172", "name": "via Sacra", "status": "done", "osm_id": "way/1391027809", "group": "Infrastrutture", "subgroup": "Trasporti", "subcategory": "Strada urbana"}, "geometry": {"type": "Point", "coordinates": [12.4861, 41.8918]}}, {"type": "Feature", "properties": {"wikidata": "Q658514", "name": "Accademia Vivarium Novum", "status": "missing", "osm_id": null, "group": "Altro", "subgroup": "Altro", "subcategory": "Altro"}, "geometry": {"type": "Point", "coordinates": [12.689583333, 41.805627777]}}, {"type": "Feature", "properties": {"wikidata": "Q666041", "name": "Manzoni", "status": "done", "osm_id": "node/13183475742", "group": "Infrastrutture", "subgroup": "Trasporti", "subcategory": "Stazione metropolitana"}, "geometry": {"type": "Point", "coordinates": [12.506509, 41.890576]}}, {"type": "Feature", "properties": {"wikidata": "Q636997", "name": "stazione di Priverno-Fossanova", "status": "done", "osm_id": "node/13195906600", "group": "Infrastrutture", "subgroup": "Trasporti", "subcategory": "Stazione ferroviaria"}, "geometry": {"type": "Point", "coordinates": [13.1865, 41.4221]}}, {"type": "Feature", "properties": {"wikidata": "Q648499", "name": "Battistini", "status": "done", "osm_id": "way/1324218983", "group": "Infrastrutture", "subgroup": "Trasporti", "subcategory": "Stazione metropolitana"}, "geometry": {"type": "Point", "coordinates": [12.414376, 41.906099]}}, {"type": "Feature", "properties": {"wikidata": "Q678110", "name": "Corviale", "status": "done", "osm_id": "relation/13632941", "group": "Altro", "subgroup": "Altro", "subcategory": "Altro"}, "geometry": {"type": "Point", "coordinates": [12.411666666, 41.850555555]}}, {"type": "Feature", "properties": {"wikidata": "Q639179", "name": "Villa di Livia", "status": "done", "osm_id": "node/2074634919", "group": "Cultura e tempo libero", "subgroup": "Musei", "subcategory": "Museo"}, "geometry": {"type": "Point", "coordinates": [12.493622, 42.00208]}}, {"type": "Feature", "properties": {"wikidata": "Q638283", "name": "chiesa di San Luigi dei Francesi", "status": "done", "osm_id": "way/52335646", "group": "Altro", "subgroup": "Altro", "subcategory": "Altro"}, "geometry": {"type": "Point", "coordinates": [12.474666666, 41.899583333]}}, {"type": "Feature", "properties": {"wikidata": "Q675513", "name": "basilica dei Santi Cosma e Damiano", "status": "done", "osm_id": "relation/1841164", "group": "Religione", "subgroup": "Luoghi di Culto", "subcategory": "Chiesa"}, "geometry": {"type": "Point", "coordinates": [12.487503021, 41.892310932]}}, {"type": "Feature", "properties": {"wikidata": "Q680971", "name": "Centro Sperimentale di Cinematografia", "status": "done", "osm_id": "way/261250792", "group": "Altro", "subgroup": "Altro", "subcategory": "Altro"}, "geometry": {"type": "Point", "coordinates": [12.499566, 41.851021]}}, {"type": "Feature", "properties": {"wikidata": "Q658051", "name": "basilica di San Sebastiano fuori le mura", "status": "done", "osm_id": "way/50773061", "group": "Religione", "subgroup": "Luoghi di Culto", "subcategory": "Basilica minore"}, "geometry": {"type": "Point", "coordinates": [12.515555555, 41.855555555]}}, {"type": "Feature", "properties": {"wikidata": "Q657278", "name": "Casa del Jazz", "status": "done", "osm_id": "way/77153698", "group": "Dimore ed edifici", "subgroup": "Residenze", "subcategory": "Villa"}, "geometry": {"type": "Point", "coordinates": [12.4944477, 41.8737827]}}, {"type": "Feature", "properties": {"wikidata": "Q645579", "name": "Piramide", "status": "done", "osm_id": "node/247716803", "group": "Infrastrutture", "subgroup": "Trasporti", "subcategory": "Stazione metropolitana"}, "geometry": {"type": "Point", "coordinates": [12.482279, 41.87568]}}, {"type": "Feature", "properties": {"wikidata": "Q625149", "name": "Mura aureliane", "status": "done", "osm_id": "relation/10129640", "group": "Altro", "subgroup": "Altro", "subcategory": "Altro"}, "geometry": {"type": "Point", "coordinates": [12.498955, 41.873292]}}, {"type": "Feature", "properties": {"wikidata": "Q681407", "name": "basilica di Santa Maria Regina degli Apostoli alla Montagnola", "status": "done", "osm_id": "way/23442735", "group": "Religione", "subgroup": "Luoghi di Culto", "subcategory": "Chiesa"}, "geometry": {"type": "Point", "coordinates": [12.4831, 41.8535]}}, {"type": "Feature", "properties": {"wikidata": "Q659529", "name": "chiesa di San Salvatore in Lauro", "status": "done", "osm_id": "way/111532852", "group": "Altro", "subgroup": "Altro", "subcategory": "Altro"}, "geometry": {"type": "Point", "coordinates": [12.468992, 41.900649]}}, {"type": "Feature", "properties": {"wikidata": "Q676788", "name": "cappella Chigi", "status": "missing", "osm_id": null, "group": "Religione", "subgroup": "Luoghi di Culto", "subcategory": "Cappella"}, "geometry": {"type": "Point", "coordinates": [12.47638889, 41.91138889]}}, {"type": "Feature", "properties": {"wikidata": "Q661926", "name": "Monti Aurunci", "status": "missing", "osm_id": null, "group": "Natura e paesaggio", "subgroup": "Montagna", "subcategory": "Montagna"}, "geometry": {"type": "Point", "coordinates": [13.665277777, 41.322222222]}}, {"type": "Feature", "properties": {"wikidata": "Q678313", "name": "Villa Borghese", "status": "done", "osm_id": "relation/2985896", "group": "Dimore ed edifici", "subgroup": "Strutture Varie", "subcategory": "Complesso di edifici"}, "geometry": {"type": "Point", "coordinates": [12.485104, 41.913647]}}, {"type": "Feature", "properties": {"wikidata": "Q685940", "name": "basilica di Santa Croce in Gerusalemme", "status": "done", "osm_id": "way/998191514", "group": "Religione", "subgroup": "Luoghi di Culto", "subcategory": "Chiesa"}, "geometry": {"type": "Point", "coordinates": [12.516388888, 41.887777777]}}, {"type": "Feature", "properties": {"wikidata": "Q638195", "name": "Castro Pretorio", "status": "done", "osm_id": "node/11599863855", "group": "Infrastrutture", "subgroup": "Trasporti", "subcategory": "Stazione metropolitana"}, "geometry": {"type": "Point", "coordinates": [12.505556, 41.906111]}}, {"type": "Feature", "properties": {"wikidata": "Q625312", "name": "Villa Gregoriana", "status": "done", "osm_id": "relation/18341565", "group": "Natura e paesaggio", "subgroup": "Verde", "subcategory": "Parco"}, "geometry": {"type": "Point", "coordinates": [12.801389, 41.965556]}}, {"type": "Feature", "properties": {"wikidata": "Q659138", "name": "Teatro di Marcello", "status": "done", "osm_id": "way/86217821", "group": "Archeologia", "subgroup": "Siti", "subcategory": "Sito archeologico"}, "geometry": {"type": "Point", "coordinates": [12.479483, 41.891911]}}, {"type": "Feature", "properties": {"wikidata": "Q676902", "name": "chiesa di San Macuto", "status": "done", "osm_id": "way/130920751", "group": "Altro", "subgroup": "Altro", "subcategory": "Altro"}, "geometry": {"type": "Point", "coordinates": [12.47923, 41.89931]}}, {"type": "Feature", "properties": {"wikidata": "Q657714", "name": "Ottaviano", "status": "done", "osm_id": "node/13109049417", "group": "Infrastrutture", "subgroup": "Trasporti", "subcategory": "Stazione metropolitana"}, "geometry": {"type": "Point", "coordinates": [12.4583, 41.90941]}}, {"type": "Feature", "properties": {"wikidata": "Q645504", "name": "Museo del fiore", "status": "missing", "osm_id": null, "group": "Altro", "subgroup": "Altro", "subcategory": "Altro"}, "geometry": {"type": "Point", "coordinates": [11.924447, 42.739745]}}, {"type": "Feature", "properties": {"wikidata": "Q655114", "name": "chiesa di Sant'Alfonso all'Esquilino", "status": "done", "osm_id": "way/81741055", "group": "Religione", "subgroup": "Luoghi di Culto", "subcategory": "Chiesa"}, "geometry": {"type": "Point", "coordinates": [12.500328, 41.895815]}}, {"type": "Feature", "properties": {"wikidata": "Q645062", "name": "Arco degli Argentari", "status": "done", "osm_id": "way/123971358", "group": "Archeologia", "subgroup": "Siti", "subcategory": "Rovine"}, "geometry": {"type": "Point", "coordinates": [12.482975, 41.889511]}}, {"type": "Feature", "properties": {"wikidata": "Q649019", "name": "Internazionali BNL d'Italia 2007", "status": "missing", "osm_id": null, "group": "Altro", "subgroup": "Altro", "subcategory": "Altro"}, "geometry": {"type": "Point", "coordinates": [12.482777777, 41.893055555]}}, {"type": "Feature", "properties": {"wikidata": "Q669281", "name": "via Sistina", "status": "missing", "osm_id": null, "group": "Infrastrutture", "subgroup": "Trasporti", "subcategory": "Strada urbana"}, "geometry": {"type": "Point", "coordinates": [12.48595, 41.90469]}}, {"type": "Feature", "properties": {"wikidata": "Q655444", "name": "chiesa di Sant'Angelo in Pescheria", "status": "done", "osm_id": "way/123530591", "group": "Religione", "subgroup": "Luoghi di Culto", "subcategory": "Chiesa"}, "geometry": {"type": "Point", "coordinates": [12.4787, 41.89265]}}, {"type": "Feature", "properties": {"wikidata": "Q665599", "name": "Arco di Travertino", "status": "done", "osm_id": "node/13183676217", "group": "Infrastrutture", "subgroup": "Trasporti", "subcategory": "Stazione metropolitana"}, "geometry": {"type": "Point", "coordinates": [12.534714, 41.865918]}}, {"type": "Feature", "properties": {"wikidata": "Q646998", "name": "Argileto", "status": "done", "osm_id": "way/1000529923", "group": "Infrastrutture", "subgroup": "Trasporti", "subcategory": "Strada urbana"}, "geometry": {"type": "Point", "coordinates": [12.494931, 41.896384]}}, {"type": "Feature", "properties": {"wikidata": "Q641660", "name": "PalaSojourner", "status": "missing", "osm_id": null, "group": "Altro", "subgroup": "Altro", "subcategory": "Altro"}, "geometry": {"type": "Point", "coordinates": [12.892419, 42.410339]}}, {"type": "Feature", "properties": {"wikidata": "Q677935", "name": "Veio", "status": "missing", "osm_id": null, "group": "Archeologia", "subgroup": "Siti", "subcategory": "Sito archeologico"}, "geometry": {"type": "Point", "coordinates": [12.401388888, 42.023888888]}}, {"type": "Feature", "properties": {"wikidata": "Q677666", "name": "Saxa Rubra", "status": "done", "osm_id": "node/4322351292", "group": "Insediamenti", "subgroup": "Centri", "subcategory": "Frazione"}, "geometry": {"type": "Point", "coordinates": [12.491111111, 41.976666666]}}, {"type": "Feature", "properties": {"wikidata": "Q642479", "name": "basilica del Sacro Cuore di Cristo Re", "status": "done", "osm_id": "relation/12584861", "group": "Religione", "subgroup": "Luoghi di Culto", "subcategory": "Basilica minore"}, "geometry": {"type": "Point", "coordinates": [12.46534722, 41.9174]}}, {"type": "Feature", "properties": {"wikidata": "Q655470", "name": "fontana dei Quattro Fiumi", "status": "done", "osm_id": "way/52332687", "group": "Monumenti", "subgroup": "Monumenti", "subcategory": "Fontana"}, "geometry": {"type": "Point", "coordinates": [12.473075, 41.898953]}}, {"type": "Feature", "properties": {"wikidata": "Q638259", "name": "piazza di Santa Maria in Trastevere", "status": "done", "osm_id": "relation/2736270", "group": "Insediamenti", "subgroup": "Zone Urbane", "subcategory": "Piazza"}, "geometry": {"type": "Point", "coordinates": [12.4703, 41.8895]}}, {"type": "Feature", "properties": {"wikidata": "Q677382", "name": "Lucio Sestio", "status": "done", "osm_id": "node/13183716302", "group": "Infrastrutture", "subgroup": "Trasporti", "subcategory": "Stazione metropolitana"}, "geometry": {"type": "Point", "coordinates": [12.5571, 41.8599]}}, {"type": "Feature", "properties": {"wikidata": "Q676074", "name": "circo di Nerone", "status": "missing", "osm_id": null, "group": "Altro", "subgroup": "Altro", "subcategory": "Altro"}, "geometry": {"type": "Point", "coordinates": [12.455277777, 41.901666666]}}, {"type": "Feature", "properties": {"wikidata": "Q672752", "name": "Saepta Iulia", "status": "missing", "osm_id": null, "group": "Archeologia", "subgroup": "Siti", "subcategory": "Sito archeologico"}, "geometry": {"type": "Point", "coordinates": [12.478, 41.8983]}}, {"type": "Feature", "properties": {"wikidata": "Q224053", "name": "Colle di Tora", "status": "done", "osm_id": "relation/41844", "group": "Amministrazione", "subgroup": "Uffici Pubblici", "subcategory": "Comune italiano"}, "geometry": {"type": "Point", "coordinates": [12.94767, 42.211742]}}, {"type": "Feature", "properties": {"wikidata": "Q224043", "name": "Cittareale", "status": "done", "osm_id": "relation/42094", "group": "Amministrazione", "subgroup": "Uffici Pubblici", "subcategory": "Comune italiano"}, "geometry": {"type": "Point", "coordinates": [13.166666666, 42.616666666]}}, {"type": "Feature", "properties": {"wikidata": "Q223434", "name": "Antrodoco", "status": "done", "osm_id": "relation/41989", "group": "Amministrazione", "subgroup": "Uffici Pubblici", "subcategory": "Comune italiano"}, "geometry": {"type": "Point", "coordinates": [13.083333333, 42.416666666]}}, {"type": "Feature", "properties": {"wikidata": "Q216085", "name": "Viminale", "status": "done", "osm_id": "node/365475962", "group": "Natura e paesaggio", "subgroup": "Montagna", "subcategory": "Collina"}, "geometry": {"type": "Point", "coordinates": [12.494166666, 41.899166666]}}, {"type": "Feature", "properties": {"wikidata": "Q224207", "name": "Marcetelli", "status": "done", "osm_id": "relation/41859", "group": "Amministrazione", "subgroup": "Uffici Pubblici", "subcategory": "Comune italiano"}, "geometry": {"type": "Point", "coordinates": [13.05, 42.233333333]}}, {"type": "Feature", "properties": {"wikidata": "Q224039", "name": "Cittaducale", "status": "done", "osm_id": "relation/41973", "group": "Amministrazione", "subgroup": "Uffici Pubblici", "subcategory": "Comune italiano"}, "geometry": {"type": "Point", "coordinates": [12.95, 42.383333333]}}, {"type": "Feature", "properties": {"wikidata": "Q224555", "name": "Selci", "status": "done", "osm_id": "relation/41952", "group": "Amministrazione", "subgroup": "Uffici Pubblici", "subcategory": "Comune italiano"}, "geometry": {"type": "Point", "coordinates": [12.616666666, 42.316666666]}}, {"type": "Feature", "properties": {"wikidata": "Q224627", "name": "Tarano", "status": "done", "osm_id": "relation/41956", "group": "Amministrazione", "subgroup": "Uffici Pubblici", "subcategory": "Comune italiano"}, "geometry": {"type": "Point", "coordinates": [12.6, 42.35]}}, {"type": "Feature", "properties": {"wikidata": "Q204106", "name": "Fiamignano", "status": "done", "osm_id": "relation/41927", "group": "Amministrazione", "subgroup": "Uffici Pubblici", "subcategory": "Comune italiano"}, "geometry": {"type": "Point", "coordinates": [13.133333333, 42.266666666]}}, {"type": "Feature", "properties": {"wikidata": "Q224272", "name": "Orvinio", "status": "done", "osm_id": "relation/41791", "group": "Amministrazione", "subgroup": "Uffici Pubblici", "subcategory": "Comune italiano"}, "geometry": {"type": "Point", "coordinates": [12.933333333, 42.133333333]}}, {"type": "Feature", "properties": {"wikidata": "Q224172", "name": "Leonessa", "status": "done", "osm_id": "relation/42039", "group": "Insediamenti", "subgroup": "Centri", "subcategory": "Cittadina"}, "geometry": {"type": "Point", "coordinates": [12.95996, 42.56855]}}, {"type": "Feature", "properties": {"wikidata": "Q224430", "name": "Rocca Sinibalda", "status": "done", "osm_id": "relation/41878", "group": "Amministrazione", "subgroup": "Uffici Pubblici", "subcategory": "Comune italiano"}, "geometry": {"type": "Point", "coordinates": [12.9245, 42.272638888]}}, {"type": "Feature", "properties": {"wikidata": "Q224300", "name": "Poggio Bustone", "status": "done", "osm_id": "relation/42044", "group": "Amministrazione", "subgroup": "Uffici Pubblici", "subcategory": "Comune italiano"}, "geometry": {"type": "Point", "coordinates": [12.883333333, 42.5]}}, {"type": "Feature", "properties": {"wikidata": "Q224587", "name": "Stimigliano", "status": "done", "osm_id": "relation/41936", "group": "Amministrazione", "subgroup": "Uffici Pubblici", "subcategory": "Comune italiano"}, "geometry": {"type": "Point", "coordinates": [12.566666666, 42.3]}}, {"type": "Feature", "properties": {"wikidata": "Q224405", "name": "Rivodutri", "status": "done", "osm_id": "relation/42040", "group": "Amministrazione", "subgroup": "Uffici Pubblici", "subcategory": "Comune italiano"}, "geometry": {"type": "Point", "coordinates": [12.85, 42.516666666]}}, {"type": "Feature", "properties": {"wikidata": "Q224223", "name": "Montasola", "status": "done", "osm_id": "relation/41991", "group": "Amministrazione", "subgroup": "Uffici Pubblici", "subcategory": "Comune italiano"}, "geometry": {"type": "Point", "coordinates": [12.683333333, 42.383333333]}}, {"type": "Feature", "properties": {"wikidata": "Q224297", "name": "Petrella Salto", "status": "done", "osm_id": "relation/41894", "group": "Amministrazione", "subgroup": "Uffici Pubblici", "subcategory": "Comune italiano"}, "geometry": {"type": "Point", "coordinates": [13.066666666, 42.3]}}, {"type": "Feature", "properties": {"wikidata": "Q189417", "name": "via Appia", "status": "done", "osm_id": "relation/10787895", "group": "Altro", "subgroup": "Altro", "subcategory": "Altro"}, "geometry": {"type": "Point", "coordinates": [12.5325, 41.841389]}}, {"type": "Feature", "properties": {"wikidata": "Q224268", "name": "Nespolo", "status": "done", "osm_id": "relation/41832", "group": "Amministrazione", "subgroup": "Uffici Pubblici", "subcategory": "Comune italiano"}, "geometry": {"type": "Point", "coordinates": [13.066667, 42.15]}}, {"type": "Feature", "properties": {"wikidata": "Q200642", "name": "Palatino", "status": "done", "osm_id": "node/365475871", "group": "Natura e paesaggio", "subgroup": "Montagna", "subcategory": "Collina"}, "geometry": {"type": "Point", "coordinates": [12.486944444, 41.888333333]}}, {"type": "Feature", "properties": {"wikidata": "Q224131", "name": "Fara in Sabina", "status": "done", "osm_id": "relation/41835", "group": "Amministrazione", "subgroup": "Uffici Pubblici", "subcategory": "Comune italiano"}, "geometry": {"type": "Point", "coordinates": [12.6962106, 42.19022815]}}, {"type": "Feature", "properties": {"wikidata": "Q194103", "name": "Aventino", "status": "done", "osm_id": "node/13121237513", "group": "Natura e paesaggio", "subgroup": "Montagna", "subcategory": "Collina"}, "geometry": {"type": "Point", "coordinates": [12.483333333, 41.883333333]}}, {"type": "Feature", "properties": {"wikidata": "Q224302", "name": "Poggio Catino", "status": "done", "osm_id": "relation/41931", "group": "Amministrazione", "subgroup": "Uffici Pubblici", "subcategory": "Comune italiano"}, "geometry": {"type": "Point", "coordinates": [12.7, 42.3]}}, {"type": "Feature", "properties": {"wikidata": "Q224149", "name": "Labro", "status": "done", "osm_id": "relation/42065", "group": "Amministrazione", "subgroup": "Uffici Pubblici", "subcategory": "Comune italiano"}, "geometry": {"type": "Point", "coordinates": [12.800279, 42.526035]}}, {"type": "Feature", "properties": {"wikidata": "Q207808", "name": "Circo Massimo", "status": "done", "osm_id": "relation/11384819", "group": "Altro", "subgroup": "Altro", "subcategory": "Altro"}, "geometry": {"type": "Point", "coordinates": [12.4857, 41.8859]}}, {"type": "Feature", "properties": {"wikidata": "Q216568", "name": "Fori Imperiali", "status": "missing", "osm_id": null, "group": "Archeologia", "subgroup": "Siti", "subcategory": "Sito archeologico"}, "geometry": {"type": "Point", "coordinates": [12.48555556, 41.89444444]}}, {"type": "Feature", "properties": {"wikidata": "Q211233", "name": "Esquilino", "status": "missing", "osm_id": null, "group": "Natura e paesaggio", "subgroup": "Montagna", "subcategory": "Collina"}, "geometry": {"type": "Point", "coordinates": [12.496666666, 41.895555555]}}, {"type": "Feature", "properties": {"wikidata": "Q191115", "name": "Albano Laziale", "status": "done", "osm_id": "relation/41483", "group": "Amministrazione", "subgroup": "Uffici Pubblici", "subcategory": "Comune italiano"}, "geometry": {"type": "Point", "coordinates": [12.666666666, 41.733333333]}}, {"type": "Feature", "properties": {"wikidata": "Q223472", "name": "Borgo Velino", "status": "done", "osm_id": "relation/41994", "group": "Amministrazione", "subgroup": "Uffici Pubblici", "subcategory": "Comune italiano"}, "geometry": {"type": "Point", "coordinates": [13.066666666, 42.4]}}, {"type": "Feature", "properties": {"wikidata": "Q224084", "name": "Configni", "status": "done", "osm_id": "relation/42012", "group": "Amministrazione", "subgroup": "Uffici Pubblici", "subcategory": "Comune italiano"}, "geometry": {"type": "Point", "coordinates": [12.64431, 42.42543]}}, {"type": "Feature", "properties": {"wikidata": "Q224048", "name": "Collalto Sabino", "status": "done", "osm_id": "relation/41809", "group": "Amministrazione", "subgroup": "Uffici Pubblici", "subcategory": "Comune italiano"}, "geometry": {"type": "Point", "coordinates": [13.0484, 42.1367]}}, {"type": "Feature", "properties": {"wikidata": "Q223480", "name": "Cantalupo in Sabina", "status": "done", "osm_id": "relation/41938", "group": "Amministrazione", "subgroup": "Uffici Pubblici", "subcategory": "Comune italiano"}, "geometry": {"type": "Point", "coordinates": [12.65, 42.3]}}, {"type": "Feature", "properties": {"wikidata": "Q203959", "name": "Sacello di Venere Cloacina", "status": "done", "osm_id": "relation/1841085", "group": "Religione", "subgroup": "Luoghi di Culto", "subcategory": "Tempio"}, "geometry": {"type": "Point", "coordinates": [12.48555278, 41.89253056]}}, {"type": "Feature", "properties": {"wikidata": "Q223504", "name": "Casperia", "status": "done", "osm_id": "relation/41968", "group": "Amministrazione", "subgroup": "Uffici Pubblici", "subcategory": "Comune italiano"}, "geometry": {"type": "Point", "coordinates": [12.666666666, 42.333333333]}}, {"type": "Feature", "properties": {"wikidata": "Q224211", "name": "Micigliano", "status": "done", "osm_id": "relation/42028", "group": "Amministrazione", "subgroup": "Uffici Pubblici", "subcategory": "Comune italiano"}, "geometry": {"type": "Point", "coordinates": [13.05, 42.45]}}, {"type": "Feature", "properties": {"wikidata": "Q223513", "name": "Castel di Tora", "status": "done", "osm_id": "relation/41845", "group": "Amministrazione", "subgroup": "Uffici Pubblici", "subcategory": "Comune italiano"}, "geometry": {"type": "Point", "coordinates": [12.96359, 42.214925]}}, {"type": "Feature", "properties": {"wikidata": "Q192784", "name": "Colonna Traiana", "status": "done", "osm_id": "relation/3376015", "group": "Archeologia", "subgroup": "Siti", "subcategory": "Sito archeologico"}, "geometry": {"type": "Point", "coordinates": [12.484166666, 41.895833333]}}, {"type": "Feature", "properties": {"wikidata": "Q224202", "name": "Magliano Sabina", "status": "done", "osm_id": "relation/41980", "group": "Amministrazione", "subgroup": "Uffici Pubblici", "subcategory": "Comune italiano"}, "geometry": {"type": "Point", "coordinates": [12.483333333, 42.366666666]}}, {"type": "Feature", "properties": {"wikidata": "Q224264", "name": "Morro Reatino", "status": "done", "osm_id": "relation/42063", "group": "Amministrazione", "subgroup": "Uffici Pubblici", "subcategory": "Comune italiano"}, "geometry": {"type": "Point", "coordinates": [12.833333333, 42.533333333]}}, {"type": "Feature", "properties": {"wikidata": "Q224259", "name": "Montopoli di Sabina", "status": "done", "osm_id": "relation/41834", "group": "Amministrazione", "subgroup": "Uffici Pubblici", "subcategory": "Comune italiano"}, "geometry": {"type": "Point", "coordinates": [12.683333333, 42.25]}}, {"type": "Feature", "properties": {"wikidata": "Q211295", "name": "Foro di Traiano", "status": "done", "osm_id": "relation/1754380", "group": "Insediamenti", "subgroup": "Zone Urbane", "subcategory": "Piazza"}, "geometry": {"type": "Point", "coordinates": [12.485869, 41.895417]}}, {"type": "Feature", "properties": {"wikidata": "Q224333", "name": "Posta", "status": "done", "osm_id": "relation/42042", "group": "Amministrazione", "subgroup": "Uffici Pubblici", "subcategory": "Comune italiano"}, "geometry": {"type": "Point", "coordinates": [13.1, 42.516667]}}, {"type": "Feature", "properties": {"wikidata": "Q207896", "name": "Quirinale", "status": "missing", "osm_id": null, "group": "Natura e paesaggio", "subgroup": "Montagna", "subcategory": "Collina"}, "geometry": {"type": "Point", "coordinates": [12.488333333, 41.901111111]}}, {"type": "Feature", "properties": {"wikidata": "Q224228", "name": "Monte San Giovanni in Sabina", "status": "done", "osm_id": "relation/41935", "group": "Amministrazione", "subgroup": "Uffici Pubblici", "subcategory": "Comune italiano"}, "geometry": {"type": "Point", "coordinates": [12.783333333, 42.333333333]}}, {"type": "Feature", "properties": {"wikidata": "Q223476", "name": "Cantalice", "status": "done", "osm_id": "relation/42038", "group": "Amministrazione", "subgroup": "Uffici Pubblici", "subcategory": "Comune italiano"}, "geometry": {"type": "Point", "coordinates": [12.9, 42.466666666]}}, {"type": "Feature", "properties": {"wikidata": "Q224073", "name": "Collevecchio", "status": "done", "osm_id": "relation/41940", "group": "Amministrazione", "subgroup": "Uffici Pubblici", "subcategory": "Comune italiano"}, "geometry": {"type": "Point", "coordinates": [12.55329, 42.33368]}}, {"type": "Feature", "properties": {"wikidata": "Q224254", "name": "Montenero Sabino", "status": "done", "osm_id": "relation/41918", "group": "Amministrazione", "subgroup": "Uffici Pubblici", "subcategory": "Comune italiano"}, "geometry": {"type": "Point", "coordinates": [12.816666666, 42.283333333]}}, {"type": "Feature", "properties": {"wikidata": "Q224291", "name": "Paganico Sabino", "status": "done", "osm_id": "relation/41839", "group": "Amministrazione", "subgroup": "Uffici Pubblici", "subcategory": "Comune italiano"}, "geometry": {"type": "Point", "coordinates": [12.997777777, 42.190555555]}}, {"type": "Feature", "properties": {"wikidata": "Q208180", "name": "lago di Bolsena", "status": "done", "osm_id": "relation/2215798", "group": "Altro", "subgroup": "Altro", "subcategory": "Altro"}, "geometry": {"type": "Point", "coordinates": [11.933333333, 42.6]}}, {"type": "Feature", "properties": {"wikidata": "Q224136", "name": "Forano", "status": "done", "osm_id": "relation/41920", "group": "Amministrazione", "subgroup": "Uffici Pubblici", "subcategory": "Comune italiano"}, "geometry": {"type": "Point", "coordinates": [12.6, 42.3]}}, {"type": "Feature", "properties": {"wikidata": "Q224336", "name": "Pozzaglia Sabina", "status": "done", "osm_id": "relation/41797", "group": "Amministrazione", "subgroup": "Uffici Pubblici", "subcategory": "Comune italiano"}, "geometry": {"type": "Point", "coordinates": [12.966666666, 42.166666666]}}, {"type": "Feature", "properties": {"wikidata": "Q223423", "name": "Accumoli", "status": "done", "osm_id": "relation/42128", "group": "Amministrazione", "subgroup": "Uffici Pubblici", "subcategory": "Comune italiano"}, "geometry": {"type": "Point", "coordinates": [13.2475, 42.694444444]}}, {"type": "Feature", "properties": {"wikidata": "Q224293", "name": "Pescorocchiano", "status": "done", "osm_id": "relation/41821", "group": "Amministrazione", "subgroup": "Uffici Pubblici", "subcategory": "Comune italiano"}, "geometry": {"type": "Point", "coordinates": [13.1478458, 42.2066319]}}, {"type": "Feature", "properties": {"wikidata": "Q224328", "name": "Poggio San Lorenzo", "status": "done", "osm_id": "relation/41880", "group": "Amministrazione", "subgroup": "Uffici Pubblici", "subcategory": "Comune italiano"}, "geometry": {"type": "Point", "coordinates": [12.85, 42.25]}}, {"type": "Feature", "properties": {"wikidata": "Q224144", "name": "Greccio", "status": "done", "osm_id": "relation/42032", "group": "Amministrazione", "subgroup": "Uffici Pubblici", "subcategory": "Comune italiano"}, "geometry": {"type": "Point", "coordinates": [12.75, 42.45]}}, {"type": "Feature", "properties": {"wikidata": "Q224247", "name": "Montebuono", "status": "done", "osm_id": "relation/41984", "group": "Amministrazione", "subgroup": "Uffici Pubblici", "subcategory": "Comune italiano"}, "geometry": {"type": "Point", "coordinates": [12.59721, 42.3677]}}, {"type": "Feature", "properties": {"wikidata": "Q223459", "name": "Borbona", "status": "done", "osm_id": "relation/42030", "group": "Amministrazione", "subgroup": "Uffici Pubblici", "subcategory": "Comune italiano"}, "geometry": {"type": "Point", "coordinates": [13.133333333, 42.516666666]}}, {"type": "Feature", "properties": {"wikidata": "Q223079", "name": "palazzo del Quirinale", "status": "done", "osm_id": "relation/2707110", "group": "Altro", "subgroup": "Altro", "subcategory": "Altro"}, "geometry": {"type": "Point", "coordinates": [12.4875, 41.9]}}, {"type": "Feature", "properties": {"wikidata": "Q224217", "name": "Mompeo", "status": "done", "osm_id": "relation/41890", "group": "Amministrazione", "subgroup": "Uffici Pubblici", "subcategory": "Comune italiano"}, "geometry": {"type": "Point", "coordinates": [12.7518, 42.249]}}, {"type": "Feature", "properties": {"wikidata": "Q224439", "name": "Roccantica", "status": "done", "osm_id": "relation/41949", "group": "Amministrazione", "subgroup": "Uffici Pubblici", "subcategory": "Comune italiano"}, "geometry": {"type": "Point", "coordinates": [12.7, 42.316666666]}}, {"type": "Feature", "properties": {"wikidata": "Q224320", "name": "Poggio Moiano", "status": "done", "osm_id": "relation/41838", "group": "Amministrazione", "subgroup": "Uffici Pubblici", "subcategory": "Comune italiano"}, "geometry": {"type": "Point", "coordinates": [12.883333333, 42.2]}}, {"type": "Feature", "properties": {"wikidata": "Q205840", "name": "Umbilicus Urbis Romae", "status": "done", "osm_id": "relation/13357828", "group": "Archeologia", "subgroup": "Siti", "subcategory": "Sito archeologico"}, "geometry": {"type": "Point", "coordinates": [12.484556, 41.892722]}}, {"type": "Feature", "properties": {"wikidata": "Q224007", "name": "Castelnuovo di Farfa", "status": "done", "osm_id": "relation/41874", "group": "Amministrazione", "subgroup": "Uffici Pubblici", "subcategory": "Comune italiano"}, "geometry": {"type": "Point", "coordinates": [12.75, 42.233333333]}}, {"type": "Feature", "properties": {"wikidata": "Q224521", "name": "Scandriglia", "status": "done", "osm_id": "relation/41780", "group": "Amministrazione", "subgroup": "Uffici Pubblici", "subcategory": "Comune italiano"}, "geometry": {"type": "Point", "coordinates": [12.85, 42.166666666]}}, {"type": "Feature", "properties": {"wikidata": "Q224080", "name": "Concerviano", "status": "done", "osm_id": "relation/41934", "group": "Amministrazione", "subgroup": "Uffici Pubblici", "subcategory": "Comune italiano"}, "geometry": {"type": "Point", "coordinates": [12.983333333, 42.316666666]}}, {"type": "Feature", "properties": {"wikidata": "Q223498", "name": "Casaprota", "status": "done", "osm_id": "relation/41881", "group": "Amministrazione", "subgroup": "Uffici Pubblici", "subcategory": "Comune italiano"}, "geometry": {"type": "Point", "coordinates": [12.8, 42.25]}}, {"type": "Feature", "properties": {"wikidata": "Q223454", "name": "Belmonte in Sabina", "status": "done", "osm_id": "relation/41958", "group": "Amministrazione", "subgroup": "Uffici Pubblici", "subcategory": "Comune italiano"}, "geometry": {"type": "Point", "coordinates": [12.9, 42.316666666]}}, {"type": "Feature", "properties": {"wikidata": "Q209344", "name": "Universit\u00e0 degli Studi di Roma \"La Sapienza\"", "status": "done", "osm_id": "way/1001160745", "group": "Altro", "subgroup": "Altro", "subcategory": "Altro"}, "geometry": {"type": "Point", "coordinates": [12.515833333, 41.903333333]}}, {"type": "Feature", "properties": {"wikidata": "Q224323", "name": "Poggio Nativo", "status": "done", "osm_id": "relation/41850", "group": "Amministrazione", "subgroup": "Uffici Pubblici", "subcategory": "Comune italiano"}, "geometry": {"type": "Point", "coordinates": [12.8, 42.216666666]}}, {"type": "Feature", "properties": {"wikidata": "Q224487", "name": "Salisano", "status": "done", "osm_id": "relation/41893", "group": "Amministrazione", "subgroup": "Uffici Pubblici", "subcategory": "Comune italiano"}, "geometry": {"type": "Point", "coordinates": [12.75, 42.266666666]}}, {"type": "Feature", "properties": {"wikidata": "Q206936", "name": "dipartimento della Protezione Civile", "status": "done", "osm_id": "way/1001724291", "group": "Altro", "subgroup": "Altro", "subcategory": "Altro"}, "geometry": {"type": "Point", "coordinates": [12.486, 41.958]}}, {"type": "Feature", "properties": {"wikidata": "Q224139", "name": "Frasso Sabino", "status": "done", "osm_id": "relation/41872", "group": "Amministrazione", "subgroup": "Uffici Pubblici", "subcategory": "Comune italiano"}, "geometry": {"type": "Point", "coordinates": [12.804969, 42.229723]}}, {"type": "Feature", "properties": {"wikidata": "Q224109", "name": "Contigliano", "status": "done", "osm_id": "relation/41992", "group": "Amministrazione", "subgroup": "Uffici Pubblici", "subcategory": "Comune italiano"}, "geometry": {"type": "Point", "coordinates": [12.766666666, 42.416666666]}}, {"type": "Feature", "properties": {"wikidata": "Q186282", "name": "basilica di Santa Maria Maggiore", "status": "done", "osm_id": "way/131564482", "group": "Altro", "subgroup": "Altro", "subcategory": "Altro"}, "geometry": {"type": "Point", "coordinates": [12.498611111, 41.8975]}}, {"type": "Feature", "properties": {"wikidata": "Q224176", "name": "Longone Sabino", "status": "done", "osm_id": "relation/41905", "group": "Amministrazione", "subgroup": "Uffici Pubblici", "subcategory": "Comune italiano"}, "geometry": {"type": "Point", "coordinates": [12.966666666, 42.266666666]}}, {"type": "Feature", "properties": {"wikidata": "Q224250", "name": "Monteleone Sabino", "status": "done", "osm_id": "relation/41877", "group": "Amministrazione", "subgroup": "Uffici Pubblici", "subcategory": "Comune italiano"}, "geometry": {"type": "Point", "coordinates": [12.85, 42.233333333]}}, {"type": "Feature", "properties": {"wikidata": "Q186990", "name": "Porta Tiburtina", "status": "done", "osm_id": "way/345548487", "group": "Fortificazioni e militare", "subgroup": "Fortificazioni", "subcategory": "Porta cittadina"}, "geometry": {"type": "Point", "coordinates": [12.51028, 41.8975]}}, {"type": "Feature", "properties": {"wikidata": "Q224116", "name": "Cottanello", "status": "done", "osm_id": "relation/41996", "group": "Amministrazione", "subgroup": "Uffici Pubblici", "subcategory": "Comune italiano"}, "geometry": {"type": "Point", "coordinates": [12.686111111, 42.405833333]}}, {"type": "Feature", "properties": {"wikidata": "Q223509", "name": "Castel Sant\u2019Angelo", "status": "done", "osm_id": "relation/42029", "group": "Amministrazione", "subgroup": "Uffici Pubblici", "subcategory": "Comune italiano"}, "geometry": {"type": "Point", "coordinates": [13.016666666, 42.4]}}, {"type": "Feature", "properties": {"wikidata": "Q224316", "name": "Poggio Mirteto", "status": "done", "osm_id": "relation/41900", "group": "Amministrazione", "subgroup": "Uffici Pubblici", "subcategory": "Comune italiano"}, "geometry": {"type": "Point", "coordinates": [12.688611111, 42.267222222]}}, {"type": "Feature", "properties": {"wikidata": "Q224068", "name": "Collegiove", "status": "done", "osm_id": "relation/41811", "group": "Amministrazione", "subgroup": "Uffici Pubblici", "subcategory": "Comune italiano"}, "geometry": {"type": "Point", "coordinates": [13.033333333, 42.183333333]}}, {"type": "Feature", "properties": {"wikidata": "Q216104", "name": "Celio", "status": "done", "osm_id": "node/13121237512", "group": "Natura e paesaggio", "subgroup": "Montagna", "subcategory": "Collina"}, "geometry": {"type": "Point", "coordinates": [12.494992342, 41.883587497]}}, {"type": "Feature", "properties": {"wikidata": "Q223438", "name": "Ascrea", "status": "done", "osm_id": "relation/41840", "group": "Amministrazione", "subgroup": "Uffici Pubblici", "subcategory": "Comune italiano"}, "geometry": {"type": "Point", "coordinates": [12.9975, 42.196944444]}}, {"type": "Feature", "properties": {"wikidata": "Q195660", "name": "chiesa di Santa Maria Antiqua", "status": "done", "osm_id": "relation/13402532", "group": "Religione", "subgroup": "Luoghi di Culto", "subcategory": "Ex chiesa"}, "geometry": {"type": "Point", "coordinates": [12.485583333, 41.891]}}, {"type": "Feature", "properties": {"wikidata": "Q223427", "name": "Amatrice", "status": "done", "osm_id": "relation/42095", "group": "Amministrazione", "subgroup": "Uffici Pubblici", "subcategory": "Comune italiano"}, "geometry": {"type": "Point", "coordinates": [13.288372222, 42.629380555]}}, {"type": "Feature", "properties": {"wikidata": "Q223473", "name": "Borgorose", "status": "done", "osm_id": "relation/41822", "group": "Amministrazione", "subgroup": "Uffici Pubblici", "subcategory": "Comune italiano"}, "geometry": {"type": "Point", "coordinates": [13.233333333, 42.2]}}, {"type": "Feature", "properties": {"wikidata": "Q202369", "name": "chiesa di San Callisto", "status": "done", "osm_id": "way/51368811", "group": "Religione", "subgroup": "Luoghi di Culto", "subcategory": "Chiesa"}, "geometry": {"type": "Point", "coordinates": [12.470333333, 41.889055555]}}, {"type": "Feature", "properties": {"wikidata": "Q266212", "name": "oratorio dei Filippini", "status": "done", "osm_id": "relation/326130", "group": "Altro", "subgroup": "Altro", "subcategory": "Altro"}, "geometry": {"type": "Point", "coordinates": [12.468711111, 41.898227777]}}, {"type": "Feature", "properties": {"wikidata": "Q382813", "name": "Marconi", "status": "done", "osm_id": "relation/13379373", "group": "Altro", "subgroup": "Altro", "subcategory": "Altro"}, "geometry": {"type": "Point", "coordinates": [12.475556, 41.849444]}}, {"type": "Feature", "properties": {"wikidata": "Q334051", "name": "abbazia di Montecassino", "status": "done", "osm_id": "relation/1148151", "group": "Cultura e tempo libero", "subgroup": "Musei", "subcategory": "Museo pubblico"}, "geometry": {"type": "Point", "coordinates": [13.814, 41.49]}}, {"type": "Feature", "properties": {"wikidata": "Q338397", "name": "Tempio del Divo Romolo", "status": "done", "osm_id": "relation/1841089", "group": "Altro", "subgroup": "Altro", "subcategory": "Altro"}, "geometry": {"type": "Point", "coordinates": [12.487397, 41.891997]}}, {"type": "Feature", "properties": {"wikidata": "Q384115", "name": "Monti Sabatini", "status": "done", "osm_id": "way/1076859355", "group": "Natura e paesaggio", "subgroup": "Montagna", "subcategory": "Montagna"}, "geometry": {"type": "Point", "coordinates": [12.25, 42.166666666]}}, {"type": "Feature", "properties": {"wikidata": "Q392878", "name": "Piazzale delle Corporazioni", "status": "done", "osm_id": "node/1573148843", "group": "Altro", "subgroup": "Altro", "subcategory": "Altro"}, "geometry": {"type": "Point", "coordinates": [12.2911, 41.7564]}}, {"type": "Feature", "properties": {"wikidata": "Q318660", "name": "basilica di Santa Maria in Aracoeli", "status": "done", "osm_id": "way/25640152", "group": "Religione", "subgroup": "Luoghi di Culto", "subcategory": "Chiesa"}, "geometry": {"type": "Point", "coordinates": [12.483333333, 41.893888888]}}, {"type": "Feature", "properties": {"wikidata": "Q383609", "name": "Tempio della Magna Mater", "status": "done", "osm_id": "relation/1860921", "group": "Religione", "subgroup": "Luoghi di Culto", "subcategory": "Tempio"}, "geometry": {"type": "Point", "coordinates": [12.48456, 41.88961]}}, {"type": "Feature", "properties": {"wikidata": "Q333906", "name": "Musei Capitolini", "status": "done", "osm_id": "relation/9909127", "group": "Cultura e tempo libero", "subgroup": "Musei", "subcategory": "Museo d'arte"}, "geometry": {"type": "Point", "coordinates": [12.482777777, 41.893055555]}}, {"type": "Feature", "properties": {"wikidata": "Q283153", "name": "Palazzo Nuovo", "status": "done", "osm_id": "way/25958413", "group": "Cultura e tempo libero", "subgroup": "Musei", "subcategory": "Museo"}, "geometry": {"type": "Point", "coordinates": [12.48316389, 41.89359444]}}, {"type": "Feature", "properties": {"wikidata": "Q321341", "name": "Istituto storico germanico di Roma", "status": "missing", "osm_id": null, "group": "Altro", "subgroup": "Altro", "subcategory": "Altro"}, "geometry": {"type": "Point", "coordinates": [12.4278, 41.8912]}}, {"type": "Feature", "properties": {"wikidata": "Q338432", "name": "Accademia Nazionale dei Lincei", "status": "done", "osm_id": "node/2141674123", "group": "Altro", "subgroup": "Altro", "subcategory": "Altro"}, "geometry": {"type": "Point", "coordinates": [12.466666666, 41.893333333]}}, {"type": "Feature", "properties": {"wikidata": "Q303001", "name": "Gianicolo", "status": "missing", "osm_id": null, "group": "Natura e paesaggio", "subgroup": "Montagna", "subcategory": "Collina"}, "geometry": {"type": "Point", "coordinates": [12.461111111, 41.891666666]}}, {"type": "Feature", "properties": {"wikidata": "Q380522", "name": "tempio di Aedes Tensarum", "status": "missing", "osm_id": null, "group": "Altro", "subgroup": "Altro", "subcategory": "Altro"}, "geometry": {"type": "Point", "coordinates": [12.4831, 41.8933]}}, {"type": "Feature", "properties": {"wikidata": "Q281330", "name": "mura serviane", "status": "done", "osm_id": "way/1223826660", "group": "Archeologia", "subgroup": "Siti", "subcategory": "Sito archeologico"}, "geometry": {"type": "Point", "coordinates": [12.501666666, 41.901666666]}}, {"type": "Feature", "properties": {"wikidata": "Q339759", "name": "Bibliotheca Hertziana", "status": "done", "osm_id": "relation/2713672", "group": "Cultura e tempo libero", "subgroup": "Biblioteche", "subcategory": "Biblioteca specializzata"}, "geometry": {"type": "Point", "coordinates": [12.48414, 41.90534]}}, {"type": "Feature", "properties": {"wikidata": "Q428463", "name": "cattedrale dei Santi Erasmo e Marciano e di Santa Maria Assunta", "status": "done", "osm_id": "way/220099304", "group": "Altro", "subgroup": "Altro", "subcategory": "Altro"}, "geometry": {"type": "Point", "coordinates": [13.5868, 41.2087]}}, {"type": "Feature", "properties": {"wikidata": "Q304735", "name": "Museo nazionale Luigi Pigorini", "status": "missing", "osm_id": null, "group": "Cultura e tempo libero", "subgroup": "Musei", "subcategory": "Museo archeologico"}, "geometry": {"type": "Point", "coordinates": [12.471458, 41.832706]}}, {"type": "Feature", "properties": {"wikidata": "Q422940", "name": "duomo di Terracina", "status": "done", "osm_id": "way/58988907", "group": "Altro", "subgroup": "Altro", "subcategory": "Altro"}, "geometry": {"type": "Point", "coordinates": [13.24833333, 41.29194444]}}, {"type": "Feature", "properties": {"wikidata": "Q374149", "name": "via Flaminia", "status": "done", "osm_id": "way/1423003428", "group": "Altro", "subgroup": "Altro", "subcategory": "Altro"}, "geometry": {"type": "Point", "coordinates": [12.58681, 42.73033]}}, {"type": "Feature", "properties": {"wikidata": "Q325761", "name": "Sede titolare di Acquapendente", "status": "missing", "osm_id": null, "group": "Altro", "subgroup": "Altro", "subcategory": "Altro"}, "geometry": {"type": "Point", "coordinates": [11.871, 42.742725]}}, {"type": "Feature", "properties": {"wikidata": "Q303091", "name": "Ginnastica ai Giochi della XVII Olimpiade", "status": "missing", "osm_id": null, "group": "Altro", "subgroup": "Altro", "subcategory": "Altro"}, "geometry": {"type": "Point", "coordinates": [12.49276, 41.88026]}}, {"type": "Feature", "properties": {"wikidata": "Q426372", "name": "Rostri", "status": "done", "osm_id": "relation/13357829", "group": "Archeologia", "subgroup": "Siti", "subcategory": "Sito archeologico"}, "geometry": {"type": "Point", "coordinates": [12.484611111, 41.892638888]}}, {"type": "Feature", "properties": {"wikidata": "Q304849", "name": "Stipes", "status": "done", "osm_id": "node/3796891428", "group": "Insediamenti", "subgroup": "Centri", "subcategory": "Frazione"}, "geometry": {"type": "Point", "coordinates": [12.96337, 42.24534]}}, {"type": "Feature", "properties": {"wikidata": "Q385910", "name": "basilica di San Clemente al Laterano", "status": "done", "osm_id": "relation/326080", "group": "Religione", "subgroup": "Luoghi di Culto", "subcategory": "Basilica minore"}, "geometry": {"type": "Point", "coordinates": [12.49756288, 41.88929503]}}, {"type": "Feature", "properties": {"wikidata": "Q283650", "name": "Foro Boario", "status": "done", "osm_id": "way/27350575", "group": "Insediamenti", "subgroup": "Zone Urbane", "subcategory": "Piazza"}, "geometry": {"type": "Point", "coordinates": [12.481111111, 41.888888888]}}, {"type": "Feature", "properties": {"wikidata": "Q285196", "name": "Casa delle Vestali", "status": "done", "osm_id": "relation/13402580", "group": "Archeologia", "subgroup": "Siti", "subcategory": "Sito archeologico"}, "geometry": {"type": "Point", "coordinates": [12.486666666, 41.891388888]}}, {"type": "Feature", "properties": {"wikidata": "Q389494", "name": "Monte Guadagnolo", "status": "done", "osm_id": "node/2426866102", "group": "Natura e paesaggio", "subgroup": "Montagna", "subcategory": "Montagna"}, "geometry": {"type": "Point", "coordinates": [12.929, 41.9121]}}, {"type": "Feature", "properties": {"wikidata": "Q323726", "name": "Casa museo di Giorgio de Chirico", "status": "missing", "osm_id": null, "group": "Cultura e tempo libero", "subgroup": "Musei", "subcategory": "Museo d'arte"}, "geometry": {"type": "Point", "coordinates": [12.4825087, 41.9055396]}}, {"type": "Feature", "properties": {"wikidata": "Q370350", "name": "mura leonine", "status": "missing", "osm_id": null, "group": "Altro", "subgroup": "Altro", "subcategory": "Altro"}, "geometry": {"type": "Point", "coordinates": [12.45972222, 41.90305556]}}, {"type": "Feature", "properties": {"wikidata": "Q371921", "name": "basilica di Massenzio", "status": "done", "osm_id": "relation/1841078", "group": "Archeologia", "subgroup": "Siti", "subcategory": "Sito archeologico"}, "geometry": {"type": "Point", "coordinates": [12.488333333, 41.891944444]}}, {"type": "Feature", "properties": {"wikidata": "Q393178", "name": "Q393178", "status": "missing", "osm_id": null, "group": "Fortificazioni e militare", "subgroup": "Fortificazioni", "subcategory": "Fortificazione"}, "geometry": {"type": "Point", "coordinates": [12.50111111, 41.9025]}}, {"type": "Feature", "properties": {"wikidata": "Q338481", "name": "Accademia di belle arti di Roma", "status": "done", "osm_id": "node/13443245244", "group": "Altro", "subgroup": "Altro", "subcategory": "Altro"}, "geometry": {"type": "Point", "coordinates": [12.4756, 41.9075]}}, {"type": "Feature", "properties": {"wikidata": "Q385387", "name": "Palazzo Doria-Pamphili", "status": "done", "osm_id": "relation/1707363", "group": "Dimore ed edifici", "subgroup": "Residenze", "subcategory": "Palazzo"}, "geometry": {"type": "Point", "coordinates": [12.48138056, 41.89779167]}}, {"type": "Feature", "properties": {"wikidata": "Q338132", "name": "oratorio di Santa Barbara", "status": "missing", "osm_id": null, "group": "Religione", "subgroup": "Luoghi di Culto", "subcategory": "Oratorio"}, "geometry": {"type": "Point", "coordinates": [12.49825, 41.88813889]}}, {"type": "Feature", "properties": {"wikidata": "Q267971", "name": "Fontana del Tritone", "status": "done", "osm_id": "way/662063745", "group": "Monumenti", "subgroup": "Monumenti", "subcategory": "Fontana"}, "geometry": {"type": "Point", "coordinates": [12.488333333, 41.903611111]}}, {"type": "Feature", "properties": {"wikidata": "Q426226", "name": "chiesa di Santa Dorotea", "status": "done", "osm_id": "way/204145400", "group": "Religione", "subgroup": "Luoghi di Culto", "subcategory": "Chiesa"}, "geometry": {"type": "Point", "coordinates": [12.46816667, 41.89227778]}}, {"type": "Feature", "properties": {"wikidata": "Q383071", "name": "Aquae Cutiliae", "status": "done", "osm_id": "way/246181546", "group": "Archeologia", "subgroup": "Siti", "subcategory": "Sito archeologico"}, "geometry": {"type": "Point", "coordinates": [13.008757, 42.380104]}}, {"type": "Feature", "properties": {"wikidata": "Q272777", "name": "Villa Adriana", "status": "done", "osm_id": "way/152327656", "group": "Archeologia", "subgroup": "Siti", "subcategory": "Sito archeologico"}, "geometry": {"type": "Point", "coordinates": [12.775278, 41.941944]}}, {"type": "Feature", "properties": {"wikidata": "Q265384", "name": "Colonna di Marco Aurelio", "status": "done", "osm_id": "way/201735339", "group": "Altro", "subgroup": "Altro", "subcategory": "Altro"}, "geometry": {"type": "Point", "coordinates": [12.48, 41.900833333]}}, {"type": "Feature", "properties": {"wikidata": "Q287041", "name": "Catacombe di Domitilla", "status": "done", "osm_id": "relation/1865367", "group": "Altro", "subgroup": "Altro", "subcategory": "Altro"}, "geometry": {"type": "Point", "coordinates": [12.50552778, 41.85891389]}}, {"type": "Feature", "properties": {"wikidata": "Q376481", "name": "Maccarese", "status": "done", "osm_id": "node/259730830", "group": "Insediamenti", "subgroup": "Centri", "subcategory": "Frazione"}, "geometry": {"type": "Point", "coordinates": [12.21975, 41.87696]}}, {"type": "Feature", "properties": {"wikidata": "Q429103", "name": "Colonna dell'Immacolata", "status": "done", "osm_id": "way/202121644", "group": "Altro", "subgroup": "Altro", "subcategory": "Altro"}, "geometry": {"type": "Point", "coordinates": [12.48294167, 41.90498333]}}, {"type": "Feature", "properties": {"wikidata": "Q338523", "name": "Accademia nazionale di San Luca", "status": "missing", "osm_id": null, "group": "Amministrazione", "subgroup": "Istruzione", "subcategory": "Istituzione accademica"}, "geometry": {"type": "Point", "coordinates": [12.483586, 41.90166]}}, {"type": "Feature", "properties": {"wikidata": "Q429349", "name": "autostrada A1", "status": "done", "osm_id": "relation/93329", "group": "Altro", "subgroup": "Altro", "subcategory": "Altro"}, "geometry": {"type": "Point", "coordinates": [11.91278, 43.02213]}}, {"type": "Feature", "properties": {"wikidata": "Q369075", "name": "Colonna di Foca", "status": "done", "osm_id": "way/131451776", "group": "Altro", "subgroup": "Altro", "subcategory": "Altro"}, "geometry": {"type": "Point", "coordinates": [12.484722222, 41.8925]}}, {"type": "Feature", "properties": {"wikidata": "Q380530", "name": "Tempio dei Dioscuri", "status": "done", "osm_id": "relation/1842061", "group": "Archeologia", "subgroup": "Siti", "subcategory": "Rovine"}, "geometry": {"type": "Point", "coordinates": [12.485555555, 41.891666666]}}, {"type": "Feature", "properties": {"wikidata": "Q319496", "name": "Internazionali d'Italia", "status": "missing", "osm_id": null, "group": "Altro", "subgroup": "Altro", "subcategory": "Altro"}, "geometry": {"type": "Point", "coordinates": [12.455961111, 41.929222222]}}, {"type": "Feature", "properties": {"wikidata": "Q430792", "name": "Tempio di Venere e Roma", "status": "done", "osm_id": "relation/1841091", "group": "Religione", "subgroup": "Luoghi di Culto", "subcategory": "Tempio"}, "geometry": {"type": "Point", "coordinates": [12.48975, 41.890892]}}, {"type": "Feature", "properties": {"wikidata": "Q242053", "name": "chiesa di Sant'Atanasio", "status": "done", "osm_id": "way/60678483", "group": "Altro", "subgroup": "Altro", "subcategory": "Altro"}, "geometry": {"type": "Point", "coordinates": [12.47939, 41.90785]}}, {"type": "Feature", "properties": {"wikidata": "Q740755", "name": "Obelisco di Montecitorio", "status": "done", "osm_id": "way/629809742", "group": "Altro", "subgroup": "Altro", "subcategory": "Altro"}, "geometry": {"type": "Point", "coordinates": [12.4787, 41.9006]}}, {"type": "Feature", "properties": {"wikidata": "Q256546", "name": "Porta Pinciana", "status": "done", "osm_id": "way/354694124", "group": "Fortificazioni e militare", "subgroup": "Fortificazioni", "subcategory": "Porta cittadina"}, "geometry": {"type": "Point", "coordinates": [12.48833333, 41.90944444]}}, {"type": "Feature", "properties": {"wikidata": "Q751480", "name": "chiesa di Sant'Antonio in Campo Marzio", "status": "done", "osm_id": "way/60615623", "group": "Religione", "subgroup": "Luoghi di Culto", "subcategory": "Chiesa"}, "geometry": {"type": "Point", "coordinates": [12.474459, 41.901724]}}, {"type": "Feature", "properties": {"wikidata": "Q751318", "name": "Porta Maggiore", "status": "done", "osm_id": "relation/13394492", "group": "Fortificazioni e militare", "subgroup": "Fortificazioni", "subcategory": "Porta cittadina"}, "geometry": {"type": "Point", "coordinates": [12.5152419, 41.8914573]}}, {"type": "Feature", "properties": {"wikidata": "Q224697", "name": "Torricella in Sabina", "status": "done", "osm_id": "relation/41891", "group": "Amministrazione", "subgroup": "Uffici Pubblici", "subcategory": "Comune italiano"}, "geometry": {"type": "Point", "coordinates": [12.869722222, 42.261944444]}}, {"type": "Feature", "properties": {"wikidata": "Q725404", "name": "piramide Cestia", "status": "done", "osm_id": "way/432946457", "group": "Altro", "subgroup": "Altro", "subcategory": "Altro"}, "geometry": {"type": "Point", "coordinates": [12.480898, 41.876489]}}, {"type": "Feature", "properties": {"wikidata": "Q724882", "name": "Monti della Meta", "status": "missing", "osm_id": null, "group": "Altro", "subgroup": "Altro", "subcategory": "Altro"}, "geometry": {"type": "Point", "coordinates": [13.9125, 41.681944444]}}, {"type": "Feature", "properties": {"wikidata": "Q224719", "name": "Varco Sabino", "status": "done", "osm_id": "relation/41860", "group": "Amministrazione", "subgroup": "Uffici Pubblici", "subcategory": "Comune italiano"}, "geometry": {"type": "Point", "coordinates": [13.016666666, 42.233333333]}}, {"type": "Feature", "properties": {"wikidata": "Q741051", "name": "catacombe di Roma", "status": "missing", "osm_id": null, "group": "Archeologia", "subgroup": "Siti", "subcategory": "Sito archeologico"}, "geometry": {"type": "Point", "coordinates": [12.498333333, 41.894444444]}}, {"type": "Feature", "properties": {"wikidata": "Q746102", "name": "Cloaca Massima", "status": "done", "osm_id": "node/4754734734", "group": "Altro", "subgroup": "Altro", "subcategory": "Altro"}, "geometry": {"type": "Point", "coordinates": [12.480277777, 41.888888888]}}, {"type": "Feature", "properties": {"wikidata": "Q740665", "name": "Circo Massimo", "status": "done", "osm_id": "node/11599880399", "group": "Infrastrutture", "subgroup": "Trasporti", "subcategory": "Stazione metropolitana"}, "geometry": {"type": "Point", "coordinates": [12.488056, 41.883611]}}, {"type": "Feature", "properties": {"wikidata": "Q224713", "name": "Vacone", "status": "done", "osm_id": "relation/41995", "group": "Amministrazione", "subgroup": "Uffici Pubblici", "subcategory": "Comune italiano"}, "geometry": {"type": "Point", "coordinates": [12.65, 42.383333333]}}, {"type": "Feature", "properties": {"wikidata": "Q729490", "name": "Bocca della Verit\u00e0", "status": "done", "osm_id": "node/497186177", "group": "Altro", "subgroup": "Altro", "subcategory": "Altro"}, "geometry": {"type": "Point", "coordinates": [12.481666666, 41.888055555]}}, {"type": "Feature", "properties": {"wikidata": "Q746063", "name": "Villa d'Este", "status": "done", "osm_id": "relation/270239", "group": "Dimore ed edifici", "subgroup": "Residenze", "subcategory": "Villa"}, "geometry": {"type": "Point", "coordinates": [12.796111111, 41.9625]}}, {"type": "Feature", "properties": {"wikidata": "Q727686", "name": "chiesa di San Lorenzo in Fonte", "status": "done", "osm_id": "way/339438916", "group": "Religione", "subgroup": "Luoghi di Culto", "subcategory": "Chiesa parrocchiale"}, "geometry": {"type": "Point", "coordinates": [12.493558, 41.895687]}}, {"type": "Feature", "properties": {"wikidata": "Q719794", "name": "chiesa del Ges\u00f9", "status": "done", "osm_id": "way/25610962", "group": "Religione", "subgroup": "Luoghi di Culto", "subcategory": "Chiesa"}, "geometry": {"type": "Point", "coordinates": [12.479722222, 41.895833333]}}, {"type": "Feature", "properties": {"wikidata": "Q689334", "name": "Porta Caelimontana e Porta Querquetulana", "status": "missing", "osm_id": null, "group": "Fortificazioni e militare", "subgroup": "Fortificazioni", "subcategory": "Porta cittadina"}, "geometry": {"type": "Point", "coordinates": [12.4952, 41.8856]}}, {"type": "Feature", "properties": {"wikidata": "Q738214", "name": "Basilica di San Lorenzo fuori le mura", "status": "done", "osm_id": "relation/422911", "group": "Religione", "subgroup": "Luoghi di Culto", "subcategory": "Basilica minore"}, "geometry": {"type": "Point", "coordinates": [12.52054723, 41.902534177]}}, {"type": "Feature", "properties": {"wikidata": "Q748743", "name": "Villa Aldobrandini", "status": "done", "osm_id": "way/279811260", "group": "Dimore ed edifici", "subgroup": "Residenze", "subcategory": "Villa"}, "geometry": {"type": "Point", "coordinates": [12.6836, 41.80343]}}, {"type": "Feature", "properties": {"wikidata": "Q746721", "name": "Tempio di Saturno", "status": "done", "osm_id": "relation/1849835", "group": "Altro", "subgroup": "Altro", "subcategory": "Altro"}, "geometry": {"type": "Point", "coordinates": [12.484111, 41.892428]}}, {"type": "Feature", "properties": {"wikidata": "Q242839", "name": "Campo Marzio", "status": "missing", "osm_id": null, "group": "Altro", "subgroup": "Altro", "subcategory": "Altro"}, "geometry": {"type": "Point", "coordinates": [12.47722222, 41.89777778]}}, {"type": "Feature", "properties": {"wikidata": "Q754485", "name": "stazione di Roma Termini", "status": "done", "osm_id": "relation/14242310", "group": "Altro", "subgroup": "Altro", "subcategory": "Altro"}, "geometry": {"type": "Point", "coordinates": [12.501755, 41.900648]}}, {"type": "Feature", "properties": {"wikidata": "Q751105", "name": "Palazzo Valentini", "status": "done", "osm_id": "relation/1892857", "group": "Dimore ed edifici", "subgroup": "Residenze", "subcategory": "Palazzo italiano"}, "geometry": {"type": "Point", "coordinates": [12.48388889, 41.89666667]}}, {"type": "Feature", "properties": {"wikidata": "Q753791", "name": "Tempio di Vesta", "status": "done", "osm_id": "relation/1842062", "group": "Archeologia", "subgroup": "Siti", "subcategory": "Sito archeologico"}, "geometry": {"type": "Point", "coordinates": [12.486206, 41.891707]}}, {"type": "Feature", "properties": {"wikidata": "Q237480", "name": "metropolitana di Roma", "status": "missing", "osm_id": null, "group": "Altro", "subgroup": "Altro", "subcategory": "Altro"}, "geometry": {"type": "Point", "coordinates": [12.482777777, 41.893055555]}}, {"type": "Feature", "properties": {"wikidata": "Q748516", "name": "Porta Ardeatina", "status": "done", "osm_id": "node/2018208556", "group": "Fortificazioni e militare", "subgroup": "Fortificazioni", "subcategory": "Porta cittadina"}, "geometry": {"type": "Point", "coordinates": [12.4971, 41.8733]}}, {"type": "Feature", "properties": {"wikidata": "Q733890", "name": "basilica di Santa Prassede", "status": "done", "osm_id": "way/44448525", "group": "Religione", "subgroup": "Luoghi di Culto", "subcategory": "Basilica minore"}, "geometry": {"type": "Point", "coordinates": [12.498611111, 41.896111111]}}, {"type": "Feature", "properties": {"wikidata": "Q745552", "name": "Tempio di Fauno", "status": "missing", "osm_id": null, "group": "Religione", "subgroup": "Luoghi di Culto", "subcategory": "Tempio"}, "geometry": {"type": "Point", "coordinates": [12.476, 41.891]}}, {"type": "Feature", "properties": {"wikidata": "Q249991", "name": "Domus di Amore e Psiche", "status": "done", "osm_id": "way/949827087", "group": "Archeologia", "subgroup": "Siti", "subcategory": "Domus de Janas"}, "geometry": {"type": "Point", "coordinates": [12.286057, 41.754044]}}, {"type": "Feature", "properties": {"wikidata": "Q224671", "name": "Toffia", "status": "done", "osm_id": "relation/41853", "group": "Amministrazione", "subgroup": "Uffici Pubblici", "subcategory": "Comune italiano"}, "geometry": {"type": "Point", "coordinates": [12.75, 42.216666666]}}, {"type": "Feature", "properties": {"wikidata": "Q755454", "name": "Ateneo di Adriano", "status": "done", "osm_id": "relation/19906545", "group": "Amministrazione", "subgroup": "Istruzione", "subcategory": "Complesso educativo"}, "geometry": {"type": "Point", "coordinates": [12.48326, 41.89591]}}, {"type": "Feature", "properties": {"wikidata": "Q224705", "name": "Turania", "status": "done", "osm_id": "relation/41793", "group": "Amministrazione", "subgroup": "Uffici Pubblici", "subcategory": "Comune italiano"}, "geometry": {"type": "Point", "coordinates": [13.016666666, 42.133333333]}}, {"type": "Feature", "properties": {"wikidata": "Q259658", "name": "Faro di Capo Circeo", "status": "done", "osm_id": "node/776167346", "group": "Infrastrutture", "subgroup": "Trasporti", "subcategory": "Faro"}, "geometry": {"type": "Point", "coordinates": [13.068501, 41.222349]}}, {"type": "Feature", "properties": {"wikidata": "Q224692", "name": "Torri in Sabina", "status": "done", "osm_id": "relation/41967", "group": "Amministrazione", "subgroup": "Uffici Pubblici", "subcategory": "Comune italiano"}, "geometry": {"type": "Point", "coordinates": [12.633333333, 42.35]}}, {"type": "Feature", "properties": {"wikidata": "Q723887", "name": "Arco di Tito", "status": "done", "osm_id": "way/23913953", "group": "Altro", "subgroup": "Altro", "subcategory": "Altro"}, "geometry": {"type": "Point", "coordinates": [12.488585, 41.890717]}}, {"type": "Feature", "properties": {"wikidata": "Q687636", "name": "Porta Raudusculana", "status": "missing", "osm_id": null, "group": "Fortificazioni e militare", "subgroup": "Fortificazioni", "subcategory": "Porta cittadina"}, "geometry": {"type": "Point", "coordinates": [12.48359425, 41.880069444]}}, {"type": "Feature", "properties": {"wikidata": "Q692719", "name": "Monte Mario", "status": "done", "osm_id": "node/259647197", "group": "Natura e paesaggio", "subgroup": "Montagna", "subcategory": "Collina"}, "geometry": {"type": "Point", "coordinates": [12.45166667, 41.925]}}, {"type": "Feature", "properties": {"wikidata": "Q728399", "name": "Studi di Cinecitt\u00e0", "status": "done", "osm_id": "way/55449942", "group": "Altro", "subgroup": "Altro", "subcategory": "Altro"}, "geometry": {"type": "Point", "coordinates": [12.566667, 41.85]}}, {"type": "Feature", "properties": {"wikidata": "Q748459", "name": "chiesa di San Gregorio al Celio", "status": "done", "osm_id": "relation/1807295", "group": "Religione", "subgroup": "Luoghi di Culto", "subcategory": "Chiesa"}, "geometry": {"type": "Point", "coordinates": [12.490638888, 41.885472222]}}, {"type": "Feature", "properties": {"wikidata": "Q743635", "name": "Porta Salutaris", "status": "missing", "osm_id": null, "group": "Fortificazioni e militare", "subgroup": "Fortificazioni", "subcategory": "Porta cittadina"}, "geometry": {"type": "Point", "coordinates": [12.486, 41.9009]}}, {"type": "Feature", "properties": {"wikidata": "Q745534", "name": "Testa di Lepre", "status": "done", "osm_id": "node/4652890299", "group": "Insediamenti", "subgroup": "Centri", "subcategory": "Frazione"}, "geometry": {"type": "Point", "coordinates": [12.284725, 41.962147222]}}, {"type": "Feature", "properties": {"wikidata": "Q748224", "name": "Scherma ai Giochi della XVII Olimpiade", "status": "missing", "osm_id": null, "group": "Altro", "subgroup": "Altro", "subcategory": "Altro"}, "geometry": {"type": "Point", "coordinates": [12.4828, 41.8931]}}, {"type": "Feature", "properties": {"wikidata": "Q727508", "name": "chiesa di Santa Caterina a Magnanapoli", "status": "done", "osm_id": "relation/13427100", "group": "Altro", "subgroup": "Altro", "subcategory": "Altro"}, "geometry": {"type": "Point", "coordinates": [12.4869, 41.896]}}, {"type": "Feature", "properties": {"wikidata": "Q752553", "name": "Rupe Tarpea", "status": "done", "osm_id": "way/123817460", "group": "Altro", "subgroup": "Altro", "subcategory": "Altro"}, "geometry": {"type": "Point", "coordinates": [12.482388888, 41.8915]}}, {"type": "Feature", "properties": {"wikidata": "Q731976", "name": "Trasmettitore di Santa Palomba", "status": "done", "osm_id": "node/4870670545", "group": "Dimore ed edifici", "subgroup": "Strutture Varie", "subcategory": "Struttura architettonica"}, "geometry": {"type": "Point", "coordinates": [12.580826, 41.703614]}}, {"type": "Feature", "properties": {"wikidata": "Q242998", "name": "Monterotondo", "status": "done", "osm_id": "relation/41752", "group": "Amministrazione", "subgroup": "Uffici Pubblici", "subcategory": "Comune italiano"}, "geometry": {"type": "Point", "coordinates": [12.616666666, 42.05]}}, {"type": "Feature", "properties": {"wikidata": "Q737333", "name": "Cornelia", "status": "done", "osm_id": "node/13180241736", "group": "Infrastrutture", "subgroup": "Trasporti", "subcategory": "Stazione metropolitana"}, "geometry": {"type": "Point", "coordinates": [12.425277777, 41.902222222]}}, {"type": "Feature", "properties": {"wikidata": "Q687617", "name": "Monti Prenestini", "status": "missing", "osm_id": null, "group": "Natura e paesaggio", "subgroup": "Montagna", "subcategory": "Montagna"}, "geometry": {"type": "Point", "coordinates": [12.928888888, 41.911944444]}}, {"type": "Feature", "properties": {"wikidata": "Q3662389", "name": "Castello Vecchio (Colleferro)", "status": "done", "osm_id": "way/629940657", "group": "Fortificazioni e militare", "subgroup": "Fortificazioni", "subcategory": "Castello in rovina"}, "geometry": {"type": "Point", "coordinates": [12.9960408, 41.7258729]}}, {"type": "Feature", "properties": {"wikidata": "Q3663031", "name": "Castelverde", "status": "done", "osm_id": "node/311880010", "group": "Insediamenti", "subgroup": "Centri", "subcategory": "Frazione"}, "geometry": {"type": "Point", "coordinates": [12.690555555, 41.9075]}}, {"type": "Feature", "properties": {"wikidata": "Q3661258", "name": "Casa della memoria e della storia", "status": "missing", "osm_id": null, "group": "Cultura e tempo libero", "subgroup": "Musei", "subcategory": "Museo"}, "geometry": {"type": "Point", "coordinates": [12.46364, 41.89415]}}, {"type": "Feature", "properties": {"wikidata": "Q3662367", "name": "castello Savelli Torlonia", "status": "missing", "osm_id": null, "group": "Fortificazioni e militare", "subgroup": "Fortificazioni", "subcategory": "Castello"}, "geometry": {"type": "Point", "coordinates": [12.765952, 42.066252]}}, {"type": "Feature", "properties": {"wikidata": "Q3662140", "name": "Castel San Pietro Sabino", "status": "done", "osm_id": "node/4868657867", "group": "Insediamenti", "subgroup": "Centri", "subcategory": "Frazione"}, "geometry": {"type": "Point", "coordinates": [12.7177, 42.2565]}}, {"type": "Feature", "properties": {"wikidata": "Q3657468", "name": "cappella della Madonna dell'Archetto", "status": "missing", "osm_id": null, "group": "Religione", "subgroup": "Luoghi di Culto", "subcategory": "Cappella"}, "geometry": {"type": "Point", "coordinates": [12.4828, 41.8989]}}, {"type": "Feature", "properties": {"wikidata": "Q3662408", "name": "castello degli Orsini", "status": "missing", "osm_id": null, "group": "Fortificazioni e militare", "subgroup": "Fortificazioni", "subcategory": "Castello"}, "geometry": {"type": "Point", "coordinates": [12.506958, 42.142095]}}, {"type": "Feature", "properties": {"wikidata": "Q3661653", "name": "Case romane del Celio", "status": "missing", "osm_id": null, "group": "Archeologia", "subgroup": "Siti", "subcategory": "Sito archeologico"}, "geometry": {"type": "Point", "coordinates": [12.492, 41.8864]}}, {"type": "Feature", "properties": {"wikidata": "Q3661788", "name": "Casina di Raffaello", "status": "done", "osm_id": "way/78055620", "group": "Dimore ed edifici", "subgroup": "Residenze", "subcategory": "Villa"}, "geometry": {"type": "Point", "coordinates": [12.48653611, 41.91284167]}}, {"type": "Feature", "properties": {"wikidata": "Q3661201", "name": "Casa dei Grifi", "status": "done", "osm_id": "relation/1854239", "group": "Archeologia", "subgroup": "Siti", "subcategory": "Domus de Janas"}, "geometry": {"type": "Point", "coordinates": [12.4873, 41.889]}}, {"type": "Feature", "properties": {"wikidata": "Q3662813", "name": "castello di Porcareccia", "status": "done", "osm_id": "relation/8512675", "group": "Fortificazioni e militare", "subgroup": "Fortificazioni", "subcategory": "Castello"}, "geometry": {"type": "Point", "coordinates": [12.36626, 41.926779]}}, {"type": "Feature", "properties": {"wikidata": "Q3654683", "name": "campo di internamento di Fraschette", "status": "missing", "osm_id": null, "group": "Fortificazioni e militare", "subgroup": "Militare", "subcategory": "Campo di concentramento"}, "geometry": {"type": "Point", "coordinates": [13.340278, 41.730556]}}, {"type": "Feature", "properties": {"wikidata": "Q3662084", "name": "Castel Cellesi", "status": "done", "osm_id": "node/1778014512", "group": "Insediamenti", "subgroup": "Centri", "subcategory": "Frazione"}, "geometry": {"type": "Point", "coordinates": [12.14916667, 42.59]}}, {"type": "Feature", "properties": {"wikidata": "Q3661398", "name": "Casal Brunori", "status": "missing", "osm_id": null, "group": "Insediamenti", "subgroup": "Centri", "subcategory": "Insediamento umano"}, "geometry": {"type": "Point", "coordinates": [12.445675, 41.794824]}}, {"type": "Feature", "properties": {"wikidata": "Q3662229", "name": "Castellaccio dei Monteroni", "status": "done", "osm_id": "way/824878536", "group": "Altro", "subgroup": "Altro", "subcategory": "Altro"}, "geometry": {"type": "Point", "coordinates": [12.12607, 41.94009]}}, {"type": "Feature", "properties": {"wikidata": "Q3661197", "name": "casa dei Cavalieri di Rodi", "status": "done", "osm_id": "relation/2051624", "group": "Dimore ed edifici", "subgroup": "Residenze", "subcategory": "Palazzo italiano"}, "geometry": {"type": "Point", "coordinates": [12.4864, 41.8948]}}, {"type": "Feature", "properties": {"wikidata": "Q3662313", "name": "Castello Caetani", "status": "done", "osm_id": "relation/935796", "group": "Fortificazioni e militare", "subgroup": "Fortificazioni", "subcategory": "Castello"}, "geometry": {"type": "Point", "coordinates": [12.984949, 41.550122]}}, {"type": "Feature", "properties": {"wikidata": "Q3646874", "name": "Bullicame", "status": "missing", "osm_id": null, "group": "Altro", "subgroup": "Altro", "subcategory": "Altro"}, "geometry": {"type": "Point", "coordinates": [12.07291667, 42.42041667]}}, {"type": "Feature", "properties": {"wikidata": "Q3662972", "name": "castello ducale Orsini", "status": "done", "osm_id": "relation/7233122", "group": "Fortificazioni e militare", "subgroup": "Fortificazioni", "subcategory": "Castello"}, "geometry": {"type": "Point", "coordinates": [12.592553, 42.171693]}}, {"type": "Feature", "properties": {"wikidata": "Q3661716", "name": "Caserma dei Vigili della citt\u00e0 riomana di Ostia", "status": "done", "osm_id": "way/227913459", "group": "Fortificazioni e militare", "subgroup": "Militare", "subcategory": "Caserma"}, "geometry": {"type": "Point", "coordinates": [12.292, 41.757]}}, {"type": "Feature", "properties": {"wikidata": "Q3657576", "name": "cappella di San Giovanni Battista", "status": "missing", "osm_id": null, "group": "Religione", "subgroup": "Luoghi di Culto", "subcategory": "Chiesa"}, "geometry": {"type": "Point", "coordinates": [12.417288888, 41.82755]}}, {"type": "Feature", "properties": {"wikidata": "Q3661171", "name": "Casa Tonda", "status": "missing", "osm_id": null, "group": "Altro", "subgroup": "Altro", "subcategory": "Altro"}, "geometry": {"type": "Point", "coordinates": [12.50511111, 41.89383333]}}, {"type": "Feature", "properties": {"wikidata": "Q3662013", "name": "cimitero di guerra del Commonwealth di Cassino", "status": "done", "osm_id": "way/163494221", "group": "Altro", "subgroup": "Altro", "subcategory": "Altro"}, "geometry": {"type": "Point", "coordinates": [13.8263, 41.4776]}}, {"type": "Feature", "properties": {"wikidata": "Q3661805", "name": "casino dei Principi", "status": "done", "osm_id": "way/1168238312", "group": "Dimore ed edifici", "subgroup": "Residenze", "subcategory": "Palazzo italiano"}, "geometry": {"type": "Point", "coordinates": [12.510304251, 41.914934453]}}, {"type": "Feature", "properties": {"wikidata": "Q3661405", "name": "Casal Rotondo", "status": "done", "osm_id": "way/165337739", "group": "Archeologia", "subgroup": "Siti", "subcategory": "Sito archeologico"}, "geometry": {"type": "Point", "coordinates": [12.556, 41.821]}}, {"type": "Feature", "properties": {"wikidata": "Q3662308", "name": "castello Boncompagni - Viscogliosi", "status": "missing", "osm_id": null, "group": "Fortificazioni e militare", "subgroup": "Fortificazioni", "subcategory": "Castello"}, "geometry": {"type": "Point", "coordinates": [13.574091, 41.680196]}}, {"type": "Feature", "properties": {"wikidata": "Q3661286", "name": "casa di Dante in Roma", "status": "missing", "osm_id": null, "group": "Dimore ed edifici", "subgroup": "Residenze", "subcategory": "Casa"}, "geometry": {"type": "Point", "coordinates": [12.47447222, 41.88955556]}}, {"type": "Feature", "properties": {"wikidata": "Q3657228", "name": "Capocotta", "status": "done", "osm_id": "relation/19271140", "group": "Natura e paesaggio", "subgroup": "Verde", "subcategory": "Area protetta"}, "geometry": {"type": "Point", "coordinates": [12.40297, 41.66458]}}, {"type": "Feature", "properties": {"wikidata": "Q3662848", "name": "Castello di Rota", "status": "done", "osm_id": "node/1482185598", "group": "Insediamenti", "subgroup": "Centri", "subcategory": "Frazione"}, "geometry": {"type": "Point", "coordinates": [12.009722222, 42.148888888]}}, {"type": "Feature", "properties": {"wikidata": "Q3657144", "name": "Capo Linaro", "status": "done", "osm_id": "node/1853272897", "group": "Natura e paesaggio", "subgroup": "Mare e Costa", "subcategory": "Capo"}, "geometry": {"type": "Point", "coordinates": [11.83511, 42.02953]}}, {"type": "Feature", "properties": {"wikidata": "Q3662317", "name": "Castello Cantelmo", "status": "done", "osm_id": "way/507078816", "group": "Fortificazioni e militare", "subgroup": "Fortificazioni", "subcategory": "Castello"}, "geometry": {"type": "Point", "coordinates": [13.740281, 41.692022]}}, {"type": "Feature", "properties": {"wikidata": "Q3657331", "name": "cappella Bufalini", "status": "missing", "osm_id": null, "group": "Religione", "subgroup": "Luoghi di Culto", "subcategory": "Cappella"}, "geometry": {"type": "Point", "coordinates": [12.48290556, 41.89376944]}}, {"type": "Feature", "properties": {"wikidata": "Q3662347", "name": "Castello Orsini-Cesi-Borghese", "status": "done", "osm_id": "node/1166346607", "group": "Fortificazioni e militare", "subgroup": "Fortificazioni", "subcategory": "Castello"}, "geometry": {"type": "Point", "coordinates": [12.83867, 42.00977]}}, {"type": "Feature", "properties": {"wikidata": "Q3661536", "name": "Cascata dell'Infernaccio", "status": "done", "osm_id": "node/4436280889", "group": "Natura e paesaggio", "subgroup": "Acqua", "subcategory": "Cascata"}, "geometry": {"type": "Point", "coordinates": [12.1311, 42.5274]}}, {"type": "Feature", "properties": {"wikidata": "Q3662401", "name": "Castello baronale", "status": "done", "osm_id": "relation/2436509", "group": "Fortificazioni e militare", "subgroup": "Fortificazioni", "subcategory": "Castello"}, "geometry": {"type": "Point", "coordinates": [13.429091, 41.357923]}}, {"type": "Feature", "properties": {"wikidata": "Q3656751", "name": "Capanne del Palatino", "status": "missing", "osm_id": null, "group": "Archeologia", "subgroup": "Siti", "subcategory": "Sito archeologico"}, "geometry": {"type": "Point", "coordinates": [12.484925, 41.88917222]}}, {"type": "Feature", "properties": {"wikidata": "Q3661634", "name": "Case Rosse", "status": "done", "osm_id": "node/311880435", "group": "Insediamenti", "subgroup": "Centri", "subcategory": "Frazione"}, "geometry": {"type": "Point", "coordinates": [12.646388888, 41.933333333]}}, {"type": "Feature", "properties": {"wikidata": "Q3662436", "name": "castello della Magliana", "status": "done", "osm_id": "way/24207441", "group": "Fortificazioni e militare", "subgroup": "Fortificazioni", "subcategory": "Castello"}, "geometry": {"type": "Point", "coordinates": [12.417287, 41.827554]}}, {"type": "Feature", "properties": {"wikidata": "Q3661415", "name": "Casalcassinese", "status": "done", "osm_id": "node/5231447002", "group": "Insediamenti", "subgroup": "Centri", "subcategory": "Frazione"}, "geometry": {"type": "Point", "coordinates": [13.987, 41.55441]}}, {"type": "Feature", "properties": {"wikidata": "Q3661302", "name": "Casa di Pirandello", "status": "done", "osm_id": "node/5044706567", "group": "Cultura e tempo libero", "subgroup": "Musei", "subcategory": "Museo"}, "geometry": {"type": "Point", "coordinates": [12.514194, 41.9165]}}, {"type": "Feature", "properties": {"wikidata": "Q3662432", "name": "castello della Cecchignola", "status": "done", "osm_id": "way/301078132", "group": "Fortificazioni e militare", "subgroup": "Fortificazioni", "subcategory": "Castello"}, "geometry": {"type": "Point", "coordinates": [12.507135, 41.81792]}}, {"type": "Feature", "properties": {"wikidata": "Q3661399", "name": "Casal Monastero", "status": "done", "osm_id": "node/369940772", "group": "Insediamenti", "subgroup": "Centri", "subcategory": "Frazione"}, "geometry": {"type": "Point", "coordinates": [12.6, 41.945277777]}}, {"type": "Feature", "properties": {"wikidata": "Q3662668", "name": "castello di Lunghezza", "status": "done", "osm_id": "way/24243336", "group": "Fortificazioni e militare", "subgroup": "Fortificazioni", "subcategory": "Castello"}, "geometry": {"type": "Point", "coordinates": [12.666507, 41.925015]}}, {"type": "Feature", "properties": {"wikidata": "Q3661787", "name": "Casina Valadier", "status": "done", "osm_id": "way/201280472", "group": "Dimore ed edifici", "subgroup": "Residenze", "subcategory": "Palazzo italiano"}, "geometry": {"type": "Point", "coordinates": [12.4797, 41.9102]}}, {"type": "Feature", "properties": {"wikidata": "Q3661393", "name": "Casal Bernocchi", "status": "done", "osm_id": "node/291910811", "group": "Insediamenti", "subgroup": "Centri", "subcategory": "Frazione"}, "geometry": {"type": "Point", "coordinates": [12.379444444, 41.788333333]}}, {"type": "Feature", "properties": {"wikidata": "Q3648926", "name": "CSOA Forte Prenestino", "status": "missing", "osm_id": null, "group": "Altro", "subgroup": "Altro", "subcategory": "Altro"}, "geometry": {"type": "Point", "coordinates": [12.56943, 41.89231]}}, {"type": "Feature", "properties": {"wikidata": "Q3657414", "name": "cappella del Presepio", "status": "missing", "osm_id": null, "group": "Religione", "subgroup": "Luoghi di Culto", "subcategory": "Cappella"}, "geometry": {"type": "Point", "coordinates": [12.4763, 41.9114]}}, {"type": "Feature", "properties": {"wikidata": "Q3661350", "name": "casa protostorica di Fidene", "status": "done", "osm_id": "node/1832878829", "group": "Archeologia", "subgroup": "Siti", "subcategory": "Sito archeologico"}, "geometry": {"type": "Point", "coordinates": [12.541276, 42.02848]}}, {"type": "Feature", "properties": {"wikidata": "Q3662724", "name": "castello di Monte San Giovanni Campano", "status": "missing", "osm_id": null, "group": "Fortificazioni e militare", "subgroup": "Fortificazioni", "subcategory": "Castello"}, "geometry": {"type": "Point", "coordinates": [13.513699, 41.640415]}}, {"type": "Feature", "properties": {"wikidata": "Q3658372", "name": "Carchitti", "status": "done", "osm_id": "node/1815967079", "group": "Insediamenti", "subgroup": "Centri", "subcategory": "Frazione"}, "geometry": {"type": "Point", "coordinates": [12.82955, 41.78688]}}, {"type": "Feature", "properties": {"wikidata": "Q3657439", "name": "cappella dell'Immacolata Concezione", "status": "done", "osm_id": "way/945287235", "group": "Religione", "subgroup": "Luoghi di Culto", "subcategory": "Cappella"}, "geometry": {"type": "Point", "coordinates": [13.58104, 41.21217]}}, {"type": "Feature", "properties": {"wikidata": "Q3662213", "name": "Castelfranco", "status": "missing", "osm_id": null, "group": "Insediamenti", "subgroup": "Centri", "subcategory": "Frazione"}, "geometry": {"type": "Point", "coordinates": [12.89706, 42.43533]}}, {"type": "Feature", "properties": {"wikidata": "Q3657494", "name": "cappella della Mater Boni Consilii", "status": "missing", "osm_id": null, "group": "Religione", "subgroup": "Luoghi di Culto", "subcategory": "Cappella"}, "geometry": {"type": "Point", "coordinates": [12.4871, 41.894661111]}}, {"type": "Feature", "properties": {"wikidata": "Q3662636", "name": "castello di Isola Farnese", "status": "done", "osm_id": "way/130541313", "group": "Fortificazioni e militare", "subgroup": "Fortificazioni", "subcategory": "Castello"}, "geometry": {"type": "Point", "coordinates": [12.39206944, 42.01962222]}}, {"type": "Feature", "properties": {"wikidata": "Q3657415", "name": "cappella del Preziosissimo Sangue", "status": "missing", "osm_id": null, "group": "Religione", "subgroup": "Luoghi di Culto", "subcategory": "Cappella"}, "geometry": {"type": "Point", "coordinates": [12.46105556, 41.87902778]}}, {"type": "Feature", "properties": {"wikidata": "Q3662144", "name": "Castel Savello", "status": "done", "osm_id": "node/8413119694", "group": "Fortificazioni e militare", "subgroup": "Fortificazioni", "subcategory": "Castello"}, "geometry": {"type": "Point", "coordinates": [12.637511, 41.723909]}}, {"type": "Feature", "properties": {"wikidata": "Q3662095", "name": "Castel Giuliano", "status": "done", "osm_id": "node/427534742", "group": "Insediamenti", "subgroup": "Centri", "subcategory": "Frazione"}, "geometry": {"type": "Point", "coordinates": [12.12602, 42.05504]}}, {"type": "Feature", "properties": {"wikidata": "Q3662384", "name": "Castello Theodoli", "status": "missing", "osm_id": null, "group": "Fortificazioni e militare", "subgroup": "Fortificazioni", "subcategory": "Castello"}, "geometry": {"type": "Point", "coordinates": [12.936841, 41.987974]}}, {"type": "Feature", "properties": {"wikidata": "Q3662989", "name": "Castellonorato", "status": "done", "osm_id": "node/2360385221", "group": "Insediamenti", "subgroup": "Centri", "subcategory": "Frazione"}, "geometry": {"type": "Point", "coordinates": [13.68013, 41.28134]}}, {"type": "Feature", "properties": {"wikidata": "Q3662925", "name": "castello di Torre In Pietra", "status": "done", "osm_id": "way/469086294", "group": "Fortificazioni e militare", "subgroup": "Fortificazioni", "subcategory": "Castello"}, "geometry": {"type": "Point", "coordinates": [12.2233, 41.9291]}}, {"type": "Feature", "properties": {"wikidata": "Q3661799", "name": "Casino Nobile", "status": "done", "osm_id": "way/1168238301", "group": "Cultura e tempo libero", "subgroup": "Musei", "subcategory": "Museo d'arte"}, "geometry": {"type": "Point", "coordinates": [12.51132121, 41.91482097]}}, {"type": "Feature", "properties": {"wikidata": "Q3662350", "name": "Castello Orsini", "status": "done", "osm_id": "relation/9996027", "group": "Fortificazioni e militare", "subgroup": "Fortificazioni", "subcategory": "Castello"}, "geometry": {"type": "Point", "coordinates": [12.235422, 42.419699]}}, {"type": "Feature", "properties": {"wikidata": "Q3657325", "name": "cappella Basso della Rovere", "status": "missing", "osm_id": null, "group": "Religione", "subgroup": "Luoghi di Culto", "subcategory": "Cappella"}, "geometry": {"type": "Point", "coordinates": [12.4765, 41.9114]}}, {"type": "Feature", "properties": {"wikidata": "Q3651874", "name": "Campello", "status": "done", "osm_id": "way/124720446", "group": "Insediamenti", "subgroup": "Centri", "subcategory": "Frazione"}, "geometry": {"type": "Point", "coordinates": [13.550833333, 41.354722222]}}, {"type": "Feature", "properties": {"wikidata": "Q3661428", "name": "Casale della Cervelletta", "status": "done", "osm_id": "way/609024831", "group": "Dimore ed edifici", "subgroup": "Residenze", "subcategory": "Palazzo italiano"}, "geometry": {"type": "Point", "coordinates": [12.585021, 41.912929]}}, {"type": "Feature", "properties": {"wikidata": "Q3657340", "name": "cappella Contarelli", "status": "missing", "osm_id": null, "group": "Religione", "subgroup": "Luoghi di Culto", "subcategory": "Cappella"}, "geometry": {"type": "Point", "coordinates": [12.47472222, 41.89944444]}}, {"type": "Feature", "properties": {"wikidata": "Q3657700", "name": "cappella di Santa Maria del Carmine e del Monte Libano", "status": "done", "osm_id": "way/125374937", "group": "Religione", "subgroup": "Luoghi di Culto", "subcategory": "Ex chiesa"}, "geometry": {"type": "Point", "coordinates": [12.476916666, 41.893361111]}}, {"type": "Feature", "properties": {"wikidata": "Q3661636", "name": "Case a giardino", "status": "missing", "osm_id": null, "group": "Archeologia", "subgroup": "Siti", "subcategory": "Sito archeologico"}, "geometry": {"type": "Point", "coordinates": [12.284577135, 41.751884216]}}, {"type": "Feature", "properties": {"wikidata": "Q3662999", "name": "Castelmenardo", "status": "missing", "osm_id": null, "group": "Insediamenti", "subgroup": "Centri", "subcategory": "Frazione"}, "geometry": {"type": "Point", "coordinates": [13.22168, 42.21007]}}, {"type": "Feature", "properties": {"wikidata": "Q3662650", "name": "castello di Latera", "status": "missing", "osm_id": null, "group": "Fortificazioni e militare", "subgroup": "Fortificazioni", "subcategory": "Castello"}, "geometry": {"type": "Point", "coordinates": [11.828413, 42.626809]}}, {"type": "Feature", "properties": {"wikidata": "Q3662784", "name": "castello di Palo", "status": "done", "osm_id": "relation/6831124", "group": "Fortificazioni e militare", "subgroup": "Fortificazioni", "subcategory": "Castello"}, "geometry": {"type": "Point", "coordinates": [12.102374, 41.932965]}}, {"type": "Feature", "properties": {"wikidata": "Q3660411", "name": "Carnello", "status": "done", "osm_id": "node/930107796", "group": "Insediamenti", "subgroup": "Centri", "subcategory": "Frazione"}, "geometry": {"type": "Point", "coordinates": [13.61038, 41.68273]}}, {"type": "Feature", "properties": {"wikidata": "Q3658359", "name": "carcere di Regina Coeli", "status": "missing", "osm_id": null, "group": "Dimore ed edifici", "subgroup": "Strutture Varie", "subcategory": "Edificio"}, "geometry": {"type": "Point", "coordinates": [12.46444444, 41.89527778]}}, {"type": "Feature", "properties": {"wikidata": "Q1411575", "name": "tempio di Minerva Medica", "status": "done", "osm_id": "relation/13471829", "group": "Altro", "subgroup": "Altro", "subcategory": "Altro"}, "geometry": {"type": "Point", "coordinates": [12.51184, 41.89399]}}, {"type": "Feature", "properties": {"wikidata": "Q1439551", "name": "chiesa di San Cesareo de Appia", "status": "done", "osm_id": "way/103127203", "group": "Altro", "subgroup": "Altro", "subcategory": "Altro"}, "geometry": {"type": "Point", "coordinates": [12.497116666, 41.878677777]}}, {"type": "Feature", "properties": {"wikidata": "Q3663170", "name": "Catacomba di Novaziano", "status": "missing", "osm_id": null, "group": "Altro", "subgroup": "Altro", "subcategory": "Altro"}, "geometry": {"type": "Point", "coordinates": [12.519417, 41.903222]}}, {"type": "Feature", "properties": {"wikidata": "Q3663174", "name": "Catacomba di San Castulo", "status": "missing", "osm_id": null, "group": "Altro", "subgroup": "Altro", "subcategory": "Altro"}, "geometry": {"type": "Point", "coordinates": [12.525928, 41.886014]}}, {"type": "Feature", "properties": {"wikidata": "Q1428446", "name": "abbazia territoriale di Subiaco", "status": "missing", "osm_id": null, "group": "Altro", "subgroup": "Altro", "subcategory": "Altro"}, "geometry": {"type": "Point", "coordinates": [13.1187, 41.9167]}}, {"type": "Feature", "properties": {"wikidata": "Q1435809", "name": "Fontana dell'Acqua Paola", "status": "done", "osm_id": "way/203875169", "group": "Monumenti", "subgroup": "Monumenti", "subcategory": "Fontana"}, "geometry": {"type": "Point", "coordinates": [12.46416667, 41.88875]}}, {"type": "Feature", "properties": {"wikidata": "Q3663175", "name": "Catacomba di San Nicomede", "status": "missing", "osm_id": null, "group": "Altro", "subgroup": "Altro", "subcategory": "Altro"}, "geometry": {"type": "Point", "coordinates": [12.507861, 41.910889]}}, {"type": "Feature", "properties": {"wikidata": "Q1446018", "name": "isola Sacra", "status": "missing", "osm_id": null, "group": "Natura e paesaggio", "subgroup": "Mare e Costa", "subcategory": "Isola"}, "geometry": {"type": "Point", "coordinates": [12.25, 41.75]}}, {"type": "Feature", "properties": {"wikidata": "Q1445530", "name": "chiesa di Sant'Egidio", "status": "done", "osm_id": "way/164588480", "group": "Religione", "subgroup": "Luoghi di Culto", "subcategory": "Chiesa"}, "geometry": {"type": "Point", "coordinates": [12.468777777, 41.890163888]}}, {"type": "Feature", "properties": {"wikidata": "Q3663181", "name": "Catacomba di Sant'Ermete", "status": "missing", "osm_id": null, "group": "Altro", "subgroup": "Altro", "subcategory": "Altro"}, "geometry": {"type": "Point", "coordinates": [12.488319405, 41.923024866]}}, {"type": "Feature", "properties": {"wikidata": "Q3663182", "name": "Catacomba di Sant'Agnese", "status": "done", "osm_id": "node/259555733", "group": "Altro", "subgroup": "Altro", "subcategory": "Altro"}, "geometry": {"type": "Point", "coordinates": [12.51861111, 41.92277778]}}, {"type": "Feature", "properties": {"wikidata": "Q3663130", "name": "Castrum Inui", "status": "done", "osm_id": "way/229737282", "group": "Archeologia", "subgroup": "Siti", "subcategory": "Sito archeologico"}, "geometry": {"type": "Point", "coordinates": [12.511169444, 41.580061111]}}, {"type": "Feature", "properties": {"wikidata": "Q3663185", "name": "Catacomba di Sant'Ilaria", "status": "missing", "osm_id": null, "group": "Altro", "subgroup": "Altro", "subcategory": "Altro"}, "geometry": {"type": "Point", "coordinates": [12.503611, 41.924278]}}, {"type": "Feature", "properties": {"wikidata": "Q1435824", "name": "Fontana del Moro", "status": "done", "osm_id": "way/262032514", "group": "Monumenti", "subgroup": "Monumenti", "subcategory": "Fontana"}, "geometry": {"type": "Point", "coordinates": [12.473146, 41.898141]}}, {"type": "Feature", "properties": {"wikidata": "Q3663134", "name": "Castrum Porciani", "status": "missing", "osm_id": null, "group": "Fortificazioni e militare", "subgroup": "Fortificazioni", "subcategory": "Castello"}, "geometry": {"type": "Point", "coordinates": [13.207648, 41.764982]}}, {"type": "Feature", "properties": {"wikidata": "Q1438999", "name": "Parco nazionale d'Abruzzo, Lazio e Molise", "status": "done", "osm_id": "relation/8426003", "group": "Altro", "subgroup": "Altro", "subcategory": "Altro"}, "geometry": {"type": "Point", "coordinates": [13.786472222, 41.808388888]}}, {"type": "Feature", "properties": {"wikidata": "Q1457351", "name": "circo di Massenzio", "status": "done", "osm_id": "relation/1650490", "group": "Altro", "subgroup": "Altro", "subcategory": "Altro"}, "geometry": {"type": "Point", "coordinates": [12.520688609, 41.854779007]}}, {"type": "Feature", "properties": {"wikidata": "Q1423801", "name": "palazzo della Farnesina", "status": "done", "osm_id": "relation/930870", "group": "Dimore ed edifici", "subgroup": "Residenze", "subcategory": "Palazzo italiano"}, "geometry": {"type": "Point", "coordinates": [12.458424089, 41.936848748]}}, {"type": "Feature", "properties": {"wikidata": "Q3663180", "name": "Catacomba di San Valentino", "status": "missing", "osm_id": null, "group": "Altro", "subgroup": "Altro", "subcategory": "Altro"}, "geometry": {"type": "Point", "coordinates": [12.47286, 41.924625]}}, {"type": "Feature", "properties": {"wikidata": "Q3663164", "name": "Catacomba dei Santi Marco e Marcelliano", "status": "missing", "osm_id": null, "group": "Altro", "subgroup": "Altro", "subcategory": "Altro"}, "geometry": {"type": "Point", "coordinates": [12.5096, 41.861027]}}, {"type": "Feature", "properties": {"wikidata": "Q1439180", "name": "Forum Clodii", "status": "done", "osm_id": "node/8971554458", "group": "Archeologia", "subgroup": "Siti", "subcategory": "Sito archeologico"}, "geometry": {"type": "Point", "coordinates": [12.16445, 42.12937]}}, {"type": "Feature", "properties": {"wikidata": "Q1436362", "name": "Falerii", "status": "done", "osm_id": "relation/17540484", "group": "Archeologia", "subgroup": "Siti", "subcategory": "Sito archeologico"}, "geometry": {"type": "Point", "coordinates": [12.357367066, 42.299996133]}}, {"type": "Feature", "properties": {"wikidata": "Q3663168", "name": "Catacomba di Aproniano", "status": "missing", "osm_id": null, "group": "Altro", "subgroup": "Altro", "subcategory": "Altro"}, "geometry": {"type": "Point", "coordinates": [12.5163, 41.8727]}}, {"type": "Feature", "properties": {"wikidata": "Q1456939", "name": "Tempio della Pace", "status": "done", "osm_id": "relation/1841167", "group": "Archeologia", "subgroup": "Siti", "subcategory": "Sito archeologico"}, "geometry": {"type": "Point", "coordinates": [12.487611, 41.892622]}}, {"type": "Feature", "properties": {"wikidata": "Q3663159", "name": "Catacomba ad clivum Cucumeris", "status": "missing", "osm_id": null, "group": "Altro", "subgroup": "Altro", "subcategory": "Altro"}, "geometry": {"type": "Point", "coordinates": [12.482553, 41.926844]}}, {"type": "Feature", "properties": {"wikidata": "Q1437911", "name": "Foro Italico", "status": "done", "osm_id": "relation/17031902", "group": "Altro", "subgroup": "Altro", "subcategory": "Altro"}, "geometry": {"type": "Point", "coordinates": [12.457357, 41.932492]}}, {"type": "Feature", "properties": {"wikidata": "Q1428488", "name": "chiesa di Santo Spirito in Sassia", "status": "done", "osm_id": "way/66832136", "group": "Altro", "subgroup": "Altro", "subcategory": "Altro"}, "geometry": {"type": "Point", "coordinates": [12.461111111, 41.901388888]}}, {"type": "Feature", "properties": {"wikidata": "Q1465674", "name": "chiesa di Sant'Ignazio di Loyola in Campo Marzio", "status": "done", "osm_id": "way/23840659", "group": "Religione", "subgroup": "Luoghi di Culto", "subcategory": "Chiesa"}, "geometry": {"type": "Point", "coordinates": [12.47973, 41.89904]}}, {"type": "Feature", "properties": {"wikidata": "Q1454044", "name": "Libera Universit\u00e0 Maria Santissima Assunta", "status": "done", "osm_id": "relation/19811352", "group": "Altro", "subgroup": "Altro", "subcategory": "Altro"}, "geometry": {"type": "Point", "coordinates": [12.462891, 41.90308]}}, {"type": "Feature", "properties": {"wikidata": "Q1422040", "name": "Porta Settimiana", "status": "done", "osm_id": "node/2141616621", "group": "Fortificazioni e militare", "subgroup": "Fortificazioni", "subcategory": "Porta cittadina"}, "geometry": {"type": "Point", "coordinates": [12.46675, 41.89222]}}, {"type": "Feature", "properties": {"wikidata": "Q1440288", "name": "Universit\u00e0 Campus Bio-Medico", "status": "done", "osm_id": "way/224640836", "group": "Altro", "subgroup": "Altro", "subcategory": "Altro"}, "geometry": {"type": "Point", "coordinates": [12.47, 41.7683]}}, {"type": "Feature", "properties": {"wikidata": "Q1444690", "name": "Lorium", "status": "missing", "osm_id": null, "group": "Archeologia", "subgroup": "Siti", "subcategory": "Sito archeologico"}, "geometry": {"type": "Point", "coordinates": [12.28565, 41.901109]}}, {"type": "Feature", "properties": {"wikidata": "Q1424095", "name": "basilica di Sant'Agostino in Campo Marzio", "status": "done", "osm_id": "way/798082894", "group": "Religione", "subgroup": "Luoghi di Culto", "subcategory": "Basilica minore"}, "geometry": {"type": "Point", "coordinates": [12.47425985, 41.900801904]}}, {"type": "Feature", "properties": {"wikidata": "Q3663163", "name": "Catacomba dei Santi Gordiano ed Epimaco", "status": "missing", "osm_id": null, "group": "Altro", "subgroup": "Altro", "subcategory": "Altro"}, "geometry": {"type": "Point", "coordinates": [12.506583, 41.874583]}}, {"type": "Feature", "properties": {"wikidata": "Q3663169", "name": "Catacomba di Balbina", "status": "done", "osm_id": "way/133799711", "group": "Altro", "subgroup": "Altro", "subcategory": "Altro"}, "geometry": {"type": "Point", "coordinates": [12.506242, 41.861395]}}, {"type": "Feature", "properties": {"wikidata": "Q1423813", "name": "chiesa di Santa Maria in Trivio", "status": "done", "osm_id": "node/279379894", "group": "Religione", "subgroup": "Luoghi di Culto", "subcategory": "Chiesa"}, "geometry": {"type": "Point", "coordinates": [12.482743, 41.901028]}}, {"type": "Feature", "properties": {"wikidata": "Q1453755", "name": "Fregellae", "status": "done", "osm_id": "way/228285427", "group": "Archeologia", "subgroup": "Siti", "subcategory": "Sito archeologico"}, "geometry": {"type": "Point", "coordinates": [13.53888889, 41.53666667]}}, {"type": "Feature", "properties": {"wikidata": "Q1449541", "name": "Aeroporto di Rieti", "status": "done", "osm_id": "way/61653071", "group": "Infrastrutture", "subgroup": "Trasporti", "subcategory": "Aeroporto"}, "geometry": {"type": "Point", "coordinates": [12.850823, 42.425906]}}, {"type": "Feature", "properties": {"wikidata": "Q1466491", "name": "Palmarola", "status": "done", "osm_id": "way/31231951", "group": "Natura e paesaggio", "subgroup": "Mare e Costa", "subcategory": "Isola"}, "geometry": {"type": "Point", "coordinates": [12.8575, 40.9375]}}, {"type": "Feature", "properties": {"wikidata": "Q3663165", "name": "Catacomba dei due Felici", "status": "missing", "osm_id": null, "group": "Altro", "subgroup": "Altro", "subcategory": "Altro"}, "geometry": {"type": "Point", "coordinates": [12.43457, 41.889967]}}, {"type": "Feature", "properties": {"wikidata": "Q3663171", "name": "Catacomba di Ponziano", "status": "missing", "osm_id": null, "group": "Altro", "subgroup": "Altro", "subcategory": "Altro"}, "geometry": {"type": "Point", "coordinates": [12.463049, 41.877506]}}, {"type": "Feature", "properties": {"wikidata": "Q3663167", "name": "Catacomba della Nunziatella", "status": "missing", "osm_id": null, "group": "Altro", "subgroup": "Altro", "subcategory": "Altro"}, "geometry": {"type": "Point", "coordinates": [12.509861, 41.836333]}}, {"type": "Feature", "properties": {"wikidata": "Q3663173", "name": "Catacomba di Calepodio", "status": "missing", "osm_id": null, "group": "Altro", "subgroup": "Altro", "subcategory": "Altro"}, "geometry": {"type": "Point", "coordinates": [12.4324, 41.89258]}}, {"type": "Feature", "properties": {"wikidata": "Q3663186", "name": "Catacomba di Sant'Ippolito", "status": "missing", "osm_id": null, "group": "Altro", "subgroup": "Altro", "subcategory": "Altro"}, "geometry": {"type": "Point", "coordinates": [12.519861, 41.907611]}}, {"type": "Feature", "properties": {"wikidata": "Q3663177", "name": "Catacomba di San Lorenzo", "status": "missing", "osm_id": null, "group": "Altro", "subgroup": "Altro", "subcategory": "Altro"}, "geometry": {"type": "Point", "coordinates": [12.521067579, 41.902817654]}}, {"type": "Feature", "properties": {"wikidata": "Q1421231", "name": "chiesa di San Leone I", "status": "done", "osm_id": "way/368145417", "group": "Religione", "subgroup": "Luoghi di Culto", "subcategory": "Chiesa"}, "geometry": {"type": "Point", "coordinates": [12.52926111, 41.89090278]}}, {"type": "Feature", "properties": {"wikidata": "Q1424542", "name": "chiesa prelatizia di Santa Maria della Pace ai Parioli", "status": "missing", "osm_id": null, "group": "Religione", "subgroup": "Luoghi di Culto", "subcategory": "Chiesa"}, "geometry": {"type": "Point", "coordinates": [12.4836, 41.9221]}}, {"type": "Feature", "properties": {"wikidata": "Q3663179", "name": "Catacomba di San Panfilo", "status": "missing", "osm_id": null, "group": "Altro", "subgroup": "Altro", "subcategory": "Altro"}, "geometry": {"type": "Point", "coordinates": [12.493559, 41.918419]}}, {"type": "Feature", "properties": {"wikidata": "Q3663166", "name": "Catacomba dei Santi Processo e Martiniano", "status": "missing", "osm_id": null, "group": "Altro", "subgroup": "Altro", "subcategory": "Altro"}, "geometry": {"type": "Point", "coordinates": [12.456312, 41.886742]}}, {"type": "Feature", "properties": {"wikidata": "Q1426841", "name": "oratorio del Gonfalone", "status": "done", "osm_id": "way/127942179", "group": "Religione", "subgroup": "Luoghi di Culto", "subcategory": "Chiesa"}, "geometry": {"type": "Point", "coordinates": [12.466282575, 41.897534813]}}, {"type": "Feature", "properties": {"wikidata": "Q3663178", "name": "Catacomba di San Pancrazio", "status": "missing", "osm_id": null, "group": "Altro", "subgroup": "Altro", "subcategory": "Altro"}, "geometry": {"type": "Point", "coordinates": [12.454, 41.885]}}, {"type": "Feature", "properties": {"wikidata": "Q1459009", "name": "Internazionali BNL d'Italia 2010", "status": "missing", "osm_id": null, "group": "Altro", "subgroup": "Altro", "subcategory": "Altro"}, "geometry": {"type": "Point", "coordinates": [12.482777777, 41.893055555]}}, {"type": "Feature", "properties": {"wikidata": "Q3663162", "name": "Catacomba dei Giordani", "status": "missing", "osm_id": null, "group": "Altro", "subgroup": "Altro", "subcategory": "Altro"}, "geometry": {"type": "Point", "coordinates": [12.503611111, 41.924277777]}}, {"type": "Feature", "properties": {"wikidata": "Q1460380", "name": "Internazionali d'Italia 2009", "status": "missing", "osm_id": null, "group": "Altro", "subgroup": "Altro", "subcategory": "Altro"}, "geometry": {"type": "Point", "coordinates": [12.482777777, 41.893055555]}}, {"type": "Feature", "properties": {"wikidata": "Q1479873", "name": "basilica di Santa Cecilia in Trastevere", "status": "done", "osm_id": "way/86250354", "group": "Religione", "subgroup": "Luoghi di Culto", "subcategory": "Chiesa"}, "geometry": {"type": "Point", "coordinates": [12.475891666, 41.887555555]}}, {"type": "Feature", "properties": {"wikidata": "Q1515307", "name": "basilica di San Pancrazio", "status": "done", "osm_id": "way/135189103", "group": "Religione", "subgroup": "Luoghi di Culto", "subcategory": "Chiesa"}, "geometry": {"type": "Point", "coordinates": [12.45405, 41.88489]}}, {"type": "Feature", "properties": {"wikidata": "Q1538594", "name": "chiesa di San Silvestro al Quirinale", "status": "done", "osm_id": "way/204998147", "group": "Religione", "subgroup": "Luoghi di Culto", "subcategory": "Chiesa"}, "geometry": {"type": "Point", "coordinates": [12.486555555, 41.897305555]}}, {"type": "Feature", "properties": {"wikidata": "Q1504133", "name": "Ateneo Pontificio Regina Apostolorum", "status": "done", "osm_id": "way/286633343", "group": "Altro", "subgroup": "Altro", "subcategory": "Altro"}, "geometry": {"type": "Point", "coordinates": [12.395773, 41.877879]}}, {"type": "Feature", "properties": {"wikidata": "Q1571611", "name": "chiesa dei Santi Domenico e Sisto", "status": "done", "osm_id": "relation/2051633", "group": "Religione", "subgroup": "Luoghi di Culto", "subcategory": "Chiesa"}, "geometry": {"type": "Point", "coordinates": [12.488028, 41.895917]}}, {"type": "Feature", "properties": {"wikidata": "Q1631593", "name": "basilica di Sant'Andrea della Valle", "status": "done", "osm_id": "way/25625603", "group": "Religione", "subgroup": "Luoghi di Culto", "subcategory": "Basilica minore"}, "geometry": {"type": "Point", "coordinates": [12.474692, 41.895977]}}, {"type": "Feature", "properties": {"wikidata": "Q1515300", "name": "basilica dei Santi XII Apostoli", "status": "done", "osm_id": "relation/2054912", "group": "Religione", "subgroup": "Luoghi di Culto", "subcategory": "Chiesa"}, "geometry": {"type": "Point", "coordinates": [12.483205555, 41.898105555]}}, {"type": "Feature", "properties": {"wikidata": "Q1579529", "name": "basilica di San Vitale", "status": "done", "osm_id": "way/201294911", "group": "Religione", "subgroup": "Luoghi di Culto", "subcategory": "Basilica minore"}, "geometry": {"type": "Point", "coordinates": [12.490861111, 41.899666666]}}, {"type": "Feature", "properties": {"wikidata": "Q1584082", "name": "Aeroporto di Latina", "status": "done", "osm_id": "way/31014729", "group": "Infrastrutture", "subgroup": "Trasporti", "subcategory": "Aeroporto"}, "geometry": {"type": "Point", "coordinates": [12.909167, 41.545555]}}, {"type": "Feature", "properties": {"wikidata": "Q1507652", "name": "Internazionali BNL d'Italia 2011", "status": "missing", "osm_id": null, "group": "Altro", "subgroup": "Altro", "subcategory": "Altro"}, "geometry": {"type": "Point", "coordinates": [12.482777777, 41.893055555]}}, {"type": "Feature", "properties": {"wikidata": "Q1521924", "name": "Palazzo Massimo alle Colonne", "status": "done", "osm_id": "way/125915788", "group": "Dimore ed edifici", "subgroup": "Residenze", "subcategory": "Palazzo italiano"}, "geometry": {"type": "Point", "coordinates": [12.473853, 41.896584]}}, {"type": "Feature", "properties": {"wikidata": "Q1568136", "name": "chiesa di San Bernardo alle Terme", "status": "done", "osm_id": "way/203947126", "group": "Religione", "subgroup": "Luoghi di Culto", "subcategory": "Chiesa"}, "geometry": {"type": "Point", "coordinates": [12.494444444, 41.903611111]}}, {"type": "Feature", "properties": {"wikidata": "Q1625428", "name": "chiesa di San Silvestro in Capite", "status": "done", "osm_id": "relation/449593", "group": "Religione", "subgroup": "Luoghi di Culto", "subcategory": "Chiesa"}, "geometry": {"type": "Point", "coordinates": [12.480883, 41.902499]}}, {"type": "Feature", "properties": {"wikidata": "Q1629700", "name": "basilica di San Giovanni Battista dei Fiorentini", "status": "done", "osm_id": "way/127942183", "group": "Religione", "subgroup": "Luoghi di Culto", "subcategory": "Chiesa"}, "geometry": {"type": "Point", "coordinates": [12.46487, 41.8995]}}, {"type": "Feature", "properties": {"wikidata": "Q1536044", "name": "basilica dei Santi Quattro Coronati", "status": "done", "osm_id": "way/202880841", "group": "Religione", "subgroup": "Luoghi di Culto", "subcategory": "Basilica minore"}, "geometry": {"type": "Point", "coordinates": [12.498333333, 41.888333333]}}, {"type": "Feature", "properties": {"wikidata": "Q1590891", "name": "Casa di Augusto", "status": "done", "osm_id": "way/132581385", "group": "Altro", "subgroup": "Altro", "subcategory": "Altro"}, "geometry": {"type": "Point", "coordinates": [12.48527778, 41.88888889]}}, {"type": "Feature", "properties": {"wikidata": "Q1501204", "name": "Scale Gemonie", "status": "missing", "osm_id": null, "group": "Archeologia", "subgroup": "Siti", "subcategory": "Sito archeologico"}, "geometry": {"type": "Point", "coordinates": [12.484722222, 41.893333333]}}, {"type": "Feature", "properties": {"wikidata": "Q1585598", "name": "chiesa di Santa Brigida", "status": "done", "osm_id": "way/149541607", "group": "Altro", "subgroup": "Altro", "subcategory": "Altro"}, "geometry": {"type": "Point", "coordinates": [12.470817157, 41.895283526]}}, {"type": "Feature", "properties": {"wikidata": "Q1579896", "name": "Labicum", "status": "missing", "osm_id": null, "group": "Archeologia", "subgroup": "Siti", "subcategory": "Citt\u00e0 antica"}, "geometry": {"type": "Point", "coordinates": [12.73555556, 41.80638889]}}, {"type": "Feature", "properties": {"wikidata": "Q1540716", "name": "sepolcro degli Scipioni", "status": "done", "osm_id": "way/254710670", "group": "Altro", "subgroup": "Altro", "subcategory": "Altro"}, "geometry": {"type": "Point", "coordinates": [12.50075, 41.87613889]}}, {"type": "Feature", "properties": {"wikidata": "Q1586946", "name": "basilica dei Santi Giovanni e Paolo", "status": "done", "osm_id": "way/375936632", "group": "Religione", "subgroup": "Luoghi di Culto", "subcategory": "Basilica minore"}, "geometry": {"type": "Point", "coordinates": [12.492659, 41.886272]}}, {"type": "Feature", "properties": {"wikidata": "Q1523718", "name": "oratorio di San Francesco Saverio", "status": "done", "osm_id": "way/130807646", "group": "Altro", "subgroup": "Altro", "subcategory": "Altro"}, "geometry": {"type": "Point", "coordinates": [12.48075, 41.899138888]}}, {"type": "Feature", "properties": {"wikidata": "Q1481888", "name": "Ponte di San Francesco", "status": "done", "osm_id": "way/232122864", "group": "Altro", "subgroup": "Altro", "subcategory": "Altro"}, "geometry": {"type": "Point", "coordinates": [13.089239, 41.92423686]}}, {"type": "Feature", "properties": {"wikidata": "Q1551748", "name": "Porta Aurelia", "status": "missing", "osm_id": null, "group": "Fortificazioni e militare", "subgroup": "Fortificazioni", "subcategory": "Porta cittadina"}, "geometry": {"type": "Point", "coordinates": [12.46147222, 41.88841667]}}, {"type": "Feature", "properties": {"wikidata": "Q1627320", "name": "complesso di Sant'Onofrio al Gianicolo", "status": "done", "osm_id": "way/114669888", "group": "Religione", "subgroup": "Luoghi di Culto", "subcategory": "Chiesa"}, "geometry": {"type": "Point", "coordinates": [12.46119, 41.89725]}}, {"type": "Feature", "properties": {"wikidata": "Q1526417", "name": "basilica di Santa Pudenziana", "status": "done", "osm_id": "way/112796242", "group": "Religione", "subgroup": "Luoghi di Culto", "subcategory": "Basilica minore"}, "geometry": {"type": "Point", "coordinates": [12.49545, 41.89846]}}, {"type": "Feature", "properties": {"wikidata": "Q1548485", "name": "tempio Maggiore di Roma", "status": "done", "osm_id": "relation/1840091", "group": "Altro", "subgroup": "Altro", "subcategory": "Altro"}, "geometry": {"type": "Point", "coordinates": [12.47799, 41.89195]}}, {"type": "Feature", "properties": {"wikidata": "Q1615030", "name": "Porta Fontinalis", "status": "missing", "osm_id": null, "group": "Fortificazioni e militare", "subgroup": "Fortificazioni", "subcategory": "Porta cittadina"}, "geometry": {"type": "Point", "coordinates": [12.4843, 41.894]}}, {"type": "Feature", "properties": {"wikidata": "Q1520518", "name": "Tomba del Fiore di Loto", "status": "missing", "osm_id": null, "group": "Altro", "subgroup": "Altro", "subcategory": "Altro"}, "geometry": {"type": "Point", "coordinates": [11.768745962, 42.250332777]}}, {"type": "Feature", "properties": {"wikidata": "Q1515316", "name": "basilica di San Lorenzo in Lucina", "status": "done", "osm_id": "way/80220852", "group": "Religione", "subgroup": "Luoghi di Culto", "subcategory": "Basilica minore"}, "geometry": {"type": "Point", "coordinates": [12.478694444, 41.903416666]}}, {"type": "Feature", "properties": {"wikidata": "Q1501084", "name": "Fondazione Policlinico Universitario Agostino Gemelli IRCCS", "status": "done", "osm_id": "way/98249056", "group": "Altro", "subgroup": "Altro", "subcategory": "Altro"}, "geometry": {"type": "Point", "coordinates": [12.42972222, 41.93027778]}}, {"type": "Feature", "properties": {"wikidata": "Q1479910", "name": "basilica di San Marco Evangelista al Campidoglio", "status": "done", "osm_id": "way/140031952", "group": "Religione", "subgroup": "Luoghi di Culto", "subcategory": "Chiesa"}, "geometry": {"type": "Point", "coordinates": [12.481448, 41.895724]}}, {"type": "Feature", "properties": {"wikidata": "Q1475096", "name": "Aeroporto di Pratica di Mare", "status": "done", "osm_id": "way/31407196", "group": "Infrastrutture", "subgroup": "Trasporti", "subcategory": "Aeroporto"}, "geometry": {"type": "Point", "coordinates": [12.44518333, 41.65452222]}}, {"type": "Feature", "properties": {"wikidata": "Q1581615", "name": "chiesa di San Francesco di Paola", "status": "done", "osm_id": "way/157407150", "group": "Altro", "subgroup": "Altro", "subcategory": "Altro"}, "geometry": {"type": "Point", "coordinates": [12.49144444, 41.89380556]}}, {"type": "Feature", "properties": {"wikidata": "Q1517031", "name": "Tempio della Vittoria", "status": "missing", "osm_id": null, "group": "Archeologia", "subgroup": "Siti", "subcategory": "Sito archeologico"}, "geometry": {"type": "Point", "coordinates": [12.48511111, 41.88944444]}}, {"type": "Feature", "properties": {"wikidata": "Q1552500", "name": "chiesa di Santa Maria in Aquiro", "status": "done", "osm_id": "way/130920755", "group": "Religione", "subgroup": "Luoghi di Culto", "subcategory": "Chiesa"}, "geometry": {"type": "Point", "coordinates": [12.47815, 41.89994]}}, {"type": "Feature", "properties": {"wikidata": "Q1582108", "name": "Villa Torlonia", "status": "done", "osm_id": "relation/3488081", "group": "Dimore ed edifici", "subgroup": "Residenze", "subcategory": "Villa"}, "geometry": {"type": "Point", "coordinates": [12.67941667, 41.80308333]}}, {"type": "Feature", "properties": {"wikidata": "Q1539997", "name": "chiesa delle Sante Rufina e Seconda", "status": "done", "osm_id": "way/203585023", "group": "Religione", "subgroup": "Luoghi di Culto", "subcategory": "Chiesa"}, "geometry": {"type": "Point", "coordinates": [12.472277777, 41.88975]}}, {"type": "Feature", "properties": {"wikidata": "Q1590781", "name": "Domus delle Muse (III,IX,22)", "status": "missing", "osm_id": null, "group": "Archeologia", "subgroup": "Siti", "subcategory": "Domus de Janas"}, "geometry": {"type": "Point", "coordinates": [12.285465022, 41.752140081]}}, {"type": "Feature", "properties": {"wikidata": "Q1530830", "name": "Museo kircheriano", "status": "missing", "osm_id": null, "group": "Cultura e tempo libero", "subgroup": "Musei", "subcategory": "Museo"}, "geometry": {"type": "Point", "coordinates": [12.48455833, 41.89894722]}}, {"type": "Feature", "properties": {"wikidata": "Q1540900", "name": "Sepolcro del Giovinetto Quinto Sulpicio Massimo", "status": "done", "osm_id": "way/558274833", "group": "Religione", "subgroup": "Cimiteri", "subcategory": "Tomba"}, "geometry": {"type": "Point", "coordinates": [12.4984203, 41.9105969]}}, {"type": "Feature", "properties": {"wikidata": "Q1473122", "name": "palazzo di Propaganda Fide", "status": "done", "osm_id": "relation/37216", "group": "Dimore ed edifici", "subgroup": "Residenze", "subcategory": "Palazzo italiano"}, "geometry": {"type": "Point", "coordinates": [12.483305555, 41.904166666]}}, {"type": "Feature", "properties": {"wikidata": "Q1630231", "name": "Horti Aciliorum", "status": "missing", "osm_id": null, "group": "Natura e paesaggio", "subgroup": "Verde", "subcategory": "Giardino"}, "geometry": {"type": "Point", "coordinates": [12.4864, 41.9125]}}, {"type": "Feature", "properties": {"wikidata": "Q1494074", "name": "Aeroporto di Guidonia", "status": "missing", "osm_id": null, "group": "Infrastrutture", "subgroup": "Trasporti", "subcategory": "Aeroporto"}, "geometry": {"type": "Point", "coordinates": [12.74083333, 41.99027778]}}, {"type": "Feature", "properties": {"wikidata": "Q1498203", "name": "Palazzo Vidoni Caffarelli", "status": "done", "osm_id": "relation/1709376", "group": "Dimore ed edifici", "subgroup": "Residenze", "subcategory": "Palazzo italiano"}, "geometry": {"type": "Point", "coordinates": [12.47511111, 41.89619444]}}, {"type": "Feature", "properties": {"wikidata": "Q1556364", "name": "chiesa dei Santi Andrea e Bartolomeo", "status": "done", "osm_id": "relation/2130198", "group": "Religione", "subgroup": "Luoghi di Culto", "subcategory": "Chiesa"}, "geometry": {"type": "Point", "coordinates": [12.501347, 41.887004]}}, {"type": "Feature", "properties": {"wikidata": "Q1548355", "name": "Suburra", "status": "missing", "osm_id": null, "group": "Insediamenti", "subgroup": "Zone Urbane", "subcategory": "Quartiere"}, "geometry": {"type": "Point", "coordinates": [12.496667, 41.896667]}}, {"type": "Feature", "properties": {"wikidata": "Q1628313", "name": "Villa Falconieri", "status": "missing", "osm_id": null, "group": "Dimore ed edifici", "subgroup": "Residenze", "subcategory": "Villa"}, "geometry": {"type": "Point", "coordinates": [12.68944444, 41.80722222]}}, {"type": "Feature", "properties": {"wikidata": "Q1534099", "name": "Monumento a Goethe", "status": "done", "osm_id": "way/201287519", "group": "Monumenti", "subgroup": "Monumenti", "subcategory": "Monumento"}, "geometry": {"type": "Point", "coordinates": [12.48633611, 41.91154444]}}, {"type": "Feature", "properties": {"wikidata": "Q1514683", "name": "chiesa di Santa Maria della Pace", "status": "done", "osm_id": "way/50884075", "group": "Religione", "subgroup": "Luoghi di Culto", "subcategory": "Chiesa"}, "geometry": {"type": "Point", "coordinates": [12.47167, 41.89986]}}, {"type": "Feature", "properties": {"wikidata": "Q1544611", "name": "Porta Carmentale", "status": "missing", "osm_id": null, "group": "Fortificazioni e militare", "subgroup": "Fortificazioni", "subcategory": "Porta cittadina"}, "geometry": {"type": "Point", "coordinates": [12.4803, 41.8914]}}, {"type": "Feature", "properties": {"wikidata": "Q1628475", "name": "Pontificia Facolt\u00e0 Teologica Teresianum", "status": "missing", "osm_id": null, "group": "Altro", "subgroup": "Altro", "subcategory": "Altro"}, "geometry": {"type": "Point", "coordinates": [12.455555555, 41.884722222]}}, {"type": "Feature", "properties": {"wikidata": "Q1516087", "name": "Porta Viminale", "status": "missing", "osm_id": null, "group": "Fortificazioni e militare", "subgroup": "Fortificazioni", "subcategory": "Porta cittadina"}, "geometry": {"type": "Point", "coordinates": [12.50111111, 41.9025]}}, {"type": "Feature", "properties": {"wikidata": "Q1551179", "name": "abbazia territoriale di Santa Maria di Grottaferrata", "status": "done", "osm_id": "way/75623969", "group": "Altro", "subgroup": "Altro", "subcategory": "Altro"}, "geometry": {"type": "Point", "coordinates": [12.666593, 41.785585]}}, {"type": "Feature", "properties": {"wikidata": "Q1541068", "name": "largo di Torre Argentina", "status": "done", "osm_id": "way/125374921", "group": "Insediamenti", "subgroup": "Zone Urbane", "subcategory": "Piazza"}, "geometry": {"type": "Point", "coordinates": [12.47694, 41.89528]}}, {"type": "Feature", "properties": {"wikidata": "Q1543496", "name": "Collegium Russicum", "status": "done", "osm_id": "way/346391634", "group": "Altro", "subgroup": "Altro", "subcategory": "Altro"}, "geometry": {"type": "Point", "coordinates": [12.50055556, 41.89688889]}}, {"type": "Feature", "properties": {"wikidata": "Q801372", "name": "stazione di Roma Ostiense", "status": "done", "osm_id": "relation/1821285", "group": "Infrastrutture", "subgroup": "Trasporti", "subcategory": "Stazione ferroviaria"}, "geometry": {"type": "Point", "coordinates": [12.48446, 41.87269]}}, {"type": "Feature", "properties": {"wikidata": "Q770797", "name": "Foro di Augusto", "status": "done", "osm_id": "relation/1899638", "group": "Altro", "subgroup": "Altro", "subcategory": "Altro"}, "geometry": {"type": "Point", "coordinates": [12.486666666, 41.894166666]}}, {"type": "Feature", "properties": {"wikidata": "Q833875", "name": "Casa di Livia", "status": "done", "osm_id": "relation/1860919", "group": "Altro", "subgroup": "Altro", "subcategory": "Altro"}, "geometry": {"type": "Point", "coordinates": [12.48562778, 41.88930556]}}, {"type": "Feature", "properties": {"wikidata": "Q844829", "name": "Isole Ponziane", "status": "done", "osm_id": "relation/6496944", "group": "Altro", "subgroup": "Altro", "subcategory": "Altro"}, "geometry": {"type": "Point", "coordinates": [13.154167, 40.884722]}}, {"type": "Feature", "properties": {"wikidata": "Q763499", "name": "Collegio pontificio belga", "status": "missing", "osm_id": null, "group": "Altro", "subgroup": "Altro", "subcategory": "Altro"}, "geometry": {"type": "Point", "coordinates": [12.42507, 41.901334]}}, {"type": "Feature", "properties": {"wikidata": "Q849448", "name": "lago Albano", "status": "done", "osm_id": "way/15800929", "group": "Altro", "subgroup": "Altro", "subcategory": "Altro"}, "geometry": {"type": "Point", "coordinates": [12.669, 41.7474]}}, {"type": "Feature", "properties": {"wikidata": "Q849241", "name": "Tempio di Portuno", "status": "done", "osm_id": "way/251331418", "group": "Religione", "subgroup": "Luoghi di Culto", "subcategory": "Tempio"}, "geometry": {"type": "Point", "coordinates": [12.480908, 41.88926]}}, {"type": "Feature", "properties": {"wikidata": "Q841506", "name": "Galleria Borghese", "status": "done", "osm_id": "node/1440405490", "group": "Cultura e tempo libero", "subgroup": "Musei", "subcategory": "Museo d'arte"}, "geometry": {"type": "Point", "coordinates": [12.492144, 41.91421]}}, {"type": "Feature", "properties": {"wikidata": "Q831361", "name": "mausoleo di Santa Costanza", "status": "done", "osm_id": "way/35306502", "group": "Altro", "subgroup": "Altro", "subcategory": "Altro"}, "geometry": {"type": "Point", "coordinates": [12.5173984, 41.9226014]}}, {"type": "Feature", "properties": {"wikidata": "Q784000", "name": "Tempio della Sibilla", "status": "done", "osm_id": "way/208140668", "group": "Archeologia", "subgroup": "Siti", "subcategory": "Rovine"}, "geometry": {"type": "Point", "coordinates": [12.8009, 41.9669]}}, {"type": "Feature", "properties": {"wikidata": "Q848386", "name": "Palazzo Farnese", "status": "done", "osm_id": "relation/22289", "group": "Dimore ed edifici", "subgroup": "Residenze", "subcategory": "Palazzo italiano"}, "geometry": {"type": "Point", "coordinates": [12.470805555, 41.894694444]}}, {"type": "Feature", "properties": {"wikidata": "Q810069", "name": "Basilica Sempronia", "status": "missing", "osm_id": null, "group": "Archeologia", "subgroup": "Siti", "subcategory": "Sito archeologico"}, "geometry": {"type": "Point", "coordinates": [12.484728, 41.891942]}}, {"type": "Feature", "properties": {"wikidata": "Q785275", "name": "via di Ripetta", "status": "done", "osm_id": "way/184686432", "group": "Infrastrutture", "subgroup": "Trasporti", "subcategory": "Strada urbana"}, "geometry": {"type": "Point", "coordinates": [12.475694444, 41.906388888]}}, {"type": "Feature", "properties": {"wikidata": "Q801374", "name": "stazione di Roma Trastevere", "status": "done", "osm_id": "way/30701528", "group": "Infrastrutture", "subgroup": "Trasporti", "subcategory": "Stazione ferroviaria"}, "geometry": {"type": "Point", "coordinates": [12.46638889, 41.87222222]}}, {"type": "Feature", "properties": {"wikidata": "Q769964", "name": "cappella Carafa", "status": "missing", "osm_id": null, "group": "Religione", "subgroup": "Luoghi di Culto", "subcategory": "Cappella"}, "geometry": {"type": "Point", "coordinates": [12.478194, 41.898029]}}, {"type": "Feature", "properties": {"wikidata": "Q846559", "name": "basilica di Santa Maria in Via Lata", "status": "done", "osm_id": "way/130807533", "group": "Religione", "subgroup": "Luoghi di Culto", "subcategory": "Basilica minore"}, "geometry": {"type": "Point", "coordinates": [12.4813, 41.898154]}}, {"type": "Feature", "properties": {"wikidata": "Q828143", "name": "Tempio della Concordia", "status": "done", "osm_id": "relation/1767601", "group": "Religione", "subgroup": "Luoghi di Culto", "subcategory": "Tempio"}, "geometry": {"type": "Point", "coordinates": [12.484244444, 41.892930555]}}, {"type": "Feature", "properties": {"wikidata": "Q782187", "name": "via Giulia", "status": "done", "osm_id": "way/128665317", "group": "Altro", "subgroup": "Altro", "subcategory": "Altro"}, "geometry": {"type": "Point", "coordinates": [12.47007, 41.89417]}}, {"type": "Feature", "properties": {"wikidata": "Q763543", "name": "chiesa di Cristo", "status": "done", "osm_id": "way/52509644", "group": "Religione", "subgroup": "Luoghi di Culto", "subcategory": "Chiesa"}, "geometry": {"type": "Point", "coordinates": [12.491666666, 41.908888888]}}, {"type": "Feature", "properties": {"wikidata": "Q843669", "name": "Pugilato ai Giochi della XVII Olimpiade", "status": "missing", "osm_id": null, "group": "Altro", "subgroup": "Altro", "subcategory": "Altro"}, "geometry": {"type": "Point", "coordinates": [12.46657, 41.825337]}}, {"type": "Feature", "properties": {"wikidata": "Q765737", "name": "abbazia territoriale di Montecassino", "status": "missing", "osm_id": null, "group": "Altro", "subgroup": "Altro", "subcategory": "Altro"}, "geometry": {"type": "Point", "coordinates": [13.8139, 41.49]}}, {"type": "Feature", "properties": {"wikidata": "Q848072", "name": "Scalinata di Trinit\u00e0 dei Monti", "status": "done", "osm_id": "way/134400816", "group": "Altro", "subgroup": "Altro", "subcategory": "Altro"}, "geometry": {"type": "Point", "coordinates": [12.48278, 41.90611]}}, {"type": "Feature", "properties": {"wikidata": "Q824997", "name": "piazza del Popolo", "status": "done", "osm_id": "relation/318583", "group": "Insediamenti", "subgroup": "Zone Urbane", "subcategory": "Piazza"}, "geometry": {"type": "Point", "coordinates": [12.476317, 41.910714]}}, {"type": "Feature", "properties": {"wikidata": "Q799934", "name": "Bagnaia", "status": "done", "osm_id": "node/392261167", "group": "Insediamenti", "subgroup": "Centri", "subcategory": "Frazione"}, "geometry": {"type": "Point", "coordinates": [12.155, 42.42805556]}}, {"type": "Feature", "properties": {"wikidata": "Q774929", "name": "Tomba Fran\u00e7ois", "status": "done", "osm_id": "way/122413575", "group": "Archeologia", "subgroup": "Siti", "subcategory": "Sito archeologico"}, "geometry": {"type": "Point", "coordinates": [11.6391, 42.4174]}}, {"type": "Feature", "properties": {"wikidata": "Q776703", "name": "Macellum Liviae", "status": "missing", "osm_id": null, "group": "Altro", "subgroup": "Altro", "subcategory": "Altro"}, "geometry": {"type": "Point", "coordinates": [12.50248, 41.89716]}}, {"type": "Feature", "properties": {"wikidata": "Q831467", "name": "Marforio", "status": "done", "osm_id": "way/942444158", "group": "Altro", "subgroup": "Altro", "subcategory": "Altro"}, "geometry": {"type": "Point", "coordinates": [12.4832277, 41.893548]}}, {"type": "Feature", "properties": {"wikidata": "Q805962", "name": "chiesa di Ges\u00f9 Bambino all'Esquilino", "status": "done", "osm_id": "way/201628993", "group": "Religione", "subgroup": "Luoghi di Culto", "subcategory": "Chiesa"}, "geometry": {"type": "Point", "coordinates": [12.49586111, 41.89791667]}}, {"type": "Feature", "properties": {"wikidata": "Q810067", "name": "Basilica Cristiana (III,I,4)", "status": "done", "osm_id": "way/950143356", "group": "Altro", "subgroup": "Altro", "subcategory": "Altro"}, "geometry": {"type": "Point", "coordinates": [12.2865, 41.753]}}, {"type": "Feature", "properties": {"wikidata": "Q770368", "name": "chiesa dei Santi Antonio di Padova e Annibale Maria", "status": "done", "osm_id": "way/500962461", "group": "Religione", "subgroup": "Luoghi di Culto", "subcategory": "Chiesa"}, "geometry": {"type": "Point", "coordinates": [12.52024, 41.8813]}}, {"type": "Feature", "properties": {"wikidata": "Q776216", "name": "Internazionali BNL d'Italia 2012", "status": "missing", "osm_id": null, "group": "Altro", "subgroup": "Altro", "subcategory": "Altro"}, "geometry": {"type": "Point", "coordinates": [12.482777777, 41.893055555]}}, {"type": "Feature", "properties": {"wikidata": "Q826635", "name": "obelisco della Minerva", "status": "done", "osm_id": "node/1340656195", "group": "Altro", "subgroup": "Altro", "subcategory": "Altro"}, "geometry": {"type": "Point", "coordinates": [12.47753, 41.89797]}}, {"type": "Feature", "properties": {"wikidata": "Q784104", "name": "Obelisco Sallustiano", "status": "done", "osm_id": "way/202351242", "group": "Altro", "subgroup": "Altro", "subcategory": "Altro"}, "geometry": {"type": "Point", "coordinates": [12.4832, 41.9061]}}, {"type": "Feature", "properties": {"wikidata": "Q787605", "name": "chiesa di San Sebastiano al Palatino", "status": "done", "osm_id": "relation/1836976", "group": "Religione", "subgroup": "Luoghi di Culto", "subcategory": "Chiesa"}, "geometry": {"type": "Point", "coordinates": [12.488218, 41.888826]}}, {"type": "Feature", "properties": {"wikidata": "Q801376", "name": "stazione di Roma Tiburtina", "status": "done", "osm_id": "node/1313285471", "group": "Infrastrutture", "subgroup": "Trasporti", "subcategory": "Stazione ferroviaria"}, "geometry": {"type": "Point", "coordinates": [12.530833333, 41.910277777]}}, {"type": "Feature", "properties": {"wikidata": "Q764141", "name": "Tempio di Veiove", "status": "missing", "osm_id": null, "group": "Altro", "subgroup": "Altro", "subcategory": "Altro"}, "geometry": {"type": "Point", "coordinates": [12.4836, 41.8928]}}, {"type": "Feature", "properties": {"wikidata": "Q786489", "name": "Regia", "status": "done", "osm_id": "relation/1765429", "group": "Archeologia", "subgroup": "Siti", "subcategory": "Sito archeologico"}, "geometry": {"type": "Point", "coordinates": [12.486388888, 41.891944444]}}, {"type": "Feature", "properties": {"wikidata": "Q848394", "name": "palazzo del Laterano", "status": "done", "osm_id": "relation/2752093", "group": "Dimore ed edifici", "subgroup": "Residenze", "subcategory": "Palazzo italiano"}, "geometry": {"type": "Point", "coordinates": [12.505277777, 41.886666666]}}, {"type": "Feature", "properties": {"wikidata": "Q774654", "name": "Villa Doria Pamphilj", "status": "done", "osm_id": "relation/2985897", "group": "Dimore ed edifici", "subgroup": "Residenze", "subcategory": "Villa"}, "geometry": {"type": "Point", "coordinates": [12.45055833, 41.88776944]}}, {"type": "Feature", "properties": {"wikidata": "Q766487", "name": "David", "status": "missing", "osm_id": null, "group": "Altro", "subgroup": "Altro", "subcategory": "Altro"}, "geometry": {"type": "Point", "coordinates": [12.492, 41.914]}}, {"type": "Feature", "properties": {"wikidata": "Q841388", "name": "Lapis niger", "status": "done", "osm_id": "node/1447566606", "group": "Altro", "subgroup": "Altro", "subcategory": "Altro"}, "geometry": {"type": "Point", "coordinates": [12.48472222, 41.8925]}}, {"type": "Feature", "properties": {"wikidata": "Q781446", "name": "Biblioteca universitaria Alessandrina", "status": "missing", "osm_id": null, "group": "Altro", "subgroup": "Altro", "subcategory": "Altro"}, "geometry": {"type": "Point", "coordinates": [12.515689749, 41.903190963]}}, {"type": "Feature", "properties": {"wikidata": "Q783445", "name": "Monti Cimini", "status": "done", "osm_id": "way/1076862495", "group": "Natura e paesaggio", "subgroup": "Montagna", "subcategory": "Montagna"}, "geometry": {"type": "Point", "coordinates": [12.1777, 42.3582]}}, {"type": "Feature", "properties": {"wikidata": "Q771715", "name": "parco fotovoltaico di Montalto di Castro", "status": "done", "osm_id": "relation/19083074", "group": "Altro", "subgroup": "Altro", "subcategory": "Altro"}, "geometry": {"type": "Point", "coordinates": [11.5946, 42.3757]}}, {"type": "Feature", "properties": {"wikidata": "Q764169", "name": "cimitero militare polacco di Montecassino", "status": "done", "osm_id": "way/74541535", "group": "Religione", "subgroup": "Cimiteri", "subcategory": "Cimitero di guerra"}, "geometry": {"type": "Point", "coordinates": [13.805866666, 41.493841666]}}, {"type": "Feature", "properties": {"wikidata": "Q823685", "name": "basilica di Santa Maria sopra Minerva", "status": "done", "osm_id": "way/25400176", "group": "Religione", "subgroup": "Luoghi di Culto", "subcategory": "Basilica minore"}, "geometry": {"type": "Point", "coordinates": [12.478333333, 41.898055555]}}, {"type": "Feature", "properties": {"wikidata": "Q781417", "name": "Palazzo Montecitorio", "status": "done", "osm_id": "relation/2766788", "group": "Dimore ed edifici", "subgroup": "Residenze", "subcategory": "Palazzo italiano"}, "geometry": {"type": "Point", "coordinates": [12.478650254, 41.90106127]}}, {"type": "Feature", "properties": {"wikidata": "Q786432", "name": "autodromo di Vallelunga", "status": "missing", "osm_id": null, "group": "Altro", "subgroup": "Altro", "subcategory": "Altro"}, "geometry": {"type": "Point", "coordinates": [12.36916667, 42.15944444]}}, {"type": "Feature", "properties": {"wikidata": "Q770847", "name": "Mausoleo di Augusto", "status": "done", "osm_id": "relation/2709954", "group": "Archeologia", "subgroup": "Siti", "subcategory": "Sito archeologico"}, "geometry": {"type": "Point", "coordinates": [12.47639, 41.90611]}}, {"type": "Feature", "properties": {"wikidata": "Q836108", "name": "Terme di Diocleziano", "status": "done", "osm_id": "way/201568922", "group": "Archeologia", "subgroup": "Siti", "subcategory": "Sito archeologico"}, "geometry": {"type": "Point", "coordinates": [12.49833333, 41.90277778]}}, {"type": "Feature", "properties": {"wikidata": "Q838788", "name": "Monti Simbruini", "status": "missing", "osm_id": null, "group": "Natura e paesaggio", "subgroup": "Montagna", "subcategory": "Montagna"}, "geometry": {"type": "Point", "coordinates": [13.645833333, 41.791111111]}}, {"type": "Feature", "properties": {"wikidata": "Q774696", "name": "basilica dei Santi Pietro e Paolo", "status": "done", "osm_id": "way/23432370", "group": "Religione", "subgroup": "Luoghi di Culto", "subcategory": "Basilica minore"}, "geometry": {"type": "Point", "coordinates": [12.45928, 41.83369]}}, {"type": "Feature", "properties": {"wikidata": "Q2736770", "name": "basilica di San Sisto Vecchio", "status": "done", "osm_id": "relation/13004277", "group": "Religione", "subgroup": "Luoghi di Culto", "subcategory": "Basilica minore"}, "geometry": {"type": "Point", "coordinates": [12.4959, 41.88049]}}, {"type": "Feature", "properties": {"wikidata": "Q2579612", "name": "Palazzo delle Esposizioni", "status": "done", "osm_id": "way/51930840", "group": "Cultura e tempo libero", "subgroup": "Musei", "subcategory": "Museo d'arte"}, "geometry": {"type": "Point", "coordinates": [12.49, 41.899444]}}, {"type": "Feature", "properties": {"wikidata": "Q2542264", "name": "Le Ferriere", "status": "done", "osm_id": "node/414029603", "group": "Insediamenti", "subgroup": "Centri", "subcategory": "Frazione"}, "geometry": {"type": "Point", "coordinates": [12.7579, 41.51609]}}, {"type": "Feature", "properties": {"wikidata": "Q2514982", "name": "Ventosa", "status": "done", "osm_id": "node/1235709903", "group": "Insediamenti", "subgroup": "Centri", "subcategory": "Frazione"}, "geometry": {"type": "Point", "coordinates": [13.80912573, 41.301778419]}}, {"type": "Feature", "properties": {"wikidata": "Q2665582", "name": "Suore Francescane Missionarie di Maria", "status": "missing", "osm_id": null, "group": "Altro", "subgroup": "Altro", "subcategory": "Altro"}, "geometry": {"type": "Point", "coordinates": [12.503152569, 41.89312187]}}, {"type": "Feature", "properties": {"wikidata": "Q2564175", "name": "necropoli dei Monterozzi", "status": "done", "osm_id": "relation/1537040", "group": "Cultura e tempo libero", "subgroup": "Musei", "subcategory": "Museo"}, "geometry": {"type": "Point", "coordinates": [11.767854, 42.25008]}}, {"type": "Feature", "properties": {"wikidata": "Q2623978", "name": "sede suburbicaria di Ostia", "status": "missing", "osm_id": null, "group": "Altro", "subgroup": "Altro", "subcategory": "Altro"}, "geometry": {"type": "Point", "coordinates": [12.301867, 41.759346]}}, {"type": "Feature", "properties": {"wikidata": "Q2526072", "name": "Villanova", "status": "done", "osm_id": "node/1419115460", "group": "Insediamenti", "subgroup": "Centri", "subcategory": "Frazione"}, "geometry": {"type": "Point", "coordinates": [12.75633, 41.96357]}}, {"type": "Feature", "properties": {"wikidata": "Q2736856", "name": "Paranzano", "status": "done", "osm_id": "node/4441308754", "group": "Insediamenti", "subgroup": "Centri", "subcategory": "Frazione"}, "geometry": {"type": "Point", "coordinates": [12.6632, 42.32352]}}, {"type": "Feature", "properties": {"wikidata": "Q2558938", "name": "Sant'Elia", "status": "done", "osm_id": "node/1307687364", "group": "Insediamenti", "subgroup": "Centri", "subcategory": "Frazione"}, "geometry": {"type": "Point", "coordinates": [12.814444444, 42.369166666]}}, {"type": "Feature", "properties": {"wikidata": "Q2519438", "name": "battistero lateranense", "status": "done", "osm_id": "way/44132631", "group": "Altro", "subgroup": "Altro", "subcategory": "Altro"}, "geometry": {"type": "Point", "coordinates": [12.5043, 41.88615]}}, {"type": "Feature", "properties": {"wikidata": "Q2595680", "name": "Tempio di Bellona", "status": "done", "osm_id": "relation/13402938", "group": "Archeologia", "subgroup": "Siti", "subcategory": "Rovine"}, "geometry": {"type": "Point", "coordinates": [12.47989, 41.89241]}}, {"type": "Feature", "properties": {"wikidata": "Q2582067", "name": "Poggio Perugino", "status": "done", "osm_id": "node/1780219853", "group": "Insediamenti", "subgroup": "Centri", "subcategory": "Frazione"}, "geometry": {"type": "Point", "coordinates": [12.760319444, 42.350813888]}}, {"type": "Feature", "properties": {"wikidata": "Q2694364", "name": "Casali", "status": "done", "osm_id": "node/3114921296", "group": "Insediamenti", "subgroup": "Centri", "subcategory": "Frazione"}, "geometry": {"type": "Point", "coordinates": [12.648805555, 42.025155555]}}, {"type": "Feature", "properties": {"wikidata": "Q2649307", "name": "Cerenova", "status": "done", "osm_id": "node/403833127", "group": "Insediamenti", "subgroup": "Centri", "subcategory": "Frazione"}, "geometry": {"type": "Point", "coordinates": [12.050119399, 41.980363171]}}, {"type": "Feature", "properties": {"wikidata": "Q2527197", "name": "Domus Romane di Palazzo Valentini", "status": "missing", "osm_id": null, "group": "Archeologia", "subgroup": "Siti", "subcategory": "Parco archeologico"}, "geometry": {"type": "Point", "coordinates": [12.4841, 41.8961]}}, {"type": "Feature", "properties": {"wikidata": "Q2738134", "name": "parco nazionale del Circeo", "status": "done", "osm_id": "way/234872175", "group": "Altro", "subgroup": "Altro", "subcategory": "Altro"}, "geometry": {"type": "Point", "coordinates": [13.064, 41.235]}}, {"type": "Feature", "properties": {"wikidata": "Q2552044", "name": "Area sacra di Sant\u2019Omobono", "status": "done", "osm_id": "way/111669472", "group": "Archeologia", "subgroup": "Siti", "subcategory": "Sito archeologico"}, "geometry": {"type": "Point", "coordinates": [12.48126, 41.89062]}}, {"type": "Feature", "properties": {"wikidata": "Q2634480", "name": "abbazia di Farfa", "status": "done", "osm_id": "relation/445311", "group": "Altro", "subgroup": "Altro", "subcategory": "Altro"}, "geometry": {"type": "Point", "coordinates": [12.71861111, 42.22166667]}}, {"type": "Feature", "properties": {"wikidata": "Q2484467", "name": "Tempio della Luna", "status": "missing", "osm_id": null, "group": "Altro", "subgroup": "Altro", "subcategory": "Altro"}, "geometry": {"type": "Point", "coordinates": [12.48083333, 41.88483333]}}, {"type": "Feature", "properties": {"wikidata": "Q2784233", "name": "Pescia Romana", "status": "done", "osm_id": "node/3658518209", "group": "Insediamenti", "subgroup": "Centri", "subcategory": "Frazione"}, "geometry": {"type": "Point", "coordinates": [11.497222222, 42.4]}}, {"type": "Feature", "properties": {"wikidata": "Q2729588", "name": "Museo Barracco", "status": "done", "osm_id": "node/10074889581", "group": "Cultura e tempo libero", "subgroup": "Musei", "subcategory": "Museo d'arte"}, "geometry": {"type": "Point", "coordinates": [12.472610472, 41.8968527]}}, {"type": "Feature", "properties": {"wikidata": "Q2739100", "name": "Palazzo Pontificio", "status": "done", "osm_id": "relation/2169390", "group": "Dimore ed edifici", "subgroup": "Residenze", "subcategory": "Palazzo"}, "geometry": {"type": "Point", "coordinates": [12.6503, 41.7471]}}, {"type": "Feature", "properties": {"wikidata": "Q2623043", "name": "Lago del Turano", "status": "done", "osm_id": "relation/14136141", "group": "Natura e paesaggio", "subgroup": "Acqua", "subcategory": "Lago"}, "geometry": {"type": "Point", "coordinates": [12.956572222, 42.210977777]}}, {"type": "Feature", "properties": {"wikidata": "Q2517648", "name": "Palazzo Corsini alla Lungara", "status": "done", "osm_id": "relation/1283512", "group": "Dimore ed edifici", "subgroup": "Residenze", "subcategory": "Palazzo"}, "geometry": {"type": "Point", "coordinates": [12.466925, 41.89333]}}, {"type": "Feature", "properties": {"wikidata": "Q2734918", "name": "Internazionali d'Italia 2006", "status": "missing", "osm_id": null, "group": "Altro", "subgroup": "Altro", "subcategory": "Altro"}, "geometry": {"type": "Point", "coordinates": [12.482777777, 41.893055555]}}, {"type": "Feature", "properties": {"wikidata": "Q2739743", "name": "Sant'Angelo in Trigillo", "status": "done", "osm_id": "node/4379848607", "group": "Insediamenti", "subgroup": "Centri", "subcategory": "Frazione"}, "geometry": {"type": "Point", "coordinates": [13.059722222, 42.596388888]}}, {"type": "Feature", "properties": {"wikidata": "Q2545337", "name": "Porta Cornelia", "status": "missing", "osm_id": null, "group": "Fortificazioni e militare", "subgroup": "Fortificazioni", "subcategory": "Porta cittadina"}, "geometry": {"type": "Point", "coordinates": [12.4665, 41.9017]}}, {"type": "Feature", "properties": {"wikidata": "Q2770925", "name": "tempio di Ercole delle Muse", "status": "missing", "osm_id": null, "group": "Religione", "subgroup": "Luoghi di Culto", "subcategory": "Tempio"}, "geometry": {"type": "Point", "coordinates": [12.47805556, 41.89333333]}}, {"type": "Feature", "properties": {"wikidata": "Q2530284", "name": "Circeo", "status": "done", "osm_id": "node/519870345", "group": "Natura e paesaggio", "subgroup": "Montagna", "subcategory": "Montagna"}, "geometry": {"type": "Point", "coordinates": [13.05553, 41.23109]}}, {"type": "Feature", "properties": {"wikidata": "Q2533316", "name": "chiesa di Santa Maria della Scala", "status": "done", "osm_id": "way/203294766", "group": "Religione", "subgroup": "Luoghi di Culto", "subcategory": "Chiesa"}, "geometry": {"type": "Point", "coordinates": [12.467777777, 41.891111111]}}, {"type": "Feature", "properties": {"wikidata": "Q2551285", "name": "chiesa di Santa Maria dell'Orazione e Morte", "status": "done", "osm_id": "way/127840328", "group": "Religione", "subgroup": "Luoghi di Culto", "subcategory": "Chiesa"}, "geometry": {"type": "Point", "coordinates": [12.469611111, 41.894388888]}}, {"type": "Feature", "properties": {"wikidata": "Q2712352", "name": "chiesa di San Lorenzo in Panisperna", "status": "done", "osm_id": "way/151584968", "group": "Religione", "subgroup": "Luoghi di Culto", "subcategory": "Chiesa"}, "geometry": {"type": "Point", "coordinates": [12.493152777, 41.897244444]}}, {"type": "Feature", "properties": {"wikidata": "Q2467983", "name": "Borgo Flora", "status": "done", "osm_id": "node/1732838829", "group": "Insediamenti", "subgroup": "Centri", "subcategory": "Frazione"}, "geometry": {"type": "Point", "coordinates": [12.83043, 41.54952]}}, {"type": "Feature", "properties": {"wikidata": "Q2521455", "name": "Rebibbia", "status": "done", "osm_id": "node/11601542991", "group": "Infrastrutture", "subgroup": "Trasporti", "subcategory": "Stazione metropolitana"}, "geometry": {"type": "Point", "coordinates": [12.573056, 41.925833]}}, {"type": "Feature", "properties": {"wikidata": "Q2669644", "name": "Museo di arte contemporanea di Roma", "status": "done", "osm_id": "relation/1391821", "group": "Cultura e tempo libero", "subgroup": "Musei", "subcategory": "Museo d'arte"}, "geometry": {"type": "Point", "coordinates": [12.50221667, 41.912825]}}, {"type": "Feature", "properties": {"wikidata": "Q2767155", "name": "Domus Publica", "status": "done", "osm_id": "relation/13402598", "group": "Dimore ed edifici", "subgroup": "Residenze", "subcategory": "Casa"}, "geometry": {"type": "Point", "coordinates": [12.48666667, 41.89138889]}}, {"type": "Feature", "properties": {"wikidata": "Q2500339", "name": "Torano (Borgorose)", "status": "done", "osm_id": "node/3794774663", "group": "Insediamenti", "subgroup": "Centri", "subcategory": "Frazione"}, "geometry": {"type": "Point", "coordinates": [13.257477777, 42.153013888]}}, {"type": "Feature", "properties": {"wikidata": "Q2613526", "name": "Anitrella", "status": "done", "osm_id": "node/5231447001", "group": "Insediamenti", "subgroup": "Centri", "subcategory": "Frazione"}, "geometry": {"type": "Point", "coordinates": [13.54835, 41.63825]}}, {"type": "Feature", "properties": {"wikidata": "Q2521687", "name": "via del Babuino", "status": "done", "osm_id": "way/308864864", "group": "Infrastrutture", "subgroup": "Trasporti", "subcategory": "Strada urbana"}, "geometry": {"type": "Point", "coordinates": [12.4795, 41.9081]}}, {"type": "Feature", "properties": {"wikidata": "Q2583824", "name": "Torvaianica", "status": "done", "osm_id": "node/593610349", "group": "Insediamenti", "subgroup": "Centri", "subcategory": "Frazione"}, "geometry": {"type": "Point", "coordinates": [12.44768, 41.63431]}}, {"type": "Feature", "properties": {"wikidata": "Q2692390", "name": "via Cornelia", "status": "missing", "osm_id": null, "group": "Altro", "subgroup": "Altro", "subcategory": "Altro"}, "geometry": {"type": "Point", "coordinates": [12.778989, 41.882295]}}, {"type": "Feature", "properties": {"wikidata": "Q2630393", "name": "San Martino al Cimino", "status": "done", "osm_id": "node/392261170", "group": "Insediamenti", "subgroup": "Centri", "subcategory": "Frazione"}, "geometry": {"type": "Point", "coordinates": [12.116666666, 42.366666666]}}, {"type": "Feature", "properties": {"wikidata": "Q2579746", "name": "piazza di Monte Citorio", "status": "done", "osm_id": "way/370495506", "group": "Insediamenti", "subgroup": "Zone Urbane", "subcategory": "Piazza"}, "geometry": {"type": "Point", "coordinates": [12.47861111, 41.90083333]}}, {"type": "Feature", "properties": {"wikidata": "Q2774096", "name": "Borgo Faiti", "status": "done", "osm_id": "node/414032311", "group": "Insediamenti", "subgroup": "Centri", "subcategory": "Frazione"}, "geometry": {"type": "Point", "coordinates": [12.994458333, 41.467977777]}}, {"type": "Feature", "properties": {"wikidata": "Q2489646", "name": "Tempio di Nettuno", "status": "missing", "osm_id": null, "group": "Altro", "subgroup": "Altro", "subcategory": "Altro"}, "geometry": {"type": "Point", "coordinates": [12.4742, 41.8946]}}, {"type": "Feature", "properties": {"wikidata": "Q2597253", "name": "chiesa della Gran Madre di Dio", "status": "done", "osm_id": "way/175716503", "group": "Religione", "subgroup": "Luoghi di Culto", "subcategory": "Chiesa"}, "geometry": {"type": "Point", "coordinates": [12.46563, 41.93847]}}, {"type": "Feature", "properties": {"wikidata": "Q2628779", "name": "Pasciano", "status": "missing", "osm_id": null, "group": "Insediamenti", "subgroup": "Centri", "subcategory": "Frazione"}, "geometry": {"type": "Point", "coordinates": [13.20845, 42.63928]}}, {"type": "Feature", "properties": {"wikidata": "Q2666571", "name": "linea B", "status": "done", "osm_id": "relation/2172805", "group": "Altro", "subgroup": "Altro", "subcategory": "Altro"}, "geometry": {"type": "Point", "coordinates": [12.48982, 41.88693]}}, {"type": "Feature", "properties": {"wikidata": "Q2656902", "name": "chiesa di Nostra Signora di Guadalupe a Monte Mario", "status": "done", "osm_id": "way/151689225", "group": "Religione", "subgroup": "Luoghi di Culto", "subcategory": "Chiesa"}, "geometry": {"type": "Point", "coordinates": [12.424043, 41.943773]}}, {"type": "Feature", "properties": {"wikidata": "Q2484732", "name": "Stadio palatino", "status": "done", "osm_id": "relation/1805355", "group": "Altro", "subgroup": "Altro", "subcategory": "Altro"}, "geometry": {"type": "Point", "coordinates": [12.4872, 41.8874]}}, {"type": "Feature", "properties": {"wikidata": "Q2525305", "name": "Villa H\u00fcffer", "status": "missing", "osm_id": null, "group": "Dimore ed edifici", "subgroup": "Residenze", "subcategory": "Villa"}, "geometry": {"type": "Point", "coordinates": [12.4898, 41.8989]}}, {"type": "Feature", "properties": {"wikidata": "Q2529348", "name": "Villa del Priorato di Malta", "status": "done", "osm_id": "way/51951667", "group": "Dimore ed edifici", "subgroup": "Residenze", "subcategory": "Palazzo"}, "geometry": {"type": "Point", "coordinates": [12.4775, 41.883611111]}}, {"type": "Feature", "properties": {"wikidata": "Q2518575", "name": "piazza della Minerva", "status": "done", "osm_id": "way/23840745", "group": "Insediamenti", "subgroup": "Zone Urbane", "subcategory": "Piazza"}, "geometry": {"type": "Point", "coordinates": [12.4775, 41.89806]}}, {"type": "Feature", "properties": {"wikidata": "Q2615449", "name": "basilica di Santa Teresa d'Avila", "status": "done", "osm_id": "way/359820971", "group": "Religione", "subgroup": "Luoghi di Culto", "subcategory": "Basilica minore"}, "geometry": {"type": "Point", "coordinates": [12.49499, 41.91134]}}, {"type": "Feature", "properties": {"wikidata": "Q2892984", "name": "Sala da t\u00e8 Babington's", "status": "done", "osm_id": "node/1172691363", "group": "Altro", "subgroup": "Altro", "subcategory": "Altro"}, "geometry": {"type": "Point", "coordinates": [12.4823, 41.906]}}, {"type": "Feature", "properties": {"wikidata": "Q2823855", "name": "Ad Turres", "status": "missing", "osm_id": null, "group": "Altro", "subgroup": "Altro", "subcategory": "Altro"}, "geometry": {"type": "Point", "coordinates": [12.179, 41.927]}}, {"type": "Feature", "properties": {"wikidata": "Q3360875", "name": "Palazzo Grazioli", "status": "done", "osm_id": "relation/2752045", "group": "Dimore ed edifici", "subgroup": "Residenze", "subcategory": "Palazzo"}, "geometry": {"type": "Point", "coordinates": [12.48055556, 41.89666667]}}, {"type": "Feature", "properties": {"wikidata": "Q2892961", "name": "Beata Vergine Maria del Monte Carmelo a Mostacciano", "status": "missing", "osm_id": null, "group": "Altro", "subgroup": "Altro", "subcategory": "Altro"}, "geometry": {"type": "Point", "coordinates": [12.444528, 41.809011]}}, {"type": "Feature", "properties": {"wikidata": "Q3471467", "name": "San Giovanni Evangelista a Spinaceto", "status": "missing", "osm_id": null, "group": "Altro", "subgroup": "Altro", "subcategory": "Altro"}, "geometry": {"type": "Point", "coordinates": [12.44381111, 41.78594722]}}, {"type": "Feature", "properties": {"wikidata": "Q3355125", "name": "oratorio di San Silvestro in Palatio", "status": "missing", "osm_id": null, "group": "Religione", "subgroup": "Luoghi di Culto", "subcategory": "Oratorio"}, "geometry": {"type": "Point", "coordinates": [12.507, 41.887]}}, {"type": "Feature", "properties": {"wikidata": "Q3364289", "name": "parco degli Scipioni", "status": "done", "osm_id": "relation/13502366", "group": "Natura e paesaggio", "subgroup": "Verde", "subcategory": "Parco"}, "geometry": {"type": "Point", "coordinates": [12.499881, 41.87776]}}, {"type": "Feature", "properties": {"wikidata": "Q2859314", "name": "Ara della Regina", "status": "done", "osm_id": "way/134898086", "group": "Archeologia", "subgroup": "Siti", "subcategory": "Sito archeologico"}, "geometry": {"type": "Point", "coordinates": [11.8017, 42.2588]}}, {"type": "Feature", "properties": {"wikidata": "Q2901274", "name": "Biblioteca Casanatense", "status": "done", "osm_id": "node/2139261441", "group": "Altro", "subgroup": "Altro", "subcategory": "Altro"}, "geometry": {"type": "Point", "coordinates": [12.479639, 41.898148]}}, {"type": "Feature", "properties": {"wikidata": "Q2914373", "name": "Caere", "status": "missing", "osm_id": null, "group": "Altro", "subgroup": "Altro", "subcategory": "Altro"}, "geometry": {"type": "Point", "coordinates": [12.108333333, 42.001666666]}}, {"type": "Feature", "properties": {"wikidata": "Q2799242", "name": "Mezzaluna", "status": "done", "osm_id": "node/4435092728", "group": "Insediamenti", "subgroup": "Centri", "subcategory": "Frazione"}, "geometry": {"type": "Point", "coordinates": [13.253888888, 42.6775]}}, {"type": "Feature", "properties": {"wikidata": "Q3360896", "name": "Palazzo Mancini", "status": "done", "osm_id": "way/131235450", "group": "Dimore ed edifici", "subgroup": "Residenze", "subcategory": "Palazzo italiano"}, "geometry": {"type": "Point", "coordinates": [12.48194444, 41.8975]}}, {"type": "Feature", "properties": {"wikidata": "Q3364620", "name": "parco regionale Valle del Treja", "status": "done", "osm_id": "relation/6843864", "group": "Natura e paesaggio", "subgroup": "Verde", "subcategory": "Area protetta"}, "geometry": {"type": "Point", "coordinates": [12.4152, 42.2131]}}, {"type": "Feature", "properties": {"wikidata": "Q2784902", "name": "Tempio di Minerva", "status": "missing", "osm_id": null, "group": "Religione", "subgroup": "Luoghi di Culto", "subcategory": "Tempio"}, "geometry": {"type": "Point", "coordinates": [12.48259444, 41.88256667]}}, {"type": "Feature", "properties": {"wikidata": "Q2822439", "name": "Accademia nazionale d'arte drammatica", "status": "missing", "osm_id": null, "group": "Altro", "subgroup": "Altro", "subcategory": "Altro"}, "geometry": {"type": "Point", "coordinates": [12.493849, 41.920074]}}, {"type": "Feature", "properties": {"wikidata": "Q2901253", "name": "Biblioteca di archeologia e storia dell'arte", "status": "done", "osm_id": "node/1391511097", "group": "Cultura e tempo libero", "subgroup": "Archivi", "subcategory": "Archivio"}, "geometry": {"type": "Point", "coordinates": [12.481825, 41.896255]}}, {"type": "Feature", "properties": {"wikidata": "Q3457868", "name": "Porta Caelimontana e Porta Querquetulana", "status": "done", "osm_id": "way/135618677", "group": "Fortificazioni e militare", "subgroup": "Fortificazioni", "subcategory": "Porta cittadina"}, "geometry": {"type": "Point", "coordinates": [12.4952, 41.8856]}}, {"type": "Feature", "properties": {"wikidata": "Q3437427", "name": "Rocca Pia", "status": "done", "osm_id": "relation/2799027", "group": "Fortificazioni e militare", "subgroup": "Fortificazioni", "subcategory": "Rocca"}, "geometry": {"type": "Point", "coordinates": [12.798117, 41.959969]}}, {"type": "Feature", "properties": {"wikidata": "Q3355122", "name": "oratorio del Preziosissimo Sangue", "status": "done", "osm_id": "relation/1878437", "group": "Religione", "subgroup": "Luoghi di Culto", "subcategory": "Oratorio"}, "geometry": {"type": "Point", "coordinates": [12.499127777, 41.888733333]}}, {"type": "Feature", "properties": {"wikidata": "Q3397550", "name": "Ponte Gregoriano", "status": "missing", "osm_id": null, "group": "Infrastrutture", "subgroup": "Trasporti", "subcategory": "Ponte"}, "geometry": {"type": "Point", "coordinates": [12.8, 41.9656]}}, {"type": "Feature", "properties": {"wikidata": "Q3360871", "name": "Palazzo Gabrielli-Borromeo", "status": "done", "osm_id": "way/130920810", "group": "Dimore ed edifici", "subgroup": "Residenze", "subcategory": "Palazzo italiano"}, "geometry": {"type": "Point", "coordinates": [12.47888889, 41.89916667]}}, {"type": "Feature", "properties": {"wikidata": "Q2876503", "name": "Giardino delle orchidee spontanee del Mediterraneo", "status": "missing", "osm_id": null, "group": "Natura e paesaggio", "subgroup": "Verde", "subcategory": "Orto botanico"}, "geometry": {"type": "Point", "coordinates": [12.08333333, 41.95]}}, {"type": "Feature", "properties": {"wikidata": "Q3360903", "name": "Palazzo Muti", "status": "missing", "osm_id": null, "group": "Dimore ed edifici", "subgroup": "Residenze", "subcategory": "Palazzo"}, "geometry": {"type": "Point", "coordinates": [12.482722222, 41.898527777]}}, {"type": "Feature", "properties": {"wikidata": "Q2791338", "name": "chiesa di San Girolamo dei Croati", "status": "done", "osm_id": "way/60615616", "group": "Altro", "subgroup": "Altro", "subcategory": "Altro"}, "geometry": {"type": "Point", "coordinates": [12.475708, 41.905064]}}, {"type": "Feature", "properties": {"wikidata": "Q3364856", "name": "Parco naturalistico archeologico Vulci", "status": "missing", "osm_id": null, "group": "Archeologia", "subgroup": "Siti", "subcategory": "Parco archeologico"}, "geometry": {"type": "Point", "coordinates": [11.6294655, 42.4192309]}}, {"type": "Feature", "properties": {"wikidata": "Q2860424", "name": "Archivio di Stato di Roma", "status": "missing", "osm_id": null, "group": "Cultura e tempo libero", "subgroup": "Archivi", "subcategory": "Archivio di Stato"}, "geometry": {"type": "Point", "coordinates": [12.473882, 41.89824]}}, {"type": "Feature", "properties": {"wikidata": "Q3355127", "name": "oratorio di Santa Maria Immacolata della Concezione", "status": "done", "osm_id": "way/349333996", "group": "Religione", "subgroup": "Luoghi di Culto", "subcategory": "Chiesa"}, "geometry": {"type": "Point", "coordinates": [12.5005, 41.895916666]}}, {"type": "Feature", "properties": {"wikidata": "Q2882780", "name": "Ponte Sfondato", "status": "done", "osm_id": "node/4443004255", "group": "Insediamenti", "subgroup": "Centri", "subcategory": "Frazione"}, "geometry": {"type": "Point", "coordinates": [12.683333333, 42.25]}}, {"type": "Feature", "properties": {"wikidata": "Q2820750", "name": "abbazia di Valvisciolo", "status": "done", "osm_id": "relation/1082234", "group": "Religione", "subgroup": "Vita Monastica", "subcategory": "Abbazia"}, "geometry": {"type": "Point", "coordinates": [12.9790004, 41.5680497]}}, {"type": "Feature", "properties": {"wikidata": "Q3458066", "name": "Porta Querquetulana", "status": "missing", "osm_id": null, "group": "Fortificazioni e militare", "subgroup": "Fortificazioni", "subcategory": "Porta cittadina"}, "geometry": {"type": "Point", "coordinates": [12.49861111, 41.88833333]}}, {"type": "Feature", "properties": {"wikidata": "Q2873434", "name": "tempio di Minerva Calcidica", "status": "missing", "osm_id": null, "group": "Altro", "subgroup": "Altro", "subcategory": "Altro"}, "geometry": {"type": "Point", "coordinates": [12.48, 41.8975]}}, {"type": "Feature", "properties": {"wikidata": "Q2796650", "name": "Giulianello", "status": "done", "osm_id": "node/1841088038", "group": "Insediamenti", "subgroup": "Centri", "subcategory": "Frazione"}, "geometry": {"type": "Point", "coordinates": [12.875086, 41.686069]}}, {"type": "Feature", "properties": {"wikidata": "Q2887127", "name": "basilica di Sant'Aurea", "status": "done", "osm_id": "way/117809409", "group": "Altro", "subgroup": "Altro", "subcategory": "Altro"}, "geometry": {"type": "Point", "coordinates": [12.301810139, 41.759367384]}}, {"type": "Feature", "properties": {"wikidata": "Q3361190", "name": "Palazzo del Viminale", "status": "done", "osm_id": "relation/11153", "group": "Dimore ed edifici", "subgroup": "Residenze", "subcategory": "Palazzo italiano"}, "geometry": {"type": "Point", "coordinates": [12.493605901, 41.898840117]}}, {"type": "Feature", "properties": {"wikidata": "Q3471466", "name": "San Giovanni Crisostomo a Monte Sacro Alto", "status": "missing", "osm_id": null, "group": "Altro", "subgroup": "Altro", "subcategory": "Altro"}, "geometry": {"type": "Point", "coordinates": [12.542894, 41.940516]}}, {"type": "Feature", "properties": {"wikidata": "Q2860420", "name": "Archivio Centrale dello Stato", "status": "done", "osm_id": "way/149342843", "group": "Altro", "subgroup": "Altro", "subcategory": "Altro"}, "geometry": {"type": "Point", "coordinates": [12.47538, 41.82904]}}, {"type": "Feature", "properties": {"wikidata": "Q2887175", "name": "basilica sotterranea di Porta Maggiore", "status": "done", "osm_id": "way/382363018", "group": "Archeologia", "subgroup": "Siti", "subcategory": "Sito archeologico"}, "geometry": {"type": "Point", "coordinates": [12.516479, 41.891798]}}, {"type": "Feature", "properties": {"wikidata": "Q2832670", "name": "Lanuvium", "status": "missing", "osm_id": null, "group": "Archeologia", "subgroup": "Siti", "subcategory": "Sito archeologico"}, "geometry": {"type": "Point", "coordinates": [12.69758, 41.67469]}}, {"type": "Feature", "properties": {"wikidata": "Q2856077", "name": "Lugnola", "status": "done", "osm_id": "node/801830132", "group": "Insediamenti", "subgroup": "Centri", "subcategory": "Frazione"}, "geometry": {"type": "Point", "coordinates": [12.6287, 42.45067]}}, {"type": "Feature", "properties": {"wikidata": "Q2823446", "name": "Acquarossa", "status": "done", "osm_id": "way/481752716", "group": "Archeologia", "subgroup": "Siti", "subcategory": "Sito archeologico"}, "geometry": {"type": "Point", "coordinates": [12.123972222, 42.481222222]}}, {"type": "Feature", "properties": {"wikidata": "Q2887131", "name": "duomo di Monterotondo", "status": "done", "osm_id": "way/582390144", "group": "Religione", "subgroup": "Luoghi di Culto", "subcategory": "Chiesa parrocchiale"}, "geometry": {"type": "Point", "coordinates": [12.6166, 42.0525]}}, {"type": "Feature", "properties": {"wikidata": "Q3425310", "name": "Puteal Scribonianum", "status": "missing", "osm_id": null, "group": "Altro", "subgroup": "Altro", "subcategory": "Altro"}, "geometry": {"type": "Point", "coordinates": [12.4857, 41.8917]}}, {"type": "Feature", "properties": {"wikidata": "Q2802986", "name": "Terme del Faro", "status": "done", "osm_id": "way/1338952501", "group": "Archeologia", "subgroup": "Siti", "subcategory": "Sito archeologico"}, "geometry": {"type": "Point", "coordinates": [12.2904, 41.7528]}}, {"type": "Feature", "properties": {"wikidata": "Q2860787", "name": "Necropoli di Castel d'Asso", "status": "missing", "osm_id": null, "group": "Altro", "subgroup": "Altro", "subcategory": "Altro"}, "geometry": {"type": "Point", "coordinates": [12.026518, 42.401957]}}, {"type": "Feature", "properties": {"wikidata": "Q2856327", "name": "chiesa di San Gregorio VII", "status": "done", "osm_id": "way/108019914", "group": "Religione", "subgroup": "Luoghi di Culto", "subcategory": "Chiesa"}, "geometry": {"type": "Point", "coordinates": [12.45024, 41.89808]}}, {"type": "Feature", "properties": {"wikidata": "Q3364866", "name": "parco dell'antichissima citt\u00e0 di Sutri", "status": "done", "osm_id": "way/402664662", "group": "Natura e paesaggio", "subgroup": "Verde", "subcategory": "Area protetta"}, "geometry": {"type": "Point", "coordinates": [12.228, 42.239]}}, {"type": "Feature", "properties": {"wikidata": "Q3401426", "name": "Pratoni del Vivaro", "status": "missing", "osm_id": null, "group": "Insediamenti", "subgroup": "Centri", "subcategory": "Frazione"}, "geometry": {"type": "Point", "coordinates": [12.769722222, 41.750277777]}}, {"type": "Feature", "properties": {"wikidata": "Q2799026", "name": "Aleggia", "status": "done", "osm_id": "node/3831544329", "group": "Insediamenti", "subgroup": "Centri", "subcategory": "Frazione"}, "geometry": {"type": "Point", "coordinates": [13.192222222, 42.639722222]}}, {"type": "Feature", "properties": {"wikidata": "Q2901372", "name": "Bibliotheca Pacis", "status": "missing", "osm_id": null, "group": "Cultura e tempo libero", "subgroup": "Biblioteche", "subcategory": "Biblioteca"}, "geometry": {"type": "Point", "coordinates": [12.4875, 41.8924]}}, {"type": "Feature", "properties": {"wikidata": "Q2901320", "name": "Biblioteca Vallicelliana", "status": "done", "osm_id": "node/4604602043", "group": "Altro", "subgroup": "Altro", "subcategory": "Altro"}, "geometry": {"type": "Point", "coordinates": [12.469432, 41.898186]}}, {"type": "Feature", "properties": {"wikidata": "Q2887107", "name": "chiesa di San Salvatore alla Scala Santa", "status": "missing", "osm_id": null, "group": "Religione", "subgroup": "Luoghi di Culto", "subcategory": "Chiesa"}, "geometry": {"type": "Point", "coordinates": [12.506958, 41.887175]}}, {"type": "Feature", "properties": {"wikidata": "Q3396627", "name": "Ponte Lucano", "status": "done", "osm_id": "way/37095788", "group": "Infrastrutture", "subgroup": "Trasporti", "subcategory": "Ponte"}, "geometry": {"type": "Point", "coordinates": [12.76183, 41.95487]}}, {"type": "Feature", "properties": {"wikidata": "Q2855156", "name": "parco Leonardo", "status": "done", "osm_id": "node/366951882", "group": "Insediamenti", "subgroup": "Centri", "subcategory": "Frazione"}, "geometry": {"type": "Point", "coordinates": [12.298888888, 41.798888888]}}, {"type": "Feature", "properties": {"wikidata": "Q3471458", "name": "San Gerardo Maiella", "status": "missing", "osm_id": null, "group": "Altro", "subgroup": "Altro", "subcategory": "Altro"}, "geometry": {"type": "Point", "coordinates": [12.556098661, 41.881087]}}, {"type": "Feature", "properties": {"wikidata": "Q3457157", "name": "piazza della Rotonda", "status": "done", "osm_id": "relation/10031734", "group": "Insediamenti", "subgroup": "Zone Urbane", "subcategory": "Piazza"}, "geometry": {"type": "Point", "coordinates": [12.47675, 41.89930556]}}, {"type": "Feature", "properties": {"wikidata": "Q3432423", "name": "Rio Fratta", "status": "missing", "osm_id": null, "group": "Natura e paesaggio", "subgroup": "Acqua", "subcategory": "Fiume"}, "geometry": {"type": "Point", "coordinates": [12.454288888, 42.357561111]}}, {"type": "Feature", "properties": {"wikidata": "Q3361336", "name": "Palazzo Vitelleschi", "status": "done", "osm_id": "way/1086026803", "group": "Dimore ed edifici", "subgroup": "Residenze", "subcategory": "Palazzo italiano"}, "geometry": {"type": "Point", "coordinates": [11.7557, 42.2538]}}, {"type": "Feature", "properties": {"wikidata": "Q2872354", "name": "Altar of Consus", "status": "missing", "osm_id": null, "group": "Altro", "subgroup": "Altro", "subcategory": "Altro"}, "geometry": {"type": "Point", "coordinates": [12.487797, 41.884867]}}, {"type": "Feature", "properties": {"wikidata": "Q523765", "name": "Tempio del Divo Claudio", "status": "missing", "osm_id": null, "group": "Archeologia", "subgroup": "Siti", "subcategory": "Rovine"}, "geometry": {"type": "Point", "coordinates": [12.49311, 41.88795]}}, {"type": "Feature", "properties": {"wikidata": "Q506234", "name": "Vittoriano", "status": "done", "osm_id": "relation/1849830", "group": "Altro", "subgroup": "Altro", "subcategory": "Altro"}, "geometry": {"type": "Point", "coordinates": [12.483055555, 41.894722222]}}, {"type": "Feature", "properties": {"wikidata": "Q546419", "name": "catacombe di San Sebastiano", "status": "done", "osm_id": "node/452570567", "group": "Altro", "subgroup": "Altro", "subcategory": "Altro"}, "geometry": {"type": "Point", "coordinates": [12.516484, 41.855762]}}, {"type": "Feature", "properties": {"wikidata": "Q470997", "name": "Pontificio Ateneo Sant'Anselmo", "status": "done", "osm_id": "node/5292055126", "group": "Altro", "subgroup": "Altro", "subcategory": "Altro"}, "geometry": {"type": "Point", "coordinates": [12.478932, 41.882936]}}, {"type": "Feature", "properties": {"wikidata": "Q533236", "name": "Re di Roma", "status": "done", "osm_id": "node/13183496361", "group": "Infrastrutture", "subgroup": "Trasporti", "subcategory": "Stazione metropolitana"}, "geometry": {"type": "Point", "coordinates": [12.5144, 41.8819]}}, {"type": "Feature", "properties": {"wikidata": "Q541336", "name": "Tempio della Bona Dea", "status": "missing", "osm_id": null, "group": "Religione", "subgroup": "Luoghi di Culto", "subcategory": "Tempio"}, "geometry": {"type": "Point", "coordinates": [12.489673173, 41.880531175]}}, {"type": "Feature", "properties": {"wikidata": "Q530240", "name": "Bologna", "status": "done", "osm_id": "node/295228833", "group": "Infrastrutture", "subgroup": "Trasporti", "subcategory": "Stazione metropolitana"}, "geometry": {"type": "Point", "coordinates": [12.520425, 41.913165]}}, {"type": "Feature", "properties": {"wikidata": "Q529806", "name": "Domus Flavia", "status": "done", "osm_id": "relation/1857984", "group": "Archeologia", "subgroup": "Siti", "subcategory": "Domus de Janas"}, "geometry": {"type": "Point", "coordinates": [12.4869, 41.8885]}}, {"type": "Feature", "properties": {"wikidata": "Q468405", "name": "Laterano", "status": "missing", "osm_id": null, "group": "Altro", "subgroup": "Altro", "subcategory": "Altro"}, "geometry": {"type": "Point", "coordinates": [12.50583333, 41.88583333]}}, {"type": "Feature", "properties": {"wikidata": "Q542656", "name": "Istituto Nazionale di Astrofisica", "status": "done", "osm_id": "node/6635061005", "group": "Altro", "subgroup": "Altro", "subcategory": "Altro"}, "geometry": {"type": "Point", "coordinates": [12.452222222, 41.9225]}}, {"type": "Feature", "properties": {"wikidata": "Q486382", "name": "Castel Sant'Angelo", "status": "done", "osm_id": "relation/2720817", "group": "Altro", "subgroup": "Altro", "subcategory": "Altro"}, "geometry": {"type": "Point", "coordinates": [12.466307, 41.903044]}}, {"type": "Feature", "properties": {"wikidata": "Q502098", "name": "Terme di Caracalla", "status": "done", "osm_id": "relation/13476232", "group": "Archeologia", "subgroup": "Siti", "subcategory": "Sito archeologico"}, "geometry": {"type": "Point", "coordinates": [12.492764, 41.880264]}}, {"type": "Feature", "properties": {"wikidata": "Q527647", "name": "Ghetto di Roma", "status": "missing", "osm_id": null, "group": "Insediamenti", "subgroup": "Zone Urbane", "subcategory": "Ghetto"}, "geometry": {"type": "Point", "coordinates": [12.4775, 41.8925]}}, {"type": "Feature", "properties": {"wikidata": "Q474857", "name": "Villa Torlonia", "status": "done", "osm_id": "way/23952685", "group": "Dimore ed edifici", "subgroup": "Residenze", "subcategory": "Villa"}, "geometry": {"type": "Point", "coordinates": [12.51128395, 41.915744777]}}, {"type": "Feature", "properties": {"wikidata": "Q511226", "name": "basilica di Santa Maria Ausiliatrice", "status": "done", "osm_id": "way/32217306", "group": "Religione", "subgroup": "Luoghi di Culto", "subcategory": "Basilica minore"}, "geometry": {"type": "Point", "coordinates": [12.530266666, 41.874497222]}}, {"type": "Feature", "properties": {"wikidata": "Q523577", "name": "Villa Massimo", "status": "done", "osm_id": "way/282157339", "group": "Dimore ed edifici", "subgroup": "Residenze", "subcategory": "Villa"}, "geometry": {"type": "Point", "coordinates": [12.519135, 41.916748]}}, {"type": "Feature", "properties": {"wikidata": "Q530591", "name": "Trebula Mutuesca", "status": "done", "osm_id": "node/2664037787", "group": "Altro", "subgroup": "Altro", "subcategory": "Altro"}, "geometry": {"type": "Point", "coordinates": [12.86865, 42.22767]}}, {"type": "Feature", "properties": {"wikidata": "Q543289", "name": "Universit\u00e0 Pontificia Salesiana", "status": "done", "osm_id": "way/24026567", "group": "Altro", "subgroup": "Altro", "subcategory": "Altro"}, "geometry": {"type": "Point", "coordinates": [12.520818, 41.96039]}}, {"type": "Feature", "properties": {"wikidata": "Q509529", "name": "MagicLand", "status": "done", "osm_id": "way/65584351", "group": "Altro", "subgroup": "Altro", "subcategory": "Altro"}, "geometry": {"type": "Point", "coordinates": [12.95605833, 41.76528611]}}, {"type": "Feature", "properties": {"wikidata": "Q519310", "name": "chiesa di Santa Maria della Piet\u00e0 in Camposanto dei Teutonici", "status": "done", "osm_id": "way/149714726", "group": "Religione", "subgroup": "Luoghi di Culto", "subcategory": "Chiesa"}, "geometry": {"type": "Point", "coordinates": [12.454869177, 41.901334833]}}, {"type": "Feature", "properties": {"wikidata": "Q500377", "name": "Policlinico Umberto I", "status": "done", "osm_id": "relation/14321729", "group": "Altro", "subgroup": "Altro", "subcategory": "Altro"}, "geometry": {"type": "Point", "coordinates": [12.510042, 41.906562]}}, {"type": "Feature", "properties": {"wikidata": "Q512703", "name": "chiesa della Santissima Trinit\u00e0 degli Spagnoli", "status": "done", "osm_id": "way/73811772", "group": "Religione", "subgroup": "Luoghi di Culto", "subcategory": "Chiesa"}, "geometry": {"type": "Point", "coordinates": [12.4793, 41.9045]}}, {"type": "Feature", "properties": {"wikidata": "Q545404", "name": "Isola Tiberina", "status": "done", "osm_id": "way/126146475", "group": "Altro", "subgroup": "Altro", "subcategory": "Altro"}, "geometry": {"type": "Point", "coordinates": [12.477222222, 41.890833333]}}, {"type": "Feature", "properties": {"wikidata": "Q431062", "name": "Tempio di Adriano", "status": "done", "osm_id": "relation/2794129", "group": "Archeologia", "subgroup": "Siti", "subcategory": "Rovine"}, "geometry": {"type": "Point", "coordinates": [12.479444444, 41.899722222]}}, {"type": "Feature", "properties": {"wikidata": "Q542070", "name": "basilica di San Pietro in Vincoli", "status": "done", "osm_id": "way/201882369", "group": "Religione", "subgroup": "Luoghi di Culto", "subcategory": "Basilica minore"}, "geometry": {"type": "Point", "coordinates": [12.493069444, 41.893872222]}}, {"type": "Feature", "properties": {"wikidata": "Q463271", "name": "American Academy in Rome", "status": "done", "osm_id": "way/575153648", "group": "Infrastrutture", "subgroup": "Servizi", "subcategory": "Organizzazione no-profit"}, "geometry": {"type": "Point", "coordinates": [12.462644, 41.887633]}}, {"type": "Feature", "properties": {"wikidata": "Q546141", "name": "chiesa di Santa Maria Immacolata a via Veneto", "status": "done", "osm_id": "way/203946249", "group": "Religione", "subgroup": "Luoghi di Culto", "subcategory": "Chiesa"}, "geometry": {"type": "Point", "coordinates": [12.488568, 41.905024]}}, {"type": "Feature", "properties": {"wikidata": "Q504263", "name": "Universit\u00e0 degli Studi di Cassino e del Lazio Meridionale", "status": "missing", "osm_id": null, "group": "Altro", "subgroup": "Altro", "subcategory": "Altro"}, "geometry": {"type": "Point", "coordinates": [13.8281725, 41.471786111]}}, {"type": "Feature", "properties": {"wikidata": "Q488767", "name": "Tomba della Fustigazione", "status": "done", "osm_id": "way/108222527", "group": "Religione", "subgroup": "Cimiteri", "subcategory": "Tomba"}, "geometry": {"type": "Point", "coordinates": [11.770179032, 42.249336302]}}, {"type": "Feature", "properties": {"wikidata": "Q523409", "name": "Monti della Tolfa", "status": "done", "osm_id": "way/1076868451", "group": "Natura e paesaggio", "subgroup": "Montagna", "subcategory": "Montagna"}, "geometry": {"type": "Point", "coordinates": [11.9, 42.133333333]}}, {"type": "Feature", "properties": {"wikidata": "Q546600", "name": "Aniene", "status": "done", "osm_id": "relation/2069637", "group": "Natura e paesaggio", "subgroup": "Acqua", "subcategory": "Fiume"}, "geometry": {"type": "Point", "coordinates": [12.5007, 41.9424]}}, {"type": "Feature", "properties": {"wikidata": "Q431470", "name": "Civita di Bagnoregio", "status": "done", "osm_id": "node/1778014513", "group": "Insediamenti", "subgroup": "Centri", "subcategory": "Frazione"}, "geometry": {"type": "Point", "coordinates": [12.113888888, 42.627777777]}}, {"type": "Feature", "properties": {"wikidata": "Q467025", "name": "Pontificia Universit\u00e0 Gregoriana", "status": "done", "osm_id": "way/53182757", "group": "Altro", "subgroup": "Altro", "subcategory": "Altro"}, "geometry": {"type": "Point", "coordinates": [12.484722222, 41.898888888]}}, {"type": "Feature", "properties": {"wikidata": "Q517374", "name": "chiesa di San Giorgio in Velabro", "status": "done", "osm_id": "way/123971348", "group": "Religione", "subgroup": "Luoghi di Culto", "subcategory": "Chiesa"}, "geometry": {"type": "Point", "coordinates": [12.483136111, 41.889530555]}}, {"type": "Feature", "properties": {"wikidata": "Q461997", "name": "chiesa di Santa Maria di Loreto", "status": "done", "osm_id": "way/140031975", "group": "Religione", "subgroup": "Luoghi di Culto", "subcategory": "Chiesa"}, "geometry": {"type": "Point", "coordinates": [12.48371, 41.89597]}}, {"type": "Feature", "properties": {"wikidata": "Q510071", "name": "Museo nazionale romano di palazzo Massimo", "status": "done", "osm_id": "node/12707172364", "group": "Cultura e tempo libero", "subgroup": "Musei", "subcategory": "Museo d'arte"}, "geometry": {"type": "Point", "coordinates": [12.498358071, 41.901360478]}}, {"type": "Feature", "properties": {"wikidata": "Q475012", "name": "Anfiteatro castrense", "status": "done", "osm_id": "node/1791417716", "group": "Archeologia", "subgroup": "Siti", "subcategory": "Sito archeologico"}, "geometry": {"type": "Point", "coordinates": [12.515, 41.8875]}}, {"type": "Feature", "properties": {"wikidata": "Q501988", "name": "abbazia di San Giusto a Tuscania", "status": "done", "osm_id": "way/172796150", "group": "Religione", "subgroup": "Vita Monastica", "subcategory": "Abbazia"}, "geometry": {"type": "Point", "coordinates": [11.874722, 42.385833]}}, {"type": "Feature", "properties": {"wikidata": "Q528019", "name": "Almo collegio Capranica", "status": "missing", "osm_id": null, "group": "Altro", "subgroup": "Altro", "subcategory": "Altro"}, "geometry": {"type": "Point", "coordinates": [12.477632, 41.900128]}}, {"type": "Feature", "properties": {"wikidata": "Q469446", "name": "The American University of Rome", "status": "done", "osm_id": "way/208682525", "group": "Altro", "subgroup": "Altro", "subcategory": "Altro"}, "geometry": {"type": "Point", "coordinates": [12.4623, 41.8857]}}, {"type": "Feature", "properties": {"wikidata": "Q517615", "name": "cappella di Santa Giuliana Falconieri", "status": "missing", "osm_id": null, "group": "Religione", "subgroup": "Luoghi di Culto", "subcategory": "Cappella"}, "geometry": {"type": "Point", "coordinates": [12.4582, 41.8853]}}, {"type": "Feature", "properties": {"wikidata": "Q518832", "name": "Terme di Agrippa", "status": "done", "osm_id": "relation/6596512", "group": "Archeologia", "subgroup": "Siti", "subcategory": "Sito archeologico"}, "geometry": {"type": "Point", "coordinates": [12.476997, 41.896906]}}, {"type": "Feature", "properties": {"wikidata": "Q478642", "name": "Mercati di Traiano", "status": "done", "osm_id": "relation/13353039", "group": "Archeologia", "subgroup": "Siti", "subcategory": "Rovine"}, "geometry": {"type": "Point", "coordinates": [12.486194, 41.895611]}}, {"type": "Feature", "properties": {"wikidata": "Q523282", "name": "Biblioteca Don Bosco di Roma", "status": "done", "osm_id": "node/3057114233", "group": "Cultura e tempo libero", "subgroup": "Biblioteche", "subcategory": "Biblioteca privata"}, "geometry": {"type": "Point", "coordinates": [12.5219859, 41.9596329]}}, {"type": "Feature", "properties": {"wikidata": "Q523026", "name": "centro storico di Roma", "status": "missing", "osm_id": null, "group": "Insediamenti", "subgroup": "Zone Urbane", "subcategory": "Centro storico"}, "geometry": {"type": "Point", "coordinates": [12.47, 41.899]}}, {"type": "Feature", "properties": {"wikidata": "Q475007", "name": "Pontificia Universit\u00e0 Lateranense", "status": "done", "osm_id": "way/1413326069", "group": "Altro", "subgroup": "Altro", "subcategory": "Altro"}, "geometry": {"type": "Point", "coordinates": [12.503611111, 41.885277777]}}, {"type": "Feature", "properties": {"wikidata": "Q498107", "name": "Pontificio Istituto di Studi Arabi e d'Islamistica", "status": "missing", "osm_id": null, "group": "Altro", "subgroup": "Altro", "subcategory": "Altro"}, "geometry": {"type": "Point", "coordinates": [12.47277778, 41.88694444]}}, {"type": "Feature", "properties": {"wikidata": "Q530323", "name": "Anagnina", "status": "done", "osm_id": "node/13183724021", "group": "Infrastrutture", "subgroup": "Trasporti", "subcategory": "Stazione metropolitana"}, "geometry": {"type": "Point", "coordinates": [12.586111, 41.842778]}}, {"type": "Feature", "properties": {"wikidata": "Q463400", "name": "Piazza Navona", "status": "done", "osm_id": "way/4247138", "group": "Insediamenti", "subgroup": "Zone Urbane", "subcategory": "Piazza"}, "geometry": {"type": "Point", "coordinates": [12.47316, 41.89871]}}, {"type": "Feature", "properties": {"wikidata": "Q2247059", "name": "chiesa dei Santi Giovanni Evangelista e Petronio", "status": "done", "osm_id": "way/127453549", "group": "Religione", "subgroup": "Luoghi di Culto", "subcategory": "Chiesa"}, "geometry": {"type": "Point", "coordinates": [12.47061, 41.894032]}}, {"type": "Feature", "properties": {"wikidata": "Q2261550", "name": "linea C", "status": "done", "osm_id": "relation/2172845", "group": "Altro", "subgroup": "Altro", "subcategory": "Altro"}, "geometry": {"type": "Point", "coordinates": [12.6081, 41.8648]}}, {"type": "Feature", "properties": {"wikidata": "Q2223825", "name": "chiesa di Sant'Ambrogio della Massima", "status": "done", "osm_id": "way/123530519", "group": "Religione", "subgroup": "Luoghi di Culto", "subcategory": "Chiesa"}, "geometry": {"type": "Point", "coordinates": [12.488695, 41.874836]}}, {"type": "Feature", "properties": {"wikidata": "Q2210995", "name": "Sacriporto", "status": "missing", "osm_id": null, "group": "Archeologia", "subgroup": "Siti", "subcategory": "Citt\u00e0 antica"}, "geometry": {"type": "Point", "coordinates": [13.12833333, 41.68972222]}}, {"type": "Feature", "properties": {"wikidata": "Q2278077", "name": "Tempio di Castore al circo", "status": "missing", "osm_id": null, "group": "Altro", "subgroup": "Altro", "subcategory": "Altro"}, "geometry": {"type": "Point", "coordinates": [12.4761, 41.8929]}}, {"type": "Feature", "properties": {"wikidata": "Q2312823", "name": "Naumachia Traiani", "status": "missing", "osm_id": null, "group": "Altro", "subgroup": "Altro", "subcategory": "Altro"}, "geometry": {"type": "Point", "coordinates": [12.464746, 41.906006]}}, {"type": "Feature", "properties": {"wikidata": "Q2287023", "name": "Clivus Capitolinus", "status": "done", "osm_id": "way/28044937", "group": "Infrastrutture", "subgroup": "Trasporti", "subcategory": "Strada urbana"}, "geometry": {"type": "Point", "coordinates": [12.4838, 41.8925]}}, {"type": "Feature", "properties": {"wikidata": "Q2288275", "name": "Tempio di Iside al Campo Marzio", "status": "missing", "osm_id": null, "group": "Religione", "subgroup": "Luoghi di Culto", "subcategory": "Tempio"}, "geometry": {"type": "Point", "coordinates": [12.4791, 41.89721]}}, {"type": "Feature", "properties": {"wikidata": "Q2223427", "name": "chiesa dei Santi Gioacchino e Anna alle Quattro Fontane", "status": "done", "osm_id": "way/201374574", "group": "Religione", "subgroup": "Luoghi di Culto", "subcategory": "Chiesa"}, "geometry": {"type": "Point", "coordinates": [12.49052778, 41.90169444]}}, {"type": "Feature", "properties": {"wikidata": "Q2219288", "name": "chiesa dei Santi Benedetto e Scolastica all'Argentina", "status": "done", "osm_id": "way/125831702", "group": "Altro", "subgroup": "Altro", "subcategory": "Altro"}, "geometry": {"type": "Point", "coordinates": [12.476334171, 41.89685318]}}, {"type": "Feature", "properties": {"wikidata": "Q2301521", "name": "basilica di Sant'Apollinare", "status": "done", "osm_id": "way/53638757", "group": "Religione", "subgroup": "Luoghi di Culto", "subcategory": "Basilica minore"}, "geometry": {"type": "Point", "coordinates": [12.473388, 41.900974]}}, {"type": "Feature", "properties": {"wikidata": "Q2223864", "name": "chiesa di Sant'Anselmo all'Aventino", "status": "done", "osm_id": "relation/418303", "group": "Religione", "subgroup": "Luoghi di Culto", "subcategory": "Chiesa"}, "geometry": {"type": "Point", "coordinates": [12.477916666, 41.882083333]}}, {"type": "Feature", "properties": {"wikidata": "Q2267529", "name": "tempio di Cerere", "status": "missing", "osm_id": null, "group": "Altro", "subgroup": "Altro", "subcategory": "Altro"}, "geometry": {"type": "Point", "coordinates": [12.4819, 41.8863]}}, {"type": "Feature", "properties": {"wikidata": "Q2291009", "name": "Odeon di Domiziano", "status": "missing", "osm_id": null, "group": "Altro", "subgroup": "Altro", "subcategory": "Altro"}, "geometry": {"type": "Point", "coordinates": [12.4734, 41.8972]}}, {"type": "Feature", "properties": {"wikidata": "Q2222819", "name": "chiesa di Santa Chiara", "status": "done", "osm_id": "way/128740178", "group": "Religione", "subgroup": "Luoghi di Culto", "subcategory": "Chiesa"}, "geometry": {"type": "Point", "coordinates": [12.47652778, 41.89733333]}}, {"type": "Feature", "properties": {"wikidata": "Q2216953", "name": "tempio di Diana", "status": "missing", "osm_id": null, "group": "Altro", "subgroup": "Altro", "subcategory": "Altro"}, "geometry": {"type": "Point", "coordinates": [12.48313, 41.8827]}}, {"type": "Feature", "properties": {"wikidata": "Q2223178", "name": "chiesa di Santa Maria in Monterone", "status": "done", "osm_id": "way/201835958", "group": "Religione", "subgroup": "Luoghi di Culto", "subcategory": "Chiesa"}, "geometry": {"type": "Point", "coordinates": [12.475671701, 41.896835817]}}, {"type": "Feature", "properties": {"wikidata": "Q2266081", "name": "Galleria nazionale d'arte antica", "status": "done", "osm_id": "node/2122709063", "group": "Cultura e tempo libero", "subgroup": "Musei", "subcategory": "Museo d'arte"}, "geometry": {"type": "Point", "coordinates": [12.489527499, 41.902779717]}}, {"type": "Feature", "properties": {"wikidata": "Q2219625", "name": "chiesa di San Giovanni Maria Vianney", "status": "done", "osm_id": "way/150950067", "group": "Religione", "subgroup": "Luoghi di Culto", "subcategory": "Chiesa"}, "geometry": {"type": "Point", "coordinates": [12.6704852, 41.8613951]}}, {"type": "Feature", "properties": {"wikidata": "Q2288627", "name": "Tempio di Serapide", "status": "missing", "osm_id": null, "group": "Altro", "subgroup": "Altro", "subcategory": "Altro"}, "geometry": {"type": "Point", "coordinates": [12.4855, 41.8983]}}, {"type": "Feature", "properties": {"wikidata": "Q2220098", "name": "chiesa di San Tommaso di Canterbury", "status": "done", "osm_id": "way/128364716", "group": "Religione", "subgroup": "Luoghi di Culto", "subcategory": "Chiesa"}, "geometry": {"type": "Point", "coordinates": [12.469920903, 41.895610517]}}, {"type": "Feature", "properties": {"wikidata": "Q2266816", "name": "Porta Portese", "status": "missing", "osm_id": null, "group": "Altro", "subgroup": "Altro", "subcategory": "Altro"}, "geometry": {"type": "Point", "coordinates": [12.474022, 41.883898]}}, {"type": "Feature", "properties": {"wikidata": "Q2235216", "name": "Rocca di Mezzo", "status": "done", "osm_id": "node/519357278", "group": "Insediamenti", "subgroup": "Centri", "subcategory": "Frazione"}, "geometry": {"type": "Point", "coordinates": [13.00978, 41.96519]}}, {"type": "Feature", "properties": {"wikidata": "Q2280372", "name": "Nomentum", "status": "missing", "osm_id": null, "group": "Archeologia", "subgroup": "Siti", "subcategory": "Sito archeologico"}, "geometry": {"type": "Point", "coordinates": [12.6444485, 42.033728]}}, {"type": "Feature", "properties": {"wikidata": "Q2210179", "name": "Tempio della Fortuna equestre", "status": "missing", "osm_id": null, "group": "Altro", "subgroup": "Altro", "subcategory": "Altro"}, "geometry": {"type": "Point", "coordinates": [12.474408, 41.894391]}}, {"type": "Feature", "properties": {"wikidata": "Q2223693", "name": "chiesa di Santo Stefano del Cacco", "status": "done", "osm_id": "way/130807534", "group": "Religione", "subgroup": "Luoghi di Culto", "subcategory": "Chiesa"}, "geometry": {"type": "Point", "coordinates": [12.47925, 41.89724]}}, {"type": "Feature", "properties": {"wikidata": "Q2249182", "name": "Insula dell'Ara Coeli", "status": "done", "osm_id": "way/125226020", "group": "Dimore ed edifici", "subgroup": "Residenze", "subcategory": "Casa"}, "geometry": {"type": "Point", "coordinates": [12.4823, 41.8941]}}, {"type": "Feature", "properties": {"wikidata": "Q2277048", "name": "Palazzo Gabrielli-Mignanelli", "status": "done", "osm_id": "relation/2713738", "group": "Dimore ed edifici", "subgroup": "Residenze", "subcategory": "Palazzo italiano"}, "geometry": {"type": "Point", "coordinates": [12.483606, 41.905196]}}, {"type": "Feature", "properties": {"wikidata": "Q2261408", "name": "EUR Palasport", "status": "done", "osm_id": "node/11598771784", "group": "Infrastrutture", "subgroup": "Trasporti", "subcategory": "Stazione metropolitana"}, "geometry": {"type": "Point", "coordinates": [12.466667, 41.83]}}, {"type": "Feature", "properties": {"wikidata": "Q2261488", "name": "Cinecitt\u00e0", "status": "done", "osm_id": "node/13183722198", "group": "Infrastrutture", "subgroup": "Trasporti", "subcategory": "Stazione metropolitana"}, "geometry": {"type": "Point", "coordinates": [12.5754, 41.8487]}}, {"type": "Feature", "properties": {"wikidata": "Q2222815", "name": "chiesa di Santa Caterina della Rota", "status": "done", "osm_id": "way/127840330", "group": "Religione", "subgroup": "Luoghi di Culto", "subcategory": "Chiesa"}, "geometry": {"type": "Point", "coordinates": [12.46975, 41.89526]}}, {"type": "Feature", "properties": {"wikidata": "Q2198565", "name": "Alta Semita", "status": "missing", "osm_id": null, "group": "Infrastrutture", "subgroup": "Trasporti", "subcategory": "Strada urbana"}, "geometry": {"type": "Point", "coordinates": [12.4847335, 41.8958875]}}, {"type": "Feature", "properties": {"wikidata": "Q2219582", "name": "chiesa di San Giacomo in Augusta", "status": "done", "osm_id": "way/60517417", "group": "Religione", "subgroup": "Luoghi di Culto", "subcategory": "Chiesa"}, "geometry": {"type": "Point", "coordinates": [12.47730556, 41.90772222]}}, {"type": "Feature", "properties": {"wikidata": "Q2223154", "name": "chiesa di Santa Maria Odigitria", "status": "done", "osm_id": "way/202304431", "group": "Altro", "subgroup": "Altro", "subcategory": "Altro"}, "geometry": {"type": "Point", "coordinates": [12.48594, 41.90308]}}, {"type": "Feature", "properties": {"wikidata": "Q2229012", "name": "Tempio di Mercurio", "status": "missing", "osm_id": null, "group": "Altro", "subgroup": "Altro", "subcategory": "Altro"}, "geometry": {"type": "Point", "coordinates": [12.4852, 41.8837]}}, {"type": "Feature", "properties": {"wikidata": "Q2308633", "name": "cattedrale dei Santi Sergio e Bacco degli Ucraini", "status": "done", "osm_id": "way/346990597", "group": "Altro", "subgroup": "Altro", "subcategory": "Altro"}, "geometry": {"type": "Point", "coordinates": [12.490844, 41.895067]}}, {"type": "Feature", "properties": {"wikidata": "Q2222865", "name": "chiesa di Santa Croce e San Bonaventura dei Lucchesi", "status": "done", "osm_id": "way/202161466", "group": "Altro", "subgroup": "Altro", "subcategory": "Altro"}, "geometry": {"type": "Point", "coordinates": [12.4845, 41.89969444]}}, {"type": "Feature", "properties": {"wikidata": "Q2223040", "name": "chiesa di Santa Maria Madre della Provvidenza", "status": "done", "osm_id": "way/478516956", "group": "Religione", "subgroup": "Luoghi di Culto", "subcategory": "Chiesa"}, "geometry": {"type": "Point", "coordinates": [12.4525, 41.87816667]}}, {"type": "Feature", "properties": {"wikidata": "Q2313394", "name": "chiesa dei Santi Vincenzo e Anastasio a Trevi", "status": "done", "osm_id": "way/201721148", "group": "Religione", "subgroup": "Luoghi di Culto", "subcategory": "Chiesa"}, "geometry": {"type": "Point", "coordinates": [12.4839, 41.9007]}}, {"type": "Feature", "properties": {"wikidata": "Q2261606", "name": "Pietralata", "status": "done", "osm_id": "node/11601542998", "group": "Infrastrutture", "subgroup": "Trasporti", "subcategory": "Stazione metropolitana"}, "geometry": {"type": "Point", "coordinates": [12.555, 41.914722]}}, {"type": "Feature", "properties": {"wikidata": "Q2261418", "name": "EUR Magliana", "status": "done", "osm_id": "node/9267173281", "group": "Infrastrutture", "subgroup": "Trasporti", "subcategory": "Stazione metropolitana"}, "geometry": {"type": "Point", "coordinates": [12.463333, 41.839444]}}, {"type": "Feature", "properties": {"wikidata": "Q2220033", "name": "chiesa di San Salvatore alle Coppelle", "status": "done", "osm_id": "way/89985340", "group": "Religione", "subgroup": "Luoghi di Culto", "subcategory": "Chiesa"}, "geometry": {"type": "Point", "coordinates": [12.47606, 41.90061]}}, {"type": "Feature", "properties": {"wikidata": "Q2304697", "name": "Torre Astura", "status": "done", "osm_id": "way/54894273", "group": "Altro", "subgroup": "Altro", "subcategory": "Altro"}, "geometry": {"type": "Point", "coordinates": [12.765083, 41.409197]}}, {"type": "Feature", "properties": {"wikidata": "Q2292333", "name": "stazione di Roma Tuscolana", "status": "done", "osm_id": "node/1313285477", "group": "Infrastrutture", "subgroup": "Trasporti", "subcategory": "Stazione ferroviaria"}, "geometry": {"type": "Point", "coordinates": [12.52333333, 41.87944444]}}, {"type": "Feature", "properties": {"wikidata": "Q2276094", "name": "Cecchina", "status": "done", "osm_id": "node/262150796", "group": "Insediamenti", "subgroup": "Centri", "subcategory": "Frazione"}, "geometry": {"type": "Point", "coordinates": [12.64972, 41.70161]}}, {"type": "Feature", "properties": {"wikidata": "Q2260902", "name": "EUR Fermi", "status": "done", "osm_id": "node/11598771774", "group": "Infrastrutture", "subgroup": "Trasporti", "subcategory": "Stazione metropolitana"}, "geometry": {"type": "Point", "coordinates": [12.471111, 41.828611]}}, {"type": "Feature", "properties": {"wikidata": "Q2269140", "name": "Santa Severa Nord", "status": "done", "osm_id": "node/12582192857", "group": "Insediamenti", "subgroup": "Centri", "subcategory": "Frazione"}, "geometry": {"type": "Point", "coordinates": [11.97276, 42.02291]}}, {"type": "Feature", "properties": {"wikidata": "Q2259784", "name": "Santa Maria del Soccorso", "status": "done", "osm_id": "node/11601543018", "group": "Infrastrutture", "subgroup": "Trasporti", "subcategory": "Stazione metropolitana"}, "geometry": {"type": "Point", "coordinates": [12.560833, 41.915556]}}, {"type": "Feature", "properties": {"wikidata": "Q2222773", "name": "chiesa di Santa Barbara dei Librai", "status": "done", "osm_id": "way/127586110", "group": "Religione", "subgroup": "Luoghi di Culto", "subcategory": "Chiesa"}, "geometry": {"type": "Point", "coordinates": [12.47373, 41.89481]}}, {"type": "Feature", "properties": {"wikidata": "Q2223175", "name": "chiesa di Santa Maria in Cappella", "status": "done", "osm_id": "way/202988409", "group": "Religione", "subgroup": "Luoghi di Culto", "subcategory": "Chiesa"}, "geometry": {"type": "Point", "coordinates": [12.478138888, 41.887333333]}}, {"type": "Feature", "properties": {"wikidata": "Q2295190", "name": "Villa Lante", "status": "done", "osm_id": "way/44539800", "group": "Dimore ed edifici", "subgroup": "Residenze", "subcategory": "Villa"}, "geometry": {"type": "Point", "coordinates": [12.4607, 41.8931]}}, {"type": "Feature", "properties": {"wikidata": "Q2199124", "name": "chiesa di Santa Maria Liberatrice", "status": "done", "osm_id": "way/95925091", "group": "Religione", "subgroup": "Luoghi di Culto", "subcategory": "Chiesa"}, "geometry": {"type": "Point", "coordinates": [12.473944444, 41.879305555]}}, {"type": "Feature", "properties": {"wikidata": "Q2223492", "name": "chiesa dei Santi Nereo e Achilleo", "status": "done", "osm_id": "way/106115053", "group": "Altro", "subgroup": "Altro", "subcategory": "Altro"}, "geometry": {"type": "Point", "coordinates": [12.494777777, 41.880222222]}}, {"type": "Feature", "properties": {"wikidata": "Q2223869", "name": "chiesa di Sant'Antonio Abate all'Esquilino", "status": "done", "osm_id": "way/346391637", "group": "Religione", "subgroup": "Luoghi di Culto", "subcategory": "Chiesa parrocchiale"}, "geometry": {"type": "Point", "coordinates": [12.50041667, 41.89697222]}}, {"type": "Feature", "properties": {"wikidata": "Q2297486", "name": "Universit\u00e0 degli Studi Roma Tre", "status": "done", "osm_id": "relation/13421559", "group": "Altro", "subgroup": "Altro", "subcategory": "Altro"}, "geometry": {"type": "Point", "coordinates": [12.478888888, 41.8625]}}, {"type": "Feature", "properties": {"wikidata": "Q2219514", "name": "basilica di San Francesco alla Rocca", "status": "done", "osm_id": "way/380732766", "group": "Religione", "subgroup": "Luoghi di Culto", "subcategory": "Basilica minore"}, "geometry": {"type": "Point", "coordinates": [12.106688, 42.422092]}}, {"type": "Feature", "properties": {"wikidata": "Q2284565", "name": "Alter of Ditis Patris and Proserpinae", "status": "missing", "osm_id": null, "group": "Altro", "subgroup": "Altro", "subcategory": "Altro"}, "geometry": {"type": "Point", "coordinates": [12.465051, 41.900231]}}, {"type": "Feature", "properties": {"wikidata": "Q3969601", "name": "stazione di Fidene", "status": "done", "osm_id": "node/13409549939", "group": "Infrastrutture", "subgroup": "Trasporti", "subcategory": "Fermata ferroviaria"}, "geometry": {"type": "Point", "coordinates": [12.5085, 41.9793]}}, {"type": "Feature", "properties": {"wikidata": "Q3969362", "name": "stazione di Centro Rai", "status": "done", "osm_id": "node/1313285461", "group": "Altro", "subgroup": "Altro", "subcategory": "Altro"}, "geometry": {"type": "Point", "coordinates": [12.4938, 41.9803]}}, {"type": "Feature", "properties": {"wikidata": "Q3969888", "name": "Stazione di La Giustiniana (ASTRAL)", "status": "done", "osm_id": "node/1313285443", "group": "Infrastrutture", "subgroup": "Trasporti", "subcategory": "Fermata ferroviaria"}, "geometry": {"type": "Point", "coordinates": [12.489483333, 42.001338888]}}, {"type": "Feature", "properties": {"wikidata": "Q3969628", "name": "stazione di Fiumicino Aeroporto", "status": "done", "osm_id": "node/1313285473", "group": "Altro", "subgroup": "Altro", "subcategory": "Altro"}, "geometry": {"type": "Point", "coordinates": [12.25111111, 41.79416667]}}, {"type": "Feature", "properties": {"wikidata": "Q3968883", "name": "stazione di Anzio", "status": "done", "osm_id": "way/30586447", "group": "Infrastrutture", "subgroup": "Trasporti", "subcategory": "Stazione ferroviaria"}, "geometry": {"type": "Point", "coordinates": [12.6293, 41.4521]}}, {"type": "Feature", "properties": {"wikidata": "Q3968873", "name": "stazione di Anagni-Fiuggi", "status": "done", "osm_id": "node/26988224", "group": "Infrastrutture", "subgroup": "Trasporti", "subcategory": "Stazione ferroviaria"}, "geometry": {"type": "Point", "coordinates": [13.096, 41.7105]}}, {"type": "Feature", "properties": {"wikidata": "Q3969291", "name": "stazione di Castel Gandolfo", "status": "done", "osm_id": "node/13527002464", "group": "Infrastrutture", "subgroup": "Trasporti", "subcategory": "Fermata ferroviaria"}, "geometry": {"type": "Point", "coordinates": [12.6521, 41.7469]}}, {"type": "Feature", "properties": {"wikidata": "Q3969550", "name": "stazione di Due Ponti", "status": "done", "osm_id": "way/203997922", "group": "Altro", "subgroup": "Altro", "subcategory": "Altro"}, "geometry": {"type": "Point", "coordinates": [12.4865, 41.9581]}}, {"type": "Feature", "properties": {"wikidata": "Q3969634", "name": "stazione di Fontana Liri Inferiore", "status": "done", "osm_id": "way/1150408270", "group": "Infrastrutture", "subgroup": "Trasporti", "subcategory": "Fermata ferroviaria"}, "geometry": {"type": "Point", "coordinates": [13.5567, 41.6096]}}, {"type": "Feature", "properties": {"wikidata": "Q3969960", "name": "stazione di Lido di Ostia Centro", "status": "done", "osm_id": "node/332297712", "group": "Infrastrutture", "subgroup": "Trasporti", "subcategory": "Stazione ferroviaria"}, "geometry": {"type": "Point", "coordinates": [12.2838, 41.7331]}}, {"type": "Feature", "properties": {"wikidata": "Q3969823", "name": "stazione di Ipogeo degli Ottavi", "status": "done", "osm_id": "node/1313285470", "group": "Infrastrutture", "subgroup": "Trasporti", "subcategory": "Stazione ferroviaria"}, "geometry": {"type": "Point", "coordinates": [12.4092, 41.9689]}}, {"type": "Feature", "properties": {"wikidata": "Q3969900", "name": "stazione di Labico", "status": "done", "osm_id": "way/253511814", "group": "Infrastrutture", "subgroup": "Trasporti", "subcategory": "Fermata ferroviaria"}, "geometry": {"type": "Point", "coordinates": [12.8898, 41.7831]}}, {"type": "Feature", "properties": {"wikidata": "Q3969915", "name": "stazione di Lanuvio", "status": "done", "osm_id": "node/13524810270", "group": "Infrastrutture", "subgroup": "Trasporti", "subcategory": "Stazione ferroviaria"}, "geometry": {"type": "Point", "coordinates": [12.6898, 41.6739]}}, {"type": "Feature", "properties": {"wikidata": "Q3969451", "name": "stazione di Colle Mattia", "status": "done", "osm_id": "node/13529411379", "group": "Infrastrutture", "subgroup": "Trasporti", "subcategory": "Stazione ferroviaria"}, "geometry": {"type": "Point", "coordinates": [12.7284, 41.8327]}}, {"type": "Feature", "properties": {"wikidata": "Q3968817", "name": "stazione di Acqua Acetosa", "status": "done", "osm_id": "node/1313285439", "group": "Altro", "subgroup": "Altro", "subcategory": "Altro"}, "geometry": {"type": "Point", "coordinates": [12.4867, 41.9314]}}, {"type": "Feature", "properties": {"wikidata": "Q3969218", "name": "stazione di Capranica-Sutri", "status": "done", "osm_id": "node/382011068", "group": "Infrastrutture", "subgroup": "Trasporti", "subcategory": "Stazione ferroviaria"}, "geometry": {"type": "Point", "coordinates": [12.1574, 42.2452]}}, {"type": "Feature", "properties": {"wikidata": "Q3970047", "name": "stazione di Marina di Cerveteri", "status": "done", "osm_id": "node/10695517195", "group": "Infrastrutture", "subgroup": "Trasporti", "subcategory": "Fermata ferroviaria"}, "geometry": {"type": "Point", "coordinates": [12.048, 41.9792]}}, {"type": "Feature", "properties": {"wikidata": "Q3969633", "name": "stazione di Fontana Liri", "status": "done", "osm_id": "node/3775778497", "group": "Infrastrutture", "subgroup": "Trasporti", "subcategory": "Fermata ferroviaria"}, "geometry": {"type": "Point", "coordinates": [13.562, 41.6182]}}, {"type": "Feature", "properties": {"wikidata": "Q3969661", "name": "stazione di Frascati", "status": "done", "osm_id": "node/13529358881", "group": "Altro", "subgroup": "Altro", "subcategory": "Altro"}, "geometry": {"type": "Point", "coordinates": [12.678, 41.8069]}}, {"type": "Feature", "properties": {"wikidata": "Q3970040", "name": "stazione di Marcellina-Palombara", "status": "done", "osm_id": "node/286956248", "group": "Infrastrutture", "subgroup": "Trasporti", "subcategory": "Stazione ferroviaria"}, "geometry": {"type": "Point", "coordinates": [12.7912, 41.9997]}}, {"type": "Feature", "properties": {"wikidata": "Q3969959", "name": "stazione di Lido di Ostia Nord", "status": "done", "osm_id": "node/388100723", "group": "Infrastrutture", "subgroup": "Trasporti", "subcategory": "Fermata ferroviaria"}, "geometry": {"type": "Point", "coordinates": [12.2851, 41.7405]}}, {"type": "Feature", "properties": {"wikidata": "Q3969185", "name": "stazione di Campoleone", "status": "done", "osm_id": "node/9164586891", "group": "Infrastrutture", "subgroup": "Trasporti", "subcategory": "Stazione ferroviaria"}, "geometry": {"type": "Point", "coordinates": [12.6484, 41.6425]}}, {"type": "Feature", "properties": {"wikidata": "Q3969895", "name": "stazione di La Storta", "status": "done", "osm_id": "node/1313285438", "group": "Infrastrutture", "subgroup": "Trasporti", "subcategory": "Stazione ferroviaria"}, "geometry": {"type": "Point", "coordinates": [12.3805, 42.0028]}}, {"type": "Feature", "properties": {"wikidata": "Q3969695", "name": "stazione di Gemelli", "status": "done", "osm_id": "node/1313285458", "group": "Infrastrutture", "subgroup": "Trasporti", "subcategory": "Fermata ferroviaria"}, "geometry": {"type": "Point", "coordinates": [12.4272, 41.9278]}}, {"type": "Feature", "properties": {"wikidata": "Q3969461", "name": "stazione di Colonna Galleria", "status": "done", "osm_id": "node/13529427507", "group": "Infrastrutture", "subgroup": "Trasporti", "subcategory": "Fermata ferroviaria"}, "geometry": {"type": "Point", "coordinates": [12.756, 41.8386]}}, {"type": "Feature", "properties": {"wikidata": "Q3969249", "name": "stazione di Casabianca", "status": "done", "osm_id": "way/240103942", "group": "Infrastrutture", "subgroup": "Trasporti", "subcategory": "Fermata ferroviaria"}, "geometry": {"type": "Point", "coordinates": [12.6044, 41.7883]}}, {"type": "Feature", "properties": {"wikidata": "Q3968946", "name": "stazione di Bagni di Tivoli", "status": "done", "osm_id": "node/11914253808", "group": "Infrastrutture", "subgroup": "Trasporti", "subcategory": "Stazione ferroviaria"}, "geometry": {"type": "Point", "coordinates": [12.722243, 41.949772]}}, {"type": "Feature", "properties": {"wikidata": "Q3969457", "name": "stazione di Collevecchio-Poggio Sommavilla", "status": "done", "osm_id": "node/12416426392", "group": "Infrastrutture", "subgroup": "Trasporti", "subcategory": "Fermata ferroviaria"}, "geometry": {"type": "Point", "coordinates": [12.5227, 42.2976]}}, {"type": "Feature", "properties": {"wikidata": "Q3969687", "name": "stazione di Gavignano Sabino", "status": "done", "osm_id": "node/12523218568", "group": "Infrastrutture", "subgroup": "Trasporti", "subcategory": "Fermata ferroviaria"}, "geometry": {"type": "Point", "coordinates": [12.608, 42.273]}}, {"type": "Feature", "properties": {"wikidata": "Q3969449", "name": "stazione di Colfelice", "status": "done", "osm_id": "node/13544041376", "group": "Infrastrutture", "subgroup": "Trasporti", "subcategory": "Fermata ferroviaria"}, "geometry": {"type": "Point", "coordinates": [13.6017, 41.5557]}}, {"type": "Feature", "properties": {"wikidata": "Q3968018", "name": "Stagni di Ostia", "status": "done", "osm_id": "node/2292378942", "group": "Insediamenti", "subgroup": "Centri", "subcategory": "Insediamento umano"}, "geometry": {"type": "Point", "coordinates": [12.315202, 41.753481]}}, {"type": "Feature", "properties": {"wikidata": "Q3969417", "name": "stazione di Ciampino", "status": "done", "osm_id": "way/687237659", "group": "Infrastrutture", "subgroup": "Trasporti", "subcategory": "Stazione ferroviaria"}, "geometry": {"type": "Point", "coordinates": [12.59916667, 41.80388889]}}, {"type": "Feature", "properties": {"wikidata": "Q3967911", "name": "stadio comunale Domenico Fiore", "status": "done", "osm_id": "way/49914617", "group": "Cultura e tempo libero", "subgroup": "Sport", "subcategory": "Impianto sportivo"}, "geometry": {"type": "Point", "coordinates": [12.66311, 41.76559]}}, {"type": "Feature", "properties": {"wikidata": "Q3968884", "name": "stazione di Aprilia", "status": "done", "osm_id": "node/335404296", "group": "Infrastrutture", "subgroup": "Trasporti", "subcategory": "Stazione ferroviaria"}, "geometry": {"type": "Point", "coordinates": [12.6392, 41.5922]}}, {"type": "Feature", "properties": {"wikidata": "Q3969761", "name": "stazione di Grottarossa", "status": "done", "osm_id": "node/1313285480", "group": "Infrastrutture", "subgroup": "Trasporti", "subcategory": "Fermata ferroviaria"}, "geometry": {"type": "Point", "coordinates": [12.4907, 41.9658]}}, {"type": "Feature", "properties": {"wikidata": "Q3969883", "name": "stazione di La Celsa", "status": "done", "osm_id": "node/1313285456", "group": "Altro", "subgroup": "Altro", "subcategory": "Altro"}, "geometry": {"type": "Point", "coordinates": [12.4971, 41.9963]}}, {"type": "Feature", "properties": {"wikidata": "Q3969428", "name": "stazione di Civita Castellana-Magliano", "status": "done", "osm_id": "way/862217604", "group": "Infrastrutture", "subgroup": "Trasporti", "subcategory": "Stazione ferroviaria"}, "geometry": {"type": "Point", "coordinates": [12.454, 42.3466]}}, {"type": "Feature", "properties": {"wikidata": "Q3969364", "name": "stazione di Ceprano-Falvaterra", "status": "done", "osm_id": "node/13537264385", "group": "Infrastrutture", "subgroup": "Trasporti", "subcategory": "Stazione ferroviaria"}, "geometry": {"type": "Point", "coordinates": [13.5235, 41.5241]}}, {"type": "Feature", "properties": {"wikidata": "Q3969890", "name": "stazione di La Rustica Citt\u00e0", "status": "done", "osm_id": "node/610235153", "group": "Infrastrutture", "subgroup": "Trasporti", "subcategory": "Stazione ferroviaria"}, "geometry": {"type": "Point", "coordinates": [12.6087, 41.9101]}}, {"type": "Feature", "properties": {"wikidata": "Q3968907", "name": "stazione di Arsoli", "status": "done", "osm_id": "node/1783452056", "group": "Infrastrutture", "subgroup": "Trasporti", "subcategory": "Stazione ferroviaria"}, "geometry": {"type": "Point", "coordinates": [13.0133, 42.0459]}}, {"type": "Feature", "properties": {"wikidata": "Q3969292", "name": "stazione di Castel Madama", "status": "done", "osm_id": "node/1247835904", "group": "Infrastrutture", "subgroup": "Trasporti", "subcategory": "Stazione ferroviaria"}, "geometry": {"type": "Point", "coordinates": [12.864861111, 41.988502777]}}, {"type": "Feature", "properties": {"wikidata": "Q3969172", "name": "stazione di Campi Sportivi", "status": "done", "osm_id": "node/1313285446", "group": "Infrastrutture", "subgroup": "Trasporti", "subcategory": "Fermata ferroviaria"}, "geometry": {"type": "Point", "coordinates": [12.492528, 41.933787]}}, {"type": "Feature", "properties": {"wikidata": "Q3969590", "name": "stazione di Ferentino-Supino", "status": "done", "osm_id": "node/13537113820", "group": "Infrastrutture", "subgroup": "Trasporti", "subcategory": "Stazione ferroviaria"}, "geometry": {"type": "Point", "coordinates": [13.2471, 41.6565]}}, {"type": "Feature", "properties": {"wikidata": "Q3969993", "name": "stazione di Lunghezza", "status": "done", "osm_id": "node/13026968115", "group": "Infrastrutture", "subgroup": "Trasporti", "subcategory": "Stazione ferroviaria"}, "geometry": {"type": "Point", "coordinates": [12.6675, 41.9238]}}, {"type": "Feature", "properties": {"wikidata": "Q3969999", "name": "stazione di Maccarese-Fregene", "status": "done", "osm_id": "node/10686948471", "group": "Infrastrutture", "subgroup": "Trasporti", "subcategory": "Stazione ferroviaria"}, "geometry": {"type": "Point", "coordinates": [12.2377, 41.879]}}, {"type": "Feature", "properties": {"wikidata": "Q3969892", "name": "stazione di La Rustica U.I.R.", "status": "done", "osm_id": "node/610235161", "group": "Infrastrutture", "subgroup": "Trasporti", "subcategory": "Stazione ferroviaria"}, "geometry": {"type": "Point", "coordinates": [12.62185, 41.91256]}}, {"type": "Feature", "properties": {"wikidata": "Q3970013", "name": "stazione di Magliana", "status": "done", "osm_id": "node/1313285465", "group": "Infrastrutture", "subgroup": "Trasporti", "subcategory": "Stazione ferroviaria"}, "geometry": {"type": "Point", "coordinates": [12.431, 41.8344]}}, {"type": "Feature", "properties": {"wikidata": "Q3969927", "name": "stazione di Latina", "status": "done", "osm_id": "way/1344381097", "group": "Infrastrutture", "subgroup": "Trasporti", "subcategory": "Stazione ferroviaria"}, "geometry": {"type": "Point", "coordinates": [12.94605556, 41.53808889]}}, {"type": "Feature", "properties": {"wikidata": "Q3969649", "name": "stazione di Formia-Gaeta", "status": "done", "osm_id": "node/13195728309", "group": "Infrastrutture", "subgroup": "Trasporti", "subcategory": "Stazione ferroviaria"}, "geometry": {"type": "Point", "coordinates": [13.60583333, 41.25861111]}}, {"type": "Feature", "properties": {"wikidata": "Q3968816", "name": "stazione di Acqua Acetosa", "status": "done", "osm_id": "node/13526961733", "group": "Infrastrutture", "subgroup": "Trasporti", "subcategory": "Fermata ferroviaria"}, "geometry": {"type": "Point", "coordinates": [12.6167, 41.7941]}}, {"type": "Feature", "properties": {"wikidata": "Q3969638", "name": "stazione di Fontanarosa-Cervaro", "status": "done", "osm_id": "node/2463373038", "group": "Infrastrutture", "subgroup": "Trasporti", "subcategory": "Fermata ferroviaria"}, "geometry": {"type": "Point", "coordinates": [13.8638, 41.4468]}}, {"type": "Feature", "properties": {"wikidata": "Q3969467", "name": "stazione di Compre-San Vincenzo", "status": "done", "osm_id": "node/3775778495", "group": "Infrastrutture", "subgroup": "Trasporti", "subcategory": "Fermata ferroviaria"}, "geometry": {"type": "Point", "coordinates": [13.6078, 41.7567]}}, {"type": "Feature", "properties": {"wikidata": "Q3969898", "name": "stazione di Labaro", "status": "done", "osm_id": "way/100199583", "group": "Infrastrutture", "subgroup": "Trasporti", "subcategory": "Fermata ferroviaria"}, "geometry": {"type": "Point", "coordinates": [12.4944, 41.9879]}}, {"type": "Feature", "properties": {"wikidata": "Q3969835", "name": "stazione di Isoletta-San Giovanni Incarico", "status": "done", "osm_id": "node/1681708348", "group": "Infrastrutture", "subgroup": "Trasporti", "subcategory": "Stazione ferroviaria"}, "geometry": {"type": "Point", "coordinates": [13.5473, 41.5281]}}, {"type": "Feature", "properties": {"wikidata": "Q3969884", "name": "stazione di La Giustiniana", "status": "done", "osm_id": "node/1313285485", "group": "Infrastrutture", "subgroup": "Trasporti", "subcategory": "Fermata ferroviaria"}, "geometry": {"type": "Point", "coordinates": [12.4035, 41.9853]}}, {"type": "Feature", "properties": {"wikidata": "Q3969433", "name": "stazione di Civitavecchia", "status": "done", "osm_id": "node/10696075517", "group": "Infrastrutture", "subgroup": "Trasporti", "subcategory": "Stazione ferroviaria"}, "geometry": {"type": "Point", "coordinates": [11.79805556, 42.08833333]}}, {"type": "Feature", "properties": {"wikidata": "Q3969191", "name": "stazione di Cancelliera", "status": "done", "osm_id": "node/13524814872", "group": "Infrastrutture", "subgroup": "Trasporti", "subcategory": "Fermata ferroviaria"}, "geometry": {"type": "Point", "coordinates": [12.6218, 41.7108]}}, {"type": "Feature", "properties": {"wikidata": "Q3969669", "name": "stazione di Gaeta", "status": "done", "osm_id": "way/565768503", "group": "Altro", "subgroup": "Altro", "subcategory": "Altro"}, "geometry": {"type": "Point", "coordinates": [13.5674, 41.2138]}}, {"type": "Feature", "properties": {"wikidata": "Q3969455", "name": "stazione di Colleferro-Segni-Paliano", "status": "done", "osm_id": "node/13529358491", "group": "Infrastrutture", "subgroup": "Trasporti", "subcategory": "Stazione ferroviaria"}, "geometry": {"type": "Point", "coordinates": [13.0026, 41.7401]}}, {"type": "Feature", "properties": {"wikidata": "Q3969280", "name": "stazione di Cassino", "status": "done", "osm_id": "node/13541152449", "group": "Infrastrutture", "subgroup": "Trasporti", "subcategory": "Stazione ferroviaria"}, "geometry": {"type": "Point", "coordinates": [13.832, 41.4845]}}, {"type": "Feature", "properties": {"wikidata": "Q3969290", "name": "stazione di Castel Fusano", "status": "done", "osm_id": "node/332297384", "group": "Infrastrutture", "subgroup": "Trasporti", "subcategory": "Fermata ferroviaria"}, "geometry": {"type": "Point", "coordinates": [12.3086, 41.7203]}}, {"type": "Feature", "properties": {"wikidata": "Q3967935", "name": "Stadio Centrale del Tennis", "status": "done", "osm_id": "way/938775339", "group": "Altro", "subgroup": "Altro", "subcategory": "Altro"}, "geometry": {"type": "Point", "coordinates": [12.456313888, 41.928166666]}}, {"type": "Feature", "properties": {"wikidata": "Q3969387", "name": "stazione di Cesano di Roma", "status": "done", "osm_id": "node/1313285462", "group": "Infrastrutture", "subgroup": "Trasporti", "subcategory": "Stazione ferroviaria"}, "geometry": {"type": "Point", "coordinates": [12.3266, 42.0621]}}, {"type": "Feature", "properties": {"wikidata": "Q3969676", "name": "stazione di Gallese in Teverina", "status": "done", "osm_id": "node/2047449892", "group": "Infrastrutture", "subgroup": "Trasporti", "subcategory": "Stazione ferroviaria"}, "geometry": {"type": "Point", "coordinates": [12.4397, 42.3808]}}, {"type": "Feature", "properties": {"wikidata": "Q3969583", "name": "stazione di Fara Sabina-Montelibretti", "status": "done", "osm_id": "node/1409788555", "group": "Infrastrutture", "subgroup": "Trasporti", "subcategory": "Stazione ferroviaria"}, "geometry": {"type": "Point", "coordinates": [12.6482, 42.1556]}}, {"type": "Feature", "properties": {"wikidata": "Q3968812", "name": "stazione di Acilia", "status": "done", "osm_id": "node/298116120", "group": "Infrastrutture", "subgroup": "Trasporti", "subcategory": "Stazione ferroviaria"}, "geometry": {"type": "Point", "coordinates": [12.36, 41.7832]}}, {"type": "Feature", "properties": {"wikidata": "Q3969828", "name": "stazione di Isola Liri", "status": "done", "osm_id": "way/225126393", "group": "Infrastrutture", "subgroup": "Trasporti", "subcategory": "Stazione ferroviaria"}, "geometry": {"type": "Point", "coordinates": [13.5806, 41.6813]}}, {"type": "Feature", "properties": {"wikidata": "Q3969837", "name": "stazione di Itri", "status": "done", "osm_id": "node/12390931543", "group": "Infrastrutture", "subgroup": "Trasporti", "subcategory": "Fermata ferroviaria"}, "geometry": {"type": "Point", "coordinates": [13.5457, 41.2714]}}, {"type": "Feature", "properties": {"wikidata": "Q3967932", "name": "stadio del nuoto di Frosinone", "status": "done", "osm_id": "way/182897898", "group": "Altro", "subgroup": "Altro", "subcategory": "Altro"}, "geometry": {"type": "Point", "coordinates": [13.318733, 41.631454]}}, {"type": "Feature", "properties": {"wikidata": "Q3968844", "name": "stazione di Albano Laziale", "status": "done", "osm_id": "node/13527040224", "group": "Altro", "subgroup": "Altro", "subcategory": "Altro"}, "geometry": {"type": "Point", "coordinates": [12.6581, 41.7264]}}, {"type": "Feature", "properties": {"wikidata": "Q3968887", "name": "stazione di Appiano", "status": "done", "osm_id": "node/1313285457", "group": "Altro", "subgroup": "Altro", "subcategory": "Altro"}, "geometry": {"type": "Point", "coordinates": [12.4387, 41.9114]}}, {"type": "Feature", "properties": {"wikidata": "Q3969500", "name": "stazione di Cristoforo Colombo", "status": "done", "osm_id": "way/33921714", "group": "Infrastrutture", "subgroup": "Trasporti", "subcategory": "Stazione ferroviaria"}, "geometry": {"type": "Point", "coordinates": [12.32182, 41.7143]}}, {"type": "Feature", "properties": {"wikidata": "Q3969212", "name": "stazione di Capannelle", "status": "done", "osm_id": "node/13519868218", "group": "Infrastrutture", "subgroup": "Trasporti", "subcategory": "Stazione ferroviaria"}, "geometry": {"type": "Point", "coordinates": [12.5687, 41.8308]}}, {"type": "Feature", "properties": {"wikidata": "Q3968905", "name": "stazione di Arpino", "status": "done", "osm_id": "node/3503568104", "group": "Infrastrutture", "subgroup": "Trasporti", "subcategory": "Stazione ferroviaria"}, "geometry": {"type": "Point", "coordinates": [13.6, 41.6477]}}, {"type": "Feature", "properties": {"wikidata": "Q3969251", "name": "stazione di Casal Bernocchi-Centro Giano", "status": "done", "osm_id": "node/298115395", "group": "Infrastrutture", "subgroup": "Trasporti", "subcategory": "Fermata ferroviaria"}, "geometry": {"type": "Point", "coordinates": [12.378, 41.7895]}}, {"type": "Feature", "properties": {"wikidata": "Q3969108", "name": "stazione di Bracciano", "status": "done", "osm_id": "node/12421757439", "group": "Infrastrutture", "subgroup": "Trasporti", "subcategory": "Stazione ferroviaria"}, "geometry": {"type": "Point", "coordinates": [12.1731, 42.1039]}}, {"type": "Feature", "properties": {"wikidata": "Q3968876", "name": "stazione di Anguillara", "status": "done", "osm_id": "relation/14134901", "group": "Infrastrutture", "subgroup": "Trasporti", "subcategory": "Stazione ferroviaria"}, "geometry": {"type": "Point", "coordinates": [12.2942, 42.0675]}}, {"type": "Feature", "properties": {"wikidata": "Q3970042", "name": "stazione di Marechiaro", "status": "done", "osm_id": "way/1364108909", "group": "Infrastrutture", "subgroup": "Trasporti", "subcategory": "Stazione ferroviaria"}, "geometry": {"type": "Point", "coordinates": [12.6129, 41.4724]}}, {"type": "Feature", "properties": {"wikidata": "Q3969663", "name": "stazione di Frosinone", "status": "done", "osm_id": "node/13537178877", "group": "Infrastrutture", "subgroup": "Trasporti", "subcategory": "Stazione ferroviaria"}, "geometry": {"type": "Point", "coordinates": [13.3289, 41.6254]}}, {"type": "Feature", "properties": {"wikidata": "Q3969359", "name": "stazione di Cecchina", "status": "done", "osm_id": "node/1828465249", "group": "Infrastrutture", "subgroup": "Trasporti", "subcategory": "Stazione ferroviaria"}, "geometry": {"type": "Point", "coordinates": [12.6496, 41.6929]}}, {"type": "Feature", "properties": {"wikidata": "Q3969329", "name": "stazione di Castro-Pofi-Vallecorsa", "status": "done", "osm_id": "node/13537249432", "group": "Infrastrutture", "subgroup": "Trasporti", "subcategory": "Stazione ferroviaria"}, "geometry": {"type": "Point", "coordinates": [13.4106, 41.5329]}}, {"type": "Feature", "properties": {"wikidata": "Q3969602", "name": "stazione di Fiera di Roma", "status": "done", "osm_id": "node/13049741495", "group": "Infrastrutture", "subgroup": "Trasporti", "subcategory": "Fermata ferroviaria"}, "geometry": {"type": "Point", "coordinates": [12.3188, 41.8099]}}, {"type": "Feature", "properties": {"wikidata": "Q3969360", "name": "stazione di Ceccano", "status": "done", "osm_id": "node/13537222198", "group": "Infrastrutture", "subgroup": "Trasporti", "subcategory": "Stazione ferroviaria"}, "geometry": {"type": "Point", "coordinates": [13.3365, 41.5737]}}, {"type": "Feature", "properties": {"wikidata": "Q3969418", "name": "stazione di Cisterna di Latina", "status": "done", "osm_id": "node/13196032617", "group": "Infrastrutture", "subgroup": "Trasporti", "subcategory": "Stazione ferroviaria"}, "geometry": {"type": "Point", "coordinates": [12.8277, 41.5866]}}, {"type": "Feature", "properties": {"wikidata": "Q3969901", "name": "stazione di Ladispoli-Cerveteri", "status": "done", "osm_id": "node/13470878070", "group": "Infrastrutture", "subgroup": "Trasporti", "subcategory": "Stazione ferroviaria"}, "geometry": {"type": "Point", "coordinates": [12.0815, 41.9534]}}, {"type": "Feature", "properties": {"wikidata": "Q3968886", "name": "stazione di Arce", "status": "done", "osm_id": "node/3775778493", "group": "Infrastrutture", "subgroup": "Trasporti", "subcategory": "Stazione ferroviaria"}, "geometry": {"type": "Point", "coordinates": [13.5719, 41.5837]}}, {"type": "Feature", "properties": {"wikidata": "Q1213776", "name": "Monti Tiburtini", "status": "missing", "osm_id": null, "group": "Natura e paesaggio", "subgroup": "Montagna", "subcategory": "Montagna"}, "geometry": {"type": "Point", "coordinates": [12.8222, 41.9322]}}, {"type": "Feature", "properties": {"wikidata": "Q1229125", "name": "basilica di Sant'Anastasia al Palatino", "status": "done", "osm_id": "relation/1862150", "group": "Religione", "subgroup": "Luoghi di Culto", "subcategory": "Basilica minore"}, "geometry": {"type": "Point", "coordinates": [12.48407397, 41.888193102]}}, {"type": "Feature", "properties": {"wikidata": "Q1227431", "name": "San Giovanni", "status": "done", "osm_id": "node/6267563900", "group": "Infrastrutture", "subgroup": "Trasporti", "subcategory": "Stazione metropolitana"}, "geometry": {"type": "Point", "coordinates": [12.509837, 41.885705]}}, {"type": "Feature", "properties": {"wikidata": "Q1229008", "name": "chiesa della Trinit\u00e0 dei Monti", "status": "done", "osm_id": "way/54044477", "group": "Religione", "subgroup": "Luoghi di Culto", "subcategory": "Chiesa"}, "geometry": {"type": "Point", "coordinates": [12.48358, 41.90625]}}, {"type": "Feature", "properties": {"wikidata": "Q1230942", "name": "Furio Camillo", "status": "done", "osm_id": "node/13183609942", "group": "Infrastrutture", "subgroup": "Trasporti", "subcategory": "Stazione metropolitana"}, "geometry": {"type": "Point", "coordinates": [12.523056, 41.874722]}}, {"type": "Feature", "properties": {"wikidata": "Q1217302", "name": "Quattro Fontane", "status": "done", "osm_id": "node/253874144", "group": "Monumenti", "subgroup": "Monumenti", "subcategory": "Fontana"}, "geometry": {"type": "Point", "coordinates": [12.490736, 41.901962]}}, {"type": "Feature", "properties": {"wikidata": "Q1232467", "name": "Lacus Curtius", "status": "done", "osm_id": "way/131557335", "group": "Archeologia", "subgroup": "Siti", "subcategory": "Sito archeologico"}, "geometry": {"type": "Point", "coordinates": [12.485106, 41.892345]}}, {"type": "Feature", "properties": {"wikidata": "Q859735", "name": "necropoli della Banditaccia", "status": "missing", "osm_id": null, "group": "Archeologia", "subgroup": "Siti", "subcategory": "Parco archeologico"}, "geometry": {"type": "Point", "coordinates": [12.099595, 42.006]}}, {"type": "Feature", "properties": {"wikidata": "Q856380", "name": "Biblioteca Angelica", "status": "done", "osm_id": "node/1421865246", "group": "Altro", "subgroup": "Altro", "subcategory": "Altro"}, "geometry": {"type": "Point", "coordinates": [12.474194, 41.9007]}}, {"type": "Feature", "properties": {"wikidata": "Q1231749", "name": "Terme di Tito", "status": "missing", "osm_id": null, "group": "Altro", "subgroup": "Altro", "subcategory": "Altro"}, "geometry": {"type": "Point", "coordinates": [12.494052777, 41.892555555]}}, {"type": "Feature", "properties": {"wikidata": "Q1222097", "name": "Villa Borghese Pinciana", "status": "done", "osm_id": "way/50842218", "group": "Dimore ed edifici", "subgroup": "Residenze", "subcategory": "Palazzo italiano"}, "geometry": {"type": "Point", "coordinates": [12.492194, 41.914194]}}, {"type": "Feature", "properties": {"wikidata": "Q1227426", "name": "Ponte Mammolo", "status": "done", "osm_id": "node/11601461055", "group": "Infrastrutture", "subgroup": "Trasporti", "subcategory": "Stazione metropolitana"}, "geometry": {"type": "Point", "coordinates": [12.565, 41.920556]}}, {"type": "Feature", "properties": {"wikidata": "Q1227448", "name": "Ponte Lungo", "status": "done", "osm_id": "node/13183507434", "group": "Infrastrutture", "subgroup": "Trasporti", "subcategory": "Stazione metropolitana"}, "geometry": {"type": "Point", "coordinates": [12.5189, 41.878]}}, {"type": "Feature", "properties": {"wikidata": "Q1230599", "name": "via Latina", "status": "done", "osm_id": "way/1311572509", "group": "Infrastrutture", "subgroup": "Trasporti", "subcategory": "Strada urbana"}, "geometry": {"type": "Point", "coordinates": [12.5025, 41.87653]}}, {"type": "Feature", "properties": {"wikidata": "Q1219688", "name": "Tempio di Vesta", "status": "done", "osm_id": "way/432883964", "group": "Religione", "subgroup": "Luoghi di Culto", "subcategory": "Tempio"}, "geometry": {"type": "Point", "coordinates": [12.8009, 41.9667]}}, {"type": "Feature", "properties": {"wikidata": "Q1233638", "name": "Orologio di Augusto", "status": "missing", "osm_id": null, "group": "Altro", "subgroup": "Altro", "subcategory": "Altro"}, "geometry": {"type": "Point", "coordinates": [12.478611111, 41.900555555]}}, {"type": "Feature", "properties": {"wikidata": "Q1203458", "name": "Galleria Doria Pamphilj", "status": "done", "osm_id": "node/706793341", "group": "Cultura e tempo libero", "subgroup": "Musei", "subcategory": "Museo d'arte"}, "geometry": {"type": "Point", "coordinates": [12.481145, 41.897669]}}, {"type": "Feature", "properties": {"wikidata": "Q863593", "name": "chiesa di Santa Maria della Vittoria", "status": "done", "osm_id": "way/52457969", "group": "Religione", "subgroup": "Luoghi di Culto", "subcategory": "Chiesa"}, "geometry": {"type": "Point", "coordinates": [12.494335768, 41.904656354]}}, {"type": "Feature", "properties": {"wikidata": "Q1225791", "name": "Subaugusta", "status": "done", "osm_id": "node/13183716303", "group": "Infrastrutture", "subgroup": "Trasporti", "subcategory": "Stazione metropolitana"}, "geometry": {"type": "Point", "coordinates": [12.567875, 41.854023]}}, {"type": "Feature", "properties": {"wikidata": "Q1232418", "name": "via Ostiense", "status": "done", "osm_id": "way/107628053", "group": "Altro", "subgroup": "Altro", "subcategory": "Altro"}, "geometry": {"type": "Point", "coordinates": [12.41070669, 41.814337144]}}, {"type": "Feature", "properties": {"wikidata": "Q1225748", "name": "Colli Albani", "status": "done", "osm_id": "node/13183632209", "group": "Infrastrutture", "subgroup": "Trasporti", "subcategory": "Stazione metropolitana"}, "geometry": {"type": "Point", "coordinates": [12.529, 41.8701]}}, {"type": "Feature", "properties": {"wikidata": "Q1232747", "name": "Baldo degli Ubaldi", "status": "done", "osm_id": "node/13183692877", "group": "Infrastrutture", "subgroup": "Trasporti", "subcategory": "Stazione metropolitana"}, "geometry": {"type": "Point", "coordinates": [12.432707, 41.898919]}}, {"type": "Feature", "properties": {"wikidata": "Q1218540", "name": "Laurentina", "status": "done", "osm_id": "node/11598771782", "group": "Infrastrutture", "subgroup": "Trasporti", "subcategory": "Stazione metropolitana"}, "geometry": {"type": "Point", "coordinates": [12.481111, 41.826944]}}, {"type": "Feature", "properties": {"wikidata": "Q1227403", "name": "Porta Furba Quadraro", "status": "done", "osm_id": "node/13183706724", "group": "Infrastrutture", "subgroup": "Trasporti", "subcategory": "Stazione metropolitana"}, "geometry": {"type": "Point", "coordinates": [12.5483, 41.8638]}}, {"type": "Feature", "properties": {"wikidata": "Q1227443", "name": "Quintiliani", "status": "done", "osm_id": "node/295228832", "group": "Infrastrutture", "subgroup": "Trasporti", "subcategory": "Stazione metropolitana"}, "geometry": {"type": "Point", "coordinates": [12.538593, 41.915557]}}, {"type": "Feature", "properties": {"wikidata": "Q849724", "name": "Q849724", "status": "missing", "osm_id": null, "group": "Altro", "subgroup": "Altro", "subcategory": "Altro"}, "geometry": {"type": "Point", "coordinates": [12.4943797, 41.9040134]}}, {"type": "Feature", "properties": {"wikidata": "Q1227764", "name": "Paedagogium", "status": "done", "osm_id": "relation/1805350", "group": "Archeologia", "subgroup": "Siti", "subcategory": "Domus de Janas"}, "geometry": {"type": "Point", "coordinates": [12.4854, 41.8877]}}, {"type": "Feature", "properties": {"wikidata": "Q1227420", "name": "Garbatella", "status": "done", "osm_id": "node/12343185884", "group": "Infrastrutture", "subgroup": "Trasporti", "subcategory": "Stazione metropolitana"}, "geometry": {"type": "Point", "coordinates": [12.483333, 41.866667]}}, {"type": "Feature", "properties": {"wikidata": "Q1233687", "name": "Lepanto", "status": "done", "osm_id": "node/13183516522", "group": "Infrastrutture", "subgroup": "Trasporti", "subcategory": "Stazione metropolitana"}, "geometry": {"type": "Point", "coordinates": [12.466261, 41.911564]}}, {"type": "Feature", "properties": {"wikidata": "Q1229235", "name": "Colosseo", "status": "done", "osm_id": "node/11599863852", "group": "Infrastrutture", "subgroup": "Trasporti", "subcategory": "Stazione metropolitana"}, "geometry": {"type": "Point", "coordinates": [12.491638, 41.8912]}}, {"type": "Feature", "properties": {"wikidata": "Q1231514", "name": "lago di Martignano", "status": "done", "osm_id": "relation/3111047", "group": "Altro", "subgroup": "Altro", "subcategory": "Altro"}, "geometry": {"type": "Point", "coordinates": [12.315, 42.112777777]}}, {"type": "Feature", "properties": {"wikidata": "Q1225800", "name": "Tiburtina", "status": "done", "osm_id": "node/11601543001", "group": "Infrastrutture", "subgroup": "Trasporti", "subcategory": "Stazione metropolitana"}, "geometry": {"type": "Point", "coordinates": [12.529454, 41.910835]}}, {"type": "Feature", "properties": {"wikidata": "Q1227453", "name": "Giulio Agricola", "status": "done", "osm_id": "node/13183716301", "group": "Infrastrutture", "subgroup": "Trasporti", "subcategory": "Stazione metropolitana"}, "geometry": {"type": "Point", "coordinates": [12.5625, 41.856667]}}, {"type": "Feature", "properties": {"wikidata": "Q1203946", "name": "Deutsche Schule Rom", "status": "done", "osm_id": "node/13042638437", "group": "Amministrazione", "subgroup": "Istruzione", "subcategory": "Scuola"}, "geometry": {"type": "Point", "coordinates": [12.4265, 41.8907]}}, {"type": "Feature", "properties": {"wikidata": "Q1232473", "name": "Ludus Magnus", "status": "done", "osm_id": "relation/1894844", "group": "Altro", "subgroup": "Altro", "subcategory": "Altro"}, "geometry": {"type": "Point", "coordinates": [12.495, 41.89]}}, {"type": "Feature", "properties": {"wikidata": "Q1229256", "name": "Monti Tiburtini", "status": "done", "osm_id": "node/11601542986", "group": "Infrastrutture", "subgroup": "Trasporti", "subcategory": "Stazione metropolitana"}, "geometry": {"type": "Point", "coordinates": [12.547778, 41.915833]}}, {"type": "Feature", "properties": {"wikidata": "Q1226920", "name": "Valle Aurelia", "status": "done", "osm_id": "node/13183668822", "group": "Infrastrutture", "subgroup": "Trasporti", "subcategory": "Stazione metropolitana"}, "geometry": {"type": "Point", "coordinates": [12.442538, 41.902677]}}, {"type": "Feature", "properties": {"wikidata": "Q1225779", "name": "Numidio Quadrato", "status": "done", "osm_id": "node/13183692878", "group": "Infrastrutture", "subgroup": "Trasporti", "subcategory": "Stazione metropolitana"}, "geometry": {"type": "Point", "coordinates": [12.5527, 41.8621]}}, {"type": "Feature", "properties": {"wikidata": "Q856968", "name": "Foro di Cesare", "status": "done", "osm_id": "relation/1841081", "group": "Insediamenti", "subgroup": "Zone Urbane", "subcategory": "Piazza"}, "geometry": {"type": "Point", "coordinates": [12.484936, 41.894008]}}, {"type": "Feature", "properties": {"wikidata": "Q1233184", "name": "Maremma", "status": "missing", "osm_id": null, "group": "Altro", "subgroup": "Altro", "subcategory": "Altro"}, "geometry": {"type": "Point", "coordinates": [11.478055555, 42.416388888]}}, {"type": "Feature", "properties": {"wikidata": "Q1225814", "name": "Basilica San Paolo", "status": "done", "osm_id": "way/23946513", "group": "Infrastrutture", "subgroup": "Trasporti", "subcategory": "Stazione metropolitana"}, "geometry": {"type": "Point", "coordinates": [12.478194, 41.856111]}}, {"type": "Feature", "properties": {"wikidata": "Q1227413", "name": "Cavour", "status": "done", "osm_id": "node/11599863857", "group": "Infrastrutture", "subgroup": "Trasporti", "subcategory": "Stazione metropolitana"}, "geometry": {"type": "Point", "coordinates": [12.493611, 41.895]}}, {"type": "Feature", "properties": {"wikidata": "Q1230952", "name": "Vittorio Emanuele", "status": "done", "osm_id": "node/13183513091", "group": "Infrastrutture", "subgroup": "Trasporti", "subcategory": "Stazione metropolitana"}, "geometry": {"type": "Point", "coordinates": [12.504167, 41.894444]}}, {"type": "Feature", "properties": {"wikidata": "Q2430760", "name": "Porticus Vipsania", "status": "missing", "osm_id": null, "group": "Infrastrutture", "subgroup": "Trasporti", "subcategory": "Portico"}, "geometry": {"type": "Point", "coordinates": [12.482, 41.9]}}, {"type": "Feature", "properties": {"wikidata": "Q2382109", "name": "chiesa di San Luigi Gonzaga", "status": "done", "osm_id": "way/363341484", "group": "Religione", "subgroup": "Luoghi di Culto", "subcategory": "Chiesa parrocchiale"}, "geometry": {"type": "Point", "coordinates": [12.49008, 41.92932]}}, {"type": "Feature", "properties": {"wikidata": "Q2364672", "name": "Marina di San Nicola", "status": "done", "osm_id": "node/1981845023", "group": "Insediamenti", "subgroup": "Centri", "subcategory": "Frazione"}, "geometry": {"type": "Point", "coordinates": [12.1225, 41.932777777]}}, {"type": "Feature", "properties": {"wikidata": "Q2453413", "name": "Passo Corese", "status": "done", "osm_id": "node/1691189793", "group": "Insediamenti", "subgroup": "Centri", "subcategory": "Frazione"}, "geometry": {"type": "Point", "coordinates": [12.652777777, 42.156944444]}}, {"type": "Feature", "properties": {"wikidata": "Q2440622", "name": "Tomba del Cacciatore", "status": "missing", "osm_id": null, "group": "Religione", "subgroup": "Cimiteri", "subcategory": "Tomba"}, "geometry": {"type": "Point", "coordinates": [11.768508016, 42.250293851]}}, {"type": "Feature", "properties": {"wikidata": "Q2364823", "name": "Tempio di Giove Tonante", "status": "missing", "osm_id": null, "group": "Religione", "subgroup": "Luoghi di Culto", "subcategory": "Tempio"}, "geometry": {"type": "Point", "coordinates": [12.4832, 41.8926]}}, {"type": "Feature", "properties": {"wikidata": "Q2398489", "name": "Base dei Decennalia", "status": "missing", "osm_id": null, "group": "Altro", "subgroup": "Altro", "subcategory": "Altro"}, "geometry": {"type": "Point", "coordinates": [12.48475, 41.89269]}}, {"type": "Feature", "properties": {"wikidata": "Q2401988", "name": "Favale", "status": "missing", "osm_id": null, "group": "Insediamenti", "subgroup": "Centri", "subcategory": "Frazione"}, "geometry": {"type": "Point", "coordinates": [12.7725, 41.9667]}}, {"type": "Feature", "properties": {"wikidata": "Q2363459", "name": "Villa di Massenzio", "status": "done", "osm_id": "relation/2995050", "group": "Archeologia", "subgroup": "Siti", "subcategory": "Sito archeologico"}, "geometry": {"type": "Point", "coordinates": [12.519411878, 41.855474242]}}, {"type": "Feature", "properties": {"wikidata": "Q2424787", "name": "basilica di San Camillo de Lellis", "status": "done", "osm_id": "way/203946467", "group": "Religione", "subgroup": "Luoghi di Culto", "subcategory": "Basilica minore"}, "geometry": {"type": "Point", "coordinates": [12.4944055, 41.9070201]}}, {"type": "Feature", "properties": {"wikidata": "Q2319979", "name": "santuario di Portonaccio", "status": "done", "osm_id": "relation/1758937", "group": "Altro", "subgroup": "Altro", "subcategory": "Altro"}, "geometry": {"type": "Point", "coordinates": [12.39083333, 42.02111111]}}, {"type": "Feature", "properties": {"wikidata": "Q2466102", "name": "Maranola", "status": "done", "osm_id": "node/1389415566", "group": "Insediamenti", "subgroup": "Centri", "subcategory": "Frazione"}, "geometry": {"type": "Point", "coordinates": [13.627777777, 41.284722222]}}, {"type": "Feature", "properties": {"wikidata": "Q2391818", "name": "Tempio di Matidia", "status": "missing", "osm_id": null, "group": "Religione", "subgroup": "Luoghi di Culto", "subcategory": "Tempio"}, "geometry": {"type": "Point", "coordinates": [12.47799, 41.89955]}}, {"type": "Feature", "properties": {"wikidata": "Q2367711", "name": "Palidoro", "status": "done", "osm_id": "node/743382268", "group": "Insediamenti", "subgroup": "Centri", "subcategory": "Frazione"}, "geometry": {"type": "Point", "coordinates": [12.1792889, 41.9281442]}}, {"type": "Feature", "properties": {"wikidata": "Q2459870", "name": "Tempio di Venere Genitrice", "status": "done", "osm_id": "relation/1809171", "group": "Religione", "subgroup": "Luoghi di Culto", "subcategory": "Tempio"}, "geometry": {"type": "Point", "coordinates": [12.484805555, 41.894194444]}}, {"type": "Feature", "properties": {"wikidata": "Q2366205", "name": "Porticus Aemilia", "status": "done", "osm_id": "relation/17192321", "group": "Dimore ed edifici", "subgroup": "Strutture Varie", "subcategory": "Struttura architettonica"}, "geometry": {"type": "Point", "coordinates": [12.473611111, 41.880111111]}}, {"type": "Feature", "properties": {"wikidata": "Q2373648", "name": "santuario della Madonna del Divino Amore", "status": "done", "osm_id": "way/880583236", "group": "Altro", "subgroup": "Altro", "subcategory": "Altro"}, "geometry": {"type": "Point", "coordinates": [12.542506, 41.778244]}}, {"type": "Feature", "properties": {"wikidata": "Q2410150", "name": "Arco di Lentulo e Crispino", "status": "missing", "osm_id": null, "group": "Altro", "subgroup": "Altro", "subcategory": "Altro"}, "geometry": {"type": "Point", "coordinates": [12.4801, 41.8866]}}, {"type": "Feature", "properties": {"wikidata": "Q2387629", "name": "Santa Maria in Legarano", "status": "done", "osm_id": "node/4868631790", "group": "Insediamenti", "subgroup": "Centri", "subcategory": "Frazione"}, "geometry": {"type": "Point", "coordinates": [12.674166666, 42.353611111]}}, {"type": "Feature", "properties": {"wikidata": "Q2366679", "name": "Clivus Argentarius", "status": "missing", "osm_id": null, "group": "Infrastrutture", "subgroup": "Trasporti", "subcategory": "Strada urbana"}, "geometry": {"type": "Point", "coordinates": [12.48450556, 41.89365556]}}, {"type": "Feature", "properties": {"wikidata": "Q2462868", "name": "catacombe di Priscilla", "status": "done", "osm_id": "node/259064789", "group": "Religione", "subgroup": "Cimiteri", "subcategory": "Cimitero"}, "geometry": {"type": "Point", "coordinates": [12.5087, 41.9297]}}, {"type": "Feature", "properties": {"wikidata": "Q2456087", "name": "Tempio di Giove Feretrio", "status": "missing", "osm_id": null, "group": "Religione", "subgroup": "Luoghi di Culto", "subcategory": "Tempio"}, "geometry": {"type": "Point", "coordinates": [12.483242, 41.892609]}}, {"type": "Feature", "properties": {"wikidata": "Q2450220", "name": "Madonna della Pace", "status": "done", "osm_id": "node/1914021422", "group": "Insediamenti", "subgroup": "Centri", "subcategory": "Frazione"}, "geometry": {"type": "Point", "coordinates": [13.05232, 41.95955]}}, {"type": "Feature", "properties": {"wikidata": "Q2337159", "name": "Poggio Fidoni", "status": "missing", "osm_id": null, "group": "Insediamenti", "subgroup": "Centri", "subcategory": "Frazione"}, "geometry": {"type": "Point", "coordinates": [12.78403, 42.37515]}}, {"type": "Feature", "properties": {"wikidata": "Q2440621", "name": "tomba degli Auguri", "status": "done", "osm_id": "relation/1537136", "group": "Altro", "subgroup": "Altro", "subcategory": "Altro"}, "geometry": {"type": "Point", "coordinates": [11.79473, 42.23818]}}, {"type": "Feature", "properties": {"wikidata": "Q2440616", "name": "tomba del Tifone", "status": "missing", "osm_id": null, "group": "Altro", "subgroup": "Altro", "subcategory": "Altro"}, "geometry": {"type": "Point", "coordinates": [11.774273, 42.248587]}}, {"type": "Feature", "properties": {"wikidata": "Q2354657", "name": "basilica di Santa Balbina all'Aventino", "status": "done", "osm_id": "way/52134171", "group": "Religione", "subgroup": "Luoghi di Culto", "subcategory": "Basilica minore"}, "geometry": {"type": "Point", "coordinates": [12.489661111, 41.880522222]}}, {"type": "Feature", "properties": {"wikidata": "Q2379206", "name": "Library of Palatine Apollo", "status": "missing", "osm_id": null, "group": "Cultura e tempo libero", "subgroup": "Biblioteche", "subcategory": "Biblioteca"}, "geometry": {"type": "Point", "coordinates": [12.485555555, 41.888611111]}}, {"type": "Feature", "properties": {"wikidata": "Q2460528", "name": "Castra Peregrina", "status": "missing", "osm_id": null, "group": "Altro", "subgroup": "Altro", "subcategory": "Altro"}, "geometry": {"type": "Point", "coordinates": [12.49777, 41.88408]}}, {"type": "Feature", "properties": {"wikidata": "Q2368929", "name": "Clivus Scauri", "status": "missing", "osm_id": null, "group": "Infrastrutture", "subgroup": "Trasporti", "subcategory": "Strada urbana"}, "geometry": {"type": "Point", "coordinates": [12.4915, 41.8864]}}, {"type": "Feature", "properties": {"wikidata": "Q2433459", "name": "Porto Salvo", "status": "done", "osm_id": "node/8922784304", "group": "Insediamenti", "subgroup": "Centri", "subcategory": "Frazione"}, "geometry": {"type": "Point", "coordinates": [13.566388888, 41.228333333]}}, {"type": "Feature", "properties": {"wikidata": "Q2329591", "name": "Palazzo Magistrale", "status": "done", "osm_id": "relation/415304", "group": "Dimore ed edifici", "subgroup": "Strutture Varie", "subcategory": "Edificio"}, "geometry": {"type": "Point", "coordinates": [12.480555555, 41.905277777]}}, {"type": "Feature", "properties": {"wikidata": "Q2419840", "name": "Terme dei Sette Sapienti", "status": "done", "osm_id": "node/5209343628", "group": "Altro", "subgroup": "Altro", "subcategory": "Altro"}, "geometry": {"type": "Point", "coordinates": [12.285164, 41.753185]}}, {"type": "Feature", "properties": {"wikidata": "Q2452205", "name": "Cisternole", "status": "done", "osm_id": "way/243332914", "group": "Insediamenti", "subgroup": "Centri", "subcategory": "Frazione"}, "geometry": {"type": "Point", "coordinates": [12.683333333, 41.816666666]}}, {"type": "Feature", "properties": {"wikidata": "Q2103760", "name": "Ponte del Risorgimento", "status": "done", "osm_id": "way/22716442", "group": "Altro", "subgroup": "Altro", "subcategory": "Altro"}, "geometry": {"type": "Point", "coordinates": [12.470556, 41.918611]}}, {"type": "Feature", "properties": {"wikidata": "Q2002623", "name": "Scauri", "status": "done", "osm_id": "node/1638374038", "group": "Insediamenti", "subgroup": "Centri", "subcategory": "Frazione"}, "geometry": {"type": "Point", "coordinates": [13.708611111, 41.256388888]}}, {"type": "Feature", "properties": {"wikidata": "Q2047593", "name": "Palazzo Pamphilj", "status": "done", "osm_id": "relation/413459", "group": "Dimore ed edifici", "subgroup": "Residenze", "subcategory": "Palazzo"}, "geometry": {"type": "Point", "coordinates": [12.472933, 41.898287]}}, {"type": "Feature", "properties": {"wikidata": "Q2047436", "name": "Tomba del Milite Ignoto", "status": "missing", "osm_id": null, "group": "Altro", "subgroup": "Altro", "subcategory": "Altro"}, "geometry": {"type": "Point", "coordinates": [12.482944444, 41.894916666]}}, {"type": "Feature", "properties": {"wikidata": "Q2000448", "name": "Porta San Pancrazio", "status": "done", "osm_id": "way/35274860", "group": "Fortificazioni e militare", "subgroup": "Fortificazioni", "subcategory": "Porta cittadina"}, "geometry": {"type": "Point", "coordinates": [12.46138889, 41.88833333]}}, {"type": "Feature", "properties": {"wikidata": "Q1949772", "name": "piazza di Trevi", "status": "done", "osm_id": "relation/13448561", "group": "Insediamenti", "subgroup": "Zone Urbane", "subcategory": "Piazza"}, "geometry": {"type": "Point", "coordinates": [12.48333, 41.9009]}}, {"type": "Feature", "properties": {"wikidata": "Q2085595", "name": "Pavona", "status": "done", "osm_id": "node/4294779435", "group": "Insediamenti", "subgroup": "Centri", "subcategory": "Frazione"}, "geometry": {"type": "Point", "coordinates": [12.61642, 41.72629]}}, {"type": "Feature", "properties": {"wikidata": "Q2027972", "name": "Marmosedio", "status": "done", "osm_id": "node/3767824216", "group": "Insediamenti", "subgroup": "Centri", "subcategory": "Frazione"}, "geometry": {"type": "Point", "coordinates": [13.133333333, 42.266666666]}}, {"type": "Feature", "properties": {"wikidata": "Q2032536", "name": "Pontificia Universit\u00e0 Urbaniana", "status": "done", "osm_id": "way/113555006", "group": "Altro", "subgroup": "Altro", "subcategory": "Altro"}, "geometry": {"type": "Point", "coordinates": [12.4583, 41.89964]}}, {"type": "Feature", "properties": {"wikidata": "Q1965966", "name": "Internazionali BNL d'Italia 2008", "status": "missing", "osm_id": null, "group": "Altro", "subgroup": "Altro", "subcategory": "Altro"}, "geometry": {"type": "Point", "coordinates": [12.482777777, 41.893055555]}}, {"type": "Feature", "properties": {"wikidata": "Q1997122", "name": "chiesa di San Lorenzo in Palatio ad Sancta Sanctorum", "status": "missing", "osm_id": null, "group": "Religione", "subgroup": "Luoghi di Culto", "subcategory": "Chiesa"}, "geometry": {"type": "Point", "coordinates": [12.507030555, 41.887191666]}}, {"type": "Feature", "properties": {"wikidata": "Q2120414", "name": "collegio pontificio canadese", "status": "missing", "osm_id": null, "group": "Altro", "subgroup": "Altro", "subcategory": "Altro"}, "geometry": {"type": "Point", "coordinates": [12.462215, 41.90583]}}, {"type": "Feature", "properties": {"wikidata": "Q1999962", "name": "Horti Maecenatis", "status": "missing", "osm_id": null, "group": "Archeologia", "subgroup": "Siti", "subcategory": "Sito archeologico"}, "geometry": {"type": "Point", "coordinates": [12.501388888, 41.893888888]}}, {"type": "Feature", "properties": {"wikidata": "Q2104846", "name": "Porta Quirinalis", "status": "missing", "osm_id": null, "group": "Fortificazioni e militare", "subgroup": "Fortificazioni", "subcategory": "Porta cittadina"}, "geometry": {"type": "Point", "coordinates": [12.4899, 41.9024]}}, {"type": "Feature", "properties": {"wikidata": "Q2017708", "name": "Arco di Tito e Vespasiano", "status": "missing", "osm_id": null, "group": "Altro", "subgroup": "Altro", "subcategory": "Altro"}, "geometry": {"type": "Point", "coordinates": [12.4883, 41.8844]}}, {"type": "Feature", "properties": {"wikidata": "Q2104854", "name": "Porta Asinaria", "status": "done", "osm_id": "relation/2582489", "group": "Fortificazioni e militare", "subgroup": "Fortificazioni", "subcategory": "Porta cittadina"}, "geometry": {"type": "Point", "coordinates": [12.50869444, 41.88569444]}}, {"type": "Feature", "properties": {"wikidata": "Q2063091", "name": "chiesa dei Santi Gioacchino e Anna", "status": "done", "osm_id": "way/460763679", "group": "Religione", "subgroup": "Luoghi di Culto", "subcategory": "Chiesa"}, "geometry": {"type": "Point", "coordinates": [12.58786, 41.85205]}}, {"type": "Feature", "properties": {"wikidata": "Q2047605", "name": "Palazzo Ruspoli", "status": "missing", "osm_id": null, "group": "Dimore ed edifici", "subgroup": "Residenze", "subcategory": "Palazzo"}, "geometry": {"type": "Point", "coordinates": [12.47869444, 41.90416667]}}, {"type": "Feature", "properties": {"wikidata": "Q2007892", "name": "Tempio di Tellure", "status": "missing", "osm_id": null, "group": "Altro", "subgroup": "Altro", "subcategory": "Altro"}, "geometry": {"type": "Point", "coordinates": [12.4899, 41.892]}}, {"type": "Feature", "properties": {"wikidata": "Q1962665", "name": "Poggio Fiorito", "status": "done", "osm_id": "way/441258320", "group": "Insediamenti", "subgroup": "Centri", "subcategory": "Frazione"}, "geometry": {"type": "Point", "coordinates": [12.617222222, 41.973333333]}}, {"type": "Feature", "properties": {"wikidata": "Q2034654", "name": "osservatorio astronomico di Roma", "status": "done", "osm_id": "way/245860469", "group": "Infrastrutture", "subgroup": "Industria e Tecnica", "subcategory": "Osservatorio astronomico"}, "geometry": {"type": "Point", "coordinates": [12.452477, 41.92247]}}, {"type": "Feature", "properties": {"wikidata": "Q2047548", "name": "Palazzo Chigi", "status": "done", "osm_id": "relation/325553", "group": "Dimore ed edifici", "subgroup": "Residenze", "subcategory": "Palazzo"}, "geometry": {"type": "Point", "coordinates": [12.479771416, 41.901234945]}}, {"type": "Feature", "properties": {"wikidata": "Q1964636", "name": "Academia Belgica", "status": "missing", "osm_id": null, "group": "Altro", "subgroup": "Altro", "subcategory": "Altro"}, "geometry": {"type": "Point", "coordinates": [12.479180555, 41.916238888]}}, {"type": "Feature", "properties": {"wikidata": "Q2022218", "name": "chiesa di Sant'Eugenio", "status": "done", "osm_id": "way/166174702", "group": "Religione", "subgroup": "Luoghi di Culto", "subcategory": "Basilica minore"}, "geometry": {"type": "Point", "coordinates": [12.47475, 41.918705555]}}, {"type": "Feature", "properties": {"wikidata": "Q2026618", "name": "Norba latina", "status": "done", "osm_id": "way/130446944", "group": "Archeologia", "subgroup": "Siti", "subcategory": "Sito archeologico"}, "geometry": {"type": "Point", "coordinates": [12.96430556, 41.58988889]}}, {"type": "Feature", "properties": {"wikidata": "Q2107700", "name": "Mura gianicolensi", "status": "missing", "osm_id": null, "group": "Fortificazioni e militare", "subgroup": "Fortificazioni", "subcategory": "Mura cittadine"}, "geometry": {"type": "Point", "coordinates": [12.46206, 41.885518]}}, {"type": "Feature", "properties": {"wikidata": "Q1971995", "name": "Castelchiodato", "status": "done", "osm_id": "node/298163168", "group": "Insediamenti", "subgroup": "Centri", "subcategory": "Frazione"}, "geometry": {"type": "Point", "coordinates": [12.65, 42.016666666]}}, {"type": "Feature", "properties": {"wikidata": "Q1980093", "name": "Basilica Argentaria", "status": "done", "osm_id": "relation/13357832", "group": "Archeologia", "subgroup": "Siti", "subcategory": "Sito archeologico"}, "geometry": {"type": "Point", "coordinates": [12.484411, 41.894094]}}, {"type": "Feature", "properties": {"wikidata": "Q2066500", "name": "Sant'Anatolia", "status": "done", "osm_id": "node/1942544355", "group": "Insediamenti", "subgroup": "Centri", "subcategory": "Frazione"}, "geometry": {"type": "Point", "coordinates": [13.294722222, 42.14825]}}, {"type": "Feature", "properties": {"wikidata": "Q2031901", "name": "chiesa di Santa Maria in Vallicella", "status": "done", "osm_id": "way/29181216", "group": "Religione", "subgroup": "Luoghi di Culto", "subcategory": "Chiesa"}, "geometry": {"type": "Point", "coordinates": [12.469125706, 41.898232876]}}, {"type": "Feature", "properties": {"wikidata": "Q2047526", "name": "Palazzo Cesi-Gaddi", "status": "done", "osm_id": "way/130351770", "group": "Dimore ed edifici", "subgroup": "Residenze", "subcategory": "Palazzo italiano"}, "geometry": {"type": "Point", "coordinates": [12.47138889, 41.90111111]}}, {"type": "Feature", "properties": {"wikidata": "Q2028139", "name": "Sant'Angelo in Theodice", "status": "done", "osm_id": "node/2468046714", "group": "Insediamenti", "subgroup": "Centri", "subcategory": "Frazione"}, "geometry": {"type": "Point", "coordinates": [13.83152, 41.44692]}}, {"type": "Feature", "properties": {"wikidata": "Q2120416", "name": "Pontificio istituto di musica sacra", "status": "missing", "osm_id": null, "group": "Amministrazione", "subgroup": "Istruzione", "subcategory": "Conservatorio"}, "geometry": {"type": "Point", "coordinates": [12.4290966, 41.8951746]}}, {"type": "Feature", "properties": {"wikidata": "Q1959842", "name": "NATO Defense College", "status": "missing", "osm_id": null, "group": "Altro", "subgroup": "Altro", "subcategory": "Altro"}, "geometry": {"type": "Point", "coordinates": [12.4915, 41.807]}}, {"type": "Feature", "properties": {"wikidata": "Q2107242", "name": "via Lago Tana", "status": "missing", "osm_id": null, "group": "Infrastrutture", "subgroup": "Trasporti", "subcategory": "Strada urbana"}, "geometry": {"type": "Point", "coordinates": [12.52083, 41.93186]}}, {"type": "Feature", "properties": {"wikidata": "Q2037519", "name": "San Valentino", "status": "missing", "osm_id": null, "group": "Insediamenti", "subgroup": "Centri", "subcategory": "Frazione"}, "geometry": {"type": "Point", "coordinates": [12.84784684, 41.602885795]}}, {"type": "Feature", "properties": {"wikidata": "Q2120401", "name": "Pontificio Seminario Francese", "status": "done", "osm_id": "relation/1737668", "group": "Altro", "subgroup": "Altro", "subcategory": "Altro"}, "geometry": {"type": "Point", "coordinates": [12.4773, 41.8977]}}, {"type": "Feature", "properties": {"wikidata": "Q2091963", "name": "piazza Farnese", "status": "done", "osm_id": "way/22960987", "group": "Insediamenti", "subgroup": "Zone Urbane", "subcategory": "Piazza"}, "geometry": {"type": "Point", "coordinates": [12.471233537, 41.895157393]}}, {"type": "Feature", "properties": {"wikidata": "Q2047650", "name": "Palazzo di Giustizia", "status": "done", "osm_id": "relation/325578", "group": "Amministrazione", "subgroup": "Uffici Pubblici", "subcategory": "Palazzo di giustizia"}, "geometry": {"type": "Point", "coordinates": [12.470447222, 41.904097222]}}, {"type": "Feature", "properties": {"wikidata": "Q1970689", "name": "Porta Trigemina", "status": "missing", "osm_id": null, "group": "Fortificazioni e militare", "subgroup": "Fortificazioni", "subcategory": "Porta cittadina"}, "geometry": {"type": "Point", "coordinates": [12.48, 41.88666667]}}, {"type": "Feature", "properties": {"wikidata": "Q2120100", "name": "Museo Torlonia", "status": "missing", "osm_id": null, "group": "Cultura e tempo libero", "subgroup": "Musei", "subcategory": "Museo"}, "geometry": {"type": "Point", "coordinates": [12.467222222, 41.892222222]}}, {"type": "Feature", "properties": {"wikidata": "Q2031943", "name": "Palazzo della Cancelleria", "status": "done", "osm_id": "relation/1709797", "group": "Altro", "subgroup": "Altro", "subcategory": "Altro"}, "geometry": {"type": "Point", "coordinates": [12.471521, 41.896687]}}, {"type": "Feature", "properties": {"wikidata": "Q2039903", "name": "chiesa di Santa Maria in Portico in Campitelli", "status": "done", "osm_id": "way/123530536", "group": "Religione", "subgroup": "Luoghi di Culto", "subcategory": "Chiesa"}, "geometry": {"type": "Point", "coordinates": [12.47933, 41.89305]}}, {"type": "Feature", "properties": {"wikidata": "Q2110374", "name": "Suio", "status": "done", "osm_id": "node/1741128248", "group": "Insediamenti", "subgroup": "Centri", "subcategory": "Frazione"}, "geometry": {"type": "Point", "coordinates": [13.852222222, 41.296944444]}}, {"type": "Feature", "properties": {"wikidata": "Q2003340", "name": "Foro Piscario", "status": "missing", "osm_id": null, "group": "Archeologia", "subgroup": "Siti", "subcategory": "Sito archeologico"}, "geometry": {"type": "Point", "coordinates": [12.4865, 41.8927]}}, {"type": "Feature", "properties": {"wikidata": "Q2060055", "name": "basilica di Santa Maria in Domnica", "status": "done", "osm_id": "way/135618144", "group": "Altro", "subgroup": "Altro", "subcategory": "Altro"}, "geometry": {"type": "Point", "coordinates": [12.495556, 41.884722]}}, {"type": "Feature", "properties": {"wikidata": "Q2000387", "name": "Villa Ada", "status": "done", "osm_id": "way/23583688", "group": "Natura e paesaggio", "subgroup": "Verde", "subcategory": "Parco"}, "geometry": {"type": "Point", "coordinates": [12.501497, 41.932039]}}, {"type": "Feature", "properties": {"wikidata": "Q2095295", "name": "chiesa di Santa Maria in Transpontina", "status": "done", "osm_id": "way/113845946", "group": "Religione", "subgroup": "Luoghi di Culto", "subcategory": "Chiesa"}, "geometry": {"type": "Point", "coordinates": [12.4622, 41.90268]}}, {"type": "Feature", "properties": {"wikidata": "Q1964646", "name": "Porta Metronia", "status": "done", "osm_id": "node/410779713", "group": "Fortificazioni e militare", "subgroup": "Fortificazioni", "subcategory": "Porta cittadina"}, "geometry": {"type": "Point", "coordinates": [12.4986, 41.8824]}}, {"type": "Feature", "properties": {"wikidata": "Q1989744", "name": "Mos\u00e8", "status": "done", "osm_id": "node/356935276", "group": "Altro", "subgroup": "Altro", "subcategory": "Altro"}, "geometry": {"type": "Point", "coordinates": [12.493305555, 41.893772222]}}, {"type": "Feature", "properties": {"wikidata": "Q2033373", "name": "Palazzetto dello Sport", "status": "done", "osm_id": "way/23950266", "group": "Cultura e tempo libero", "subgroup": "Sport", "subcategory": "Impianto sportivo"}, "geometry": {"type": "Point", "coordinates": [12.470732, 41.929617]}}, {"type": "Feature", "properties": {"wikidata": "Q2111157", "name": "Ninfeo di Nerone", "status": "missing", "osm_id": null, "group": "Altro", "subgroup": "Altro", "subcategory": "Altro"}, "geometry": {"type": "Point", "coordinates": [12.49394444, 41.88844444]}}, {"type": "Feature", "properties": {"wikidata": "Q2018627", "name": "Arco di Scipione l'Africano", "status": "missing", "osm_id": null, "group": "Altro", "subgroup": "Altro", "subcategory": "Altro"}, "geometry": {"type": "Point", "coordinates": [12.482808, 41.892856]}}, {"type": "Feature", "properties": {"wikidata": "Q2120395", "name": "Pio pontificio collegio brasiliano", "status": "missing", "osm_id": null, "group": "Altro", "subgroup": "Altro", "subcategory": "Altro"}, "geometry": {"type": "Point", "coordinates": [12.421272, 41.897022]}}, {"type": "Feature", "properties": {"wikidata": "Q1997405", "name": "Norchia", "status": "done", "osm_id": "way/481805518", "group": "Archeologia", "subgroup": "Siti", "subcategory": "Sito archeologico"}, "geometry": {"type": "Point", "coordinates": [11.94305556, 42.34055556]}}, {"type": "Feature", "properties": {"wikidata": "Q2047551", "name": "Palazzo dei Penitenzieri", "status": "done", "osm_id": "way/30002990", "group": "Dimore ed edifici", "subgroup": "Strutture Varie", "subcategory": "Struttura architettonica"}, "geometry": {"type": "Point", "coordinates": [12.461111111, 41.901944444]}}, {"type": "Feature", "properties": {"wikidata": "Q2043128", "name": "Tor Lupara", "status": "done", "osm_id": "node/4406284774", "group": "Insediamenti", "subgroup": "Centri", "subcategory": "Frazione"}, "geometry": {"type": "Point", "coordinates": [12.6192, 41.996736111]}}, {"type": "Feature", "properties": {"wikidata": "Q2091947", "name": "piazza del Quirinale", "status": "done", "osm_id": "way/516174441", "group": "Insediamenti", "subgroup": "Zone Urbane", "subcategory": "Piazza"}, "geometry": {"type": "Point", "coordinates": [12.48638889, 41.89944444]}}, {"type": "Feature", "properties": {"wikidata": "Q1954260", "name": "Palazzo Skanderbeg", "status": "missing", "osm_id": null, "group": "Dimore ed edifici", "subgroup": "Residenze", "subcategory": "Palazzo"}, "geometry": {"type": "Point", "coordinates": [12.484822, 41.90078]}}, {"type": "Feature", "properties": {"wikidata": "Q2085472", "name": "Ceri", "status": "done", "osm_id": "node/308796330", "group": "Insediamenti", "subgroup": "Centri", "subcategory": "Frazione"}, "geometry": {"type": "Point", "coordinates": [12.153333333, 41.995277777]}}, {"type": "Feature", "properties": {"wikidata": "Q2104863", "name": "Porta Collina", "status": "missing", "osm_id": null, "group": "Fortificazioni e militare", "subgroup": "Fortificazioni", "subcategory": "Porta cittadina"}, "geometry": {"type": "Point", "coordinates": [12.49888889, 41.90722222]}}, {"type": "Feature", "properties": {"wikidata": "Q2047643", "name": "Palazzo delle Finanze", "status": "done", "osm_id": "relation/325549", "group": "Dimore ed edifici", "subgroup": "Residenze", "subcategory": "Palazzo italiano"}, "geometry": {"type": "Point", "coordinates": [12.497572142, 41.906236508]}}, {"type": "Feature", "properties": {"wikidata": "Q2037271", "name": "Portus", "status": "missing", "osm_id": null, "group": "Archeologia", "subgroup": "Siti", "subcategory": "Sito archeologico"}, "geometry": {"type": "Point", "coordinates": [12.26666667, 41.77916667]}}, {"type": "Feature", "properties": {"wikidata": "Q1971299", "name": "Palazzo Colonna", "status": "done", "osm_id": "relation/2054909", "group": "Cultura e tempo libero", "subgroup": "Musei", "subcategory": "Museo d'arte"}, "geometry": {"type": "Point", "coordinates": [12.48421389, 41.89763611]}}, {"type": "Feature", "properties": {"wikidata": "Q2095195", "name": "chiesa di Santa Maria ai Monti", "status": "done", "osm_id": "way/157407146", "group": "Religione", "subgroup": "Luoghi di Culto", "subcategory": "Chiesa"}, "geometry": {"type": "Point", "coordinates": [12.49061, 41.89466]}}, {"type": "Feature", "properties": {"wikidata": "Q2120409", "name": "Pontificio Collegio Nepomuceno", "status": "done", "osm_id": "way/26626011", "group": "Altro", "subgroup": "Altro", "subcategory": "Altro"}, "geometry": {"type": "Point", "coordinates": [12.5094444, 41.8772222]}}, {"type": "Feature", "properties": {"wikidata": "Q2104896", "name": "Porta San Giovanni", "status": "done", "osm_id": "way/1186701885", "group": "Fortificazioni e militare", "subgroup": "Fortificazioni", "subcategory": "Porta cittadina"}, "geometry": {"type": "Point", "coordinates": [12.50916667, 41.88583333]}}, {"type": "Feature", "properties": {"wikidata": "Q2108802", "name": "Torrimpietra", "status": "done", "osm_id": "node/368033036", "group": "Insediamenti", "subgroup": "Centri", "subcategory": "Frazione"}, "geometry": {"type": "Point", "coordinates": [12.200731, 41.916722]}}, {"type": "Feature", "properties": {"wikidata": "Q3502906", "name": "chiesa di San Tommaso in Parione", "status": "done", "osm_id": "way/128244544", "group": "Religione", "subgroup": "Luoghi di Culto", "subcategory": "Chiesa"}, "geometry": {"type": "Point", "coordinates": [12.470674536, 41.898527192]}}, {"type": "Feature", "properties": {"wikidata": "Q3585359", "name": "chiesa di San Lorenzo in Miranda", "status": "done", "osm_id": "relation/1841086", "group": "Religione", "subgroup": "Luoghi di Culto", "subcategory": "Chiesa"}, "geometry": {"type": "Point", "coordinates": [12.486819445, 41.892269717]}}, {"type": "Feature", "properties": {"wikidata": "Q3585341", "name": "chiesa di San Giovanni Battista dei Genovesi", "status": "done", "osm_id": "way/203136381", "group": "Religione", "subgroup": "Luoghi di Culto", "subcategory": "Chiesa"}, "geometry": {"type": "Point", "coordinates": [12.47543, 41.88808]}}, {"type": "Feature", "properties": {"wikidata": "Q3531076", "name": "Tomba della cornice", "status": "missing", "osm_id": null, "group": "Altro", "subgroup": "Altro", "subcategory": "Altro"}, "geometry": {"type": "Point", "coordinates": [12.1041012, 42.0073251]}}, {"type": "Feature", "properties": {"wikidata": "Q3540881", "name": "Monumento a Nizami Ganjavi", "status": "missing", "osm_id": null, "group": "Monumenti", "subgroup": "Monumenti", "subcategory": "Monumento"}, "geometry": {"type": "Point", "coordinates": [12.480741, 41.915599]}}, {"type": "Feature", "properties": {"wikidata": "Q3558434", "name": "Villa Adriana", "status": "missing", "osm_id": null, "group": "Insediamenti", "subgroup": "Centri", "subcategory": "Frazione"}, "geometry": {"type": "Point", "coordinates": [12.775, 41.953]}}, {"type": "Feature", "properties": {"wikidata": "Q3516773", "name": "Teatro Sistina", "status": "done", "osm_id": "node/3039065548", "group": "Cultura e tempo libero", "subgroup": "Spettacolo", "subcategory": "Teatro"}, "geometry": {"type": "Point", "coordinates": [12.487, 41.9043]}}, {"type": "Feature", "properties": {"wikidata": "Q3471479", "name": "San Giuseppe all'Aurelio", "status": "missing", "osm_id": null, "group": "Altro", "subgroup": "Altro", "subcategory": "Altro"}, "geometry": {"type": "Point", "coordinates": [12.412867799, 41.903281816]}}, {"type": "Feature", "properties": {"wikidata": "Q3583327", "name": "chiesa di San Nicola dei Lorenesi", "status": "done", "osm_id": "way/220589071", "group": "Religione", "subgroup": "Luoghi di Culto", "subcategory": "Chiesa"}, "geometry": {"type": "Point", "coordinates": [12.472109, 41.90021]}}, {"type": "Feature", "properties": {"wikidata": "Q3585390", "name": "chiesa di Sant'Agata in Trastevere", "status": "done", "osm_id": "way/203026436", "group": "Religione", "subgroup": "Luoghi di Culto", "subcategory": "Chiesa"}, "geometry": {"type": "Point", "coordinates": [12.473493, 41.889515]}}, {"type": "Feature", "properties": {"wikidata": "Q3531084", "name": "Tomba delle Bighe", "status": "missing", "osm_id": null, "group": "Altro", "subgroup": "Altro", "subcategory": "Altro"}, "geometry": {"type": "Point", "coordinates": [11.791880555, 42.239594444]}}, {"type": "Feature", "properties": {"wikidata": "Q3531062", "name": "Tomba Cardarelli", "status": "missing", "osm_id": null, "group": "Religione", "subgroup": "Cimiteri", "subcategory": "Tomba"}, "geometry": {"type": "Point", "coordinates": [11.770170985, 42.249534786]}}, {"type": "Feature", "properties": {"wikidata": "Q3472674", "name": "Santa Maria \"Regina Mundi\" a Torre Spaccata", "status": "missing", "osm_id": null, "group": "Altro", "subgroup": "Altro", "subcategory": "Altro"}, "geometry": {"type": "Point", "coordinates": [12.581459, 41.865946]}}, {"type": "Feature", "properties": {"wikidata": "Q3585380", "name": "chiesa di San Salvatore ai Monti", "status": "done", "osm_id": "way/202027320", "group": "Religione", "subgroup": "Luoghi di Culto", "subcategory": "Chiesa"}, "geometry": {"type": "Point", "coordinates": [12.4899, 41.8943]}}, {"type": "Feature", "properties": {"wikidata": "Q3585371", "name": "chiesa di San Pantaleo e San Giuseppe Calasanzio", "status": "done", "osm_id": "way/60615619", "group": "Religione", "subgroup": "Luoghi di Culto", "subcategory": "Chiesa"}, "geometry": {"type": "Point", "coordinates": [12.47308545, 41.897100503]}}, {"type": "Feature", "properties": {"wikidata": "Q3585335", "name": "chiesa di San Gabriele dell'Addolorata", "status": "done", "osm_id": "way/560472351", "group": "Religione", "subgroup": "Luoghi di Culto", "subcategory": "Chiesa parrocchiale"}, "geometry": {"type": "Point", "coordinates": [12.5593, 41.86368]}}, {"type": "Feature", "properties": {"wikidata": "Q3585375", "name": "chiesa di San Paolo dentro le Mura", "status": "done", "osm_id": "way/201319582", "group": "Religione", "subgroup": "Luoghi di Culto", "subcategory": "Chiesa"}, "geometry": {"type": "Point", "coordinates": [12.4942, 41.9011]}}, {"type": "Feature", "properties": {"wikidata": "Q3584709", "name": "chiesa di Sant'Ivo dei Bretoni", "status": "done", "osm_id": "way/1363815097", "group": "Religione", "subgroup": "Luoghi di Culto", "subcategory": "Chiesa"}, "geometry": {"type": "Point", "coordinates": [12.47477778, 41.90258333]}}, {"type": "Feature", "properties": {"wikidata": "Q3585407", "name": "chiesa di Santa Caterina da Siena a Via Giulia", "status": "done", "osm_id": "way/127840326", "group": "Religione", "subgroup": "Luoghi di Culto", "subcategory": "Chiesa"}, "geometry": {"type": "Point", "coordinates": [12.4689, 41.895546]}}, {"type": "Feature", "properties": {"wikidata": "Q3472702", "name": "Santa Maria della Salute a Primavalle", "status": "missing", "osm_id": null, "group": "Altro", "subgroup": "Altro", "subcategory": "Altro"}, "geometry": {"type": "Point", "coordinates": [12.415612239, 41.921033791]}}, {"type": "Feature", "properties": {"wikidata": "Q3585396", "name": "chiesa di Sant'Antonio da Padova all'Esquilino", "status": "done", "osm_id": "way/106365792", "group": "Religione", "subgroup": "Luoghi di Culto", "subcategory": "Basilica minore"}, "geometry": {"type": "Point", "coordinates": [12.50394444, 41.88880833]}}, {"type": "Feature", "properties": {"wikidata": "Q3585317", "name": "chiesa di San Benedetto in Piscinula", "status": "done", "osm_id": "way/202719924", "group": "Religione", "subgroup": "Luoghi di Culto", "subcategory": "Chiesa"}, "geometry": {"type": "Point", "coordinates": [12.47686, 41.88888]}}, {"type": "Feature", "properties": {"wikidata": "Q3517684", "name": "Tempio di Roma", "status": "done", "osm_id": "way/473552689", "group": "Altro", "subgroup": "Altro", "subcategory": "Altro"}, "geometry": {"type": "Point", "coordinates": [12.544792, 41.970507]}}, {"type": "Feature", "properties": {"wikidata": "Q3585386", "name": "chiesa di San Tommaso in Formis", "status": "done", "osm_id": "way/202879042", "group": "Religione", "subgroup": "Luoghi di Culto", "subcategory": "Chiesa"}, "geometry": {"type": "Point", "coordinates": [12.49527778, 41.88527778]}}, {"type": "Feature", "properties": {"wikidata": "Q3472663", "name": "Santa Lucia in Septisolio", "status": "missing", "osm_id": null, "group": "Altro", "subgroup": "Altro", "subcategory": "Altro"}, "geometry": {"type": "Point", "coordinates": [12.48952778, 41.88591667]}}, {"type": "Feature", "properties": {"wikidata": "Q3558833", "name": "Villa di Tiberio", "status": "done", "osm_id": "way/59296209", "group": "Archeologia", "subgroup": "Siti", "subcategory": "Sito archeologico"}, "geometry": {"type": "Point", "coordinates": [13.44979, 41.2507]}}, {"type": "Feature", "properties": {"wikidata": "Q3576051", "name": "Zoomarine", "status": "done", "osm_id": "way/76022022", "group": "Altro", "subgroup": "Altro", "subcategory": "Altro"}, "geometry": {"type": "Point", "coordinates": [12.456666666, 41.633611111]}}, {"type": "Feature", "properties": {"wikidata": "Q3531097", "name": "Tomba dei Caronti", "status": "done", "osm_id": "way/108221184", "group": "Religione", "subgroup": "Cimiteri", "subcategory": "Tomba"}, "geometry": {"type": "Point", "coordinates": [11.769861111, 42.250044444]}}, {"type": "Feature", "properties": {"wikidata": "Q3585343", "name": "chiesa di San Giovanni Battista de Rossi", "status": "done", "osm_id": "way/1110511687", "group": "Religione", "subgroup": "Luoghi di Culto", "subcategory": "Chiesa"}, "geometry": {"type": "Point", "coordinates": [12.51907, 41.87146]}}, {"type": "Feature", "properties": {"wikidata": "Q3516757", "name": "Teatro Eliseo", "status": "done", "osm_id": "way/201401560", "group": "Cultura e tempo libero", "subgroup": "Archivi", "subcategory": "Archivio"}, "geometry": {"type": "Point", "coordinates": [12.4886, 41.8979]}}, {"type": "Feature", "properties": {"wikidata": "Q3531109", "name": "tomba dei leoni ruggenti", "status": "done", "osm_id": "way/1319132944", "group": "Altro", "subgroup": "Altro", "subcategory": "Altro"}, "geometry": {"type": "Point", "coordinates": [12.3858881, 42.0342492]}}, {"type": "Feature", "properties": {"wikidata": "Q3529964", "name": "Bagni di Tivoli", "status": "missing", "osm_id": null, "group": "Insediamenti", "subgroup": "Centri", "subcategory": "Frazione"}, "geometry": {"type": "Point", "coordinates": [12.72, 41.9525]}}, {"type": "Feature", "properties": {"wikidata": "Q3493565", "name": "Spirito Santo alla Ferratella", "status": "missing", "osm_id": null, "group": "Altro", "subgroup": "Altro", "subcategory": "Altro"}, "geometry": {"type": "Point", "coordinates": [12.473604, 41.8179]}}, {"type": "Feature", "properties": {"wikidata": "Q3558780", "name": "Villa Tuscolana", "status": "done", "osm_id": "way/138180826", "group": "Dimore ed edifici", "subgroup": "Residenze", "subcategory": "Villa"}, "geometry": {"type": "Point", "coordinates": [12.6897, 41.8033]}}, {"type": "Feature", "properties": {"wikidata": "Q3531078", "name": "Tomba della Pulcella", "status": "done", "osm_id": "node/876497722", "group": "Altro", "subgroup": "Altro", "subcategory": "Altro"}, "geometry": {"type": "Point", "coordinates": [11.769146321, 42.250828436]}}, {"type": "Feature", "properties": {"wikidata": "Q3585400", "name": "chiesa di Sant'Atanasio a Via Tiburtina", "status": "done", "osm_id": "way/222427576", "group": "Religione", "subgroup": "Amministrazione Religiosa", "subcategory": "Parrocchia"}, "geometry": {"type": "Point", "coordinates": [12.5432, 41.91261]}}, {"type": "Feature", "properties": {"wikidata": "Q3542122", "name": "galleria Giovanni XXIII", "status": "done", "osm_id": "way/108164906", "group": "Infrastrutture", "subgroup": "Trasporti", "subcategory": "Galleria"}, "geometry": {"type": "Point", "coordinates": [12.4442, 41.9418]}}, {"type": "Feature", "properties": {"wikidata": "Q3472708", "name": "Santa Maria della Speranza", "status": "missing", "osm_id": null, "group": "Altro", "subgroup": "Altro", "subcategory": "Altro"}, "geometry": {"type": "Point", "coordinates": [12.521722, 41.958561]}}, {"type": "Feature", "properties": {"wikidata": "Q3558489", "name": "Villa Celimontana", "status": "done", "osm_id": "relation/1825719", "group": "Natura e paesaggio", "subgroup": "Verde", "subcategory": "Parco"}, "geometry": {"type": "Point", "coordinates": [12.49435, 41.88423]}}, {"type": "Feature", "properties": {"wikidata": "Q3585374", "name": "chiesa di San Paolo alla Regola", "status": "done", "osm_id": "way/127453471", "group": "Religione", "subgroup": "Luoghi di Culto", "subcategory": "Chiesa"}, "geometry": {"type": "Point", "coordinates": [12.473583583, 41.893088809]}}, {"type": "Feature", "properties": {"wikidata": "Q3531114", "name": "Tomba dei vasi greci", "status": "missing", "osm_id": null, "group": "Altro", "subgroup": "Altro", "subcategory": "Altro"}, "geometry": {"type": "Point", "coordinates": [12.101766201, 42.006754682]}}, {"type": "Feature", "properties": {"wikidata": "Q3472707", "name": "Santa Maria delle Grazie alle Fornaci fuori Porta Cavalleggeri", "status": "missing", "osm_id": null, "group": "Altro", "subgroup": "Altro", "subcategory": "Altro"}, "geometry": {"type": "Point", "coordinates": [12.45491389, 41.89751111]}}, {"type": "Feature", "properties": {"wikidata": "Q3531103", "name": "Tomba dei dolii e degli alari", "status": "missing", "osm_id": null, "group": "Altro", "subgroup": "Altro", "subcategory": "Altro"}, "geometry": {"type": "Point", "coordinates": [12.101694444, 42.006861111]}}, {"type": "Feature", "properties": {"wikidata": "Q3516766", "name": "Teatro Palladium", "status": "done", "osm_id": "way/59525396", "group": "Cultura e tempo libero", "subgroup": "Spettacolo", "subcategory": "Teatro"}, "geometry": {"type": "Point", "coordinates": [12.4855, 41.8625]}}, {"type": "Feature", "properties": {"wikidata": "Q3496273", "name": "stadio Tre Fontane", "status": "done", "osm_id": "way/1136036727", "group": "Cultura e tempo libero", "subgroup": "Sport", "subcategory": "Impianto sportivo"}, "geometry": {"type": "Point", "coordinates": [12.47, 41.841111]}}, {"type": "Feature", "properties": {"wikidata": "Q3585382", "name": "chiesa di San Salvatore in Onda", "status": "done", "osm_id": "way/220585368", "group": "Religione", "subgroup": "Luoghi di Culto", "subcategory": "Chiesa"}, "geometry": {"type": "Point", "coordinates": [12.471598969, 41.893087658]}}, {"type": "Feature", "properties": {"wikidata": "Q3531077", "name": "Tumulo della Cuccumella", "status": "done", "osm_id": "way/1082357212", "group": "Archeologia", "subgroup": "Siti", "subcategory": "Sito archeologico"}, "geometry": {"type": "Point", "coordinates": [11.6429007, 42.4147048]}}, {"type": "Feature", "properties": {"wikidata": "Q3585342", "name": "cappella di Santa Maria Assunta delle Suore di San Giovanni Battista", "status": "done", "osm_id": "node/12403748462", "group": "Religione", "subgroup": "Luoghi di Culto", "subcategory": "Chiesa"}, "geometry": {"type": "Point", "coordinates": [12.456, 41.9092]}}, {"type": "Feature", "properties": {"wikidata": "Q3580173", "name": "chiesa dell'Assunzione di Maria", "status": "done", "osm_id": "way/171278491", "group": "Religione", "subgroup": "Luoghi di Culto", "subcategory": "Chiesa parrocchiale"}, "geometry": {"type": "Point", "coordinates": [12.55287, 41.8598]}}, {"type": "Feature", "properties": {"wikidata": "Q3472704", "name": "Santa Maria della Presentazione", "status": "done", "osm_id": "way/108876030", "group": "Religione", "subgroup": "Luoghi di Culto", "subcategory": "Chiesa"}, "geometry": {"type": "Point", "coordinates": [12.400772, 41.912366]}}, {"type": "Feature", "properties": {"wikidata": "Q3531120", "name": "Tomba del Guerriero", "status": "done", "osm_id": "way/108230956", "group": "Religione", "subgroup": "Cimiteri", "subcategory": "Tomba"}, "geometry": {"type": "Point", "coordinates": [11.768166399, 42.250258517]}}, {"type": "Feature", "properties": {"wikidata": "Q3471484", "name": "San Gregorio Barbarigo alle Tre Fontane", "status": "missing", "osm_id": null, "group": "Altro", "subgroup": "Altro", "subcategory": "Altro"}, "geometry": {"type": "Point", "coordinates": [12.478488042, 41.827510162]}}, {"type": "Feature", "properties": {"wikidata": "Q3531117", "name": "Tomba dei Fiorellini", "status": "missing", "osm_id": null, "group": "Altro", "subgroup": "Altro", "subcategory": "Altro"}, "geometry": {"type": "Point", "coordinates": [11.770125388, 42.249070922]}}, {"type": "Feature", "properties": {"wikidata": "Q3531095", "name": "Tomba delle cinque sedie", "status": "missing", "osm_id": null, "group": "Altro", "subgroup": "Altro", "subcategory": "Altro"}, "geometry": {"type": "Point", "coordinates": [12.095207, 42.0022466]}}, {"type": "Feature", "properties": {"wikidata": "Q3585353", "name": "chiesa di San Giuseppe di Cluny", "status": "done", "osm_id": "way/352627894", "group": "Religione", "subgroup": "Luoghi di Culto", "subcategory": "Chiesa"}, "geometry": {"type": "Point", "coordinates": [12.500591, 41.891956]}}, {"type": "Feature", "properties": {"wikidata": "Q3585392", "name": "chiesa di Sant'Anna al Laterano", "status": "done", "osm_id": "way/352406788", "group": "Religione", "subgroup": "Luoghi di Culto", "subcategory": "Chiesa"}, "geometry": {"type": "Point", "coordinates": [12.50235, 41.89073]}}, {"type": "Feature", "properties": {"wikidata": "Q3495832", "name": "stadio Raul Guidobaldi", "status": "missing", "osm_id": null, "group": "Cultura e tempo libero", "subgroup": "Sport", "subcategory": "Impianto sportivo"}, "geometry": {"type": "Point", "coordinates": [12.848935, 42.400227]}}, {"type": "Feature", "properties": {"wikidata": "Q3472515", "name": "Sant\u2019Agnese/Annibaliano", "status": "done", "osm_id": "node/1381077891", "group": "Infrastrutture", "subgroup": "Trasporti", "subcategory": "Stazione metropolitana"}, "geometry": {"type": "Point", "coordinates": [12.5159, 41.9245]}}, {"type": "Feature", "properties": {"wikidata": "Q3523852", "name": "Terme varroniane", "status": "missing", "osm_id": null, "group": "Altro", "subgroup": "Altro", "subcategory": "Altro"}, "geometry": {"type": "Point", "coordinates": [13.8317532, 41.4821447]}}, {"type": "Feature", "properties": {"wikidata": "Q3580186", "name": "chiesa della Nativit\u00e0 di Nostro Signore Ges\u00f9 Cristo", "status": "done", "osm_id": "way/355273469", "group": "Religione", "subgroup": "Luoghi di Culto", "subcategory": "Chiesa"}, "geometry": {"type": "Point", "coordinates": [12.50538, 41.88047]}}, {"type": "Feature", "properties": {"wikidata": "Q3580184", "name": "chiesa della Nativit\u00e0 di Ges\u00f9", "status": "done", "osm_id": "way/128244658", "group": "Religione", "subgroup": "Luoghi di Culto", "subcategory": "Chiesa"}, "geometry": {"type": "Point", "coordinates": [12.472030682, 41.897959813]}}, {"type": "Feature", "properties": {"wikidata": "Q3478229", "name": "Selve di Mondragone", "status": "done", "osm_id": "node/12787146282", "group": "Insediamenti", "subgroup": "Centri", "subcategory": "Frazione"}, "geometry": {"type": "Point", "coordinates": [12.69917, 41.81012]}}, {"type": "Feature", "properties": {"wikidata": "Q3531116", "name": "tomba dei Rilievi", "status": "done", "osm_id": "node/1101937550", "group": "Archeologia", "subgroup": "Siti", "subcategory": "Sito archeologico"}, "geometry": {"type": "Point", "coordinates": [12.1026, 42.0071]}}, {"type": "Feature", "properties": {"wikidata": "Q3471482", "name": "San Giustino", "status": "missing", "osm_id": null, "group": "Altro", "subgroup": "Altro", "subcategory": "Altro"}, "geometry": {"type": "Point", "coordinates": [12.5802, 41.8739]}}, {"type": "Feature", "properties": {"wikidata": "Q3585348", "name": "chiesa di San Giovanni della Malva in Trastevere", "status": "done", "osm_id": "way/142947156", "group": "Religione", "subgroup": "Luoghi di Culto", "subcategory": "Chiesa"}, "geometry": {"type": "Point", "coordinates": [12.469138888, 41.892083333]}}, {"type": "Feature", "properties": {"wikidata": "Q3585351", "name": "chiesa di San Giuseppe Cafasso", "status": "done", "osm_id": "way/1110513284", "group": "Religione", "subgroup": "Luoghi di Culto", "subcategory": "Chiesa parrocchiale"}, "geometry": {"type": "Point", "coordinates": [12.54518, 41.87365]}}, {"type": "Feature", "properties": {"wikidata": "Q3531058", "name": "Tomba Campana", "status": "done", "osm_id": "node/8699337932", "group": "Altro", "subgroup": "Altro", "subcategory": "Altro"}, "geometry": {"type": "Point", "coordinates": [12.405972222, 42.033163888]}}, {"type": "Feature", "properties": {"wikidata": "Q3580787", "name": "chiesa del Sacro Cuore di Ges\u00f9", "status": "done", "osm_id": "way/341240519", "group": "Religione", "subgroup": "Luoghi di Culto", "subcategory": "Chiesa parrocchiale"}, "geometry": {"type": "Point", "coordinates": [12.49902, 41.90807]}}, {"type": "Feature", "properties": {"wikidata": "Q3531118", "name": "Tomba del Barone", "status": "missing", "osm_id": null, "group": "Altro", "subgroup": "Altro", "subcategory": "Altro"}, "geometry": {"type": "Point", "coordinates": [11.794061111, 42.240788888]}}, {"type": "Feature", "properties": {"wikidata": "Q2942517", "name": "cattedrale di San Pancrazio", "status": "done", "osm_id": "way/172576539", "group": "Altro", "subgroup": "Altro", "subcategory": "Altro"}, "geometry": {"type": "Point", "coordinates": [12.65758, 41.73068]}}, {"type": "Feature", "properties": {"wikidata": "Q2942642", "name": "duomo di Civita Castellana", "status": "done", "osm_id": "way/164328871", "group": "Altro", "subgroup": "Altro", "subcategory": "Altro"}, "geometry": {"type": "Point", "coordinates": [12.41061111, 42.28736111]}}, {"type": "Feature", "properties": {"wikidata": "Q2930390", "name": "chiesa di Ognissanti", "status": "done", "osm_id": "way/352077182", "group": "Religione", "subgroup": "Luoghi di Culto", "subcategory": "Chiesa"}, "geometry": {"type": "Point", "coordinates": [12.5156, 41.8799]}}, {"type": "Feature", "properties": {"wikidata": "Q2942666", "name": "cattedrale di Santa Maria Assunta", "status": "done", "osm_id": "way/184144477", "group": "Altro", "subgroup": "Altro", "subcategory": "Altro"}, "geometry": {"type": "Point", "coordinates": [13.3522, 41.6397]}}, {"type": "Feature", "properties": {"wikidata": "Q2942759", "name": "concattedrale di Santa Maria Annunziata", "status": "done", "osm_id": "way/315192418", "group": "Altro", "subgroup": "Altro", "subcategory": "Altro"}, "geometry": {"type": "Point", "coordinates": [13.1818, 41.4734]}}, {"type": "Feature", "properties": {"wikidata": "Q2937495", "name": "Capitolium Vetus", "status": "missing", "osm_id": null, "group": "Altro", "subgroup": "Altro", "subcategory": "Altro"}, "geometry": {"type": "Point", "coordinates": [12.490625, 41.90206389]}}, {"type": "Feature", "properties": {"wikidata": "Q2942655", "name": "duomo di Ferentino", "status": "missing", "osm_id": null, "group": "Religione", "subgroup": "Luoghi di Culto", "subcategory": "Chiesa"}, "geometry": {"type": "Point", "coordinates": [13.2561, 41.6931]}}, {"type": "Feature", "properties": {"wikidata": "Q2165810", "name": "Villa Lante", "status": "done", "osm_id": "relation/4863600", "group": "Dimore ed edifici", "subgroup": "Residenze", "subcategory": "Villa"}, "geometry": {"type": "Point", "coordinates": [12.154722222, 42.425833333]}}, {"type": "Feature", "properties": {"wikidata": "Q2942667", "name": "concattedrale di Santa Maria Assunta", "status": "done", "osm_id": "way/231697605", "group": "Altro", "subgroup": "Altro", "subcategory": "Altro"}, "geometry": {"type": "Point", "coordinates": [12.40271, 42.37357]}}, {"type": "Feature", "properties": {"wikidata": "Q2915889", "name": "Stazzano", "status": "done", "osm_id": "node/298173233", "group": "Insediamenti", "subgroup": "Centri", "subcategory": "Frazione"}, "geometry": {"type": "Point", "coordinates": [12.77306, 42.0913]}}, {"type": "Feature", "properties": {"wikidata": "Q2942812", "name": "cattedrale di Santa Maria Assunta", "status": "done", "osm_id": "relation/5428781", "group": "Altro", "subgroup": "Altro", "subcategory": "Altro"}, "geometry": {"type": "Point", "coordinates": [13.6156, 41.7234]}}, {"type": "Feature", "properties": {"wikidata": "Q2140194", "name": "Velabro", "status": "missing", "osm_id": null, "group": "Natura e paesaggio", "subgroup": "Montagna", "subcategory": "Valle"}, "geometry": {"type": "Point", "coordinates": [12.48194444, 41.88916667]}}, {"type": "Feature", "properties": {"wikidata": "Q2942702", "name": "duomo di Magliano Sabina", "status": "missing", "osm_id": null, "group": "Altro", "subgroup": "Altro", "subcategory": "Altro"}, "geometry": {"type": "Point", "coordinates": [12.48165, 42.35973]}}, {"type": "Feature", "properties": {"wikidata": "Q2122537", "name": "Tempio delle Ninfe", "status": "done", "osm_id": "way/125375013", "group": "Archeologia", "subgroup": "Siti", "subcategory": "Rovine"}, "geometry": {"type": "Point", "coordinates": [12.47871667, 41.89513611]}}, {"type": "Feature", "properties": {"wikidata": "Q2194126", "name": "Forum Suarium", "status": "missing", "osm_id": null, "group": "Altro", "subgroup": "Altro", "subcategory": "Altro"}, "geometry": {"type": "Point", "coordinates": [12.4839, 41.8992]}}, {"type": "Feature", "properties": {"wikidata": "Q2942522", "name": "cattedrale di Santa Maria", "status": "done", "osm_id": "way/161992191", "group": "Religione", "subgroup": "Luoghi di Culto", "subcategory": "Basilica minore"}, "geometry": {"type": "Point", "coordinates": [13.1619, 41.743]}}, {"type": "Feature", "properties": {"wikidata": "Q2942816", "name": "cattedrale di Santa Scolastica", "status": "done", "osm_id": "relation/5733172", "group": "Religione", "subgroup": "Luoghi di Culto", "subcategory": "Basilica minore"}, "geometry": {"type": "Point", "coordinates": [13.1106, 41.9182]}}, {"type": "Feature", "properties": {"wikidata": "Q2184057", "name": "Horti Lolliani", "status": "missing", "osm_id": null, "group": "Archeologia", "subgroup": "Siti", "subcategory": "Sito archeologico"}, "geometry": {"type": "Point", "coordinates": [12.497861, 41.900694]}}, {"type": "Feature", "properties": {"wikidata": "Q2942751", "name": "cattedrale di Santa Maria Assunta", "status": "done", "osm_id": "way/312138201", "group": "Altro", "subgroup": "Altro", "subcategory": "Altro"}, "geometry": {"type": "Point", "coordinates": [12.68401, 42.26426]}}, {"type": "Feature", "properties": {"wikidata": "Q2942564", "name": "concattedrale di Santa Maria Assunta", "status": "done", "osm_id": "way/683206500", "group": "Religione", "subgroup": "Luoghi di Culto", "subcategory": "Chiesa"}, "geometry": {"type": "Point", "coordinates": [12.384978, 42.460527]}}, {"type": "Feature", "properties": {"wikidata": "Q2145580", "name": "basilica di San Nicola in Carcere", "status": "done", "osm_id": "way/52919045", "group": "Religione", "subgroup": "Luoghi di Culto", "subcategory": "Chiesa"}, "geometry": {"type": "Point", "coordinates": [12.48005, 41.89112]}}, {"type": "Feature", "properties": {"wikidata": "Q2153492", "name": "via Nazionale", "status": "done", "osm_id": "way/128672638", "group": "Altro", "subgroup": "Altro", "subcategory": "Altro"}, "geometry": {"type": "Point", "coordinates": [12.491666666, 41.899722222]}}, {"type": "Feature", "properties": {"wikidata": "Q2137162", "name": "Satricum", "status": "missing", "osm_id": null, "group": "Archeologia", "subgroup": "Siti", "subcategory": "Sito archeologico"}, "geometry": {"type": "Point", "coordinates": [12.7551, 41.5131]}}, {"type": "Feature", "properties": {"wikidata": "Q2140145", "name": "chiesa di Santa Maria dell'Anima", "status": "done", "osm_id": "way/52334111", "group": "Altro", "subgroup": "Altro", "subcategory": "Altro"}, "geometry": {"type": "Point", "coordinates": [12.472154884, 41.899713078]}}, {"type": "Feature", "properties": {"wikidata": "Q2942694", "name": "cattedrale di San Marco a Latina", "status": "done", "osm_id": "way/180004045", "group": "Altro", "subgroup": "Altro", "subcategory": "Altro"}, "geometry": {"type": "Point", "coordinates": [12.902911, 41.464474]}}, {"type": "Feature", "properties": {"wikidata": "Q2942768", "name": "cattedrale di Santa Maria Assunta", "status": "done", "osm_id": "way/114671173", "group": "Altro", "subgroup": "Altro", "subcategory": "Altro"}, "geometry": {"type": "Point", "coordinates": [12.85901, 42.40211]}}, {"type": "Feature", "properties": {"wikidata": "Q2932918", "name": "Caff\u00e8 Sant'Eustachio", "status": "missing", "osm_id": null, "group": "Altro", "subgroup": "Altro", "subcategory": "Altro"}, "geometry": {"type": "Point", "coordinates": [12.475277777, 41.898333333]}}, {"type": "Feature", "properties": {"wikidata": "Q2131533", "name": "Canneto Sabino", "status": "done", "osm_id": "node/1350394787", "group": "Insediamenti", "subgroup": "Centri", "subcategory": "Frazione"}, "geometry": {"type": "Point", "coordinates": [12.73651, 42.18566]}}, {"type": "Feature", "properties": {"wikidata": "Q2191493", "name": "chiesa di Santa Maria Goretti", "status": "done", "osm_id": "way/222983360", "group": "Religione", "subgroup": "Luoghi di Culto", "subcategory": "Chiesa"}, "geometry": {"type": "Point", "coordinates": [12.52127, 41.93145]}}, {"type": "Feature", "properties": {"wikidata": "Q2129565", "name": "Terme Deciane", "status": "missing", "osm_id": null, "group": "Archeologia", "subgroup": "Siti", "subcategory": "Sito archeologico"}, "geometry": {"type": "Point", "coordinates": [12.48433, 41.88331]}}, {"type": "Feature", "properties": {"wikidata": "Q2942673", "name": "cattedrale di Grottaferrata", "status": "missing", "osm_id": null, "group": "Altro", "subgroup": "Altro", "subcategory": "Altro"}, "geometry": {"type": "Point", "coordinates": [12.6669, 41.7857]}}, {"type": "Feature", "properties": {"wikidata": "Q2197345", "name": "via del Plebiscito", "status": "missing", "osm_id": null, "group": "Infrastrutture", "subgroup": "Trasporti", "subcategory": "Strada urbana"}, "geometry": {"type": "Point", "coordinates": [12.48166, 41.89653]}}, {"type": "Feature", "properties": {"wikidata": "Q2146777", "name": "Casali della Meta", "status": "missing", "osm_id": null, "group": "Insediamenti", "subgroup": "Centri", "subcategory": "Frazione"}, "geometry": {"type": "Point", "coordinates": [13.19, 42.606666666]}}, {"type": "Feature", "properties": {"wikidata": "Q2942732", "name": "duomo di Nepi", "status": "missing", "osm_id": null, "group": "Altro", "subgroup": "Altro", "subcategory": "Altro"}, "geometry": {"type": "Point", "coordinates": [12.34697222, 42.24244444]}}, {"type": "Feature", "properties": {"wikidata": "Q2185703", "name": "chiesa di Sant'Antonio di Padova alla Circonvallazione Appia", "status": "done", "osm_id": "way/112416615", "group": "Religione", "subgroup": "Luoghi di Culto", "subcategory": "Chiesa"}, "geometry": {"type": "Point", "coordinates": [12.51291944, 41.87518056]}}, {"type": "Feature", "properties": {"wikidata": "Q2177355", "name": "basilica del Sacro Cuore di Ges\u00f9", "status": "done", "osm_id": "way/220465225", "group": "Religione", "subgroup": "Luoghi di Culto", "subcategory": "Basilica minore"}, "geometry": {"type": "Point", "coordinates": [12.502638888, 41.902777777]}}, {"type": "Feature", "properties": {"wikidata": "Q2941534", "name": "Castrum Novum", "status": "done", "osm_id": "way/437315145", "group": "Altro", "subgroup": "Altro", "subcategory": "Altro"}, "geometry": {"type": "Point", "coordinates": [11.8338331, 42.0371178]}}, {"type": "Feature", "properties": {"wikidata": "Q2942661", "name": "concattedrale di Fiumicino", "status": "done", "osm_id": "node/6861964837", "group": "Altro", "subgroup": "Altro", "subcategory": "Altro"}, "geometry": {"type": "Point", "coordinates": [12.2624, 41.7756]}}, {"type": "Feature", "properties": {"wikidata": "Q2942807", "name": "Santa Maria", "status": "done", "osm_id": "way/140994810", "group": "Altro", "subgroup": "Altro", "subcategory": "Altro"}, "geometry": {"type": "Point", "coordinates": [13.0563, 41.4981]}}, {"type": "Feature", "properties": {"wikidata": "Q2942801", "name": "Cattedrale di Santa Maria Assunta", "status": "done", "osm_id": "way/365430327", "group": "Altro", "subgroup": "Altro", "subcategory": "Altro"}, "geometry": {"type": "Point", "coordinates": [13.0233, 41.6929]}}, {"type": "Feature", "properties": {"wikidata": "Q2935545", "name": "Campolimpido", "status": "missing", "osm_id": null, "group": "Insediamenti", "subgroup": "Centri", "subcategory": "Frazione"}, "geometry": {"type": "Point", "coordinates": [12.77016, 41.96732]}}, {"type": "Feature", "properties": {"wikidata": "Q2942640", "name": "cattedrale di San Francesco", "status": "done", "osm_id": "way/146668918", "group": "Altro", "subgroup": "Altro", "subcategory": "Altro"}, "geometry": {"type": "Point", "coordinates": [11.792194444, 42.092555555]}}, {"type": "Feature", "properties": {"wikidata": "Q2120449", "name": "collegio pontificio Pio latino americano", "status": "missing", "osm_id": null, "group": "Altro", "subgroup": "Altro", "subcategory": "Altro"}, "geometry": {"type": "Point", "coordinates": [12.434586, 41.890166]}}, {"type": "Feature", "properties": {"wikidata": "Q2942578", "name": "concattedrale di Bagnoregio", "status": "done", "osm_id": "way/908066555", "group": "Altro", "subgroup": "Altro", "subcategory": "Altro"}, "geometry": {"type": "Point", "coordinates": [12.095033, 42.62661]}}, {"type": "Feature", "properties": {"wikidata": "Q2157592", "name": "collegio Romano", "status": "done", "osm_id": "way/130807586", "group": "Amministrazione", "subgroup": "Istruzione", "subcategory": "Complesso educativo"}, "geometry": {"type": "Point", "coordinates": [12.480611111, 41.898722222]}}, {"type": "Feature", "properties": {"wikidata": "Q2120418", "name": "collegio pontificio di Sant'Efram", "status": "missing", "osm_id": null, "group": "Altro", "subgroup": "Altro", "subcategory": "Altro"}, "geometry": {"type": "Point", "coordinates": [12.3969997, 41.9113206]}}, {"type": "Feature", "properties": {"wikidata": "Q2161112", "name": "San Biagio dell'Anello", "status": "missing", "osm_id": null, "group": "Altro", "subgroup": "Altro", "subcategory": "Altro"}, "geometry": {"type": "Point", "coordinates": [12.475, 41.89466667]}}, {"type": "Feature", "properties": {"wikidata": "Q2155879", "name": "Porticus Margaritaria", "status": "missing", "osm_id": null, "group": "Archeologia", "subgroup": "Siti", "subcategory": "Sito archeologico"}, "geometry": {"type": "Point", "coordinates": [12.487777777, 41.891111111]}}, {"type": "Feature", "properties": {"wikidata": "Q2942755", "name": "concattedrale di San Bartolomeo", "status": "done", "osm_id": "way/268410858", "group": "Religione", "subgroup": "Luoghi di Culto", "subcategory": "Basilica minore"}, "geometry": {"type": "Point", "coordinates": [13.6671, 41.4559]}}, {"type": "Feature", "properties": {"wikidata": "Q2120427", "name": "Pontificio Collegio Maronita", "status": "done", "osm_id": "relation/4778346", "group": "Altro", "subgroup": "Altro", "subcategory": "Altro"}, "geometry": {"type": "Point", "coordinates": [12.486258, 41.907426]}}, {"type": "Feature", "properties": {"wikidata": "Q2942685", "name": "cattedrale dei Sacri Cuori di Ges\u00f9 e Maria", "status": "done", "osm_id": "way/448561453", "group": "Altro", "subgroup": "Altro", "subcategory": "Altro"}, "geometry": {"type": "Point", "coordinates": [12.3837, 42.0019]}}, {"type": "Feature", "properties": {"wikidata": "Q2152452", "name": "Palazzo Falconieri", "status": "done", "osm_id": "way/127840321", "group": "Dimore ed edifici", "subgroup": "Residenze", "subcategory": "Palazzo italiano"}, "geometry": {"type": "Point", "coordinates": [12.4694, 41.8948]}}, {"type": "Feature", "properties": {"wikidata": "Q2177455", "name": "vico Giugario", "status": "done", "osm_id": "way/1000529940", "group": "Infrastrutture", "subgroup": "Trasporti", "subcategory": "Strada urbana"}, "geometry": {"type": "Point", "coordinates": [12.4834, 41.8918]}}, {"type": "Feature", "properties": {"wikidata": "Q3321735", "name": "monte Catillo", "status": "done", "osm_id": "node/1355560665", "group": "Natura e paesaggio", "subgroup": "Montagna", "subcategory": "Montagna"}, "geometry": {"type": "Point", "coordinates": [12.8144, 41.9603]}}, {"type": "Feature", "properties": {"wikidata": "Q3115574", "name": "Spedino", "status": "done", "osm_id": "node/4596418030", "group": "Insediamenti", "subgroup": "Centri", "subcategory": "Frazione"}, "geometry": {"type": "Point", "coordinates": [13.26221, 42.17244]}}, {"type": "Feature", "properties": {"wikidata": "Q2981009", "name": "concattedrale di San Paolo", "status": "done", "osm_id": "way/161997387", "group": "Religione", "subgroup": "Luoghi di Culto", "subcategory": "Basilica minore"}, "geometry": {"type": "Point", "coordinates": [13.34416667, 41.725]}}, {"type": "Feature", "properties": {"wikidata": "Q2942817", "name": "concattedrale di Santa Maria Assunta", "status": "done", "osm_id": "way/402843078", "group": "Altro", "subgroup": "Altro", "subcategory": "Altro"}, "geometry": {"type": "Point", "coordinates": [12.226528, 42.241222]}}, {"type": "Feature", "properties": {"wikidata": "Q3329475", "name": "Museo nazionale etrusco Rocca Albornoz", "status": "done", "osm_id": "node/5310107551", "group": "Cultura e tempo libero", "subgroup": "Musei", "subcategory": "Museo archeologico"}, "geometry": {"type": "Point", "coordinates": [12.104556, 42.421753]}}, {"type": "Feature", "properties": {"wikidata": "Q3117098", "name": "Grotta Guattari", "status": "done", "osm_id": "node/8712897630", "group": "Archeologia", "subgroup": "Siti", "subcategory": "Sito archeologico"}, "geometry": {"type": "Point", "coordinates": [13.09321404, 41.23134613]}}, {"type": "Feature", "properties": {"wikidata": "Q3237870", "name": "Libia", "status": "done", "osm_id": "node/623380963", "group": "Infrastrutture", "subgroup": "Trasporti", "subcategory": "Stazione metropolitana"}, "geometry": {"type": "Point", "coordinates": [12.5208, 41.9331]}}, {"type": "Feature", "properties": {"wikidata": "Q2942819", "name": "duomo di Tarquinia", "status": "done", "osm_id": "way/101568617", "group": "Altro", "subgroup": "Altro", "subcategory": "Altro"}, "geometry": {"type": "Point", "coordinates": [11.755136596, 42.254475461]}}, {"type": "Feature", "properties": {"wikidata": "Q2942894", "name": "cattedrale di Sant'Agapito martire", "status": "done", "osm_id": "way/235368551", "group": "Religione", "subgroup": "Luoghi di Culto", "subcategory": "Basilica minore"}, "geometry": {"type": "Point", "coordinates": [12.892077, 41.839047]}}, {"type": "Feature", "properties": {"wikidata": "Q3323082", "name": "Monti Lucretili", "status": "missing", "osm_id": null, "group": "Natura e paesaggio", "subgroup": "Montagna", "subcategory": "Montagna"}, "geometry": {"type": "Point", "coordinates": [12.8667, 42.1]}}, {"type": "Feature", "properties": {"wikidata": "Q2942842", "name": "duomo di Tuscania", "status": "done", "osm_id": "way/102312745", "group": "Altro", "subgroup": "Altro", "subcategory": "Altro"}, "geometry": {"type": "Point", "coordinates": [11.87267, 42.41762]}}, {"type": "Feature", "properties": {"wikidata": "Q2991600", "name": "Conca d'Oro", "status": "done", "osm_id": "node/356699285", "group": "Infrastrutture", "subgroup": "Trasporti", "subcategory": "Stazione metropolitana"}, "geometry": {"type": "Point", "coordinates": [12.5274, 41.9391]}}, {"type": "Feature", "properties": {"wikidata": "Q3074203", "name": "Tempio di Traiano", "status": "missing", "osm_id": null, "group": "Religione", "subgroup": "Luoghi di Culto", "subcategory": "Tempio"}, "geometry": {"type": "Point", "coordinates": [12.48583333, 41.89555556]}}, {"type": "Feature", "properties": {"wikidata": "Q3005742", "name": "Crypta Balbi", "status": "done", "osm_id": "way/125241566", "group": "Cultura e tempo libero", "subgroup": "Musei", "subcategory": "Museo"}, "geometry": {"type": "Point", "coordinates": [12.4786, 41.8944]}}, {"type": "Feature", "properties": {"wikidata": "Q3053354", "name": "Emporium", "status": "done", "osm_id": "relation/5660515", "group": "Archeologia", "subgroup": "Siti", "subcategory": "Sito archeologico"}, "geometry": {"type": "Point", "coordinates": [12.473724, 41.880649]}}, {"type": "Feature", "properties": {"wikidata": "Q3265994", "name": "Lucus Feroniae", "status": "done", "osm_id": "way/215646299", "group": "Religione", "subgroup": "Luoghi di Culto", "subcategory": "Santuario"}, "geometry": {"type": "Point", "coordinates": [12.596635, 42.128323]}}, {"type": "Feature", "properties": {"wikidata": "Q3007659", "name": "Curia di Pompeo", "status": "missing", "osm_id": null, "group": "Altro", "subgroup": "Altro", "subcategory": "Altro"}, "geometry": {"type": "Point", "coordinates": [12.475, 41.8953]}}, {"type": "Feature", "properties": {"wikidata": "Q3001629", "name": "convento di San Cosimato", "status": "missing", "osm_id": null, "group": "Religione", "subgroup": "Vita Monastica", "subcategory": "Convento"}, "geometry": {"type": "Point", "coordinates": [12.9099, 42.0159]}}, {"type": "Feature", "properties": {"wikidata": "Q3328414", "name": "Museo delle navi di Fiumicino", "status": "done", "osm_id": "way/33548248", "group": "Cultura e tempo libero", "subgroup": "Musei", "subcategory": "Museo archeologico"}, "geometry": {"type": "Point", "coordinates": [12.254038, 41.786808]}}, {"type": "Feature", "properties": {"wikidata": "Q3329479", "name": "Museo archeologico nazionale Tuscanese", "status": "done", "osm_id": "relation/7235724", "group": "Cultura e tempo libero", "subgroup": "Musei", "subcategory": "Museo archeologico"}, "geometry": {"type": "Point", "coordinates": [11.872734, 42.421547]}}, {"type": "Feature", "properties": {"wikidata": "Q3284554", "name": "Piazza Pio XII", "status": "done", "osm_id": "relation/13399079", "group": "Insediamenti", "subgroup": "Zone Urbane", "subcategory": "Piazza"}, "geometry": {"type": "Point", "coordinates": [12.45875, 41.90228]}}, {"type": "Feature", "properties": {"wikidata": "Q2942849", "name": "cattedrale di San Clemente", "status": "done", "osm_id": "relation/7964682", "group": "Altro", "subgroup": "Altro", "subcategory": "Altro"}, "geometry": {"type": "Point", "coordinates": [12.7767, 41.6832]}}, {"type": "Feature", "properties": {"wikidata": "Q2984311", "name": "Colonna della Pace", "status": "missing", "osm_id": null, "group": "Altro", "subgroup": "Altro", "subcategory": "Altro"}, "geometry": {"type": "Point", "coordinates": [12.4993, 41.8971]}}, {"type": "Feature", "properties": {"wikidata": "Q2998064", "name": "corso Vittorio Emanuele II", "status": "done", "osm_id": "relation/17339429", "group": "Altro", "subgroup": "Altro", "subcategory": "Altro"}, "geometry": {"type": "Point", "coordinates": [12.4724, 41.8969]}}, {"type": "Feature", "properties": {"wikidata": "Q3267604", "name": "Luni sul Mignone", "status": "done", "osm_id": "node/2936755718", "group": "Archeologia", "subgroup": "Siti", "subcategory": "Sito archeologico"}, "geometry": {"type": "Point", "coordinates": [11.933022222, 42.225791666]}}, {"type": "Feature", "properties": {"wikidata": "Q3328387", "name": "Museo nazionale cerite", "status": "done", "osm_id": "relation/14399520", "group": "Cultura e tempo libero", "subgroup": "Musei", "subcategory": "Museo archeologico"}, "geometry": {"type": "Point", "coordinates": [12.09946, 41.99862]}}, {"type": "Feature", "properties": {"wikidata": "Q3108617", "name": "Arco di Gallieno", "status": "done", "osm_id": "node/2442817364", "group": "Altro", "subgroup": "Altro", "subcategory": "Altro"}, "geometry": {"type": "Point", "coordinates": [12.501361, 41.895779]}}, {"type": "Feature", "properties": {"wikidata": "Q2961291", "name": "certosa di Trisulti", "status": "done", "osm_id": "way/87464039", "group": "Altro", "subgroup": "Altro", "subcategory": "Altro"}, "geometry": {"type": "Point", "coordinates": [13.396883, 41.779736]}}, {"type": "Feature", "properties": {"wikidata": "Q3304975", "name": "porta Alchemica", "status": "done", "osm_id": "node/256753107", "group": "Fortificazioni e militare", "subgroup": "Fortificazioni", "subcategory": "Porta cittadina"}, "geometry": {"type": "Point", "coordinates": [12.50377122, 41.89541222]}}, {"type": "Feature", "properties": {"wikidata": "Q3215397", "name": "lago di Canterno", "status": "done", "osm_id": "way/87349194", "group": "Natura e paesaggio", "subgroup": "Acqua", "subcategory": "Lago"}, "geometry": {"type": "Point", "coordinates": [13.25, 41.751]}}, {"type": "Feature", "properties": {"wikidata": "Q3145226", "name": "Complesso ospedaliero San Giovanni-Addolorata", "status": "done", "osm_id": "relation/1876703", "group": "Infrastrutture", "subgroup": "Servizi", "subcategory": "Sanit\u00e0"}, "geometry": {"type": "Point", "coordinates": [12.5019, 41.8863]}}, {"type": "Feature", "properties": {"wikidata": "Q3074046", "name": "San Domenico di Guzm\u00e1n", "status": "missing", "osm_id": null, "group": "Altro", "subgroup": "Altro", "subcategory": "Altro"}, "geometry": {"type": "Point", "coordinates": [12.559117682, 41.981825278]}}, {"type": "Feature", "properties": {"wikidata": "Q2972777", "name": "Cinema Nuovo Sacher", "status": "done", "osm_id": "node/248674890", "group": "Cultura e tempo libero", "subgroup": "Spettacolo", "subcategory": "Cinema"}, "geometry": {"type": "Point", "coordinates": [12.472911906, 41.884155688]}}, {"type": "Feature", "properties": {"wikidata": "Q3155747", "name": "Istituto Nazionale di Ricerca per gli Alimenti e la Nutrizione", "status": "missing", "osm_id": null, "group": "Altro", "subgroup": "Altro", "subcategory": "Altro"}, "geometry": {"type": "Point", "coordinates": [12.516641, 41.827627]}}, {"type": "Feature", "properties": {"wikidata": "Q2942851", "name": "concattedrale di Sant'Andrea", "status": "done", "osm_id": "relation/2265789", "group": "Altro", "subgroup": "Altro", "subcategory": "Altro"}, "geometry": {"type": "Point", "coordinates": [13.4176, 41.6909]}}, {"type": "Feature", "properties": {"wikidata": "Q3149021", "name": "Immacolata Concezione di Maria a Grottarossa", "status": "missing", "osm_id": null, "group": "Altro", "subgroup": "Altro", "subcategory": "Altro"}, "geometry": {"type": "Point", "coordinates": [12.48795, 41.96222]}}, {"type": "Feature", "properties": {"wikidata": "Q2957145", "name": "cappella di Santa Maria Addolorata all'Esquilino", "status": "missing", "osm_id": null, "group": "Religione", "subgroup": "Luoghi di Culto", "subcategory": "Chiesa"}, "geometry": {"type": "Point", "coordinates": [12.5072, 41.8901]}}, {"type": "Feature", "properties": {"wikidata": "Q3152661", "name": "Universit\u00e0 degli Studi di Roma Foro Italico", "status": "done", "osm_id": "node/4719290851", "group": "Altro", "subgroup": "Altro", "subcategory": "Altro"}, "geometry": {"type": "Point", "coordinates": [12.4576, 41.9315]}}, {"type": "Feature", "properties": {"wikidata": "Q3104600", "name": "Ges\u00f9 Divin Maestro alla Pineta Sacchetti", "status": "missing", "osm_id": null, "group": "Altro", "subgroup": "Altro", "subcategory": "Altro"}, "geometry": {"type": "Point", "coordinates": [12.42526298, 41.923204532]}}, {"type": "Feature", "properties": {"wikidata": "Q3325307", "name": "Illica", "status": "done", "osm_id": "node/1263997578", "group": "Insediamenti", "subgroup": "Centri", "subcategory": "Frazione"}, "geometry": {"type": "Point", "coordinates": [13.26376, 42.70382]}}, {"type": "Feature", "properties": {"wikidata": "Q2984330", "name": "Q2984330", "status": "missing", "osm_id": null, "group": "Altro", "subgroup": "Altro", "subcategory": "Altro"}, "geometry": {"type": "Point", "coordinates": [12.4849, 41.8922]}}, {"type": "Feature", "properties": {"wikidata": "Q3183583", "name": "Jonio", "status": "done", "osm_id": "node/1788363341", "group": "Infrastrutture", "subgroup": "Trasporti", "subcategory": "Stazione metropolitana"}, "geometry": {"type": "Point", "coordinates": [12.527436, 41.946855]}}, {"type": "Feature", "properties": {"wikidata": "Q3118669", "name": "Guadagnolo", "status": "done", "osm_id": "node/519207619", "group": "Insediamenti", "subgroup": "Centri", "subcategory": "Frazione"}, "geometry": {"type": "Point", "coordinates": [12.92668, 41.91417]}}, {"type": "Feature", "properties": {"wikidata": "Q2957144", "name": "cappella di Sant'Elena", "status": "done", "osm_id": "node/3585887800", "group": "Religione", "subgroup": "Luoghi di Culto", "subcategory": "Cappella"}, "geometry": {"type": "Point", "coordinates": [12.503, 41.892555555]}}, {"type": "Feature", "properties": {"wikidata": "Q3215006", "name": "Cava dei Selci", "status": "done", "osm_id": "node/262147547", "group": "Insediamenti", "subgroup": "Centri", "subcategory": "Frazione"}, "geometry": {"type": "Point", "coordinates": [12.615833333, 41.766388888]}}, {"type": "Feature", "properties": {"wikidata": "Q3066709", "name": "via Lata", "status": "missing", "osm_id": null, "group": "Altro", "subgroup": "Altro", "subcategory": "Altro"}, "geometry": {"type": "Point", "coordinates": [12.481653318, 41.898394575]}}, {"type": "Feature", "properties": {"wikidata": "Q3023765", "name": "Tempio di Esculapio", "status": "done", "osm_id": "node/2604862033", "group": "Altro", "subgroup": "Altro", "subcategory": "Altro"}, "geometry": {"type": "Point", "coordinates": [12.4788, 41.8901]}}, {"type": "Feature", "properties": {"wikidata": "Q1246972", "name": "Termini", "status": "done", "osm_id": "node/5216453777", "group": "Infrastrutture", "subgroup": "Trasporti", "subcategory": "Stazione metropolitana"}, "geometry": {"type": "Point", "coordinates": [12.500596, 41.901542]}}, {"type": "Feature", "properties": {"wikidata": "Q1329378", "name": "Pratica di Mare", "status": "done", "osm_id": "node/771220933", "group": "Insediamenti", "subgroup": "Centri", "subcategory": "Frazione"}, "geometry": {"type": "Point", "coordinates": [12.48032, 41.66409]}}, {"type": "Feature", "properties": {"wikidata": "Q1241176", "name": "Foro Olitorio", "status": "done", "osm_id": "way/111671157", "group": "Archeologia", "subgroup": "Siti", "subcategory": "Sito archeologico"}, "geometry": {"type": "Point", "coordinates": [12.48, 41.891111111]}}, {"type": "Feature", "properties": {"wikidata": "Q1312988", "name": "chiesa di San Giuseppe dei Falegnami", "status": "done", "osm_id": "relation/1849833", "group": "Religione", "subgroup": "Luoghi di Culto", "subcategory": "Chiesa"}, "geometry": {"type": "Point", "coordinates": [12.4845, 41.893166666]}}, {"type": "Feature", "properties": {"wikidata": "Q1346124", "name": "chiesa dei Santi Fabiano e Venanzio", "status": "done", "osm_id": "way/105142648", "group": "Religione", "subgroup": "Luoghi di Culto", "subcategory": "Chiesa"}, "geometry": {"type": "Point", "coordinates": [12.521666666, 41.884722222]}}, {"type": "Feature", "properties": {"wikidata": "Q1364594", "name": "Villa di Lucullo", "status": "missing", "osm_id": null, "group": "Archeologia", "subgroup": "Siti", "subcategory": "Domus de Janas"}, "geometry": {"type": "Point", "coordinates": [12.4887, 41.9065]}}, {"type": "Feature", "properties": {"wikidata": "Q1235464", "name": "Serapeo", "status": "missing", "osm_id": null, "group": "Altro", "subgroup": "Altro", "subcategory": "Altro"}, "geometry": {"type": "Point", "coordinates": [12.2838, 41.7533]}}, {"type": "Feature", "properties": {"wikidata": "Q1248213", "name": "Facolt\u00e0 di Lettere Cristiane e Classiche", "status": "missing", "osm_id": null, "group": "Altro", "subgroup": "Altro", "subcategory": "Altro"}, "geometry": {"type": "Point", "coordinates": [12.523677, 41.95952]}}, {"type": "Feature", "properties": {"wikidata": "Q1255741", "name": "chiesa di San Giovanni Decollato", "status": "done", "osm_id": "way/124077476", "group": "Religione", "subgroup": "Luoghi di Culto", "subcategory": "Chiesa"}, "geometry": {"type": "Point", "coordinates": [12.48189, 41.88991]}}, {"type": "Feature", "properties": {"wikidata": "Q1246006", "name": "Lago di Vico", "status": "done", "osm_id": "relation/5688566", "group": "Natura e paesaggio", "subgroup": "Acqua", "subcategory": "Lago"}, "geometry": {"type": "Point", "coordinates": [12.175, 42.317]}}, {"type": "Feature", "properties": {"wikidata": "Q1233702", "name": "Repubblica", "status": "done", "osm_id": "node/13183520675", "group": "Infrastrutture", "subgroup": "Trasporti", "subcategory": "Stazione metropolitana"}, "geometry": {"type": "Point", "coordinates": [12.495702, 41.902181]}}, {"type": "Feature", "properties": {"wikidata": "Q1233939", "name": "Pontificio Collegio Irlandese", "status": "missing", "osm_id": null, "group": "Altro", "subgroup": "Altro", "subcategory": "Altro"}, "geometry": {"type": "Point", "coordinates": [12.502053, 41.887291]}}, {"type": "Feature", "properties": {"wikidata": "Q1238776", "name": "Domus di Giove e Ganimede", "status": "missing", "osm_id": null, "group": "Archeologia", "subgroup": "Siti", "subcategory": "Domus de Janas"}, "geometry": {"type": "Point", "coordinates": [12.288323, 41.754736]}}, {"type": "Feature", "properties": {"wikidata": "Q1267485", "name": "Villa Madama", "status": "done", "osm_id": "way/255653646", "group": "Dimore ed edifici", "subgroup": "Residenze", "subcategory": "Villa"}, "geometry": {"type": "Point", "coordinates": [12.45278056, 41.92835278]}}, {"type": "Feature", "properties": {"wikidata": "Q1256299", "name": "chiesa di Santa Maria della Consolazione", "status": "done", "osm_id": "way/52923505", "group": "Religione", "subgroup": "Luoghi di Culto", "subcategory": "Chiesa"}, "geometry": {"type": "Point", "coordinates": [12.482967998, 41.89131098]}}, {"type": "Feature", "properties": {"wikidata": "Q1249519", "name": "Istituto Italiano di Studi Germanici", "status": "missing", "osm_id": null, "group": "Altro", "subgroup": "Altro", "subcategory": "Altro"}, "geometry": {"type": "Point", "coordinates": [12.464806, 41.8831598]}}, {"type": "Feature", "properties": {"wikidata": "Q1358726", "name": "elezione papale del 1130", "status": "missing", "osm_id": null, "group": "Altro", "subgroup": "Altro", "subcategory": "Altro"}, "geometry": {"type": "Point", "coordinates": [12.49064, 41.88547]}}, {"type": "Feature", "properties": {"wikidata": "Q1283476", "name": "Palazzo della Civilt\u00e0 Italiana", "status": "done", "osm_id": "relation/1559654", "group": "Altro", "subgroup": "Altro", "subcategory": "Altro"}, "geometry": {"type": "Point", "coordinates": [12.4653089, 41.83668398]}}, {"type": "Feature", "properties": {"wikidata": "Q1236860", "name": "Tempio di Apollo Palatino", "status": "missing", "osm_id": null, "group": "Archeologia", "subgroup": "Siti", "subcategory": "Rovine"}, "geometry": {"type": "Point", "coordinates": [12.48575, 41.888861111]}}, {"type": "Feature", "properties": {"wikidata": "Q1324944", "name": "Palazzo Mattei di Giove", "status": "done", "osm_id": "way/125374961", "group": "Dimore ed edifici", "subgroup": "Strutture Varie", "subcategory": "Edificio"}, "geometry": {"type": "Point", "coordinates": [12.47822222, 41.89402778]}}, {"type": "Feature", "properties": {"wikidata": "Q1258812", "name": "chiesa di Santa Maria dei Sette Dolori", "status": "done", "osm_id": "way/205735092", "group": "Religione", "subgroup": "Luoghi di Culto", "subcategory": "Chiesa"}, "geometry": {"type": "Point", "coordinates": [12.4664, 41.8897]}}, {"type": "Feature", "properties": {"wikidata": "Q1241849", "name": "Villa Mondragone", "status": "done", "osm_id": "relation/5763542", "group": "Dimore ed edifici", "subgroup": "Residenze", "subcategory": "Villa"}, "geometry": {"type": "Point", "coordinates": [12.69688889, 41.80911111]}}, {"type": "Feature", "properties": {"wikidata": "Q1324617", "name": "chiesa di Sant'Ivo alla Sapienza", "status": "done", "osm_id": "way/128740194", "group": "Religione", "subgroup": "Luoghi di Culto", "subcategory": "Chiesa"}, "geometry": {"type": "Point", "coordinates": [12.474734, 41.898221]}}, {"type": "Feature", "properties": {"wikidata": "Q1354667", "name": "chiesa di Sant'Andrea al Quirinale", "status": "done", "osm_id": "way/112820613", "group": "Religione", "subgroup": "Luoghi di Culto", "subcategory": "Chiesa"}, "geometry": {"type": "Point", "coordinates": [12.489344, 41.900683]}}, {"type": "Feature", "properties": {"wikidata": "Q1334215", "name": "Monte Soratte", "status": "done", "osm_id": "node/1340939255", "group": "Natura e paesaggio", "subgroup": "Montagna", "subcategory": "Montagna"}, "geometry": {"type": "Point", "coordinates": [12.501944, 42.2456168]}}, {"type": "Feature", "properties": {"wikidata": "Q1275123", "name": "Museo della civilt\u00e0 romana", "status": "done", "osm_id": "node/401949920", "group": "Cultura e tempo libero", "subgroup": "Musei", "subcategory": "Museo archeologico"}, "geometry": {"type": "Point", "coordinates": [12.477741, 41.831521]}}, {"type": "Feature", "properties": {"wikidata": "Q1338582", "name": "Porta Pia", "status": "done", "osm_id": "relation/2739193", "group": "Fortificazioni e militare", "subgroup": "Fortificazioni", "subcategory": "Porta cittadina"}, "geometry": {"type": "Point", "coordinates": [12.50130183, 41.909303447]}}, {"type": "Feature", "properties": {"wikidata": "Q1277967", "name": "Pontificia Facolt\u00e0 Teologica San Bonaventura", "status": "missing", "osm_id": null, "group": "Altro", "subgroup": "Altro", "subcategory": "Altro"}, "geometry": {"type": "Point", "coordinates": [12.4823937, 41.8294814]}}, {"type": "Feature", "properties": {"wikidata": "Q1238778", "name": "Domus della Fortuna Annonaria", "status": "done", "osm_id": "node/9460745511", "group": "Archeologia", "subgroup": "Siti", "subcategory": "Domus de Janas"}, "geometry": {"type": "Point", "coordinates": [12.2905, 41.754]}}, {"type": "Feature", "properties": {"wikidata": "Q1241207", "name": "portico di Ottavia", "status": "done", "osm_id": "way/123530471", "group": "Archeologia", "subgroup": "Siti", "subcategory": "Sito archeologico"}, "geometry": {"type": "Point", "coordinates": [12.478533, 41.892436]}}, {"type": "Feature", "properties": {"wikidata": "Q1274578", "name": "Universit\u00e0 Europea di Roma", "status": "done", "osm_id": "node/5859484188", "group": "Altro", "subgroup": "Altro", "subcategory": "Altro"}, "geometry": {"type": "Point", "coordinates": [12.395647, 41.8777]}}, {"type": "Feature", "properties": {"wikidata": "Q1318133", "name": "Museo nazionale Giuseppe Tucci", "status": "missing", "osm_id": null, "group": "Cultura e tempo libero", "subgroup": "Musei", "subcategory": "Museo d'arte"}, "geometry": {"type": "Point", "coordinates": [12.471543, 41.832737]}}, {"type": "Feature", "properties": {"wikidata": "Q1362663", "name": "Villa Medici", "status": "done", "osm_id": "way/23442671", "group": "Dimore ed edifici", "subgroup": "Residenze", "subcategory": "Villa"}, "geometry": {"type": "Point", "coordinates": [12.48252, 41.90827]}}, {"type": "Feature", "properties": {"wikidata": "Q1289781", "name": "statua colossale di Costantino I", "status": "done", "osm_id": "node/1379492229", "group": "Altro", "subgroup": "Altro", "subcategory": "Altro"}, "geometry": {"type": "Point", "coordinates": [12.4883, 41.8918]}}, {"type": "Feature", "properties": {"wikidata": "Q1270759", "name": "chiesa di Sant'Agata dei Goti", "status": "done", "osm_id": "relation/2706708", "group": "Religione", "subgroup": "Luoghi di Culto", "subcategory": "Chiesa"}, "geometry": {"type": "Point", "coordinates": [12.48928, 41.89641]}}, {"type": "Feature", "properties": {"wikidata": "Q1277188", "name": "Palazzetto Zuccari", "status": "done", "osm_id": "way/202067930", "group": "Altro", "subgroup": "Altro", "subcategory": "Altro"}, "geometry": {"type": "Point", "coordinates": [12.48388889, 41.90566667]}}, {"type": "Feature", "properties": {"wikidata": "Q1235116", "name": "Lupercale", "status": "missing", "osm_id": null, "group": "Natura e paesaggio", "subgroup": "Montagna", "subcategory": "Grotta"}, "geometry": {"type": "Point", "coordinates": [12.484444, 41.888056]}}, {"type": "Feature", "properties": {"wikidata": "Q1241278", "name": "Horti Sallustiani", "status": "done", "osm_id": "way/204049099", "group": "Archeologia", "subgroup": "Siti", "subcategory": "Sito archeologico"}, "geometry": {"type": "Point", "coordinates": [12.496916666, 41.908083333]}}, {"type": "Feature", "properties": {"wikidata": "Q1238767", "name": "Domus Tiberiana", "status": "done", "osm_id": "relation/1860920", "group": "Archeologia", "subgroup": "Siti", "subcategory": "Domus de Janas"}, "geometry": {"type": "Point", "coordinates": [12.48623, 41.89024]}}, {"type": "Feature", "properties": {"wikidata": "Q1333433", "name": "Estasi di santa Teresa d'Avila", "status": "missing", "osm_id": null, "group": "Altro", "subgroup": "Altro", "subcategory": "Altro"}, "geometry": {"type": "Point", "coordinates": [12.494166666, 41.904722222]}}, {"type": "Feature", "properties": {"wikidata": "Q1241701", "name": "Spagna", "status": "done", "osm_id": "node/13183475739", "group": "Infrastrutture", "subgroup": "Trasporti", "subcategory": "Stazione metropolitana"}, "geometry": {"type": "Point", "coordinates": [12.482916, 41.906456]}}, {"type": "Feature", "properties": {"wikidata": "Q1234576", "name": "Monte Sacro", "status": "missing", "osm_id": null, "group": "Natura e paesaggio", "subgroup": "Montagna", "subcategory": "Collina"}, "geometry": {"type": "Point", "coordinates": [12.5325, 41.94083333]}}, {"type": "Feature", "properties": {"wikidata": "Q1274070", "name": "Pontificio Collegio Americano del Nord", "status": "done", "osm_id": "relation/19344078", "group": "Altro", "subgroup": "Altro", "subcategory": "Altro"}, "geometry": {"type": "Point", "coordinates": [12.45934, 41.89688]}}, {"type": "Feature", "properties": {"wikidata": "Q1314405", "name": "John Cabot University", "status": "missing", "osm_id": null, "group": "Altro", "subgroup": "Altro", "subcategory": "Altro"}, "geometry": {"type": "Point", "coordinates": [12.467676111, 41.892806944]}}, {"type": "Feature", "properties": {"wikidata": "Q1311837", "name": "Parco museo ferroviario Roma Porta San Paolo", "status": "done", "osm_id": "relation/13475193", "group": "Altro", "subgroup": "Altro", "subcategory": "Altro"}, "geometry": {"type": "Point", "coordinates": [12.481394, 41.874713]}}, {"type": "Feature", "properties": {"wikidata": "Q1368377", "name": "EUR", "status": "missing", "osm_id": null, "group": "Altro", "subgroup": "Altro", "subcategory": "Altro"}, "geometry": {"type": "Point", "coordinates": [12.466, 41.836]}}, {"type": "Feature", "properties": {"wikidata": "Q1329589", "name": "Passetto di Borgo", "status": "done", "osm_id": "relation/12043626", "group": "Altro", "subgroup": "Altro", "subcategory": "Altro"}, "geometry": {"type": "Point", "coordinates": [12.461666666, 41.903333333]}}, {"type": "Feature", "properties": {"wikidata": "Q1266234", "name": "basilica Ulpia", "status": "done", "osm_id": "relation/2051623", "group": "Archeologia", "subgroup": "Siti", "subcategory": "Sito archeologico"}, "geometry": {"type": "Point", "coordinates": [12.484572, 41.895556]}}, {"type": "Feature", "properties": {"wikidata": "Q1342766", "name": "chiesa delle Santissime Stimmate di San Francesco", "status": "done", "osm_id": "way/125566927", "group": "Religione", "subgroup": "Luoghi di Culto", "subcategory": "Chiesa"}, "geometry": {"type": "Point", "coordinates": [12.47758, 41.89631]}}, {"type": "Feature", "properties": {"wikidata": "Q1234193", "name": "Porta San Sebastiano", "status": "done", "osm_id": "way/27519297", "group": "Fortificazioni e militare", "subgroup": "Fortificazioni", "subcategory": "Porta cittadina"}, "geometry": {"type": "Point", "coordinates": [12.501814, 41.87349889]}}, {"type": "Feature", "properties": {"wikidata": "Q1348100", "name": "stadio Flaminio", "status": "done", "osm_id": "way/23921070", "group": "Cultura e tempo libero", "subgroup": "Sport", "subcategory": "Impianto sportivo"}, "geometry": {"type": "Point", "coordinates": [12.472222, 41.926944]}}, {"type": "Feature", "properties": {"wikidata": "Q1347047", "name": "Ministero della Cultura", "status": "done", "osm_id": "way/130807588", "group": "Altro", "subgroup": "Altro", "subcategory": "Altro"}, "geometry": {"type": "Point", "coordinates": [12.480447222, 41.897836111]}}, {"type": "Feature", "properties": {"wikidata": "Q1345190", "name": "chiesa di San Giuseppe alla Lungara", "status": "done", "osm_id": "way/204163182", "group": "Religione", "subgroup": "Luoghi di Culto", "subcategory": "Chiesa"}, "geometry": {"type": "Point", "coordinates": [12.465776, 41.894892]}}, {"type": "Feature", "properties": {"wikidata": "Q1377062", "name": "Pontificio Collegio Armeno", "status": "done", "osm_id": "relation/4772638", "group": "Altro", "subgroup": "Altro", "subcategory": "Altro"}, "geometry": {"type": "Point", "coordinates": [12.49125, 41.90511]}}, {"type": "Feature", "properties": {"wikidata": "Q1344657", "name": "chiesa di San Bernardino in Panisperna", "status": "done", "osm_id": "way/157404571", "group": "Religione", "subgroup": "Luoghi di Culto", "subcategory": "Chiesa"}, "geometry": {"type": "Point", "coordinates": [12.48927778, 41.89594444]}}, {"type": "Feature", "properties": {"wikidata": "Q16621310", "name": "Villa Bonelli", "status": "done", "osm_id": "way/104043477", "group": "Dimore ed edifici", "subgroup": "Residenze", "subcategory": "Villa"}, "geometry": {"type": "Point", "coordinates": [12.455326, 41.848703]}}, {"type": "Feature", "properties": {"wikidata": "Q16579623", "name": "monte Forte", "status": "done", "osm_id": "node/2588351820", "group": "Natura e paesaggio", "subgroup": "Montagna", "subcategory": "Montagna"}, "geometry": {"type": "Point", "coordinates": [13.681555555, 41.339194444]}}, {"type": "Feature", "properties": {"wikidata": "Q16586138", "name": "Palazzo Doria-Pamphilj", "status": "done", "osm_id": "way/117743130", "group": "Dimore ed edifici", "subgroup": "Residenze", "subcategory": "Palazzo"}, "geometry": {"type": "Point", "coordinates": [12.91863, 41.77633]}}, {"type": "Feature", "properties": {"wikidata": "Q16676039", "name": "Senaculum", "status": "missing", "osm_id": null, "group": "Monumenti", "subgroup": "Monumenti", "subcategory": "Monumento"}, "geometry": {"type": "Point", "coordinates": [12.484516, 41.89286]}}, {"type": "Feature", "properties": {"wikidata": "Q3970144", "name": "stazione di Minturno-Scauri", "status": "done", "osm_id": "node/13195831697", "group": "Infrastrutture", "subgroup": "Trasporti", "subcategory": "Stazione ferroviaria"}, "geometry": {"type": "Point", "coordinates": [13.7208, 41.2578]}}, {"type": "Feature", "properties": {"wikidata": "Q3970352", "name": "stazione di Oriolo", "status": "done", "osm_id": "node/382011023", "group": "Infrastrutture", "subgroup": "Trasporti", "subcategory": "Stazione ferroviaria"}, "geometry": {"type": "Point", "coordinates": [12.1383, 42.1668]}}, {"type": "Feature", "properties": {"wikidata": "Q16556993", "name": "Fossignano", "status": "done", "osm_id": "node/2385385546", "group": "Insediamenti", "subgroup": "Centri", "subcategory": "Frazione"}, "geometry": {"type": "Point", "coordinates": [12.554578, 41.592666]}}, {"type": "Feature", "properties": {"wikidata": "Q16583223", "name": "Nuovo Centro Congressi", "status": "done", "osm_id": "way/43664624", "group": "Altro", "subgroup": "Altro", "subcategory": "Altro"}, "geometry": {"type": "Point", "coordinates": [12.471638, 41.830755]}}, {"type": "Feature", "properties": {"wikidata": "Q16556449", "name": "Fontanelle", "status": "missing", "osm_id": null, "group": "Insediamenti", "subgroup": "Centri", "subcategory": "Frazione"}, "geometry": {"type": "Point", "coordinates": [13.57361111, 41.59277778]}}, {"type": "Feature", "properties": {"wikidata": "Q16579505", "name": "Monte Bianco", "status": "done", "osm_id": "node/4868594131", "group": "Natura e paesaggio", "subgroup": "Montagna", "subcategory": "Montagna"}, "geometry": {"type": "Point", "coordinates": [13.87887, 41.60291]}}, {"type": "Feature", "properties": {"wikidata": "Q3970055", "name": "stazione di Marino Laziale", "status": "done", "osm_id": "node/13526947108", "group": "Infrastrutture", "subgroup": "Trasporti", "subcategory": "Stazione ferroviaria"}, "geometry": {"type": "Point", "coordinates": [12.656, 41.7691]}}, {"type": "Feature", "properties": {"wikidata": "Q16586307", "name": "Palazzo Rospigliosi", "status": "done", "osm_id": "way/191135950", "group": "Dimore ed edifici", "subgroup": "Residenze", "subcategory": "Palazzo"}, "geometry": {"type": "Point", "coordinates": [12.831602, 41.837828]}}, {"type": "Feature", "properties": {"wikidata": "Q16590042", "name": "piazza Montanara", "status": "missing", "osm_id": null, "group": "Insediamenti", "subgroup": "Zone Urbane", "subcategory": "Piazza"}, "geometry": {"type": "Point", "coordinates": [12.48032, 41.891558]}}, {"type": "Feature", "properties": {"wikidata": "Q16586279", "name": "Palazzo Passarini Falletti", "status": "done", "osm_id": "way/219088759", "group": "Dimore ed edifici", "subgroup": "Residenze", "subcategory": "Palazzo italiano"}, "geometry": {"type": "Point", "coordinates": [12.49248056, 41.89671944]}}, {"type": "Feature", "properties": {"wikidata": "Q16609814", "name": "stazione di San Martino al Cimino", "status": "done", "osm_id": "node/4113544207", "group": "Infrastrutture", "subgroup": "Trasporti", "subcategory": "Stazione ferroviaria"}, "geometry": {"type": "Point", "coordinates": [12.108237, 42.381997]}}, {"type": "Feature", "properties": {"wikidata": "Q3970414", "name": "stazione di Pantanella", "status": "done", "osm_id": "node/13526962682", "group": "Infrastrutture", "subgroup": "Trasporti", "subcategory": "Fermata ferroviaria"}, "geometry": {"type": "Point", "coordinates": [12.635, 41.7792]}}, {"type": "Feature", "properties": {"wikidata": "Q16609953", "name": "stazione di Terracina", "status": "done", "osm_id": "node/488378052", "group": "Infrastrutture", "subgroup": "Trasporti", "subcategory": "Fermata ferroviaria"}, "geometry": {"type": "Point", "coordinates": [13.241806, 41.297554]}}, {"type": "Feature", "properties": {"wikidata": "Q16591171", "name": "Policlinico militare Celio", "status": "done", "osm_id": "relation/2132382", "group": "Altro", "subgroup": "Altro", "subcategory": "Altro"}, "geometry": {"type": "Point", "coordinates": [12.4971, 41.8865]}}, {"type": "Feature", "properties": {"wikidata": "Q16612723", "name": "Tempio di Giunone Regina", "status": "missing", "osm_id": null, "group": "Archeologia", "subgroup": "Siti", "subcategory": "Sito archeologico"}, "geometry": {"type": "Point", "coordinates": [12.47833333, 41.8925]}}, {"type": "Feature", "properties": {"wikidata": "Q16609197", "name": "stazione di Fondi-Sperlonga", "status": "done", "osm_id": "node/1884198895", "group": "Infrastrutture", "subgroup": "Trasporti", "subcategory": "Stazione ferroviaria"}, "geometry": {"type": "Point", "coordinates": [13.424944, 41.337803]}}, {"type": "Feature", "properties": {"wikidata": "Q16601126", "name": "Scuola d'arte cinematografica Gian Maria Volont\u00e9", "status": "missing", "osm_id": null, "group": "Altro", "subgroup": "Altro", "subcategory": "Altro"}, "geometry": {"type": "Point", "coordinates": [12.45841, 41.84287]}}, {"type": "Feature", "properties": {"wikidata": "Q16621425", "name": "Villa Giovanelli Fogaccia", "status": "missing", "osm_id": null, "group": "Dimore ed edifici", "subgroup": "Residenze", "subcategory": "Palazzo italiano"}, "geometry": {"type": "Point", "coordinates": [12.406439, 41.907589]}}, {"type": "Feature", "properties": {"wikidata": "Q16579510", "name": "Monte Calvo", "status": "done", "osm_id": "node/2333429901", "group": "Natura e paesaggio", "subgroup": "Montagna", "subcategory": "Montagna"}, "geometry": {"type": "Point", "coordinates": [13.13347, 41.95951]}}, {"type": "Feature", "properties": {"wikidata": "Q16616994", "name": "Torre della Moletta", "status": "missing", "osm_id": null, "group": "Fortificazioni e militare", "subgroup": "Fortificazioni", "subcategory": "Torre"}, "geometry": {"type": "Point", "coordinates": [12.488323, 41.884643]}}, {"type": "Feature", "properties": {"wikidata": "Q16586327", "name": "Palazzo Sessoriano", "status": "done", "osm_id": "way/358514852", "group": "Archeologia", "subgroup": "Siti", "subcategory": "Sito archeologico"}, "geometry": {"type": "Point", "coordinates": [12.51611137, 41.88888931]}}, {"type": "Feature", "properties": {"wikidata": "Q16591135", "name": "Poggio Pocatrabbio", "status": "done", "osm_id": "node/4678485882", "group": "Natura e paesaggio", "subgroup": "Montagna", "subcategory": "Collina"}, "geometry": {"type": "Point", "coordinates": [11.99415, 42.67233]}}, {"type": "Feature", "properties": {"wikidata": "Q16609310", "name": "stazione di Itri", "status": "missing", "osm_id": null, "group": "Insediamenti", "subgroup": "Centri", "subcategory": "Frazione"}, "geometry": {"type": "Point", "coordinates": [13.62777778, 41.29055556]}}, {"type": "Feature", "properties": {"wikidata": "Q3970367", "name": "stazione di Ostia Antica", "status": "done", "osm_id": "node/332292142", "group": "Infrastrutture", "subgroup": "Trasporti", "subcategory": "Stazione ferroviaria"}, "geometry": {"type": "Point", "coordinates": [12.3026, 41.7568]}}, {"type": "Feature", "properties": {"wikidata": "Q16585136", "name": "Organo del santuario della Santissima Annunziata a Gaeta", "status": "missing", "osm_id": null, "group": "Altro", "subgroup": "Altro", "subcategory": "Altro"}, "geometry": {"type": "Point", "coordinates": [13.581330555, 41.211961111]}}, {"type": "Feature", "properties": {"wikidata": "Q16609216", "name": "stazione di Frasso", "status": "done", "osm_id": "node/729388682", "group": "Infrastrutture", "subgroup": "Trasporti", "subcategory": "Fermata ferroviaria"}, "geometry": {"type": "Point", "coordinates": [13.200666, 41.365903]}}, {"type": "Feature", "properties": {"wikidata": "Q16583538", "name": "Ocre", "status": "done", "osm_id": "node/650717415", "group": "Insediamenti", "subgroup": "Centri", "subcategory": "Frazione"}, "geometry": {"type": "Point", "coordinates": [12.97401, 42.60006]}}, {"type": "Feature", "properties": {"wikidata": "Q16608064", "name": "Spina Santa", "status": "done", "osm_id": "node/4014296235", "group": "Natura e paesaggio", "subgroup": "Montagna", "subcategory": "Montagna"}, "geometry": {"type": "Point", "coordinates": [12.90757, 41.94174]}}, {"type": "Feature", "properties": {"wikidata": "Q16586479", "name": "ufficio postale di Ostia Lido", "status": "done", "osm_id": "relation/10750566", "group": "Amministrazione", "subgroup": "Uffici Pubblici", "subcategory": "Ufficio postale"}, "geometry": {"type": "Point", "coordinates": [12.277769444, 41.732275]}}, {"type": "Feature", "properties": {"wikidata": "Q16586044", "name": "Palazzo Capranica", "status": "missing", "osm_id": null, "group": "Dimore ed edifici", "subgroup": "Residenze", "subcategory": "Palazzo italiano"}, "geometry": {"type": "Point", "coordinates": [12.477711288, 41.900141442]}}, {"type": "Feature", "properties": {"wikidata": "Q16609052", "name": "stazione di Cittaducale", "status": "done", "osm_id": "node/1483700386", "group": "Infrastrutture", "subgroup": "Trasporti", "subcategory": "Stazione ferroviaria"}, "geometry": {"type": "Point", "coordinates": [12.942903, 42.387851]}}, {"type": "Feature", "properties": {"wikidata": "Q16608945", "name": "stazione di Capocroce", "status": "done", "osm_id": "node/739395228", "group": "Infrastrutture", "subgroup": "Trasporti", "subcategory": "Fermata ferroviaria"}, "geometry": {"type": "Point", "coordinates": [13.204625, 41.400614]}}, {"type": "Feature", "properties": {"wikidata": "Q16579620", "name": "Monte Follettoso", "status": "done", "osm_id": "node/795726094", "group": "Natura e paesaggio", "subgroup": "Montagna", "subcategory": "Montagna"}, "geometry": {"type": "Point", "coordinates": [12.86962, 42.0473]}}, {"type": "Feature", "properties": {"wikidata": "Q16579629", "name": "Monte Guardia", "status": "done", "osm_id": "node/805016219", "group": "Natura e paesaggio", "subgroup": "Montagna", "subcategory": "Montagna"}, "geometry": {"type": "Point", "coordinates": [12.85429, 42.07321]}}, {"type": "Feature", "properties": {"wikidata": "Q3970193", "name": "stazione di Montebello", "status": "done", "osm_id": "node/1313285483", "group": "Infrastrutture", "subgroup": "Trasporti", "subcategory": "Stazione ferroviaria"}, "geometry": {"type": "Point", "coordinates": [12.489, 42.011]}}, {"type": "Feature", "properties": {"wikidata": "Q16579673", "name": "Monte San Marino", "status": "done", "osm_id": "node/4691792648", "group": "Natura e paesaggio", "subgroup": "Montagna", "subcategory": "Montagna"}, "geometry": {"type": "Point", "coordinates": [13.14799, 41.62241]}}, {"type": "Feature", "properties": {"wikidata": "Q16609347", "name": "stazione di Lido di Lavinio", "status": "done", "osm_id": "node/261016711", "group": "Infrastrutture", "subgroup": "Trasporti", "subcategory": "Fermata ferroviaria"}, "geometry": {"type": "Point", "coordinates": [12.626001, 41.500615]}}, {"type": "Feature", "properties": {"wikidata": "Q16579684", "name": "Monte Sentinella", "status": "done", "osm_id": "node/2669364248", "group": "Natura e paesaggio", "subgroup": "Montagna", "subcategory": "Montagna"}, "geometry": {"type": "Point", "coordinates": [13.166666666, 41.566666666]}}, {"type": "Feature", "properties": {"wikidata": "Q16587112", "name": "parco di Monte Ciocci", "status": "missing", "osm_id": null, "group": "Natura e paesaggio", "subgroup": "Verde", "subcategory": "Parco cittadino"}, "geometry": {"type": "Point", "coordinates": [12.4401, 41.9055]}}, {"type": "Feature", "properties": {"wikidata": "Q16591694", "name": "porto di Gaeta", "status": "missing", "osm_id": null, "group": "Infrastrutture", "subgroup": "Trasporti", "subcategory": "Porto"}, "geometry": {"type": "Point", "coordinates": [13.575, 41.215]}}, {"type": "Feature", "properties": {"wikidata": "Q16621283", "name": "Villa Balestra", "status": "missing", "osm_id": null, "group": "Natura e paesaggio", "subgroup": "Verde", "subcategory": "Giardino"}, "geometry": {"type": "Point", "coordinates": [12.47371, 41.92136]}}, {"type": "Feature", "properties": {"wikidata": "Q16609114", "name": "stazione di Crocicchie", "status": "done", "osm_id": "node/268996175", "group": "Infrastrutture", "subgroup": "Trasporti", "subcategory": "Stazione ferroviaria"}, "geometry": {"type": "Point", "coordinates": [12.238796, 42.055822]}}, {"type": "Feature", "properties": {"wikidata": "Q16593033", "name": "Punta della Melazza", "status": "missing", "osm_id": null, "group": "Natura e paesaggio", "subgroup": "Montagna", "subcategory": "Montagna"}, "geometry": {"type": "Point", "coordinates": [12.9661075, 41.6774351]}}, {"type": "Feature", "properties": {"wikidata": "Q3970189", "name": "stazione di Monte Antenne", "status": "done", "osm_id": "node/1313285476", "group": "Infrastrutture", "subgroup": "Trasporti", "subcategory": "Fermata ferroviaria"}, "geometry": {"type": "Point", "coordinates": [12.496366666, 41.939130555]}}, {"type": "Feature", "properties": {"wikidata": "Q16621703", "name": "Villino Astaldi", "status": "missing", "osm_id": null, "group": "Dimore ed edifici", "subgroup": "Residenze", "subcategory": "Villa"}, "geometry": {"type": "Point", "coordinates": [12.49167, 41.918419]}}, {"type": "Feature", "properties": {"wikidata": "Q16586186", "name": "Palazzo Graziani", "status": "missing", "osm_id": null, "group": "Dimore ed edifici", "subgroup": "Residenze", "subcategory": "Palazzo"}, "geometry": {"type": "Point", "coordinates": [13.744872, 41.688791]}}, {"type": "Feature", "properties": {"wikidata": "Q16612725", "name": "Tempio di Iside a via Labicana", "status": "done", "osm_id": "way/272550469", "group": "Religione", "subgroup": "Luoghi di Culto", "subcategory": "Tempio"}, "geometry": {"type": "Point", "coordinates": [12.501189, 41.889928]}}, {"type": "Feature", "properties": {"wikidata": "Q16579591", "name": "Monte Chiavino", "status": "done", "osm_id": "node/1287775258", "group": "Natura e paesaggio", "subgroup": "Montagna", "subcategory": "Montagna"}, "geometry": {"type": "Point", "coordinates": [13.43515, 41.41318]}}, {"type": "Feature", "properties": {"wikidata": "Q16609443", "name": "stazione di Monte San Biagio-Terracina Mare", "status": "done", "osm_id": "way/147562719", "group": "Infrastrutture", "subgroup": "Trasporti", "subcategory": "Stazione ferroviaria"}, "geometry": {"type": "Point", "coordinates": [13.347077, 41.346126]}}, {"type": "Feature", "properties": {"wikidata": "Q16621567", "name": "Villa Serventi", "status": "missing", "osm_id": null, "group": "Dimore ed edifici", "subgroup": "Residenze", "subcategory": "Villa"}, "geometry": {"type": "Point", "coordinates": [12.528547, 41.88699]}}, {"type": "Feature", "properties": {"wikidata": "Q16591139", "name": "Poggio di Coccia", "status": "done", "osm_id": "node/3755852349", "group": "Natura e paesaggio", "subgroup": "Montagna", "subcategory": "Montagna"}, "geometry": {"type": "Point", "coordinates": [12.06479, 42.20841]}}, {"type": "Feature", "properties": {"wikidata": "Q16579655", "name": "Monte Perentile", "status": "done", "osm_id": "node/828751287", "group": "Natura e paesaggio", "subgroup": "Montagna", "subcategory": "Montagna"}, "geometry": {"type": "Point", "coordinates": [13.03629, 41.60621]}}, {"type": "Feature", "properties": {"wikidata": "Q3970248", "name": "stazione di Muratella", "status": "done", "osm_id": "node/1313285444", "group": "Infrastrutture", "subgroup": "Trasporti", "subcategory": "Fermata ferroviaria"}, "geometry": {"type": "Point", "coordinates": [12.4087, 41.8248]}}, {"type": "Feature", "properties": {"wikidata": "Q16579781", "name": "Montevirginio", "status": "done", "osm_id": "node/452629411", "group": "Insediamenti", "subgroup": "Centri", "subcategory": "Frazione"}, "geometry": {"type": "Point", "coordinates": [12.124889, 42.150735]}}, {"type": "Feature", "properties": {"wikidata": "Q16591130", "name": "Poggio Castellano", "status": "done", "osm_id": "node/2152318435", "group": "Insediamenti", "subgroup": "Centri", "subcategory": "Frazione"}, "geometry": {"type": "Point", "coordinates": [13.28555556, 42.61694444]}}, {"type": "Feature", "properties": {"wikidata": "Q16590058", "name": "piazza Santi Apostoli", "status": "done", "osm_id": "way/32454221", "group": "Insediamenti", "subgroup": "Zone Urbane", "subcategory": "Piazza"}, "geometry": {"type": "Point", "coordinates": [12.48299, 41.89779]}}, {"type": "Feature", "properties": {"wikidata": "Q3970185", "name": "stazione di Montalto di Castro", "status": "done", "osm_id": "node/10699202290", "group": "Infrastrutture", "subgroup": "Trasporti", "subcategory": "Stazione ferroviaria"}, "geometry": {"type": "Point", "coordinates": [11.5952, 42.3348]}}, {"type": "Feature", "properties": {"wikidata": "Q3970230", "name": "stazione di Morolo", "status": "done", "osm_id": "node/13537089003", "group": "Infrastrutture", "subgroup": "Trasporti", "subcategory": "Stazione ferroviaria"}, "geometry": {"type": "Point", "coordinates": [13.1945, 41.6669]}}, {"type": "Feature", "properties": {"wikidata": "Q16608933", "name": "stazione di Canetra", "status": "done", "osm_id": "node/2028833189", "group": "Infrastrutture", "subgroup": "Trasporti", "subcategory": "Fermata ferroviaria"}, "geometry": {"type": "Point", "coordinates": [13.029104, 42.391619]}}, {"type": "Feature", "properties": {"wikidata": "Q16621626", "name": "Villa del Vascello", "status": "missing", "osm_id": null, "group": "Dimore ed edifici", "subgroup": "Residenze", "subcategory": "Villa"}, "geometry": {"type": "Point", "coordinates": [12.459437, 41.887937]}}, {"type": "Feature", "properties": {"wikidata": "Q16608987", "name": "stazione di Castel Sant\u2019Angelo", "status": "done", "osm_id": "node/530775445", "group": "Infrastrutture", "subgroup": "Trasporti", "subcategory": "Stazione ferroviaria"}, "geometry": {"type": "Point", "coordinates": [13.017415, 42.379764]}}, {"type": "Feature", "properties": {"wikidata": "Q16586154", "name": "Palazzo Felici", "status": "missing", "osm_id": null, "group": "Dimore ed edifici", "subgroup": "Residenze", "subcategory": "Palazzo"}, "geometry": {"type": "Point", "coordinates": [12.97134, 41.584943]}}, {"type": "Feature", "properties": {"wikidata": "Q16612514", "name": "Teatro Petrolini", "status": "done", "osm_id": "node/2737700137", "group": "Cultura e tempo libero", "subgroup": "Spettacolo", "subcategory": "Teatro"}, "geometry": {"type": "Point", "coordinates": [12.473998, 41.880219]}}, {"type": "Feature", "properties": {"wikidata": "Q16579646", "name": "Monte Morra", "status": "done", "osm_id": "node/650211564", "group": "Natura e paesaggio", "subgroup": "Montagna", "subcategory": "Montagna"}, "geometry": {"type": "Point", "coordinates": [12.84107, 42.03453]}}, {"type": "Feature", "properties": {"wikidata": "Q3970374", "name": "stazione di Ottavia", "status": "done", "osm_id": "node/1406563934", "group": "Infrastrutture", "subgroup": "Trasporti", "subcategory": "Fermata ferroviaria"}, "geometry": {"type": "Point", "coordinates": [12.4103, 41.9604]}}, {"type": "Feature", "properties": {"wikidata": "Q16579508", "name": "Monte Calvo", "status": "done", "osm_id": "node/735293596", "group": "Natura e paesaggio", "subgroup": "Montagna", "subcategory": "Montagna"}, "geometry": {"type": "Point", "coordinates": [13.35612, 41.40213]}}, {"type": "Feature", "properties": {"wikidata": "Q16579712", "name": "Monte delle Pianezze", "status": "done", "osm_id": "node/4870670547", "group": "Natura e paesaggio", "subgroup": "Montagna", "subcategory": "Montagna"}, "geometry": {"type": "Point", "coordinates": [13.13015, 41.89054]}}, {"type": "Feature", "properties": {"wikidata": "Q16609322", "name": "stazione di La Fiora", "status": "done", "osm_id": "node/1751430921", "group": "Infrastrutture", "subgroup": "Trasporti", "subcategory": "Fermata ferroviaria"}, "geometry": {"type": "Point", "coordinates": [13.198794, 41.333091]}}, {"type": "Feature", "properties": {"wikidata": "Q16608802", "name": "stazione di Bassano Romano", "status": "done", "osm_id": "node/382011048", "group": "Infrastrutture", "subgroup": "Trasporti", "subcategory": "Stazione ferroviaria"}, "geometry": {"type": "Point", "coordinates": [12.152475, 42.212418]}}, {"type": "Feature", "properties": {"wikidata": "Q16609551", "name": "stazione di Padiglione", "status": "done", "osm_id": "node/13036953186", "group": "Infrastrutture", "subgroup": "Trasporti", "subcategory": "Stazione ferroviaria"}, "geometry": {"type": "Point", "coordinates": [12.62926, 41.513564]}}, {"type": "Feature", "properties": {"wikidata": "Q16610050", "name": "stazione di Vico Matrino", "status": "done", "osm_id": "node/4108338997", "group": "Infrastrutture", "subgroup": "Trasporti", "subcategory": "Stazione ferroviaria"}, "geometry": {"type": "Point", "coordinates": [12.121493, 42.277964]}}, {"type": "Feature", "properties": {"wikidata": "Q3970360", "name": "stazione di Orte", "status": "done", "osm_id": "node/12048036719", "group": "Infrastrutture", "subgroup": "Trasporti", "subcategory": "Stazione ferroviaria"}, "geometry": {"type": "Point", "coordinates": [12.40888889, 42.43722222]}}, {"type": "Feature", "properties": {"wikidata": "Q16579588", "name": "Monte Cerella", "status": "done", "osm_id": "node/3639339619", "group": "Natura e paesaggio", "subgroup": "Montagna", "subcategory": "Montagna"}, "geometry": {"type": "Point", "coordinates": [12.92856, 41.92572]}}, {"type": "Feature", "properties": {"wikidata": "Q3970291", "name": "stazione di Nettuno", "status": "done", "osm_id": "way/30825384", "group": "Infrastrutture", "subgroup": "Trasporti", "subcategory": "Stazione ferroviaria"}, "geometry": {"type": "Point", "coordinates": [12.662, 41.4594]}}, {"type": "Feature", "properties": {"wikidata": "Q16579518", "name": "Monte Carella", "status": "missing", "osm_id": null, "group": "Natura e paesaggio", "subgroup": "Montagna", "subcategory": "Montagna"}, "geometry": {"type": "Point", "coordinates": [13.90953, 41.60106]}}, {"type": "Feature", "properties": {"wikidata": "Q16579614", "name": "Monte Failone", "status": "missing", "osm_id": null, "group": "Natura e paesaggio", "subgroup": "Montagna", "subcategory": "Montagna"}, "geometry": {"type": "Point", "coordinates": [12.988653, 41.664772]}}, {"type": "Feature", "properties": {"wikidata": "Q16591312", "name": "Ponte Minucio", "status": "missing", "osm_id": null, "group": "Infrastrutture", "subgroup": "Trasporti", "subcategory": "Ponte"}, "geometry": {"type": "Point", "coordinates": [12.444822, 42.381781]}}, {"type": "Feature", "properties": {"wikidata": "Q3970339", "name": "stazione di Olgiata", "status": "done", "osm_id": "node/1313285450", "group": "Infrastrutture", "subgroup": "Trasporti", "subcategory": "Stazione ferroviaria"}, "geometry": {"type": "Point", "coordinates": [12.3637, 42.0148]}}, {"type": "Feature", "properties": {"wikidata": "Q16586334", "name": "Palazzo Sipari", "status": "missing", "osm_id": null, "group": "Dimore ed edifici", "subgroup": "Residenze", "subcategory": "Palazzo"}, "geometry": {"type": "Point", "coordinates": [13.745247, 41.688764]}}, {"type": "Feature", "properties": {"wikidata": "Q16580704", "name": "Mutatorium Caesaris", "status": "missing", "osm_id": null, "group": "Dimore ed edifici", "subgroup": "Strutture Varie", "subcategory": "Edificio"}, "geometry": {"type": "Point", "coordinates": [12.49555556, 41.88111111]}}, {"type": "Feature", "properties": {"wikidata": "Q16609388", "name": "stazione di Manziana-Canale Monterano", "status": "done", "osm_id": "node/614333310", "group": "Infrastrutture", "subgroup": "Trasporti", "subcategory": "Stazione ferroviaria"}, "geometry": {"type": "Point", "coordinates": [12.134751, 42.128243]}}, {"type": "Feature", "properties": {"wikidata": "Q16608749", "name": "stazione di Anzio Colonia", "status": "done", "osm_id": "node/13036978876", "group": "Infrastrutture", "subgroup": "Trasporti", "subcategory": "Fermata ferroviaria"}, "geometry": {"type": "Point", "coordinates": [12.616069, 41.461702]}}, {"type": "Feature", "properties": {"wikidata": "Q16579605", "name": "Monte Croce", "status": "done", "osm_id": "node/4870670550", "group": "Natura e paesaggio", "subgroup": "Montagna", "subcategory": "Montagna"}, "geometry": {"type": "Point", "coordinates": [12.99104, 42.11804]}}, {"type": "Feature", "properties": {"wikidata": "Q16610056", "name": "stazione di Villa Claudia", "status": "done", "osm_id": "way/742858104", "group": "Infrastrutture", "subgroup": "Trasporti", "subcategory": "Fermata ferroviaria"}, "geometry": {"type": "Point", "coordinates": [12.617143, 41.484418]}}, {"type": "Feature", "properties": {"wikidata": "Q16586180", "name": "Palazzo Giorgioli", "status": "done", "osm_id": "relation/5163765", "group": "Dimore ed edifici", "subgroup": "Residenze", "subcategory": "Palazzo italiano"}, "geometry": {"type": "Point", "coordinates": [12.49655556, 41.89761111]}}, {"type": "Feature", "properties": {"wikidata": "Q3663192", "name": "catacombe di Commodilla", "status": "done", "osm_id": "node/4907618679", "group": "Altro", "subgroup": "Altro", "subcategory": "Altro"}, "geometry": {"type": "Point", "coordinates": [12.483472, 41.861167]}}, {"type": "Feature", "properties": {"wikidata": "Q3668736", "name": "chiesa dell'Annunziata", "status": "missing", "osm_id": null, "group": "Religione", "subgroup": "Luoghi di Culto", "subcategory": "Chiesa"}, "geometry": {"type": "Point", "coordinates": [12.6936, 41.70543]}}, {"type": "Feature", "properties": {"wikidata": "Q3668614", "name": "chiesa del Sacro Cuore di Ges\u00f9 agonizzante", "status": "done", "osm_id": "way/156496345", "group": "Religione", "subgroup": "Luoghi di Culto", "subcategory": "Chiesa"}, "geometry": {"type": "Point", "coordinates": [12.40711111, 41.79115833]}}, {"type": "Feature", "properties": {"wikidata": "Q3663207", "name": "Catacombe di San Zotico", "status": "done", "osm_id": "node/11601681552", "group": "Altro", "subgroup": "Altro", "subcategory": "Altro"}, "geometry": {"type": "Point", "coordinates": [12.667922, 41.850465]}}, {"type": "Feature", "properties": {"wikidata": "Q3668103", "name": "chiesa dei Santi Cirillo e Metodio", "status": "done", "osm_id": "way/880587069", "group": "Religione", "subgroup": "Luoghi di Culto", "subcategory": "Chiesa"}, "geometry": {"type": "Point", "coordinates": [12.34503, 41.78895]}}, {"type": "Feature", "properties": {"wikidata": "Q3668635", "name": "chiesa del Santissimo Crocifisso", "status": "missing", "osm_id": null, "group": "Religione", "subgroup": "Luoghi di Culto", "subcategory": "Chiesa"}, "geometry": {"type": "Point", "coordinates": [12.71018, 41.76072]}}, {"type": "Feature", "properties": {"wikidata": "Q3664909", "name": "Centro trasmittente di Monte Mario", "status": "done", "osm_id": "node/616883951", "group": "Altro", "subgroup": "Altro", "subcategory": "Altro"}, "geometry": {"type": "Point", "coordinates": [12.4455, 41.9193]}}, {"type": "Feature", "properties": {"wikidata": "Q3668062", "name": "chiesa dei Sacri Cuori di Ges\u00f9 e Maria", "status": "done", "osm_id": "way/374261984", "group": "Religione", "subgroup": "Luoghi di Culto", "subcategory": "Chiesa"}, "geometry": {"type": "Point", "coordinates": [12.511173, 41.93427]}}, {"type": "Feature", "properties": {"wikidata": "Q3668760", "name": "chiesa dell'Ascensione di Nostro Signore Ges\u00f9 Cristo", "status": "done", "osm_id": "way/367518009", "group": "Religione", "subgroup": "Luoghi di Culto", "subcategory": "Chiesa"}, "geometry": {"type": "Point", "coordinates": [12.577155, 41.89374]}}, {"type": "Feature", "properties": {"wikidata": "Q3664649", "name": "centrale termoelettrica di Torrevaldaliga Nord", "status": "done", "osm_id": "way/82114731", "group": "Altro", "subgroup": "Altro", "subcategory": "Altro"}, "geometry": {"type": "Point", "coordinates": [11.758437, 42.127432]}}, {"type": "Feature", "properties": {"wikidata": "Q3668394", "name": "chiesa dei Santi Quaranta Martiri e San Pasquale Baylon", "status": "done", "osm_id": "way/202319244", "group": "Religione", "subgroup": "Luoghi di Culto", "subcategory": "Chiesa"}, "geometry": {"type": "Point", "coordinates": [12.472692, 41.88581]}}, {"type": "Feature", "properties": {"wikidata": "Q3668622", "name": "chiesa del Santissimo Corpo e Sangue di Cristo", "status": "done", "osm_id": "way/111876350", "group": "Religione", "subgroup": "Luoghi di Culto", "subcategory": "Chiesa"}, "geometry": {"type": "Point", "coordinates": [12.52741, 41.88012]}}, {"type": "Feature", "properties": {"wikidata": "Q3668127", "name": "chiesa dei Santi Elisabetta e Zaccaria", "status": "done", "osm_id": "way/200722089", "group": "Religione", "subgroup": "Luoghi di Culto", "subcategory": "Chiesa"}, "geometry": {"type": "Point", "coordinates": [12.466863, 42.029882]}}, {"type": "Feature", "properties": {"wikidata": "Q3668661", "name": "chiesa del Santissimo Redentore e Santa Francesca Saverio Cabrini", "status": "done", "osm_id": "way/338689254", "group": "Religione", "subgroup": "Luoghi di Culto", "subcategory": "Chiesa"}, "geometry": {"type": "Point", "coordinates": [12.496472222, 41.909777777]}}, {"type": "Feature", "properties": {"wikidata": "Q3668471", "name": "chiesa dei Santi Vincenzo e Anastasio alle Tre Fontane", "status": "done", "osm_id": "way/151845606", "group": "Religione", "subgroup": "Luoghi di Culto", "subcategory": "Chiesa"}, "geometry": {"type": "Point", "coordinates": [12.483501, 41.834457]}}, {"type": "Feature", "properties": {"wikidata": "Q3668746", "name": "chiesa dell'Annunziatella", "status": "done", "osm_id": "way/323057808", "group": "Religione", "subgroup": "Luoghi di Culto", "subcategory": "Chiesa"}, "geometry": {"type": "Point", "coordinates": [12.511402, 41.835647]}}, {"type": "Feature", "properties": {"wikidata": "Q3663208", "name": "Catacombe di Sant'Alessandro", "status": "done", "osm_id": "way/261584567", "group": "Altro", "subgroup": "Altro", "subcategory": "Altro"}, "geometry": {"type": "Point", "coordinates": [12.59380278, 41.96218889]}}, {"type": "Feature", "properties": {"wikidata": "Q3664410", "name": "cenotafio di Annia Regilla", "status": "done", "osm_id": "way/23956865", "group": "Archeologia", "subgroup": "Siti", "subcategory": "Sito archeologico"}, "geometry": {"type": "Point", "coordinates": [12.5165, 41.8653]}}, {"type": "Feature", "properties": {"wikidata": "Q3668606", "name": "chiesa del Sacro Cuore del Suffragio", "status": "done", "osm_id": "relation/19373247", "group": "Religione", "subgroup": "Luoghi di Culto", "subcategory": "Chiesa parrocchiale"}, "geometry": {"type": "Point", "coordinates": [12.4723, 41.9042]}}, {"type": "Feature", "properties": {"wikidata": "Q3668664", "name": "chiesa del Santissimo Rosario di Pompei", "status": "done", "osm_id": "way/1357193140", "group": "Religione", "subgroup": "Luoghi di Culto", "subcategory": "Chiesa"}, "geometry": {"type": "Point", "coordinates": [12.500388888, 41.90675]}}, {"type": "Feature", "properties": {"wikidata": "Q3668147", "name": "chiesa dei Santi Fidenzio e Terenzio", "status": "missing", "osm_id": null, "group": "Religione", "subgroup": "Luoghi di Culto", "subcategory": "Chiesa"}, "geometry": {"type": "Point", "coordinates": [12.315146, 42.466885]}}, {"type": "Feature", "properties": {"wikidata": "Q3668693", "name": "chiesa del Santo Volto di Ges\u00f9", "status": "done", "osm_id": "way/316882811", "group": "Religione", "subgroup": "Luoghi di Culto", "subcategory": "Chiesa"}, "geometry": {"type": "Point", "coordinates": [12.45888056, 41.85196667]}}, {"type": "Feature", "properties": {"wikidata": "Q3668193", "name": "chiesa dei Santi Giorgio e Martiri inglesi", "status": "done", "osm_id": "way/201751102", "group": "Religione", "subgroup": "Luoghi di Culto", "subcategory": "Chiesa"}, "geometry": {"type": "Point", "coordinates": [12.48229, 41.90688]}}, {"type": "Feature", "properties": {"wikidata": "Q3668445", "name": "ex chiesa dei Santi Simone e Giuda", "status": "missing", "osm_id": null, "group": "Religione", "subgroup": "Luoghi di Culto", "subcategory": "Ex chiesa"}, "geometry": {"type": "Point", "coordinates": [12.4694, 41.9003]}}, {"type": "Feature", "properties": {"wikidata": "Q3667395", "name": "Chia", "status": "done", "osm_id": "node/6207290434", "group": "Insediamenti", "subgroup": "Centri", "subcategory": "Frazione"}, "geometry": {"type": "Point", "coordinates": [12.27727, 42.47053]}}, {"type": "Feature", "properties": {"wikidata": "Q3668612", "name": "chiesa del Sacro Cuore di Ges\u00f9 a Villa Lante", "status": "done", "osm_id": "way/130744258", "group": "Religione", "subgroup": "Luoghi di Culto", "subcategory": "Chiesa"}, "geometry": {"type": "Point", "coordinates": [12.462805555, 41.893861111]}}, {"type": "Feature", "properties": {"wikidata": "Q3663215", "name": "Catacombe di via Anapo", "status": "missing", "osm_id": null, "group": "Altro", "subgroup": "Altro", "subcategory": "Altro"}, "geometry": {"type": "Point", "coordinates": [12.5062, 41.9264]}}, {"type": "Feature", "properties": {"wikidata": "Q3668589", "name": "chiesa del Sacro Cuore", "status": "missing", "osm_id": null, "group": "Religione", "subgroup": "Luoghi di Culto", "subcategory": "Chiesa"}, "geometry": {"type": "Point", "coordinates": [12.672194, 41.787361]}}, {"type": "Feature", "properties": {"wikidata": "Q3664882", "name": "Centro sportivo Fulvio Bernardini", "status": "missing", "osm_id": null, "group": "Altro", "subgroup": "Altro", "subcategory": "Altro"}, "geometry": {"type": "Point", "coordinates": [12.4667, 41.7481]}}, {"type": "Feature", "properties": {"wikidata": "Q3668535", "name": "chiesa del Corpus Domini", "status": "done", "osm_id": "way/360603734", "group": "Religione", "subgroup": "Luoghi di Culto", "subcategory": "Chiesa"}, "geometry": {"type": "Point", "coordinates": [12.503838, 41.910633]}}, {"type": "Feature", "properties": {"wikidata": "Q3668224", "name": "chiesa dei Santi Ildefonso e Tommaso da Villanova", "status": "done", "osm_id": "way/202313171", "group": "Religione", "subgroup": "Luoghi di Culto", "subcategory": "Chiesa"}, "geometry": {"type": "Point", "coordinates": [12.487359, 41.903853]}}, {"type": "Feature", "properties": {"wikidata": "Q3668671", "name": "chiesa del Santissimo Sacramento a Tor de' Schiavi", "status": "done", "osm_id": "way/181678406", "group": "Religione", "subgroup": "Luoghi di Culto", "subcategory": "Chiesa"}, "geometry": {"type": "Point", "coordinates": [12.557713, 41.89211]}}, {"type": "Feature", "properties": {"wikidata": "Q3663204", "name": "Catacombe di San Senatore", "status": "done", "osm_id": "node/1602744925", "group": "Altro", "subgroup": "Altro", "subcategory": "Altro"}, "geometry": {"type": "Point", "coordinates": [12.6639045, 41.7231167]}}, {"type": "Feature", "properties": {"wikidata": "Q3668599", "name": "basilica del Sacro Cuore Immacolato di Maria", "status": "done", "osm_id": "way/115891901", "group": "Religione", "subgroup": "Luoghi di Culto", "subcategory": "Basilica minore"}, "geometry": {"type": "Point", "coordinates": [12.481077777, 41.927377777]}}, {"type": "Feature", "properties": {"wikidata": "Q3668611", "name": "chiesa del Sacro Cuore di Ges\u00f9 a Ponte Mammolo", "status": "done", "osm_id": "way/327405058", "group": "Religione", "subgroup": "Luoghi di Culto", "subcategory": "Chiesa"}, "geometry": {"type": "Point", "coordinates": [12.56876, 41.92854]}}, {"type": "Feature", "properties": {"wikidata": "Q3663214", "name": "Catacombe di Vigna Randanini", "status": "done", "osm_id": "way/775015356", "group": "Altro", "subgroup": "Altro", "subcategory": "Altro"}, "geometry": {"type": "Point", "coordinates": [12.5185, 41.8568]}}, {"type": "Feature", "properties": {"wikidata": "Q3668683", "name": "chiesa del Santissimo Sudario dei Piemontesi", "status": "done", "osm_id": "way/125831636", "group": "Altro", "subgroup": "Altro", "subcategory": "Altro"}, "geometry": {"type": "Point", "coordinates": [12.475637, 41.896004]}}, {"type": "Feature", "properties": {"wikidata": "Q3664638", "name": "centrale termoelettrica \"Alessandro Volta\"", "status": "done", "osm_id": "way/96951146", "group": "Altro", "subgroup": "Altro", "subcategory": "Altro"}, "geometry": {"type": "Point", "coordinates": [11.5363892, 42.3583234]}}, {"type": "Feature", "properties": {"wikidata": "Q3664595", "name": "centrale idroelettrica di Scandarello", "status": "done", "osm_id": "way/261845618", "group": "Altro", "subgroup": "Altro", "subcategory": "Altro"}, "geometry": {"type": "Point", "coordinates": [13.27028, 42.64148]}}, {"type": "Feature", "properties": {"wikidata": "Q3668230", "name": "chiesa dei Santi Isidoro e Eurosia", "status": "missing", "osm_id": null, "group": "Religione", "subgroup": "Luoghi di Culto", "subcategory": "Chiesa"}, "geometry": {"type": "Point", "coordinates": [12.49194, 41.860636]}}, {"type": "Feature", "properties": {"wikidata": "Q3668548", "name": "chiesa del Cuore Immacolato della Vergine Maria", "status": "done", "osm_id": "way/462390603", "group": "Religione", "subgroup": "Luoghi di Culto", "subcategory": "Chiesa"}, "geometry": {"type": "Point", "coordinates": [12.662561, 41.726613]}}, {"type": "Feature", "properties": {"wikidata": "Q3668131", "name": "chiesa dei Santi Fabiano e Sebastiano", "status": "missing", "osm_id": null, "group": "Religione", "subgroup": "Luoghi di Culto", "subcategory": "Chiesa"}, "geometry": {"type": "Point", "coordinates": [13.126029, 42.264873]}}, {"type": "Feature", "properties": {"wikidata": "Q3663189", "name": "Catacomba di Santa Tecla", "status": "missing", "osm_id": null, "group": "Altro", "subgroup": "Altro", "subcategory": "Altro"}, "geometry": {"type": "Point", "coordinates": [12.478861, 41.851389]}}, {"type": "Feature", "properties": {"wikidata": "Q3663727", "name": "Cattedrale di Santa Margherita", "status": "done", "osm_id": "way/488082915", "group": "Religione", "subgroup": "Luoghi di Culto", "subcategory": "Basilica minore"}, "geometry": {"type": "Point", "coordinates": [12.0303, 42.5366]}}, {"type": "Feature", "properties": {"wikidata": "Q3668467", "name": "chiesa dei Santi Urbano e Lorenzo a Prima Porta", "status": "done", "osm_id": "way/399325720", "group": "Religione", "subgroup": "Luoghi di Culto", "subcategory": "Chiesa"}, "geometry": {"type": "Point", "coordinates": [12.492595, 42.001036]}}, {"type": "Feature", "properties": {"wikidata": "Q3664707", "name": "Centro Giano", "status": "done", "osm_id": "node/291910796", "group": "Insediamenti", "subgroup": "Centri", "subcategory": "Frazione"}, "geometry": {"type": "Point", "coordinates": [12.378055555, 41.795]}}, {"type": "Feature", "properties": {"wikidata": "Q3663197", "name": "Catacombe di Pretestato", "status": "done", "osm_id": "way/310703894", "group": "Altro", "subgroup": "Altro", "subcategory": "Altro"}, "geometry": {"type": "Point", "coordinates": [12.5153, 41.8588]}}, {"type": "Feature", "properties": {"wikidata": "Q3664885", "name": "S.S. Lazio Training Center", "status": "missing", "osm_id": null, "group": "Cultura e tempo libero", "subgroup": "Sport", "subcategory": "Impianto sportivo"}, "geometry": {"type": "Point", "coordinates": [12.410389722, 42.050558333]}}, {"type": "Feature", "properties": {"wikidata": "Q3663195", "name": "Catacombe di Generosa", "status": "missing", "osm_id": null, "group": "Altro", "subgroup": "Altro", "subcategory": "Altro"}, "geometry": {"type": "Point", "coordinates": [12.432818, 41.836122]}}, {"type": "Feature", "properties": {"wikidata": "Q3668081", "name": "chiesa dei Santi Aquila e Priscilla", "status": "done", "osm_id": "way/74698849", "group": "Religione", "subgroup": "Luoghi di Culto", "subcategory": "Chiesa"}, "geometry": {"type": "Point", "coordinates": [12.473083, 41.866753]}}, {"type": "Feature", "properties": {"wikidata": "Q3668156", "name": "chiesa dei Santi Francesco e Caterina Patroni d'Italia", "status": "missing", "osm_id": null, "group": "Religione", "subgroup": "Luoghi di Culto", "subcategory": "Chiesa"}, "geometry": {"type": "Point", "coordinates": [12.464862, 41.87381]}}, {"type": "Feature", "properties": {"wikidata": "Q3668392", "name": "chiesa dei Santi Protomartiri Romani", "status": "done", "osm_id": "way/128138307", "group": "Religione", "subgroup": "Luoghi di Culto", "subcategory": "Chiesa"}, "geometry": {"type": "Point", "coordinates": [12.44135, 41.89457]}}, {"type": "Feature", "properties": {"wikidata": "Q3668265", "name": "chiesa dei Santi Marcellino e Pietro ad Duas Lauros", "status": "done", "osm_id": "way/360618547", "group": "Religione", "subgroup": "Luoghi di Culto", "subcategory": "Chiesa"}, "geometry": {"type": "Point", "coordinates": [12.54863, 41.87819]}}, {"type": "Feature", "properties": {"wikidata": "Q3663193", "name": "Catacombe di Ad Decimum", "status": "done", "osm_id": "node/2290944893", "group": "Archeologia", "subgroup": "Siti", "subcategory": "Sito archeologico"}, "geometry": {"type": "Point", "coordinates": [12.6388251, 41.8029531]}}, {"type": "Feature", "properties": {"wikidata": "Q3668742", "name": "chiesa dell'Annunziata", "status": "done", "osm_id": "way/838332316", "group": "Religione", "subgroup": "Luoghi di Culto", "subcategory": "Chiesa"}, "geometry": {"type": "Point", "coordinates": [13.250838414, 41.290143518]}}, {"type": "Feature", "properties": {"wikidata": "Q3664923", "name": "Centroni", "status": "done", "osm_id": "node/4327523427", "group": "Insediamenti", "subgroup": "Centri", "subcategory": "Frazione"}, "geometry": {"type": "Point", "coordinates": [12.629444444, 41.8125]}}, {"type": "Feature", "properties": {"wikidata": "Q3668215", "name": "chiesa dei Santi Giuseppe e Orsola", "status": "missing", "osm_id": null, "group": "Religione", "subgroup": "Luoghi di Culto", "subcategory": "Ex chiesa"}, "geometry": {"type": "Point", "coordinates": [12.478416666, 41.906666666]}}, {"type": "Feature", "properties": {"wikidata": "Q3664378", "name": "Cencio la Parolaccia", "status": "done", "osm_id": "node/2138753806", "group": "Altro", "subgroup": "Altro", "subcategory": "Altro"}, "geometry": {"type": "Point", "coordinates": [12.4688935, 41.8904532]}}, {"type": "Feature", "properties": {"wikidata": "Q3668735", "name": "chiesa dell'Annunziata", "status": "missing", "osm_id": null, "group": "Religione", "subgroup": "Luoghi di Culto", "subcategory": "Chiesa"}, "geometry": {"type": "Point", "coordinates": [13.62783, 41.28527]}}, {"type": "Feature", "properties": {"wikidata": "Q3668274", "name": "chiesa dei Santi Maria e Gallicano", "status": "done", "osm_id": "way/203650352", "group": "Religione", "subgroup": "Luoghi di Culto", "subcategory": "Chiesa"}, "geometry": {"type": "Point", "coordinates": [12.472903, 41.888629]}}, {"type": "Feature", "properties": {"wikidata": "Q3663216", "name": "Catacombe di Villa Torlonia", "status": "missing", "osm_id": null, "group": "Altro", "subgroup": "Altro", "subcategory": "Altro"}, "geometry": {"type": "Point", "coordinates": [12.509403721, 41.913948435]}}, {"type": "Feature", "properties": {"wikidata": "Q3668659", "name": "chiesa del Santissimo Redentore a Val Melaina", "status": "done", "osm_id": "way/293693312", "group": "Religione", "subgroup": "Luoghi di Culto", "subcategory": "Chiesa"}, "geometry": {"type": "Point", "coordinates": [12.528503, 41.948011]}}, {"type": "Feature", "properties": {"wikidata": "Q3668436", "name": "chiesa dei Santi Sette Fondatori", "status": "done", "osm_id": "way/223976765", "group": "Religione", "subgroup": "Luoghi di Culto", "subcategory": "Chiesa"}, "geometry": {"type": "Point", "coordinates": [12.512956, 41.910935]}}, {"type": "Feature", "properties": {"wikidata": "Q3665048", "name": "Cerchiara", "status": "done", "osm_id": "node/4424898926", "group": "Insediamenti", "subgroup": "Centri", "subcategory": "Frazione"}, "geometry": {"type": "Point", "coordinates": [12.77942, 42.36019]}}, {"type": "Feature", "properties": {"wikidata": "Q3668568", "name": "chiesa del Preziosissimo Sangue di Nostro Signore Ges\u00f9 Cristo", "status": "done", "osm_id": "way/455823588", "group": "Religione", "subgroup": "Luoghi di Culto", "subcategory": "Chiesa"}, "geometry": {"type": "Point", "coordinates": [12.474122222, 41.946102777]}}, {"type": "Feature", "properties": {"wikidata": "Q3663210", "name": "CatacSPARQL-QUERY: queryStr=SELECT DISTINCT ?qid ?lat ?lon ?itemLabel ?type WHERE {", "status": "done", "osm_id": "node/11495723024", "group": "Altro", "subgroup": "Altro", "subcategory": "Altro"}, "geometry": {"type": "Point", "coordinates": [12.497285, 41.917869]}}]}