{"type": "FeatureCollection", "features": [{"type": "Feature", "properties": {"wikidata": "Q448096", "name": "Q448096", "status": "missing", "osm_id": null, "type": "regione geografica"}, "geometry": {"type": "Point", "coordinates": [15.7, 40.95]}}, {"type": "Feature", "properties": {"wikidata": "Q3621493", "name": "Q3621493", "status": "done", "osm_id": "way/907515164", "type": "parco archeologico"}, "geometry": {"type": "Point", "coordinates": [15.595315, 40.680313]}}, {"type": "Feature", "properties": {"wikidata": "Q248543", "name": "Q248543", "status": "done", "osm_id": "way/1004022533", "type": "parco regionale"}, "geometry": {"type": "Point", "coordinates": [16.1078, 40.5109]}}, {"type": "Feature", "properties": {"wikidata": "Q2350404", "name": "Q2350404", "status": "done", "osm_id": "relation/15970661", "type": "quartiere"}, "geometry": {"type": "Point", "coordinates": [16.6083, 40.6667]}}, {"type": "Feature", "properties": {"wikidata": "Q2942730", "name": "Q2942730", "status": "done", "osm_id": "way/317588907", "type": "concattedrale"}, "geometry": {"type": "Point", "coordinates": [15.4874581, 40.7534412]}}, {"type": "Feature", "properties": {"wikidata": "Q1568583", "name": "Q1568583", "status": "done", "osm_id": "way/245333913", "type": "museo del Ministero della Cultura italiano"}, "geometry": {"type": "Point", "coordinates": [16.6704, 40.2195]}}, {"type": "Feature", "properties": {"wikidata": "Q2832910", "name": "Q2832910", "status": "done", "osm_id": "node/1594361806", "type": "frazione"}, "geometry": {"type": "Point", "coordinates": [16.689722222, 40.363611111]}}, {"type": "Feature", "properties": {"wikidata": "Q2968007", "name": "Q2968007", "status": "done", "osm_id": "way/216895891", "type": "castello"}, "geometry": {"type": "Point", "coordinates": [16.605953, 40.663916]}}, {"type": "Feature", "properties": {"wikidata": "Q2942757", "name": "Q2942757", "status": "done", "osm_id": "way/349586024", "type": "cattedrale"}, "geometry": {"type": "Point", "coordinates": [15.80633, 40.6403]}}, {"type": "Feature", "properties": {"wikidata": "Q791190", "name": "Q791190", "status": "done", "osm_id": "relation/2531549", "type": "fiume"}, "geometry": {"type": "Point", "coordinates": [16.8183, 40.3375]}}, {"type": "Feature", "properties": {"wikidata": "Q2208192", "name": "Q2208192", "status": "done", "osm_id": "way/350402961", "type": "quartiere"}, "geometry": {"type": "Point", "coordinates": [15.8, 40.63333333]}}, {"type": "Feature", "properties": {"wikidata": "Q2694450", "name": "Q2694450", "status": "done", "osm_id": "node/9195707706", "type": "frazione"}, "geometry": {"type": "Point", "coordinates": [16.233333333, 40.3]}}, {"type": "Feature", "properties": {"wikidata": "Q848877", "name": "Q848877", "status": "done", "osm_id": "relation/2531550", "type": "fiume"}, "geometry": {"type": "Point", "coordinates": [16.859, 40.3872]}}, {"type": "Feature", "properties": {"wikidata": "Q3096994", "name": "Q3096994", "status": "missing", "osm_id": null, "type": "stazione ferroviaria"}, "geometry": {"type": "Point", "coordinates": [16.5635, 40.6542]}}, {"type": "Feature", "properties": {"wikidata": "Q1325310", "name": "Q1325310", "status": "done", "osm_id": "relation/6274746", "type": "area protetta"}, "geometry": {"type": "Point", "coordinates": [15.9, 40.34]}}, {"type": "Feature", "properties": {"wikidata": "Q1187923", "name": "Q1187923", "status": "done", "osm_id": "relation/2531554", "type": "fiume"}, "geometry": {"type": "Point", "coordinates": [16.6917, 40.1529]}}, {"type": "Feature", "properties": {"wikidata": "Q1131792", "name": "Q1131792", "status": "done", "osm_id": "node/5431778469", "type": "frazione"}, "geometry": {"type": "Point", "coordinates": [15.73333333, 40.80466667]}}, {"type": "Feature", "properties": {"wikidata": "Q1072838", "name": "Q1072838", "status": "done", "osm_id": "way/33911573", "type": "geoparco mondiale UNESCO"}, "geometry": {"type": "Point", "coordinates": [16.126111111, 39.931111111]}}, {"type": "Feature", "properties": {"wikidata": "Q937850", "name": "Q937850", "status": "missing", "osm_id": null, "type": "concattedrale"}, "geometry": {"type": "Point", "coordinates": [16.243702, 40.741743]}}, {"type": "Feature", "properties": {"wikidata": "Q3642544", "name": "Q3642544", "status": "done", "osm_id": "node/1782443719", "type": "frazione"}, "geometry": {"type": "Point", "coordinates": [16.233333333, 40.75]}}, {"type": "Feature", "properties": {"wikidata": "Q2942690", "name": "Q2942690", "status": "missing", "osm_id": null, "type": "concattedrale"}, "geometry": {"type": "Point", "coordinates": [15.7652, 40.12062]}}, {"type": "Feature", "properties": {"wikidata": "Q192738", "name": "Q192738", "status": "done", "osm_id": "relation/8692680", "type": "golfo"}, "geometry": {"type": "Point", "coordinates": [17.276944444, 39.885]}}, {"type": "Feature", "properties": {"wikidata": "Q1088265", "name": "Q1088265", "status": "missing", "osm_id": null, "type": "gruppo montuoso"}, "geometry": {"type": "Point", "coordinates": [16.216667, 39.9]}}, {"type": "Feature", "properties": {"wikidata": "Q2942848", "name": "Q2942848", "status": "done", "osm_id": "way/215095482", "type": "concattedrale"}, "geometry": {"type": "Point", "coordinates": [15.8227, 40.9648]}}, {"type": "Feature", "properties": {"wikidata": "Q267210", "name": "Q267210", "status": "done", "osm_id": "way/628939826", "type": "statua colossale su Ges\u00f9"}, "geometry": {"type": "Point", "coordinates": [15.72194444, 39.98944444]}}, {"type": "Feature", "properties": {"wikidata": "Q509433", "name": "Q509433", "status": "done", "osm_id": "node/10945455643", "type": "montagna"}, "geometry": {"type": "Point", "coordinates": [15.635556, 40.948333]}}, {"type": "Feature", "properties": {"wikidata": "Q2886974", "name": "Q2886974", "status": "done", "osm_id": "way/1210780222", "type": "chiesa"}, "geometry": {"type": "Point", "coordinates": [15.71494, 40.731]}}, {"type": "Feature", "properties": {"wikidata": "Q3644179", "name": "Q3644179", "status": "done", "osm_id": "node/1244755100", "type": "frazione"}, "geometry": {"type": "Point", "coordinates": [15.76555, 39.99246]}}, {"type": "Feature", "properties": {"wikidata": "Q3621967", "name": "Q3621967", "status": "missing", "osm_id": null, "type": "sito archeologico"}, "geometry": {"type": "Point", "coordinates": [15.7167, 40.0]}}, {"type": "Feature", "properties": {"wikidata": "Q3621969", "name": "Q3621969", "status": "missing", "osm_id": null, "type": "sito archeologico"}, "geometry": {"type": "Point", "coordinates": [15.7167, 40.0]}}, {"type": "Feature", "properties": {"wikidata": "Q3620878", "name": "Q3620878", "status": "missing", "osm_id": null, "type": "catena montuosa"}, "geometry": {"type": "Point", "coordinates": [16.21585, 39.89431944]}}, {"type": "Feature", "properties": {"wikidata": "Q2942711", "name": "Q2942711", "status": "done", "osm_id": "way/1231418908", "type": "cattedrale"}, "geometry": {"type": "Point", "coordinates": [15.65844, 40.99678]}}, {"type": "Feature", "properties": {"wikidata": "Q2942705", "name": "Q2942705", "status": "missing", "osm_id": null, "type": "concattedrale"}, "geometry": {"type": "Point", "coordinates": [15.735532, 40.42215]}}, {"type": "Feature", "properties": {"wikidata": "Q3657421", "name": "Q3657421", "status": "missing", "osm_id": null, "type": "chiesa"}, "geometry": {"type": "Point", "coordinates": [15.80622579, 40.638976892]}}, {"type": "Feature", "properties": {"wikidata": "Q1405294", "name": "Q1405294", "status": "done", "osm_id": "relation/2569982", "type": "fiume"}, "geometry": {"type": "Point", "coordinates": [15.75611111, 39.92361111]}}, {"type": "Feature", "properties": {"wikidata": "Q2942710", "name": "Q2942710", "status": "done", "osm_id": "way/1067221312", "type": "cattedrale"}, "geometry": {"type": "Point", "coordinates": [16.6113, 40.6668]}}, {"type": "Feature", "properties": {"wikidata": "Q3621976", "name": "Q3621976", "status": "missing", "osm_id": null, "type": "sito archeologico"}, "geometry": {"type": "Point", "coordinates": [15.888316587, 40.968636741]}}, {"type": "Feature", "properties": {"wikidata": "Q2130589", "name": "Q2130589", "status": "done", "osm_id": "node/4399545308", "type": "frazione"}, "geometry": {"type": "Point", "coordinates": [15.683333333, 41.083333333]}}, {"type": "Feature", "properties": {"wikidata": "Q1051664", "name": "Q1051664", "status": "missing", "osm_id": null, "type": "altopiano"}, "geometry": {"type": "Point", "coordinates": [16.406, 40.976]}}, {"type": "Feature", "properties": {"wikidata": "Q629104", "name": "Q629104", "status": "missing", "osm_id": null, "type": "fiume"}, "geometry": {"type": "Point", "coordinates": [16.78333333, 40.28333333]}}, {"type": "Feature", "properties": {"wikidata": "Q1451133", "name": "Q1451133", "status": "missing", "osm_id": null, "type": "sito archeologico"}, "geometry": {"type": "Point", "coordinates": [16.47, 40.25]}}, {"type": "Feature", "properties": {"wikidata": "Q2400655", "name": "Q2400655", "status": "done", "osm_id": "way/368740664", "type": "concattedrale"}, "geometry": {"type": "Point", "coordinates": [15.677, 40.97755]}}, {"type": "Feature", "properties": {"wikidata": "Q3603175", "name": "Q3603175", "status": "done", "osm_id": "relation/3160701", "type": "abbazia"}, "geometry": {"type": "Point", "coordinates": [16.664195, 40.558247]}}, {"type": "Feature", "properties": {"wikidata": "Q3635686", "name": "Q3635686", "status": "done", "osm_id": "way/628940014", "type": "chiesa"}, "geometry": {"type": "Point", "coordinates": [15.723917, 39.987996]}}, {"type": "Feature", "properties": {"wikidata": "Q1433807", "name": "Q1433807", "status": "done", "osm_id": "way/86886268", "type": "aerodromo"}, "geometry": {"type": "Point", "coordinates": [16.55444444, 40.4325]}}, {"type": "Feature", "properties": {"wikidata": "Q2942536", "name": "Q2942536", "status": "done", "osm_id": "way/216494777", "type": "cattedrale"}, "geometry": {"type": "Point", "coordinates": [15.94184, 40.79716]}}, {"type": "Feature", "properties": {"wikidata": "Q3617392", "name": "Q3617392", "status": "done", "osm_id": "node/4455593825", "type": "frazione"}, "geometry": {"type": "Point", "coordinates": [16.557777777, 40.245833333]}}, {"type": "Feature", "properties": {"wikidata": "Q703305", "name": "Q703305", "status": "done", "osm_id": "relation/2569980", "type": "fiume"}, "geometry": {"type": "Point", "coordinates": [15.7942, 39.7767]}}, {"type": "Feature", "properties": {"wikidata": "Q2942839", "name": "Q2942839", "status": "missing", "osm_id": null, "type": "cattedrale"}, "geometry": {"type": "Point", "coordinates": [16.4693, 40.2468]}}, {"type": "Feature", "properties": {"wikidata": "Q396520", "name": "Q396520", "status": "done", "osm_id": "relation/2531547", "type": "fiume"}, "geometry": {"type": "Point", "coordinates": [16.740522222, 40.221761111]}}, {"type": "Feature", "properties": {"wikidata": "Q1058770", "name": "Q1058770", "status": "done", "osm_id": "way/70083562", "type": "polis"}, "geometry": {"type": "Point", "coordinates": [16.816763888, 40.416077777]}}, {"type": "Feature", "properties": {"wikidata": "Q593338", "name": "Q593338", "status": "done", "osm_id": "node/508495556", "type": "frazione"}, "geometry": {"type": "Point", "coordinates": [15.583333333, 40.95]}}, {"type": "Feature", "properties": {"wikidata": "Q2407717", "name": "Q2407717", "status": "done", "osm_id": "way/389515427", "type": "cattedrale"}, "geometry": {"type": "Point", "coordinates": [16.1415147, 40.6237378]}}, {"type": "Feature", "properties": {"wikidata": "Q613808", "name": "Q613808", "status": "done", "osm_id": "way/70930550", "type": "impianto di calcio"}, "geometry": {"type": "Point", "coordinates": [15.804317, 40.634133]}}, {"type": "Feature", "properties": {"wikidata": "Q1059024", "name": "Q1059024", "status": "done", "osm_id": "way/1079674112", "type": "scontro ferroviario"}, "geometry": {"type": "Point", "coordinates": [15.501881, 40.669279]}}, {"type": "Feature", "properties": {"wikidata": "Q1550380", "name": "Q1550380", "status": "done", "osm_id": "way/69532398", "type": "sito archeologico"}, "geometry": {"type": "Point", "coordinates": [15.90611111, 40.28388889]}}, {"type": "Feature", "properties": {"wikidata": "Q1084383", "name": "Q1084383", "status": "done", "osm_id": "relation/5214171", "type": "universit\u00e0 statale"}, "geometry": {"type": "Point", "coordinates": [15.8085, 40.6471]}}, {"type": "Feature", "properties": {"wikidata": "Q3581896", "name": "Q3581896", "status": "done", "osm_id": "way/242363549", "type": "chiesa"}, "geometry": {"type": "Point", "coordinates": [16.60793, 40.66776]}}, {"type": "Feature", "properties": {"wikidata": "Q1817255", "name": "Q1817255", "status": "done", "osm_id": "node/4341626987", "type": "frazione"}, "geometry": {"type": "Point", "coordinates": [15.742777777, 39.958611111]}}, {"type": "Feature", "properties": {"wikidata": "Q1166653", "name": "Q1166653", "status": "missing", "osm_id": null, "type": "chiesa sussidiaria"}, "geometry": {"type": "Point", "coordinates": [16.60682, 40.66689]}}, {"type": "Feature", "properties": {"wikidata": "Q3603170", "name": "Q3603170", "status": "missing", "osm_id": null, "type": "chiesa"}, "geometry": {"type": "Point", "coordinates": [16.568056, 40.38999]}}, {"type": "Feature", "properties": {"wikidata": "Q3867721", "name": "Q3867721", "status": "done", "osm_id": "node/6518315407", "type": "museo nazionale italiano"}, "geometry": {"type": "Point", "coordinates": [15.818033, 40.961174]}}, {"type": "Feature", "properties": {"wikidata": "Q3889931", "name": "Q3889931", "status": "missing", "osm_id": null, "type": "palazzo"}, "geometry": {"type": "Point", "coordinates": [15.714225, 40.731134]}}, {"type": "Feature", "properties": {"wikidata": "Q3867706", "name": "Q3867706", "status": "done", "osm_id": "node/4327209985", "type": "museo archeologico"}, "geometry": {"type": "Point", "coordinates": [15.806131, 40.639824]}}, {"type": "Feature", "properties": {"wikidata": "Q3867700", "name": "Q3867700", "status": "done", "osm_id": "relation/16529663", "type": "museo del Ministero della Cultura italiano"}, "geometry": {"type": "Point", "coordinates": [16.807484, 40.37358]}}, {"type": "Feature", "properties": {"wikidata": "Q3861407", "name": "Q3861407", "status": "done", "osm_id": "node/2437004128", "type": "montagna"}, "geometry": {"type": "Point", "coordinates": [15.74638889, 40.76111111]}}, {"type": "Feature", "properties": {"wikidata": "Q3889159", "name": "Q3889159", "status": "missing", "osm_id": null, "type": "arena coperta"}, "geometry": {"type": "Point", "coordinates": [16.5969, 40.6656]}}, {"type": "Feature", "properties": {"wikidata": "Q3673778", "name": "Q3673778", "status": "done", "osm_id": "way/485636833", "type": "chiesa"}, "geometry": {"type": "Point", "coordinates": [15.72379, 40.91163]}}, {"type": "Feature", "properties": {"wikidata": "Q3868421", "name": "Q3868421", "status": "done", "osm_id": "node/7176791650", "type": "museo del Ministero della Cultura italiano"}, "geometry": {"type": "Point", "coordinates": [15.902808, 40.280285]}}, {"type": "Feature", "properties": {"wikidata": "Q3867731", "name": "Q3867731", "status": "done", "osm_id": "relation/5207542", "type": "museo d'arte moderna"}, "geometry": {"type": "Point", "coordinates": [15.802221, 40.649014]}}, {"type": "Feature", "properties": {"wikidata": "Q3861953", "name": "Q3861953", "status": "done", "osm_id": "node/3717464470", "type": "montagna"}, "geometry": {"type": "Point", "coordinates": [15.72194444, 39.98944444]}}, {"type": "Feature", "properties": {"wikidata": "Q3673753", "name": "Q3673753", "status": "missing", "osm_id": null, "type": "chiesa"}, "geometry": {"type": "Point", "coordinates": [15.75466, 40.07503]}}, {"type": "Feature", "properties": {"wikidata": "Q3889690", "name": "Q3889690", "status": "missing", "osm_id": null, "type": "palazzo"}, "geometry": {"type": "Point", "coordinates": [15.809147, 40.639896]}}, {"type": "Feature", "properties": {"wikidata": "Q3850863", "name": "Q3850863", "status": "done", "osm_id": "node/4435092727", "type": "frazione"}, "geometry": {"type": "Point", "coordinates": [15.74529, 39.98378]}}, {"type": "Feature", "properties": {"wikidata": "Q3677223", "name": "Q3677223", "status": "done", "osm_id": "way/242357669", "type": "cinema"}, "geometry": {"type": "Point", "coordinates": [16.60528, 40.66771]}}, {"type": "Feature", "properties": {"wikidata": "Q3820971", "name": "Q3820971", "status": "missing", "osm_id": null, "type": "frazione"}, "geometry": {"type": "Point", "coordinates": [16.537777777, 40.658888888]}}, {"type": "Feature", "properties": {"wikidata": "Q3868416", "name": "Q3868416", "status": "done", "osm_id": "way/242358949", "type": "museo d'arte moderna"}, "geometry": {"type": "Point", "coordinates": [16.610134, 40.663071]}}, {"type": "Feature", "properties": {"wikidata": "Q3867703", "name": "Q3867703", "status": "done", "osm_id": "node/2281927235", "type": "museo del Ministero della Cultura italiano"}, "geometry": {"type": "Point", "coordinates": [15.652864, 40.99834]}}, {"type": "Feature", "properties": {"wikidata": "Q3674440", "name": "Q3674440", "status": "done", "osm_id": "way/961877535", "type": "chiesa"}, "geometry": {"type": "Point", "coordinates": [16.499832, 40.569485]}}, {"type": "Feature", "properties": {"wikidata": "Q3862028", "name": "Q3862028", "status": "done", "osm_id": "node/3382943978", "type": "montagna"}, "geometry": {"type": "Point", "coordinates": [16.3593, 39.9195]}}, {"type": "Feature", "properties": {"wikidata": "Q3743413", "name": "Q3743413", "status": "done", "osm_id": "relation/8416061", "type": "linea ferroviaria"}, "geometry": {"type": "Point", "coordinates": [16.546773, 40.582817]}}, {"type": "Feature", "properties": {"wikidata": "Q3861414", "name": "Q3861414", "status": "done", "osm_id": "node/8224724392", "type": "montagna"}, "geometry": {"type": "Point", "coordinates": [15.71666667, 40.76666667]}}, {"type": "Feature", "properties": {"wikidata": "Q3841681", "name": "Q3841681", "status": "done", "osm_id": "node/2229592221", "type": "museo d'arte moderna"}, "geometry": {"type": "Point", "coordinates": [16.61221111, 40.66610833]}}, {"type": "Feature", "properties": {"wikidata": "Q3674401", "name": "Q3674401", "status": "done", "osm_id": "way/1210753608", "type": "chiesa"}, "geometry": {"type": "Point", "coordinates": [15.720376694, 40.733083485]}}, {"type": "Feature", "properties": {"wikidata": "Q3788792", "name": "Q3788792", "status": "done", "osm_id": "way/375962077", "type": "ospedale"}, "geometry": {"type": "Point", "coordinates": [15.67478, 40.93116]}}, {"type": "Feature", "properties": {"wikidata": "Q3673476", "name": "Q3673476", "status": "done", "osm_id": "way/298698846", "type": "chiesa"}, "geometry": {"type": "Point", "coordinates": [15.72101, 39.99252]}}, {"type": "Feature", "properties": {"wikidata": "Q3867707", "name": "Q3867707", "status": "done", "osm_id": "relation/14614956", "type": "museo del Ministero della Cultura italiano"}, "geometry": {"type": "Point", "coordinates": [16.66985, 40.217068]}}, {"type": "Feature", "properties": {"wikidata": "Q3867565", "name": "Q3867565", "status": "done", "osm_id": "way/244637689", "type": "museo etnografico"}, "geometry": {"type": "Point", "coordinates": [16.609927, 40.667576]}}, {"type": "Feature", "properties": {"wikidata": "Q3746998", "name": "Q3746998", "status": "done", "osm_id": "node/1442041317", "type": "frazione"}, "geometry": {"type": "Point", "coordinates": [15.57395, 40.95806]}}, {"type": "Feature", "properties": {"wikidata": "Q3889933", "name": "Q3889933", "status": "missing", "osm_id": null, "type": "palazzo italiano"}, "geometry": {"type": "Point", "coordinates": [15.716202, 40.731432]}}, {"type": "Feature", "properties": {"wikidata": "Q3861183", "name": "Q3861183", "status": "done", "osm_id": "node/2561869389", "type": "montagna"}, "geometry": {"type": "Point", "coordinates": [15.97722222, 40.12166667]}}, {"type": "Feature", "properties": {"wikidata": "Q3867699", "name": "Q3867699", "status": "done", "osm_id": "way/243609821", "type": "museo etnografico"}, "geometry": {"type": "Point", "coordinates": [16.609297, 40.663902]}}, {"type": "Feature", "properties": {"wikidata": "Q3673479", "name": "Q3673479", "status": "missing", "osm_id": null, "type": "chiesa"}, "geometry": {"type": "Point", "coordinates": [16.471144, 40.251845]}}, {"type": "Feature", "properties": {"wikidata": "Q3889985", "name": "Q3889985", "status": "missing", "osm_id": null, "type": "palazzo"}, "geometry": {"type": "Point", "coordinates": [15.720307, 39.99307]}}, {"type": "Feature", "properties": {"wikidata": "Q3861283", "name": "Q3861283", "status": "done", "osm_id": "node/9554118533", "type": "montagna"}, "geometry": {"type": "Point", "coordinates": [16.42138889, 40.19805556]}}, {"type": "Feature", "properties": {"wikidata": "Q3862131", "name": "Q3862131", "status": "done", "osm_id": "node/26864005", "type": "montagna"}, "geometry": {"type": "Point", "coordinates": [15.80972222, 40.4125]}}, {"type": "Feature", "properties": {"wikidata": "Q3830591", "name": "Q3830591", "status": "done", "osm_id": "node/295970099", "type": "frazione"}, "geometry": {"type": "Point", "coordinates": [15.574166666, 40.958333333]}}, {"type": "Feature", "properties": {"wikidata": "Q3674431", "name": "Q3674431", "status": "missing", "osm_id": null, "type": "chiesa"}, "geometry": {"type": "Point", "coordinates": [15.973462, 41.034312]}}, {"type": "Feature", "properties": {"wikidata": "Q3868283", "name": "Q3868283", "status": "missing", "osm_id": null, "type": "museo diocesano"}, "geometry": {"type": "Point", "coordinates": [15.807883, 40.640274]}}, {"type": "Feature", "properties": {"wikidata": "Q3673114", "name": "Q3673114", "status": "done", "osm_id": "node/3560506921", "type": "chiesa"}, "geometry": {"type": "Point", "coordinates": [15.79949, 40.63674]}}, {"type": "Feature", "properties": {"wikidata": "Q3777072", "name": "Q3777072", "status": "missing", "osm_id": null, "type": "grotta"}, "geometry": {"type": "Point", "coordinates": [15.72637, 39.97008]}}, {"type": "Feature", "properties": {"wikidata": "Q3867901", "name": "Q3867901", "status": "missing", "osm_id": null, "type": "museo"}, "geometry": {"type": "Point", "coordinates": [16.158926, 40.49204]}}, {"type": "Feature", "properties": {"wikidata": "Q3674396", "name": "Q3674396", "status": "done", "osm_id": "way/349803930", "type": "chiesa"}, "geometry": {"type": "Point", "coordinates": [15.80465, 40.6452]}}, {"type": "Feature", "properties": {"wikidata": "Q3674439", "name": "Q3674439", "status": "missing", "osm_id": null, "type": "chiesa"}, "geometry": {"type": "Point", "coordinates": [15.815985, 40.507294]}}, {"type": "Feature", "properties": {"wikidata": "Q3712724", "name": "Q3712724", "status": "missing", "osm_id": null, "type": "gruppo montuoso"}, "geometry": {"type": "Point", "coordinates": [16.06055556, 40.52138889]}}, {"type": "Feature", "properties": {"wikidata": "Q3861856", "name": "Q3861856", "status": "done", "osm_id": "node/388272308", "type": "montagna"}, "geometry": {"type": "Point", "coordinates": [16.1883, 39.9076]}}, {"type": "Feature", "properties": {"wikidata": "Q3685200", "name": "Q3685200", "status": "done", "osm_id": "way/1366178085", "type": "abbazia"}, "geometry": {"type": "Point", "coordinates": [15.8276, 40.9695]}}, {"type": "Feature", "properties": {"wikidata": "Q3689590", "name": "Q3689590", "status": "done", "osm_id": "relation/3274279", "type": "chiesa"}, "geometry": {"type": "Point", "coordinates": [16.61, 40.6702]}}, {"type": "Feature", "properties": {"wikidata": "Q3860496", "name": "Q3860496", "status": "missing", "osm_id": null, "type": "monastero"}, "geometry": {"type": "Point", "coordinates": [15.807559, 40.639443]}}, {"type": "Feature", "properties": {"wikidata": "Q3674049", "name": "Q3674049", "status": "done", "osm_id": "way/243141983", "type": "chiesa rupestre"}, "geometry": {"type": "Point", "coordinates": [16.6121, 40.6641]}}, {"type": "Feature", "properties": {"wikidata": "Q3746258", "name": "Q3746258", "status": "missing", "osm_id": null, "type": "frazione"}, "geometry": {"type": "Point", "coordinates": [15.705833333, 39.991388888]}}, {"type": "Feature", "properties": {"wikidata": "Q3672723", "name": "Q3672723", "status": "done", "osm_id": "way/349819370", "type": "chiesa"}, "geometry": {"type": "Point", "coordinates": [15.82883, 40.64948]}}, {"type": "Feature", "properties": {"wikidata": "Q3683247", "name": "Q3683247", "status": "missing", "osm_id": null, "type": "place"}, "geometry": {"type": "Point", "coordinates": [16.23, 40.4]}}, {"type": "Feature", "properties": {"wikidata": "Q3673641", "name": "Q3673641", "status": "missing", "osm_id": null, "type": "chiesa"}, "geometry": {"type": "Point", "coordinates": [15.702086132, 40.725604833]}}, {"type": "Feature", "properties": {"wikidata": "Q3861460", "name": "Q3861460", "status": "done", "osm_id": "node/26863831", "type": "montagna"}, "geometry": {"type": "Point", "coordinates": [15.71583333, 40.04972222]}}, {"type": "Feature", "properties": {"wikidata": "Q3673714", "name": "Q3673714", "status": "done", "osm_id": "way/1089807689", "type": "chiesa"}, "geometry": {"type": "Point", "coordinates": [15.7261862, 40.9117726]}}, {"type": "Feature", "properties": {"wikidata": "Q3674379", "name": "Q3674379", "status": "done", "osm_id": "way/349804028", "type": "chiesa"}, "geometry": {"type": "Point", "coordinates": [15.80269, 40.63878]}}, {"type": "Feature", "properties": {"wikidata": "Q3746996", "name": "Q3746996", "status": "done", "osm_id": "node/4902181686", "type": "frazione"}, "geometry": {"type": "Point", "coordinates": [15.59428, 40.96284]}}, {"type": "Feature", "properties": {"wikidata": "Q3861495", "name": "Q3861495", "status": "missing", "osm_id": null, "type": "montagna"}, "geometry": {"type": "Point", "coordinates": [16.1178295, 40.5326646]}}, {"type": "Feature", "properties": {"wikidata": "Q16540328", "name": "Q16540328", "status": "missing", "osm_id": null, "type": "chiesa rupestre"}, "geometry": {"type": "Point", "coordinates": [16.635376, 40.634684]}}, {"type": "Feature", "properties": {"wikidata": "Q3981620", "name": "Q3981620", "status": "done", "osm_id": "way/33887449", "type": "sito archeologico greco antico"}, "geometry": {"type": "Point", "coordinates": [16.816776, 40.416058]}}, {"type": "Feature", "properties": {"wikidata": "Q3995564", "name": "Q3995564", "status": "missing", "osm_id": null, "type": "torre"}, "geometry": {"type": "Point", "coordinates": [15.71105, 39.9847]}}, {"type": "Feature", "properties": {"wikidata": "Q3970585", "name": "Q3970585", "status": "done", "osm_id": "node/747196336", "type": "stazione ferroviaria"}, "geometry": {"type": "Point", "coordinates": [15.8027, 40.6282]}}, {"type": "Feature", "properties": {"wikidata": "Q3995147", "name": "Q3995147", "status": "done", "osm_id": "way/1263704972", "type": "torre"}, "geometry": {"type": "Point", "coordinates": [15.735506, 39.943419]}}, {"type": "Feature", "properties": {"wikidata": "Q3970673", "name": "Q3970673", "status": "done", "osm_id": "node/2878243811", "type": "stazione ferroviaria"}, "geometry": {"type": "Point", "coordinates": [15.6786, 40.9221]}}, {"type": "Feature", "properties": {"wikidata": "Q16481798", "name": "Q16481798", "status": "done", "osm_id": "node/2667364219", "type": "gruppo"}, "geometry": {"type": "Point", "coordinates": [16.6, 40.66666667]}}, {"type": "Feature", "properties": {"wikidata": "Q3995127", "name": "Q3995127", "status": "done", "osm_id": "way/668077046", "type": "torre"}, "geometry": {"type": "Point", "coordinates": [15.681536, 40.006966]}}, {"type": "Feature", "properties": {"wikidata": "Q4008130", "name": "Q4008130", "status": "missing", "osm_id": null, "type": "valle"}, "geometry": {"type": "Point", "coordinates": [15.7997, 39.9783]}}, {"type": "Feature", "properties": {"wikidata": "Q6657726", "name": "Q6657726", "status": "done", "osm_id": "node/1745861398", "type": "sito archeologico"}, "geometry": {"type": "Point", "coordinates": [15.839815, 40.978856]}}, {"type": "Feature", "properties": {"wikidata": "Q4009423", "name": "Q4009423", "status": "missing", "osm_id": null, "type": "velodromo"}, "geometry": {"type": "Point", "coordinates": [15.982692, 40.760884]}}, {"type": "Feature", "properties": {"wikidata": "Q6786531", "name": "Q6786531", "status": "done", "osm_id": "node/7745537784", "type": "stazione ferroviaria"}, "geometry": {"type": "Point", "coordinates": [16.6013, 40.6665]}}, {"type": "Feature", "properties": {"wikidata": "Q3970081", "name": "Q3970081", "status": "done", "osm_id": "node/687118786", "type": "stazione ferroviaria"}, "geometry": {"type": "Point", "coordinates": [15.6469, 40.9899]}}, {"type": "Feature", "properties": {"wikidata": "Q3992620", "name": "Q3992620", "status": "missing", "osm_id": null, "type": "tomba"}, "geometry": {"type": "Point", "coordinates": [16.14980674, 40.614323068]}}, {"type": "Feature", "properties": {"wikidata": "Q3969641", "name": "Q3969641", "status": "done", "osm_id": "node/1319296188", "type": "stazione ferroviaria"}, "geometry": {"type": "Point", "coordinates": [15.7254, 40.8668]}}, {"type": "Feature", "properties": {"wikidata": "Q3968994", "name": "Q3968994", "status": "done", "osm_id": "node/3213122296", "type": "stazione ferroviaria"}, "geometry": {"type": "Point", "coordinates": [15.6709, 40.943]}}, {"type": "Feature", "properties": {"wikidata": "Q3949063", "name": "Q3949063", "status": "missing", "osm_id": null, "type": "quartiere"}, "geometry": {"type": "Point", "coordinates": [15.71666667, 40.73333333]}}, {"type": "Feature", "properties": {"wikidata": "Q3974791", "name": "Q3974791", "status": "done", "osm_id": "relation/48235", "type": "strada"}, "geometry": {"type": "Point", "coordinates": [15.920906, 40.758605]}}, {"type": "Feature", "properties": {"wikidata": "Q3969591", "name": "Q3969591", "status": "done", "osm_id": "node/836091955", "type": "stazione ferroviaria"}, "geometry": {"type": "Point", "coordinates": [16.4752, 40.5165]}}, {"type": "Feature", "properties": {"wikidata": "Q3971263", "name": "Q3971263", "status": "done", "osm_id": "way/242364627", "type": "stazione ferroviaria"}, "geometry": {"type": "Point", "coordinates": [16.5657, 40.7303]}}, {"type": "Feature", "properties": {"wikidata": "Q3995655", "name": "Q3995655", "status": "done", "osm_id": "way/443171345", "type": "torre"}, "geometry": {"type": "Point", "coordinates": [16.147209, 40.620378]}}, {"type": "Feature", "properties": {"wikidata": "Q3970589", "name": "Q3970589", "status": "done", "osm_id": "node/842367835", "type": "stazione ferroviaria"}, "geometry": {"type": "Point", "coordinates": [15.80638889, 40.62944444]}}, {"type": "Feature", "properties": {"wikidata": "Q3950002", "name": "Q3950002", "status": "done", "osm_id": "relation/14511369", "type": "santuario"}, "geometry": {"type": "Point", "coordinates": [15.73033, 40.91327]}}, {"type": "Feature", "properties": {"wikidata": "Q3949670", "name": "Q3949670", "status": "done", "osm_id": "node/2408604055", "type": "santuario"}, "geometry": {"type": "Point", "coordinates": [15.95289, 41.0132]}}, {"type": "Feature", "properties": {"wikidata": "Q3970050", "name": "Q3970050", "status": "done", "osm_id": "way/384228543", "type": "fermata ferroviaria"}, "geometry": {"type": "Point", "coordinates": [15.7361, 39.9597]}}, {"type": "Feature", "properties": {"wikidata": "Q3970038", "name": "Q3970038", "status": "done", "osm_id": "node/6900820161", "type": "stazione ferroviaria"}, "geometry": {"type": "Point", "coordinates": [15.7098, 39.9953]}}, {"type": "Feature", "properties": {"wikidata": "Q3995273", "name": "Q3995273", "status": "done", "osm_id": "way/1146029860", "type": "torre"}, "geometry": {"type": "Point", "coordinates": [15.69935, 39.993676]}}, {"type": "Feature", "properties": {"wikidata": "Q16540270", "name": "Q16540270", "status": "missing", "osm_id": null, "type": "chiesa rupestre"}, "geometry": {"type": "Point", "coordinates": [16.5493406, 40.6442509]}}, {"type": "Feature", "properties": {"wikidata": "Q3974789", "name": "Q3974789", "status": "done", "osm_id": "relation/19934978", "type": "strada"}, "geometry": {"type": "Point", "coordinates": [15.611835, 40.930597]}}, {"type": "Feature", "properties": {"wikidata": "Q16487703", "name": "Q16487703", "status": "done", "osm_id": "node/879115762", "type": "stazione ferroviaria"}, "geometry": {"type": "Point", "coordinates": [16.0213, 40.5747]}}, {"type": "Feature", "properties": {"wikidata": "Q3970092", "name": "Q3970092", "status": "done", "osm_id": "node/9242827432", "type": "stazione ferroviaria"}, "geometry": {"type": "Point", "coordinates": [16.815, 40.3686]}}, {"type": "Feature", "properties": {"wikidata": "Q3970154", "name": "Q3970154", "status": "done", "osm_id": "node/767880327", "type": "stazione ferroviaria"}, "geometry": {"type": "Point", "coordinates": [15.7584, 40.7373]}}, {"type": "Feature", "properties": {"wikidata": "Q3949893", "name": "Q3949893", "status": "done", "osm_id": "way/919786851", "type": "chiesa"}, "geometry": {"type": "Point", "coordinates": [15.97412, 40.35311]}}, {"type": "Feature", "properties": {"wikidata": "Q3970590", "name": "Q3970590", "status": "done", "osm_id": "node/9283110905", "type": "stazione ferroviaria"}, "geometry": {"type": "Point", "coordinates": [15.8006, 40.6457]}}, {"type": "Feature", "properties": {"wikidata": "Q3967905", "name": "Q3967905", "status": "done", "osm_id": "way/242360096", "type": "impianto di calcio"}, "geometry": {"type": "Point", "coordinates": [16.6036, 40.6736]}}, {"type": "Feature", "properties": {"wikidata": "Q16540338", "name": "Q16540338", "status": "missing", "osm_id": null, "type": "chiesa rupestre"}, "geometry": {"type": "Point", "coordinates": [16.611242, 40.662117]}}, {"type": "Feature", "properties": {"wikidata": "Q3970591", "name": "Q3970591", "status": "done", "osm_id": "node/9283110903", "type": "stazione ferroviaria"}, "geometry": {"type": "Point", "coordinates": [15.8012, 40.646]}}, {"type": "Feature", "properties": {"wikidata": "Q3981986", "name": "Q3981986", "status": "done", "osm_id": "node/1325468170", "type": "teatro"}, "geometry": {"type": "Point", "coordinates": [15.802032, 40.63827]}}, {"type": "Feature", "properties": {"wikidata": "Q3991898", "name": "Q3991898", "status": "done", "osm_id": "node/11144624107", "type": "frazione"}, "geometry": {"type": "Point", "coordinates": [15.683333333, 40.583333333]}}, {"type": "Feature", "properties": {"wikidata": "Q3950804", "name": "Q3950804", "status": "done", "osm_id": "way/107829170", "type": "sito archeologico"}, "geometry": {"type": "Point", "coordinates": [15.639582668, 40.567002971]}}, {"type": "Feature", "properties": {"wikidata": "Q4012808", "name": "Q4012808", "status": "done", "osm_id": "way/480241910", "type": "sito archeologico"}, "geometry": {"type": "Point", "coordinates": [15.799593888, 40.3767]}}, {"type": "Feature", "properties": {"wikidata": "Q16530661", "name": "Q16530661", "status": "missing", "osm_id": null, "type": "abbazia"}, "geometry": {"type": "Point", "coordinates": [15.604725, 40.792696]}}, {"type": "Feature", "properties": {"wikidata": "Q16540198", "name": "Q16540198", "status": "missing", "osm_id": null, "type": "chiesa rupestre"}, "geometry": {"type": "Point", "coordinates": [16.6121227, 40.6641524]}}, {"type": "Feature", "properties": {"wikidata": "Q3968941", "name": "Q3968941", "status": "done", "osm_id": "node/767880404", "type": "stazione ferroviaria"}, "geometry": {"type": "Point", "coordinates": [15.7855, 40.7146]}}, {"type": "Feature", "properties": {"wikidata": "Q16536554", "name": "Q16536554", "status": "missing", "osm_id": null, "type": "chiesa rupestre"}, "geometry": {"type": "Point", "coordinates": [16.6719444, 40.5931944]}}, {"type": "Feature", "properties": {"wikidata": "Q16540334", "name": "Q16540334", "status": "missing", "osm_id": null, "type": "chiesa rupestre"}, "geometry": {"type": "Point", "coordinates": [16.6538889, 40.6161111]}}, {"type": "Feature", "properties": {"wikidata": "Q3971858", "name": "Q3971858", "status": "missing", "osm_id": null, "type": "stazione meteorologica"}, "geometry": {"type": "Point", "coordinates": [15.99, 40.93]}}, {"type": "Feature", "properties": {"wikidata": "Q3970586", "name": "Q3970586", "status": "done", "osm_id": "node/747196376", "type": "fermata ferroviaria"}, "geometry": {"type": "Point", "coordinates": [15.8026, 40.652]}}, {"type": "Feature", "properties": {"wikidata": "Q3975418", "name": "Q3975418", "status": "done", "osm_id": "relation/19389655", "type": "strada"}, "geometry": {"type": "Point", "coordinates": [16.0328, 40.945417]}}, {"type": "Feature", "properties": {"wikidata": "Q15918554", "name": "Q15918554", "status": "missing", "osm_id": null, "type": "chiesa rupestre"}, "geometry": {"type": "Point", "coordinates": [16.6128545, 40.6662153]}}, {"type": "Feature", "properties": {"wikidata": "Q3975098", "name": "Q3975098", "status": "done", "osm_id": "relation/275302", "type": "strada"}, "geometry": {"type": "Point", "coordinates": [15.480978, 40.889027]}}, {"type": "Feature", "properties": {"wikidata": "Q3950050", "name": "Q3950050", "status": "done", "osm_id": "way/1034171408", "type": "chiesa"}, "geometry": {"type": "Point", "coordinates": [16.55722222, 40.24444444]}}, {"type": "Feature", "properties": {"wikidata": "Q16536541", "name": "Q16536541", "status": "missing", "osm_id": null, "type": "chiesa rupestre"}, "geometry": {"type": "Point", "coordinates": [16.6185728, 40.670311]}}, {"type": "Feature", "properties": {"wikidata": "Q3949109", "name": "Q3949109", "status": "missing", "osm_id": null, "type": "frazione"}, "geometry": {"type": "Point", "coordinates": [15.5575, 40.546944444]}}, {"type": "Feature", "properties": {"wikidata": "Q3968818", "name": "Q3968818", "status": "done", "osm_id": "node/9280053951", "type": "fermata ferroviaria"}, "geometry": {"type": "Point", "coordinates": [15.672, 40.0351]}}, {"type": "Feature", "properties": {"wikidata": "Q15052634", "name": "Q15052634", "status": "missing", "osm_id": null, "type": "viadotto"}, "geometry": {"type": "Point", "coordinates": [15.476549, 40.614388]}}, {"type": "Feature", "properties": {"wikidata": "Q3969903", "name": "Q3969903", "status": "done", "osm_id": "node/12050725745", "type": "stazione ferroviaria"}, "geometry": {"type": "Point", "coordinates": [15.762611111, 40.120383333]}}, {"type": "Feature", "properties": {"wikidata": "Q3995360", "name": "Q3995360", "status": "missing", "osm_id": null, "type": "torre"}, "geometry": {"type": "Point", "coordinates": [15.650454, 40.040979]}}, {"type": "Feature", "properties": {"wikidata": "Q16539918", "name": "Q16539918", "status": "missing", "osm_id": null, "type": "chiesa rupestre"}, "geometry": {"type": "Point", "coordinates": [16.6950603, 40.6029877]}}, {"type": "Feature", "properties": {"wikidata": "Q3970583", "name": "Q3970583", "status": "done", "osm_id": "node/747196075", "type": "stazione ferroviaria"}, "geometry": {"type": "Point", "coordinates": [15.8066, 40.6301]}}, {"type": "Feature", "properties": {"wikidata": "Q4012746", "name": "Q4012746", "status": "done", "osm_id": "node/2655193282", "type": "sito archeologico"}, "geometry": {"type": "Point", "coordinates": [15.98333333, 40.76666667]}}, {"type": "Feature", "properties": {"wikidata": "Q16539937", "name": "Q16539937", "status": "missing", "osm_id": null, "type": "chiesa rupestre"}, "geometry": {"type": "Point", "coordinates": [16.6102744, 40.6697241]}}, {"type": "Feature", "properties": {"wikidata": "Q16540297", "name": "Q16540297", "status": "missing", "osm_id": null, "type": "chiesa rupestre"}, "geometry": {"type": "Point", "coordinates": [16.607911, 40.666165]}}, {"type": "Feature", "properties": {"wikidata": "Q3957956", "name": "Q3957956", "status": "missing", "osm_id": null, "type": "montagna"}, "geometry": {"type": "Point", "coordinates": [16.2159, 39.8943]}}, {"type": "Feature", "properties": {"wikidata": "Q3957966", "name": "Q3957966", "status": "done", "osm_id": "node/388272309", "type": "montagna"}, "geometry": {"type": "Point", "coordinates": [16.2, 39.98]}}, {"type": "Feature", "properties": {"wikidata": "Q3970069", "name": "Q3970069", "status": "done", "osm_id": "node/767880262", "type": "stazione ferroviaria"}, "geometry": {"type": "Point", "coordinates": [16.6043, 40.6604]}}, {"type": "Feature", "properties": {"wikidata": "Q3949674", "name": "Q3949674", "status": "done", "osm_id": "way/386579755", "type": "chiesa"}, "geometry": {"type": "Point", "coordinates": [15.90208, 40.34009]}}, {"type": "Feature", "properties": {"wikidata": "Q3970588", "name": "Q3970588", "status": "done", "osm_id": "node/747196279", "type": "fermata ferroviaria"}, "geometry": {"type": "Point", "coordinates": [15.8165, 40.6393]}}, {"type": "Feature", "properties": {"wikidata": "Q4012842", "name": "Q4012842", "status": "done", "osm_id": "node/3367650482", "type": "frazione"}, "geometry": {"type": "Point", "coordinates": [16.475833333, 40.655277777]}}, {"type": "Feature", "properties": {"wikidata": "Q4009704", "name": "Q4009704", "status": "missing", "osm_id": null, "type": "frazione"}, "geometry": {"type": "Point", "coordinates": [16.30476, 40.037029]}}, {"type": "Feature", "properties": {"wikidata": "Q16540111", "name": "Q16540111", "status": "missing", "osm_id": null, "type": "chiesa rupestre"}, "geometry": {"type": "Point", "coordinates": [16.6127789, 40.6436019]}}, {"type": "Feature", "properties": {"wikidata": "Q3957970", "name": "Q3957970", "status": "done", "osm_id": "node/8874840058", "type": "montagna"}, "geometry": {"type": "Point", "coordinates": [15.75027778, 39.95166667]}}, {"type": "Feature", "properties": {"wikidata": "Q3995519", "name": "Q3995519", "status": "missing", "osm_id": null, "type": "torre"}, "geometry": {"type": "Point", "coordinates": [15.671766, 40.030991]}}, {"type": "Feature", "properties": {"wikidata": "Q3967748", "name": "Q3967748", "status": "missing", "osm_id": null, "type": "impianto di calcio"}, "geometry": {"type": "Point", "coordinates": [15.647081, 40.987826]}}, {"type": "Feature", "properties": {"wikidata": "Q3970516", "name": "Q3970516", "status": "done", "osm_id": "node/1874788603", "type": "stazione ferroviaria"}, "geometry": {"type": "Point", "coordinates": [16.6886, 40.2073]}}, {"type": "Feature", "properties": {"wikidata": "Q3971111", "name": "Q3971111", "status": "done", "osm_id": "node/767880560", "type": "stazione ferroviaria"}, "geometry": {"type": "Point", "coordinates": [15.8193, 40.6979]}}, {"type": "Feature", "properties": {"wikidata": "Q3970587", "name": "Q3970587", "status": "done", "osm_id": "node/1732061561", "type": "fermata ferroviaria"}, "geometry": {"type": "Point", "coordinates": [15.8035, 40.6415]}}, {"type": "Feature", "properties": {"wikidata": "Q3995193", "name": "Q3995193", "status": "done", "osm_id": "way/349804018", "type": "torre"}, "geometry": {"type": "Point", "coordinates": [15.810097, 40.640237]}}, {"type": "Feature", "properties": {"wikidata": "Q3971119", "name": "Q3971119", "status": "done", "osm_id": "node/834901435", "type": "stazione ferroviaria"}, "geometry": {"type": "Point", "coordinates": [15.698234, 40.607351]}}, {"type": "Feature", "properties": {"wikidata": "Q3968940", "name": "Q3968940", "status": "done", "osm_id": "node/767880076", "type": "stazione ferroviaria"}, "geometry": {"type": "Point", "coordinates": [15.7221, 40.7308]}}, {"type": "Feature", "properties": {"wikidata": "Q3970582", "name": "Q3970582", "status": "done", "osm_id": "node/747196180", "type": "stazione ferroviaria"}, "geometry": {"type": "Point", "coordinates": [15.8098, 40.6387]}}, {"type": "Feature", "properties": {"wikidata": "Q17651437", "name": "Q17651437", "status": "done", "osm_id": "way/330248050", "type": "ponte"}, "geometry": {"type": "Point", "coordinates": [15.8058, 40.6278]}}, {"type": "Feature", "properties": {"wikidata": "Q16608817", "name": "Q16608817", "status": "done", "osm_id": "node/1487621019", "type": "stazione ferroviaria"}, "geometry": {"type": "Point", "coordinates": [16.682297, 40.397722]}}, {"type": "Feature", "properties": {"wikidata": "Q18428723", "name": "Q18428723", "status": "missing", "osm_id": null, "type": "quartiere"}, "geometry": {"type": "Point", "coordinates": [16.57232, 40.67367]}}, {"type": "Feature", "properties": {"wikidata": "Q18428720", "name": "Q18428720", "status": "missing", "osm_id": null, "type": "insediamento umano"}, "geometry": {"type": "Point", "coordinates": [16.65043, 40.16736]}}, {"type": "Feature", "properties": {"wikidata": "Q18428696", "name": "Q18428696", "status": "missing", "osm_id": null, "type": "frazione"}, "geometry": {"type": "Point", "coordinates": [16.54928, 40.42053]}}, {"type": "Feature", "properties": {"wikidata": "Q18428702", "name": "Q18428702", "status": "missing", "osm_id": null, "type": "insediamento umano"}, "geometry": {"type": "Point", "coordinates": [16.29198, 40.36011]}}, {"type": "Feature", "properties": {"wikidata": "Q18428725", "name": "Q18428725", "status": "missing", "osm_id": null, "type": "insediamento umano"}, "geometry": {"type": "Point", "coordinates": [15.71686, 40.16948]}}, {"type": "Feature", "properties": {"wikidata": "Q18338288", "name": "Q18338288", "status": "missing", "osm_id": null, "type": "stazione ferroviaria"}, "geometry": {"type": "Point", "coordinates": [15.678455, 41.073201]}}, {"type": "Feature", "properties": {"wikidata": "Q18428676", "name": "Q18428676", "status": "missing", "osm_id": null, "type": "frazione"}, "geometry": {"type": "Point", "coordinates": [16.66536, 40.35967]}}, {"type": "Feature", "properties": {"wikidata": "Q16609599", "name": "Q16609599", "status": "done", "osm_id": "node/835714444", "type": "stazione ferroviaria"}, "geometry": {"type": "Point", "coordinates": [15.641715, 40.640262]}}, {"type": "Feature", "properties": {"wikidata": "Q18428744", "name": "Q18428744", "status": "missing", "osm_id": null, "type": "frazione"}, "geometry": {"type": "Point", "coordinates": [15.7497, 40.7118]}}, {"type": "Feature", "properties": {"wikidata": "Q18428698", "name": "Q18428698", "status": "done", "osm_id": "node/7473896248", "type": "insediamento umano"}, "geometry": {"type": "Point", "coordinates": [16.65394, 40.25111]}}, {"type": "Feature", "properties": {"wikidata": "Q18428661", "name": "Q18428661", "status": "missing", "osm_id": null, "type": "insediamento umano"}, "geometry": {"type": "Point", "coordinates": [16.30554, 40.28035]}}, {"type": "Feature", "properties": {"wikidata": "Q18428679", "name": "Q18428679", "status": "missing", "osm_id": null, "type": "insediamento umano"}, "geometry": {"type": "Point", "coordinates": [16.49799, 40.53697]}}, {"type": "Feature", "properties": {"wikidata": "Q18428688", "name": "Q18428688", "status": "missing", "osm_id": null, "type": "insediamento umano"}, "geometry": {"type": "Point", "coordinates": [16.33118, 40.55783]}}, {"type": "Feature", "properties": {"wikidata": "Q18428693", "name": "Q18428693", "status": "missing", "osm_id": null, "type": "frazione"}, "geometry": {"type": "Point", "coordinates": [16.81666667, 40.36666667]}}, {"type": "Feature", "properties": {"wikidata": "Q18428733", "name": "Q18428733", "status": "missing", "osm_id": null, "type": "insediamento umano"}, "geometry": {"type": "Point", "coordinates": [15.85057, 40.01103]}}, {"type": "Feature", "properties": {"wikidata": "Q18428665", "name": "Q18428665", "status": "missing", "osm_id": null, "type": "insediamento umano"}, "geometry": {"type": "Point", "coordinates": [16.48587, 40.70961]}}, {"type": "Feature", "properties": {"wikidata": "Q18428729", "name": "Q18428729", "status": "missing", "osm_id": null, "type": "frazione"}, "geometry": {"type": "Point", "coordinates": [15.67457, 40.03484]}}, {"type": "Feature", "properties": {"wikidata": "Q18428678", "name": "Q18428678", "status": "missing", "osm_id": null, "type": "frazione"}, "geometry": {"type": "Point", "coordinates": [16.65675, 40.1745]}}, {"type": "Feature", "properties": {"wikidata": "Q18428700", "name": "Q18428700", "status": "missing", "osm_id": null, "type": "insediamento umano"}, "geometry": {"type": "Point", "coordinates": [16.4598, 40.14726]}}, {"type": "Feature", "properties": {"wikidata": "Q17636803", "name": "Q17636803", "status": "missing", "osm_id": null, "type": "dipinto murale"}, "geometry": {"type": "Point", "coordinates": [15.6382132, 40.5443474]}}, {"type": "Feature", "properties": {"wikidata": "Q18428682", "name": "Q18428682", "status": "missing", "osm_id": null, "type": "insediamento umano"}, "geometry": {"type": "Point", "coordinates": [16.42641, 40.32482]}}, {"type": "Feature", "properties": {"wikidata": "Q16609881", "name": "Q16609881", "status": "done", "osm_id": "node/9245404317", "type": "stazione ferroviaria"}, "geometry": {"type": "Point", "coordinates": [16.705417, 40.25359]}}, {"type": "Feature", "properties": {"wikidata": "Q18428730", "name": "Q18428730", "status": "missing", "osm_id": null, "type": ""}, "geometry": {"type": "Point", "coordinates": [15.7385, 40.41685]}}, {"type": "Feature", "properties": {"wikidata": "Q18428726", "name": "Q18428726", "status": "done", "osm_id": "node/9057899100", "type": "insediamento umano"}, "geometry": {"type": "Point", "coordinates": [15.7243, 40.70883]}}, {"type": "Feature", "properties": {"wikidata": "Q18428705", "name": "Q18428705", "status": "missing", "osm_id": null, "type": "insediamento umano"}, "geometry": {"type": "Point", "coordinates": [16.39241, 40.31961]}}, {"type": "Feature", "properties": {"wikidata": "Q18428709", "name": "Q18428709", "status": "missing", "osm_id": null, "type": "insediamento umano"}, "geometry": {"type": "Point", "coordinates": [16.47483, 40.51594]}}, {"type": "Feature", "properties": {"wikidata": "Q18428741", "name": "Q18428741", "status": "missing", "osm_id": null, "type": "frazione"}, "geometry": {"type": "Point", "coordinates": [15.7827, 40.73993]}}, {"type": "Feature", "properties": {"wikidata": "Q18428703", "name": "Q18428703", "status": "done", "osm_id": "node/8752795551", "type": "frazione"}, "geometry": {"type": "Point", "coordinates": [16.36266, 40.71965]}}, {"type": "Feature", "properties": {"wikidata": "Q16609213", "name": "Q16609213", "status": "done", "osm_id": "node/879105766", "type": "fermata ferroviaria"}, "geometry": {"type": "Point", "coordinates": [15.624538, 40.678586]}}, {"type": "Feature", "properties": {"wikidata": "Q18428716", "name": "Q18428716", "status": "missing", "osm_id": null, "type": "frazione"}, "geometry": {"type": "Point", "coordinates": [16.65098, 40.35918]}}, {"type": "Feature", "properties": {"wikidata": "Q18428664", "name": "Q18428664", "status": "missing", "osm_id": null, "type": "insediamento umano"}, "geometry": {"type": "Point", "coordinates": [16.60638, 40.21497]}}, {"type": "Feature", "properties": {"wikidata": "Q18428674", "name": "Q18428674", "status": "done", "osm_id": "node/2717219148", "type": "insediamento umano"}, "geometry": {"type": "Point", "coordinates": [16.4728, 40.16592]}}, {"type": "Feature", "properties": {"wikidata": "Q17623973", "name": "Q17623973", "status": "done", "osm_id": "node/4499275275", "type": "frazione"}, "geometry": {"type": "Point", "coordinates": [16.75133, 40.3326]}}, {"type": "Feature", "properties": {"wikidata": "Q18428669", "name": "Q18428669", "status": "missing", "osm_id": null, "type": "insediamento umano"}, "geometry": {"type": "Point", "coordinates": [16.61868, 40.35284]}}, {"type": "Feature", "properties": {"wikidata": "Q17624778", "name": "Q17624778", "status": "done", "osm_id": "node/4435891347", "type": "chiesa rupestre"}, "geometry": {"type": "Point", "coordinates": [16.6133498, 40.6699189]}}, {"type": "Feature", "properties": {"wikidata": "Q16609768", "name": "Q16609768", "status": "done", "osm_id": "node/875372105", "type": "stazione ferroviaria"}, "geometry": {"type": "Point", "coordinates": [16.351527, 40.583359]}}, {"type": "Feature", "properties": {"wikidata": "Q18428695", "name": "Q18428695", "status": "missing", "osm_id": null, "type": "frazione"}, "geometry": {"type": "Point", "coordinates": [16.60814, 40.21143]}}, {"type": "Feature", "properties": {"wikidata": "Q18428714", "name": "Q18428714", "status": "done", "osm_id": "node/7476260869", "type": "insediamento umano"}, "geometry": {"type": "Point", "coordinates": [16.72674, 40.29092]}}, {"type": "Feature", "properties": {"wikidata": "Q18428735", "name": "Q18428735", "status": "done", "osm_id": "node/12419775313", "type": "insediamento umano"}, "geometry": {"type": "Point", "coordinates": [15.84593, 40.00938]}}, {"type": "Feature", "properties": {"wikidata": "Q18428717", "name": "Q18428717", "status": "missing", "osm_id": null, "type": "insediamento umano"}, "geometry": {"type": "Point", "coordinates": [16.81841, 40.35283]}}, {"type": "Feature", "properties": {"wikidata": "Q16609679", "name": "Q16609679", "status": "done", "osm_id": "node/1960574912", "type": "stazione ferroviaria"}, "geometry": {"type": "Point", "coordinates": [15.7771, 40.7811]}}, {"type": "Feature", "properties": {"wikidata": "Q18428712", "name": "Q18428712", "status": "missing", "osm_id": null, "type": "frazione"}, "geometry": {"type": "Point", "coordinates": [16.63109, 40.14275]}}, {"type": "Feature", "properties": {"wikidata": "Q18428708", "name": "Q18428708", "status": "done", "osm_id": "node/6823798450", "type": "insediamento umano"}, "geometry": {"type": "Point", "coordinates": [16.78087, 40.44454]}}, {"type": "Feature", "properties": {"wikidata": "Q18428715", "name": "Q18428715", "status": "done", "osm_id": "node/7476157874", "type": "insediamento umano"}, "geometry": {"type": "Point", "coordinates": [16.71924, 40.27745]}}, {"type": "Feature", "properties": {"wikidata": "Q18420521", "name": "Q18420521", "status": "done", "osm_id": "node/747196030", "type": "fermata ferroviaria"}, "geometry": {"type": "Point", "coordinates": [15.811780555, 40.643233333]}}, {"type": "Feature", "properties": {"wikidata": "Q18428707", "name": "Q18428707", "status": "missing", "osm_id": null, "type": "frazione"}, "geometry": {"type": "Point", "coordinates": [16.36037, 40.34078]}}, {"type": "Feature", "properties": {"wikidata": "Q18428739", "name": "Q18428739", "status": "missing", "osm_id": null, "type": "frazione"}, "geometry": {"type": "Point", "coordinates": [15.80765, 40.37071]}}, {"type": "Feature", "properties": {"wikidata": "Q18428731", "name": "Q18428731", "status": "missing", "osm_id": null, "type": "frazione"}, "geometry": {"type": "Point", "coordinates": [15.64418, 40.79037]}}, {"type": "Feature", "properties": {"wikidata": "Q18428666", "name": "Q18428666", "status": "missing", "osm_id": null, "type": "insediamento umano"}, "geometry": {"type": "Point", "coordinates": [16.45839, 40.69363]}}, {"type": "Feature", "properties": {"wikidata": "Q18428743", "name": "Q18428743", "status": "missing", "osm_id": null, "type": "insediamento umano"}, "geometry": {"type": "Point", "coordinates": [16.14659, 40.0496]}}, {"type": "Feature", "properties": {"wikidata": "Q18428737", "name": "Q18428737", "status": "missing", "osm_id": null, "type": "frazione"}, "geometry": {"type": "Point", "coordinates": [15.79967, 40.36748]}}, {"type": "Feature", "properties": {"wikidata": "Q18428701", "name": "Q18428701", "status": "missing", "osm_id": null, "type": "insediamento umano"}, "geometry": {"type": "Point", "coordinates": [16.70851, 40.35036]}}, {"type": "Feature", "properties": {"wikidata": "Q17638071", "name": "Q17638071", "status": "missing", "osm_id": null, "type": "palazzo"}, "geometry": {"type": "Point", "coordinates": [16.280202, 40.633418]}}, {"type": "Feature", "properties": {"wikidata": "Q18428704", "name": "Q18428704", "status": "missing", "osm_id": null, "type": "insediamento umano"}, "geometry": {"type": "Point", "coordinates": [16.83719, 40.37909]}}, {"type": "Feature", "properties": {"wikidata": "Q18428685", "name": "Q18428685", "status": "missing", "osm_id": null, "type": "insediamento umano"}, "geometry": {"type": "Point", "coordinates": [16.78899, 40.32032]}}, {"type": "Feature", "properties": {"wikidata": "Q18428687", "name": "Q18428687", "status": "missing", "osm_id": null, "type": "insediamento umano"}, "geometry": {"type": "Point", "coordinates": [16.70692, 40.19128]}}, {"type": "Feature", "properties": {"wikidata": "Q18428692", "name": "Q18428692", "status": "missing", "osm_id": null, "type": "frazione"}, "geometry": {"type": "Point", "coordinates": [16.83405, 40.35905]}}, {"type": "Feature", "properties": {"wikidata": "Q18428689", "name": "Q18428689", "status": "missing", "osm_id": null, "type": "frazione"}, "geometry": {"type": "Point", "coordinates": [16.50296, 40.4683]}}, {"type": "Feature", "properties": {"wikidata": "Q16609506", "name": "Q16609506", "status": "done", "osm_id": "node/9245415657", "type": "stazione ferroviaria"}, "geometry": {"type": "Point", "coordinates": [16.64389, 40.130392]}}, {"type": "Feature", "properties": {"wikidata": "Q18428706", "name": "Q18428706", "status": "missing", "osm_id": null, "type": "insediamento umano"}, "geometry": {"type": "Point", "coordinates": [16.24202, 40.59372]}}, {"type": "Feature", "properties": {"wikidata": "Q16609621", "name": "Q16609621", "status": "done", "osm_id": "node/1487621020", "type": "stazione ferroviaria"}, "geometry": {"type": "Point", "coordinates": [16.552078, 40.420723]}}, {"type": "Feature", "properties": {"wikidata": "Q18428742", "name": "Q18428742", "status": "missing", "osm_id": null, "type": "frazione"}, "geometry": {"type": "Point", "coordinates": [15.6572, 40.74909]}}, {"type": "Feature", "properties": {"wikidata": "Q18428683", "name": "Q18428683", "status": "missing", "osm_id": null, "type": "insediamento umano"}, "geometry": {"type": "Point", "coordinates": [16.57653, 40.2309]}}, {"type": "Feature", "properties": {"wikidata": "Q16610005", "name": "Q16610005", "status": "done", "osm_id": "node/875406454", "type": "stazione ferroviaria"}, "geometry": {"type": "Point", "coordinates": [15.9978, 40.5886]}}, {"type": "Feature", "properties": {"wikidata": "Q17624796", "name": "Q17624796", "status": "done", "osm_id": "way/785301029", "type": "chiesa"}, "geometry": {"type": "Point", "coordinates": [15.80351852, 40.638596251]}}, {"type": "Feature", "properties": {"wikidata": "Q18428691", "name": "Q18428691", "status": "missing", "osm_id": null, "type": "insediamento umano"}, "geometry": {"type": "Point", "coordinates": [16.6916, 40.34923]}}, {"type": "Feature", "properties": {"wikidata": "Q16621650", "name": "Q16621650", "status": "done", "osm_id": "way/243684879", "type": "sito archeologico"}, "geometry": {"type": "Point", "coordinates": [16.6562984, 40.6171753]}}, {"type": "Feature", "properties": {"wikidata": "Q18428675", "name": "Q18428675", "status": "missing", "osm_id": null, "type": "insediamento umano"}, "geometry": {"type": "Point", "coordinates": [16.65736, 40.67579]}}, {"type": "Feature", "properties": {"wikidata": "Q18428711", "name": "Q18428711", "status": "missing", "osm_id": null, "type": "frazione"}, "geometry": {"type": "Point", "coordinates": [16.16219, 40.79804]}}, {"type": "Feature", "properties": {"wikidata": "Q18428724", "name": "Q18428724", "status": "missing", "osm_id": null, "type": "insediamento umano"}, "geometry": {"type": "Point", "coordinates": [16.09553, 40.49926]}}, {"type": "Feature", "properties": {"wikidata": "Q18428672", "name": "Q18428672", "status": "missing", "osm_id": null, "type": "frazione"}, "geometry": {"type": "Point", "coordinates": [16.40444, 40.30767]}}, {"type": "Feature", "properties": {"wikidata": "Q18428677", "name": "Q18428677", "status": "missing", "osm_id": null, "type": "insediamento umano"}, "geometry": {"type": "Point", "coordinates": [16.64902, 40.22179]}}, {"type": "Feature", "properties": {"wikidata": "Q18428671", "name": "Q18428671", "status": "done", "osm_id": "node/4895169403", "type": "insediamento umano"}, "geometry": {"type": "Point", "coordinates": [16.39698, 40.30725]}}, {"type": "Feature", "properties": {"wikidata": "Q18428736", "name": "Q18428736", "status": "missing", "osm_id": null, "type": "insediamento umano"}, "geometry": {"type": "Point", "coordinates": [16.0281, 39.97582]}}, {"type": "Feature", "properties": {"wikidata": "Q18428732", "name": "Q18428732", "status": "missing", "osm_id": null, "type": "insediamento umano"}, "geometry": {"type": "Point", "coordinates": [15.93895, 40.60395]}}, {"type": "Feature", "properties": {"wikidata": "Q18428667", "name": "Q18428667", "status": "missing", "osm_id": null, "type": "frazione"}, "geometry": {"type": "Point", "coordinates": [16.57748, 40.7222]}}, {"type": "Feature", "properties": {"wikidata": "Q18428668", "name": "Q18428668", "status": "missing", "osm_id": null, "type": "frazione"}, "geometry": {"type": "Point", "coordinates": [16.13273, 40.683]}}, {"type": "Feature", "properties": {"wikidata": "Q18420510", "name": "Q18420510", "status": "done", "osm_id": "node/1319295871", "type": "stazione ferroviaria"}, "geometry": {"type": "Point", "coordinates": [15.752325, 40.837188888]}}, {"type": "Feature", "properties": {"wikidata": "Q18420508", "name": "Q18420508", "status": "done", "osm_id": "node/1319295860", "type": "stazione ferroviaria"}, "geometry": {"type": "Point", "coordinates": [15.758063888, 40.787652777]}}, {"type": "Feature", "properties": {"wikidata": "Q16609270", "name": "Q16609270", "status": "done", "osm_id": "node/836071272", "type": "stazione ferroviaria"}, "geometry": {"type": "Point", "coordinates": [16.24083333, 40.59305556]}}, {"type": "Feature", "properties": {"wikidata": "Q18428718", "name": "Q18428718", "status": "missing", "osm_id": null, "type": "insediamento umano"}, "geometry": {"type": "Point", "coordinates": [16.61099, 40.21407]}}, {"type": "Feature", "properties": {"wikidata": "Q18428719", "name": "Q18428719", "status": "missing", "osm_id": null, "type": "insediamento umano"}, "geometry": {"type": "Point", "coordinates": [16.55994, 40.24119]}}, {"type": "Feature", "properties": {"wikidata": "Q18428680", "name": "Q18428680", "status": "done", "osm_id": "node/5113841068", "type": "frazione"}, "geometry": {"type": "Point", "coordinates": [16.49635, 40.35905]}}, {"type": "Feature", "properties": {"wikidata": "Q18428662", "name": "Q18428662", "status": "missing", "osm_id": null, "type": "insediamento umano"}, "geometry": {"type": "Point", "coordinates": [16.68896, 40.3987]}}, {"type": "Feature", "properties": {"wikidata": "Q18428670", "name": "Q18428670", "status": "done", "osm_id": "node/4895169402", "type": "insediamento umano"}, "geometry": {"type": "Point", "coordinates": [16.4345, 40.3019]}}, {"type": "Feature", "properties": {"wikidata": "Q18428694", "name": "Q18428694", "status": "done", "osm_id": "node/1412305499", "type": "insediamento umano"}, "geometry": {"type": "Point", "coordinates": [16.63593, 40.13177]}}, {"type": "Feature", "properties": {"wikidata": "Q18428727", "name": "Q18428727", "status": "missing", "osm_id": null, "type": "insediamento umano"}, "geometry": {"type": "Point", "coordinates": [15.86471, 40.02844]}}, {"type": "Feature", "properties": {"wikidata": "Q16609605", "name": "Q16609605", "status": "done", "osm_id": "node/2359945332", "type": "stazione ferroviaria"}, "geometry": {"type": "Point", "coordinates": [15.7921, 40.7533]}}, {"type": "Feature", "properties": {"wikidata": "Q18428746", "name": "Q18428746", "status": "missing", "osm_id": null, "type": "insediamento umano"}, "geometry": {"type": "Point", "coordinates": [16.02515, 39.94317]}}, {"type": "Feature", "properties": {"wikidata": "Q18428673", "name": "Q18428673", "status": "missing", "osm_id": null, "type": "frazione"}, "geometry": {"type": "Point", "coordinates": [16.30615, 40.35323]}}, {"type": "Feature", "properties": {"wikidata": "Q18428681", "name": "Q18428681", "status": "missing", "osm_id": null, "type": "frazione"}, "geometry": {"type": "Point", "coordinates": [16.43708, 40.37992]}}, {"type": "Feature", "properties": {"wikidata": "Q18428728", "name": "Q18428728", "status": "done", "osm_id": "node/12435800980", "type": "insediamento umano"}, "geometry": {"type": "Point", "coordinates": [16.04334, 39.92474]}}, {"type": "Feature", "properties": {"wikidata": "Q18428699", "name": "Q18428699", "status": "missing", "osm_id": null, "type": "insediamento umano"}, "geometry": {"type": "Point", "coordinates": [16.13003, 40.66164]}}, {"type": "Feature", "properties": {"wikidata": "Q18428740", "name": "Q18428740", "status": "done", "osm_id": "node/9161249072", "type": "insediamento umano"}, "geometry": {"type": "Point", "coordinates": [15.653, 40.70202]}}, {"type": "Feature", "properties": {"wikidata": "Q18428697", "name": "Q18428697", "status": "missing", "osm_id": null, "type": "insediamento umano"}, "geometry": {"type": "Point", "coordinates": [16.48901, 40.49058]}}, {"type": "Feature", "properties": {"wikidata": "Q3905135", "name": "Q3905135", "status": "done", "osm_id": "way/349802515", "type": "museo d'arte moderna"}, "geometry": {"type": "Point", "coordinates": [15.80295, 40.64711]}}, {"type": "Feature", "properties": {"wikidata": "Q3936946", "name": "Q3936946", "status": "done", "osm_id": "way/267434027", "type": "riserve naturali regionali d'Italia"}, "geometry": {"type": "Point", "coordinates": [16.541702777, 40.6009]}}, {"type": "Feature", "properties": {"wikidata": "Q3891164", "name": "Q3891164", "status": "missing", "osm_id": null, "type": "palazzo"}, "geometry": {"type": "Point", "coordinates": [15.804231, 40.639269]}}, {"type": "Feature", "properties": {"wikidata": "Q3936637", "name": "Q3936637", "status": "missing", "osm_id": null, "type": "riserva naturale statale d'Italia"}, "geometry": {"type": "Point", "coordinates": [16.1489, 40.5447]}}, {"type": "Feature", "properties": {"wikidata": "Q3936511", "name": "Q3936511", "status": "done", "osm_id": "way/610898123", "type": "riserva naturale statale d'Italia"}, "geometry": {"type": "Point", "coordinates": [15.7344, 40.8504]}}, {"type": "Feature", "properties": {"wikidata": "Q3898551", "name": "Q3898551", "status": "done", "osm_id": "node/4441308755", "type": "frazione"}, "geometry": {"type": "Point", "coordinates": [15.855, 40.07222222]}}, {"type": "Feature", "properties": {"wikidata": "Q3948938", "name": "Q3948938", "status": "done", "osm_id": "node/1244754601", "type": "frazione"}, "geometry": {"type": "Point", "coordinates": [15.72818, 39.98466]}}, {"type": "Feature", "properties": {"wikidata": "Q3936550", "name": "Q3936550", "status": "missing", "osm_id": null, "type": "area protetta"}, "geometry": {"type": "Point", "coordinates": [15.73377, 40.80849]}}, {"type": "Feature", "properties": {"wikidata": "Q3936932", "name": "Q3936932", "status": "missing", "osm_id": null, "type": "riserve naturali regionali d'Italia"}, "geometry": {"type": "Point", "coordinates": [15.944997222, 40.406363888]}}, {"type": "Feature", "properties": {"wikidata": "Q3936707", "name": "Q3936707", "status": "missing", "osm_id": null, "type": "riserva naturale statale d'Italia"}, "geometry": {"type": "Point", "coordinates": [16.2074, 40.0035]}}, {"type": "Feature", "properties": {"wikidata": "Q3890317", "name": "Q3890317", "status": "missing", "osm_id": null, "type": "palazzo"}, "geometry": {"type": "Point", "coordinates": [16.610389, 40.662925]}}, {"type": "Feature", "properties": {"wikidata": "Q3895535", "name": "Q3895535", "status": "done", "osm_id": "node/304848354", "type": "area protetta"}, "geometry": {"type": "Point", "coordinates": [16.65205, 40.63014]}}, {"type": "Feature", "properties": {"wikidata": "Q3891274", "name": "Q3891274", "status": "missing", "osm_id": null, "type": "palazzo"}, "geometry": {"type": "Point", "coordinates": [15.805175, 40.639183]}}, {"type": "Feature", "properties": {"wikidata": "Q3936632", "name": "Q3936632", "status": "missing", "osm_id": null, "type": "riserva naturale statale d'Italia"}, "geometry": {"type": "Point", "coordinates": [16.8284, 40.3623]}}, {"type": "Feature", "properties": {"wikidata": "Q3909124", "name": "Q3909124", "status": "done", "osm_id": "node/1244757844", "type": "frazione"}, "geometry": {"type": "Point", "coordinates": [15.716388888, 39.987777777]}}, {"type": "Feature", "properties": {"wikidata": "Q3936844", "name": "Q3936844", "status": "done", "osm_id": "way/74396064", "type": "area protetta"}, "geometry": {"type": "Point", "coordinates": [16.698, 40.1619]}}, {"type": "Feature", "properties": {"wikidata": "Q3936597", "name": "Q3936597", "status": "missing", "osm_id": null, "type": "area protetta"}, "geometry": {"type": "Point", "coordinates": [15.7847, 40.823]}}, {"type": "Feature", "properties": {"wikidata": "Q3891391", "name": "Q3891391", "status": "done", "osm_id": "way/243615692", "type": "palazzo italiano"}, "geometry": {"type": "Point", "coordinates": [16.60566, 40.66693]}}, {"type": "Feature", "properties": {"wikidata": "Q3936937", "name": "Q3936937", "status": "missing", "osm_id": null, "type": "area protetta"}, "geometry": {"type": "Point", "coordinates": [15.74743, 40.58874]}}, {"type": "Feature", "properties": {"wikidata": "Q3936938", "name": "Q3936938", "status": "missing", "osm_id": null, "type": "area protetta"}, "geometry": {"type": "Point", "coordinates": [15.619, 40.9335]}}, {"type": "Feature", "properties": {"wikidata": "Q3909245", "name": "Q3909245", "status": "done", "osm_id": "relation/5719977", "type": "porto"}, "geometry": {"type": "Point", "coordinates": [15.70829, 39.98845]}}, {"type": "Feature", "properties": {"wikidata": "Q3890227", "name": "Q3890227", "status": "missing", "osm_id": null, "type": "palazzo"}, "geometry": {"type": "Point", "coordinates": [15.803745, 40.638563]}}, {"type": "Feature", "properties": {"wikidata": "Q3936936", "name": "Q3936936", "status": "missing", "osm_id": null, "type": "area protetta"}, "geometry": {"type": "Point", "coordinates": [15.835, 40.14416667]}}, {"type": "Feature", "properties": {"wikidata": "Q3891373", "name": "Q3891373", "status": "missing", "osm_id": null, "type": "palazzo"}, "geometry": {"type": "Point", "coordinates": [15.658358, 40.996415]}}, {"type": "Feature", "properties": {"wikidata": "Q3901077", "name": "Q3901077", "status": "missing", "osm_id": null, "type": "frazione"}, "geometry": {"type": "Point", "coordinates": [16.566666666, 40.283333333]}}, {"type": "Feature", "properties": {"wikidata": "Q3936722", "name": "Q3936722", "status": "missing", "osm_id": null, "type": "area protetta"}, "geometry": {"type": "Point", "coordinates": [16.8495, 40.3935]}}, {"type": "Feature", "properties": {"wikidata": "Q3895285", "name": "Q3895285", "status": "done", "osm_id": "relation/15590821", "type": "frazione"}, "geometry": {"type": "Point", "coordinates": [15.739444444, 41.082222222]}}, {"type": "Feature", "properties": {"wikidata": "Q3936593", "name": "Q3936593", "status": "missing", "osm_id": null, "type": "riserva naturale statale d'Italia"}, "geometry": {"type": "Point", "coordinates": [15.5455, 40.9308]}}, {"type": "Feature", "properties": {"wikidata": "Q3891443", "name": "Q3891443", "status": "missing", "osm_id": null, "type": "palazzo italiano"}, "geometry": {"type": "Point", "coordinates": [16.27161, 40.268303]}}, {"type": "Feature", "properties": {"wikidata": "Q3890348", "name": "Q3890348", "status": "done", "osm_id": "relation/5213745", "type": "palazzo"}, "geometry": {"type": "Point", "coordinates": [15.80618, 40.63983]}}, {"type": "Feature", "properties": {"wikidata": "Q3890771", "name": "Q3890771", "status": "missing", "osm_id": null, "type": "palazzo"}, "geometry": {"type": "Point", "coordinates": [15.802758333, 40.638430555]}}, {"type": "Feature", "properties": {"wikidata": "Q3947223", "name": "Q3947223", "status": "done", "osm_id": "node/4399545307", "type": "frazione"}, "geometry": {"type": "Point", "coordinates": [15.585277777, 40.959722222]}}, {"type": "Feature", "properties": {"wikidata": "Q3891073", "name": "Q3891073", "status": "missing", "osm_id": null, "type": "palazzo"}, "geometry": {"type": "Point", "coordinates": [15.80591, 40.64029]}}, {"type": "Feature", "properties": {"wikidata": "Q3895504", "name": "Q3895504", "status": "done", "osm_id": "way/258746261", "type": "santuario"}, "geometry": {"type": "Point", "coordinates": [15.9479, 40.6909]}}, {"type": "Feature", "properties": {"wikidata": "Q3890661", "name": "Q3890661", "status": "missing", "osm_id": null, "type": "palazzo"}, "geometry": {"type": "Point", "coordinates": [15.806388888, 40.639388888]}}, {"type": "Feature", "properties": {"wikidata": "Q3928461", "name": "Q3928461", "status": "done", "osm_id": "node/9513201454", "type": "rione"}, "geometry": {"type": "Point", "coordinates": [16.4688716, 40.2516535]}}, {"type": "Feature", "properties": {"wikidata": "Q3895466", "name": "Q3895466", "status": "done", "osm_id": "way/258745405", "type": "sito archeologico"}, "geometry": {"type": "Point", "coordinates": [15.89777, 40.67683]}}, {"type": "Feature", "properties": {"wikidata": "Q3909420", "name": "Q3909420", "status": "done", "osm_id": "node/4322221616", "type": "frazione"}, "geometry": {"type": "Point", "coordinates": [15.77378, 40.78174]}}, {"type": "Feature", "properties": {"wikidata": "Q18428803", "name": "Q18428803", "status": "missing", "osm_id": null, "type": "insediamento umano"}, "geometry": {"type": "Point", "coordinates": [15.90169, 40.02408]}}, {"type": "Feature", "properties": {"wikidata": "Q18428783", "name": "Q18428783", "status": "missing", "osm_id": null, "type": "insediamento umano"}, "geometry": {"type": "Point", "coordinates": [15.94247, 40.11534]}}, {"type": "Feature", "properties": {"wikidata": "Q18428835", "name": "Q18428835", "status": "missing", "osm_id": null, "type": "frazione"}, "geometry": {"type": "Point", "coordinates": [15.92871, 40.09386]}}, {"type": "Feature", "properties": {"wikidata": "Q18428791", "name": "Q18428791", "status": "done", "osm_id": "node/13342174104", "type": "frazione"}, "geometry": {"type": "Point", "coordinates": [15.77744, 40.82458]}}, {"type": "Feature", "properties": {"wikidata": "Q18428753", "name": "Q18428753", "status": "missing", "osm_id": null, "type": "insediamento umano"}, "geometry": {"type": "Point", "coordinates": [15.96202, 40.07471]}}, {"type": "Feature", "properties": {"wikidata": "Q18428782", "name": "Q18428782", "status": "missing", "osm_id": null, "type": "insediamento umano"}, "geometry": {"type": "Point", "coordinates": [15.88144, 40.13589]}}, {"type": "Feature", "properties": {"wikidata": "Q18428767", "name": "Q18428767", "status": "done", "osm_id": "node/12025560790", "type": "insediamento umano"}, "geometry": {"type": "Point", "coordinates": [15.42012, 40.78433]}}, {"type": "Feature", "properties": {"wikidata": "Q18428821", "name": "Q18428821", "status": "missing", "osm_id": null, "type": "frazione"}, "geometry": {"type": "Point", "coordinates": [15.65475, 40.82664]}}, {"type": "Feature", "properties": {"wikidata": "Q18428777", "name": "Q18428777", "status": "missing", "osm_id": null, "type": "frazione"}, "geometry": {"type": "Point", "coordinates": [15.87566, 40.20103]}}, {"type": "Feature", "properties": {"wikidata": "Q18428786", "name": "Q18428786", "status": "done", "osm_id": "node/13461953987", "type": "insediamento umano"}, "geometry": {"type": "Point", "coordinates": [15.83374, 40.0722]}}, {"type": "Feature", "properties": {"wikidata": "Q18428826", "name": "Q18428826", "status": "missing", "osm_id": null, "type": "insediamento umano"}, "geometry": {"type": "Point", "coordinates": [15.75047, 40.66161]}}, {"type": "Feature", "properties": {"wikidata": "Q18428843", "name": "Q18428843", "status": "missing", "osm_id": null, "type": "insediamento umano"}, "geometry": {"type": "Point", "coordinates": [15.66948, 40.83913]}}, {"type": "Feature", "properties": {"wikidata": "Q18428788", "name": "Q18428788", "status": "missing", "osm_id": null, "type": "frazione"}, "geometry": {"type": "Point", "coordinates": [15.54955, 40.72844]}}, {"type": "Feature", "properties": {"wikidata": "Q18428850", "name": "Q18428850", "status": "missing", "osm_id": null, "type": "insediamento umano"}, "geometry": {"type": "Point", "coordinates": [15.63547, 40.55279]}}, {"type": "Feature", "properties": {"wikidata": "Q18428745", "name": "Q18428745", "status": "missing", "osm_id": null, "type": "frazione"}, "geometry": {"type": "Point", "coordinates": [15.76422, 40.71775]}}, {"type": "Feature", "properties": {"wikidata": "Q18428807", "name": "Q18428807", "status": "missing", "osm_id": null, "type": "insediamento umano"}, "geometry": {"type": "Point", "coordinates": [15.77461, 40.69187]}}, {"type": "Feature", "properties": {"wikidata": "Q18428838", "name": "Q18428838", "status": "missing", "osm_id": null, "type": "frazione"}, "geometry": {"type": "Point", "coordinates": [15.74369, 40.03552]}}, {"type": "Feature", "properties": {"wikidata": "Q18428761", "name": "Q18428761", "status": "missing", "osm_id": null, "type": "frazione"}, "geometry": {"type": "Point", "coordinates": [15.73452, 40.71272]}}, {"type": "Feature", "properties": {"wikidata": "Q18428790", "name": "Q18428790", "status": "missing", "osm_id": null, "type": "frazione"}, "geometry": {"type": "Point", "coordinates": [15.72975, 40.71599]}}, {"type": "Feature", "properties": {"wikidata": "Q18428813", "name": "Q18428813", "status": "missing", "osm_id": null, "type": "insediamento umano"}, "geometry": {"type": "Point", "coordinates": [15.79685, 40.70215]}}, {"type": "Feature", "properties": {"wikidata": "Q18428852", "name": "Q18428852", "status": "missing", "osm_id": null, "type": "insediamento umano"}, "geometry": {"type": "Point", "coordinates": [15.6292, 40.54824]}}, {"type": "Feature", "properties": {"wikidata": "Q18428797", "name": "Q18428797", "status": "missing", "osm_id": null, "type": "frazione"}, "geometry": {"type": "Point", "coordinates": [15.76564, 40.74445]}}, {"type": "Feature", "properties": {"wikidata": "Q18428771", "name": "Q18428771", "status": "missing", "osm_id": null, "type": "frazione"}, "geometry": {"type": "Point", "coordinates": [15.79924, 40.01572]}}, {"type": "Feature", "properties": {"wikidata": "Q18428784", "name": "Q18428784", "status": "missing", "osm_id": null, "type": "insediamento umano"}, "geometry": {"type": "Point", "coordinates": [15.79888, 40.74882]}}, {"type": "Feature", "properties": {"wikidata": "Q18428781", "name": "Q18428781", "status": "missing", "osm_id": null, "type": "frazione"}, "geometry": {"type": "Point", "coordinates": [15.74819, 40.07621]}}, {"type": "Feature", "properties": {"wikidata": "Q18428756", "name": "Q18428756", "status": "missing", "osm_id": null, "type": "frazione"}, "geometry": {"type": "Point", "coordinates": [15.53132, 40.76591]}}, {"type": "Feature", "properties": {"wikidata": "Q18428824", "name": "Q18428824", "status": "missing", "osm_id": null, "type": "frazione"}, "geometry": {"type": "Point", "coordinates": [16.00471, 40.02279]}}, {"type": "Feature", "properties": {"wikidata": "Q18428752", "name": "Q18428752", "status": "missing", "osm_id": null, "type": "frazione"}, "geometry": {"type": "Point", "coordinates": [15.75635, 40.02967]}}, {"type": "Feature", "properties": {"wikidata": "Q18428847", "name": "Q18428847", "status": "missing", "osm_id": null, "type": "insediamento umano"}, "geometry": {"type": "Point", "coordinates": [15.46797, 40.76948]}}, {"type": "Feature", "properties": {"wikidata": "Q18428809", "name": "Q18428809", "status": "missing", "osm_id": null, "type": "insediamento umano"}, "geometry": {"type": "Point", "coordinates": [15.79241, 40.71975]}}, {"type": "Feature", "properties": {"wikidata": "Q18428806", "name": "Q18428806", "status": "missing", "osm_id": null, "type": "insediamento umano"}, "geometry": {"type": "Point", "coordinates": [15.8728, 40.64407]}}, {"type": "Feature", "properties": {"wikidata": "Q18428760", "name": "Q18428760", "status": "missing", "osm_id": null, "type": "frazione"}, "geometry": {"type": "Point", "coordinates": [15.73687, 40.71115]}}, {"type": "Feature", "properties": {"wikidata": "Q18428832", "name": "Q18428832", "status": "done", "osm_id": "node/13342211407", "type": "frazione"}, "geometry": {"type": "Point", "coordinates": [15.75298, 40.80818]}}, {"type": "Feature", "properties": {"wikidata": "Q18428770", "name": "Q18428770", "status": "missing", "osm_id": null, "type": "frazione"}, "geometry": {"type": "Point", "coordinates": [15.75137, 40.42196]}}, {"type": "Feature", "properties": {"wikidata": "Q18428755", "name": "Q18428755", "status": "missing", "osm_id": null, "type": "insediamento umano"}, "geometry": {"type": "Point", "coordinates": [15.85618, 40.68858]}}, {"type": "Feature", "properties": {"wikidata": "Q18428785", "name": "Q18428785", "status": "missing", "osm_id": null, "type": "frazione"}, "geometry": {"type": "Point", "coordinates": [15.71705, 40.42585]}}, {"type": "Feature", "properties": {"wikidata": "Q18428762", "name": "Q18428762", "status": "missing", "osm_id": null, "type": "frazione"}, "geometry": {"type": "Point", "coordinates": [15.77823, 40.78283]}}, {"type": "Feature", "properties": {"wikidata": "Q18428851", "name": "Q18428851", "status": "missing", "osm_id": null, "type": "insediamento umano"}, "geometry": {"type": "Point", "coordinates": [16.11158, 40.76321]}}, {"type": "Feature", "properties": {"wikidata": "Q18428854", "name": "Q18428854", "status": "missing", "osm_id": null, "type": "insediamento umano"}, "geometry": {"type": "Point", "coordinates": [15.52441, 40.76434]}}, {"type": "Feature", "properties": {"wikidata": "Q18428828", "name": "Q18428828", "status": "done", "osm_id": "node/4177174185", "type": "frazione"}, "geometry": {"type": "Point", "coordinates": [15.98022, 40.07087]}}, {"type": "Feature", "properties": {"wikidata": "Q18428819", "name": "Q18428819", "status": "missing", "osm_id": null, "type": "insediamento umano"}, "geometry": {"type": "Point", "coordinates": [15.94129, 40.06329]}}, {"type": "Feature", "properties": {"wikidata": "Q18428800", "name": "Q18428800", "status": "missing", "osm_id": null, "type": "insediamento umano"}, "geometry": {"type": "Point", "coordinates": [15.78372, 40.72567]}}, {"type": "Feature", "properties": {"wikidata": "Q18428801", "name": "Q18428801", "status": "missing", "osm_id": null, "type": "insediamento umano"}, "geometry": {"type": "Point", "coordinates": [15.80781, 40.72518]}}, {"type": "Feature", "properties": {"wikidata": "Q18428833", "name": "Q18428833", "status": "missing", "osm_id": null, "type": "frazione"}, "geometry": {"type": "Point", "coordinates": [15.78667, 40.73485]}}, {"type": "Feature", "properties": {"wikidata": "Q18428751", "name": "Q18428751", "status": "missing", "osm_id": null, "type": "insediamento umano"}, "geometry": {"type": "Point", "coordinates": [15.89302, 40.07035]}}, {"type": "Feature", "properties": {"wikidata": "Q18428754", "name": "Q18428754", "status": "done", "osm_id": "node/11707751708", "type": "insediamento umano"}, "geometry": {"type": "Point", "coordinates": [15.84734, 40.69637]}}, {"type": "Feature", "properties": {"wikidata": "Q18428804", "name": "Q18428804", "status": "missing", "osm_id": null, "type": "insediamento umano"}, "geometry": {"type": "Point", "coordinates": [15.81587, 40.68869]}}, {"type": "Feature", "properties": {"wikidata": "Q18428834", "name": "Q18428834", "status": "missing", "osm_id": null, "type": "frazione"}, "geometry": {"type": "Point", "coordinates": [16.04401, 40.05803]}}, {"type": "Feature", "properties": {"wikidata": "Q18428822", "name": "Q18428822", "status": "missing", "osm_id": null, "type": "frazione"}, "geometry": {"type": "Point", "coordinates": [15.71356, 40.72302]}}, {"type": "Feature", "properties": {"wikidata": "Q18428768", "name": "Q18428768", "status": "missing", "osm_id": null, "type": "frazione"}, "geometry": {"type": "Point", "coordinates": [15.7813, 40.59578]}}, {"type": "Feature", "properties": {"wikidata": "Q18428845", "name": "Q18428845", "status": "missing", "osm_id": null, "type": "insediamento umano"}, "geometry": {"type": "Point", "coordinates": [15.60202, 40.53227]}}, {"type": "Feature", "properties": {"wikidata": "Q18428799", "name": "Q18428799", "status": "missing", "osm_id": null, "type": "frazione"}, "geometry": {"type": "Point", "coordinates": [15.76087, 40.68481]}}, {"type": "Feature", "properties": {"wikidata": "Q18428764", "name": "Q18428764", "status": "missing", "osm_id": null, "type": "frazione"}, "geometry": {"type": "Point", "coordinates": [15.98106, 40.08436]}}, {"type": "Feature", "properties": {"wikidata": "Q18428779", "name": "Q18428779", "status": "missing", "osm_id": null, "type": "frazione"}, "geometry": {"type": "Point", "coordinates": [15.73937, 40.86313]}}, {"type": "Feature", "properties": {"wikidata": "Q18428766", "name": "Q18428766", "status": "missing", "osm_id": null, "type": "frazione"}, "geometry": {"type": "Point", "coordinates": [15.76352, 40.09379]}}, {"type": "Feature", "properties": {"wikidata": "Q18428816", "name": "Q18428816", "status": "missing", "osm_id": null, "type": "frazione"}, "geometry": {"type": "Point", "coordinates": [15.71409, 40.8671]}}, {"type": "Feature", "properties": {"wikidata": "Q18428839", "name": "Q18428839", "status": "missing", "osm_id": null, "type": "insediamento umano"}, "geometry": {"type": "Point", "coordinates": [15.63302, 40.85408]}}, {"type": "Feature", "properties": {"wikidata": "Q18428818", "name": "Q18428818", "status": "missing", "osm_id": null, "type": "frazione"}, "geometry": {"type": "Point", "coordinates": [15.62265, 40.60218]}}, {"type": "Feature", "properties": {"wikidata": "Q18428774", "name": "Q18428774", "status": "missing", "osm_id": null, "type": "frazione"}, "geometry": {"type": "Point", "coordinates": [15.75277, 40.77021]}}, {"type": "Feature", "properties": {"wikidata": "Q18428849", "name": "Q18428849", "status": "missing", "osm_id": null, "type": "insediamento umano"}, "geometry": {"type": "Point", "coordinates": [15.61248, 40.56677]}}, {"type": "Feature", "properties": {"wikidata": "Q18428836", "name": "Q18428836", "status": "missing", "osm_id": null, "type": "frazione"}, "geometry": {"type": "Point", "coordinates": [15.73217, 40.43966]}}, {"type": "Feature", "properties": {"wikidata": "Q18428775", "name": "Q18428775", "status": "missing", "osm_id": null, "type": "insediamento umano"}, "geometry": {"type": "Point", "coordinates": [15.89425, 40.09071]}}, {"type": "Feature", "properties": {"wikidata": "Q18428763", "name": "Q18428763", "status": "done", "osm_id": "node/9191658657", "type": "insediamento umano"}, "geometry": {"type": "Point", "coordinates": [15.70414, 40.70785]}}, {"type": "Feature", "properties": {"wikidata": "Q18428776", "name": "Q18428776", "status": "done", "osm_id": "node/4757673818", "type": "insediamento umano"}, "geometry": {"type": "Point", "coordinates": [16.16976, 39.97357]}}, {"type": "Feature", "properties": {"wikidata": "Q18428765", "name": "Q18428765", "status": "missing", "osm_id": null, "type": "frazione"}, "geometry": {"type": "Point", "coordinates": [15.71415, 40.8018]}}, {"type": "Feature", "properties": {"wikidata": "Q18428812", "name": "Q18428812", "status": "missing", "osm_id": null, "type": "insediamento umano"}, "geometry": {"type": "Point", "coordinates": [15.78269, 40.70492]}}, {"type": "Feature", "properties": {"wikidata": "Q18428795", "name": "Q18428795", "status": "missing", "osm_id": null, "type": "frazione"}, "geometry": {"type": "Point", "coordinates": [15.46974, 40.69238]}}, {"type": "Feature", "properties": {"wikidata": "Q18428827", "name": "Q18428827", "status": "missing", "osm_id": null, "type": "insediamento umano"}, "geometry": {"type": "Point", "coordinates": [15.73901, 40.66439]}}, {"type": "Feature", "properties": {"wikidata": "Q18428842", "name": "Q18428842", "status": "missing", "osm_id": null, "type": "insediamento umano"}, "geometry": {"type": "Point", "coordinates": [15.67824, 40.83232]}}, {"type": "Feature", "properties": {"wikidata": "Q18428830", "name": "Q18428830", "status": "missing", "osm_id": null, "type": "frazione"}, "geometry": {"type": "Point", "coordinates": [15.79432, 40.776]}}, {"type": "Feature", "properties": {"wikidata": "Q18428814", "name": "Q18428814", "status": "missing", "osm_id": null, "type": "insediamento umano"}, "geometry": {"type": "Point", "coordinates": [15.75795, 40.69464]}}, {"type": "Feature", "properties": {"wikidata": "Q18428748", "name": "Q18428748", "status": "missing", "osm_id": null, "type": "frazione"}, "geometry": {"type": "Point", "coordinates": [15.80273, 40.37647]}}, {"type": "Feature", "properties": {"wikidata": "Q18428802", "name": "Q18428802", "status": "missing", "osm_id": null, "type": "insediamento umano"}, "geometry": {"type": "Point", "coordinates": [15.89196, 40.02158]}}, {"type": "Feature", "properties": {"wikidata": "Q18428846", "name": "Q18428846", "status": "missing", "osm_id": null, "type": "insediamento umano"}, "geometry": {"type": "Point", "coordinates": [15.66446, 40.83399]}}, {"type": "Feature", "properties": {"wikidata": "Q18428749", "name": "Q18428749", "status": "missing", "osm_id": null, "type": "insediamento umano"}, "geometry": {"type": "Point", "coordinates": [15.84877, 40.0676]}}, {"type": "Feature", "properties": {"wikidata": "Q18428823", "name": "Q18428823", "status": "missing", "osm_id": null, "type": "insediamento umano"}, "geometry": {"type": "Point", "coordinates": [15.76242, 40.62321]}}, {"type": "Feature", "properties": {"wikidata": "Q18428758", "name": "Q18428758", "status": "missing", "osm_id": null, "type": "frazione"}, "geometry": {"type": "Point", "coordinates": [15.56112, 40.47994]}}, {"type": "Feature", "properties": {"wikidata": "Q18428855", "name": "Q18428855", "status": "missing", "osm_id": null, "type": "insediamento umano"}, "geometry": {"type": "Point", "coordinates": [15.62355, 40.56357]}}, {"type": "Feature", "properties": {"wikidata": "Q18428798", "name": "Q18428798", "status": "missing", "osm_id": null, "type": "insediamento umano"}, "geometry": {"type": "Point", "coordinates": [15.95866, 40.11021]}}, {"type": "Feature", "properties": {"wikidata": "Q18428792", "name": "Q18428792", "status": "missing", "osm_id": null, "type": "insediamento umano"}, "geometry": {"type": "Point", "coordinates": [15.89457, 40.01443]}}, {"type": "Feature", "properties": {"wikidata": "Q18428796", "name": "Q18428796", "status": "missing", "osm_id": null, "type": "insediamento umano"}, "geometry": {"type": "Point", "coordinates": [15.86361, 40.13708]}}, {"type": "Feature", "properties": {"wikidata": "Q18428844", "name": "Q18428844", "status": "missing", "osm_id": null, "type": "insediamento umano"}, "geometry": {"type": "Point", "coordinates": [15.78101, 40.12134]}}, {"type": "Feature", "properties": {"wikidata": "Q18428772", "name": "Q18428772", "status": "done", "osm_id": "node/13473038763", "type": "frazione"}, "geometry": {"type": "Point", "coordinates": [15.76892, 40.77804]}}, {"type": "Feature", "properties": {"wikidata": "Q18428810", "name": "Q18428810", "status": "missing", "osm_id": null, "type": "insediamento umano"}, "geometry": {"type": "Point", "coordinates": [15.79691, 40.66912]}}, {"type": "Feature", "properties": {"wikidata": "Q18428808", "name": "Q18428808", "status": "missing", "osm_id": null, "type": "insediamento umano"}, "geometry": {"type": "Point", "coordinates": [15.79016, 40.61391]}}, {"type": "Feature", "properties": {"wikidata": "Q18428817", "name": "Q18428817", "status": "missing", "osm_id": null, "type": "insediamento umano"}, "geometry": {"type": "Point", "coordinates": [16.09954, 40.46254]}}, {"type": "Feature", "properties": {"wikidata": "Q18428837", "name": "Q18428837", "status": "missing", "osm_id": null, "type": "insediamento umano"}, "geometry": {"type": "Point", "coordinates": [15.85153, 40.73384]}}, {"type": "Feature", "properties": {"wikidata": "Q18428825", "name": "Q18428825", "status": "missing", "osm_id": null, "type": "insediamento umano"}, "geometry": {"type": "Point", "coordinates": [15.71706, 40.14412]}}, {"type": "Feature", "properties": {"wikidata": "Q18428778", "name": "Q18428778", "status": "missing", "osm_id": null, "type": "insediamento umano"}, "geometry": {"type": "Point", "coordinates": [15.93298, 40.09133]}}, {"type": "Feature", "properties": {"wikidata": "Q18428780", "name": "Q18428780", "status": "missing", "osm_id": null, "type": "frazione"}, "geometry": {"type": "Point", "coordinates": [15.72857, 40.41067]}}, {"type": "Feature", "properties": {"wikidata": "Q18428793", "name": "Q18428793", "status": "missing", "osm_id": null, "type": "insediamento umano"}, "geometry": {"type": "Point", "coordinates": [15.92897, 40.12231]}}, {"type": "Feature", "properties": {"wikidata": "Q18428815", "name": "Q18428815", "status": "missing", "osm_id": null, "type": "insediamento umano"}, "geometry": {"type": "Point", "coordinates": [15.81153, 40.67824]}}, {"type": "Feature", "properties": {"wikidata": "Q18428805", "name": "Q18428805", "status": "missing", "osm_id": null, "type": "insediamento umano"}, "geometry": {"type": "Point", "coordinates": [15.77856, 40.66832]}}, {"type": "Feature", "properties": {"wikidata": "Q18428811", "name": "Q18428811", "status": "missing", "osm_id": null, "type": "insediamento umano"}, "geometry": {"type": "Point", "coordinates": [15.8549, 40.35633]}}, {"type": "Feature", "properties": {"wikidata": "Q18428787", "name": "Q18428787", "status": "missing", "osm_id": null, "type": "frazione"}, "geometry": {"type": "Point", "coordinates": [15.70659, 40.83979]}}, {"type": "Feature", "properties": {"wikidata": "Q18428757", "name": "Q18428757", "status": "missing", "osm_id": null, "type": "frazione"}, "geometry": {"type": "Point", "coordinates": [15.56191, 40.47796]}}, {"type": "Feature", "properties": {"wikidata": "Q18428841", "name": "Q18428841", "status": "missing", "osm_id": null, "type": "insediamento umano"}, "geometry": {"type": "Point", "coordinates": [15.66867, 40.79611]}}, {"type": "Feature", "properties": {"wikidata": "Q18428840", "name": "Q18428840", "status": "missing", "osm_id": null, "type": "frazione"}, "geometry": {"type": "Point", "coordinates": [15.64377, 40.54737]}}, {"type": "Feature", "properties": {"wikidata": "Q18428831", "name": "Q18428831", "status": "missing", "osm_id": null, "type": "insediamento umano"}, "geometry": {"type": "Point", "coordinates": [15.67246, 40.68636]}}, {"type": "Feature", "properties": {"wikidata": "Q18428750", "name": "Q18428750", "status": "missing", "osm_id": null, "type": "insediamento umano"}, "geometry": {"type": "Point", "coordinates": [15.88238, 40.06794]}}, {"type": "Feature", "properties": {"wikidata": "Q18428991", "name": "Q18428991", "status": "missing", "osm_id": null, "type": "insediamento umano"}, "geometry": {"type": "Point", "coordinates": [15.76014, 40.77811]}}, {"type": "Feature", "properties": {"wikidata": "Q18429004", "name": "Q18429004", "status": "missing", "osm_id": null, "type": "frazione"}, "geometry": {"type": "Point", "coordinates": [16.03007, 40.05894]}}, {"type": "Feature", "properties": {"wikidata": "Q18429049", "name": "Q18429049", "status": "missing", "osm_id": null, "type": "insediamento umano"}, "geometry": {"type": "Point", "coordinates": [15.74507, 40.35589]}}, {"type": "Feature", "properties": {"wikidata": "Q18429006", "name": "Q18429006", "status": "missing", "osm_id": null, "type": "frazione"}, "geometry": {"type": "Point", "coordinates": [15.75552, 40.79758]}}, {"type": "Feature", "properties": {"wikidata": "Q18429026", "name": "Q18429026", "status": "missing", "osm_id": null, "type": "frazione"}, "geometry": {"type": "Point", "coordinates": [15.78361, 40.37306]}}, {"type": "Feature", "properties": {"wikidata": "Q18429054", "name": "Q18429054", "status": "missing", "osm_id": null, "type": "insediamento umano"}, "geometry": {"type": "Point", "coordinates": [15.85543, 40.07001]}}, {"type": "Feature", "properties": {"wikidata": "Q18429064", "name": "Q18429064", "status": "missing", "osm_id": null, "type": "frazione"}, "geometry": {"type": "Point", "coordinates": [15.64242, 40.78171]}}, {"type": "Feature", "properties": {"wikidata": "Q18429020", "name": "Q18429020", "status": "missing", "osm_id": null, "type": "insediamento umano"}, "geometry": {"type": "Point", "coordinates": [15.79297, 40.76791]}}, {"type": "Feature", "properties": {"wikidata": "Q18428968", "name": "Q18428968", "status": "missing", "osm_id": null, "type": "insediamento umano"}, "geometry": {"type": "Point", "coordinates": [15.81746, 40.59674]}}, {"type": "Feature", "properties": {"wikidata": "Q18429058", "name": "Q18429058", "status": "missing", "osm_id": null, "type": "insediamento umano"}, "geometry": {"type": "Point", "coordinates": [15.79818, 40.76422]}}, {"type": "Feature", "properties": {"wikidata": "Q18428971", "name": "Q18428971", "status": "missing", "osm_id": null, "type": "insediamento umano"}, "geometry": {"type": "Point", "coordinates": [15.78157, 40.60402]}}, {"type": "Feature", "properties": {"wikidata": "Q18428983", "name": "Q18428983", "status": "done", "osm_id": "node/8340862515", "type": "insediamento umano"}, "geometry": {"type": "Point", "coordinates": [15.80029, 40.67895]}}, {"type": "Feature", "properties": {"wikidata": "Q18429000", "name": "Q18429000", "status": "done", "osm_id": "node/418447295", "type": "insediamento umano"}, "geometry": {"type": "Point", "coordinates": [16.17664, 39.98078]}}, {"type": "Feature", "properties": {"wikidata": "Q18429044", "name": "Q18429044", "status": "missing", "osm_id": null, "type": "insediamento umano"}, "geometry": {"type": "Point", "coordinates": [15.91435, 40.07246]}}, {"type": "Feature", "properties": {"wikidata": "Q18428977", "name": "Q18428977", "status": "missing", "osm_id": null, "type": "insediamento umano"}, "geometry": {"type": "Point", "coordinates": [15.81352, 40.68599]}}, {"type": "Feature", "properties": {"wikidata": "Q18429045", "name": "Q18429045", "status": "done", "osm_id": "node/13430980287", "type": "insediamento umano"}, "geometry": {"type": "Point", "coordinates": [15.7927, 39.99718]}}, {"type": "Feature", "properties": {"wikidata": "Q18428969", "name": "Q18428969", "status": "missing", "osm_id": null, "type": "insediamento umano"}, "geometry": {"type": "Point", "coordinates": [15.73878, 40.56456]}}, {"type": "Feature", "properties": {"wikidata": "Q18428990", "name": "Q18428990", "status": "missing", "osm_id": null, "type": "insediamento umano"}, "geometry": {"type": "Point", "coordinates": [15.92864, 40.14019]}}, {"type": "Feature", "properties": {"wikidata": "Q18428985", "name": "Q18428985", "status": "missing", "osm_id": null, "type": "frazione"}, "geometry": {"type": "Point", "coordinates": [15.66576, 40.42984]}}, {"type": "Feature", "properties": {"wikidata": "Q18429010", "name": "Q18429010", "status": "missing", "osm_id": null, "type": "insediamento umano"}, "geometry": {"type": "Point", "coordinates": [16.02004, 39.94735]}}, {"type": "Feature", "properties": {"wikidata": "Q18429052", "name": "Q18429052", "status": "missing", "osm_id": null, "type": "frazione"}, "geometry": {"type": "Point", "coordinates": [16.16561, 40.07964]}}, {"type": "Feature", "properties": {"wikidata": "Q18429048", "name": "Q18429048", "status": "missing", "osm_id": null, "type": "insediamento umano"}, "geometry": {"type": "Point", "coordinates": [15.88078, 40.2114]}}, {"type": "Feature", "properties": {"wikidata": "Q18429034", "name": "Q18429034", "status": "missing", "osm_id": null, "type": "insediamento umano"}, "geometry": {"type": "Point", "coordinates": [15.79042, 40.74508]}}, {"type": "Feature", "properties": {"wikidata": "Q18429055", "name": "Q18429055", "status": "missing", "osm_id": null, "type": "frazione"}, "geometry": {"type": "Point", "coordinates": [15.71353, 40.83705]}}, {"type": "Feature", "properties": {"wikidata": "Q18429018", "name": "Q18429018", "status": "missing", "osm_id": null, "type": "insediamento umano"}, "geometry": {"type": "Point", "coordinates": [15.75688, 40.67241]}}, {"type": "Feature", "properties": {"wikidata": "Q18429014", "name": "Q18429014", "status": "done", "osm_id": "node/13340226149", "type": "frazione"}, "geometry": {"type": "Point", "coordinates": [15.78403, 40.81186]}}, {"type": "Feature", "properties": {"wikidata": "Q18429028", "name": "Q18429028", "status": "missing", "osm_id": null, "type": "frazione"}, "geometry": {"type": "Point", "coordinates": [15.72036, 40.74583]}}, {"type": "Feature", "properties": {"wikidata": "Q18428986", "name": "Q18428986", "status": "missing", "osm_id": null, "type": "insediamento umano"}, "geometry": {"type": "Point", "coordinates": [15.75397, 40.42408]}}, {"type": "Feature", "properties": {"wikidata": "Q18428965", "name": "Q18428965", "status": "missing", "osm_id": null, "type": "insediamento umano"}, "geometry": {"type": "Point", "coordinates": [15.81492, 40.67577]}}, {"type": "Feature", "properties": {"wikidata": "Q18428981", "name": "Q18428981", "status": "missing", "osm_id": null, "type": "insediamento umano"}, "geometry": {"type": "Point", "coordinates": [15.75597, 40.42205]}}, {"type": "Feature", "properties": {"wikidata": "Q18428998", "name": "Q18428998", "status": "done", "osm_id": "node/418444176", "type": "insediamento umano"}, "geometry": {"type": "Point", "coordinates": [16.16666, 39.98965]}}, {"type": "Feature", "properties": {"wikidata": "Q18429063", "name": "Q18429063", "status": "missing", "osm_id": null, "type": "frazione"}, "geometry": {"type": "Point", "coordinates": [16.02827, 40.04732]}}, {"type": "Feature", "properties": {"wikidata": "Q18429029", "name": "Q18429029", "status": "missing", "osm_id": null, "type": "insediamento umano"}, "geometry": {"type": "Point", "coordinates": [16.21111, 40.20254]}}, {"type": "Feature", "properties": {"wikidata": "Q18429069", "name": "Q18429069", "status": "missing", "osm_id": null, "type": "frazione"}, "geometry": {"type": "Point", "coordinates": [15.75018, 40.81415]}}, {"type": "Feature", "properties": {"wikidata": "Q18428999", "name": "Q18428999", "status": "done", "osm_id": "node/418449680", "type": "insediamento umano"}, "geometry": {"type": "Point", "coordinates": [16.17502, 39.97455]}}, {"type": "Feature", "properties": {"wikidata": "Q18429005", "name": "Q18429005", "status": "missing", "osm_id": null, "type": "insediamento umano"}, "geometry": {"type": "Point", "coordinates": [15.88172, 40.02041]}}, {"type": "Feature", "properties": {"wikidata": "Q18428980", "name": "Q18428980", "status": "missing", "osm_id": null, "type": "insediamento umano"}, "geometry": {"type": "Point", "coordinates": [15.8485, 40.60747]}}, {"type": "Feature", "properties": {"wikidata": "Q18429013", "name": "Q18429013", "status": "missing", "osm_id": null, "type": "frazione"}, "geometry": {"type": "Point", "coordinates": [15.91341, 40.00851]}}, {"type": "Feature", "properties": {"wikidata": "Q18429007", "name": "Q18429007", "status": "missing", "osm_id": null, "type": "frazione"}, "geometry": {"type": "Point", "coordinates": [15.76259, 40.73786]}}, {"type": "Feature", "properties": {"wikidata": "Q18429056", "name": "Q18429056", "status": "missing", "osm_id": null, "type": "insediamento umano"}, "geometry": {"type": "Point", "coordinates": [15.75503, 40.63674]}}, {"type": "Feature", "properties": {"wikidata": "Q18429019", "name": "Q18429019", "status": "missing", "osm_id": null, "type": "insediamento umano"}, "geometry": {"type": "Point", "coordinates": [15.47501, 40.60378]}}, {"type": "Feature", "properties": {"wikidata": "Q18429038", "name": "Q18429038", "status": "missing", "osm_id": null, "type": "frazione"}, "geometry": {"type": "Point", "coordinates": [15.72864, 40.17826]}}, {"type": "Feature", "properties": {"wikidata": "Q18428988", "name": "Q18428988", "status": "missing", "osm_id": null, "type": "insediamento umano"}, "geometry": {"type": "Point", "coordinates": [15.86051, 40.12313]}}, {"type": "Feature", "properties": {"wikidata": "Q18428989", "name": "Q18428989", "status": "missing", "osm_id": null, "type": "frazione"}, "geometry": {"type": "Point", "coordinates": [15.76508, 40.64626]}}, {"type": "Feature", "properties": {"wikidata": "Q18429024", "name": "Q18429024", "status": "missing", "osm_id": null, "type": "frazione"}, "geometry": {"type": "Point", "coordinates": [16.13474, 40.00727]}}, {"type": "Feature", "properties": {"wikidata": "Q18429008", "name": "Q18429008", "status": "missing", "osm_id": null, "type": "frazione"}, "geometry": {"type": "Point", "coordinates": [15.74889, 40.09464]}}, {"type": "Feature", "properties": {"wikidata": "Q18428996", "name": "Q18428996", "status": "done", "osm_id": "node/12415365125", "type": "insediamento umano"}, "geometry": {"type": "Point", "coordinates": [15.86723, 39.99607]}}, {"type": "Feature", "properties": {"wikidata": "Q18429068", "name": "Q18429068", "status": "missing", "osm_id": null, "type": "insediamento umano"}, "geometry": {"type": "Point", "coordinates": [15.88385, 40.17782]}}, {"type": "Feature", "properties": {"wikidata": "Q18429057", "name": "Q18429057", "status": "done", "osm_id": "node/2445053375", "type": "insediamento umano"}, "geometry": {"type": "Point", "coordinates": [15.50977, 40.7241]}}, {"type": "Feature", "properties": {"wikidata": "Q18428993", "name": "Q18428993", "status": "missing", "osm_id": null, "type": "frazione"}, "geometry": {"type": "Point", "coordinates": [15.99985, 40.07432]}}, {"type": "Feature", "properties": {"wikidata": "Q18428972", "name": "Q18428972", "status": "missing", "osm_id": null, "type": "insediamento umano"}, "geometry": {"type": "Point", "coordinates": [15.75662, 40.42424]}}, {"type": "Feature", "properties": {"wikidata": "Q18428997", "name": "Q18428997", "status": "missing", "osm_id": null, "type": "insediamento umano"}, "geometry": {"type": "Point", "coordinates": [16.0369, 39.92904]}}, {"type": "Feature", "properties": {"wikidata": "Q18429032", "name": "Q18429032", "status": "missing", "osm_id": null, "type": "frazione"}, "geometry": {"type": "Point", "coordinates": [15.87255, 40.19269]}}, {"type": "Feature", "properties": {"wikidata": "Q18429074", "name": "Q18429074", "status": "missing", "osm_id": null, "type": "insediamento umano"}, "geometry": {"type": "Point", "coordinates": [15.63566, 40.8346]}}, {"type": "Feature", "properties": {"wikidata": "Q18429027", "name": "Q18429027", "status": "missing", "osm_id": null, "type": "frazione"}, "geometry": {"type": "Point", "coordinates": [15.70108, 40.85435]}}, {"type": "Feature", "properties": {"wikidata": "Q18429003", "name": "Q18429003", "status": "done", "osm_id": "node/8932959299", "type": "insediamento umano"}, "geometry": {"type": "Point", "coordinates": [15.6919, 40.73892]}}, {"type": "Feature", "properties": {"wikidata": "Q18429030", "name": "Q18429030", "status": "done", "osm_id": "node/13473038725", "type": "frazione"}, "geometry": {"type": "Point", "coordinates": [15.75999, 40.77321]}}, {"type": "Feature", "properties": {"wikidata": "Q18429046", "name": "Q18429046", "status": "missing", "osm_id": null, "type": "frazione"}, "geometry": {"type": "Point", "coordinates": [15.75244, 40.82895]}}, {"type": "Feature", "properties": {"wikidata": "Q18429022", "name": "Q18429022", "status": "missing", "osm_id": null, "type": "insediamento umano"}, "geometry": {"type": "Point", "coordinates": [15.85438, 40.05774]}}, {"type": "Feature", "properties": {"wikidata": "Q18428973", "name": "Q18428973", "status": "missing", "osm_id": null, "type": "insediamento umano"}, "geometry": {"type": "Point", "coordinates": [15.73627, 40.44279]}}, {"type": "Feature", "properties": {"wikidata": "Q18428974", "name": "Q18428974", "status": "missing", "osm_id": null, "type": "insediamento umano"}, "geometry": {"type": "Point", "coordinates": [15.6781, 40.41877]}}, {"type": "Feature", "properties": {"wikidata": "Q18429011", "name": "Q18429011", "status": "missing", "osm_id": null, "type": "frazione"}, "geometry": {"type": "Point", "coordinates": [15.58884, 40.5206]}}, {"type": "Feature", "properties": {"wikidata": "Q18429040", "name": "Q18429040", "status": "missing", "osm_id": null, "type": "frazione"}, "geometry": {"type": "Point", "coordinates": [16.06911, 40.07654]}}, {"type": "Feature", "properties": {"wikidata": "Q18429033", "name": "Q18429033", "status": "missing", "osm_id": null, "type": "insediamento umano"}, "geometry": {"type": "Point", "coordinates": [15.79402, 40.00582]}}, {"type": "Feature", "properties": {"wikidata": "Q18429009", "name": "Q18429009", "status": "missing", "osm_id": null, "type": "insediamento umano"}, "geometry": {"type": "Point", "coordinates": [15.82438, 40.07909]}}, {"type": "Feature", "properties": {"wikidata": "Q18428982", "name": "Q18428982", "status": "missing", "osm_id": null, "type": "frazione"}, "geometry": {"type": "Point", "coordinates": [15.79334, 40.76572]}}, {"type": "Feature", "properties": {"wikidata": "Q18429051", "name": "Q18429051", "status": "missing", "osm_id": null, "type": "frazione"}, "geometry": {"type": "Point", "coordinates": [15.6218, 40.73141]}}, {"type": "Feature", "properties": {"wikidata": "Q18429059", "name": "Q18429059", "status": "done", "osm_id": "node/9087407012", "type": "insediamento umano"}, "geometry": {"type": "Point", "coordinates": [15.71346, 40.69779]}}, {"type": "Feature", "properties": {"wikidata": "Q18428978", "name": "Q18428978", "status": "missing", "osm_id": null, "type": "insediamento umano"}, "geometry": {"type": "Point", "coordinates": [15.85963, 40.67111]}}, {"type": "Feature", "properties": {"wikidata": "Q18429053", "name": "Q18429053", "status": "missing", "osm_id": null, "type": "insediamento umano"}, "geometry": {"type": "Point", "coordinates": [16.03861, 40.04176]}}, {"type": "Feature", "properties": {"wikidata": "Q18429031", "name": "Q18429031", "status": "missing", "osm_id": null, "type": "insediamento umano"}, "geometry": {"type": "Point", "coordinates": [15.64121, 40.79067]}}, {"type": "Feature", "properties": {"wikidata": "Q18428970", "name": "Q18428970", "status": "missing", "osm_id": null, "type": "insediamento umano"}, "geometry": {"type": "Point", "coordinates": [15.74952, 40.42008]}}, {"type": "Feature", "properties": {"wikidata": "Q18429015", "name": "Q18429015", "status": "done", "osm_id": "node/13340226150", "type": "frazione"}, "geometry": {"type": "Point", "coordinates": [15.78131, 40.81423]}}, {"type": "Feature", "properties": {"wikidata": "Q18428994", "name": "Q18428994", "status": "missing", "osm_id": null, "type": "frazione"}, "geometry": {"type": "Point", "coordinates": [15.79, 40.03569]}}, {"type": "Feature", "properties": {"wikidata": "Q18429071", "name": "Q18429071", "status": "missing", "osm_id": null, "type": "frazione"}, "geometry": {"type": "Point", "coordinates": [15.79352, 40.04332]}}, {"type": "Feature", "properties": {"wikidata": "Q18429002", "name": "Q18429002", "status": "missing", "osm_id": null, "type": "frazione"}, "geometry": {"type": "Point", "coordinates": [15.77373, 40.74328]}}, {"type": "Feature", "properties": {"wikidata": "Q18429043", "name": "Q18429043", "status": "missing", "osm_id": null, "type": "frazione"}, "geometry": {"type": "Point", "coordinates": [15.73947, 40.58209]}}, {"type": "Feature", "properties": {"wikidata": "Q18429067", "name": "Q18429067", "status": "missing", "osm_id": null, "type": "frazione"}, "geometry": {"type": "Point", "coordinates": [15.82184, 40.57365]}}, {"type": "Feature", "properties": {"wikidata": "Q18429062", "name": "Q18429062", "status": "missing", "osm_id": null, "type": "frazione"}, "geometry": {"type": "Point", "coordinates": [15.76347, 40.08149]}}, {"type": "Feature", "properties": {"wikidata": "Q18429050", "name": "Q18429050", "status": "missing", "osm_id": null, "type": "frazione"}, "geometry": {"type": "Point", "coordinates": [15.60489, 40.79286]}}, {"type": "Feature", "properties": {"wikidata": "Q18428984", "name": "Q18428984", "status": "missing", "osm_id": null, "type": "insediamento umano"}, "geometry": {"type": "Point", "coordinates": [15.84109, 40.65856]}}, {"type": "Feature", "properties": {"wikidata": "Q18429037", "name": "Q18429037", "status": "missing", "osm_id": null, "type": "frazione"}, "geometry": {"type": "Point", "coordinates": [16.06031, 39.99517]}}, {"type": "Feature", "properties": {"wikidata": "Q18428992", "name": "Q18428992", "status": "missing", "osm_id": null, "type": "insediamento umano"}, "geometry": {"type": "Point", "coordinates": [15.73684, 40.44077]}}, {"type": "Feature", "properties": {"wikidata": "Q18428976", "name": "Q18428976", "status": "missing", "osm_id": null, "type": "insediamento umano"}, "geometry": {"type": "Point", "coordinates": [15.66702, 40.4209]}}, {"type": "Feature", "properties": {"wikidata": "Q18428975", "name": "Q18428975", "status": "missing", "osm_id": null, "type": "insediamento umano"}, "geometry": {"type": "Point", "coordinates": [15.67099, 40.4193]}}, {"type": "Feature", "properties": {"wikidata": "Q18429047", "name": "Q18429047", "status": "missing", "osm_id": null, "type": "frazione"}, "geometry": {"type": "Point", "coordinates": [15.75825, 40.8122]}}, {"type": "Feature", "properties": {"wikidata": "Q18429012", "name": "Q18429012", "status": "missing", "osm_id": null, "type": "frazione"}, "geometry": {"type": "Point", "coordinates": [15.58031, 40.52238]}}, {"type": "Feature", "properties": {"wikidata": "Q18429035", "name": "Q18429035", "status": "missing", "osm_id": null, "type": "insediamento umano"}, "geometry": {"type": "Point", "coordinates": [15.75398, 40.35389]}}, {"type": "Feature", "properties": {"wikidata": "Q18429042", "name": "Q18429042", "status": "missing", "osm_id": null, "type": "insediamento umano"}, "geometry": {"type": "Point", "coordinates": [15.74276, 40.58053]}}, {"type": "Feature", "properties": {"wikidata": "Q18429061", "name": "Q18429061", "status": "missing", "osm_id": null, "type": "frazione"}, "geometry": {"type": "Point", "coordinates": [16.11578, 39.95712]}}, {"type": "Feature", "properties": {"wikidata": "Q18428979", "name": "Q18428979", "status": "missing", "osm_id": null, "type": "insediamento umano"}, "geometry": {"type": "Point", "coordinates": [15.84231, 40.6732]}}, {"type": "Feature", "properties": {"wikidata": "Q18429023", "name": "Q18429023", "status": "missing", "osm_id": null, "type": "insediamento umano"}, "geometry": {"type": "Point", "coordinates": [16.18005, 40.20863]}}, {"type": "Feature", "properties": {"wikidata": "Q18429039", "name": "Q18429039", "status": "missing", "osm_id": null, "type": "frazione"}, "geometry": {"type": "Point", "coordinates": [15.68217, 40.43083]}}, {"type": "Feature", "properties": {"wikidata": "Q18428995", "name": "Q18428995", "status": "missing", "osm_id": null, "type": "frazione"}, "geometry": {"type": "Point", "coordinates": [15.6891, 40.06433]}}, {"type": "Feature", "properties": {"wikidata": "Q18429001", "name": "Q18429001", "status": "done", "osm_id": "node/418445938", "type": "insediamento umano"}, "geometry": {"type": "Point", "coordinates": [16.17486, 39.98784]}}, {"type": "Feature", "properties": {"wikidata": "Q18429016", "name": "Q18429016", "status": "missing", "osm_id": null, "type": "frazione"}, "geometry": {"type": "Point", "coordinates": [15.6134, 40.84051]}}, {"type": "Feature", "properties": {"wikidata": "Q18429025", "name": "Q18429025", "status": "missing", "osm_id": null, "type": "insediamento umano"}, "geometry": {"type": "Point", "coordinates": [16.1567, 40.17582]}}, {"type": "Feature", "properties": {"wikidata": "Q18428987", "name": "Q18428987", "status": "missing", "osm_id": null, "type": "insediamento umano"}, "geometry": {"type": "Point", "coordinates": [15.68495, 40.41669]}}, {"type": "Feature", "properties": {"wikidata": "Q18429021", "name": "Q18429021", "status": "missing", "osm_id": null, "type": "insediamento umano"}, "geometry": {"type": "Point", "coordinates": [15.71101, 40.83312]}}, {"type": "Feature", "properties": {"wikidata": "Q18429065", "name": "Q18429065", "status": "missing", "osm_id": null, "type": "frazione"}, "geometry": {"type": "Point", "coordinates": [16.02227, 40.06378]}}, {"type": "Feature", "properties": {"wikidata": "Q18429120", "name": "Q18429120", "status": "missing", "osm_id": null, "type": "insediamento umano"}, "geometry": {"type": "Point", "coordinates": [15.75041, 40.57818]}}, {"type": "Feature", "properties": {"wikidata": "Q18429088", "name": "Q18429088", "status": "missing", "osm_id": null, "type": "insediamento umano"}, "geometry": {"type": "Point", "coordinates": [16.05993, 39.93629]}}, {"type": "Feature", "properties": {"wikidata": "Q18429090", "name": "Q18429090", "status": "missing", "osm_id": null, "type": "frazione"}, "geometry": {"type": "Point", "coordinates": [16.04264, 40.2375]}}, {"type": "Feature", "properties": {"wikidata": "Q18429098", "name": "Q18429098", "status": "missing", "osm_id": null, "type": "insediamento umano"}, "geometry": {"type": "Point", "coordinates": [15.92154, 40.07338]}}, {"type": "Feature", "properties": {"wikidata": "Q18429157", "name": "Q18429157", "status": "missing", "osm_id": null, "type": "insediamento umano"}, "geometry": {"type": "Point", "coordinates": [15.56356, 40.56301]}}, {"type": "Feature", "properties": {"wikidata": "Q18429167", "name": "Q18429167", "status": "missing", "osm_id": null, "type": "frazione"}, "geometry": {"type": "Point", "coordinates": [16.18495, 40.14659]}}, {"type": "Feature", "properties": {"wikidata": "Q18429086", "name": "Q18429086", "status": "missing", "osm_id": null, "type": "frazione"}, "geometry": {"type": "Point", "coordinates": [15.798027777, 40.771638888]}}, {"type": "Feature", "properties": {"wikidata": "Q18429150", "name": "Q18429150", "status": "missing", "osm_id": null, "type": "insediamento umano"}, "geometry": {"type": "Point", "coordinates": [15.93267, 40.10159]}}, {"type": "Feature", "properties": {"wikidata": "Q18429148", "name": "Q18429148", "status": "missing", "osm_id": null, "type": "insediamento umano"}, "geometry": {"type": "Point", "coordinates": [15.96824, 40.0595]}}, {"type": "Feature", "properties": {"wikidata": "Q18429142", "name": "Q18429142", "status": "missing", "osm_id": null, "type": "insediamento umano"}, "geometry": {"type": "Point", "coordinates": [15.85511, 40.03621]}}, {"type": "Feature", "properties": {"wikidata": "Q18429144", "name": "Q18429144", "status": "missing", "osm_id": null, "type": "insediamento umano"}, "geometry": {"type": "Point", "coordinates": [15.91645, 40.08802]}}, {"type": "Feature", "properties": {"wikidata": "Q18429156", "name": "Q18429156", "status": "missing", "osm_id": null, "type": "insediamento umano"}, "geometry": {"type": "Point", "coordinates": [15.65945, 40.82473]}}, {"type": "Feature", "properties": {"wikidata": "Q18429176", "name": "Q18429176", "status": "missing", "osm_id": null, "type": "insediamento umano"}, "geometry": {"type": "Point", "coordinates": [15.73366, 41.07274]}}, {"type": "Feature", "properties": {"wikidata": "Q18429085", "name": "Q18429085", "status": "missing", "osm_id": null, "type": "insediamento umano"}, "geometry": {"type": "Point", "coordinates": [15.81465, 40.70622]}}, {"type": "Feature", "properties": {"wikidata": "Q18429121", "name": "Q18429121", "status": "missing", "osm_id": null, "type": "frazione"}, "geometry": {"type": "Point", "coordinates": [15.74802, 40.57392]}}, {"type": "Feature", "properties": {"wikidata": "Q18429146", "name": "Q18429146", "status": "missing", "osm_id": null, "type": "insediamento umano"}, "geometry": {"type": "Point", "coordinates": [15.92628, 40.07055]}}, {"type": "Feature", "properties": {"wikidata": "Q18429109", "name": "Q18429109", "status": "missing", "osm_id": null, "type": "frazione"}, "geometry": {"type": "Point", "coordinates": [15.8257, 40.2386]}}, {"type": "Feature", "properties": {"wikidata": "Q18429173", "name": "Q18429173", "status": "missing", "osm_id": null, "type": "insediamento umano"}, "geometry": {"type": "Point", "coordinates": [15.77669, 40.08777]}}, {"type": "Feature", "properties": {"wikidata": "Q18429106", "name": "Q18429106", "status": "missing", "osm_id": null, "type": "insediamento umano"}, "geometry": {"type": "Point", "coordinates": [15.72821, 40.39641]}}, {"type": "Feature", "properties": {"wikidata": "Q18429147", "name": "Q18429147", "status": "missing", "osm_id": null, "type": "insediamento umano"}, "geometry": {"type": "Point", "coordinates": [16.13784, 40.30177]}}, {"type": "Feature", "properties": {"wikidata": "Q18429155", "name": "Q18429155", "status": "missing", "osm_id": null, "type": "insediamento umano"}, "geometry": {"type": "Point", "coordinates": [15.77903, 40.33751]}}, {"type": "Feature", "properties": {"wikidata": "Q18429136", "name": "Q18429136", "status": "done", "osm_id": "node/13340226148", "type": "insediamento umano"}, "geometry": {"type": "Point", "coordinates": [15.76857, 40.80092]}}, {"type": "Feature", "properties": {"wikidata": "Q18429096", "name": "Q18429096", "status": "missing", "osm_id": null, "type": "insediamento umano"}, "geometry": {"type": "Point", "coordinates": [15.55638, 40.58093]}}, {"type": "Feature", "properties": {"wikidata": "Q18429175", "name": "Q18429175", "status": "missing", "osm_id": null, "type": "insediamento umano"}, "geometry": {"type": "Point", "coordinates": [15.87847, 41.08765]}}, {"type": "Feature", "properties": {"wikidata": "Q18429129", "name": "Q18429129", "status": "done", "osm_id": "node/1891355398", "type": "insediamento umano"}, "geometry": {"type": "Point", "coordinates": [15.72979, 40.79688]}}, {"type": "Feature", "properties": {"wikidata": "Q18429166", "name": "Q18429166", "status": "missing", "osm_id": null, "type": "insediamento umano"}, "geometry": {"type": "Point", "coordinates": [15.88572, 40.06761]}}, {"type": "Feature", "properties": {"wikidata": "Q18429183", "name": "Q18429183", "status": "missing", "osm_id": null, "type": "insediamento umano"}, "geometry": {"type": "Point", "coordinates": [15.62768, 41.0043]}}, {"type": "Feature", "properties": {"wikidata": "Q18429163", "name": "Q18429163", "status": "missing", "osm_id": null, "type": "insediamento umano"}, "geometry": {"type": "Point", "coordinates": [15.93813, 40.71666]}}, {"type": "Feature", "properties": {"wikidata": "Q18429164", "name": "Q18429164", "status": "missing", "osm_id": null, "type": "insediamento umano"}, "geometry": {"type": "Point", "coordinates": [15.64364, 40.85244]}}, {"type": "Feature", "properties": {"wikidata": "Q18429171", "name": "Q18429171", "status": "missing", "osm_id": null, "type": "frazione"}, "geometry": {"type": "Point", "coordinates": [15.99142, 40.07346]}}, {"type": "Feature", "properties": {"wikidata": "Q18429114", "name": "Q18429114", "status": "done", "osm_id": "node/8334213553", "type": "insediamento umano"}, "geometry": {"type": "Point", "coordinates": [15.57508, 40.695]}}, {"type": "Feature", "properties": {"wikidata": "Q18429079", "name": "Q18429079", "status": "missing", "osm_id": null, "type": "frazione"}, "geometry": {"type": "Point", "coordinates": [16.25661, 40.25822]}}, {"type": "Feature", "properties": {"wikidata": "Q18429119", "name": "Q18429119", "status": "missing", "osm_id": null, "type": "frazione"}, "geometry": {"type": "Point", "coordinates": [15.57576, 40.47349]}}, {"type": "Feature", "properties": {"wikidata": "Q18429072", "name": "Q18429072", "status": "missing", "osm_id": null, "type": "insediamento umano"}, "geometry": {"type": "Point", "coordinates": [15.82377, 40.0751]}}, {"type": "Feature", "properties": {"wikidata": "Q18429095", "name": "Q18429095", "status": "missing", "osm_id": null, "type": "insediamento umano"}, "geometry": {"type": "Point", "coordinates": [15.65781, 40.89108]}}, {"type": "Feature", "properties": {"wikidata": "Q18429116", "name": "Q18429116", "status": "missing", "osm_id": null, "type": "frazione"}, "geometry": {"type": "Point", "coordinates": [16.0748, 39.9898]}}, {"type": "Feature", "properties": {"wikidata": "Q18429170", "name": "Q18429170", "status": "missing", "osm_id": null, "type": "insediamento umano"}, "geometry": {"type": "Point", "coordinates": [15.81878, 40.09047]}}, {"type": "Feature", "properties": {"wikidata": "Q18429152", "name": "Q18429152", "status": "done", "osm_id": "node/9061607962", "type": "insediamento umano"}, "geometry": {"type": "Point", "coordinates": [15.72082, 40.696]}}, {"type": "Feature", "properties": {"wikidata": "Q18429087", "name": "Q18429087", "status": "missing", "osm_id": null, "type": "frazione"}, "geometry": {"type": "Point", "coordinates": [15.73383, 40.41412]}}, {"type": "Feature", "properties": {"wikidata": "Q18429143", "name": "Q18429143", "status": "missing", "osm_id": null, "type": "insediamento umano"}, "geometry": {"type": "Point", "coordinates": [16.13357, 40.0496]}}, {"type": "Feature", "properties": {"wikidata": "Q18429076", "name": "Q18429076", "status": "missing", "osm_id": null, "type": "frazione"}, "geometry": {"type": "Point", "coordinates": [16.15671, 40.04472]}}, {"type": "Feature", "properties": {"wikidata": "Q18429115", "name": "Q18429115", "status": "missing", "osm_id": null, "type": "frazione"}, "geometry": {"type": "Point", "coordinates": [15.72406, 40.8696]}}, {"type": "Feature", "properties": {"wikidata": "Q18429110", "name": "Q18429110", "status": "missing", "osm_id": null, "type": "frazione"}, "geometry": {"type": "Point", "coordinates": [15.78047, 40.74424]}}, {"type": "Feature", "properties": {"wikidata": "Q18429112", "name": "Q18429112", "status": "done", "osm_id": "node/13342170899", "type": "frazione"}, "geometry": {"type": "Point", "coordinates": [15.77654, 40.80676]}}, {"type": "Feature", "properties": {"wikidata": "Q18429178", "name": "Q18429178", "status": "done", "osm_id": "node/418440165", "type": "insediamento umano"}, "geometry": {"type": "Point", "coordinates": [16.15362, 39.99036]}}, {"type": "Feature", "properties": {"wikidata": "Q18429172", "name": "Q18429172", "status": "missing", "osm_id": null, "type": "insediamento umano"}, "geometry": {"type": "Point", "coordinates": [16.21759, 40.18202]}}, {"type": "Feature", "properties": {"wikidata": "Q18429154", "name": "Q18429154", "status": "missing", "osm_id": null, "type": "frazione"}, "geometry": {"type": "Point", "coordinates": [15.78283, 40.78341]}}, {"type": "Feature", "properties": {"wikidata": "Q18429108", "name": "Q18429108", "status": "missing", "osm_id": null, "type": "frazione"}, "geometry": {"type": "Point", "coordinates": [16.05008, 39.99703]}}, {"type": "Feature", "properties": {"wikidata": "Q18429100", "name": "Q18429100", "status": "missing", "osm_id": null, "type": "frazione"}, "geometry": {"type": "Point", "coordinates": [15.79217, 40.75828]}}, {"type": "Feature", "properties": {"wikidata": "Q18429141", "name": "Q18429141", "status": "missing", "osm_id": null, "type": "insediamento umano"}, "geometry": {"type": "Point", "coordinates": [15.75571, 40.73217]}}, {"type": "Feature", "properties": {"wikidata": "Q18429122", "name": "Q18429122", "status": "missing", "osm_id": null, "type": "frazione"}, "geometry": {"type": "Point", "coordinates": [15.76903, 40.4198]}}, {"type": "Feature", "properties": {"wikidata": "Q18429082", "name": "Q18429082", "status": "missing", "osm_id": null, "type": "frazione"}, "geometry": {"type": "Point", "coordinates": [15.6882, 40.07303]}}, {"type": "Feature", "properties": {"wikidata": "Q18429102", "name": "Q18429102", "status": "missing", "osm_id": null, "type": "insediamento umano"}, "geometry": {"type": "Point", "coordinates": [15.51917, 40.65125]}}, {"type": "Feature", "properties": {"wikidata": "Q18429139", "name": "Q18429139", "status": "missing", "osm_id": null, "type": "frazione"}, "geometry": {"type": "Point", "coordinates": [15.68495, 40.78772]}}, {"type": "Feature", "properties": {"wikidata": "Q18429105", "name": "Q18429105", "status": "missing", "osm_id": null, "type": "insediamento umano"}, "geometry": {"type": "Point", "coordinates": [15.72471, 40.40172]}}, {"type": "Feature", "properties": {"wikidata": "Q18429077", "name": "Q18429077", "status": "missing", "osm_id": null, "type": "insediamento umano"}, "geometry": {"type": "Point", "coordinates": [15.85368, 40.34793]}}, {"type": "Feature", "properties": {"wikidata": "Q18429117", "name": "Q18429117", "status": "missing", "osm_id": null, "type": "frazione"}, "geometry": {"type": "Point", "coordinates": [15.75207, 40.38865]}}, {"type": "Feature", "properties": {"wikidata": "Q18429078", "name": "Q18429078", "status": "missing", "osm_id": null, "type": "frazione"}, "geometry": {"type": "Point", "coordinates": [15.75805, 40.74502]}}, {"type": "Feature", "properties": {"wikidata": "Q18429094", "name": "Q18429094", "status": "done", "osm_id": "node/13360096877", "type": "insediamento umano"}, "geometry": {"type": "Point", "coordinates": [15.55873, 40.81941]}}, {"type": "Feature", "properties": {"wikidata": "Q18429153", "name": "Q18429153", "status": "missing", "osm_id": null, "type": "frazione"}, "geometry": {"type": "Point", "coordinates": [16.12527, 39.9808]}}, {"type": "Feature", "properties": {"wikidata": "Q18429124", "name": "Q18429124", "status": "missing", "osm_id": null, "type": "insediamento umano"}, "geometry": {"type": "Point", "coordinates": [15.75832, 40.82875]}}, {"type": "Feature", "properties": {"wikidata": "Q18429081", "name": "Q18429081", "status": "missing", "osm_id": null, "type": "frazione"}, "geometry": {"type": "Point", "coordinates": [16.09619, 39.99589]}}, {"type": "Feature", "properties": {"wikidata": "Q18429169", "name": "Q18429169", "status": "done", "osm_id": "node/426021246", "type": "insediamento umano"}, "geometry": {"type": "Point", "coordinates": [16.16884, 39.9813]}}, {"type": "Feature", "properties": {"wikidata": "Q18429160", "name": "Q18429160", "status": "missing", "osm_id": null, "type": "insediamento umano"}, "geometry": {"type": "Point", "coordinates": [15.75147, 40.39347]}}, {"type": "Feature", "properties": {"wikidata": "Q18429145", "name": "Q18429145", "status": "missing", "osm_id": null, "type": "frazione"}, "geometry": {"type": "Point", "coordinates": [15.90067, 40.18993]}}, {"type": "Feature", "properties": {"wikidata": "Q18429097", "name": "Q18429097", "status": "missing", "osm_id": null, "type": "frazione"}, "geometry": {"type": "Point", "coordinates": [15.73844, 40.41153]}}, {"type": "Feature", "properties": {"wikidata": "Q18429091", "name": "Q18429091", "status": "missing", "osm_id": null, "type": "frazione"}, "geometry": {"type": "Point", "coordinates": [15.70828, 40.43668]}}, {"type": "Feature", "properties": {"wikidata": "Q18429113", "name": "Q18429113", "status": "done", "osm_id": "node/1884328412", "type": "frazione"}, "geometry": {"type": "Point", "coordinates": [15.71921, 40.85927]}}, {"type": "Feature", "properties": {"wikidata": "Q18429131", "name": "Q18429131", "status": "missing", "osm_id": null, "type": "frazione"}, "geometry": {"type": "Point", "coordinates": [15.7878, 40.37842]}}, {"type": "Feature", "properties": {"wikidata": "Q18429151", "name": "Q18429151", "status": "missing", "osm_id": null, "type": "frazione"}, "geometry": {"type": "Point", "coordinates": [15.77327, 40.55681]}}, {"type": "Feature", "properties": {"wikidata": "Q18429133", "name": "Q18429133", "status": "missing", "osm_id": null, "type": "insediamento umano"}, "geometry": {"type": "Point", "coordinates": [15.73616, 40.7317]}}, {"type": "Feature", "properties": {"wikidata": "Q18429135", "name": "Q18429135", "status": "missing", "osm_id": null, "type": "insediamento umano"}, "geometry": {"type": "Point", "coordinates": [15.79855, 40.36675]}}, {"type": "Feature", "properties": {"wikidata": "Q18429118", "name": "Q18429118", "status": "missing", "osm_id": null, "type": "insediamento umano"}, "geometry": {"type": "Point", "coordinates": [15.7495, 40.77962]}}, {"type": "Feature", "properties": {"wikidata": "Q18429130", "name": "Q18429130", "status": "missing", "osm_id": null, "type": "frazione"}, "geometry": {"type": "Point", "coordinates": [15.63174, 40.84018]}}, {"type": "Feature", "properties": {"wikidata": "Q18429099", "name": "Q18429099", "status": "missing", "osm_id": null, "type": "frazione"}, "geometry": {"type": "Point", "coordinates": [15.59212, 40.89812]}}, {"type": "Feature", "properties": {"wikidata": "Q18429125", "name": "Q18429125", "status": "done", "osm_id": "node/8929348102", "type": "frazione"}, "geometry": {"type": "Point", "coordinates": [15.6883, 40.74657]}}, {"type": "Feature", "properties": {"wikidata": "Q18429101", "name": "Q18429101", "status": "missing", "osm_id": null, "type": "frazione"}, "geometry": {"type": "Point", "coordinates": [15.59269, 40.73214]}}, {"type": "Feature", "properties": {"wikidata": "Q18429083", "name": "Q18429083", "status": "missing", "osm_id": null, "type": "insediamento umano"}, "geometry": {"type": "Point", "coordinates": [15.90019, 40.52379]}}, {"type": "Feature", "properties": {"wikidata": "Q18429089", "name": "Q18429089", "status": "missing", "osm_id": null, "type": "frazione"}, "geometry": {"type": "Point", "coordinates": [15.86212, 40.26681]}}, {"type": "Feature", "properties": {"wikidata": "Q18429107", "name": "Q18429107", "status": "missing", "osm_id": null, "type": "frazione"}, "geometry": {"type": "Point", "coordinates": [15.77557, 40.04186]}}, {"type": "Feature", "properties": {"wikidata": "Q18429162", "name": "Q18429162", "status": "done", "osm_id": "node/9191658654", "type": "insediamento umano"}, "geometry": {"type": "Point", "coordinates": [15.64728, 40.6959]}}, {"type": "Feature", "properties": {"wikidata": "Q18429182", "name": "Q18429182", "status": "missing", "osm_id": null, "type": "insediamento umano"}, "geometry": {"type": "Point", "coordinates": [15.61868, 41.00313]}}, {"type": "Feature", "properties": {"wikidata": "Q18429104", "name": "Q18429104", "status": "missing", "osm_id": null, "type": "frazione"}, "geometry": {"type": "Point", "coordinates": [15.66628, 40.7907]}}, {"type": "Feature", "properties": {"wikidata": "Q18429134", "name": "Q18429134", "status": "missing", "osm_id": null, "type": "insediamento umano"}, "geometry": {"type": "Point", "coordinates": [16.01483, 39.94671]}}, {"type": "Feature", "properties": {"wikidata": "Q18429132", "name": "Q18429132", "status": "missing", "osm_id": null, "type": "insediamento umano"}, "geometry": {"type": "Point", "coordinates": [15.79416, 40.76679]}}, {"type": "Feature", "properties": {"wikidata": "Q18429126", "name": "Q18429126", "status": "missing", "osm_id": null, "type": "frazione"}, "geometry": {"type": "Point", "coordinates": [15.67975, 40.91801]}}, {"type": "Feature", "properties": {"wikidata": "Q18429177", "name": "Q18429177", "status": "missing", "osm_id": null, "type": "frazione"}, "geometry": {"type": "Point", "coordinates": [16.18435, 40.04282]}}, {"type": "Feature", "properties": {"wikidata": "Q18429161", "name": "Q18429161", "status": "missing", "osm_id": null, "type": "frazione"}, "geometry": {"type": "Point", "coordinates": [15.67586, 40.76965]}}, {"type": "Feature", "properties": {"wikidata": "Q18429075", "name": "Q18429075", "status": "missing", "osm_id": null, "type": "insediamento umano"}, "geometry": {"type": "Point", "coordinates": [15.84241, 40.03216]}}, {"type": "Feature", "properties": {"wikidata": "Q18429149", "name": "Q18429149", "status": "missing", "osm_id": null, "type": "insediamento umano"}, "geometry": {"type": "Point", "coordinates": [16.20482, 40.15911]}}, {"type": "Feature", "properties": {"wikidata": "Q18429159", "name": "Q18429159", "status": "missing", "osm_id": null, "type": "insediamento umano"}, "geometry": {"type": "Point", "coordinates": [15.72528, 40.72424]}}, {"type": "Feature", "properties": {"wikidata": "Q18429080", "name": "Q18429080", "status": "missing", "osm_id": null, "type": "frazione"}, "geometry": {"type": "Point", "coordinates": [15.66543, 40.74167]}}, {"type": "Feature", "properties": {"wikidata": "Q18429165", "name": "Q18429165", "status": "done", "osm_id": "node/9141329828", "type": "insediamento umano"}, "geometry": {"type": "Point", "coordinates": [15.65636, 40.68504]}}, {"type": "Feature", "properties": {"wikidata": "Q18429073", "name": "Q18429073", "status": "missing", "osm_id": null, "type": "frazione"}, "geometry": {"type": "Point", "coordinates": [15.7126, 40.08528]}}, {"type": "Feature", "properties": {"wikidata": "Q18429140", "name": "Q18429140", "status": "missing", "osm_id": null, "type": "frazione"}, "geometry": {"type": "Point", "coordinates": [15.68314, 40.79592]}}, {"type": "Feature", "properties": {"wikidata": "Q18429128", "name": "Q18429128", "status": "missing", "osm_id": null, "type": "frazione"}, "geometry": {"type": "Point", "coordinates": [15.97166, 40.08435]}}, {"type": "Feature", "properties": {"wikidata": "Q18429179", "name": "Q18429179", "status": "missing", "osm_id": null, "type": "insediamento umano"}, "geometry": {"type": "Point", "coordinates": [16.19596, 40.16833]}}, {"type": "Feature", "properties": {"wikidata": "Q18429123", "name": "Q18429123", "status": "missing", "osm_id": null, "type": "insediamento umano"}, "geometry": {"type": "Point", "coordinates": [15.94803, 40.0712]}}, {"type": "Feature", "properties": {"wikidata": "Q18429127", "name": "Q18429127", "status": "missing", "osm_id": null, "type": "insediamento umano"}, "geometry": {"type": "Point", "coordinates": [15.69185, 40.60412]}}, {"type": "Feature", "properties": {"wikidata": "Q18429111", "name": "Q18429111", "status": "missing", "osm_id": null, "type": "frazione"}, "geometry": {"type": "Point", "coordinates": [15.75833, 40.78635]}}, {"type": "Feature", "properties": {"wikidata": "Q55340348", "name": "Q55340348", "status": "missing", "osm_id": null, "type": "museo storico"}, "geometry": {"type": "Point", "coordinates": [16.441906, 40.168304]}}, {"type": "Feature", "properties": {"wikidata": "Q55423043", "name": "Q55423043", "status": "done", "osm_id": "way/586287933", "type": "area protetta Natura 2000"}, "geometry": {"type": "Point", "coordinates": [16.309722222, 40.069722222]}}, {"type": "Feature", "properties": {"wikidata": "Q55386335", "name": "Q55386335", "status": "missing", "osm_id": null, "type": "edificio militare museo"}, "geometry": {"type": "Point", "coordinates": [15.673153, 40.94446]}}, {"type": "Feature", "properties": {"wikidata": "Q55423068", "name": "Q55423068", "status": "done", "osm_id": "way/586082345", "type": "area protetta Natura 2000"}, "geometry": {"type": "Point", "coordinates": [15.5486, 40.9233]}}, {"type": "Feature", "properties": {"wikidata": "Q55340352", "name": "Q55340352", "status": "missing", "osm_id": null, "type": "museo etnografico"}, "geometry": {"type": "Point", "coordinates": [15.936046, 40.790367]}}, {"type": "Feature", "properties": {"wikidata": "Q55385342", "name": "Q55385342", "status": "missing", "osm_id": null, "type": "casa rurale"}, "geometry": {"type": "Point", "coordinates": [15.940012, 40.796856]}}, {"type": "Feature", "properties": {"wikidata": "Q55388525", "name": "Q55388525", "status": "missing", "osm_id": null, "type": "museo nazionale italiano"}, "geometry": {"type": "Point", "coordinates": [15.800302, 40.365635]}}, {"type": "Feature", "properties": {"wikidata": "Q55423090", "name": "Q55423090", "status": "missing", "osm_id": null, "type": "area protetta Natura 2000"}, "geometry": {"type": "Point", "coordinates": [15.927777777, 40.044166666]}}, {"type": "Feature", "properties": {"wikidata": "Q55423071", "name": "Q55423071", "status": "missing", "osm_id": null, "type": "area protetta Natura 2000"}, "geometry": {"type": "Point", "coordinates": [15.8786, 40.0561]}}, {"type": "Feature", "properties": {"wikidata": "Q55423062", "name": "Q55423062", "status": "missing", "osm_id": null, "type": "area protetta Natura 2000"}, "geometry": {"type": "Point", "coordinates": [16.193578, 39.915311]}}, {"type": "Feature", "properties": {"wikidata": "Q55379077", "name": "Q55379077", "status": "done", "osm_id": "way/887038834", "type": "museo religioso"}, "geometry": {"type": "Point", "coordinates": [15.939663, 40.796543]}}, {"type": "Feature", "properties": {"wikidata": "Q55379209", "name": "Q55379209", "status": "missing", "osm_id": null, "type": "museo"}, "geometry": {"type": "Point", "coordinates": [16.552898, 40.390118]}}, {"type": "Feature", "properties": {"wikidata": "Q55388450", "name": "Q55388450", "status": "missing", "osm_id": null, "type": "museo nazionale italiano"}, "geometry": {"type": "Point", "coordinates": [16.796938, 40.381855]}}, {"type": "Feature", "properties": {"wikidata": "Q55423042", "name": "Q55423042", "status": "missing", "osm_id": null, "type": "area protetta Natura 2000"}, "geometry": {"type": "Point", "coordinates": [15.668611111, 40.029444444]}}, {"type": "Feature", "properties": {"wikidata": "Q55340381", "name": "Q55340381", "status": "missing", "osm_id": null, "type": "museo"}, "geometry": {"type": "Point", "coordinates": [15.398804, 40.83605]}}, {"type": "Feature", "properties": {"wikidata": "Q55379153", "name": "Q55379153", "status": "missing", "osm_id": null, "type": "museo di un ente pubblico"}, "geometry": {"type": "Point", "coordinates": [16.246634, 40.740417]}}, {"type": "Feature", "properties": {"wikidata": "Q55340365", "name": "Q55340365", "status": "missing", "osm_id": null, "type": "museo d'arte"}, "geometry": {"type": "Point", "coordinates": [15.969878, 40.459496]}}, {"type": "Feature", "properties": {"wikidata": "Q55340373", "name": "Q55340373", "status": "missing", "osm_id": null, "type": "bene immobile"}, "geometry": {"type": "Point", "coordinates": [15.967475, 40.269543]}}, {"type": "Feature", "properties": {"wikidata": "Q55340350", "name": "Q55340350", "status": "missing", "osm_id": null, "type": "bene immobile"}, "geometry": {"type": "Point", "coordinates": [16.44216, 40.168716]}}, {"type": "Feature", "properties": {"wikidata": "Q55340392", "name": "Q55340392", "status": "missing", "osm_id": null, "type": "museo"}, "geometry": {"type": "Point", "coordinates": [15.638879, 40.545155]}}, {"type": "Feature", "properties": {"wikidata": "Q55423087", "name": "Q55423087", "status": "missing", "osm_id": null, "type": "area protetta Natura 2000"}, "geometry": {"type": "Point", "coordinates": [16.3442, 39.9243]}}, {"type": "Feature", "properties": {"wikidata": "Q55386333", "name": "Q55386333", "status": "missing", "osm_id": null, "type": "bene immobile"}, "geometry": {"type": "Point", "coordinates": [16.6124, 40.66382]}}, {"type": "Feature", "properties": {"wikidata": "Q55385517", "name": "Q55385517", "status": "missing", "osm_id": null, "type": "museo d'arte"}, "geometry": {"type": "Point", "coordinates": [15.658033, 40.99669]}}, {"type": "Feature", "properties": {"wikidata": "Q55379082", "name": "Q55379082", "status": "missing", "osm_id": null, "type": "museo etnografico"}, "geometry": {"type": "Point", "coordinates": [15.922054, 40.665806]}}, {"type": "Feature", "properties": {"wikidata": "Q55340380", "name": "Q55340380", "status": "missing", "osm_id": null, "type": "pinacoteca"}, "geometry": {"type": "Point", "coordinates": [15.9833604, 40.9309364]}}, {"type": "Feature", "properties": {"wikidata": "Q55423060", "name": "Q55423060", "status": "done", "osm_id": "way/586226085", "type": "area protetta Natura 2000"}, "geometry": {"type": "Point", "coordinates": [16.280277777, 39.936666666]}}, {"type": "Feature", "properties": {"wikidata": "Q55385381", "name": "Q55385381", "status": "missing", "osm_id": null, "type": "antiquarium"}, "geometry": {"type": "Point", "coordinates": [15.79174, 41.04674]}}, {"type": "Feature", "properties": {"wikidata": "Q55423050", "name": "Q55423050", "status": "missing", "osm_id": null, "type": "area protetta Natura 2000"}, "geometry": {"type": "Point", "coordinates": [15.7189, 40.1119]}}, {"type": "Feature", "properties": {"wikidata": "Q55423039", "name": "Q55423039", "status": "done", "osm_id": "relation/13160230", "type": "area protetta Natura 2000"}, "geometry": {"type": "Point", "coordinates": [15.7231, 40.6987]}}, {"type": "Feature", "properties": {"wikidata": "Q55387013", "name": "Q55387013", "status": "missing", "osm_id": null, "type": "bene immobile"}, "geometry": {"type": "Point", "coordinates": [16.607311, 40.667107]}}, {"type": "Feature", "properties": {"wikidata": "Q55340367", "name": "Q55340367", "status": "missing", "osm_id": null, "type": "museo"}, "geometry": {"type": "Point", "coordinates": [15.800388, 41.04911]}}, {"type": "Feature", "properties": {"wikidata": "Q55340376", "name": "Q55340376", "status": "done", "osm_id": "node/2265264378", "type": "museo del Ministero della Cultura italiano"}, "geometry": {"type": "Point", "coordinates": [15.488306, 40.75298]}}, {"type": "Feature", "properties": {"wikidata": "Q55340364", "name": "Q55340364", "status": "missing", "osm_id": null, "type": "museo etnografico"}, "geometry": {"type": "Point", "coordinates": [16.010853, 40.090878]}}, {"type": "Feature", "properties": {"wikidata": "Q55340396", "name": "Q55340396", "status": "missing", "osm_id": null, "type": "museo etnografico"}, "geometry": {"type": "Point", "coordinates": [16.289541, 40.14451]}}, {"type": "Feature", "properties": {"wikidata": "Q55340344", "name": "Q55340344", "status": "missing", "osm_id": null, "type": "museo etnografico"}, "geometry": {"type": "Point", "coordinates": [16.66977, 40.55467]}}, {"type": "Feature", "properties": {"wikidata": "Q55340357", "name": "Q55340357", "status": "done", "osm_id": "node/10043609282", "type": "museo etnografico"}, "geometry": {"type": "Point", "coordinates": [16.335014, 40.036278]}}, {"type": "Feature", "properties": {"wikidata": "Q55340347", "name": "Q55340347", "status": "missing", "osm_id": null, "type": "museo etnografico"}, "geometry": {"type": "Point", "coordinates": [16.230324, 40.402573]}}, {"type": "Feature", "properties": {"wikidata": "Q55423036", "name": "Q55423036", "status": "missing", "osm_id": null, "type": "area protetta Natura 2000"}, "geometry": {"type": "Point", "coordinates": [15.9442, 40.4075]}}, {"type": "Feature", "properties": {"wikidata": "Q55340388", "name": "Q55340388", "status": "done", "osm_id": "node/5992672839", "type": "museo"}, "geometry": {"type": "Point", "coordinates": [16.136091, 40.022213]}}, {"type": "Feature", "properties": {"wikidata": "Q55423081", "name": "Q55423081", "status": "missing", "osm_id": null, "type": "area protetta Natura 2000"}, "geometry": {"type": "Point", "coordinates": [15.984166666, 40.109722222]}}, {"type": "Feature", "properties": {"wikidata": "Q55423080", "name": "Q55423080", "status": "missing", "osm_id": null, "type": "area protetta Natura 2000"}, "geometry": {"type": "Point", "coordinates": [15.721944444, 39.97]}}, {"type": "Feature", "properties": {"wikidata": "Q55340351", "name": "Q55340351", "status": "missing", "osm_id": null, "type": "museo etnografico"}, "geometry": {"type": "Point", "coordinates": [15.938958, 40.794033]}}, {"type": "Feature", "properties": {"wikidata": "Q55379211", "name": "Q55379211", "status": "missing", "osm_id": null, "type": "museo religioso"}, "geometry": {"type": "Point", "coordinates": [15.488103, 40.75297]}}, {"type": "Feature", "properties": {"wikidata": "Q55423061", "name": "Q55423061", "status": "missing", "osm_id": null, "type": "area protetta Natura 2000"}, "geometry": {"type": "Point", "coordinates": [16.128018, 39.92427]}}, {"type": "Feature", "properties": {"wikidata": "Q55386343", "name": "Q55386343", "status": "missing", "osm_id": null, "type": "bene immobile"}, "geometry": {"type": "Point", "coordinates": [15.67375, 40.949883]}}, {"type": "Feature", "properties": {"wikidata": "Q55423055", "name": "Q55423055", "status": "missing", "osm_id": null, "type": "area protetta Natura 2000"}, "geometry": {"type": "Point", "coordinates": [15.8092, 40.2556]}}, {"type": "Feature", "properties": {"wikidata": "Q55340355", "name": "Q55340355", "status": "missing", "osm_id": null, "type": "museo d'arte moderna"}, "geometry": {"type": "Point", "coordinates": [16.037401, 40.586502]}}, {"type": "Feature", "properties": {"wikidata": "Q55423073", "name": "Q55423073", "status": "done", "osm_id": "relation/8278196", "type": "area protetta Natura 2000"}, "geometry": {"type": "Point", "coordinates": [15.961388888, 40.280555555]}}, {"type": "Feature", "properties": {"wikidata": "Q55340360", "name": "Q55340360", "status": "missing", "osm_id": null, "type": "museo"}, "geometry": {"type": "Point", "coordinates": [16.037825, 40.84597]}}, {"type": "Feature", "properties": {"wikidata": "Q55340389", "name": "Q55340389", "status": "missing", "osm_id": null, "type": "museo etnografico"}, "geometry": {"type": "Point", "coordinates": [15.639651, 40.54079]}}, {"type": "Feature", "properties": {"wikidata": "Q55423089", "name": "Q55423089", "status": "done", "osm_id": "way/586208883", "type": "area protetta Natura 2000"}, "geometry": {"type": "Point", "coordinates": [15.850555555, 40.376944444]}}, {"type": "Feature", "properties": {"wikidata": "Q55423051", "name": "Q55423051", "status": "missing", "osm_id": null, "type": "area protetta Natura 2000"}, "geometry": {"type": "Point", "coordinates": [16.038333333, 40.125555555]}}, {"type": "Feature", "properties": {"wikidata": "Q55340340", "name": "Q55340340", "status": "missing", "osm_id": null, "type": "biblioteca"}, "geometry": {"type": "Point", "coordinates": [16.561077, 40.292824]}}, {"type": "Feature", "properties": {"wikidata": "Q55340371", "name": "Q55340371", "status": "missing", "osm_id": null, "type": "museo"}, "geometry": {"type": "Point", "coordinates": [15.645328, 40.99584]}}, {"type": "Feature", "properties": {"wikidata": "Q55376999", "name": "Q55376999", "status": "missing", "osm_id": null, "type": "museo archeologico"}, "geometry": {"type": "Point", "coordinates": [16.056664, 40.056164]}}, {"type": "Feature", "properties": {"wikidata": "Q55423063", "name": "Q55423063", "status": "missing", "osm_id": null, "type": "area protetta Natura 2000"}, "geometry": {"type": "Point", "coordinates": [16.254445, 39.954823]}}, {"type": "Feature", "properties": {"wikidata": "Q55423083", "name": "Q55423083", "status": "missing", "osm_id": null, "type": "area protetta Natura 2000"}, "geometry": {"type": "Point", "coordinates": [15.913055555, 40.396944444]}}, {"type": "Feature", "properties": {"wikidata": "Q55386339", "name": "Q55386339", "status": "missing", "osm_id": null, "type": "bene immobile"}, "geometry": {"type": "Point", "coordinates": [15.750662, 41.008778]}}, {"type": "Feature", "properties": {"wikidata": "Q55423058", "name": "Q55423058", "status": "missing", "osm_id": null, "type": "area protetta Natura 2000"}, "geometry": {"type": "Point", "coordinates": [15.745, 40.5069]}}, {"type": "Feature", "properties": {"wikidata": "Q55386345", "name": "Q55386345", "status": "missing", "osm_id": null, "type": "bene immobile"}, "geometry": {"type": "Point", "coordinates": [15.815796, 40.962353]}}, {"type": "Feature", "properties": {"wikidata": "Q55423045", "name": "Q55423045", "status": "missing", "osm_id": null, "type": "area protetta Natura 2000"}, "geometry": {"type": "Point", "coordinates": [15.8294, 40.5653]}}, {"type": "Feature", "properties": {"wikidata": "Q55376996", "name": "Q55376996", "status": "missing", "osm_id": null, "type": "museo etnografico"}, "geometry": {"type": "Point", "coordinates": [16.231657, 40.311874]}}, {"type": "Feature", "properties": {"wikidata": "Q55386244", "name": "Q55386244", "status": "missing", "osm_id": null, "type": "sito archeologico"}, "geometry": {"type": "Point", "coordinates": [15.985477, 40.93141]}}, {"type": "Feature", "properties": {"wikidata": "Q55385518", "name": "Q55385518", "status": "missing", "osm_id": null, "type": "bene immobile"}, "geometry": {"type": "Point", "coordinates": [16.29814, 39.977627]}}, {"type": "Feature", "properties": {"wikidata": "Q55423078", "name": "Q55423078", "status": "missing", "osm_id": null, "type": "area protetta Natura 2000"}, "geometry": {"type": "Point", "coordinates": [15.750277777, 39.947777777]}}, {"type": "Feature", "properties": {"wikidata": "Q55423052", "name": "Q55423052", "status": "done", "osm_id": "way/586181819", "type": "area protetta Natura 2000"}, "geometry": {"type": "Point", "coordinates": [16.223333333, 39.983888888]}}, {"type": "Feature", "properties": {"wikidata": "Q55423074", "name": "Q55423074", "status": "done", "osm_id": "way/586226092", "type": "area protetta Natura 2000"}, "geometry": {"type": "Point", "coordinates": [16.174722222, 39.951666666]}}, {"type": "Feature", "properties": {"wikidata": "Q34525369", "name": "Q34525369", "status": "done", "osm_id": "way/875508632", "type": "chiesa"}, "geometry": {"type": "Point", "coordinates": [15.63818, 40.64177]}}, {"type": "Feature", "properties": {"wikidata": "Q34352195", "name": "Q34352195", "status": "done", "osm_id": "way/166458756", "type": "chiesa"}, "geometry": {"type": "Point", "coordinates": [15.92372, 40.73184]}}, {"type": "Feature", "properties": {"wikidata": "Q34492993", "name": "Q34492993", "status": "done", "osm_id": "relation/17148810", "type": "convento"}, "geometry": {"type": "Point", "coordinates": [16.06131, 40.51648]}}, {"type": "Feature", "properties": {"wikidata": "Q33333273", "name": "Q33333273", "status": "missing", "osm_id": null, "type": "spiaggia"}, "geometry": {"type": "Point", "coordinates": [16.64974, 40.1216]}}, {"type": "Feature", "properties": {"wikidata": "Q33316884", "name": "Q33316884", "status": "missing", "osm_id": null, "type": "monumento di avvertimento"}, "geometry": {"type": "Point", "coordinates": [16.6871542, 40.3616279]}}, {"type": "Feature", "properties": {"wikidata": "Q31625250", "name": "Q31625250", "status": "missing", "osm_id": null, "type": "montagna"}, "geometry": {"type": "Point", "coordinates": [16.0392, 40.47]}}, {"type": "Feature", "properties": {"wikidata": "Q35289568", "name": "Q35289568", "status": "missing", "osm_id": null, "type": "aeroporto"}, "geometry": {"type": "Point", "coordinates": [16.55429, 40.43205]}}, {"type": "Feature", "properties": {"wikidata": "Q30891046", "name": "Q30891046", "status": "missing", "osm_id": null, "type": "chiesa"}, "geometry": {"type": "Point", "coordinates": [15.678267, 40.582956]}}, {"type": "Feature", "properties": {"wikidata": "Q35431748", "name": "Q35431748", "status": "missing", "osm_id": null, "type": "valle"}, "geometry": {"type": "Point", "coordinates": [15.95, 40.716666666]}}, {"type": "Feature", "properties": {"wikidata": "Q34504655", "name": "Q34504655", "status": "missing", "osm_id": null, "type": "monumento di avvertimento"}, "geometry": {"type": "Point", "coordinates": [15.7874, 40.57385]}}, {"type": "Feature", "properties": {"wikidata": "Q30891039", "name": "Q30891039", "status": "missing", "osm_id": null, "type": "palazzo"}, "geometry": {"type": "Point", "coordinates": [15.802143, 40.638662]}}, {"type": "Feature", "properties": {"wikidata": "Q34528796", "name": "Q34528796", "status": "missing", "osm_id": null, "type": "palazzo"}, "geometry": {"type": "Point", "coordinates": [15.6355809, 40.6388331]}}, {"type": "Feature", "properties": {"wikidata": "Q34345354", "name": "Q34345354", "status": "done", "osm_id": "way/488929461", "type": "scala"}, "geometry": {"type": "Point", "coordinates": [15.92541, 40.73089]}}, {"type": "Feature", "properties": {"wikidata": "Q35431971", "name": "Q35431971", "status": "missing", "osm_id": null, "type": "valle"}, "geometry": {"type": "Point", "coordinates": [15.933333333, 40.85]}}, {"type": "Feature", "properties": {"wikidata": "Q30888196", "name": "Q30888196", "status": "missing", "osm_id": null, "type": "liceo scientifico"}, "geometry": {"type": "Point", "coordinates": [15.795091, 40.644616]}}, {"type": "Feature", "properties": {"wikidata": "Q34604856", "name": "Q34604856", "status": "missing", "osm_id": null, "type": "formazione rocciosa"}, "geometry": {"type": "Point", "coordinates": [16.194166666, 40.550555555]}}, {"type": "Feature", "properties": {"wikidata": "Q34604734", "name": "Q34604734", "status": "missing", "osm_id": null, "type": "foresta"}, "geometry": {"type": "Point", "coordinates": [16.05998, 40.51929]}}, {"type": "Feature", "properties": {"wikidata": "Q33317093", "name": "Q33317093", "status": "missing", "osm_id": null, "type": "fontana"}, "geometry": {"type": "Point", "coordinates": [16.55532, 40.38976]}}, {"type": "Feature", "properties": {"wikidata": "Q30031724", "name": "Q30031724", "status": "missing", "osm_id": null, "type": "municipality seat"}, "geometry": {"type": "Point", "coordinates": [15.89964, 40.34213]}}, {"type": "Feature", "properties": {"wikidata": "Q34526835", "name": "Q34526835", "status": "missing", "osm_id": null, "type": "edificio"}, "geometry": {"type": "Point", "coordinates": [15.6376185, 40.6410154]}}, {"type": "Feature", "properties": {"wikidata": "Q31614322", "name": "Q31614322", "status": "done", "osm_id": "node/881602516", "type": "montagna"}, "geometry": {"type": "Point", "coordinates": [15.5867, 40.7792]}}, {"type": "Feature", "properties": {"wikidata": "Q30133635", "name": "Q30133635", "status": "missing", "osm_id": null, "type": "mura"}, "geometry": {"type": "Point", "coordinates": [16.21034, 40.12438]}}, {"type": "Feature", "properties": {"wikidata": "Q34602759", "name": "Q34602759", "status": "missing", "osm_id": null, "type": "chiesa"}, "geometry": {"type": "Point", "coordinates": [16.046906401, 40.531317739]}}, {"type": "Feature", "properties": {"wikidata": "Q34526637", "name": "Q34526637", "status": "missing", "osm_id": null, "type": "palazzo"}, "geometry": {"type": "Point", "coordinates": [15.6363768, 40.6387591]}}, {"type": "Feature", "properties": {"wikidata": "Q34603260", "name": "Q34603260", "status": "missing", "osm_id": null, "type": "ponte"}, "geometry": {"type": "Point", "coordinates": [16.04674, 40.53039]}}, {"type": "Feature", "properties": {"wikidata": "Q33317039", "name": "Q33317039", "status": "done", "osm_id": "way/213834733", "type": "palazzo"}, "geometry": {"type": "Point", "coordinates": [16.55678, 40.39051]}}, {"type": "Feature", "properties": {"wikidata": "Q34351749", "name": "Q34351749", "status": "done", "osm_id": "way/166458296", "type": "chiesa"}, "geometry": {"type": "Point", "coordinates": [15.92221, 40.73245]}}, {"type": "Feature", "properties": {"wikidata": "Q30031714", "name": "Q30031714", "status": "missing", "osm_id": null, "type": "municipality seat"}, "geometry": {"type": "Point", "coordinates": [15.50787, 40.60027]}}, {"type": "Feature", "properties": {"wikidata": "Q30111375", "name": "Q30111375", "status": "missing", "osm_id": null, "type": "planetario"}, "geometry": {"type": "Point", "coordinates": [15.924, 40.518]}}, {"type": "Feature", "properties": {"wikidata": "Q34493129", "name": "Q34493129", "status": "missing", "osm_id": null, "type": "cappella"}, "geometry": {"type": "Point", "coordinates": [16.061518979, 40.521787659]}}, {"type": "Feature", "properties": {"wikidata": "Q34352330", "name": "Q34352330", "status": "missing", "osm_id": null, "type": "cappella"}, "geometry": {"type": "Point", "coordinates": [15.927730212, 40.732264258]}}, {"type": "Feature", "properties": {"wikidata": "Q34649139", "name": "Q34649139", "status": "missing", "osm_id": null, "type": "villa"}, "geometry": {"type": "Point", "coordinates": [16.0864949, 40.5819271]}}, {"type": "Feature", "properties": {"wikidata": "Q34352057", "name": "Q34352057", "status": "done", "osm_id": "way/260090757", "type": "chiesa"}, "geometry": {"type": "Point", "coordinates": [15.92497, 40.73094]}}, {"type": "Feature", "properties": {"wikidata": "Q34345941", "name": "Q34345941", "status": "missing", "osm_id": null, "type": "fontana"}, "geometry": {"type": "Point", "coordinates": [15.925874984, 40.729650731]}}, {"type": "Feature", "properties": {"wikidata": "Q34507167", "name": "Q34507167", "status": "done", "osm_id": "way/815936541", "type": "palazzo comunale"}, "geometry": {"type": "Point", "coordinates": [15.733081, 40.4195795]}}, {"type": "Feature", "properties": {"wikidata": "Q30134904", "name": "Q30134904", "status": "done", "osm_id": "way/646391304", "type": "chiesa"}, "geometry": {"type": "Point", "coordinates": [15.635864, 40.638168]}}, {"type": "Feature", "properties": {"wikidata": "Q33316831", "name": "Q33316831", "status": "done", "osm_id": "node/6208439342", "type": "torre"}, "geometry": {"type": "Point", "coordinates": [16.55241, 40.39029]}}, {"type": "Feature", "properties": {"wikidata": "Q30890754", "name": "Q30890754", "status": "missing", "osm_id": null, "type": "chiesa"}, "geometry": {"type": "Point", "coordinates": [16.21305, 40.12334]}}, {"type": "Feature", "properties": {"wikidata": "Q30281669", "name": "Q30281669", "status": "missing", "osm_id": null, "type": "organizzazione per la salute"}, "geometry": {"type": "Point", "coordinates": [15.675871, 40.930361]}}, {"type": "Feature", "properties": {"wikidata": "Q34602886", "name": "Q34602886", "status": "done", "osm_id": "way/310136767", "type": "chiesa"}, "geometry": {"type": "Point", "coordinates": [16.04357, 40.53368]}}, {"type": "Feature", "properties": {"wikidata": "Q33316772", "name": "Q33316772", "status": "done", "osm_id": "node/1762636305", "type": "monumento di avvertimento"}, "geometry": {"type": "Point", "coordinates": [16.55833, 40.39065]}}, {"type": "Feature", "properties": {"wikidata": "Q33479128", "name": "Q33479128", "status": "missing", "osm_id": null, "type": "insediamento umano"}, "geometry": {"type": "Point", "coordinates": [15.58464, 40.95975]}}, {"type": "Feature", "properties": {"wikidata": "Q34504417", "name": "Q34504417", "status": "missing", "osm_id": null, "type": "palazzo"}, "geometry": {"type": "Point", "coordinates": [15.78746, 40.57391]}}, {"type": "Feature", "properties": {"wikidata": "Q33170954", "name": "Q33170954", "status": "missing", "osm_id": null, "type": "gap"}, "geometry": {"type": "Point", "coordinates": [15.55, 40.616666666]}}, {"type": "Feature", "properties": {"wikidata": "Q31611503", "name": "Q31611503", "status": "missing", "osm_id": null, "type": "montagna"}, "geometry": {"type": "Point", "coordinates": [16.18976, 40.6994098]}}, {"type": "Feature", "properties": {"wikidata": "Q34493435", "name": "Q34493435", "status": "done", "osm_id": "node/11584785655", "type": "monumento di avvertimento"}, "geometry": {"type": "Point", "coordinates": [16.061496317, 40.516692718]}}, {"type": "Feature", "properties": {"wikidata": "Q30754804", "name": "Q30754804", "status": "missing", "osm_id": null, "type": "santuario"}, "geometry": {"type": "Point", "coordinates": [15.80454, 40.52056]}}, {"type": "Feature", "properties": {"wikidata": "Q30880808", "name": "Q30880808", "status": "missing", "osm_id": null, "type": "archivio"}, "geometry": {"type": "Point", "coordinates": [16.597448, 40.665827]}}, {"type": "Feature", "properties": {"wikidata": "Q30263587", "name": "Q30263587", "status": "missing", "osm_id": null, "type": "archivio"}, "geometry": {"type": "Point", "coordinates": [16.609712, 40.665611]}}, {"type": "Feature", "properties": {"wikidata": "Q34528154", "name": "Q34528154", "status": "missing", "osm_id": null, "type": "palazzo"}, "geometry": {"type": "Point", "coordinates": [15.6363111, 40.6377244]}}, {"type": "Feature", "properties": {"wikidata": "Q30031723", "name": "Q30031723", "status": "missing", "osm_id": null, "type": "municipality seat"}, "geometry": {"type": "Point", "coordinates": [16.08521, 39.97227]}}, {"type": "Feature", "properties": {"wikidata": "Q34507063", "name": "Q34507063", "status": "missing", "osm_id": null, "type": "palazzo"}, "geometry": {"type": "Point", "coordinates": [15.7349836, 40.4158466]}}, {"type": "Feature", "properties": {"wikidata": "Q34602495", "name": "Q34602495", "status": "missing", "osm_id": null, "type": "chiesa"}, "geometry": {"type": "Point", "coordinates": [16.020264, 40.519548]}}, {"type": "Feature", "properties": {"wikidata": "Q34529002", "name": "Q34529002", "status": "done", "osm_id": "node/8592878783", "type": "chiesa"}, "geometry": {"type": "Point", "coordinates": [15.6515426, 40.650132]}}, {"type": "Feature", "properties": {"wikidata": "Q33316940", "name": "Q33316940", "status": "done", "osm_id": "way/1023999058", "type": "palazzo"}, "geometry": {"type": "Point", "coordinates": [16.55812, 40.39005]}}, {"type": "Feature", "properties": {"wikidata": "Q35433188", "name": "Q35433188", "status": "missing", "osm_id": null, "type": "valle"}, "geometry": {"type": "Point", "coordinates": [15.633333333, 40.733333333]}}, {"type": "Feature", "properties": {"wikidata": "Q30263577", "name": "Q30263577", "status": "missing", "osm_id": null, "type": "istituzione educativa"}, "geometry": {"type": "Point", "coordinates": [15.79238, 40.639371]}}, {"type": "Feature", "properties": {"wikidata": "Q34648831", "name": "Q34648831", "status": "missing", "osm_id": null, "type": "museo"}, "geometry": {"type": "Point", "coordinates": [16.0695737, 40.5651719]}}, {"type": "Feature", "properties": {"wikidata": "Q34525731", "name": "Q34525731", "status": "missing", "osm_id": null, "type": "chiesa"}, "geometry": {"type": "Point", "coordinates": [15.6427661, 40.6307141]}}, {"type": "Feature", "properties": {"wikidata": "Q34526527", "name": "Q34526527", "status": "done", "osm_id": "way/267066065", "type": "torre"}, "geometry": {"type": "Point", "coordinates": [15.636927, 40.640358]}}, {"type": "Feature", "properties": {"wikidata": "Q30112688", "name": "Q30112688", "status": "done", "osm_id": "relation/226564", "type": "autostrada"}, "geometry": {"type": "Point", "coordinates": [16.2417, 39.59805]}}, {"type": "Feature", "properties": {"wikidata": "Q34605525", "name": "Q34605525", "status": "done", "osm_id": "node/2232218564", "type": "montagna"}, "geometry": {"type": "Point", "coordinates": [16.1317, 40.5284]}}, {"type": "Feature", "properties": {"wikidata": "Q34648313", "name": "Q34648313", "status": "missing", "osm_id": null, "type": "palazzo italiano"}, "geometry": {"type": "Point", "coordinates": [16.097342, 40.576751]}}, {"type": "Feature", "properties": {"wikidata": "Q31625149", "name": "Q31625149", "status": "done", "osm_id": "node/4834921174", "type": "montagna"}, "geometry": {"type": "Point", "coordinates": [16.2025, 40.0208]}}, {"type": "Feature", "properties": {"wikidata": "Q34347663", "name": "Q34347663", "status": "missing", "osm_id": null, "type": "monumento di avvertimento"}, "geometry": {"type": "Point", "coordinates": [15.925215, 40.73076]}}, {"type": "Feature", "properties": {"wikidata": "Q34492414", "name": "Q34492414", "status": "done", "osm_id": "way/260316838", "type": "castello"}, "geometry": {"type": "Point", "coordinates": [16.0614276, 40.5210429]}}, {"type": "Feature", "properties": {"wikidata": "Q30888719", "name": "Q30888719", "status": "done", "osm_id": "way/260090159", "type": "castello"}, "geometry": {"type": "Point", "coordinates": [15.922381, 40.732129]}}, {"type": "Feature", "properties": {"wikidata": "Q35431984", "name": "Q35431984", "status": "missing", "osm_id": null, "type": "valle"}, "geometry": {"type": "Point", "coordinates": [16.55, 40.666666666]}}, {"type": "Feature", "properties": {"wikidata": "Q30889545", "name": "Q30889545", "status": "missing", "osm_id": null, "type": "sito archeologico"}, "geometry": {"type": "Point", "coordinates": [15.78507, 40.82574]}}, {"type": "Feature", "properties": {"wikidata": "Q34527968", "name": "Q34527968", "status": "missing", "osm_id": null, "type": "palazzo"}, "geometry": {"type": "Point", "coordinates": [15.6368513, 40.6396647]}}, {"type": "Feature", "properties": {"wikidata": "Q34492810", "name": "Q34492810", "status": "missing", "osm_id": null, "type": "chiesa"}, "geometry": {"type": "Point", "coordinates": [16.05898, 40.51953]}}, {"type": "Feature", "properties": {"wikidata": "Q34351364", "name": "Q34351364", "status": "done", "osm_id": "way/260091161", "type": "chiesa"}, "geometry": {"type": "Point", "coordinates": [15.92136, 40.73182]}}, {"type": "Feature", "properties": {"wikidata": "Q34345201", "name": "Q34345201", "status": "missing", "osm_id": null, "type": "torre"}, "geometry": {"type": "Point", "coordinates": [15.92368, 40.73189]}}, {"type": "Feature", "properties": {"wikidata": "Q34351913", "name": "Q34351913", "status": "missing", "osm_id": null, "type": "convento"}, "geometry": {"type": "Point", "coordinates": [15.92526, 40.73074]}}, {"type": "Feature", "properties": {"wikidata": "Q34504554", "name": "Q34504554", "status": "done", "osm_id": "way/257131032", "type": "fontana"}, "geometry": {"type": "Point", "coordinates": [15.78547, 40.57336]}}, {"type": "Feature", "properties": {"wikidata": "Q30263758", "name": "Q30263758", "status": "missing", "osm_id": null, "type": "servizio"}, "geometry": {"type": "Point", "coordinates": [15.726691, 40.606573]}}, {"type": "Feature", "properties": {"wikidata": "Q35495336", "name": "Q35495336", "status": "done", "osm_id": "way/257150422", "type": "chiesa"}, "geometry": {"type": "Point", "coordinates": [15.7876865, 40.5762816]}}, {"type": "Feature", "properties": {"wikidata": "Q34602665", "name": "Q34602665", "status": "missing", "osm_id": null, "type": "cappella"}, "geometry": {"type": "Point", "coordinates": [16.050515, 40.528972]}}, {"type": "Feature", "properties": {"wikidata": "Q31615606", "name": "Q31615606", "status": "done", "osm_id": "node/26863943", "type": "montagna"}, "geometry": {"type": "Point", "coordinates": [15.9775, 40.2025]}}, {"type": "Feature", "properties": {"wikidata": "Q33316990", "name": "Q33316990", "status": "done", "osm_id": "node/4552091789", "type": "palazzo"}, "geometry": {"type": "Point", "coordinates": [16.55867, 40.39073]}}, {"type": "Feature", "properties": {"wikidata": "Q30251296", "name": "Q30251296", "status": "missing", "osm_id": null, "type": "albergo"}, "geometry": {"type": "Point", "coordinates": [16.580777777, 40.720166666]}}, {"type": "Feature", "properties": {"wikidata": "Q34602298", "name": "Q34602298", "status": "missing", "osm_id": null, "type": "chiesa"}, "geometry": {"type": "Point", "coordinates": [16.04631, 40.53013]}}, {"type": "Feature", "properties": {"wikidata": "Q30897180", "name": "Q30897180", "status": "missing", "osm_id": null, "type": "cappella"}, "geometry": {"type": "Point", "coordinates": [16.24399, 40.12944]}}, {"type": "Feature", "properties": {"wikidata": "Q34493256", "name": "Q34493256", "status": "done", "osm_id": "node/11584785650", "type": "statua"}, "geometry": {"type": "Point", "coordinates": [16.0620511, 40.5183118]}}, {"type": "Feature", "properties": {"wikidata": "Q35431430", "name": "Q35431430", "status": "missing", "osm_id": null, "type": "valle"}, "geometry": {"type": "Point", "coordinates": [15.766666666, 40.55]}}, {"type": "Feature", "properties": {"wikidata": "Q31626824", "name": "Q31626824", "status": "done", "osm_id": "node/2228725494", "type": "montagna"}, "geometry": {"type": "Point", "coordinates": [15.7462512, 40.4948816]}}, {"type": "Feature", "properties": {"wikidata": "Q34525546", "name": "Q34525546", "status": "missing", "osm_id": null, "type": "chiesa"}, "geometry": {"type": "Point", "coordinates": [15.6444036, 40.6422033]}}, {"type": "Feature", "properties": {"wikidata": "Q18428960", "name": "Q18428960", "status": "missing", "osm_id": null, "type": "insediamento umano"}, "geometry": {"type": "Point", "coordinates": [15.78857, 40.76003]}}, {"type": "Feature", "properties": {"wikidata": "Q18428967", "name": "Q18428967", "status": "missing", "osm_id": null, "type": "insediamento umano"}, "geometry": {"type": "Point", "coordinates": [15.84041, 40.6796]}}, {"type": "Feature", "properties": {"wikidata": "Q18428953", "name": "Q18428953", "status": "missing", "osm_id": null, "type": "insediamento umano"}, "geometry": {"type": "Point", "coordinates": [16.06061, 39.93884]}}, {"type": "Feature", "properties": {"wikidata": "Q18428903", "name": "Q18428903", "status": "missing", "osm_id": null, "type": "frazione"}, "geometry": {"type": "Point", "coordinates": [15.7219, 40.81376]}}, {"type": "Feature", "properties": {"wikidata": "Q18428946", "name": "Q18428946", "status": "missing", "osm_id": null, "type": "frazione"}, "geometry": {"type": "Point", "coordinates": [15.69476, 40.86008]}}, {"type": "Feature", "properties": {"wikidata": "Q18428902", "name": "Q18428902", "status": "missing", "osm_id": null, "type": "frazione"}, "geometry": {"type": "Point", "coordinates": [15.79039, 40.76224]}}, {"type": "Feature", "properties": {"wikidata": "Q18428922", "name": "Q18428922", "status": "missing", "osm_id": null, "type": "frazione"}, "geometry": {"type": "Point", "coordinates": [15.70723, 40.82461]}}, {"type": "Feature", "properties": {"wikidata": "Q18428927", "name": "Q18428927", "status": "missing", "osm_id": null, "type": "insediamento umano"}, "geometry": {"type": "Point", "coordinates": [15.75268, 40.81937]}}, {"type": "Feature", "properties": {"wikidata": "Q18428913", "name": "Q18428913", "status": "missing", "osm_id": null, "type": "frazione"}, "geometry": {"type": "Point", "coordinates": [15.69892, 40.86315]}}, {"type": "Feature", "properties": {"wikidata": "Q18428957", "name": "Q18428957", "status": "missing", "osm_id": null, "type": "frazione"}, "geometry": {"type": "Point", "coordinates": [16.17659, 40.02506]}}, {"type": "Feature", "properties": {"wikidata": "Q18428907", "name": "Q18428907", "status": "missing", "osm_id": null, "type": "insediamento umano"}, "geometry": {"type": "Point", "coordinates": [15.72856, 40.6397]}}, {"type": "Feature", "properties": {"wikidata": "Q18428874", "name": "Q18428874", "status": "done", "osm_id": "node/426172958", "type": "insediamento umano"}, "geometry": {"type": "Point", "coordinates": [16.12122, 40.0211]}}, {"type": "Feature", "properties": {"wikidata": "Q18428894", "name": "Q18428894", "status": "missing", "osm_id": null, "type": "insediamento umano"}, "geometry": {"type": "Point", "coordinates": [16.02586, 39.9333]}}, {"type": "Feature", "properties": {"wikidata": "Q18428918", "name": "Q18428918", "status": "missing", "osm_id": null, "type": "insediamento umano"}, "geometry": {"type": "Point", "coordinates": [15.74901, 40.78512]}}, {"type": "Feature", "properties": {"wikidata": "Q18428900", "name": "Q18428900", "status": "missing", "osm_id": null, "type": "frazione"}, "geometry": {"type": "Point", "coordinates": [15.71502, 40.79159]}}, {"type": "Feature", "properties": {"wikidata": "Q18428933", "name": "Q18428933", "status": "missing", "osm_id": null, "type": "frazione"}, "geometry": {"type": "Point", "coordinates": [15.79319, 40.73445]}}, {"type": "Feature", "properties": {"wikidata": "Q18428941", "name": "Q18428941", "status": "missing", "osm_id": null, "type": "frazione"}, "geometry": {"type": "Point", "coordinates": [16.02417, 40.05668]}}, {"type": "Feature", "properties": {"wikidata": "Q18428857", "name": "Q18428857", "status": "missing", "osm_id": null, "type": "insediamento umano"}, "geometry": {"type": "Point", "coordinates": [15.97235, 40.00649]}}, {"type": "Feature", "properties": {"wikidata": "Q18428914", "name": "Q18428914", "status": "missing", "osm_id": null, "type": "frazione"}, "geometry": {"type": "Point", "coordinates": [15.96982, 40.08859]}}, {"type": "Feature", "properties": {"wikidata": "Q18428932", "name": "Q18428932", "status": "missing", "osm_id": null, "type": "insediamento umano"}, "geometry": {"type": "Point", "coordinates": [15.82611, 40.72736]}}, {"type": "Feature", "properties": {"wikidata": "Q18428898", "name": "Q18428898", "status": "missing", "osm_id": null, "type": "frazione"}, "geometry": {"type": "Point", "coordinates": [15.76152, 40.38273]}}, {"type": "Feature", "properties": {"wikidata": "Q18428921", "name": "Q18428921", "status": "missing", "osm_id": null, "type": "frazione"}, "geometry": {"type": "Point", "coordinates": [15.58243, 40.53813]}}, {"type": "Feature", "properties": {"wikidata": "Q18428859", "name": "Q18428859", "status": "missing", "osm_id": null, "type": "insediamento umano"}, "geometry": {"type": "Point", "coordinates": [16.01806, 39.96126]}}, {"type": "Feature", "properties": {"wikidata": "Q18428888", "name": "Q18428888", "status": "done", "osm_id": "node/5326239901", "type": "insediamento umano"}, "geometry": {"type": "Point", "coordinates": [15.87619, 40.18316]}}, {"type": "Feature", "properties": {"wikidata": "Q18428928", "name": "Q18428928", "status": "missing", "osm_id": null, "type": "insediamento umano"}, "geometry": {"type": "Point", "coordinates": [15.80781, 40.09307]}}, {"type": "Feature", "properties": {"wikidata": "Q18428966", "name": "Q18428966", "status": "missing", "osm_id": null, "type": "frazione"}, "geometry": {"type": "Point", "coordinates": [15.8339, 40.68166]}}, {"type": "Feature", "properties": {"wikidata": "Q18428879", "name": "Q18428879", "status": "missing", "osm_id": null, "type": "insediamento umano"}, "geometry": {"type": "Point", "coordinates": [15.92293, 40.14022]}}, {"type": "Feature", "properties": {"wikidata": "Q18428931", "name": "Q18428931", "status": "missing", "osm_id": null, "type": "frazione"}, "geometry": {"type": "Point", "coordinates": [15.69062, 40.8179]}}, {"type": "Feature", "properties": {"wikidata": "Q18428861", "name": "Q18428861", "status": "missing", "osm_id": null, "type": "insediamento umano"}, "geometry": {"type": "Point", "coordinates": [16.19818, 40.15344]}}, {"type": "Feature", "properties": {"wikidata": "Q18428911", "name": "Q18428911", "status": "missing", "osm_id": null, "type": "frazione"}, "geometry": {"type": "Point", "coordinates": [16.03981, 40.03751]}}, {"type": "Feature", "properties": {"wikidata": "Q18428875", "name": "Q18428875", "status": "missing", "osm_id": null, "type": "frazione"}, "geometry": {"type": "Point", "coordinates": [15.73981, 40.63158]}}, {"type": "Feature", "properties": {"wikidata": "Q18428920", "name": "Q18428920", "status": "missing", "osm_id": null, "type": "frazione"}, "geometry": {"type": "Point", "coordinates": [15.68473, 40.82849]}}, {"type": "Feature", "properties": {"wikidata": "Q18428881", "name": "Q18428881", "status": "missing", "osm_id": null, "type": "frazione"}, "geometry": {"type": "Point", "coordinates": [15.71131, 40.78582]}}, {"type": "Feature", "properties": {"wikidata": "Q18428887", "name": "Q18428887", "status": "missing", "osm_id": null, "type": "insediamento umano"}, "geometry": {"type": "Point", "coordinates": [15.77199, 40.37959]}}, {"type": "Feature", "properties": {"wikidata": "Q18428870", "name": "Q18428870", "status": "missing", "osm_id": null, "type": "frazione"}, "geometry": {"type": "Point", "coordinates": [15.71577, 40.82968]}}, {"type": "Feature", "properties": {"wikidata": "Q18428904", "name": "Q18428904", "status": "missing", "osm_id": null, "type": "frazione"}, "geometry": {"type": "Point", "coordinates": [15.79248, 40.75024]}}, {"type": "Feature", "properties": {"wikidata": "Q18428955", "name": "Q18428955", "status": "missing", "osm_id": null, "type": "frazione"}, "geometry": {"type": "Point", "coordinates": [16.13022, 40.0745]}}, {"type": "Feature", "properties": {"wikidata": "Q18428891", "name": "Q18428891", "status": "missing", "osm_id": null, "type": "frazione"}, "geometry": {"type": "Point", "coordinates": [15.79588, 40.03008]}}, {"type": "Feature", "properties": {"wikidata": "Q18428893", "name": "Q18428893", "status": "missing", "osm_id": null, "type": "frazione"}, "geometry": {"type": "Point", "coordinates": [15.98511, 40.09684]}}, {"type": "Feature", "properties": {"wikidata": "Q18428919", "name": "Q18428919", "status": "missing", "osm_id": null, "type": "insediamento umano"}, "geometry": {"type": "Point", "coordinates": [15.73017, 40.70749]}}, {"type": "Feature", "properties": {"wikidata": "Q18428951", "name": "Q18428951", "status": "missing", "osm_id": null, "type": "frazione"}, "geometry": {"type": "Point", "coordinates": [15.73234, 40.86214]}}, {"type": "Feature", "properties": {"wikidata": "Q18428937", "name": "Q18428937", "status": "missing", "osm_id": null, "type": "frazione"}, "geometry": {"type": "Point", "coordinates": [15.72411, 40.81106]}}, {"type": "Feature", "properties": {"wikidata": "Q18428956", "name": "Q18428956", "status": "missing", "osm_id": null, "type": "frazione"}, "geometry": {"type": "Point", "coordinates": [16.09833, 40.06628]}}, {"type": "Feature", "properties": {"wikidata": "Q18428917", "name": "Q18428917", "status": "missing", "osm_id": null, "type": "frazione"}, "geometry": {"type": "Point", "coordinates": [15.77583, 40.54618]}}, {"type": "Feature", "properties": {"wikidata": "Q18428877", "name": "Q18428877", "status": "missing", "osm_id": null, "type": "frazione"}, "geometry": {"type": "Point", "coordinates": [15.72173, 40.7815]}}, {"type": "Feature", "properties": {"wikidata": "Q18428867", "name": "Q18428867", "status": "missing", "osm_id": null, "type": "insediamento umano"}, "geometry": {"type": "Point", "coordinates": [15.95533, 40.06208]}}, {"type": "Feature", "properties": {"wikidata": "Q18428882", "name": "Q18428882", "status": "missing", "osm_id": null, "type": "insediamento umano"}, "geometry": {"type": "Point", "coordinates": [16.07362, 40.07876]}}, {"type": "Feature", "properties": {"wikidata": "Q18428945", "name": "Q18428945", "status": "missing", "osm_id": null, "type": "insediamento umano"}, "geometry": {"type": "Point", "coordinates": [15.77984, 40.70968]}}, {"type": "Feature", "properties": {"wikidata": "Q18428923", "name": "Q18428923", "status": "missing", "osm_id": null, "type": "frazione"}, "geometry": {"type": "Point", "coordinates": [16.04047, 40.09707]}}, {"type": "Feature", "properties": {"wikidata": "Q18428958", "name": "Q18428958", "status": "missing", "osm_id": null, "type": "insediamento umano"}, "geometry": {"type": "Point", "coordinates": [16.20121, 40.17752]}}, {"type": "Feature", "properties": {"wikidata": "Q18428926", "name": "Q18428926", "status": "missing", "osm_id": null, "type": "frazione"}, "geometry": {"type": "Point", "coordinates": [16.07833, 40.07875]}}, {"type": "Feature", "properties": {"wikidata": "Q18428862", "name": "Q18428862", "status": "missing", "osm_id": null, "type": "insediamento umano"}, "geometry": {"type": "Point", "coordinates": [16.02764, 39.92882]}}, {"type": "Feature", "properties": {"wikidata": "Q18428864", "name": "Q18428864", "status": "missing", "osm_id": null, "type": "frazione"}, "geometry": {"type": "Point", "coordinates": [16.12726, 40.04448]}}, {"type": "Feature", "properties": {"wikidata": "Q18428906", "name": "Q18428906", "status": "missing", "osm_id": null, "type": "insediamento umano"}, "geometry": {"type": "Point", "coordinates": [15.7277, 40.6347]}}, {"type": "Feature", "properties": {"wikidata": "Q18428942", "name": "Q18428942", "status": "missing", "osm_id": null, "type": "frazione"}, "geometry": {"type": "Point", "coordinates": [15.68678, 40.81411]}}, {"type": "Feature", "properties": {"wikidata": "Q18428915", "name": "Q18428915", "status": "missing", "osm_id": null, "type": "insediamento umano"}, "geometry": {"type": "Point", "coordinates": [16.05954, 39.94615]}}, {"type": "Feature", "properties": {"wikidata": "Q18428912", "name": "Q18428912", "status": "missing", "osm_id": null, "type": "frazione"}, "geometry": {"type": "Point", "coordinates": [16.17551, 40.06556]}}, {"type": "Feature", "properties": {"wikidata": "Q18428940", "name": "Q18428940", "status": "done", "osm_id": "node/8299422648", "type": "insediamento umano"}, "geometry": {"type": "Point", "coordinates": [15.5825, 40.66199]}}, {"type": "Feature", "properties": {"wikidata": "Q18428909", "name": "Q18428909", "status": "missing", "osm_id": null, "type": "frazione"}, "geometry": {"type": "Point", "coordinates": [15.7727, 40.68346]}}, {"type": "Feature", "properties": {"wikidata": "Q18428924", "name": "Q18428924", "status": "missing", "osm_id": null, "type": "insediamento umano"}, "geometry": {"type": "Point", "coordinates": [15.67775, 40.81904]}}, {"type": "Feature", "properties": {"wikidata": "Q18428899", "name": "Q18428899", "status": "missing", "osm_id": null, "type": "frazione"}, "geometry": {"type": "Point", "coordinates": [15.87861, 40.02204]}}, {"type": "Feature", "properties": {"wikidata": "Q18428950", "name": "Q18428950", "status": "missing", "osm_id": null, "type": "frazione"}, "geometry": {"type": "Point", "coordinates": [16.05485, 40.05509]}}, {"type": "Feature", "properties": {"wikidata": "Q18428935", "name": "Q18428935", "status": "missing", "osm_id": null, "type": "frazione"}, "geometry": {"type": "Point", "coordinates": [15.73319, 40.82123]}}, {"type": "Feature", "properties": {"wikidata": "Q18428878", "name": "Q18428878", "status": "missing", "osm_id": null, "type": "insediamento umano"}, "geometry": {"type": "Point", "coordinates": [15.76367, 40.15118]}}, {"type": "Feature", "properties": {"wikidata": "Q18428896", "name": "Q18428896", "status": "done", "osm_id": "node/1891352938", "type": "frazione"}, "geometry": {"type": "Point", "coordinates": [15.7423, 40.78201]}}, {"type": "Feature", "properties": {"wikidata": "Q18428889", "name": "Q18428889", "status": "missing", "osm_id": null, "type": "insediamento umano"}, "geometry": {"type": "Point", "coordinates": [15.74302, 40.39878]}}, {"type": "Feature", "properties": {"wikidata": "Q18428949", "name": "Q18428949", "status": "missing", "osm_id": null, "type": "insediamento umano"}, "geometry": {"type": "Point", "coordinates": [15.69994, 40.7277]}}, {"type": "Feature", "properties": {"wikidata": "Q18428897", "name": "Q18428897", "status": "missing", "osm_id": null, "type": "insediamento umano"}, "geometry": {"type": "Point", "coordinates": [16.05289, 39.95339]}}, {"type": "Feature", "properties": {"wikidata": "Q18428959", "name": "Q18428959", "status": "missing", "osm_id": null, "type": "frazione"}, "geometry": {"type": "Point", "coordinates": [15.58942, 40.75379]}}, {"type": "Feature", "properties": {"wikidata": "Q18428952", "name": "Q18428952", "status": "missing", "osm_id": null, "type": "insediamento umano"}, "geometry": {"type": "Point", "coordinates": [15.76964, 40.20578]}}, {"type": "Feature", "properties": {"wikidata": "Q18428938", "name": "Q18428938", "status": "missing", "osm_id": null, "type": "insediamento umano"}, "geometry": {"type": "Point", "coordinates": [15.79558, 40.74071]}}, {"type": "Feature", "properties": {"wikidata": "Q18428944", "name": "Q18428944", "status": "missing", "osm_id": null, "type": "frazione"}, "geometry": {"type": "Point", "coordinates": [15.81477, 40.73068]}}, {"type": "Feature", "properties": {"wikidata": "Q18428964", "name": "Q18428964", "status": "missing", "osm_id": null, "type": "insediamento umano"}, "geometry": {"type": "Point", "coordinates": [15.67137, 40.43046]}}, {"type": "Feature", "properties": {"wikidata": "Q18428963", "name": "Q18428963", "status": "missing", "osm_id": null, "type": "frazione"}, "geometry": {"type": "Point", "coordinates": [15.77132, 40.81579]}}, {"type": "Feature", "properties": {"wikidata": "Q18428930", "name": "Q18428930", "status": "missing", "osm_id": null, "type": "insediamento umano"}, "geometry": {"type": "Point", "coordinates": [15.94561, 40.06151]}}, {"type": "Feature", "properties": {"wikidata": "Q18428869", "name": "Q18428869", "status": "missing", "osm_id": null, "type": "frazione"}, "geometry": {"type": "Point", "coordinates": [15.76738, 40.6381]}}, {"type": "Feature", "properties": {"wikidata": "Q18428892", "name": "Q18428892", "status": "missing", "osm_id": null, "type": "insediamento umano"}, "geometry": {"type": "Point", "coordinates": [16.17529, 40.03168]}}, {"type": "Feature", "properties": {"wikidata": "Q18428948", "name": "Q18428948", "status": "missing", "osm_id": null, "type": "insediamento umano"}, "geometry": {"type": "Point", "coordinates": [15.76988, 40.56681]}}, {"type": "Feature", "properties": {"wikidata": "Q18428936", "name": "Q18428936", "status": "missing", "osm_id": null, "type": "frazione"}, "geometry": {"type": "Point", "coordinates": [15.60355, 41.07691]}}, {"type": "Feature", "properties": {"wikidata": "Q18428943", "name": "Q18428943", "status": "missing", "osm_id": null, "type": "frazione"}, "geometry": {"type": "Point", "coordinates": [16.03654, 40.00252]}}, {"type": "Feature", "properties": {"wikidata": "Q18428873", "name": "Q18428873", "status": "done", "osm_id": "node/9191658658", "type": "insediamento umano"}, "geometry": {"type": "Point", "coordinates": [15.68341, 40.72349]}}, {"type": "Feature", "properties": {"wikidata": "Q18428905", "name": "Q18428905", "status": "missing", "osm_id": null, "type": "frazione"}, "geometry": {"type": "Point", "coordinates": [15.78547, 40.75161]}}, {"type": "Feature", "properties": {"wikidata": "Q18428925", "name": "Q18428925", "status": "done", "osm_id": "node/13342174103", "type": "frazione"}, "geometry": {"type": "Point", "coordinates": [15.77504, 40.82123]}}, {"type": "Feature", "properties": {"wikidata": "Q18428863", "name": "Q18428863", "status": "done", "osm_id": "node/9191658656", "type": "insediamento umano"}, "geometry": {"type": "Point", "coordinates": [15.68562, 40.7032]}}, {"type": "Feature", "properties": {"wikidata": "Q18428954", "name": "Q18428954", "status": "missing", "osm_id": null, "type": "insediamento umano"}, "geometry": {"type": "Point", "coordinates": [15.68761, 40.41922]}}, {"type": "Feature", "properties": {"wikidata": "Q18428947", "name": "Q18428947", "status": "missing", "osm_id": null, "type": "insediamento umano"}, "geometry": {"type": "Point", "coordinates": [15.85968, 40.02991]}}, {"type": "Feature", "properties": {"wikidata": "Q18428916", "name": "Q18428916", "status": "missing", "osm_id": null, "type": "insediamento umano"}, "geometry": {"type": "Point", "coordinates": [15.71928, 40.82417]}}, {"type": "Feature", "properties": {"wikidata": "Q18428895", "name": "Q18428895", "status": "missing", "osm_id": null, "type": "insediamento umano"}, "geometry": {"type": "Point", "coordinates": [16.03232, 39.9247]}}, {"type": "Feature", "properties": {"wikidata": "Q18428880", "name": "Q18428880", "status": "missing", "osm_id": null, "type": "insediamento umano"}, "geometry": {"type": "Point", "coordinates": [15.81919, 40.69841]}}, {"type": "Feature", "properties": {"wikidata": "Q18428939", "name": "Q18428939", "status": "done", "osm_id": "node/8299410084", "type": "insediamento umano"}, "geometry": {"type": "Point", "coordinates": [15.63339, 40.63146]}}, {"type": "Feature", "properties": {"wikidata": "Q18428866", "name": "Q18428866", "status": "missing", "osm_id": null, "type": "insediamento umano"}, "geometry": {"type": "Point", "coordinates": [15.80975, 40.36056]}}, {"type": "Feature", "properties": {"wikidata": "Q18428884", "name": "Q18428884", "status": "missing", "osm_id": null, "type": "frazione"}, "geometry": {"type": "Point", "coordinates": [15.77345, 40.05667]}}, {"type": "Feature", "properties": {"wikidata": "Q18428853", "name": "Q18428853", "status": "missing", "osm_id": null, "type": "insediamento umano"}, "geometry": {"type": "Point", "coordinates": [15.63331, 40.86548]}}, {"type": "Feature", "properties": {"wikidata": "Q18428876", "name": "Q18428876", "status": "missing", "osm_id": null, "type": "frazione"}, "geometry": {"type": "Point", "coordinates": [15.77795, 40.2]}}, {"type": "Feature", "properties": {"wikidata": "Q18428872", "name": "Q18428872", "status": "missing", "osm_id": null, "type": "insediamento umano"}, "geometry": {"type": "Point", "coordinates": [15.82011, 40.00851]}}, {"type": "Feature", "properties": {"wikidata": "Q18428868", "name": "Q18428868", "status": "missing", "osm_id": null, "type": "insediamento umano"}, "geometry": {"type": "Point", "coordinates": [15.69044, 40.82828]}}, {"type": "Feature", "properties": {"wikidata": "Q18428883", "name": "Q18428883", "status": "missing", "osm_id": null, "type": "insediamento umano"}, "geometry": {"type": "Point", "coordinates": [16.02272, 39.97377]}}, {"type": "Feature", "properties": {"wikidata": "Q18428890", "name": "Q18428890", "status": "missing", "osm_id": null, "type": "frazione"}, "geometry": {"type": "Point", "coordinates": [15.6775, 40.80378]}}, {"type": "Feature", "properties": {"wikidata": "Q18428934", "name": "Q18428934", "status": "missing", "osm_id": null, "type": "insediamento umano"}, "geometry": {"type": "Point", "coordinates": [15.90333, 40.08193]}}, {"type": "Feature", "properties": {"wikidata": "Q18428901", "name": "Q18428901", "status": "missing", "osm_id": null, "type": "frazione"}, "geometry": {"type": "Point", "coordinates": [15.68869, 40.79355]}}, {"type": "Feature", "properties": {"wikidata": "Q22138571", "name": "Q22138571", "status": "done", "osm_id": "node/3585992796", "type": "biblioteca pubblica statale"}, "geometry": {"type": "Point", "coordinates": [15.786017, 40.634987]}}, {"type": "Feature", "properties": {"wikidata": "Q18429181", "name": "Q18429181", "status": "missing", "osm_id": null, "type": "insediamento umano"}, "geometry": {"type": "Point", "coordinates": [16.06807, 39.94843]}}, {"type": "Feature", "properties": {"wikidata": "Q30022349", "name": "Q30022349", "status": "missing", "osm_id": null, "type": "municipality seat"}, "geometry": {"type": "Point", "coordinates": [16.0655, 40.3066]}}, {"type": "Feature", "properties": {"wikidata": "Q21545987", "name": "Q21545987", "status": "done", "osm_id": "way/184405903", "type": "castello"}, "geometry": {"type": "Point", "coordinates": [16.1493283, 40.8546401]}}, {"type": "Feature", "properties": {"wikidata": "Q29885065", "name": "Q29885065", "status": "missing", "osm_id": null, "type": "mura cittadine"}, "geometry": {"type": "Point", "coordinates": [16.5613691, 40.2930711]}}, {"type": "Feature", "properties": {"wikidata": "Q29885066", "name": "Q29885066", "status": "missing", "osm_id": null, "type": "mura cittadine"}, "geometry": {"type": "Point", "coordinates": [16.5613691, 40.2930711]}}, {"type": "Feature", "properties": {"wikidata": "Q24886568", "name": "Q24886568", "status": "missing", "osm_id": null, "type": "chiesa"}, "geometry": {"type": "Point", "coordinates": [15.7370782, 40.4122199]}}, {"type": "Feature", "properties": {"wikidata": "Q29884036", "name": "Q29884036", "status": "missing", "osm_id": null, "type": "piazza"}, "geometry": {"type": "Point", "coordinates": [15.655593662, 40.92517795]}}, {"type": "Feature", "properties": {"wikidata": "Q28016702", "name": "Q28016702", "status": "missing", "osm_id": null, "type": "convento"}, "geometry": {"type": "Point", "coordinates": [15.6786, 40.5828]}}, {"type": "Feature", "properties": {"wikidata": "Q27987664", "name": "Q27987664", "status": "done", "osm_id": "way/584739632", "type": "chiesa"}, "geometry": {"type": "Point", "coordinates": [15.674377, 40.925966]}}, {"type": "Feature", "properties": {"wikidata": "Q24886581", "name": "Q24886581", "status": "done", "osm_id": "relation/12876337", "type": "chiesa"}, "geometry": {"type": "Point", "coordinates": [15.73455, 40.41603]}}, {"type": "Feature", "properties": {"wikidata": "Q27989503", "name": "Q27989503", "status": "missing", "osm_id": null, "type": "palazzo"}, "geometry": {"type": "Point", "coordinates": [16.609939, 40.665816]}}, {"type": "Feature", "properties": {"wikidata": "Q28940998", "name": "Q28940998", "status": "done", "osm_id": "node/7745543944", "type": "stazione ferroviaria"}, "geometry": {"type": "Point", "coordinates": [16.590002, 40.679458]}}, {"type": "Feature", "properties": {"wikidata": "Q29110140", "name": "Q29110140", "status": "done", "osm_id": "relation/11851178", "type": "bacino artificiale"}, "geometry": {"type": "Point", "coordinates": [16.333234, 40.15247]}}, {"type": "Feature", "properties": {"wikidata": "Q27989677", "name": "Q27989677", "status": "missing", "osm_id": null, "type": "palazzo italiano"}, "geometry": {"type": "Point", "coordinates": [16.5615364, 40.2937346]}}, {"type": "Feature", "properties": {"wikidata": "Q30022551", "name": "Q30022551", "status": "missing", "osm_id": null, "type": "municipality seat"}, "geometry": {"type": "Point", "coordinates": [16.00976, 40.86063]}}, {"type": "Feature", "properties": {"wikidata": "Q27989717", "name": "Q27989717", "status": "missing", "osm_id": null, "type": "palazzo italiano"}, "geometry": {"type": "Point", "coordinates": [15.48834, 40.75333]}}, {"type": "Feature", "properties": {"wikidata": "Q30021917", "name": "Q30021917", "status": "done", "osm_id": "node/67280386", "type": "municipality seat"}, "geometry": {"type": "Point", "coordinates": [16.15798, 40.49102]}}, {"type": "Feature", "properties": {"wikidata": "Q27989502", "name": "Q27989502", "status": "done", "osm_id": "way/244741890", "type": "palazzo"}, "geometry": {"type": "Point", "coordinates": [16.609764, 40.665306]}}, {"type": "Feature", "properties": {"wikidata": "Q30021912", "name": "Q30021912", "status": "missing", "osm_id": null, "type": "municipality seat"}, "geometry": {"type": "Point", "coordinates": [15.8131, 40.50748]}}, {"type": "Feature", "properties": {"wikidata": "Q27989676", "name": "Q27989676", "status": "missing", "osm_id": null, "type": "palazzo italiano"}, "geometry": {"type": "Point", "coordinates": [16.5614382, 40.2934099]}}, {"type": "Feature", "properties": {"wikidata": "Q27987206", "name": "Q27987206", "status": "missing", "osm_id": null, "type": "chiesa"}, "geometry": {"type": "Point", "coordinates": [15.65508, 40.99561]}}, {"type": "Feature", "properties": {"wikidata": "Q24798546", "name": "Q24798546", "status": "done", "osm_id": "node/2505720174", "type": "chiesa rupestre"}, "geometry": {"type": "Point", "coordinates": [16.612442, 40.663248]}}, {"type": "Feature", "properties": {"wikidata": "Q27989768", "name": "Q27989768", "status": "missing", "osm_id": null, "type": "palazzo comunale"}, "geometry": {"type": "Point", "coordinates": [15.6301, 40.47856]}}, {"type": "Feature", "properties": {"wikidata": "Q24807658", "name": "Q24807658", "status": "done", "osm_id": "node/4435940471", "type": "chiesa rupestre"}, "geometry": {"type": "Point", "coordinates": [16.620791, 40.659473]}}, {"type": "Feature", "properties": {"wikidata": "Q27989504", "name": "Q27989504", "status": "missing", "osm_id": null, "type": "palazzo"}, "geometry": {"type": "Point", "coordinates": [16.610111111, 40.666027777]}}, {"type": "Feature", "properties": {"wikidata": "Q27989505", "name": "Q27989505", "status": "done", "osm_id": "relation/3293654", "type": "palazzo italiano"}, "geometry": {"type": "Point", "coordinates": [16.606326, 40.667293]}}, {"type": "Feature", "properties": {"wikidata": "Q29906024", "name": "Q29906024", "status": "missing", "osm_id": null, "type": "arco"}, "geometry": {"type": "Point", "coordinates": [16.5607528, 40.2921715]}}, {"type": "Feature", "properties": {"wikidata": "Q29896746", "name": "Q29896746", "status": "missing", "osm_id": null, "type": "stele"}, "geometry": {"type": "Point", "coordinates": [15.67189, 40.92792]}}, {"type": "Feature", "properties": {"wikidata": "Q27987203", "name": "Q27987203", "status": "missing", "osm_id": null, "type": "chiesa"}, "geometry": {"type": "Point", "coordinates": [15.65267, 40.99635]}}, {"type": "Feature", "properties": {"wikidata": "Q24885549", "name": "Q24885549", "status": "missing", "osm_id": null, "type": "chiesa"}, "geometry": {"type": "Point", "coordinates": [15.65371, 40.87665]}}, {"type": "Feature", "properties": {"wikidata": "Q29905127", "name": "Q29905127", "status": "missing", "osm_id": null, "type": "cripta"}, "geometry": {"type": "Point", "coordinates": [15.647673672, 40.99769551]}}, {"type": "Feature", "properties": {"wikidata": "Q21552099", "name": "Q21552099", "status": "missing", "osm_id": null, "type": "museo"}, "geometry": {"type": "Point", "coordinates": [15.658377, 40.995945]}}, {"type": "Feature", "properties": {"wikidata": "Q30022412", "name": "Q30022412", "status": "missing", "osm_id": null, "type": "municipality seat"}, "geometry": {"type": "Point", "coordinates": [15.65226, 40.87855]}}, {"type": "Feature", "properties": {"wikidata": "Q27989678", "name": "Q27989678", "status": "missing", "osm_id": null, "type": "palazzo italiano"}, "geometry": {"type": "Point", "coordinates": [16.5607528, 40.2921715]}}, {"type": "Feature", "properties": {"wikidata": "Q24805179", "name": "Q24805179", "status": "missing", "osm_id": null, "type": "chiesa"}, "geometry": {"type": "Point", "coordinates": [16.60677, 40.66721]}}, {"type": "Feature", "properties": {"wikidata": "Q29652333", "name": "Q29652333", "status": "missing", "osm_id": null, "type": "fontana"}, "geometry": {"type": "Point", "coordinates": [15.7232339, 39.9928491]}}, {"type": "Feature", "properties": {"wikidata": "Q27989675", "name": "Q27989675", "status": "missing", "osm_id": null, "type": "palazzo italiano"}, "geometry": {"type": "Point", "coordinates": [16.56758, 40.28911]}}, {"type": "Feature", "properties": {"wikidata": "Q27994868", "name": "Q27994868", "status": "missing", "osm_id": null, "type": "fontana"}, "geometry": {"type": "Point", "coordinates": [15.67631, 40.58249]}}, {"type": "Feature", "properties": {"wikidata": "Q29905124", "name": "Q29905124", "status": "done", "osm_id": "node/8872352219", "type": "cripta"}, "geometry": {"type": "Point", "coordinates": [15.653888, 40.986146]}}, {"type": "Feature", "properties": {"wikidata": "Q25247813", "name": "Q25247813", "status": "missing", "osm_id": null, "type": "castello"}, "geometry": {"type": "Point", "coordinates": [15.972785, 40.460675]}}, {"type": "Feature", "properties": {"wikidata": "Q25389724", "name": "Q25389724", "status": "missing", "osm_id": null, "type": "cascata"}, "geometry": {"type": "Point", "coordinates": [15.53333, 40.81667]}}, {"type": "Feature", "properties": {"wikidata": "Q29904967", "name": "Q29904967", "status": "done", "osm_id": "way/244636560", "type": "edificio"}, "geometry": {"type": "Point", "coordinates": [16.6092499, 40.6684202]}}, {"type": "Feature", "properties": {"wikidata": "Q24805969", "name": "Q24805969", "status": "done", "osm_id": "way/242627554", "type": "chiesa"}, "geometry": {"type": "Point", "coordinates": [16.608901, 40.664387]}}, {"type": "Feature", "properties": {"wikidata": "Q28016679", "name": "Q28016679", "status": "missing", "osm_id": null, "type": "chiesa"}, "geometry": {"type": "Point", "coordinates": [16.6061, 40.6657]}}, {"type": "Feature", "properties": {"wikidata": "Q18785602", "name": "Q18785602", "status": "done", "osm_id": "node/1296661772", "type": "stazione ferroviaria"}, "geometry": {"type": "Point", "coordinates": [15.595452777, 41.062080555]}}, {"type": "Feature", "properties": {"wikidata": "Q28978036", "name": "Q28978036", "status": "done", "osm_id": "way/69532413", "type": "anfiteatro romano"}, "geometry": {"type": "Point", "coordinates": [15.912, 40.287]}}, {"type": "Feature", "properties": {"wikidata": "Q24886570", "name": "Q24886570", "status": "missing", "osm_id": null, "type": "chiesa"}, "geometry": {"type": "Point", "coordinates": [15.73573, 40.4241131]}}, {"type": "Feature", "properties": {"wikidata": "Q30022259", "name": "Q30022259", "status": "missing", "osm_id": null, "type": "municipality seat"}, "geometry": {"type": "Point", "coordinates": [15.92457, 40.51662]}}, {"type": "Feature", "properties": {"wikidata": "Q18429188", "name": "Q18429188", "status": "missing", "osm_id": null, "type": "insediamento umano"}, "geometry": {"type": "Point", "coordinates": [15.96662, 40.92164]}}, {"type": "Feature", "properties": {"wikidata": "Q27994330", "name": "Q27994330", "status": "done", "osm_id": "way/584743258", "type": "torre civica"}, "geometry": {"type": "Point", "coordinates": [15.675482266, 40.924572866]}}, {"type": "Feature", "properties": {"wikidata": "Q27994804", "name": "Q27994804", "status": "done", "osm_id": "node/2505211612", "type": "fontana"}, "geometry": {"type": "Point", "coordinates": [16.606354, 40.666223]}}, {"type": "Feature", "properties": {"wikidata": "Q28978106", "name": "Q28978106", "status": "done", "osm_id": "node/8968587736", "type": "sito archeologico"}, "geometry": {"type": "Point", "coordinates": [15.8243636, 40.9679567]}}, {"type": "Feature", "properties": {"wikidata": "Q28016680", "name": "Q28016680", "status": "done", "osm_id": "node/5426974031", "type": "convento"}, "geometry": {"type": "Point", "coordinates": [16.6134, 40.6669]}}, {"type": "Feature", "properties": {"wikidata": "Q28843558", "name": "Q28843558", "status": "missing", "osm_id": null, "type": "chiesa"}, "geometry": {"type": "Point", "coordinates": [16.214066, 40.122967]}}, {"type": "Feature", "properties": {"wikidata": "Q27987205", "name": "Q27987205", "status": "missing", "osm_id": null, "type": "chiesa"}, "geometry": {"type": "Point", "coordinates": [15.66016, 40.99413]}}, {"type": "Feature", "properties": {"wikidata": "Q18429180", "name": "Q18429180", "status": "missing", "osm_id": null, "type": "insediamento umano"}, "geometry": {"type": "Point", "coordinates": [15.79553, 40.75476]}}, {"type": "Feature", "properties": {"wikidata": "Q29015170", "name": "Q29015170", "status": "missing", "osm_id": null, "type": "sito archeologico"}, "geometry": {"type": "Point", "coordinates": [15.650317138, 40.873247233]}}, {"type": "Feature", "properties": {"wikidata": "Q24936489", "name": "Q24936489", "status": "missing", "osm_id": null, "type": "edificio"}, "geometry": {"type": "Point", "coordinates": [16.7184089, 40.3941447]}}, {"type": "Feature", "properties": {"wikidata": "Q21551984", "name": "Q21551984", "status": "missing", "osm_id": null, "type": "museo d'arte"}, "geometry": {"type": "Point", "coordinates": [15.786423, 40.634365]}}, {"type": "Feature", "properties": {"wikidata": "Q27989690", "name": "Q27989690", "status": "missing", "osm_id": null, "type": "palazzo italiano"}, "geometry": {"type": "Point", "coordinates": [15.6731009, 40.9257295]}}, {"type": "Feature", "properties": {"wikidata": "Q28003727", "name": "Q28003727", "status": "missing", "osm_id": null, "type": "biblioteca pubblica"}, "geometry": {"type": "Point", "coordinates": [15.6744872, 40.9257116]}}, {"type": "Feature", "properties": {"wikidata": "Q24886564", "name": "Q24886564", "status": "missing", "osm_id": null, "type": "chiesa"}, "geometry": {"type": "Point", "coordinates": [15.734704, 40.424358]}}, {"type": "Feature", "properties": {"wikidata": "Q27989718", "name": "Q27989718", "status": "done", "osm_id": "way/388919478", "type": "palazzo italiano"}, "geometry": {"type": "Point", "coordinates": [16.142309, 40.623253]}}, {"type": "Feature", "properties": {"wikidata": "Q30022449", "name": "Q30022449", "status": "missing", "osm_id": null, "type": "municipality seat"}, "geometry": {"type": "Point", "coordinates": [15.72004, 40.73291]}}, {"type": "Feature", "properties": {"wikidata": "Q29906025", "name": "Q29906025", "status": "missing", "osm_id": null, "type": "arco"}, "geometry": {"type": "Point", "coordinates": [16.5615548, 40.2901994]}}, {"type": "Feature", "properties": {"wikidata": "Q28001084", "name": "Q28001084", "status": "missing", "osm_id": null, "type": "castello"}, "geometry": {"type": "Point", "coordinates": [15.837092, 40.046212]}}, {"type": "Feature", "properties": {"wikidata": "Q28001135", "name": "Q28001135", "status": "missing", "osm_id": null, "type": "castello"}, "geometry": {"type": "Point", "coordinates": [15.625831, 40.480749]}}, {"type": "Feature", "properties": {"wikidata": "Q19365790", "name": "Q19365790", "status": "done", "osm_id": "way/874005883", "type": "chiesa"}, "geometry": {"type": "Point", "coordinates": [15.636708, 40.639027]}}, {"type": "Feature", "properties": {"wikidata": "Q24807476", "name": "Q24807476", "status": "done", "osm_id": "node/1746059812", "type": "chiesa rupestre"}, "geometry": {"type": "Point", "coordinates": [16.618086, 40.670756]}}, {"type": "Feature", "properties": {"wikidata": "Q30022128", "name": "Q30022128", "status": "missing", "osm_id": null, "type": "municipality seat"}, "geometry": {"type": "Point", "coordinates": [16.22984, 40.31359]}}, {"type": "Feature", "properties": {"wikidata": "Q28000705", "name": "Q28000705", "status": "missing", "osm_id": null, "type": "porta cittadina"}, "geometry": {"type": "Point", "coordinates": [15.6583123, 40.993507]}}, {"type": "Feature", "properties": {"wikidata": "Q27987207", "name": "Q27987207", "status": "missing", "osm_id": null, "type": "chiesa"}, "geometry": {"type": "Point", "coordinates": [15.6513, 40.99269]}}, {"type": "Feature", "properties": {"wikidata": "Q19545267", "name": "Q19545267", "status": "done", "osm_id": "way/586067088", "type": "abbazia"}, "geometry": {"type": "Point", "coordinates": [15.616537, 40.935286]}}, {"type": "Feature", "properties": {"wikidata": "Q27998866", "name": "Q27998866", "status": "missing", "osm_id": null, "type": "parco"}, "geometry": {"type": "Point", "coordinates": [16.6644372, 40.2910624]}}, {"type": "Feature", "properties": {"wikidata": "Q30022554", "name": "Q30022554", "status": "missing", "osm_id": null, "type": "municipality seat"}, "geometry": {"type": "Point", "coordinates": [15.59398, 40.68001]}}, {"type": "Feature", "properties": {"wikidata": "Q24694608", "name": "Q24694608", "status": "done", "osm_id": "way/242627556", "type": "chiesa"}, "geometry": {"type": "Point", "coordinates": [16.609297, 40.665427]}}, {"type": "Feature", "properties": {"wikidata": "Q30022544", "name": "Q30022544", "status": "missing", "osm_id": null, "type": "municipality seat"}, "geometry": {"type": "Point", "coordinates": [15.51345, 40.64953]}}, {"type": "Feature", "properties": {"wikidata": "Q18429189", "name": "Q18429189", "status": "missing", "osm_id": null, "type": "insediamento umano"}, "geometry": {"type": "Point", "coordinates": [15.6591, 40.88935]}}, {"type": "Feature", "properties": {"wikidata": "Q28003766", "name": "Q28003766", "status": "missing", "osm_id": null, "type": "biblioteca pubblica"}, "geometry": {"type": "Point", "coordinates": [15.6297781, 40.4785312]}}, {"type": "Feature", "properties": {"wikidata": "Q27989691", "name": "Q27989691", "status": "missing", "osm_id": null, "type": "palazzo italiano"}, "geometry": {"type": "Point", "coordinates": [15.6742353, 40.9253372]}}, {"type": "Feature", "properties": {"wikidata": "Q27989750", "name": "Q27989750", "status": "missing", "osm_id": null, "type": "palazzo italiano"}, "geometry": {"type": "Point", "coordinates": [15.656988, 40.996669909]}}, {"type": "Feature", "properties": {"wikidata": "Q21329010", "name": "Q21329010", "status": "missing", "osm_id": null, "type": "tempio greco"}, "geometry": {"type": "Point", "coordinates": [16.823707927, 40.38397801]}}, {"type": "Feature", "properties": {"wikidata": "Q30021921", "name": "Q30021921", "status": "missing", "osm_id": null, "type": "municipality seat"}, "geometry": {"type": "Point", "coordinates": [15.93808, 40.79386]}}, {"type": "Feature", "properties": {"wikidata": "Q21190081", "name": "Q21190081", "status": "done", "osm_id": "way/747859821", "type": "sito archeologico"}, "geometry": {"type": "Point", "coordinates": [15.68442, 40.88664]}}, {"type": "Feature", "properties": {"wikidata": "Q30022064", "name": "Q30022064", "status": "missing", "osm_id": null, "type": "municipality seat"}, "geometry": {"type": "Point", "coordinates": [16.03712, 40.58614]}}, {"type": "Feature", "properties": {"wikidata": "Q18819006", "name": "Q18819006", "status": "missing", "osm_id": null, "type": "museo archeologico"}, "geometry": {"type": "Point", "coordinates": [15.9160848, 40.6674718]}}, {"type": "Feature", "properties": {"wikidata": "Q27991250", "name": "Q27991250", "status": "missing", "osm_id": null, "type": "monumento"}, "geometry": {"type": "Point", "coordinates": [15.629705864, 40.478485899]}}, {"type": "Feature", "properties": {"wikidata": "Q29582883", "name": "Q29582883", "status": "done", "osm_id": "node/7745584683", "type": "stazione ferroviaria"}, "geometry": {"type": "Point", "coordinates": [16.5883, 40.6849]}}, {"type": "Feature", "properties": {"wikidata": "Q28842634", "name": "Q28842634", "status": "missing", "osm_id": null, "type": "palazzo italiano"}, "geometry": {"type": "Point", "coordinates": [16.214981, 40.124693]}}, {"type": "Feature", "properties": {"wikidata": "Q27989749", "name": "Q27989749", "status": "missing", "osm_id": null, "type": "palazzo italiano"}, "geometry": {"type": "Point", "coordinates": [15.65934, 40.99441]}}, {"type": "Feature", "properties": {"wikidata": "Q30031073", "name": "Q30031073", "status": "missing", "osm_id": null, "type": "municipality seat"}, "geometry": {"type": "Point", "coordinates": [16.29583, 39.97765]}}, {"type": "Feature", "properties": {"wikidata": "Q30030046", "name": "Q30030046", "status": "missing", "osm_id": null, "type": "municipality seat"}, "geometry": {"type": "Point", "coordinates": [16.25155, 40.48333]}}, {"type": "Feature", "properties": {"wikidata": "Q30028974", "name": "Q30028974", "status": "missing", "osm_id": null, "type": "municipality seat"}, "geometry": {"type": "Point", "coordinates": [16.67795, 40.2128]}}, {"type": "Feature", "properties": {"wikidata": "Q30029618", "name": "Q30029618", "status": "missing", "osm_id": null, "type": "municipality seat"}, "geometry": {"type": "Point", "coordinates": [16.03904, 39.95215]}}, {"type": "Feature", "properties": {"wikidata": "Q30030921", "name": "Q30030921", "status": "missing", "osm_id": null, "type": "municipality seat"}, "geometry": {"type": "Point", "coordinates": [16.22983, 40.40237]}}, {"type": "Feature", "properties": {"wikidata": "Q30024255", "name": "Q30024255", "status": "missing", "osm_id": null, "type": "municipality seat"}, "geometry": {"type": "Point", "coordinates": [15.97184, 40.01003]}}, {"type": "Feature", "properties": {"wikidata": "Q30030411", "name": "Q30030411", "status": "missing", "osm_id": null, "type": "municipality seat"}, "geometry": {"type": "Point", "coordinates": [15.88837, 40.248]}}, {"type": "Feature", "properties": {"wikidata": "Q30031253", "name": "Q30031253", "status": "missing", "osm_id": null, "type": "municipality seat"}, "geometry": {"type": "Point", "coordinates": [15.78753, 40.31858]}}, {"type": "Feature", "properties": {"wikidata": "Q30026460", "name": "Q30026460", "status": "missing", "osm_id": null, "type": "municipality seat"}, "geometry": {"type": "Point", "coordinates": [15.76212, 40.12785]}}, {"type": "Feature", "properties": {"wikidata": "Q30030464", "name": "Q30030464", "status": "missing", "osm_id": null, "type": "municipality seat"}, "geometry": {"type": "Point", "coordinates": [15.55132, 40.56949]}}, {"type": "Feature", "properties": {"wikidata": "Q30029660", "name": "Q30029660", "status": "done", "osm_id": "node/67280847", "type": "municipality seat"}, "geometry": {"type": "Point", "coordinates": [15.68369, 40.7166]}}, {"type": "Feature", "properties": {"wikidata": "Q30029483", "name": "Q30029483", "status": "missing", "osm_id": null, "type": "municipality seat"}, "geometry": {"type": "Point", "coordinates": [16.20429, 40.2125]}}, {"type": "Feature", "properties": {"wikidata": "Q30027909", "name": "Q30027909", "status": "missing", "osm_id": null, "type": "municipality seat"}, "geometry": {"type": "Point", "coordinates": [15.99182, 40.29765]}}, {"type": "Feature", "properties": {"wikidata": "Q30024254", "name": "Q30024254", "status": "missing", "osm_id": null, "type": "municipality seat"}, "geometry": {"type": "Point", "coordinates": [15.98149, 40.00151]}}, {"type": "Feature", "properties": {"wikidata": "Q30029281", "name": "Q30029281", "status": "missing", "osm_id": null, "type": "municipality seat"}, "geometry": {"type": "Point", "coordinates": [15.49818, 40.8471]}}, {"type": "Feature", "properties": {"wikidata": "Q30024675", "name": "Q30024675", "status": "missing", "osm_id": null, "type": "municipality seat"}, "geometry": {"type": "Point", "coordinates": [16.2144, 40.12323]}}, {"type": "Feature", "properties": {"wikidata": "Q30029380", "name": "Q30029380", "status": "missing", "osm_id": null, "type": "municipality seat"}, "geometry": {"type": "Point", "coordinates": [15.72597, 40.91256]}}, {"type": "Feature", "properties": {"wikidata": "Q30031279", "name": "Q30031279", "status": "missing", "osm_id": null, "type": "municipality seat"}, "geometry": {"type": "Point", "coordinates": [15.77585, 40.02611]}}, {"type": "Feature", "properties": {"wikidata": "Q30031348", "name": "Q30031348", "status": "missing", "osm_id": null, "type": "municipality seat"}, "geometry": {"type": "Point", "coordinates": [15.98857, 40.58015]}}, {"type": "Feature", "properties": {"wikidata": "Q30028996", "name": "Q30028996", "status": "missing", "osm_id": null, "type": "municipality seat"}, "geometry": {"type": "Point", "coordinates": [16.52708, 40.52804]}}, {"type": "Feature", "properties": {"wikidata": "Q30027943", "name": "Q30027943", "status": "missing", "osm_id": null, "type": "municipality seat"}, "geometry": {"type": "Point", "coordinates": [16.66541, 40.55024]}}, {"type": "Feature", "properties": {"wikidata": "Q30031436", "name": "Q30031436", "status": "missing", "osm_id": null, "type": "municipality seat"}, "geometry": {"type": "Point", "coordinates": [15.91434, 40.66643]}}, {"type": "Feature", "properties": {"wikidata": "Q30028335", "name": "Q30028335", "status": "missing", "osm_id": null, "type": "municipality seat"}, "geometry": {"type": "Point", "coordinates": [16.18547, 40.53554]}}, {"type": "Feature", "properties": {"wikidata": "Q30031387", "name": "Q30031387", "status": "missing", "osm_id": null, "type": "municipality seat"}, "geometry": {"type": "Point", "coordinates": [16.4714, 40.24651]}}, {"type": "Feature", "properties": {"wikidata": "Q30024186", "name": "Q30024186", "status": "missing", "osm_id": null, "type": "municipality seat"}, "geometry": {"type": "Point", "coordinates": [15.43109, 40.78639]}}, {"type": "Feature", "properties": {"wikidata": "Q30028121", "name": "Q30028121", "status": "missing", "osm_id": null, "type": "municipality seat"}, "geometry": {"type": "Point", "coordinates": [15.48808, 40.75379]}}, {"type": "Feature", "properties": {"wikidata": "Q30029817", "name": "Q30029817", "status": "missing", "osm_id": null, "type": "municipality seat"}, "geometry": {"type": "Point", "coordinates": [16.07618, 40.19242]}}, {"type": "Feature", "properties": {"wikidata": "Q30031033", "name": "Q30031033", "status": "missing", "osm_id": null, "type": "municipality seat"}, "geometry": {"type": "Point", "coordinates": [16.15281, 40.12586]}}, {"type": "Feature", "properties": {"wikidata": "Q30028538", "name": "Q30028538", "status": "missing", "osm_id": null, "type": "municipality seat"}, "geometry": {"type": "Point", "coordinates": [15.98149, 40.93156]}}, {"type": "Feature", "properties": {"wikidata": "Q30025545", "name": "Q30025545", "status": "missing", "osm_id": null, "type": "municipality seat"}, "geometry": {"type": "Point", "coordinates": [16.09818, 40.07481]}}, {"type": "Feature", "properties": {"wikidata": "Q30026258", "name": "Q30026258", "status": "done", "osm_id": "node/67280638", "type": "municipality seat"}, "geometry": {"type": "Point", "coordinates": [15.88877, 40.28281]}}, {"type": "Feature", "properties": {"wikidata": "Q30026532", "name": "Q30026532", "status": "missing", "osm_id": null, "type": "municipality seat"}, "geometry": {"type": "Point", "coordinates": [15.83812, 40.04702]}}, {"type": "Feature", "properties": {"wikidata": "Q30027715", "name": "Q30027715", "status": "missing", "osm_id": null, "type": "municipality seat"}, "geometry": {"type": "Point", "coordinates": [16.5696, 40.28591]}}, {"type": "Feature", "properties": {"wikidata": "Q30024595", "name": "Q30024595", "status": "missing", "osm_id": null, "type": "municipality seat"}, "geometry": {"type": "Point", "coordinates": [16.35059, 40.04703]}}, {"type": "Feature", "properties": {"wikidata": "Q30027328", "name": "Q30027328", "status": "done", "osm_id": "node/67280695", "type": "municipality seat"}, "geometry": {"type": "Point", "coordinates": [15.82946, 40.90892]}}, {"type": "Feature", "properties": {"wikidata": "Q30026531", "name": "Q30026531", "status": "missing", "osm_id": null, "type": "municipality seat"}, "geometry": {"type": "Point", "coordinates": [15.97075, 40.45908]}}, {"type": "Feature", "properties": {"wikidata": "Q30025994", "name": "Q30025994", "status": "missing", "osm_id": null, "type": "municipality seat"}, "geometry": {"type": "Point", "coordinates": [16.22827, 40.54866]}}, {"type": "Feature", "properties": {"wikidata": "Q30025638", "name": "Q30025638", "status": "missing", "osm_id": null, "type": "municipality seat"}, "geometry": {"type": "Point", "coordinates": [16.16978, 40.11381]}}, {"type": "Feature", "properties": {"wikidata": "Q30025869", "name": "Q30025869", "status": "missing", "osm_id": null, "type": "municipality seat"}, "geometry": {"type": "Point", "coordinates": [16.20417, 40.08142]}}, {"type": "Feature", "properties": {"wikidata": "Q30028882", "name": "Q30028882", "status": "missing", "osm_id": null, "type": "municipality seat"}, "geometry": {"type": "Point", "coordinates": [15.78295, 40.57412]}}, {"type": "Feature", "properties": {"wikidata": "Q30025806", "name": "Q30025806", "status": "missing", "osm_id": null, "type": "municipality seat"}, "geometry": {"type": "Point", "coordinates": [15.85457, 40.86041]}}, {"type": "Feature", "properties": {"wikidata": "Q30026040", "name": "Q30026040", "status": "missing", "osm_id": null, "type": "municipality seat"}, "geometry": {"type": "Point", "coordinates": [16.03124, 40.84589]}}, {"type": "Feature", "properties": {"wikidata": "Q30029667", "name": "Q30029667", "status": "missing", "osm_id": null, "type": "municipality seat"}, "geometry": {"type": "Point", "coordinates": [15.54217, 40.84951]}}, {"type": "Feature", "properties": {"wikidata": "Q30023562", "name": "Q30023562", "status": "missing", "osm_id": null, "type": "municipality seat"}, "geometry": {"type": "Point", "coordinates": [15.9247, 40.73068]}}, {"type": "Feature", "properties": {"wikidata": "Q30027621", "name": "Q30027621", "status": "missing", "osm_id": null, "type": "municipality seat"}, "geometry": {"type": "Point", "coordinates": [15.86544, 40.24394]}}, {"type": "Feature", "properties": {"wikidata": "Q30026359", "name": "Q30026359", "status": "missing", "osm_id": null, "type": "municipality seat"}, "geometry": {"type": "Point", "coordinates": [16.23816, 40.75015]}}, {"type": "Feature", "properties": {"wikidata": "Q30028748", "name": "Q30028748", "status": "missing", "osm_id": null, "type": "municipality seat"}, "geometry": {"type": "Point", "coordinates": [15.39946, 40.83494]}}, {"type": "Feature", "properties": {"wikidata": "Q30025722", "name": "Q30025722", "status": "missing", "osm_id": null, "type": "municipality seat"}, "geometry": {"type": "Point", "coordinates": [15.70984, 40.81042]}}, {"type": "Feature", "properties": {"wikidata": "Q30024319", "name": "Q30024319", "status": "missing", "osm_id": null, "type": "municipality seat"}, "geometry": {"type": "Point", "coordinates": [15.99281, 40.16213]}}, {"type": "Feature", "properties": {"wikidata": "Q30028846", "name": "Q30028846", "status": "missing", "osm_id": null, "type": "municipality seat"}, "geometry": {"type": "Point", "coordinates": [16.06244, 40.51731]}}, {"type": "Feature", "properties": {"wikidata": "Q30025114", "name": "Q30025114", "status": "missing", "osm_id": null, "type": "municipality seat"}, "geometry": {"type": "Point", "coordinates": [16.03917, 40.38214]}}, {"type": "Feature", "properties": {"wikidata": "Q30029815", "name": "Q30029815", "status": "missing", "osm_id": null, "type": "municipality seat"}, "geometry": {"type": "Point", "coordinates": [16.07892, 40.67764]}}, {"type": "Feature", "properties": {"wikidata": "Q30024265", "name": "Q30024265", "status": "missing", "osm_id": null, "type": "municipality seat"}, "geometry": {"type": "Point", "coordinates": [16.04585, 40.52832]}}, {"type": "Feature", "properties": {"wikidata": "Q30028252", "name": "Q30028252", "status": "missing", "osm_id": null, "type": "municipality seat"}, "geometry": {"type": "Point", "coordinates": [16.53976, 40.14823]}}, {"type": "Feature", "properties": {"wikidata": "Q30028362", "name": "Q30028362", "status": "missing", "osm_id": null, "type": "municipality seat"}, "geometry": {"type": "Point", "coordinates": [15.98818, 40.76174]}}, {"type": "Feature", "properties": {"wikidata": "Q30025682", "name": "Q30025682", "status": "missing", "osm_id": null, "type": "municipality seat"}, "geometry": {"type": "Point", "coordinates": [16.45258, 40.50084]}}, {"type": "Feature", "properties": {"wikidata": "Q30024407", "name": "Q30024407", "status": "missing", "osm_id": null, "type": "municipality seat"}, "geometry": {"type": "Point", "coordinates": [16.18559, 40.18903]}}, {"type": "Feature", "properties": {"wikidata": "Q30028817", "name": "Q30028817", "status": "missing", "osm_id": null, "type": "municipality seat"}, "geometry": {"type": "Point", "coordinates": [15.64232, 40.63975]}}, {"type": "Feature", "properties": {"wikidata": "Q30025968", "name": "Q30025968", "status": "missing", "osm_id": null, "type": "municipality seat"}, "geometry": {"type": "Point", "coordinates": [16.13561, 40.29232]}}, {"type": "Feature", "properties": {"wikidata": "Q30024971", "name": "Q30024971", "status": "missing", "osm_id": null, "type": "municipality seat"}, "geometry": {"type": "Point", "coordinates": [16.4248, 40.18841]}}, {"type": "Feature", "properties": {"wikidata": "Q30027523", "name": "Q30027523", "status": "missing", "osm_id": null, "type": "municipality seat"}, "geometry": {"type": "Point", "coordinates": [16.49964, 40.56763]}}, {"type": "Feature", "properties": {"wikidata": "Q30027287", "name": "Q30027287", "status": "missing", "osm_id": null, "type": "municipality seat"}, "geometry": {"type": "Point", "coordinates": [15.73462, 40.42359]}}, {"type": "Feature", "properties": {"wikidata": "Q30029866", "name": "Q30029866", "status": "missing", "osm_id": null, "type": "municipality seat"}, "geometry": {"type": "Point", "coordinates": [15.54043, 40.81647]}}, {"type": "Feature", "properties": {"wikidata": "Q30027288", "name": "Q30027288", "status": "missing", "osm_id": null, "type": "municipality seat"}, "geometry": {"type": "Point", "coordinates": [15.82569, 40.37591]}}, {"type": "Feature", "properties": {"wikidata": "Q30027424", "name": "Q30027424", "status": "missing", "osm_id": null, "type": "municipality seat"}, "geometry": {"type": "Point", "coordinates": [15.65578, 40.99571]}}, {"type": "Feature", "properties": {"wikidata": "Q30029834", "name": "Q30029834", "status": "missing", "osm_id": null, "type": "municipality seat"}, "geometry": {"type": "Point", "coordinates": [16.30475, 40.03679]}}, {"type": "Feature", "properties": {"wikidata": "Q30024783", "name": "Q30024783", "status": "missing", "osm_id": null, "type": "municipality seat"}, "geometry": {"type": "Point", "coordinates": [16.17194, 40.39376]}}, {"type": "Feature", "properties": {"wikidata": "Q30030440", "name": "Q30030440", "status": "missing", "osm_id": null, "type": "municipality seat"}, "geometry": {"type": "Point", "coordinates": [15.67569, 40.48525]}}, {"type": "Feature", "properties": {"wikidata": "Q30023737", "name": "Q30023737", "status": "missing", "osm_id": null, "type": "municipality seat"}, "geometry": {"type": "Point", "coordinates": [16.08846, 40.14227]}}, {"type": "Feature", "properties": {"wikidata": "Q30027579", "name": "Q30027579", "status": "missing", "osm_id": null, "type": "municipality seat"}, "geometry": {"type": "Point", "coordinates": [16.1665, 40.28311]}}, {"type": "Feature", "properties": {"wikidata": "Q30029374", "name": "Q30029374", "status": "missing", "osm_id": null, "type": "municipality seat"}, "geometry": {"type": "Point", "coordinates": [15.6711, 40.92328]}}, {"type": "Feature", "properties": {"wikidata": "Q30029280", "name": "Q30029280", "status": "missing", "osm_id": null, "type": "municipality seat"}, "geometry": {"type": "Point", "coordinates": [15.67201, 40.97499]}}, {"type": "Feature", "properties": {"wikidata": "Q30030889", "name": "Q30030889", "status": "missing", "osm_id": null, "type": "municipality seat"}, "geometry": {"type": "Point", "coordinates": [15.96658, 40.26921]}}, {"type": "Feature", "properties": {"wikidata": "Q30030342", "name": "Q30030342", "status": "missing", "osm_id": null, "type": "municipality seat"}, "geometry": {"type": "Point", "coordinates": [16.27046, 40.24852]}}, {"type": "Feature", "properties": {"wikidata": "Q30028220", "name": "Q30028220", "status": "missing", "osm_id": null, "type": "municipality seat"}, "geometry": {"type": "Point", "coordinates": [16.32834, 40.08705]}}, {"type": "Feature", "properties": {"wikidata": "Q30030586", "name": "Q30030586", "status": "missing", "osm_id": null, "type": "municipality seat"}, "geometry": {"type": "Point", "coordinates": [16.28867, 40.14616]}}, {"type": "Feature", "properties": {"wikidata": "Q30031530", "name": "Q30031530", "status": "missing", "osm_id": null, "type": "municipality seat"}, "geometry": {"type": "Point", "coordinates": [16.44388, 40.17098]}}, {"type": "Feature", "properties": {"wikidata": "Q30026201", "name": "Q30026201", "status": "missing", "osm_id": null, "type": "municipality seat"}, "geometry": {"type": "Point", "coordinates": [16.27792, 40.63457]}}, {"type": "Feature", "properties": {"wikidata": "Q30031127", "name": "Q30031127", "status": "missing", "osm_id": null, "type": "municipality seat"}, "geometry": {"type": "Point", "coordinates": [15.67621, 40.5837]}}, {"type": "Feature", "properties": {"wikidata": "Q30030079", "name": "Q30030079", "status": "missing", "osm_id": null, "type": "municipality seat"}, "geometry": {"type": "Point", "coordinates": [16.33498, 40.03567]}}, {"type": "Feature", "properties": {"wikidata": "Q30030448", "name": "Q30030448", "status": "missing", "osm_id": null, "type": "municipality seat"}, "geometry": {"type": "Point", "coordinates": [15.64024, 40.54296]}}, {"type": "Feature", "properties": {"wikidata": "Q30026525", "name": "Q30026525", "status": "missing", "osm_id": null, "type": "municipality seat"}, "geometry": {"type": "Point", "coordinates": [16.00947, 40.08909]}}, {"type": "Feature", "properties": {"wikidata": "Q30029697", "name": "Q30029697", "status": "missing", "osm_id": null, "type": "municipality seat"}, "geometry": {"type": "Point", "coordinates": [16.32037, 40.52668]}}, {"type": "Feature", "properties": {"wikidata": "Q30031145", "name": "Q30031145", "status": "done", "osm_id": "node/67280916", "type": "municipality seat"}, "geometry": {"type": "Point", "coordinates": [16.01627, 40.69422]}}, {"type": "Feature", "properties": {"wikidata": "Q30029620", "name": "Q30029620", "status": "done", "osm_id": "node/67280426", "type": "municipality seat"}, "geometry": {"type": "Point", "coordinates": [16.52491, 40.17136]}}, {"type": "Feature", "properties": {"wikidata": "Q30031324", "name": "Q30031324", "status": "missing", "osm_id": null, "type": "municipality seat"}, "geometry": {"type": "Point", "coordinates": [16.14259, 40.61458]}}, {"type": "Feature", "properties": {"wikidata": "Q30026158", "name": "Q30026158", "status": "missing", "osm_id": null, "type": "municipality seat"}, "geometry": {"type": "Point", "coordinates": [16.14456, 40.39532]}}, {"type": "Feature", "properties": {"wikidata": "Q30028840", "name": "Q30028840", "status": "missing", "osm_id": null, "type": "municipality seat"}, "geometry": {"type": "Point", "coordinates": [15.87398, 40.74572]}}, {"type": "Feature", "properties": {"wikidata": "Q30027218", "name": "Q30027218", "status": "missing", "osm_id": null, "type": "municipality seat"}, "geometry": {"type": "Point", "coordinates": [15.71539, 39.99932]}}, {"type": "Feature", "properties": {"wikidata": "Q30029932", "name": "Q30029932", "status": "missing", "osm_id": null, "type": "municipality seat"}, "geometry": {"type": "Point", "coordinates": [16.3893, 40.11132]}}, {"type": "Feature", "properties": {"wikidata": "Q30030491", "name": "Q30030491", "status": "missing", "osm_id": null, "type": "municipality seat"}, "geometry": {"type": "Point", "coordinates": [16.69824, 40.25085]}}, {"type": "Feature", "properties": {"wikidata": "Q30028916", "name": "Q30028916", "status": "missing", "osm_id": null, "type": "municipality seat"}, "geometry": {"type": "Point", "coordinates": [16.55919, 40.39017]}}, {"type": "Feature", "properties": {"wikidata": "Q30029411", "name": "Q30029411", "status": "missing", "osm_id": null, "type": "municipality seat"}, "geometry": {"type": "Point", "coordinates": [15.75798, 40.07821]}}, {"type": "Feature", "properties": {"wikidata": "Q30030020", "name": "Q30030020", "status": "missing", "osm_id": null, "type": "municipality seat"}, "geometry": {"type": "Point", "coordinates": [16.05216, 40.23913]}}, {"type": "Feature", "properties": {"wikidata": "Q30028166", "name": "Q30028166", "status": "missing", "osm_id": null, "type": "municipality seat"}, "geometry": {"type": "Point", "coordinates": [15.79962, 40.06765]}}, {"type": "Feature", "properties": {"wikidata": "Q30027905", "name": "Q30027905", "status": "missing", "osm_id": null, "type": "municipality seat"}, "geometry": {"type": "Point", "coordinates": [15.96661, 41.02742]}}, {"type": "Feature", "properties": {"wikidata": "Q30026253", "name": "Q30026253", "status": "missing", "osm_id": null, "type": "municipality seat"}, "geometry": {"type": "Point", "coordinates": [16.37831, 40.60333]}}, {"type": "Feature", "properties": {"wikidata": "Q30026541", "name": "Q30026541", "status": "missing", "osm_id": null, "type": "municipality seat"}, "geometry": {"type": "Point", "coordinates": [15.78915, 41.04769]}}, {"type": "Feature", "properties": {"wikidata": "Q30030161", "name": "Q30030161", "status": "missing", "osm_id": null, "type": "municipality seat"}, "geometry": {"type": "Point", "coordinates": [16.1386, 40.02021]}}, {"type": "Feature", "properties": {"wikidata": "Q30026292", "name": "Q30026292", "status": "missing", "osm_id": null, "type": "municipality seat"}, "geometry": {"type": "Point", "coordinates": [16.09845, 40.36167]}}, {"type": "Feature", "properties": {"wikidata": "Q37293798", "name": "Q37293798", "status": "missing", "osm_id": null, "type": "palazzo"}, "geometry": {"type": "Point", "coordinates": [16.09973, 40.36]}}, {"type": "Feature", "properties": {"wikidata": "Q35794386", "name": "Q35794386", "status": "missing", "osm_id": null, "type": "porta cittadina"}, "geometry": {"type": "Point", "coordinates": [15.804142467, 40.639222687]}}, {"type": "Feature", "properties": {"wikidata": "Q55162644", "name": "Q55162644", "status": "missing", "osm_id": null, "type": "chiesa"}, "geometry": {"type": "Point", "coordinates": [16.22625, 40.546944]}}, {"type": "Feature", "properties": {"wikidata": "Q37310391", "name": "Q37310391", "status": "done", "osm_id": "way/325026131", "type": "giardino"}, "geometry": {"type": "Point", "coordinates": [16.678722222, 40.214916666]}}, {"type": "Feature", "properties": {"wikidata": "Q35798156", "name": "Q35798156", "status": "missing", "osm_id": null, "type": "museo d'arte"}, "geometry": {"type": "Point", "coordinates": [15.80237, 40.64853]}}, {"type": "Feature", "properties": {"wikidata": "Q35833045", "name": "Q35833045", "status": "missing", "osm_id": null, "type": "parco cittadino"}, "geometry": {"type": "Point", "coordinates": [15.6758965, 40.9482494]}}, {"type": "Feature", "properties": {"wikidata": "Q35793057", "name": "Q35793057", "status": "missing", "osm_id": null, "type": "giardino"}, "geometry": {"type": "Point", "coordinates": [15.80414, 40.64397]}}, {"type": "Feature", "properties": {"wikidata": "Q37302412", "name": "Q37302412", "status": "missing", "osm_id": null, "type": "chiesa"}, "geometry": {"type": "Point", "coordinates": [15.914306, 40.665667]}}, {"type": "Feature", "properties": {"wikidata": "Q37188406", "name": "Q37188406", "status": "missing", "osm_id": null, "type": "chiesa"}, "geometry": {"type": "Point", "coordinates": [15.940248, 40.608184]}}, {"type": "Feature", "properties": {"wikidata": "Q45031477", "name": "Q45031477", "status": "done", "osm_id": "node/3585992793", "type": "archivio di Stato italiano"}, "geometry": {"type": "Point", "coordinates": [15.806273, 40.635277]}}, {"type": "Feature", "properties": {"wikidata": "Q37302233", "name": "Q37302233", "status": "missing", "osm_id": null, "type": "chiesa"}, "geometry": {"type": "Point", "coordinates": [15.921173784, 40.667017603]}}, {"type": "Feature", "properties": {"wikidata": "Q55164264", "name": "Q55164264", "status": "missing", "osm_id": null, "type": "chiesa"}, "geometry": {"type": "Point", "coordinates": [16.386116075, 40.598947214]}}, {"type": "Feature", "properties": {"wikidata": "Q52855771", "name": "Q52855771", "status": "missing", "osm_id": null, "type": "scuola secondaria di primo grado"}, "geometry": {"type": "Point", "coordinates": [15.7223094, 39.9955568]}}, {"type": "Feature", "properties": {"wikidata": "Q52794762", "name": "Q52794762", "status": "missing", "osm_id": null, "type": "scuola primaria"}, "geometry": {"type": "Point", "coordinates": [15.7223094, 39.9955568]}}, {"type": "Feature", "properties": {"wikidata": "Q55164841", "name": "Q55164841", "status": "missing", "osm_id": null, "type": "chiesa"}, "geometry": {"type": "Point", "coordinates": [16.2406, 40.7374]}}, {"type": "Feature", "properties": {"wikidata": "Q35502472", "name": "Q35502472", "status": "missing", "osm_id": null, "type": "palazzo comunale"}, "geometry": {"type": "Point", "coordinates": [16.283769651, 40.6333364]}}, {"type": "Feature", "properties": {"wikidata": "Q37186147", "name": "Q37186147", "status": "missing", "osm_id": null, "type": "chiesa"}, "geometry": {"type": "Point", "coordinates": [16.0377045, 40.5871992]}}, {"type": "Feature", "properties": {"wikidata": "Q50572394", "name": "Q50572394", "status": "missing", "osm_id": null, "type": "sito archeologico"}, "geometry": {"type": "Point", "coordinates": [16.82617, 40.38319]}}, {"type": "Feature", "properties": {"wikidata": "Q35832491", "name": "Q35832491", "status": "missing", "osm_id": null, "type": "fontana"}, "geometry": {"type": "Point", "coordinates": [15.6739257, 40.9454885]}}, {"type": "Feature", "properties": {"wikidata": "Q55164840", "name": "Q55164840", "status": "missing", "osm_id": null, "type": "chiesa"}, "geometry": {"type": "Point", "coordinates": [16.24682, 40.74046]}}, {"type": "Feature", "properties": {"wikidata": "Q37303639", "name": "Q37303639", "status": "missing", "osm_id": null, "type": "chiesa"}, "geometry": {"type": "Point", "coordinates": [15.93457, 40.69334]}}, {"type": "Feature", "properties": {"wikidata": "Q55117506", "name": "Q55117506", "status": "done", "osm_id": "way/1431997870", "type": "chiesa"}, "geometry": {"type": "Point", "coordinates": [15.981, 40.00335]}}, {"type": "Feature", "properties": {"wikidata": "Q45402386", "name": "Q45402386", "status": "missing", "osm_id": null, "type": "chiesa"}, "geometry": {"type": "Point", "coordinates": [15.74592, 40.76169]}}, {"type": "Feature", "properties": {"wikidata": "Q55165470", "name": "Q55165470", "status": "missing", "osm_id": null, "type": "chiesa"}, "geometry": {"type": "Point", "coordinates": [15.75614, 40.1077]}}, {"type": "Feature", "properties": {"wikidata": "Q49289217", "name": "Q49289217", "status": "done", "osm_id": "node/67281334", "type": "insediamento umano"}, "geometry": {"type": "Point", "coordinates": [15.56156, 40.5449]}}, {"type": "Feature", "properties": {"wikidata": "Q35500455", "name": "Q35500455", "status": "missing", "osm_id": null, "type": "chiesa"}, "geometry": {"type": "Point", "coordinates": [16.17374, 39.98053]}}, {"type": "Feature", "properties": {"wikidata": "Q37188232", "name": "Q37188232", "status": "missing", "osm_id": null, "type": "chiesa"}, "geometry": {"type": "Point", "coordinates": [15.939753865, 40.6093974]}}, {"type": "Feature", "properties": {"wikidata": "Q35832668", "name": "Q35832668", "status": "done", "osm_id": "way/584978819", "type": "palazzo comunale"}, "geometry": {"type": "Point", "coordinates": [15.673597654, 40.946851032]}}, {"type": "Feature", "properties": {"wikidata": "Q35793668", "name": "Q35793668", "status": "missing", "osm_id": null, "type": "tempio"}, "geometry": {"type": "Point", "coordinates": [15.80557, 40.63846]}}, {"type": "Feature", "properties": {"wikidata": "Q35832893", "name": "Q35832893", "status": "missing", "osm_id": null, "type": "palazzo"}, "geometry": {"type": "Point", "coordinates": [15.673480534, 40.945951974]}}, {"type": "Feature", "properties": {"wikidata": "Q48813284", "name": "Q48813284", "status": "done", "osm_id": "way/66767193", "type": "osservatorio astronomico"}, "geometry": {"type": "Point", "coordinates": [15.463333333, 40.817777777]}}, {"type": "Feature", "properties": {"wikidata": "Q45031525", "name": "Q45031525", "status": "missing", "osm_id": null, "type": "archivio di Stato italiano"}, "geometry": {"type": "Point", "coordinates": [16.60802, 40.668716]}}, {"type": "Feature", "properties": {"wikidata": "Q35502800", "name": "Q35502800", "status": "missing", "osm_id": null, "type": "cappella"}, "geometry": {"type": "Point", "coordinates": [16.28576, 40.62994]}}, {"type": "Feature", "properties": {"wikidata": "Q35793328", "name": "Q35793328", "status": "missing", "osm_id": null, "type": "parco"}, "geometry": {"type": "Point", "coordinates": [15.79885, 40.63334]}}, {"type": "Feature", "properties": {"wikidata": "Q55165891", "name": "Q55165891", "status": "done", "osm_id": "way/1035047354", "type": "chiesa"}, "geometry": {"type": "Point", "coordinates": [16.01542, 40.08763]}}, {"type": "Feature", "properties": {"wikidata": "Q35792405", "name": "Q35792405", "status": "missing", "osm_id": null, "type": "palazzo comunale"}, "geometry": {"type": "Point", "coordinates": [15.80533, 40.63949]}}, {"type": "Feature", "properties": {"wikidata": "Q35792821", "name": "Q35792821", "status": "missing", "osm_id": null, "type": "museo"}, "geometry": {"type": "Point", "coordinates": [15.78603459, 40.646433554]}}, {"type": "Feature", "properties": {"wikidata": "Q37295524", "name": "Q37295524", "status": "missing", "osm_id": null, "type": "fontana"}, "geometry": {"type": "Point", "coordinates": [16.09888, 40.36057]}}, {"type": "Feature", "properties": {"wikidata": "Q37301961", "name": "Q37301961", "status": "missing", "osm_id": null, "type": "chiesa"}, "geometry": {"type": "Point", "coordinates": [15.921437272, 40.666467264]}}, {"type": "Feature", "properties": {"wikidata": "Q55164262", "name": "Q55164262", "status": "missing", "osm_id": null, "type": "chiesa"}, "geometry": {"type": "Point", "coordinates": [16.33115, 40.6625]}}, {"type": "Feature", "properties": {"wikidata": "Q55165466", "name": "Q55165466", "status": "missing", "osm_id": null, "type": "chiesa"}, "geometry": {"type": "Point", "coordinates": [15.76678, 40.12223]}}, {"type": "Feature", "properties": {"wikidata": "Q37295088", "name": "Q37295088", "status": "missing", "osm_id": null, "type": "chiesa"}, "geometry": {"type": "Point", "coordinates": [16.10033, 40.35904]}}, {"type": "Feature", "properties": {"wikidata": "Q49537872", "name": "Q49537872", "status": "missing", "osm_id": null, "type": "parco cittadino"}, "geometry": {"type": "Point", "coordinates": [15.80417, 40.64405]}}, {"type": "Feature", "properties": {"wikidata": "Q52816304", "name": "Q52816304", "status": "missing", "osm_id": null, "type": "scuola secondaria di primo grado"}, "geometry": {"type": "Point", "coordinates": [15.787251236, 41.0466639]}}, {"type": "Feature", "properties": {"wikidata": "Q35794512", "name": "Q35794512", "status": "missing", "osm_id": null, "type": "porta cittadina"}, "geometry": {"type": "Point", "coordinates": [15.805815625, 40.640267368]}}, {"type": "Feature", "properties": {"wikidata": "Q37188030", "name": "Q37188030", "status": "missing", "osm_id": null, "type": "castello"}, "geometry": {"type": "Point", "coordinates": [15.939102, 40.607693]}}, {"type": "Feature", "properties": {"wikidata": "Q37302579", "name": "Q37302579", "status": "missing", "osm_id": null, "type": "chiesa"}, "geometry": {"type": "Point", "coordinates": [15.919833, 40.665167]}}, {"type": "Feature", "properties": {"wikidata": "Q35832039", "name": "Q35832039", "status": "done", "osm_id": "way/260319619", "type": "parco cittadino"}, "geometry": {"type": "Point", "coordinates": [15.88605, 40.74879]}}, {"type": "Feature", "properties": {"wikidata": "Q55164842", "name": "Q55164842", "status": "missing", "osm_id": null, "type": "chiesa"}, "geometry": {"type": "Point", "coordinates": [16.245139, 40.741194]}}, {"type": "Feature", "properties": {"wikidata": "Q55164843", "name": "Q55164843", "status": "missing", "osm_id": null, "type": "chiesa"}, "geometry": {"type": "Point", "coordinates": [16.24514, 40.74082]}}, {"type": "Feature", "properties": {"wikidata": "Q52794656", "name": "Q52794656", "status": "missing", "osm_id": null, "type": "scuola dell'infanzia"}, "geometry": {"type": "Point", "coordinates": [15.979406, 40.9310774]}}, {"type": "Feature", "properties": {"wikidata": "Q37310282", "name": "Q37310282", "status": "missing", "osm_id": null, "type": "giardino pubblico"}, "geometry": {"type": "Point", "coordinates": [16.677416666, 40.21]}}, {"type": "Feature", "properties": {"wikidata": "Q37185982", "name": "Q37185982", "status": "missing", "osm_id": null, "type": "santuario"}, "geometry": {"type": "Point", "coordinates": [16.0625722, 40.5721976]}}, {"type": "Feature", "properties": {"wikidata": "Q55164269", "name": "Q55164269", "status": "missing", "osm_id": null, "type": "chiesa"}, "geometry": {"type": "Point", "coordinates": [16.38671, 40.59862]}}, {"type": "Feature", "properties": {"wikidata": "Q52790739", "name": "Q52790739", "status": "missing", "osm_id": null, "type": "scuola primaria"}, "geometry": {"type": "Point", "coordinates": [15.659823, 40.9968931]}}, {"type": "Feature", "properties": {"wikidata": "Q52781289", "name": "Q52781289", "status": "missing", "osm_id": null, "type": "scuola primaria"}, "geometry": {"type": "Point", "coordinates": [16.604311751, 40.65876505]}}, {"type": "Feature", "properties": {"wikidata": "Q37188717", "name": "Q37188717", "status": "missing", "osm_id": null, "type": "grangia"}, "geometry": {"type": "Point", "coordinates": [15.932941, 40.617412]}}, {"type": "Feature", "properties": {"wikidata": "Q55165464", "name": "Q55165464", "status": "missing", "osm_id": null, "type": "chiesa"}, "geometry": {"type": "Point", "coordinates": [15.76526, 40.12175]}}, {"type": "Feature", "properties": {"wikidata": "Q35794296", "name": "Q35794296", "status": "missing", "osm_id": null, "type": "porta cittadina"}, "geometry": {"type": "Point", "coordinates": [15.808103857, 40.63941094]}}, {"type": "Feature", "properties": {"wikidata": "Q37301727", "name": "Q37301727", "status": "missing", "osm_id": null, "type": "chiesa"}, "geometry": {"type": "Point", "coordinates": [15.92113, 40.66647]}}, {"type": "Feature", "properties": {"wikidata": "Q37300801", "name": "Q37300801", "status": "missing", "osm_id": null, "type": "sito archeologico"}, "geometry": {"type": "Point", "coordinates": [15.734394, 40.850375]}}, {"type": "Feature", "properties": {"wikidata": "Q35799901", "name": "Q35799901", "status": "done", "osm_id": "node/5600192569", "type": "museo di un ente pubblico"}, "geometry": {"type": "Point", "coordinates": [15.61681, 40.93484]}}, {"type": "Feature", "properties": {"wikidata": "Q37188524", "name": "Q37188524", "status": "missing", "osm_id": null, "type": "chiesa"}, "geometry": {"type": "Point", "coordinates": [15.93295, 40.617325]}}, {"type": "Feature", "properties": {"wikidata": "Q37186316", "name": "Q37186316", "status": "missing", "osm_id": null, "type": "chiesa"}, "geometry": {"type": "Point", "coordinates": [16.035943, 40.585714]}}, {"type": "Feature", "properties": {"wikidata": "Q37297392", "name": "Q37297392", "status": "missing", "osm_id": null, "type": "convento"}, "geometry": {"type": "Point", "coordinates": [16.09781, 40.36347]}}, {"type": "Feature", "properties": {"wikidata": "Q37303243", "name": "Q37303243", "status": "missing", "osm_id": null, "type": "chiesa"}, "geometry": {"type": "Point", "coordinates": [15.919238794, 40.667732381]}}, {"type": "Feature", "properties": {"wikidata": "Q50880532", "name": "Q50880532", "status": "done", "osm_id": "node/3989955325", "type": "museo privato"}, "geometry": {"type": "Point", "coordinates": [16.557038888, 40.618269444]}}, {"type": "Feature", "properties": {"wikidata": "Q52929285", "name": "Q52929285", "status": "missing", "osm_id": null, "type": "scuola secondaria di primo grado"}, "geometry": {"type": "Point", "coordinates": [15.793542163, 41.0462332]}}, {"type": "Feature", "properties": {"wikidata": "Q55165463", "name": "Q55165463", "status": "missing", "osm_id": null, "type": "chiesa"}, "geometry": {"type": "Point", "coordinates": [15.76711, 40.12321]}}, {"type": "Feature", "properties": {"wikidata": "Q37302797", "name": "Q37302797", "status": "missing", "osm_id": null, "type": "monumento di avvertimento"}, "geometry": {"type": "Point", "coordinates": [15.919066569, 40.667614937]}}, {"type": "Feature", "properties": {"wikidata": "Q37185787", "name": "Q37185787", "status": "missing", "osm_id": null, "type": "chiesa"}, "geometry": {"type": "Point", "coordinates": [16.032356192, 40.605676975]}}, {"type": "Feature", "properties": {"wikidata": "Q37296904", "name": "Q37296904", "status": "missing", "osm_id": null, "type": "chiesa"}, "geometry": {"type": "Point", "coordinates": [16.09805, 40.3627]}}, {"type": "Feature", "properties": {"wikidata": "Q37303086", "name": "Q37303086", "status": "missing", "osm_id": null, "type": "convento"}, "geometry": {"type": "Point", "coordinates": [15.919219517, 40.667665975]}}, {"type": "Feature", "properties": {"wikidata": "Q52912899", "name": "Q52912899", "status": "missing", "osm_id": null, "type": "liceo scientifico"}, "geometry": {"type": "Point", "coordinates": [16.009883114, 40.0876433]}}, {"type": "Feature", "properties": {"wikidata": "Q37295887", "name": "Q37295887", "status": "missing", "osm_id": null, "type": "arco"}, "geometry": {"type": "Point", "coordinates": [16.09891, 40.36051]}}, {"type": "Feature", "properties": {"wikidata": "Q37294339", "name": "Q37294339", "status": "missing", "osm_id": null, "type": "monumento di avvertimento"}, "geometry": {"type": "Point", "coordinates": [16.09921, 40.36079]}}, {"type": "Feature", "properties": {"wikidata": "Q55117507", "name": "Q55117507", "status": "done", "osm_id": "way/1431997869", "type": "chiesa"}, "geometry": {"type": "Point", "coordinates": [15.9807, 40.0026]}}, {"type": "Feature", "properties": {"wikidata": "Q37300312", "name": "Q37300312", "status": "missing", "osm_id": null, "type": "museo"}, "geometry": {"type": "Point", "coordinates": [15.70215, 40.81531]}}, {"type": "Feature", "properties": {"wikidata": "Q55165473", "name": "Q55165473", "status": "missing", "osm_id": null, "type": "chiesa"}, "geometry": {"type": "Point", "coordinates": [15.76607, 40.12417]}}, {"type": "Feature", "properties": {"wikidata": "Q52826086", "name": "Q52826086", "status": "missing", "osm_id": null, "type": "scuola primaria"}, "geometry": {"type": "Point", "coordinates": [15.803394279, 40.6460137]}}, {"type": "Feature", "properties": {"wikidata": "Q36830661", "name": "Q36830661", "status": "missing", "osm_id": null, "type": "convento"}, "geometry": {"type": "Point", "coordinates": [15.6708456, 40.945078]}}, {"type": "Feature", "properties": {"wikidata": "Q54087556", "name": "Q54087556", "status": "missing", "osm_id": null, "type": "museo religioso"}, "geometry": {"type": "Point", "coordinates": [16.145412, 40.62237]}}, {"type": "Feature", "properties": {"wikidata": "Q37302948", "name": "Q37302948", "status": "missing", "osm_id": null, "type": "fontana"}, "geometry": {"type": "Point", "coordinates": [15.91891145, 40.6678306]}}, {"type": "Feature", "properties": {"wikidata": "Q37300120", "name": "Q37300120", "status": "done", "osm_id": "way/1210794582", "type": "palazzo"}, "geometry": {"type": "Point", "coordinates": [15.70728, 40.825035]}}, {"type": "Feature", "properties": {"wikidata": "Q111603792", "name": "Q111603792", "status": "done", "osm_id": "way/302819353", "type": "cimitero"}, "geometry": {"type": "Point", "coordinates": [16.16684, 40.39598]}}, {"type": "Feature", "properties": {"wikidata": "Q108673884", "name": "Q108673884", "status": "missing", "osm_id": null, "type": "piazza"}, "geometry": {"type": "Point", "coordinates": [16.1435, 40.1487]}}, {"type": "Feature", "properties": {"wikidata": "Q111628656", "name": "Q111628656", "status": "done", "osm_id": "way/258148636", "type": "cimitero"}, "geometry": {"type": "Point", "coordinates": [15.8086, 40.5132]}}, {"type": "Feature", "properties": {"wikidata": "Q111603801", "name": "Q111603801", "status": "done", "osm_id": "way/1007052373", "type": "cimitero"}, "geometry": {"type": "Point", "coordinates": [16.14445, 40.39554]}}, {"type": "Feature", "properties": {"wikidata": "Q111603794", "name": "Q111603794", "status": "done", "osm_id": "way/312197092", "type": "cimitero"}, "geometry": {"type": "Point", "coordinates": [16.4118, 40.1913]}}, {"type": "Feature", "properties": {"wikidata": "Q108139060", "name": "Q108139060", "status": "missing", "osm_id": null, "type": "cappella"}, "geometry": {"type": "Point", "coordinates": [15.902197, 40.193833]}}, {"type": "Feature", "properties": {"wikidata": "Q108674210", "name": "Q108674210", "status": "missing", "osm_id": null, "type": "grotta artificiale"}, "geometry": {"type": "Point", "coordinates": [16.1442, 40.1471]}}, {"type": "Feature", "properties": {"wikidata": "Q111622350", "name": "Q111622350", "status": "done", "osm_id": "way/236239087", "type": "cimitero"}, "geometry": {"type": "Point", "coordinates": [16.6853, 40.3773]}}, {"type": "Feature", "properties": {"wikidata": "Q108674079", "name": "Q108674079", "status": "missing", "osm_id": null, "type": "sentiero"}, "geometry": {"type": "Point", "coordinates": [16.1448, 40.1477]}}, {"type": "Feature", "properties": {"wikidata": "Q108673960", "name": "Q108673960", "status": "missing", "osm_id": null, "type": "muro"}, "geometry": {"type": "Point", "coordinates": [16.142, 40.1487]}}, {"type": "Feature", "properties": {"wikidata": "Q109478912", "name": "Q109478912", "status": "missing", "osm_id": null, "type": "organo a canne"}, "geometry": {"type": "Point", "coordinates": [16.499831944, 40.569485]}}, {"type": "Feature", "properties": {"wikidata": "Q109302379", "name": "Q109302379", "status": "missing", "osm_id": null, "type": "piazza"}, "geometry": {"type": "Point", "coordinates": [15.803589068, 40.6382394]}}, {"type": "Feature", "properties": {"wikidata": "Q108674033", "name": "Q108674033", "status": "missing", "osm_id": null, "type": "parco cittadino"}, "geometry": {"type": "Point", "coordinates": [16.1429, 40.1466]}}, {"type": "Feature", "properties": {"wikidata": "Q108674400", "name": "Q108674400", "status": "missing", "osm_id": null, "type": "palazzo"}, "geometry": {"type": "Point", "coordinates": [16.1438, 40.1491]}}, {"type": "Feature", "properties": {"wikidata": "Q111609609", "name": "Q111609609", "status": "done", "osm_id": "way/244137841", "type": "cimitero"}, "geometry": {"type": "Point", "coordinates": [16.6557, 40.5501]}}, {"type": "Feature", "properties": {"wikidata": "Q111608218", "name": "Q111608218", "status": "done", "osm_id": "way/192762771", "type": "cimitero"}, "geometry": {"type": "Point", "coordinates": [16.3799, 40.6065]}}, {"type": "Feature", "properties": {"wikidata": "Q111609667", "name": "Q111609667", "status": "done", "osm_id": "way/218544482", "type": "cimitero"}, "geometry": {"type": "Point", "coordinates": [16.5677, 40.1429]}}, {"type": "Feature", "properties": {"wikidata": "Q111525205", "name": "Q111525205", "status": "done", "osm_id": "way/536472966", "type": "chiesa"}, "geometry": {"type": "Point", "coordinates": [16.66451, 40.55633]}}, {"type": "Feature", "properties": {"wikidata": "Q111632670", "name": "Q111632670", "status": "missing", "osm_id": null, "type": "cimitero"}, "geometry": {"type": "Point", "coordinates": [16.0429, 40.59674]}}, {"type": "Feature", "properties": {"wikidata": "Q108139047", "name": "Q108139047", "status": "done", "osm_id": "way/1105301126", "type": "cappella"}, "geometry": {"type": "Point", "coordinates": [15.858472, 40.245083]}}, {"type": "Feature", "properties": {"wikidata": "Q111603808", "name": "Q111603808", "status": "done", "osm_id": "way/302815288", "type": "cimitero"}, "geometry": {"type": "Point", "coordinates": [16.13914, 40.39734]}}, {"type": "Feature", "properties": {"wikidata": "Q111603787", "name": "Q111603787", "status": "done", "osm_id": "way/192764181", "type": "cimitero"}, "geometry": {"type": "Point", "coordinates": [16.22711, 40.31236]}}, {"type": "Feature", "properties": {"wikidata": "Q108140149", "name": "Q108140149", "status": "missing", "osm_id": null, "type": "chiostro"}, "geometry": {"type": "Point", "coordinates": [15.870989872, 40.239175079]}}, {"type": "Feature", "properties": {"wikidata": "Q108215587", "name": "Q108215587", "status": "done", "osm_id": "way/333326418", "type": "torre"}, "geometry": {"type": "Point", "coordinates": [16.440565, 40.378482]}}, {"type": "Feature", "properties": {"wikidata": "Q108674383", "name": "Q108674383", "status": "missing", "osm_id": null, "type": "palazzo"}, "geometry": {"type": "Point", "coordinates": [16.1433, 40.1488]}}, {"type": "Feature", "properties": {"wikidata": "Q108139050", "name": "Q108139050", "status": "missing", "osm_id": null, "type": "cappella"}, "geometry": {"type": "Point", "coordinates": [15.871028, 40.240611]}}, {"type": "Feature", "properties": {"wikidata": "Q108673856", "name": "Q108673856", "status": "missing", "osm_id": null, "type": "lavatoio"}, "geometry": {"type": "Point", "coordinates": [16.1452, 40.1484]}}, {"type": "Feature", "properties": {"wikidata": "Q110205818", "name": "Q110205818", "status": "missing", "osm_id": null, "type": "castello"}, "geometry": {"type": "Point", "coordinates": [16.388506, 40.598244]}}, {"type": "Feature", "properties": {"wikidata": "Q111628647", "name": "Q111628647", "status": "done", "osm_id": "way/312198482", "type": "cimitero"}, "geometry": {"type": "Point", "coordinates": [16.44616, 40.16921]}}, {"type": "Feature", "properties": {"wikidata": "Q111525193", "name": "Q111525193", "status": "done", "osm_id": "way/989821742", "type": "castello"}, "geometry": {"type": "Point", "coordinates": [16.66554, 40.55591]}}, {"type": "Feature", "properties": {"wikidata": "Q108395511", "name": "Q108395511", "status": "missing", "osm_id": null, "type": "chiesa"}, "geometry": {"type": "Point", "coordinates": [15.719322, 40.730778]}}, {"type": "Feature", "properties": {"wikidata": "Q109302760", "name": "Q109302760", "status": "missing", "osm_id": null, "type": "giardino"}, "geometry": {"type": "Point", "coordinates": [15.80216, 40.63925]}}, {"type": "Feature", "properties": {"wikidata": "Q108395512", "name": "Q108395512", "status": "missing", "osm_id": null, "type": "chiesa"}, "geometry": {"type": "Point", "coordinates": [15.71595, 40.73229]}}, {"type": "Feature", "properties": {"wikidata": "Q108139033", "name": "Q108139033", "status": "missing", "osm_id": null, "type": "cappella"}, "geometry": {"type": "Point", "coordinates": [15.87065, 40.23879]}}, {"type": "Feature", "properties": {"wikidata": "Q111627161", "name": "Q111627161", "status": "done", "osm_id": "way/145796690", "type": "cimitero"}, "geometry": {"type": "Point", "coordinates": [16.2554, 40.4826]}}, {"type": "Feature", "properties": {"wikidata": "Q111626935", "name": "Q111626935", "status": "done", "osm_id": "way/296072510", "type": "cimitero"}, "geometry": {"type": "Point", "coordinates": [16.3269, 40.5234]}}, {"type": "Feature", "properties": {"wikidata": "Q108140124", "name": "Q108140124", "status": "missing", "osm_id": null, "type": "museo"}, "geometry": {"type": "Point", "coordinates": [15.867890881, 40.240337979]}}, {"type": "Feature", "properties": {"wikidata": "Q108139041", "name": "Q108139041", "status": "missing", "osm_id": null, "type": "cappella"}, "geometry": {"type": "Point", "coordinates": [15.870583, 40.239583]}}, {"type": "Feature", "properties": {"wikidata": "Q108673926", "name": "Q108673926", "status": "missing", "osm_id": null, "type": "parco cittadino"}, "geometry": {"type": "Point", "coordinates": [16.144, 40.1482]}}, {"type": "Feature", "properties": {"wikidata": "Q108892619", "name": "Q108892619", "status": "missing", "osm_id": null, "type": "stazione ferroviaria dismessa"}, "geometry": {"type": "Point", "coordinates": [15.856608333, 40.072083333]}}, {"type": "Feature", "properties": {"wikidata": "Q111627422", "name": "Q111627422", "status": "done", "osm_id": "way/379589750", "type": "cimitero"}, "geometry": {"type": "Point", "coordinates": [16.2234, 40.4117]}}, {"type": "Feature", "properties": {"wikidata": "Q108139036", "name": "Q108139036", "status": "missing", "osm_id": null, "type": "cappella"}, "geometry": {"type": "Point", "coordinates": [15.869930336, 40.238998287]}}, {"type": "Feature", "properties": {"wikidata": "Q111603798", "name": "Q111603798", "status": "done", "osm_id": "way/144097876", "type": "cimitero"}, "geometry": {"type": "Point", "coordinates": [16.46419, 40.49146]}}, {"type": "Feature", "properties": {"wikidata": "Q108218088", "name": "Q108218088", "status": "done", "osm_id": "node/1869034318", "type": "stazione ferroviaria"}, "geometry": {"type": "Point", "coordinates": [15.53924, 40.92567]}}, {"type": "Feature", "properties": {"wikidata": "Q108217926", "name": "Q108217926", "status": "done", "osm_id": "node/2756900158", "type": "fermata ferroviaria"}, "geometry": {"type": "Point", "coordinates": [15.47432, 40.88971]}}, {"type": "Feature", "properties": {"wikidata": "Q108140160", "name": "Q108140160", "status": "missing", "osm_id": null, "type": "monumento"}, "geometry": {"type": "Point", "coordinates": [15.86931, 40.24077]}}, {"type": "Feature", "properties": {"wikidata": "Q108674047", "name": "Q108674047", "status": "missing", "osm_id": null, "type": "murale"}, "geometry": {"type": "Point", "coordinates": [16.1429, 40.1469]}}, {"type": "Feature", "properties": {"wikidata": "Q111609604", "name": "Q111609604", "status": "done", "osm_id": "way/564582576", "type": "cimitero"}, "geometry": {"type": "Point", "coordinates": [16.5607, 40.2989]}}, {"type": "Feature", "properties": {"wikidata": "Q111603788", "name": "Q111603788", "status": "done", "osm_id": "way/375054708", "type": "cimitero"}, "geometry": {"type": "Point", "coordinates": [16.6982, 40.4103]}}, {"type": "Feature", "properties": {"wikidata": "Q108140131", "name": "Q108140131", "status": "done", "osm_id": "way/842235879", "type": "palazzo italiano"}, "geometry": {"type": "Point", "coordinates": [15.868830546, 40.241745912]}}, {"type": "Feature", "properties": {"wikidata": "Q108139066", "name": "Q108139066", "status": "done", "osm_id": "way/1445839167", "type": "castello"}, "geometry": {"type": "Point", "coordinates": [15.871629, 40.240931]}}, {"type": "Feature", "properties": {"wikidata": "Q111622357", "name": "Q111622357", "status": "done", "osm_id": "way/798034297", "type": "cimitero"}, "geometry": {"type": "Point", "coordinates": [16.6557, 40.1927]}}, {"type": "Feature", "properties": {"wikidata": "Q108140120", "name": "Q108140120", "status": "missing", "osm_id": null, "type": "museo"}, "geometry": {"type": "Point", "coordinates": [15.870459273, 40.239890979]}}, {"type": "Feature", "properties": {"wikidata": "Q108395515", "name": "Q108395515", "status": "missing", "osm_id": null, "type": "chiesa"}, "geometry": {"type": "Point", "coordinates": [15.72235, 40.73392]}}, {"type": "Feature", "properties": {"wikidata": "Q111626910", "name": "Q111626910", "status": "done", "osm_id": "way/273899202", "type": "cimitero"}, "geometry": {"type": "Point", "coordinates": [16.5219, 40.1694]}}, {"type": "Feature", "properties": {"wikidata": "Q108140129", "name": "Q108140129", "status": "missing", "osm_id": null, "type": "museo"}, "geometry": {"type": "Point", "coordinates": [15.865430095, 40.241809631]}}, {"type": "Feature", "properties": {"wikidata": "Q111622328", "name": "Q111622328", "status": "done", "osm_id": "way/993502628", "type": "cimitero"}, "geometry": {"type": "Point", "coordinates": [16.19206, 40.5311]}}, {"type": "Feature", "properties": {"wikidata": "Q111603795", "name": "Q111603795", "status": "done", "osm_id": "way/237544307", "type": "cimitero"}, "geometry": {"type": "Point", "coordinates": [16.44808, 40.37508]}}, {"type": "Feature", "properties": {"wikidata": "Q111627579", "name": "Q111627579", "status": "done", "osm_id": "way/832414837", "type": "cimitero"}, "geometry": {"type": "Point", "coordinates": [16.4805, 40.2408]}}, {"type": "Feature", "properties": {"wikidata": "Q108307900", "name": "Q108307900", "status": "missing", "osm_id": null, "type": "piazza"}, "geometry": {"type": "Point", "coordinates": [15.827496, 40.355786]}}, {"type": "Feature", "properties": {"wikidata": "Q108395559", "name": "Q108395559", "status": "missing", "osm_id": null, "type": "chiesa"}, "geometry": {"type": "Point", "coordinates": [15.751553, 40.829583]}}, {"type": "Feature", "properties": {"wikidata": "Q108673812", "name": "Q108673812", "status": "missing", "osm_id": null, "type": "palazzo italiano"}, "geometry": {"type": "Point", "coordinates": [16.1441, 40.1489]}}, {"type": "Feature", "properties": {"wikidata": "Q111608214", "name": "Q111608214", "status": "done", "osm_id": "way/172672001", "type": "cimitero"}, "geometry": {"type": "Point", "coordinates": [16.2793, 40.628]}}, {"type": "Feature", "properties": {"wikidata": "Q108140121", "name": "Q108140121", "status": "missing", "osm_id": null, "type": "museo"}, "geometry": {"type": "Point", "coordinates": [15.87086658, 40.239832932]}}, {"type": "Feature", "properties": {"wikidata": "Q111608246", "name": "Q111608246", "status": "done", "osm_id": "way/144275406", "type": "cimitero"}, "geometry": {"type": "Point", "coordinates": [16.606, 40.6864]}}, {"type": "Feature", "properties": {"wikidata": "Q111626953", "name": "Q111626953", "status": "done", "osm_id": "way/312340155", "type": "cimitero"}, "geometry": {"type": "Point", "coordinates": [16.3902, 40.1083]}}, {"type": "Feature", "properties": {"wikidata": "Q111627573", "name": "Q111627573", "status": "done", "osm_id": "way/855699336", "type": "cimitero"}, "geometry": {"type": "Point", "coordinates": [16.149, 40.6141]}}, {"type": "Feature", "properties": {"wikidata": "Q111632240", "name": "Q111632240", "status": "done", "osm_id": "way/495025910", "type": "cimitero"}, "geometry": {"type": "Point", "coordinates": [15.9478, 40.7993]}}, {"type": "Feature", "properties": {"wikidata": "Q108139068", "name": "Q108139068", "status": "done", "osm_id": "way/842180141", "type": "parco cittadino"}, "geometry": {"type": "Point", "coordinates": [15.86928, 40.2407]}}, {"type": "Feature", "properties": {"wikidata": "Q108674330", "name": "Q108674330", "status": "missing", "osm_id": null, "type": "palazzo italiano"}, "geometry": {"type": "Point", "coordinates": [16.1447, 40.1491]}}, {"type": "Feature", "properties": {"wikidata": "Q108218278", "name": "Q108218278", "status": "missing", "osm_id": null, "type": "fermata ferroviaria"}, "geometry": {"type": "Point", "coordinates": [15.56606, 41.01663]}}, {"type": "Feature", "properties": {"wikidata": "Q108139039", "name": "Q108139039", "status": "missing", "osm_id": null, "type": "cappella"}, "geometry": {"type": "Point", "coordinates": [15.868644, 40.233111]}}, {"type": "Feature", "properties": {"wikidata": "Q108218013", "name": "Q108218013", "status": "missing", "osm_id": null, "type": "fermata ferroviaria"}, "geometry": {"type": "Point", "coordinates": [15.50388, 40.90206]}}, {"type": "Feature", "properties": {"wikidata": "Q108139034", "name": "Q108139034", "status": "missing", "osm_id": null, "type": "cappella"}, "geometry": {"type": "Point", "coordinates": [15.868342115, 40.239730859]}}, {"type": "Feature", "properties": {"wikidata": "Q111603799", "name": "Q111603799", "status": "done", "osm_id": "way/312194459", "type": "cimitero"}, "geometry": {"type": "Point", "coordinates": [16.23551, 40.55282]}}, {"type": "Feature", "properties": {"wikidata": "Q108139045", "name": "Q108139045", "status": "missing", "osm_id": null, "type": "cappella"}, "geometry": {"type": "Point", "coordinates": [15.865972, 40.243361]}}, {"type": "Feature", "properties": {"wikidata": "Q111608224", "name": "Q111608224", "status": "done", "osm_id": "way/488324339", "type": "cimitero"}, "geometry": {"type": "Point", "coordinates": [16.2481, 40.7348]}}, {"type": "Feature", "properties": {"wikidata": "Q108674005", "name": "Q108674005", "status": "missing", "osm_id": null, "type": "cascata"}, "geometry": {"type": "Point", "coordinates": [16.114, 40.1458]}}, {"type": "Feature", "properties": {"wikidata": "Q108395557", "name": "Q108395557", "status": "missing", "osm_id": null, "type": "chiesa"}, "geometry": {"type": "Point", "coordinates": [15.733853, 40.804389]}}, {"type": "Feature", "properties": {"wikidata": "Q111622372", "name": "Q111622372", "status": "done", "osm_id": "way/144108755", "type": "cimitero"}, "geometry": {"type": "Point", "coordinates": [16.5375, 40.5213]}}, {"type": "Feature", "properties": {"wikidata": "Q108867758", "name": "Q108867758", "status": "missing", "osm_id": null, "type": "frazione"}, "geometry": {"type": "Point", "coordinates": [15.701527777, 40.153055555]}}, {"type": "Feature", "properties": {"wikidata": "Q108307899", "name": "Q108307899", "status": "missing", "osm_id": null, "type": "monumento"}, "geometry": {"type": "Point", "coordinates": [15.824132, 40.376289]}}, {"type": "Feature", "properties": {"wikidata": "Q108674245", "name": "Q108674245", "status": "missing", "osm_id": null, "type": "montagna"}, "geometry": {"type": "Point", "coordinates": [16.1482, 40.1498]}}, {"type": "Feature", "properties": {"wikidata": "Q111632672", "name": "Q111632672", "status": "done", "osm_id": "way/254748803", "type": "cimitero"}, "geometry": {"type": "Point", "coordinates": [15.9133, 40.5216]}}, {"type": "Feature", "properties": {"wikidata": "Q108673978", "name": "Q108673978", "status": "missing", "osm_id": null, "type": "ponte"}, "geometry": {"type": "Point", "coordinates": [16.1339, 40.145]}}, {"type": "Feature", "properties": {"wikidata": "Q108140130", "name": "Q108140130", "status": "done", "osm_id": "relation/14561681", "type": "palazzo comunale"}, "geometry": {"type": "Point", "coordinates": [15.869000029, 40.241952258]}}, {"type": "Feature", "properties": {"wikidata": "Q111603754", "name": "Q111603754", "status": "done", "osm_id": "way/157331587", "type": "cimitero"}, "geometry": {"type": "Point", "coordinates": [16.16206, 40.48245]}}, {"type": "Feature", "properties": {"wikidata": "Q111603791", "name": "Q111603791", "status": "done", "osm_id": "way/296074895", "type": "cimitero"}, "geometry": {"type": "Point", "coordinates": [16.18896, 40.59045]}}, {"type": "Feature", "properties": {"wikidata": "Q108395510", "name": "Q108395510", "status": "done", "osm_id": "way/1210780216", "type": "chiesa"}, "geometry": {"type": "Point", "coordinates": [15.721556, 40.729417]}}, {"type": "Feature", "properties": {"wikidata": "Q108140127", "name": "Q108140127", "status": "missing", "osm_id": null, "type": "museo"}, "geometry": {"type": "Point", "coordinates": [15.868119709, 40.240825963]}}, {"type": "Feature", "properties": {"wikidata": "Q108395513", "name": "Q108395513", "status": "missing", "osm_id": null, "type": "chiesa"}, "geometry": {"type": "Point", "coordinates": [15.71387, 40.73301]}}, {"type": "Feature", "properties": {"wikidata": "Q111608238", "name": "Q111608238", "status": "done", "osm_id": "way/242357668", "type": "cimitero"}, "geometry": {"type": "Point", "coordinates": [16.6004, 40.6705]}}, {"type": "Feature", "properties": {"wikidata": "Q111517305", "name": "Q111517305", "status": "missing", "osm_id": null, "type": "santuario"}, "geometry": {"type": "Point", "coordinates": [15.61649, 40.93534]}}, {"type": "Feature", "properties": {"wikidata": "Q108307901", "name": "Q108307901", "status": "missing", "osm_id": null, "type": "frazione"}, "geometry": {"type": "Point", "coordinates": [15.8277, 40.354261111]}}, {"type": "Feature", "properties": {"wikidata": "Q111622353", "name": "Q111622353", "status": "done", "osm_id": "way/143954844", "type": "cimitero"}, "geometry": {"type": "Point", "coordinates": [16.5673, 40.3891]}}, {"type": "Feature", "properties": {"wikidata": "Q108140159", "name": "Q108140159", "status": "missing", "osm_id": null, "type": "monumento"}, "geometry": {"type": "Point", "coordinates": [15.869167028, 40.240882827]}}, {"type": "Feature", "properties": {"wikidata": "Q111608257", "name": "Q111608257", "status": "done", "osm_id": "way/144110211", "type": "cimitero"}, "geometry": {"type": "Point", "coordinates": [16.49238, 40.56858]}}, {"type": "Feature", "properties": {"wikidata": "Q107301281", "name": "Q107301281", "status": "missing", "osm_id": null, "type": "chiesa"}, "geometry": {"type": "Point", "coordinates": [15.59465, 40.6795]}}, {"type": "Feature", "properties": {"wikidata": "Q99085111", "name": "Q99085111", "status": "missing", "osm_id": null, "type": "croce monumentale"}, "geometry": {"type": "Point", "coordinates": [15.9935245, 40.2991534]}}, {"type": "Feature", "properties": {"wikidata": "Q97729244", "name": "Q97729244", "status": "missing", "osm_id": null, "type": "forte"}, "geometry": {"type": "Point", "coordinates": [16.7260524, 40.4730951]}}, {"type": "Feature", "properties": {"wikidata": "Q98754237", "name": "Q98754237", "status": "missing", "osm_id": null, "type": "castello"}, "geometry": {"type": "Point", "coordinates": [16.1856342, 40.5338506]}}, {"type": "Feature", "properties": {"wikidata": "Q99085057", "name": "Q99085057", "status": "missing", "osm_id": null, "type": "monumento"}, "geometry": {"type": "Point", "coordinates": [15.9932643, 40.2970913]}}, {"type": "Feature", "properties": {"wikidata": "Q99085067", "name": "Q99085067", "status": "missing", "osm_id": null, "type": "chiesa"}, "geometry": {"type": "Point", "coordinates": [15.9932643, 40.2970913]}}, {"type": "Feature", "properties": {"wikidata": "Q105317878", "name": "Q105317878", "status": "missing", "osm_id": null, "type": "tempio greco"}, "geometry": {"type": "Point", "coordinates": [16.823888888, 40.383888888]}}, {"type": "Feature", "properties": {"wikidata": "Q99085072", "name": "Q99085072", "status": "missing", "osm_id": null, "type": "capitello votivo"}, "geometry": {"type": "Point", "coordinates": [15.9932643, 40.2970913]}}, {"type": "Feature", "properties": {"wikidata": "Q105542671", "name": "Q105542671", "status": "missing", "osm_id": null, "type": "chiesa rupestre"}, "geometry": {"type": "Point", "coordinates": [16.5926222, 40.6821783]}}, {"type": "Feature", "properties": {"wikidata": "Q107315554", "name": "Q107315554", "status": "missing", "osm_id": null, "type": "cappella"}, "geometry": {"type": "Point", "coordinates": [15.839259, 40.358956]}}, {"type": "Feature", "properties": {"wikidata": "Q105317897", "name": "Q105317897", "status": "missing", "osm_id": null, "type": "tempio"}, "geometry": {"type": "Point", "coordinates": [16.823888888, 40.384166666]}}, {"type": "Feature", "properties": {"wikidata": "Q98887537", "name": "Q98887537", "status": "missing", "osm_id": null, "type": "cappella"}, "geometry": {"type": "Point", "coordinates": [15.6766509, 40.490001]}}, {"type": "Feature", "properties": {"wikidata": "Q107315542", "name": "Q107315542", "status": "missing", "osm_id": null, "type": "piazza"}, "geometry": {"type": "Point", "coordinates": [15.826872, 40.356174]}}, {"type": "Feature", "properties": {"wikidata": "Q99293016", "name": "Q99293016", "status": "done", "osm_id": "way/349809510", "type": "edificio"}, "geometry": {"type": "Point", "coordinates": [15.807213, 40.639574]}}, {"type": "Feature", "properties": {"wikidata": "Q98687951", "name": "Q98687951", "status": "missing", "osm_id": null, "type": "sentiero escursionistico"}, "geometry": {"type": "Point", "coordinates": [16.0617526, 40.5210913]}}, {"type": "Feature", "properties": {"wikidata": "Q107021272", "name": "Q107021272", "status": "missing", "osm_id": null, "type": "falesia"}, "geometry": {"type": "Point", "coordinates": [16.3253, 40.0854]}}, {"type": "Feature", "properties": {"wikidata": "Q98851586", "name": "Q98851586", "status": "missing", "osm_id": null, "type": "mosaico"}, "geometry": {"type": "Point", "coordinates": [15.6366085, 40.5448449]}}, {"type": "Feature", "properties": {"wikidata": "Q98648981", "name": "Q98648981", "status": "missing", "osm_id": null, "type": "opera d'arte"}, "geometry": {"type": "Point", "coordinates": [16.3195, 40.0915]}}, {"type": "Feature", "properties": {"wikidata": "Q105542564", "name": "Q105542564", "status": "done", "osm_id": "way/244797407", "type": "chiesa"}, "geometry": {"type": "Point", "coordinates": [16.6057787, 40.6678436]}}, {"type": "Feature", "properties": {"wikidata": "Q105541716", "name": "Q105541716", "status": "missing", "osm_id": null, "type": "chiesa rupestre"}, "geometry": {"type": "Point", "coordinates": [16.6087862, 40.6665396]}}, {"type": "Feature", "properties": {"wikidata": "Q99089358", "name": "Q99089358", "status": "missing", "osm_id": null, "type": "murale"}, "geometry": {"type": "Point", "coordinates": [15.9900944, 40.2975603]}}, {"type": "Feature", "properties": {"wikidata": "Q105542435", "name": "Q105542435", "status": "missing", "osm_id": null, "type": "chiesa"}, "geometry": {"type": "Point", "coordinates": [16.4692187, 40.6515501]}}, {"type": "Feature", "properties": {"wikidata": "Q98754872", "name": "Q98754872", "status": "missing", "osm_id": null, "type": "chiesa"}, "geometry": {"type": "Point", "coordinates": [16.38383, 40.60172]}}, {"type": "Feature", "properties": {"wikidata": "Q106611041", "name": "Q106611041", "status": "missing", "osm_id": null, "type": "fontana"}, "geometry": {"type": "Point", "coordinates": [15.491631, 40.754185]}}, {"type": "Feature", "properties": {"wikidata": "Q107315538", "name": "Q107315538", "status": "missing", "osm_id": null, "type": "piazza"}, "geometry": {"type": "Point", "coordinates": [15.823551944, 40.377781111]}}, {"type": "Feature", "properties": {"wikidata": "Q106448446", "name": "Q106448446", "status": "missing", "osm_id": null, "type": "chiesa rupestre"}, "geometry": {"type": "Point", "coordinates": [16.606175888, 40.679325805]}}, {"type": "Feature", "properties": {"wikidata": "Q98815236", "name": "Q98815236", "status": "missing", "osm_id": null, "type": "murale"}, "geometry": {"type": "Point", "coordinates": [15.559291, 40.546262]}}, {"type": "Feature", "properties": {"wikidata": "Q99501082", "name": "Q99501082", "status": "done", "osm_id": "way/244636573", "type": "chiesa rupestre"}, "geometry": {"type": "Point", "coordinates": [16.609306, 40.668791]}}, {"type": "Feature", "properties": {"wikidata": "Q97924855", "name": "Q97924855", "status": "missing", "osm_id": null, "type": "palazzo"}, "geometry": {"type": "Point", "coordinates": [15.799865, 40.637296]}}, {"type": "Feature", "properties": {"wikidata": "Q105317888", "name": "Q105317888", "status": "missing", "osm_id": null, "type": "tempio"}, "geometry": {"type": "Point", "coordinates": [16.823333333, 40.383611111]}}, {"type": "Feature", "properties": {"wikidata": "Q99085094", "name": "Q99085094", "status": "missing", "osm_id": null, "type": "fontana"}, "geometry": {"type": "Point", "coordinates": [15.9897697, 40.2961441]}}, {"type": "Feature", "properties": {"wikidata": "Q99085052", "name": "Q99085052", "status": "missing", "osm_id": null, "type": "palazzo comunale"}, "geometry": {"type": "Point", "coordinates": [15.9897697, 40.2961441]}}, {"type": "Feature", "properties": {"wikidata": "Q105627584", "name": "Q105627584", "status": "done", "osm_id": "way/273730255", "type": "chiesa madre"}, "geometry": {"type": "Point", "coordinates": [16.25311, 40.48644]}}, {"type": "Feature", "properties": {"wikidata": "Q98690476", "name": "Q98690476", "status": "missing", "osm_id": null, "type": "centro storico"}, "geometry": {"type": "Point", "coordinates": [16.3278482, 40.0873574]}}, {"type": "Feature", "properties": {"wikidata": "Q99085046", "name": "Q99085046", "status": "missing", "osm_id": null, "type": "monumento ai caduti di tutte le guerre"}, "geometry": {"type": "Point", "coordinates": [15.9889713, 40.295922]}}, {"type": "Feature", "properties": {"wikidata": "Q107315535", "name": "Q107315535", "status": "missing", "osm_id": null, "type": "fontana"}, "geometry": {"type": "Point", "coordinates": [15.826335, 40.375243]}}, {"type": "Feature", "properties": {"wikidata": "Q98090912", "name": "Q98090912", "status": "missing", "osm_id": null, "type": "chiesa"}, "geometry": {"type": "Point", "coordinates": [16.6868, 40.4053]}}, {"type": "Feature", "properties": {"wikidata": "Q107315547", "name": "Q107315547", "status": "missing", "osm_id": null, "type": "sito archeologico"}, "geometry": {"type": "Point", "coordinates": [15.816204, 40.380971]}}, {"type": "Feature", "properties": {"wikidata": "Q98358952", "name": "Q98358952", "status": "missing", "osm_id": null, "type": "palazzo"}, "geometry": {"type": "Point", "coordinates": [15.806658333, 40.639163888]}}, {"type": "Feature", "properties": {"wikidata": "Q99089373", "name": "Q99089373", "status": "missing", "osm_id": null, "type": "murale"}, "geometry": {"type": "Point", "coordinates": [15.99259, 40.2978948]}}, {"type": "Feature", "properties": {"wikidata": "Q105162074", "name": "Q105162074", "status": "missing", "osm_id": null, "type": "edificio"}, "geometry": {"type": "Point", "coordinates": [15.8025, 40.637778]}}, {"type": "Feature", "properties": {"wikidata": "Q98887540", "name": "Q98887540", "status": "done", "osm_id": "way/174372124", "type": "cappella"}, "geometry": {"type": "Point", "coordinates": [15.7086424, 40.4969816]}}, {"type": "Feature", "properties": {"wikidata": "Q99089301", "name": "Q99089301", "status": "missing", "osm_id": null, "type": "murale"}, "geometry": {"type": "Point", "coordinates": [15.989172, 40.2960551]}}, {"type": "Feature", "properties": {"wikidata": "Q99089307", "name": "Q99089307", "status": "missing", "osm_id": null, "type": "murale"}, "geometry": {"type": "Point", "coordinates": [15.989172, 40.2960551]}}, {"type": "Feature", "properties": {"wikidata": "Q99089381", "name": "Q99089381", "status": "missing", "osm_id": null, "type": "murale"}, "geometry": {"type": "Point", "coordinates": [15.986835, 40.2956049]}}, {"type": "Feature", "properties": {"wikidata": "Q98887535", "name": "Q98887535", "status": "done", "osm_id": "way/212808650", "type": "chiesa"}, "geometry": {"type": "Point", "coordinates": [15.6775733, 40.4901641]}}, {"type": "Feature", "properties": {"wikidata": "Q105542176", "name": "Q105542176", "status": "missing", "osm_id": null, "type": "chiesa"}, "geometry": {"type": "Point", "coordinates": [16.6125897, 40.6604795]}}, {"type": "Feature", "properties": {"wikidata": "Q99493295", "name": "Q99493295", "status": "missing", "osm_id": null, "type": "casa"}, "geometry": {"type": "Point", "coordinates": [16.612267, 40.66377]}}, {"type": "Feature", "properties": {"wikidata": "Q98649200", "name": "Q98649200", "status": "missing", "osm_id": null, "type": "mostra d'arte"}, "geometry": {"type": "Point", "coordinates": [16.3278482, 40.0873574]}}, {"type": "Feature", "properties": {"wikidata": "Q106449206", "name": "Q106449206", "status": "missing", "osm_id": null, "type": "edificio storico"}, "geometry": {"type": "Point", "coordinates": [15.803072, 40.653716]}}, {"type": "Feature", "properties": {"wikidata": "Q105337811", "name": "Q105337811", "status": "missing", "osm_id": null, "type": "edificio"}, "geometry": {"type": "Point", "coordinates": [15.807901, 40.638822]}}, {"type": "Feature", "properties": {"wikidata": "Q99085100", "name": "Q99085100", "status": "missing", "osm_id": null, "type": "lavatoio"}, "geometry": {"type": "Point", "coordinates": [15.992413, 40.2973404]}}, {"type": "Feature", "properties": {"wikidata": "Q99085088", "name": "Q99085088", "status": "missing", "osm_id": null, "type": "macina"}, "geometry": {"type": "Point", "coordinates": [15.9884179, 40.2965606]}}, {"type": "Feature", "properties": {"wikidata": "Q97274340", "name": "Q97274340", "status": "missing", "osm_id": null, "type": "torre"}, "geometry": {"type": "Point", "coordinates": [16.2504, 40.252109]}}, {"type": "Feature", "properties": {"wikidata": "Q98690475", "name": "Q98690475", "status": "missing", "osm_id": null, "type": "murale"}, "geometry": {"type": "Point", "coordinates": [16.3288923, 40.0873286]}}, {"type": "Feature", "properties": {"wikidata": "Q98754871", "name": "Q98754871", "status": "missing", "osm_id": null, "type": "chiesa"}, "geometry": {"type": "Point", "coordinates": [16.38449, 40.60046]}}, {"type": "Feature", "properties": {"wikidata": "Q98648581", "name": "Q98648581", "status": "missing", "osm_id": null, "type": "museo"}, "geometry": {"type": "Point", "coordinates": [16.3288923, 40.0873286]}}, {"type": "Feature", "properties": {"wikidata": "Q99089324", "name": "Q99089324", "status": "missing", "osm_id": null, "type": "murale"}, "geometry": {"type": "Point", "coordinates": [15.9906451, 40.297303]}}, {"type": "Feature", "properties": {"wikidata": "Q105542057", "name": "Q105542057", "status": "done", "osm_id": "way/246336795", "type": "chiesa"}, "geometry": {"type": "Point", "coordinates": [16.6084226, 40.6683768]}}, {"type": "Feature", "properties": {"wikidata": "Q99481084", "name": "Q99481084", "status": "missing", "osm_id": null, "type": "parco cittadino"}, "geometry": {"type": "Point", "coordinates": [15.65289, 40.8751]}}, {"type": "Feature", "properties": {"wikidata": "Q105542260", "name": "Q105542260", "status": "done", "osm_id": "relation/8085866", "type": "chiesa"}, "geometry": {"type": "Point", "coordinates": [16.4727759, 40.6987876]}}, {"type": "Feature", "properties": {"wikidata": "Q98648506", "name": "Q98648506", "status": "missing", "osm_id": null, "type": "castello"}, "geometry": {"type": "Point", "coordinates": [16.3256, 40.0848]}}, {"type": "Feature", "properties": {"wikidata": "Q97621009", "name": "Q97621009", "status": "missing", "osm_id": null, "type": "palazzo"}, "geometry": {"type": "Point", "coordinates": [15.805888888, 40.640041666]}}, {"type": "Feature", "properties": {"wikidata": "Q99205711", "name": "Q99205711", "status": "done", "osm_id": "node/10043611495", "type": "piazza"}, "geometry": {"type": "Point", "coordinates": [16.33427, 40.036069]}}, {"type": "Feature", "properties": {"wikidata": "Q107315532", "name": "Q107315532", "status": "missing", "osm_id": null, "type": "monastero"}, "geometry": {"type": "Point", "coordinates": [15.824669, 40.374514]}}, {"type": "Feature", "properties": {"wikidata": "Q98887532", "name": "Q98887532", "status": "missing", "osm_id": null, "type": "chiesa"}, "geometry": {"type": "Point", "coordinates": [15.6770579, 40.4891577]}}, {"type": "Feature", "properties": {"wikidata": "Q98088618", "name": "Q98088618", "status": "done", "osm_id": "way/375095288", "type": "chiesa"}, "geometry": {"type": "Point", "coordinates": [16.6884, 40.4034]}}, {"type": "Feature", "properties": {"wikidata": "Q99089387", "name": "Q99089387", "status": "missing", "osm_id": null, "type": "murale"}, "geometry": {"type": "Point", "coordinates": [15.9910968, 40.2967359]}}, {"type": "Feature", "properties": {"wikidata": "Q99481089", "name": "Q99481089", "status": "missing", "osm_id": null, "type": "torre campanaria"}, "geometry": {"type": "Point", "coordinates": [15.65254, 40.87426]}}, {"type": "Feature", "properties": {"wikidata": "Q99085077", "name": "Q99085077", "status": "missing", "osm_id": null, "type": "monumento"}, "geometry": {"type": "Point", "coordinates": [15.9914259, 40.2977994]}}, {"type": "Feature", "properties": {"wikidata": "Q98687021", "name": "Q98687021", "status": "missing", "osm_id": null, "type": "quartiere"}, "geometry": {"type": "Point", "coordinates": [16.0605742, 40.5199807]}}, {"type": "Feature", "properties": {"wikidata": "Q98297893", "name": "Q98297893", "status": "missing", "osm_id": null, "type": "palazzo"}, "geometry": {"type": "Point", "coordinates": [15.804806, 40.638278]}}, {"type": "Feature", "properties": {"wikidata": "Q99089367", "name": "Q99089367", "status": "missing", "osm_id": null, "type": "murale"}, "geometry": {"type": "Point", "coordinates": [15.9908266, 40.2966469]}}, {"type": "Feature", "properties": {"wikidata": "Q99602461", "name": "Q99602461", "status": "missing", "osm_id": null, "type": "chiesa rupestre"}, "geometry": {"type": "Point", "coordinates": [16.61131, 40.66837]}}, {"type": "Feature", "properties": {"wikidata": "Q98815195", "name": "Q98815195", "status": "missing", "osm_id": null, "type": "torre"}, "geometry": {"type": "Point", "coordinates": [15.538804159, 40.845683775]}}, {"type": "Feature", "properties": {"wikidata": "Q99089331", "name": "Q99089331", "status": "missing", "osm_id": null, "type": "murale"}, "geometry": {"type": "Point", "coordinates": [15.9923618, 40.2976671]}}, {"type": "Feature", "properties": {"wikidata": "Q98754236", "name": "Q98754236", "status": "missing", "osm_id": null, "type": "monumento"}, "geometry": {"type": "Point", "coordinates": [16.18421, 40.5344502]}}, {"type": "Feature", "properties": {"wikidata": "Q98754238", "name": "Q98754238", "status": "missing", "osm_id": null, "type": "opera d'arte"}, "geometry": {"type": "Point", "coordinates": [16.18421, 40.5344502]}}, {"type": "Feature", "properties": {"wikidata": "Q99089283", "name": "Q99089283", "status": "missing", "osm_id": null, "type": "murale"}, "geometry": {"type": "Point", "coordinates": [15.9891726, 40.2960551]}}, {"type": "Feature", "properties": {"wikidata": "Q99089289", "name": "Q99089289", "status": "missing", "osm_id": null, "type": "murale"}, "geometry": {"type": "Point", "coordinates": [15.9891726, 40.2960551]}}, {"type": "Feature", "properties": {"wikidata": "Q99089339", "name": "Q99089339", "status": "missing", "osm_id": null, "type": "murale"}, "geometry": {"type": "Point", "coordinates": [15.9939016, 40.2984603]}}, {"type": "Feature", "properties": {"wikidata": "Q99089351", "name": "Q99089351", "status": "missing", "osm_id": null, "type": "murale"}, "geometry": {"type": "Point", "coordinates": [15.9939016, 40.2984603]}}, {"type": "Feature", "properties": {"wikidata": "Q98815235", "name": "Q98815235", "status": "missing", "osm_id": null, "type": "parco cittadino"}, "geometry": {"type": "Point", "coordinates": [15.559079, 40.544909]}}, {"type": "Feature", "properties": {"wikidata": "Q98687950", "name": "Q98687950", "status": "missing", "osm_id": null, "type": "strada urbana"}, "geometry": {"type": "Point", "coordinates": [16.0620511, 40.5183118]}}, {"type": "Feature", "properties": {"wikidata": "Q97579509", "name": "Q97579509", "status": "missing", "osm_id": null, "type": "montagna"}, "geometry": {"type": "Point", "coordinates": [16.345438888, 40.250222222]}}, {"type": "Feature", "properties": {"wikidata": "Q99085084", "name": "Q99085084", "status": "missing", "osm_id": null, "type": "edificio"}, "geometry": {"type": "Point", "coordinates": [15.9935245, 40.2991534]}}, {"type": "Feature", "properties": {"wikidata": "Q112843912", "name": "Q112843912", "status": "missing", "osm_id": null, "type": "biblioteca di un ente territoriale italiano"}, "geometry": {"type": "Point", "coordinates": [16.1660709, 40.2812259]}}, {"type": "Feature", "properties": {"wikidata": "Q112843905", "name": "Q112843905", "status": "missing", "osm_id": null, "type": "biblioteca di un ente territoriale italiano"}, "geometry": {"type": "Point", "coordinates": [16.0418951, 40.3838629]}}, {"type": "Feature", "properties": {"wikidata": "Q112843899", "name": "Q112843899", "status": "missing", "osm_id": null, "type": "biblioteca pubblica"}, "geometry": {"type": "Point", "coordinates": [15.5420182, 40.7615239]}}, {"type": "Feature", "properties": {"wikidata": "Q111682779", "name": "Q111682779", "status": "done", "osm_id": "node/767880161", "type": "stazione ferroviaria"}, "geometry": {"type": "Point", "coordinates": [15.80458, 40.73325]}}, {"type": "Feature", "properties": {"wikidata": "Q111659971", "name": "Q111659971", "status": "done", "osm_id": "way/143830120", "type": "cimitero"}, "geometry": {"type": "Point", "coordinates": [15.8946, 40.3369]}}, {"type": "Feature", "properties": {"wikidata": "Q111659956", "name": "Q111659956", "status": "done", "osm_id": "way/88078237", "type": "cimitero"}, "geometry": {"type": "Point", "coordinates": [15.8275, 40.9709]}}, {"type": "Feature", "properties": {"wikidata": "Q112843886", "name": "Q112843886", "status": "missing", "osm_id": null, "type": "biblioteca pubblica"}, "geometry": {"type": "Point", "coordinates": [16.677163, 40.211114]}}, {"type": "Feature", "properties": {"wikidata": "Q112843893", "name": "Q112843893", "status": "missing", "osm_id": null, "type": "biblioteca di un ente territoriale italiano"}, "geometry": {"type": "Point", "coordinates": [16.810179, 40.372755]}}, {"type": "Feature", "properties": {"wikidata": "Q112843876", "name": "Q112843876", "status": "missing", "osm_id": null, "type": "biblioteca pubblica"}, "geometry": {"type": "Point", "coordinates": [16.6880077, 40.4085641]}}, {"type": "Feature", "properties": {"wikidata": "Q112344443", "name": "Q112344443", "status": "missing", "osm_id": null, "type": "area protetta Natura 2000"}, "geometry": {"type": "Point", "coordinates": [15.5056, 40.6561]}}, {"type": "Feature", "properties": {"wikidata": "Q112843918", "name": "Q112843918", "status": "missing", "osm_id": null, "type": "biblioteca pubblica"}, "geometry": {"type": "Point", "coordinates": [15.5006661, 40.8480235]}}, {"type": "Feature", "properties": {"wikidata": "Q112843898", "name": "Q112843898", "status": "missing", "osm_id": null, "type": "biblioteca pubblica"}, "geometry": {"type": "Point", "coordinates": [16.013492891, 40.861919495]}}, {"type": "Feature", "properties": {"wikidata": "Q112344647", "name": "Q112344647", "status": "missing", "osm_id": null, "type": "area protetta Natura 2000"}, "geometry": {"type": "Point", "coordinates": [15.538, 40.5856]}}, {"type": "Feature", "properties": {"wikidata": "Q112843897", "name": "Q112843897", "status": "missing", "osm_id": null, "type": "biblioteca pubblica"}, "geometry": {"type": "Point", "coordinates": [16.0654571, 40.3060522]}}, {"type": "Feature", "properties": {"wikidata": "Q112843911", "name": "Q112843911", "status": "missing", "osm_id": null, "type": "biblioteca pubblica"}, "geometry": {"type": "Point", "coordinates": [15.8325618, 40.9085012]}}, {"type": "Feature", "properties": {"wikidata": "Q112843903", "name": "Q112843903", "status": "missing", "osm_id": null, "type": "biblioteca pubblica"}, "geometry": {"type": "Point", "coordinates": [16.3507861, 40.0470875]}}, {"type": "Feature", "properties": {"wikidata": "Q112843917", "name": "Q112843917", "status": "missing", "osm_id": null, "type": "biblioteca pubblica"}, "geometry": {"type": "Point", "coordinates": [15.636334, 40.6388895]}}, {"type": "Feature", "properties": {"wikidata": "Q112344973", "name": "Q112344973", "status": "missing", "osm_id": null, "type": "area protetta Natura 2000"}, "geometry": {"type": "Point", "coordinates": [16.6855, 40.3371]}}, {"type": "Feature", "properties": {"wikidata": "Q112843910", "name": "Q112843910", "status": "missing", "osm_id": null, "type": "biblioteca pubblica"}, "geometry": {"type": "Point", "coordinates": [15.7821018, 41.0432796]}}, {"type": "Feature", "properties": {"wikidata": "Q112843880", "name": "Q112843880", "status": "missing", "osm_id": null, "type": "biblioteca pubblica"}, "geometry": {"type": "Point", "coordinates": [16.3875583, 40.5977146]}}, {"type": "Feature", "properties": {"wikidata": "Q112843916", "name": "Q112843916", "status": "missing", "osm_id": null, "type": "biblioteca pubblica"}, "geometry": {"type": "Point", "coordinates": [15.989833, 40.765712]}}, {"type": "Feature", "properties": {"wikidata": "Q112843907", "name": "Q112843907", "status": "done", "osm_id": "node/9279586490", "type": "biblioteca pubblica"}, "geometry": {"type": "Point", "coordinates": [16.1396874, 40.2885314]}}, {"type": "Feature", "properties": {"wikidata": "Q112843902", "name": "Q112843902", "status": "missing", "osm_id": null, "type": "biblioteca pubblica"}, "geometry": {"type": "Point", "coordinates": [16.1866499, 40.1876547]}}, {"type": "Feature", "properties": {"wikidata": "Q112843885", "name": "Q112843885", "status": "missing", "osm_id": null, "type": "biblioteca pubblica"}, "geometry": {"type": "Point", "coordinates": [16.727767, 40.2915687]}}, {"type": "Feature", "properties": {"wikidata": "Q112843896", "name": "Q112843896", "status": "missing", "osm_id": null, "type": "biblioteca pubblica"}, "geometry": {"type": "Point", "coordinates": [16.0374118, 40.5846178]}}, {"type": "Feature", "properties": {"wikidata": "Q112843881", "name": "Q112843881", "status": "missing", "osm_id": null, "type": "biblioteca pubblica"}, "geometry": {"type": "Point", "coordinates": [16.5609, 40.292053]}}, {"type": "Feature", "properties": {"wikidata": "Q111659964", "name": "Q111659964", "status": "done", "osm_id": "way/189651066", "type": "cimitero"}, "geometry": {"type": "Point", "coordinates": [15.51749, 40.59927]}}, {"type": "Feature", "properties": {"wikidata": "Q112843901", "name": "Q112843901", "status": "missing", "osm_id": null, "type": "biblioteca pubblica"}, "geometry": {"type": "Point", "coordinates": [16.0724544, 40.566132]}}, {"type": "Feature", "properties": {"wikidata": "Q112843923", "name": "Q112843923", "status": "missing", "osm_id": null, "type": "biblioteca pubblica"}, "geometry": {"type": "Point", "coordinates": [15.5402215, 40.8203874]}}, {"type": "Feature", "properties": {"wikidata": "Q112843890", "name": "Q112843890", "status": "missing", "osm_id": null, "type": "biblioteca pubblica"}, "geometry": {"type": "Point", "coordinates": [16.228528, 40.4027301]}}, {"type": "Feature", "properties": {"wikidata": "Q112843913", "name": "Q112843913", "status": "done", "osm_id": "node/7857436758", "type": "biblioteca pubblica"}, "geometry": {"type": "Point", "coordinates": [15.8688467, 40.2419072]}}, {"type": "Feature", "properties": {"wikidata": "Q112843889", "name": "Q112843889", "status": "missing", "osm_id": null, "type": "biblioteca pubblica"}, "geometry": {"type": "Point", "coordinates": [16.2525314, 40.4872408]}}, {"type": "Feature", "properties": {"wikidata": "Q112801251", "name": "Q112801251", "status": "missing", "osm_id": null, "type": "cappella"}, "geometry": {"type": "Point", "coordinates": [16.188780555, 40.102538888]}}, {"type": "Feature", "properties": {"wikidata": "Q112843895", "name": "Q112843895", "status": "missing", "osm_id": null, "type": "biblioteca pubblica"}, "geometry": {"type": "Point", "coordinates": [16.4954547, 40.3578847]}}, {"type": "Feature", "properties": {"wikidata": "Q112843924", "name": "Q112843924", "status": "missing", "osm_id": null, "type": "biblioteca pubblica"}, "geometry": {"type": "Point", "coordinates": [15.8899766, 40.2472884]}}, {"type": "Feature", "properties": {"wikidata": "Q112843922", "name": "Q112843922", "status": "missing", "osm_id": null, "type": "biblioteca pubblica"}, "geometry": {"type": "Point", "coordinates": [16.0762682, 40.190422]}}, {"type": "Feature", "properties": {"wikidata": "Q112843883", "name": "Q112843883", "status": "missing", "osm_id": null, "type": "biblioteca pubblica"}, "geometry": {"type": "Point", "coordinates": [16.1850774, 40.5354763]}}, {"type": "Feature", "properties": {"wikidata": "Q112843904", "name": "Q112843904", "status": "missing", "osm_id": null, "type": "biblioteca pubblica"}, "geometry": {"type": "Point", "coordinates": [16.2150213, 40.1244502]}}, {"type": "Feature", "properties": {"wikidata": "Q112843914", "name": "Q112843914", "status": "missing", "osm_id": null, "type": "biblioteca pubblica"}, "geometry": {"type": "Point", "coordinates": [15.9717467, 41.0337878]}}, {"type": "Feature", "properties": {"wikidata": "Q112843921", "name": "Q112843921", "status": "missing", "osm_id": null, "type": "biblioteca pubblica"}, "geometry": {"type": "Point", "coordinates": [15.5406755, 40.8471306]}}, {"type": "Feature", "properties": {"wikidata": "Q111659966", "name": "Q111659966", "status": "done", "osm_id": "way/118613774", "type": "cimitero"}, "geometry": {"type": "Point", "coordinates": [16.08435, 39.97564]}}, {"type": "Feature", "properties": {"wikidata": "Q112843915", "name": "Q112843915", "status": "missing", "osm_id": null, "type": "biblioteca pubblica"}, "geometry": {"type": "Point", "coordinates": [15.9916241, 40.2971658]}}, {"type": "Feature", "properties": {"wikidata": "Q112843908", "name": "Q112843908", "status": "missing", "osm_id": null, "type": "biblioteca pubblica"}, "geometry": {"type": "Point", "coordinates": [15.7373792, 40.930432]}}, {"type": "Feature", "properties": {"wikidata": "Q112843920", "name": "Q112843920", "status": "missing", "osm_id": null, "type": "biblioteca pubblica"}, "geometry": {"type": "Point", "coordinates": [15.7235462, 40.9109506]}}, {"type": "Feature", "properties": {"wikidata": "Q112843878", "name": "Q112843878", "status": "missing", "osm_id": null, "type": "biblioteca pubblica"}, "geometry": {"type": "Point", "coordinates": [16.4567048, 40.4953418]}}, {"type": "Feature", "properties": {"wikidata": "Q112344749", "name": "Q112344749", "status": "missing", "osm_id": null, "type": "area protetta Natura 2000"}, "geometry": {"type": "Point", "coordinates": [15.279, 40.6561]}}, {"type": "Feature", "properties": {"wikidata": "Q112843882", "name": "Q112843882", "status": "missing", "osm_id": null, "type": "biblioteca pubblica"}, "geometry": {"type": "Point", "coordinates": [16.6661207, 40.5494094]}}, {"type": "Feature", "properties": {"wikidata": "Q112843877", "name": "Q112843877", "status": "missing", "osm_id": null, "type": "biblioteca pubblica"}, "geometry": {"type": "Point", "coordinates": [16.4249249, 40.1904614]}}, {"type": "Feature", "properties": {"wikidata": "Q112843909", "name": "Q112843909", "status": "missing", "osm_id": null, "type": "biblioteca pubblica"}, "geometry": {"type": "Point", "coordinates": [15.766322, 40.1239072]}}, {"type": "Feature", "properties": {"wikidata": "Q112843894", "name": "Q112843894", "status": "missing", "osm_id": null, "type": "biblioteca pubblica"}, "geometry": {"type": "Point", "coordinates": [16.6886619, 40.3628284]}}, {"type": "Feature", "properties": {"wikidata": "Q112843891", "name": "Q112843891", "status": "missing", "osm_id": null, "type": "biblioteca pubblica"}, "geometry": {"type": "Point", "coordinates": [16.465681, 40.2456943]}}, {"type": "Feature", "properties": {"wikidata": "Q112644464", "name": "Q112644464", "status": "missing", "osm_id": null, "type": "insediamento umano"}, "geometry": {"type": "Point", "coordinates": [15.544888888, 40.701938888]}}, {"type": "Feature", "properties": {"wikidata": "Q112843906", "name": "Q112843906", "status": "missing", "osm_id": null, "type": "biblioteca pubblica"}, "geometry": {"type": "Point", "coordinates": [15.7048274, 40.8124533]}}, {"type": "Feature", "properties": {"wikidata": "Q112843879", "name": "Q112843879", "status": "missing", "osm_id": null, "type": "biblioteca pubblica"}, "geometry": {"type": "Point", "coordinates": [16.280208755, 40.63353454]}}, {"type": "Feature", "properties": {"wikidata": "Q112843888", "name": "Q112843888", "status": "missing", "osm_id": null, "type": "biblioteca pubblica"}, "geometry": {"type": "Point", "coordinates": [16.3887886, 40.1110941]}}, {"type": "Feature", "properties": {"wikidata": "Q112843887", "name": "Q112843887", "status": "missing", "osm_id": null, "type": "biblioteca pubblica"}, "geometry": {"type": "Point", "coordinates": [16.317052, 40.527202]}}, {"type": "Feature", "properties": {"wikidata": "Q112843925", "name": "Q112843925", "status": "missing", "osm_id": null, "type": "biblioteca pubblica"}, "geometry": {"type": "Point", "coordinates": [15.6768847, 40.4891519]}}, {"type": "Feature", "properties": {"wikidata": "Q112843875", "name": "Q112843875", "status": "missing", "osm_id": null, "type": "biblioteca pubblica"}, "geometry": {"type": "Point", "coordinates": [16.2306849, 40.3137487]}}, {"type": "Feature", "properties": {"wikidata": "Q112843892", "name": "Q112843892", "status": "missing", "osm_id": null, "type": "biblioteca pubblica"}, "geometry": {"type": "Point", "coordinates": [16.4426858, 40.1708256]}}, {"type": "Feature", "properties": {"wikidata": "Q111637823", "name": "Q111637823", "status": "done", "osm_id": "way/214445863", "type": "cimitero"}, "geometry": {"type": "Point", "coordinates": [15.8031, 41.0569]}}, {"type": "Feature", "properties": {"wikidata": "Q111659584", "name": "Q111659584", "status": "done", "osm_id": "way/197755630", "type": "cimitero"}, "geometry": {"type": "Point", "coordinates": [16.04228, 39.94359]}}, {"type": "Feature", "properties": {"wikidata": "Q111632681", "name": "Q111632681", "status": "done", "osm_id": "way/596895087", "type": "cimitero"}, "geometry": {"type": "Point", "coordinates": [15.6506, 40.8728]}}, {"type": "Feature", "properties": {"wikidata": "Q111659829", "name": "Q111659829", "status": "done", "osm_id": "way/161774254", "type": "cimitero"}, "geometry": {"type": "Point", "coordinates": [15.5478, 40.56869]}}, {"type": "Feature", "properties": {"wikidata": "Q111637943", "name": "Q111637943", "status": "done", "osm_id": "way/488742445", "type": "cimitero"}, "geometry": {"type": "Point", "coordinates": [15.8369, 40.9123]}}, {"type": "Feature", "properties": {"wikidata": "Q111659787", "name": "Q111659787", "status": "done", "osm_id": "way/667258692", "type": "cimitero"}, "geometry": {"type": "Point", "coordinates": [15.5468, 40.8162]}}, {"type": "Feature", "properties": {"wikidata": "Q111632717", "name": "Q111632717", "status": "done", "osm_id": "relation/14525581", "type": "cimitero"}, "geometry": {"type": "Point", "coordinates": [15.5141, 40.6455]}}, {"type": "Feature", "properties": {"wikidata": "Q111637566", "name": "Q111637566", "status": "missing", "osm_id": null, "type": "cimitero"}, "geometry": {"type": "Point", "coordinates": [15.88712, 40.285]}}, {"type": "Feature", "properties": {"wikidata": "Q111659761", "name": "Q111659761", "status": "done", "osm_id": "way/112932429", "type": "cimitero"}, "geometry": {"type": "Point", "coordinates": [16.07452, 40.19217]}}, {"type": "Feature", "properties": {"wikidata": "Q111637506", "name": "Q111637506", "status": "done", "osm_id": "way/1219706110", "type": "cimitero"}, "geometry": {"type": "Point", "coordinates": [15.72822, 40.92828]}}, {"type": "Feature", "properties": {"wikidata": "Q111659576", "name": "Q111659576", "status": "missing", "osm_id": null, "type": "cimitero"}, "geometry": {"type": "Point", "coordinates": [16.20313, 40.20895]}}, {"type": "Feature", "properties": {"wikidata": "Q111637976", "name": "Q111637976", "status": "missing", "osm_id": null, "type": "cimitero"}, "geometry": {"type": "Point", "coordinates": [16.32612, 40.0824]}}, {"type": "Feature", "properties": {"wikidata": "Q111638081", "name": "Q111638081", "status": "done", "osm_id": "way/273797851", "type": "cimitero"}, "geometry": {"type": "Point", "coordinates": [16.06625, 40.50976]}}, {"type": "Feature", "properties": {"wikidata": "Q111637026", "name": "Q111637026", "status": "done", "osm_id": "way/788565927", "type": "cimitero"}, "geometry": {"type": "Point", "coordinates": [16.18341, 40.19546]}}, {"type": "Feature", "properties": {"wikidata": "Q111637287", "name": "Q111637287", "status": "done", "osm_id": "way/486464289", "type": "cimitero"}, "geometry": {"type": "Point", "coordinates": [15.7138, 40.8143]}}, {"type": "Feature", "properties": {"wikidata": "Q111634784", "name": "Q111634784", "status": "done", "osm_id": "way/493719747", "type": "cimitero"}, "geometry": {"type": "Point", "coordinates": [15.53494, 40.75305]}}, {"type": "Feature", "properties": {"wikidata": "Q111638066", "name": "Q111638066", "status": "done", "osm_id": "way/66764894", "type": "cimitero"}, "geometry": {"type": "Point", "coordinates": [15.406, 40.83641]}}, {"type": "Feature", "properties": {"wikidata": "Q111634836", "name": "Q111634836", "status": "missing", "osm_id": null, "type": "cimitero"}, "geometry": {"type": "Point", "coordinates": [15.93219, 40.72671]}}, {"type": "Feature", "properties": {"wikidata": "Q111637211", "name": "Q111637211", "status": "missing", "osm_id": null, "type": "cimitero"}, "geometry": {"type": "Point", "coordinates": [16.17704, 40.11385]}}, {"type": "Feature", "properties": {"wikidata": "Q111659794", "name": "Q111659794", "status": "done", "osm_id": "way/109834734", "type": "cimitero"}, "geometry": {"type": "Point", "coordinates": [16.1452, 40.018]}}, {"type": "Feature", "properties": {"wikidata": "Q111637803", "name": "Q111637803", "status": "done", "osm_id": "way/229265490", "type": "cimitero"}, "geometry": {"type": "Point", "coordinates": [15.8506, 40.0522]}}, {"type": "Feature", "properties": {"wikidata": "Q111634833", "name": "Q111634833", "status": "done", "osm_id": "way/271417228", "type": "cimitero"}, "geometry": {"type": "Point", "coordinates": [16.07734, 40.56186]}}, {"type": "Feature", "properties": {"wikidata": "Q111659906", "name": "Q111659906", "status": "done", "osm_id": "way/265054937", "type": "cimitero"}, "geometry": {"type": "Point", "coordinates": [16.0167, 40.691]}}, {"type": "Feature", "properties": {"wikidata": "Q111659814", "name": "Q111659814", "status": "done", "osm_id": "way/489368939", "type": "cimitero"}, "geometry": {"type": "Point", "coordinates": [15.6833, 40.4821]}}, {"type": "Feature", "properties": {"wikidata": "Q111637688", "name": "Q111637688", "status": "done", "osm_id": "way/875553268", "type": "cimitero"}, "geometry": {"type": "Point", "coordinates": [15.7541, 40.12846]}}, {"type": "Feature", "properties": {"wikidata": "Q111638092", "name": "Q111638092", "status": "done", "osm_id": "way/775600885", "type": "cimitero"}, "geometry": {"type": "Point", "coordinates": [15.8157, 40.6431]}}, {"type": "Feature", "properties": {"wikidata": "Q111634823", "name": "Q111634823", "status": "done", "osm_id": "way/192456961", "type": "cimitero"}, "geometry": {"type": "Point", "coordinates": [15.8603, 40.4729]}}, {"type": "Feature", "properties": {"wikidata": "Q111659853", "name": "Q111659853", "status": "done", "osm_id": "way/1429788978", "type": "cimitero"}, "geometry": {"type": "Point", "coordinates": [16.14639, 40.12184]}}, {"type": "Feature", "properties": {"wikidata": "Q111659572", "name": "Q111659572", "status": "done", "osm_id": "way/674435359", "type": "cimitero"}, "geometry": {"type": "Point", "coordinates": [15.71247, 40.07975]}}, {"type": "Feature", "properties": {"wikidata": "Q111638030", "name": "Q111638030", "status": "done", "osm_id": "way/300438025", "type": "cimitero"}, "geometry": {"type": "Point", "coordinates": [15.7322, 40.38025]}}, {"type": "Feature", "properties": {"wikidata": "Q111659810", "name": "Q111659810", "status": "missing", "osm_id": null, "type": "cimitero"}, "geometry": {"type": "Point", "coordinates": [15.90042, 40.25383]}}, {"type": "Feature", "properties": {"wikidata": "Q111638003", "name": "Q111638003", "status": "done", "osm_id": "way/479721197", "type": "cimitero"}, "geometry": {"type": "Point", "coordinates": [16.00261, 40.75812]}}, {"type": "Feature", "properties": {"wikidata": "Q111637968", "name": "Q111637968", "status": "done", "osm_id": "way/310263252", "type": "cimitero"}, "geometry": {"type": "Point", "coordinates": [15.98821, 40.30544]}}, {"type": "Feature", "properties": {"wikidata": "Q111659948", "name": "Q111659948", "status": "done", "osm_id": "way/228985442", "type": "cimitero"}, "geometry": {"type": "Point", "coordinates": [15.9903, 40.5848]}}, {"type": "Feature", "properties": {"wikidata": "Q111637890", "name": "Q111637890", "status": "done", "osm_id": "way/84274836", "type": "cimitero"}, "geometry": {"type": "Point", "coordinates": [15.7294, 40.4214]}}, {"type": "Feature", "properties": {"wikidata": "Q111637948", "name": "Q111637948", "status": "done", "osm_id": "way/875176060", "type": "cimitero"}, "geometry": {"type": "Point", "coordinates": [15.6572, 40.9862]}}, {"type": "Feature", "properties": {"wikidata": "Q111638019", "name": "Q111638019", "status": "done", "osm_id": "way/540671893", "type": "cimitero"}, "geometry": {"type": "Point", "coordinates": [15.9924, 40.9339]}}, {"type": "Feature", "properties": {"wikidata": "Q111659551", "name": "Q111659551", "status": "done", "osm_id": "way/1233276299", "type": "cimitero"}, "geometry": {"type": "Point", "coordinates": [15.68158, 40.97527]}}, {"type": "Feature", "properties": {"wikidata": "Q111635273", "name": "Q111635273", "status": "done", "osm_id": "way/213544866", "type": "cimitero"}, "geometry": {"type": "Point", "coordinates": [16.0462, 40.5238]}}, {"type": "Feature", "properties": {"wikidata": "Q111637112", "name": "Q111637112", "status": "done", "osm_id": "way/472374899", "type": "cimitero"}, "geometry": {"type": "Point", "coordinates": [16.2245, 40.1262]}}, {"type": "Feature", "properties": {"wikidata": "Q111634798", "name": "Q111634798", "status": "done", "osm_id": "way/487169466", "type": "cimitero"}, "geometry": {"type": "Point", "coordinates": [15.6434, 40.469]}}, {"type": "Feature", "properties": {"wikidata": "Q111659797", "name": "Q111659797", "status": "missing", "osm_id": null, "type": "cimitero"}, "geometry": {"type": "Point", "coordinates": [15.56042, 40.54332]}}, {"type": "Feature", "properties": {"wikidata": "Q111637717", "name": "Q111637717", "status": "done", "osm_id": "way/485695080", "type": "cimitero"}, "geometry": {"type": "Point", "coordinates": [16.00773, 40.09164]}}, {"type": "Feature", "properties": {"wikidata": "Q111659749", "name": "Q111659749", "status": "done", "osm_id": "way/1124609252", "type": "cimitero"}, "geometry": {"type": "Point", "coordinates": [15.53967, 40.84241]}}, {"type": "Feature", "properties": {"wikidata": "Q111659845", "name": "Q111659845", "status": "done", "osm_id": "way/307619709", "type": "cimitero"}, "geometry": {"type": "Point", "coordinates": [16.2959, 40.1429]}}, {"type": "Feature", "properties": {"wikidata": "Q111634817", "name": "Q111634817", "status": "done", "osm_id": "way/346591565", "type": "cimitero"}, "geometry": {"type": "Point", "coordinates": [15.94128, 40.6117]}}, {"type": "Feature", "properties": {"wikidata": "Q111635265", "name": "Q111635265", "status": "done", "osm_id": "way/546364640", "type": "cimitero"}, "geometry": {"type": "Point", "coordinates": [15.9936, 40.0018]}}, {"type": "Feature", "properties": {"wikidata": "Q111634765", "name": "Q111634765", "status": "done", "osm_id": "way/491294482", "type": "cimitero"}, "geometry": {"type": "Point", "coordinates": [15.6784, 40.9526]}}, {"type": "Feature", "properties": {"wikidata": "Q111634837", "name": "Q111634837", "status": "done", "osm_id": "way/112310881", "type": "cimitero"}, "geometry": {"type": "Point", "coordinates": [16.0937, 40.1461]}}, {"type": "Feature", "properties": {"wikidata": "Q111638124", "name": "Q111638124", "status": "done", "osm_id": "way/901541762", "type": "cimitero"}, "geometry": {"type": "Point", "coordinates": [15.7677, 40.6532]}}, {"type": "Feature", "properties": {"wikidata": "Q111637964", "name": "Q111637964", "status": "done", "osm_id": "way/236142545", "type": "cimitero"}, "geometry": {"type": "Point", "coordinates": [15.9565, 41.0215]}}, {"type": "Feature", "properties": {"wikidata": "Q111636979", "name": "Q111636979", "status": "done", "osm_id": "way/224339675", "type": "cimitero"}, "geometry": {"type": "Point", "coordinates": [15.984, 40.1622]}}, {"type": "Feature", "properties": {"wikidata": "Q111637795", "name": "Q111637795", "status": "done", "osm_id": "way/302810231", "type": "cimitero"}, "geometry": {"type": "Point", "coordinates": [15.97585, 40.46593]}}, {"type": "Feature", "properties": {"wikidata": "Q111637841", "name": "Q111637841", "status": "done", "osm_id": "way/1047194110", "type": "cimitero"}, "geometry": {"type": "Point", "coordinates": [15.66835, 40.04132]}}, {"type": "Feature", "properties": {"wikidata": "Q111634778", "name": "Q111634778", "status": "done", "osm_id": "way/1019027000", "type": "cimitero"}, "geometry": {"type": "Point", "coordinates": [15.66475, 40.74728]}}, {"type": "Feature", "properties": {"wikidata": "Q111637653", "name": "Q111637653", "status": "done", "osm_id": "way/860198446", "type": "cimitero"}, "geometry": {"type": "Point", "coordinates": [16.09674, 40.3725]}}, {"type": "Feature", "properties": {"wikidata": "Q111659851", "name": "Q111659851", "status": "missing", "osm_id": null, "type": "cimitero"}, "geometry": {"type": "Point", "coordinates": [15.98578, 40.2648]}}, {"type": "Feature", "properties": {"wikidata": "Q111659898", "name": "Q111659898", "status": "done", "osm_id": "way/240809745", "type": "cimitero"}, "geometry": {"type": "Point", "coordinates": [15.6818, 40.583]}}, {"type": "Feature", "properties": {"wikidata": "Q111634828", "name": "Q111634828", "status": "missing", "osm_id": null, "type": "cimitero"}, "geometry": {"type": "Point", "coordinates": [16.14209, 40.15468]}}, {"type": "Feature", "properties": {"wikidata": "Q111632822", "name": "Q111632822", "status": "done", "osm_id": "way/896080040", "type": "cimitero"}, "geometry": {"type": "Point", "coordinates": [15.60002, 40.67729]}}, {"type": "Feature", "properties": {"wikidata": "Q111659562", "name": "Q111659562", "status": "done", "osm_id": "way/490375638", "type": "cimitero"}, "geometry": {"type": "Point", "coordinates": [15.7328, 40.9205]}}, {"type": "Feature", "properties": {"wikidata": "Q111659569", "name": "Q111659569", "status": "done", "osm_id": "way/229265493", "type": "cimitero"}, "geometry": {"type": "Point", "coordinates": [15.7603, 40.0826]}}, {"type": "Feature", "properties": {"wikidata": "Q111634841", "name": "Q111634841", "status": "done", "osm_id": "way/747787517", "type": "cimitero"}, "geometry": {"type": "Point", "coordinates": [15.43031, 40.77866]}}, {"type": "Feature", "properties": {"wikidata": "Q111637404", "name": "Q111637404", "status": "done", "osm_id": "way/194440678", "type": "cimitero"}, "geometry": {"type": "Point", "coordinates": [16.14289, 40.28234]}}, {"type": "Feature", "properties": {"wikidata": "Q111659780", "name": "Q111659780", "status": "missing", "osm_id": null, "type": "cimitero"}, "geometry": {"type": "Point", "coordinates": [16.3033, 40.03955]}}, {"type": "Feature", "properties": {"wikidata": "Q111659791", "name": "Q111659791", "status": "missing", "osm_id": null, "type": "cimitero"}, "geometry": {"type": "Point", "coordinates": [16.04548, 40.24073]}}, {"type": "Feature", "properties": {"wikidata": "Q111659560", "name": "Q111659560", "status": "done", "osm_id": "way/375639433", "type": "cimitero"}, "geometry": {"type": "Point", "coordinates": [15.6663, 40.9282]}}, {"type": "Feature", "properties": {"wikidata": "Q111632698", "name": "Q111632698", "status": "done", "osm_id": "way/1093175689", "type": "cimitero"}, "geometry": {"type": "Point", "coordinates": [15.73905, 40.79585]}}, {"type": "Feature", "properties": {"wikidata": "Q111637969", "name": "Q111637969", "status": "done", "osm_id": "way/115997058", "type": "cimitero"}, "geometry": {"type": "Point", "coordinates": [15.4735, 40.7541]}}, {"type": "Feature", "properties": {"wikidata": "Q111635269", "name": "Q111635269", "status": "done", "osm_id": "way/868567772", "type": "cimitero"}, "geometry": {"type": "Point", "coordinates": [15.96439, 40.01006]}}, {"type": "Feature", "properties": {"wikidata": "Q111638072", "name": "Q111638072", "status": "done", "osm_id": "way/189649532", "type": "cimitero"}, "geometry": {"type": "Point", "coordinates": [15.64549, 40.64248]}}, {"type": "Feature", "properties": {"wikidata": "Q111637873", "name": "Q111637873", "status": "done", "osm_id": "way/1264303830", "type": "cimitero"}, "geometry": {"type": "Point", "coordinates": [15.73877, 39.95962]}}, {"type": "Feature", "properties": {"wikidata": "Q111659805", "name": "Q111659805", "status": "done", "osm_id": "way/886815782", "type": "cimitero"}, "geometry": {"type": "Point", "coordinates": [16.2714, 40.2529]}}, {"type": "Feature", "properties": {"wikidata": "Q111659884", "name": "Q111659884", "status": "missing", "osm_id": null, "type": "cimitero"}, "geometry": {"type": "Point", "coordinates": [16.30789, 39.97879]}}, {"type": "Feature", "properties": {"wikidata": "Q111637952", "name": "Q111637952", "status": "done", "osm_id": "way/194441862", "type": "cimitero"}, "geometry": {"type": "Point", "coordinates": [16.16189, 40.27809]}}, {"type": "Feature", "properties": {"wikidata": "Q111637176", "name": "Q111637176", "status": "done", "osm_id": "way/187759000", "type": "cimitero"}, "geometry": {"type": "Point", "coordinates": [16.10187, 40.07858]}}, {"type": "Feature", "properties": {"wikidata": "Q111638079", "name": "Q111638079", "status": "done", "osm_id": "way/216495952", "type": "cimitero"}, "geometry": {"type": "Point", "coordinates": [15.886, 40.7522]}}, {"type": "Feature", "properties": {"wikidata": "Q111659954", "name": "Q111659954", "status": "done", "osm_id": "way/405707325", "type": "cimitero"}, "geometry": {"type": "Point", "coordinates": [15.91593, 40.67023]}}, {"type": "Feature", "properties": {"wikidata": "Q111637326", "name": "Q111637326", "status": "done", "osm_id": "way/315234526", "type": "cimitero"}, "geometry": {"type": "Point", "coordinates": [15.8475, 40.8584]}}, {"type": "Feature", "properties": {"wikidata": "Q111637365", "name": "Q111637365", "status": "done", "osm_id": "way/783368142", "type": "cimitero"}, "geometry": {"type": "Point", "coordinates": [16.2009, 40.0748]}}, {"type": "Feature", "properties": {"wikidata": "Q111637864", "name": "Q111637864", "status": "done", "osm_id": "way/1229003771", "type": "cimitero"}, "geometry": {"type": "Point", "coordinates": [15.67803, 40.01757]}}, {"type": "Feature", "properties": {"wikidata": "Q111659818", "name": "Q111659818", "status": "done", "osm_id": "way/1089614392", "type": "cimitero"}, "geometry": {"type": "Point", "coordinates": [15.63515, 40.53903]}}, {"type": "Feature", "properties": {"wikidata": "Q111659555", "name": "Q111659555", "status": "done", "osm_id": "way/667259271", "type": "cimitero"}, "geometry": {"type": "Point", "coordinates": [15.49275, 40.84337]}}, {"type": "Feature", "properties": {"wikidata": "Q111637756", "name": "Q111637756", "status": "done", "osm_id": "way/586385965", "type": "cimitero"}, "geometry": {"type": "Point", "coordinates": [16.04121, 40.05778]}}, {"type": "Feature", "properties": {"wikidata": "Q111659947", "name": "Q111659947", "status": "done", "osm_id": "way/582314560", "type": "cimitero"}, "geometry": {"type": "Point", "coordinates": [15.78161, 40.03159]}}, {"type": "Feature", "properties": {"wikidata": "Q111659930", "name": "Q111659930", "status": "done", "osm_id": "way/288763942", "type": "cimitero"}, "geometry": {"type": "Point", "coordinates": [15.8018, 40.3115]}}, {"type": "Feature", "properties": {"wikidata": "Q111659754", "name": "Q111659754", "status": "done", "osm_id": "way/482335043", "type": "cimitero"}, "geometry": {"type": "Point", "coordinates": [16.07614, 40.68104]}}, {"type": "Feature", "properties": {"wikidata": "Q111637063", "name": "Q111637063", "status": "done", "osm_id": "way/546364565", "type": "cimitero"}, "geometry": {"type": "Point", "coordinates": [16.35573, 40.04827]}}, {"type": "Feature", "properties": {"wikidata": "Q111659743", "name": "Q111659743", "status": "done", "osm_id": "way/965115757", "type": "cimitero"}, "geometry": {"type": "Point", "coordinates": [15.67077, 40.71817]}}, {"type": "Feature", "properties": {"wikidata": "Q111637442", "name": "Q111637442", "status": "done", "osm_id": "way/860211378", "type": "cimitero"}, "geometry": {"type": "Point", "coordinates": [16.0405, 40.841]}}, {"type": "Feature", "properties": {"wikidata": "Q111637971", "name": "Q111637971", "status": "done", "osm_id": "way/108291933", "type": "cimitero"}, "geometry": {"type": "Point", "coordinates": [15.79629, 40.06865]}}, {"type": "Feature", "properties": {"wikidata": "Q111637883", "name": "Q111637883", "status": "missing", "osm_id": null, "type": "cimitero"}, "geometry": {"type": "Point", "coordinates": [15.73457, 39.98558]}}, {"type": "Feature", "properties": {"wikidata": "Q111637830", "name": "Q111637830", "status": "done", "osm_id": "way/485730006", "type": "cimitero"}, "geometry": {"type": "Point", "coordinates": [15.7264, 40.0019]}}, {"type": "Feature", "properties": {"wikidata": "Q111637808", "name": "Q111637808", "status": "done", "osm_id": "way/150064620", "type": "cimitero"}, "geometry": {"type": "Point", "coordinates": [15.83375, 40.03631]}}, {"type": "Feature", "properties": {"wikidata": "Q111637148", "name": "Q111637148", "status": "done", "osm_id": "way/486340736", "type": "cimitero"}, "geometry": {"type": "Point", "coordinates": [16.0429, 40.3768]}}, {"type": "Feature", "properties": {"wikidata": "Q111632802", "name": "Q111632802", "status": "done", "osm_id": "way/490029072", "type": "cimitero"}, "geometry": {"type": "Point", "coordinates": [16.0182, 40.8651]}}, {"type": "Feature", "properties": {"wikidata": "Q111637925", "name": "Q111637925", "status": "done", "osm_id": "way/310266194", "type": "cimitero"}, "geometry": {"type": "Point", "coordinates": [15.8201, 40.3734]}}, {"type": "Feature", "properties": {"wikidata": "Q111659792", "name": "Q111659792", "status": "missing", "osm_id": null, "type": "cimitero"}, "geometry": {"type": "Point", "coordinates": [16.33562, 40.03391]}}, {"type": "Feature", "properties": {"wikidata": "Q111637963", "name": "Q111637963", "status": "done", "osm_id": "way/244494073", "type": "cimitero"}, "geometry": {"type": "Point", "coordinates": [15.8593, 40.2418]}}, {"type": "Feature", "properties": {"wikidata": "Q111638084", "name": "Q111638084", "status": "done", "osm_id": "way/248216568", "type": "cimitero"}, "geometry": {"type": "Point", "coordinates": [15.78598, 40.57978]}}, {"type": "Feature", "properties": {"wikidata": "Q55740974", "name": "Q55740974", "status": "missing", "osm_id": null, "type": "pianta monumentale"}, "geometry": {"type": "Point", "coordinates": [16.097353, 40.576503]}}, {"type": "Feature", "properties": {"wikidata": "Q55740985", "name": "Q55740985", "status": "missing", "osm_id": null, "type": "pianta monumentale"}, "geometry": {"type": "Point", "coordinates": [15.905511, 40.280517]}}, {"type": "Feature", "properties": {"wikidata": "Q55677940", "name": "Q55677940", "status": "missing", "osm_id": null, "type": "museo"}, "geometry": {"type": "Point", "coordinates": [16.135344, 40.021297]}}, {"type": "Feature", "properties": {"wikidata": "Q55741002", "name": "Q55741002", "status": "missing", "osm_id": null, "type": "pianta monumentale"}, "geometry": {"type": "Point", "coordinates": [15.428889, 40.846111]}}, {"type": "Feature", "properties": {"wikidata": "Q55740993", "name": "Q55740993", "status": "missing", "osm_id": null, "type": "pianta monumentale"}, "geometry": {"type": "Point", "coordinates": [15.958644, 40.410928]}}, {"type": "Feature", "properties": {"wikidata": "Q55740981", "name": "Q55740981", "status": "missing", "osm_id": null, "type": "pianta monumentale"}, "geometry": {"type": "Point", "coordinates": [16.219278, 40.078494]}}, {"type": "Feature", "properties": {"wikidata": "Q55740972", "name": "Q55740972", "status": "missing", "osm_id": null, "type": "pianta monumentale"}, "geometry": {"type": "Point", "coordinates": [15.856628, 40.481347]}}, {"type": "Feature", "properties": {"wikidata": "Q55740961", "name": "Q55740961", "status": "missing", "osm_id": null, "type": "pianta monumentale"}, "geometry": {"type": "Point", "coordinates": [15.726528, 40.772583]}}, {"type": "Feature", "properties": {"wikidata": "Q55186305", "name": "Q55186305", "status": "missing", "osm_id": null, "type": "chiesa"}, "geometry": {"type": "Point", "coordinates": [15.540139, 40.820194]}}, {"type": "Feature", "properties": {"wikidata": "Q55740954", "name": "Q55740954", "status": "missing", "osm_id": null, "type": "pianta monumentale"}, "geometry": {"type": "Point", "coordinates": [16.700611, 40.517361]}}, {"type": "Feature", "properties": {"wikidata": "Q55740971", "name": "Q55740971", "status": "missing", "osm_id": null, "type": "pianta monumentale"}, "geometry": {"type": "Point", "coordinates": [15.5964073, 40.4469088]}}, {"type": "Feature", "properties": {"wikidata": "Q55740958", "name": "Q55740958", "status": "missing", "osm_id": null, "type": "pianta monumentale"}, "geometry": {"type": "Point", "coordinates": [16.319092, 40.525392]}}, {"type": "Feature", "properties": {"wikidata": "Q55741008", "name": "Q55741008", "status": "missing", "osm_id": null, "type": "pianta monumentale"}, "geometry": {"type": "Point", "coordinates": [15.859383, 40.773842]}}, {"type": "Feature", "properties": {"wikidata": "Q55740978", "name": "Q55740978", "status": "missing", "osm_id": null, "type": "pianta monumentale"}, "geometry": {"type": "Point", "coordinates": [15.707417, 40.824778]}}, {"type": "Feature", "properties": {"wikidata": "Q55740952", "name": "Q55740952", "status": "missing", "osm_id": null, "type": "pianta monumentale"}, "geometry": {"type": "Point", "coordinates": [16.647222, 40.612778]}}, {"type": "Feature", "properties": {"wikidata": "Q55740944", "name": "Q55740944", "status": "missing", "osm_id": null, "type": "pianta monumentale"}, "geometry": {"type": "Point", "coordinates": [16.673833, 40.621139]}}, {"type": "Feature", "properties": {"wikidata": "Q55740991", "name": "Q55740991", "status": "missing", "osm_id": null, "type": "pianta monumentale"}, "geometry": {"type": "Point", "coordinates": [15.869722, 40.459444]}}, {"type": "Feature", "properties": {"wikidata": "Q55740950", "name": "Q55740950", "status": "missing", "osm_id": null, "type": "pianta monumentale"}, "geometry": {"type": "Point", "coordinates": [16.647222, 40.612222]}}, {"type": "Feature", "properties": {"wikidata": "Q55183112", "name": "Q55183112", "status": "missing", "osm_id": null, "type": "chiesa"}, "geometry": {"type": "Point", "coordinates": [15.7562907, 40.0788747]}}, {"type": "Feature", "properties": {"wikidata": "Q55741009", "name": "Q55741009", "status": "missing", "osm_id": null, "type": "pianta monumentale"}, "geometry": {"type": "Point", "coordinates": [15.8625, 40.770833]}}, {"type": "Feature", "properties": {"wikidata": "Q55740999", "name": "Q55740999", "status": "missing", "osm_id": null, "type": "pianta monumentale"}, "geometry": {"type": "Point", "coordinates": [15.646461, 40.99555]}}, {"type": "Feature", "properties": {"wikidata": "Q55740946", "name": "Q55740946", "status": "missing", "osm_id": null, "type": "pianta monumentale"}, "geometry": {"type": "Point", "coordinates": [16.523917, 40.725167]}}, {"type": "Feature", "properties": {"wikidata": "Q55740994", "name": "Q55740994", "status": "missing", "osm_id": null, "type": "pianta monumentale"}, "geometry": {"type": "Point", "coordinates": [15.958611, 40.410833]}}, {"type": "Feature", "properties": {"wikidata": "Q55740996", "name": "Q55740996", "status": "missing", "osm_id": null, "type": "pianta monumentale"}, "geometry": {"type": "Point", "coordinates": [15.979367, 40.496936]}}, {"type": "Feature", "properties": {"wikidata": "Q55740995", "name": "Q55740995", "status": "missing", "osm_id": null, "type": "pianta monumentale"}, "geometry": {"type": "Point", "coordinates": [15.923889, 40.413889]}}, {"type": "Feature", "properties": {"wikidata": "Q55740983", "name": "Q55740983", "status": "missing", "osm_id": null, "type": "pianta monumentale"}, "geometry": {"type": "Point", "coordinates": [16.129614, 40.292247]}}, {"type": "Feature", "properties": {"wikidata": "Q55183050", "name": "Q55183050", "status": "missing", "osm_id": null, "type": "chiesa"}, "geometry": {"type": "Point", "coordinates": [15.67225, 40.931138888]}}, {"type": "Feature", "properties": {"wikidata": "Q55740997", "name": "Q55740997", "status": "missing", "osm_id": null, "type": "pianta monumentale"}, "geometry": {"type": "Point", "coordinates": [15.838217, 40.048125]}}, {"type": "Feature", "properties": {"wikidata": "Q55740976", "name": "Q55740976", "status": "missing", "osm_id": null, "type": "pianta monumentale"}, "geometry": {"type": "Point", "coordinates": [15.929633, 40.719425]}}, {"type": "Feature", "properties": {"wikidata": "Q55678703", "name": "Q55678703", "status": "missing", "osm_id": null, "type": "chiesa"}, "geometry": {"type": "Point", "coordinates": [16.607794, 40.667515]}}, {"type": "Feature", "properties": {"wikidata": "Q55741013", "name": "Q55741013", "status": "missing", "osm_id": null, "type": "pianta monumentale"}, "geometry": {"type": "Point", "coordinates": [15.854722, 40.766722]}}, {"type": "Feature", "properties": {"wikidata": "Q55740988", "name": "Q55740988", "status": "missing", "osm_id": null, "type": "pianta monumentale"}, "geometry": {"type": "Point", "coordinates": [15.823889, 40.151944]}}, {"type": "Feature", "properties": {"wikidata": "Q55740963", "name": "Q55740963", "status": "missing", "osm_id": null, "type": "pianta monumentale"}, "geometry": {"type": "Point", "coordinates": [15.72, 40.731944]}}, {"type": "Feature", "properties": {"wikidata": "Q55740966", "name": "Q55740966", "status": "missing", "osm_id": null, "type": "pianta monumentale"}, "geometry": {"type": "Point", "coordinates": [15.586111, 40.771111]}}, {"type": "Feature", "properties": {"wikidata": "Q55740945", "name": "Q55740945", "status": "missing", "osm_id": null, "type": "pianta monumentale"}, "geometry": {"type": "Point", "coordinates": [16.598019, 40.664333]}}, {"type": "Feature", "properties": {"wikidata": "Q55673288", "name": "Q55673288", "status": "missing", "osm_id": null, "type": "museo"}, "geometry": {"type": "Point", "coordinates": [15.815423, 40.960766]}}, {"type": "Feature", "properties": {"wikidata": "Q55740964", "name": "Q55740964", "status": "missing", "osm_id": null, "type": "pianta monumentale"}, "geometry": {"type": "Point", "coordinates": [15.687367, 40.943097]}}, {"type": "Feature", "properties": {"wikidata": "Q55673290", "name": "Q55673290", "status": "missing", "osm_id": null, "type": "bene immobile"}, "geometry": {"type": "Point", "coordinates": [16.610134, 40.66323]}}, {"type": "Feature", "properties": {"wikidata": "Q55678786", "name": "Q55678786", "status": "missing", "osm_id": null, "type": "museo etnografico"}, "geometry": {"type": "Point", "coordinates": [16.144316, 40.62311]}}, {"type": "Feature", "properties": {"wikidata": "Q55740992", "name": "Q55740992", "status": "missing", "osm_id": null, "type": "pianta monumentale"}, "geometry": {"type": "Point", "coordinates": [15.957222, 40.409722]}}, {"type": "Feature", "properties": {"wikidata": "Q55740967", "name": "Q55740967", "status": "missing", "osm_id": null, "type": "pianta monumentale"}, "geometry": {"type": "Point", "coordinates": [15.589444, 40.768056]}}, {"type": "Feature", "properties": {"wikidata": "Q55741007", "name": "Q55741007", "status": "missing", "osm_id": null, "type": "pianta monumentale"}, "geometry": {"type": "Point", "coordinates": [15.842111, 40.754806]}}, {"type": "Feature", "properties": {"wikidata": "Q55740970", "name": "Q55740970", "status": "missing", "osm_id": null, "type": "pianta monumentale"}, "geometry": {"type": "Point", "coordinates": [15.531208, 40.735056]}}, {"type": "Feature", "properties": {"wikidata": "Q55740975", "name": "Q55740975", "status": "missing", "osm_id": null, "type": "pianta monumentale"}, "geometry": {"type": "Point", "coordinates": [15.962833, 40.717333]}}, {"type": "Feature", "properties": {"wikidata": "Q55740984", "name": "Q55740984", "status": "missing", "osm_id": null, "type": "pianta monumentale"}, "geometry": {"type": "Point", "coordinates": [16.065278, 40.826556]}}, {"type": "Feature", "properties": {"wikidata": "Q55168871", "name": "Q55168871", "status": "done", "osm_id": "way/842235888", "type": "chiesa"}, "geometry": {"type": "Point", "coordinates": [15.86883, 40.24206]}}, {"type": "Feature", "properties": {"wikidata": "Q55171261", "name": "Q55171261", "status": "missing", "osm_id": null, "type": "chiesa"}, "geometry": {"type": "Point", "coordinates": [15.48781, 40.75218]}}, {"type": "Feature", "properties": {"wikidata": "Q55686471", "name": "Q55686471", "status": "missing", "osm_id": null, "type": "museo"}, "geometry": {"type": "Point", "coordinates": [15.918926, 40.66861]}}, {"type": "Feature", "properties": {"wikidata": "Q55741000", "name": "Q55741000", "status": "missing", "osm_id": null, "type": "pianta monumentale"}, "geometry": {"type": "Point", "coordinates": [15.801386, 40.071369]}}, {"type": "Feature", "properties": {"wikidata": "Q55168869", "name": "Q55168869", "status": "done", "osm_id": "way/842180137", "type": "chiesa"}, "geometry": {"type": "Point", "coordinates": [15.87043, 40.24029]}}, {"type": "Feature", "properties": {"wikidata": "Q55740956", "name": "Q55740956", "status": "missing", "osm_id": null, "type": "pianta monumentale"}, "geometry": {"type": "Point", "coordinates": [16.480556, 40.151556]}}, {"type": "Feature", "properties": {"wikidata": "Q55741001", "name": "Q55741001", "status": "missing", "osm_id": null, "type": "pianta monumentale"}, "geometry": {"type": "Point", "coordinates": [15.418056, 40.851389]}}, {"type": "Feature", "properties": {"wikidata": "Q55740941", "name": "Q55740941", "status": "missing", "osm_id": null, "type": "pianta monumentale"}, "geometry": {"type": "Point", "coordinates": [16.468361, 40.488361]}}, {"type": "Feature", "properties": {"wikidata": "Q55740942", "name": "Q55740942", "status": "missing", "osm_id": null, "type": "pianta monumentale"}, "geometry": {"type": "Point", "coordinates": [16.468361, 40.488361]}}, {"type": "Feature", "properties": {"wikidata": "Q55740982", "name": "Q55740982", "status": "missing", "osm_id": null, "type": "pianta monumentale"}, "geometry": {"type": "Point", "coordinates": [16.154083, 40.306417]}}, {"type": "Feature", "properties": {"wikidata": "Q55171262", "name": "Q55171262", "status": "missing", "osm_id": null, "type": "chiesa"}, "geometry": {"type": "Point", "coordinates": [15.485225, 40.752531]}}, {"type": "Feature", "properties": {"wikidata": "Q55740969", "name": "Q55740969", "status": "missing", "osm_id": null, "type": "pianta monumentale"}, "geometry": {"type": "Point", "coordinates": [15.534844, 40.756889]}}, {"type": "Feature", "properties": {"wikidata": "Q55740989", "name": "Q55740989", "status": "missing", "osm_id": null, "type": "pianta monumentale"}, "geometry": {"type": "Point", "coordinates": [15.766194, 40.122389]}}, {"type": "Feature", "properties": {"wikidata": "Q55340331", "name": "Q55340331", "status": "missing", "osm_id": null, "type": "edificio storico"}, "geometry": {"type": "Point", "coordinates": [16.229853, 40.313786]}}, {"type": "Feature", "properties": {"wikidata": "Q55340336", "name": "Q55340336", "status": "missing", "osm_id": null, "type": "museo storico"}, "geometry": {"type": "Point", "coordinates": [16.60432, 40.666378]}}, {"type": "Feature", "properties": {"wikidata": "Q55740987", "name": "Q55740987", "status": "missing", "osm_id": null, "type": "pianta monumentale"}, "geometry": {"type": "Point", "coordinates": [15.791389, 40.131389]}}, {"type": "Feature", "properties": {"wikidata": "Q55675310", "name": "Q55675310", "status": "missing", "osm_id": null, "type": "museo privato"}, "geometry": {"type": "Point", "coordinates": [16.60432, 40.666378]}}, {"type": "Feature", "properties": {"wikidata": "Q55740957", "name": "Q55740957", "status": "missing", "osm_id": null, "type": "pianta monumentale"}, "geometry": {"type": "Point", "coordinates": [16.328194, 40.539028]}}, {"type": "Feature", "properties": {"wikidata": "Q55740998", "name": "Q55740998", "status": "missing", "osm_id": null, "type": "pianta monumentale"}, "geometry": {"type": "Point", "coordinates": [15.627722, 40.990764]}}, {"type": "Feature", "properties": {"wikidata": "Q55740965", "name": "Q55740965", "status": "missing", "osm_id": null, "type": "pianta monumentale"}, "geometry": {"type": "Point", "coordinates": [15.601861, 40.772239]}}, {"type": "Feature", "properties": {"wikidata": "Q55740949", "name": "Q55740949", "status": "missing", "osm_id": null, "type": "pianta monumentale"}, "geometry": {"type": "Point", "coordinates": [16.697972, 40.688111]}}, {"type": "Feature", "properties": {"wikidata": "Q55171263", "name": "Q55171263", "status": "missing", "osm_id": null, "type": "chiesa"}, "geometry": {"type": "Point", "coordinates": [15.485994, 40.749806]}}, {"type": "Feature", "properties": {"wikidata": "Q55739617", "name": "Q55739617", "status": "missing", "osm_id": null, "type": "sito archeologico"}, "geometry": {"type": "Point", "coordinates": [16.610277777, 40.666388888]}}, {"type": "Feature", "properties": {"wikidata": "Q55167936", "name": "Q55167936", "status": "missing", "osm_id": null, "type": "chiesa"}, "geometry": {"type": "Point", "coordinates": [15.718786, 39.992833]}}, {"type": "Feature", "properties": {"wikidata": "Q55741011", "name": "Q55741011", "status": "missing", "osm_id": null, "type": "pianta monumentale"}, "geometry": {"type": "Point", "coordinates": [15.862222, 40.770833]}}, {"type": "Feature", "properties": {"wikidata": "Q55182405", "name": "Q55182405", "status": "missing", "osm_id": null, "type": "chiesa"}, "geometry": {"type": "Point", "coordinates": [15.6775, 40.97654]}}, {"type": "Feature", "properties": {"wikidata": "Q55675297", "name": "Q55675297", "status": "missing", "osm_id": null, "type": "parco letterario"}, "geometry": {"type": "Point", "coordinates": [16.232006, 40.314644]}}, {"type": "Feature", "properties": {"wikidata": "Q55340333", "name": "Q55340333", "status": "missing", "osm_id": null, "type": "pinacoteca"}, "geometry": {"type": "Point", "coordinates": [16.688118, 40.40366]}}, {"type": "Feature", "properties": {"wikidata": "Q55340329", "name": "Q55340329", "status": "missing", "osm_id": null, "type": "museo"}, "geometry": {"type": "Point", "coordinates": [16.231853, 40.31164]}}, {"type": "Feature", "properties": {"wikidata": "Q55168870", "name": "Q55168870", "status": "missing", "osm_id": null, "type": "chiesa"}, "geometry": {"type": "Point", "coordinates": [15.87096, 40.23932]}}, {"type": "Feature", "properties": {"wikidata": "Q55740939", "name": "Q55740939", "status": "missing", "osm_id": null, "type": "pianta monumentale"}, "geometry": {"type": "Point", "coordinates": [16.483333, 40.484083]}}, {"type": "Feature", "properties": {"wikidata": "Q55740973", "name": "Q55740973", "status": "missing", "osm_id": null, "type": "pianta monumentale"}, "geometry": {"type": "Point", "coordinates": [16.097739, 40.576658]}}, {"type": "Feature", "properties": {"wikidata": "Q55740960", "name": "Q55740960", "status": "missing", "osm_id": null, "type": "pianta monumentale"}, "geometry": {"type": "Point", "coordinates": [16.0297, 40.6216]}}, {"type": "Feature", "properties": {"wikidata": "Q55740977", "name": "Q55740977", "status": "missing", "osm_id": null, "type": "pianta monumentale"}, "geometry": {"type": "Point", "coordinates": [16.175219, 40.064989]}}, {"type": "Feature", "properties": {"wikidata": "Q55167919", "name": "Q55167919", "status": "done", "osm_id": "way/298698841", "type": "chiesa"}, "geometry": {"type": "Point", "coordinates": [15.72333, 39.99695]}}, {"type": "Feature", "properties": {"wikidata": "Q55740980", "name": "Q55740980", "status": "missing", "osm_id": null, "type": "pianta monumentale"}, "geometry": {"type": "Point", "coordinates": [16.216528, 40.047972]}}, {"type": "Feature", "properties": {"wikidata": "Q55740986", "name": "Q55740986", "status": "missing", "osm_id": null, "type": "pianta monumentale"}, "geometry": {"type": "Point", "coordinates": [15.773611, 40.141389]}}, {"type": "Feature", "properties": {"wikidata": "Q55741006", "name": "Q55741006", "status": "missing", "osm_id": null, "type": "pianta monumentale"}, "geometry": {"type": "Point", "coordinates": [15.609489, 40.641361]}}, {"type": "Feature", "properties": {"wikidata": "Q55740951", "name": "Q55740951", "status": "missing", "osm_id": null, "type": "pianta monumentale"}, "geometry": {"type": "Point", "coordinates": [16.489722, 40.650694]}}, {"type": "Feature", "properties": {"wikidata": "Q55741012", "name": "Q55741012", "status": "missing", "osm_id": null, "type": "pianta monumentale"}, "geometry": {"type": "Point", "coordinates": [15.854611, 40.766667]}}, {"type": "Feature", "properties": {"wikidata": "Q55740953", "name": "Q55740953", "status": "missing", "osm_id": null, "type": "pianta monumentale"}, "geometry": {"type": "Point", "coordinates": [16.598119, 40.681944]}}, {"type": "Feature", "properties": {"wikidata": "Q55740979", "name": "Q55740979", "status": "missing", "osm_id": null, "type": "pianta monumentale"}, "geometry": {"type": "Point", "coordinates": [15.776111, 40.858333]}}, {"type": "Feature", "properties": {"wikidata": "Q113086174", "name": "Q113086174", "status": "missing", "osm_id": null, "type": "biblioteca di un ente territoriale italiano"}, "geometry": {"type": "Point", "coordinates": [16.1865549, 40.1877654]}}, {"type": "Feature", "properties": {"wikidata": "Q112843928", "name": "Q112843928", "status": "missing", "osm_id": null, "type": "biblioteca di un ente territoriale italiano"}, "geometry": {"type": "Point", "coordinates": [15.7761151, 40.0275166]}}, {"type": "Feature", "properties": {"wikidata": "Q112843938", "name": "Q112843938", "status": "missing", "osm_id": null, "type": "biblioteca pubblica"}, "geometry": {"type": "Point", "coordinates": [15.4845178, 40.7519605]}}, {"type": "Feature", "properties": {"wikidata": "Q112843933", "name": "Q112843933", "status": "missing", "osm_id": null, "type": "biblioteca di un ente territoriale italiano"}, "geometry": {"type": "Point", "coordinates": [15.8122493, 40.6386439]}}, {"type": "Feature", "properties": {"wikidata": "Q112843940", "name": "Q112843940", "status": "missing", "osm_id": null, "type": "biblioteca di un ente territoriale italiano"}, "geometry": {"type": "Point", "coordinates": [15.7883957, 40.3171112]}}, {"type": "Feature", "properties": {"wikidata": "Q112843934", "name": "Q112843934", "status": "missing", "osm_id": null, "type": "biblioteca pubblica"}, "geometry": {"type": "Point", "coordinates": [15.8989223, 40.3401281]}}, {"type": "Feature", "properties": {"wikidata": "Q112843936", "name": "Q112843936", "status": "missing", "osm_id": null, "type": "biblioteca pubblica"}, "geometry": {"type": "Point", "coordinates": [16.2557214, 40.2566205]}}, {"type": "Feature", "properties": {"wikidata": "Q112843926", "name": "Q112843926", "status": "missing", "osm_id": null, "type": "biblioteca pubblica"}, "geometry": {"type": "Point", "coordinates": [15.9666972, 40.2688569]}}, {"type": "Feature", "properties": {"wikidata": "Q113045277", "name": "Q113045277", "status": "done", "osm_id": "node/3585992795", "type": "biblioteca universitaria"}, "geometry": {"type": "Point", "coordinates": [15.806714, 40.632668]}}, {"type": "Feature", "properties": {"wikidata": "Q113091649", "name": "Q113091649", "status": "missing", "osm_id": null, "type": "biblioteca privata"}, "geometry": {"type": "Point", "coordinates": [16.243657, 40.7416254]}}, {"type": "Feature", "properties": {"wikidata": "Q113091651", "name": "Q113091651", "status": "missing", "osm_id": null, "type": "biblioteca privata"}, "geometry": {"type": "Point", "coordinates": [16.6100269, 40.6659829]}}, {"type": "Feature", "properties": {"wikidata": "Q113045432", "name": "Q113045432", "status": "done", "osm_id": "node/9971624611", "type": "biblioteca specializzata"}, "geometry": {"type": "Point", "coordinates": [15.6758958, 40.9309405]}}, {"type": "Feature", "properties": {"wikidata": "Q113091689", "name": "Q113091689", "status": "missing", "osm_id": null, "type": "biblioteca privata"}, "geometry": {"type": "Point", "coordinates": [15.6412527, 41.0444829]}}, {"type": "Feature", "properties": {"wikidata": "Q112843929", "name": "Q112843929", "status": "missing", "osm_id": null, "type": "biblioteca pubblica"}, "geometry": {"type": "Point", "coordinates": [15.8184119, 40.9612138]}}, {"type": "Feature", "properties": {"wikidata": "Q112939279", "name": "Q112939279", "status": "missing", "osm_id": null, "type": "museo etnografico"}, "geometry": {"type": "Point", "coordinates": [15.899237, 40.337477]}}, {"type": "Feature", "properties": {"wikidata": "Q112843932", "name": "Q112843932", "status": "missing", "osm_id": null, "type": "biblioteca pubblica"}, "geometry": {"type": "Point", "coordinates": [15.6371414, 40.5449904]}}, {"type": "Feature", "properties": {"wikidata": "Q113086177", "name": "Q113086177", "status": "missing", "osm_id": null, "type": "biblioteca di conservazione"}, "geometry": {"type": "Point", "coordinates": [15.7331152, 40.4195821]}}, {"type": "Feature", "properties": {"wikidata": "Q112843943", "name": "Q112843943", "status": "missing", "osm_id": null, "type": "biblioteca pubblica"}, "geometry": {"type": "Point", "coordinates": [15.824825811, 40.356869557]}}, {"type": "Feature", "properties": {"wikidata": "Q113044346", "name": "Q113044346", "status": "done", "osm_id": "node/9969851495", "type": "biblioteca di un ente di ricerca pubblico italiano"}, "geometry": {"type": "Point", "coordinates": [15.7238249, 40.6015711]}}, {"type": "Feature", "properties": {"wikidata": "Q113044961", "name": "Q113044961", "status": "done", "osm_id": "node/3585992794", "type": "biblioteca universitaria"}, "geometry": {"type": "Point", "coordinates": [15.810847, 40.6477837]}}, {"type": "Feature", "properties": {"wikidata": "Q113092751", "name": "Q113092751", "status": "missing", "osm_id": null, "type": "biblioteca privata"}, "geometry": {"type": "Point", "coordinates": [16.6060872, 40.6686534]}}, {"type": "Feature", "properties": {"wikidata": "Q112876725", "name": "Q112876725", "status": "done", "osm_id": "way/384710881", "type": "chiesa"}, "geometry": {"type": "Point", "coordinates": [15.90981704, 40.287918034]}}, {"type": "Feature", "properties": {"wikidata": "Q112843937", "name": "Q112843937", "status": "missing", "osm_id": null, "type": "biblioteca pubblica"}, "geometry": {"type": "Point", "coordinates": [15.8473186, 40.4751513]}}, {"type": "Feature", "properties": {"wikidata": "Q112843941", "name": "Q112843941", "status": "missing", "osm_id": null, "type": "biblioteca pubblica"}, "geometry": {"type": "Point", "coordinates": [16.0980869, 40.3630605]}}, {"type": "Feature", "properties": {"wikidata": "Q112843931", "name": "Q112843931", "status": "missing", "osm_id": null, "type": "biblioteca pubblica"}, "geometry": {"type": "Point", "coordinates": [16.0850045, 39.9736562]}}, {"type": "Feature", "properties": {"wikidata": "Q113091691", "name": "Q113091691", "status": "missing", "osm_id": null, "type": "biblioteca privata"}, "geometry": {"type": "Point", "coordinates": [15.7787407, 40.6401508]}}, {"type": "Feature", "properties": {"wikidata": "Q112843942", "name": "Q112843942", "status": "missing", "osm_id": null, "type": "biblioteca pubblica"}, "geometry": {"type": "Point", "coordinates": [15.8356333, 40.0472629]}}, {"type": "Feature", "properties": {"wikidata": "Q113091690", "name": "Q113091690", "status": "missing", "osm_id": null, "type": "biblioteca privata"}, "geometry": {"type": "Point", "coordinates": [15.8224702, 40.9648134]}}, {"type": "Feature", "properties": {"wikidata": "Q113092911", "name": "Q113092911", "status": "missing", "osm_id": null, "type": "biblioteca privata"}, "geometry": {"type": "Point", "coordinates": [16.0748745, 40.190348]}}, {"type": "Feature", "properties": {"wikidata": "Q112843927", "name": "Q112843927", "status": "missing", "osm_id": null, "type": "biblioteca pubblica"}, "geometry": {"type": "Point", "coordinates": [15.678703411, 40.583100117]}}, {"type": "Feature", "properties": {"wikidata": "Q113091654", "name": "Q113091654", "status": "missing", "osm_id": null, "type": "biblioteca di conservazione"}, "geometry": {"type": "Point", "coordinates": [16.1345705, 40.6394684]}}, {"type": "Feature", "properties": {"wikidata": "Q112843945", "name": "Q112843945", "status": "missing", "osm_id": null, "type": "biblioteca pubblica"}, "geometry": {"type": "Point", "coordinates": [15.9772044, 40.0882152]}}, {"type": "Feature", "properties": {"wikidata": "Q113086175", "name": "Q113086175", "status": "missing", "osm_id": null, "type": "biblioteca di un ente territoriale italiano"}, "geometry": {"type": "Point", "coordinates": [16.3343626, 40.0372674]}}, {"type": "Feature", "properties": {"wikidata": "Q113091692", "name": "Q113091692", "status": "missing", "osm_id": null, "type": "biblioteca di conservazione"}, "geometry": {"type": "Point", "coordinates": [16.0198746, 40.6976041]}}, {"type": "Feature", "properties": {"wikidata": "Q112843930", "name": "Q112843930", "status": "missing", "osm_id": null, "type": "biblioteca pubblica"}, "geometry": {"type": "Point", "coordinates": [15.507684, 40.5984129]}}, {"type": "Feature", "properties": {"wikidata": "Q113092910", "name": "Q113092910", "status": "missing", "osm_id": null, "type": "biblioteca di conservazione"}, "geometry": {"type": "Point", "coordinates": [15.8067491, 40.6404025]}}, {"type": "Feature", "properties": {"wikidata": "Q113091653", "name": "Q113091653", "status": "missing", "osm_id": null, "type": "biblioteca privata"}, "geometry": {"type": "Point", "coordinates": [16.4689705, 40.2468231]}}, {"type": "Feature", "properties": {"wikidata": "Q112843944", "name": "Q112843944", "status": "missing", "osm_id": null, "type": "biblioteca pubblica"}, "geometry": {"type": "Point", "coordinates": [15.9743182, 40.0102459]}}, {"type": "Feature", "properties": {"wikidata": "Q113091688", "name": "Q113091688", "status": "missing", "osm_id": null, "type": "biblioteca privata"}, "geometry": {"type": "Point", "coordinates": [15.9394555, 40.7966187]}}, {"type": "Feature", "properties": {"wikidata": "Q113086176", "name": "Q113086176", "status": "missing", "osm_id": null, "type": "biblioteca di un ente territoriale italiano"}, "geometry": {"type": "Point", "coordinates": [16.035568, 39.9548885]}}, {"type": "Feature", "properties": {"wikidata": "Q112843939", "name": "Q112843939", "status": "missing", "osm_id": null, "type": "biblioteca pubblica"}, "geometry": {"type": "Point", "coordinates": [15.6556178, 40.9951957]}}, {"type": "Feature", "properties": {"wikidata": "Q113515580", "name": "Q113515580", "status": "missing", "osm_id": null, "type": "biblioteca specializzata"}, "geometry": {"type": "Point", "coordinates": [15.807242, 40.634438373]}}, {"type": "Feature", "properties": {"wikidata": "Q113319624", "name": "Q113319624", "status": "missing", "osm_id": null, "type": "biblioteca privata"}, "geometry": {"type": "Point", "coordinates": [15.5371189, 40.7561258]}}, {"type": "Feature", "properties": {"wikidata": "Q113130356", "name": "Q113130356", "status": "missing", "osm_id": null, "type": "chiesa"}, "geometry": {"type": "Point", "coordinates": [16.0563, 40.65258]}}, {"type": "Feature", "properties": {"wikidata": "Q113359790", "name": "Q113359790", "status": "missing", "osm_id": null, "type": "biblioteca scolastica"}, "geometry": {"type": "Point", "coordinates": [15.8002595, 40.6355225]}}, {"type": "Feature", "properties": {"wikidata": "Q113528713", "name": "Q113528713", "status": "missing", "osm_id": null, "type": "biblioteca specializzata"}, "geometry": {"type": "Point", "coordinates": [16.609884003, 40.66582223]}}, {"type": "Feature", "properties": {"wikidata": "Q113453698", "name": "Q113453698", "status": "missing", "osm_id": null, "type": "castello"}, "geometry": {"type": "Point", "coordinates": [16.050366, 40.530587]}}, {"type": "Feature", "properties": {"wikidata": "Q113527533", "name": "Q113527533", "status": "missing", "osm_id": null, "type": "biblioteca pubblica"}, "geometry": {"type": "Point", "coordinates": [15.983406, 40.929488]}}, {"type": "Feature", "properties": {"wikidata": "Q113452690", "name": "Q113452690", "status": "missing", "osm_id": null, "type": "mura cittadine"}, "geometry": {"type": "Point", "coordinates": [16.143079, 40.626013]}}, {"type": "Feature", "properties": {"wikidata": "Q113610853", "name": "Q113610853", "status": "missing", "osm_id": null, "type": "biblioteca di conservazione"}, "geometry": {"type": "Point", "coordinates": [16.609252555, 40.667058269]}}, {"type": "Feature", "properties": {"wikidata": "Q113452681", "name": "Q113452681", "status": "missing", "osm_id": null, "type": "torre"}, "geometry": {"type": "Point", "coordinates": [16.645929, 40.129828]}}, {"type": "Feature", "properties": {"wikidata": "Q113378332", "name": "Q113378332", "status": "missing", "osm_id": null, "type": "biblioteca specializzata"}, "geometry": {"type": "Point", "coordinates": [15.8062894, 40.6352833]}}, {"type": "Feature", "properties": {"wikidata": "Q113452652", "name": "Q113452652", "status": "missing", "osm_id": null, "type": "castello"}, "geometry": {"type": "Point", "coordinates": [16.349679, 40.66025]}}, {"type": "Feature", "properties": {"wikidata": "Q113453728", "name": "Q113453728", "status": "missing", "osm_id": null, "type": "mura cittadine"}, "geometry": {"type": "Point", "coordinates": [16.098914, 40.360505]}}, {"type": "Feature", "properties": {"wikidata": "Q113452658", "name": "Q113452658", "status": "missing", "osm_id": null, "type": "castello"}, "geometry": {"type": "Point", "coordinates": [16.68083, 40.216533]}}, {"type": "Feature", "properties": {"wikidata": "Q113452688", "name": "Q113452688", "status": "missing", "osm_id": null, "type": "mura cittadine"}, "geometry": {"type": "Point", "coordinates": [16.610993, 40.668181]}}, {"type": "Feature", "properties": {"wikidata": "Q113452683", "name": "Q113452683", "status": "missing", "osm_id": null, "type": "torre"}, "geometry": {"type": "Point", "coordinates": [16.660522, 40.387802]}}, {"type": "Feature", "properties": {"wikidata": "Q113526365", "name": "Q113526365", "status": "missing", "osm_id": null, "type": "biblioteca del Ministero della Cultura italiano"}, "geometry": {"type": "Point", "coordinates": [16.6095176, 40.6692694]}}, {"type": "Feature", "properties": {"wikidata": "Q113527532", "name": "Q113527532", "status": "missing", "osm_id": null, "type": "biblioteca pubblica"}, "geometry": {"type": "Point", "coordinates": [15.7216853, 39.9955675]}}, {"type": "Feature", "properties": {"wikidata": "Q113526363", "name": "Q113526363", "status": "missing", "osm_id": null, "type": "biblioteca del Ministero della Cultura italiano"}, "geometry": {"type": "Point", "coordinates": [16.6101783, 40.66323]}}, {"type": "Feature", "properties": {"wikidata": "Q113453700", "name": "Q113453700", "status": "missing", "osm_id": null, "type": "castello"}, "geometry": {"type": "Point", "coordinates": [16.097197, 40.072912]}}, {"type": "Feature", "properties": {"wikidata": "Q113453695", "name": "Q113453695", "status": "missing", "osm_id": null, "type": "castello"}, "geometry": {"type": "Point", "coordinates": [15.769286, 40.550127]}}, {"type": "Feature", "properties": {"wikidata": "Q113452660", "name": "Q113452660", "status": "missing", "osm_id": null, "type": "castello"}, "geometry": {"type": "Point", "coordinates": [16.229746, 40.404318]}}, {"type": "Feature", "properties": {"wikidata": "Q113453723", "name": "Q113453723", "status": "missing", "osm_id": null, "type": "torre"}, "geometry": {"type": "Point", "coordinates": [15.715352, 40.732251]}}, {"type": "Feature", "properties": {"wikidata": "Q113453731", "name": "Q113453731", "status": "missing", "osm_id": null, "type": "mura cittadine"}, "geometry": {"type": "Point", "coordinates": [16.286636, 40.144506]}}, {"type": "Feature", "properties": {"wikidata": "Q113528736", "name": "Q113528736", "status": "missing", "osm_id": null, "type": "biblioteca accademica"}, "geometry": {"type": "Point", "coordinates": [15.7910673, 40.6389965]}}, {"type": "Feature", "properties": {"wikidata": "Q113452687", "name": "Q113452687", "status": "missing", "osm_id": null, "type": "finca"}, "geometry": {"type": "Point", "coordinates": [16.654465, 40.251182]}}, {"type": "Feature", "properties": {"wikidata": "Q113610963", "name": "Q113610963", "status": "missing", "osm_id": null, "type": "biblioteca specializzata"}, "geometry": {"type": "Point", "coordinates": [15.785564, 40.6398746]}}, {"type": "Feature", "properties": {"wikidata": "Q113453727", "name": "Q113453727", "status": "missing", "osm_id": null, "type": "mura cittadine"}, "geometry": {"type": "Point", "coordinates": [15.812529, 40.508155]}}, {"type": "Feature", "properties": {"wikidata": "Q113453703", "name": "Q113453703", "status": "missing", "osm_id": null, "type": "castello"}, "geometry": {"type": "Point", "coordinates": [15.800963, 41.048992]}}, {"type": "Feature", "properties": {"wikidata": "Q113535929", "name": "Q113535929", "status": "done", "osm_id": "node/9487017894", "type": "biblioteca di conservazione"}, "geometry": {"type": "Point", "coordinates": [15.991899, 40.2977958]}}, {"type": "Feature", "properties": {"wikidata": "Q113535928", "name": "Q113535928", "status": "missing", "osm_id": null, "type": "biblioteca di conservazione"}, "geometry": {"type": "Point", "coordinates": [15.716767, 40.731242]}}, {"type": "Feature", "properties": {"wikidata": "Q113452659", "name": "Q113452659", "status": "missing", "osm_id": null, "type": "castello"}, "geometry": {"type": "Point", "coordinates": [16.548919, 40.515353]}}, {"type": "Feature", "properties": {"wikidata": "Q113453729", "name": "Q113453729", "status": "missing", "osm_id": null, "type": "mura cittadine"}, "geometry": {"type": "Point", "coordinates": [15.658511, 40.993383]}}, {"type": "Feature", "properties": {"wikidata": "Q113453708", "name": "Q113453708", "status": "missing", "osm_id": null, "type": "castello"}, "geometry": {"type": "Point", "coordinates": [15.538825, 40.845774]}}, {"type": "Feature", "properties": {"wikidata": "Q113452657", "name": "Q113452657", "status": "missing", "osm_id": null, "type": "castello"}, "geometry": {"type": "Point", "coordinates": [16.550107, 40.390203]}}, {"type": "Feature", "properties": {"wikidata": "Q113453711", "name": "Q113453711", "status": "missing", "osm_id": null, "type": "castello"}, "geometry": {"type": "Point", "coordinates": [16.289645, 40.144937]}}, {"type": "Feature", "properties": {"wikidata": "Q113526413", "name": "Q113526413", "status": "missing", "osm_id": null, "type": "biblioteca del Ministero della Cultura italiano"}, "geometry": {"type": "Point", "coordinates": [15.806281243, 40.64004161]}}, {"type": "Feature", "properties": {"wikidata": "Q113453710", "name": "Q113453710", "status": "missing", "osm_id": null, "type": "castello"}, "geometry": {"type": "Point", "coordinates": [15.636871, 40.545138]}}, {"type": "Feature", "properties": {"wikidata": "Q113453704", "name": "Q113453704", "status": "missing", "osm_id": null, "type": "castello"}, "geometry": {"type": "Point", "coordinates": [15.722841, 39.987454]}}, {"type": "Feature", "properties": {"wikidata": "Q113453701", "name": "Q113453701", "status": "missing", "osm_id": null, "type": "castello"}, "geometry": {"type": "Point", "coordinates": [15.765467, 40.120181]}}, {"type": "Feature", "properties": {"wikidata": "Q113453697", "name": "Q113453697", "status": "missing", "osm_id": null, "type": "castello"}, "geometry": {"type": "Point", "coordinates": [15.510925, 40.650454]}}, {"type": "Feature", "properties": {"wikidata": "Q113453730", "name": "Q113453730", "status": "missing", "osm_id": null, "type": "mura cittadine"}, "geometry": {"type": "Point", "coordinates": [15.676729, 40.977962]}}, {"type": "Feature", "properties": {"wikidata": "Q113526416", "name": "Q113526416", "status": "missing", "osm_id": null, "type": "biblioteca del Ministero della Cultura italiano"}, "geometry": {"type": "Point", "coordinates": [15.823235738, 40.633719075]}}, {"type": "Feature", "properties": {"wikidata": "Q113452655", "name": "Q113452655", "status": "missing", "osm_id": null, "type": "castello"}, "geometry": {"type": "Point", "coordinates": [16.500505, 40.571022]}}, {"type": "Feature", "properties": {"wikidata": "Q113092914", "name": "Q113092914", "status": "missing", "osm_id": null, "type": "biblioteca di conservazione"}, "geometry": {"type": "Point", "coordinates": [15.9247579, 40.7312937]}}, {"type": "Feature", "properties": {"wikidata": "Q113452685", "name": "Q113452685", "status": "missing", "osm_id": null, "type": "finca"}, "geometry": {"type": "Point", "coordinates": [16.617237, 40.642887]}}, {"type": "Feature", "properties": {"wikidata": "Q113462003", "name": "Q113462003", "status": "missing", "osm_id": null, "type": "chiesa"}, "geometry": {"type": "Point", "coordinates": [16.6118465, 40.6677348]}}, {"type": "Feature", "properties": {"wikidata": "Q113452648", "name": "Q113452648", "status": "missing", "osm_id": null, "type": "castello"}, "geometry": {"type": "Point", "coordinates": [16.81273, 40.36996]}}, {"type": "Feature", "properties": {"wikidata": "Q113169464", "name": "Q113169464", "status": "missing", "osm_id": null, "type": "biblioteca universitaria"}, "geometry": {"type": "Point", "coordinates": [16.6032165, 40.6614631]}}, {"type": "Feature", "properties": {"wikidata": "Q113453699", "name": "Q113453699", "status": "missing", "osm_id": null, "type": "castello"}, "geometry": {"type": "Point", "coordinates": [16.213943, 40.125144]}}, {"type": "Feature", "properties": {"wikidata": "Q113452684", "name": "Q113452684", "status": "missing", "osm_id": null, "type": "finca"}, "geometry": {"type": "Point", "coordinates": [16.527096, 40.655802]}}, {"type": "Feature", "properties": {"wikidata": "Q113453709", "name": "Q113453709", "status": "missing", "osm_id": null, "type": "castello"}, "geometry": {"type": "Point", "coordinates": [16.079382, 40.189131]}}, {"type": "Feature", "properties": {"wikidata": "Q113378315", "name": "Q113378315", "status": "missing", "osm_id": null, "type": "biblioteca specializzata"}, "geometry": {"type": "Point", "coordinates": [16.608084131, 40.668776232]}}, {"type": "Feature", "properties": {"wikidata": "Q113452651", "name": "Q113452651", "status": "missing", "osm_id": null, "type": "castello"}, "geometry": {"type": "Point", "coordinates": [16.28029, 40.634143]}}, {"type": "Feature", "properties": {"wikidata": "Q113452686", "name": "Q113452686", "status": "missing", "osm_id": null, "type": "finca"}, "geometry": {"type": "Point", "coordinates": [16.701306, 40.610699]}}, {"type": "Feature", "properties": {"wikidata": "Q113453722", "name": "Q113453722", "status": "missing", "osm_id": null, "type": "torre"}, "geometry": {"type": "Point", "coordinates": [15.652664, 40.879179]}}, {"type": "Feature", "properties": {"wikidata": "Q113453733", "name": "Q113453733", "status": "missing", "osm_id": null, "type": "finca"}, "geometry": {"type": "Point", "coordinates": [15.739632, 41.082821]}}, {"type": "Feature", "properties": {"wikidata": "Q113453707", "name": "Q113453707", "status": "missing", "osm_id": null, "type": "castello"}, "geometry": {"type": "Point", "coordinates": [16.166285, 40.282667]}}, {"type": "Feature", "properties": {"wikidata": "Q113453734", "name": "Q113453734", "status": "missing", "osm_id": null, "type": "palazzo italiano"}, "geometry": {"type": "Point", "coordinates": [15.678542, 40.717148]}}, {"type": "Feature", "properties": {"wikidata": "Q113452682", "name": "Q113452682", "status": "missing", "osm_id": null, "type": "torre"}, "geometry": {"type": "Point", "coordinates": [16.552186, 40.390698]}}, {"type": "Feature", "properties": {"wikidata": "Q113527534", "name": "Q113527534", "status": "missing", "osm_id": null, "type": "biblioteca di conservazione"}, "geometry": {"type": "Point", "coordinates": [15.8003383, 40.6363383]}}, {"type": "Feature", "properties": {"wikidata": "Q113453726", "name": "Q113453726", "status": "missing", "osm_id": null, "type": "torre"}, "geometry": {"type": "Point", "coordinates": [16.085465, 40.189947]}}, {"type": "Feature", "properties": {"wikidata": "Q113359789", "name": "Q113359789", "status": "missing", "osm_id": null, "type": "biblioteca scolastica"}, "geometry": {"type": "Point", "coordinates": [15.5354042, 40.7552118]}}, {"type": "Feature", "properties": {"wikidata": "Q113453712", "name": "Q113453712", "status": "missing", "osm_id": null, "type": "castello"}, "geometry": {"type": "Point", "coordinates": [15.780117, 40.020923]}}, {"type": "Feature", "properties": {"wikidata": "Q113319524", "name": "Q113319524", "status": "missing", "osm_id": null, "type": "biblioteca privata"}, "geometry": {"type": "Point", "coordinates": [16.6071195, 40.673426]}}, {"type": "Feature", "properties": {"wikidata": "Q113515501", "name": "Q113515501", "status": "missing", "osm_id": null, "type": "biblioteca specializzata"}, "geometry": {"type": "Point", "coordinates": [16.5701927, 40.18924]}}, {"type": "Feature", "properties": {"wikidata": "Q113452650", "name": "Q113452650", "status": "missing", "osm_id": null, "type": "castello"}, "geometry": {"type": "Point", "coordinates": [16.17191, 40.39227]}}, {"type": "Feature", "properties": {"wikidata": "Q113092913", "name": "Q113092913", "status": "missing", "osm_id": null, "type": "biblioteca pubblica"}, "geometry": {"type": "Point", "coordinates": [15.8055471, 40.6464034]}}, {"type": "Feature", "properties": {"wikidata": "Q113526359", "name": "Q113526359", "status": "missing", "osm_id": null, "type": "biblioteca del Ministero della Cultura italiano"}, "geometry": {"type": "Point", "coordinates": [16.6093144, 40.6639754]}}, {"type": "Feature", "properties": {"wikidata": "Q113452689", "name": "Q113452689", "status": "missing", "osm_id": null, "type": "mura cittadine"}, "geometry": {"type": "Point", "coordinates": [16.503348, 40.569808]}}, {"type": "Feature", "properties": {"wikidata": "Q113378331", "name": "Q113378331", "status": "missing", "osm_id": null, "type": "biblioteca del Ministero della Cultura italiano"}, "geometry": {"type": "Point", "coordinates": [15.8057688, 40.6405691]}}, {"type": "Feature", "properties": {"wikidata": "Q113453732", "name": "Q113453732", "status": "missing", "osm_id": null, "type": "finca"}, "geometry": {"type": "Point", "coordinates": [15.722972, 40.430576]}}, {"type": "Feature", "properties": {"wikidata": "Q113452653", "name": "Q113452653", "status": "missing", "osm_id": null, "type": "castello"}, "geometry": {"type": "Point", "coordinates": [16.244091, 40.742002]}}, {"type": "Feature", "properties": {"wikidata": "Q113092912", "name": "Q113092912", "status": "missing", "osm_id": null, "type": "biblioteca specializzata"}, "geometry": {"type": "Point", "coordinates": [15.5098035, 40.5988588]}}, {"type": "Feature", "properties": {"wikidata": "Q113452680", "name": "Q113452680", "status": "missing", "osm_id": null, "type": "torre"}, "geometry": {"type": "Point", "coordinates": [16.667279, 40.685467]}}, {"type": "Feature", "properties": {"wikidata": "Q113452649", "name": "Q113452649", "status": "missing", "osm_id": null, "type": "castello"}, "geometry": {"type": "Point", "coordinates": [16.19763, 40.58729]}}, {"type": "Feature", "properties": {"wikidata": "Q113452656", "name": "Q113452656", "status": "missing", "osm_id": null, "type": "castello"}, "geometry": {"type": "Point", "coordinates": [16.529462, 40.340841]}}, {"type": "Feature", "properties": {"wikidata": "Q113359788", "name": "Q113359788", "status": "missing", "osm_id": null, "type": "biblioteca scolastica"}, "geometry": {"type": "Point", "coordinates": [15.7204097, 40.730437]}}, {"type": "Feature", "properties": {"wikidata": "Q113453705", "name": "Q113453705", "status": "missing", "osm_id": null, "type": "castello"}, "geometry": {"type": "Point", "coordinates": [15.823236, 40.377662]}}, {"type": "Feature", "properties": {"wikidata": "Q122331163", "name": "Q122331163", "status": "missing", "osm_id": null, "type": "chiesa"}, "geometry": {"type": "Point", "coordinates": [15.76025, 40.1304]}}, {"type": "Feature", "properties": {"wikidata": "Q122331135", "name": "Q122331135", "status": "missing", "osm_id": null, "type": "chiesa"}, "geometry": {"type": "Point", "coordinates": [16.030308, 40.852778]}}, {"type": "Feature", "properties": {"wikidata": "Q122331156", "name": "Q122331156", "status": "missing", "osm_id": null, "type": "chiesa"}, "geometry": {"type": "Point", "coordinates": [15.765139, 40.123706]}}, {"type": "Feature", "properties": {"wikidata": "Q122331197", "name": "Q122331197", "status": "missing", "osm_id": null, "type": "chiesa"}, "geometry": {"type": "Point", "coordinates": [15.842611, 40.049344]}}, {"type": "Feature", "properties": {"wikidata": "Q122331154", "name": "Q122331154", "status": "missing", "osm_id": null, "type": "cappella"}, "geometry": {"type": "Point", "coordinates": [15.767478, 40.122889]}}, {"type": "Feature", "properties": {"wikidata": "Q122331212", "name": "Q122331212", "status": "missing", "osm_id": null, "type": "chiesa"}, "geometry": {"type": "Point", "coordinates": [15.801092, 41.049447]}}, {"type": "Feature", "properties": {"wikidata": "Q122331144", "name": "Q122331144", "status": "missing", "osm_id": null, "type": "chiesa"}, "geometry": {"type": "Point", "coordinates": [15.854444, 40.29125]}}, {"type": "Feature", "properties": {"wikidata": "Q122331149", "name": "Q122331149", "status": "missing", "osm_id": null, "type": "chiesa"}, "geometry": {"type": "Point", "coordinates": [15.881111, 40.278556]}}, {"type": "Feature", "properties": {"wikidata": "Q122331134", "name": "Q122331134", "status": "missing", "osm_id": null, "type": "chiesa"}, "geometry": {"type": "Point", "coordinates": [16.030678, 40.851619]}}, {"type": "Feature", "properties": {"wikidata": "Q122331202", "name": "Q122331202", "status": "missing", "osm_id": null, "type": "chiesa"}, "geometry": {"type": "Point", "coordinates": [15.837361, 40.040847]}}, {"type": "Feature", "properties": {"wikidata": "Q122331145", "name": "Q122331145", "status": "missing", "osm_id": null, "type": "cappella"}, "geometry": {"type": "Point", "coordinates": [15.893806, 40.286917]}}, {"type": "Feature", "properties": {"wikidata": "Q122331174", "name": "Q122331174", "status": "missing", "osm_id": null, "type": "chiesa"}, "geometry": {"type": "Point", "coordinates": [16.030867, 40.059061]}}, {"type": "Feature", "properties": {"wikidata": "Q122331165", "name": "Q122331165", "status": "missing", "osm_id": null, "type": "palazzo"}, "geometry": {"type": "Point", "coordinates": [15.762083, 40.132878]}}, {"type": "Feature", "properties": {"wikidata": "Q122331151", "name": "Q122331151", "status": "missing", "osm_id": null, "type": "cappella"}, "geometry": {"type": "Point", "coordinates": [16.087089, 40.350156]}}, {"type": "Feature", "properties": {"wikidata": "Q122331207", "name": "Q122331207", "status": "missing", "osm_id": null, "type": "cappella"}, "geometry": {"type": "Point", "coordinates": [15.797278, 41.048553]}}, {"type": "Feature", "properties": {"wikidata": "Q122331158", "name": "Q122331158", "status": "missing", "osm_id": null, "type": "chiesa"}, "geometry": {"type": "Point", "coordinates": [15.765306, 40.122156]}}, {"type": "Feature", "properties": {"wikidata": "Q122331153", "name": "Q122331153", "status": "missing", "osm_id": null, "type": "cappella"}, "geometry": {"type": "Point", "coordinates": [15.766961, 40.121617]}}, {"type": "Feature", "properties": {"wikidata": "Q122331155", "name": "Q122331155", "status": "missing", "osm_id": null, "type": "cappella"}, "geometry": {"type": "Point", "coordinates": [15.764167, 40.124564]}}, {"type": "Feature", "properties": {"wikidata": "Q122331185", "name": "Q122331185", "status": "missing", "osm_id": null, "type": "cappella"}, "geometry": {"type": "Point", "coordinates": [15.837306, 40.040883]}}, {"type": "Feature", "properties": {"wikidata": "Q122331128", "name": "Q122331128", "status": "missing", "osm_id": null, "type": "chiesa"}, "geometry": {"type": "Point", "coordinates": [16.138667, 40.30105]}}, {"type": "Feature", "properties": {"wikidata": "Q122331172", "name": "Q122331172", "status": "missing", "osm_id": null, "type": "cappella"}, "geometry": {"type": "Point", "coordinates": [16.008314, 40.089564]}}, {"type": "Feature", "properties": {"wikidata": "Q122331127", "name": "Q122331127", "status": "done", "osm_id": "way/266387663", "type": "chiesa"}, "geometry": {"type": "Point", "coordinates": [16.13775, 40.288028]}}, {"type": "Feature", "properties": {"wikidata": "Q122331179", "name": "Q122331179", "status": "missing", "osm_id": null, "type": "chiesa"}, "geometry": {"type": "Point", "coordinates": [15.971306, 40.460806]}}, {"type": "Feature", "properties": {"wikidata": "Q122331201", "name": "Q122331201", "status": "missing", "osm_id": null, "type": "chiesa"}, "geometry": {"type": "Point", "coordinates": [15.836306, 40.04165]}}, {"type": "Feature", "properties": {"wikidata": "Q122331123", "name": "Q122331123", "status": "missing", "osm_id": null, "type": "chiesa"}, "geometry": {"type": "Point", "coordinates": [15.683858, 40.797028]}}, {"type": "Feature", "properties": {"wikidata": "Q122331171", "name": "Q122331171", "status": "missing", "osm_id": null, "type": "cappella"}, "geometry": {"type": "Point", "coordinates": [16.019608, 40.088356]}}, {"type": "Feature", "properties": {"wikidata": "Q122331162", "name": "Q122331162", "status": "missing", "osm_id": null, "type": "chiesa"}, "geometry": {"type": "Point", "coordinates": [15.762028, 40.124781]}}, {"type": "Feature", "properties": {"wikidata": "Q122331138", "name": "Q122331138", "status": "missing", "osm_id": null, "type": "chiesa"}, "geometry": {"type": "Point", "coordinates": [15.7285, 40.928472]}}, {"type": "Feature", "properties": {"wikidata": "Q122331148", "name": "Q122331148", "status": "done", "osm_id": "way/182268404", "type": "chiesa"}, "geometry": {"type": "Point", "coordinates": [15.89175, 40.287556]}}, {"type": "Feature", "properties": {"wikidata": "Q122331133", "name": "Q122331133", "status": "missing", "osm_id": null, "type": "chiesa"}, "geometry": {"type": "Point", "coordinates": [16.027108, 40.843278]}}, {"type": "Feature", "properties": {"wikidata": "Q122331175", "name": "Q122331175", "status": "missing", "osm_id": null, "type": "chiesa"}, "geometry": {"type": "Point", "coordinates": [16.052489, 40.052577]}}, {"type": "Feature", "properties": {"wikidata": "Q122331169", "name": "Q122331169", "status": "missing", "osm_id": null, "type": "chiesa"}, "geometry": {"type": "Point", "coordinates": [15.983431, 40.083818]}}, {"type": "Feature", "properties": {"wikidata": "Q122331122", "name": "Q122331122", "status": "missing", "osm_id": null, "type": "chiesa"}, "geometry": {"type": "Point", "coordinates": [15.684561, 40.788083]}}, {"type": "Feature", "properties": {"wikidata": "Q122331129", "name": "Q122331129", "status": "done", "osm_id": "way/1005510733", "type": "chiesa"}, "geometry": {"type": "Point", "coordinates": [16.140628, 40.286417]}}, {"type": "Feature", "properties": {"wikidata": "Q122331205", "name": "Q122331205", "status": "missing", "osm_id": null, "type": "chiesa"}, "geometry": {"type": "Point", "coordinates": [15.936944, 40.083]}}, {"type": "Feature", "properties": {"wikidata": "Q122331131", "name": "Q122331131", "status": "done", "osm_id": "way/295379754", "type": "chiesa"}, "geometry": {"type": "Point", "coordinates": [16.138608, 40.289528]}}, {"type": "Feature", "properties": {"wikidata": "Q122331136", "name": "Q122331136", "status": "missing", "osm_id": null, "type": "cappella"}, "geometry": {"type": "Point", "coordinates": [16.027978, 40.851906]}}, {"type": "Feature", "properties": {"wikidata": "Q122331170", "name": "Q122331170", "status": "missing", "osm_id": null, "type": "cappella"}, "geometry": {"type": "Point", "coordinates": [16.044003, 40.057572]}}, {"type": "Feature", "properties": {"wikidata": "Q122331168", "name": "Q122331168", "status": "missing", "osm_id": null, "type": "cappella"}, "geometry": {"type": "Point", "coordinates": [16.02325, 40.057347]}}, {"type": "Feature", "properties": {"wikidata": "Q122331206", "name": "Q122331206", "status": "missing", "osm_id": null, "type": "chiesa"}, "geometry": {"type": "Point", "coordinates": [15.925611, 40.094842]}}, {"type": "Feature", "properties": {"wikidata": "Q122331198", "name": "Q122331198", "status": "missing", "osm_id": null, "type": "chiesa"}, "geometry": {"type": "Point", "coordinates": [15.835003, 40.044917]}}, {"type": "Feature", "properties": {"wikidata": "Q122331215", "name": "Q122331215", "status": "missing", "osm_id": null, "type": "cappella"}, "geometry": {"type": "Point", "coordinates": [15.760444, 39.937806]}}, {"type": "Feature", "properties": {"wikidata": "Q122331137", "name": "Q122331137", "status": "missing", "osm_id": null, "type": "chiesa"}, "geometry": {"type": "Point", "coordinates": [16.030625, 40.850867]}}, {"type": "Feature", "properties": {"wikidata": "Q122331160", "name": "Q122331160", "status": "missing", "osm_id": null, "type": "chiesa"}, "geometry": {"type": "Point", "coordinates": [15.765694, 40.122586]}}, {"type": "Feature", "properties": {"wikidata": "Q122331113", "name": "Q122331113", "status": "missing", "osm_id": null, "type": "chiesa"}, "geometry": {"type": "Point", "coordinates": [16.078456, 40.083922]}}, {"type": "Feature", "properties": {"wikidata": "Q122331184", "name": "Q122331184", "status": "missing", "osm_id": null, "type": "cappella"}, "geometry": {"type": "Point", "coordinates": [15.837944, 40.047458]}}, {"type": "Feature", "properties": {"wikidata": "Q122331183", "name": "Q122331183", "status": "missing", "osm_id": null, "type": "cappella"}, "geometry": {"type": "Point", "coordinates": [15.855528, 40.035816]}}, {"type": "Feature", "properties": {"wikidata": "Q122331180", "name": "Q122331180", "status": "missing", "osm_id": null, "type": "chiesa"}, "geometry": {"type": "Point", "coordinates": [15.975, 40.457583]}}, {"type": "Feature", "properties": {"wikidata": "Q122331178", "name": "Q122331178", "status": "missing", "osm_id": null, "type": "chiesa"}, "geometry": {"type": "Point", "coordinates": [15.972972, 40.461278]}}, {"type": "Feature", "properties": {"wikidata": "Q122331118", "name": "Q122331118", "status": "missing", "osm_id": null, "type": "chiesa"}, "geometry": {"type": "Point", "coordinates": [15.715083, 40.831972]}}, {"type": "Feature", "properties": {"wikidata": "Q122331203", "name": "Q122331203", "status": "missing", "osm_id": null, "type": "chiesa"}, "geometry": {"type": "Point", "coordinates": [15.836333, 40.052395]}}, {"type": "Feature", "properties": {"wikidata": "Q122331140", "name": "Q122331140", "status": "missing", "osm_id": null, "type": "chiesa"}, "geometry": {"type": "Point", "coordinates": [15.89125, 40.286917]}}, {"type": "Feature", "properties": {"wikidata": "Q122331196", "name": "Q122331196", "status": "missing", "osm_id": null, "type": "chiesa"}, "geometry": {"type": "Point", "coordinates": [15.837611, 40.049769]}}, {"type": "Feature", "properties": {"wikidata": "Q122331164", "name": "Q122331164", "status": "missing", "osm_id": null, "type": "chiesa"}, "geometry": {"type": "Point", "coordinates": [15.763694, 40.126542]}}, {"type": "Feature", "properties": {"wikidata": "Q122331142", "name": "Q122331142", "status": "missing", "osm_id": null, "type": "cappella"}, "geometry": {"type": "Point", "coordinates": [15.888667, 40.283222]}}, {"type": "Feature", "properties": {"wikidata": "Q122331116", "name": "Q122331116", "status": "missing", "osm_id": null, "type": "chiesa"}, "geometry": {"type": "Point", "coordinates": [16.169394, 40.114147]}}, {"type": "Feature", "properties": {"wikidata": "Q122331121", "name": "Q122331121", "status": "missing", "osm_id": null, "type": "chiesa"}, "geometry": {"type": "Point", "coordinates": [15.718258, 40.857306]}}, {"type": "Feature", "properties": {"wikidata": "Q122331124", "name": "Q122331124", "status": "missing", "osm_id": null, "type": "cappella"}, "geometry": {"type": "Point", "coordinates": [16.204722, 40.081617]}}, {"type": "Feature", "properties": {"wikidata": "Q122331120", "name": "Q122331120", "status": "missing", "osm_id": null, "type": "chiesa"}, "geometry": {"type": "Point", "coordinates": [15.720111, 40.860667]}}, {"type": "Feature", "properties": {"wikidata": "Q122331194", "name": "Q122331194", "status": "missing", "osm_id": null, "type": "chiesa"}, "geometry": {"type": "Point", "coordinates": [15.902186, 40.020328]}}, {"type": "Feature", "properties": {"wikidata": "Q122331209", "name": "Q122331209", "status": "missing", "osm_id": null, "type": "chiesa"}, "geometry": {"type": "Point", "coordinates": [15.788, 41.044381]}}, {"type": "Feature", "properties": {"wikidata": "Q122331213", "name": "Q122331213", "status": "missing", "osm_id": null, "type": "chiesa"}, "geometry": {"type": "Point", "coordinates": [15.794889, 41.046414]}}, {"type": "Feature", "properties": {"wikidata": "Q122331125", "name": "Q122331125", "status": "missing", "osm_id": null, "type": "cappella"}, "geometry": {"type": "Point", "coordinates": [16.204583, 40.080269]}}, {"type": "Feature", "properties": {"wikidata": "Q122331112", "name": "Q122331112", "status": "missing", "osm_id": null, "type": "cappella"}, "geometry": {"type": "Point", "coordinates": [16.096883, 40.075706]}}, {"type": "Feature", "properties": {"wikidata": "Q122331161", "name": "Q122331161", "status": "missing", "osm_id": null, "type": "chiesa"}, "geometry": {"type": "Point", "coordinates": [15.7645, 40.125375]}}, {"type": "Feature", "properties": {"wikidata": "Q122331146", "name": "Q122331146", "status": "missing", "osm_id": null, "type": "cappella"}, "geometry": {"type": "Point", "coordinates": [15.882778, 40.294028]}}, {"type": "Feature", "properties": {"wikidata": "Q122331188", "name": "Q122331188", "status": "missing", "osm_id": null, "type": "cappella"}, "geometry": {"type": "Point", "coordinates": [15.847389, 40.040428]}}, {"type": "Feature", "properties": {"wikidata": "Q122331187", "name": "Q122331187", "status": "missing", "osm_id": null, "type": "cappella"}, "geometry": {"type": "Point", "coordinates": [15.835669, 40.044297]}}, {"type": "Feature", "properties": {"wikidata": "Q122331192", "name": "Q122331192", "status": "missing", "osm_id": null, "type": "chiesa"}, "geometry": {"type": "Point", "coordinates": [15.8359, 40.046117]}}, {"type": "Feature", "properties": {"wikidata": "Q122331167", "name": "Q122331167", "status": "missing", "osm_id": null, "type": "chiesa"}, "geometry": {"type": "Point", "coordinates": [15.822694, 40.122228]}}, {"type": "Feature", "properties": {"wikidata": "Q122331126", "name": "Q122331126", "status": "missing", "osm_id": null, "type": "chiesa"}, "geometry": {"type": "Point", "coordinates": [16.205278, 40.081369]}}, {"type": "Feature", "properties": {"wikidata": "Q122331150", "name": "Q122331150", "status": "missing", "osm_id": null, "type": "cappella"}, "geometry": {"type": "Point", "coordinates": [15.890944, 40.285006]}}, {"type": "Feature", "properties": {"wikidata": "Q122331190", "name": "Q122331190", "status": "missing", "osm_id": null, "type": "chiesa"}, "geometry": {"type": "Point", "coordinates": [15.891778, 40.0703]}}, {"type": "Feature", "properties": {"wikidata": "Q122331147", "name": "Q122331147", "status": "missing", "osm_id": null, "type": "chiesa"}, "geometry": {"type": "Point", "coordinates": [15.888306, 40.273028]}}, {"type": "Feature", "properties": {"wikidata": "Q122331157", "name": "Q122331157", "status": "missing", "osm_id": null, "type": "chiesa"}, "geometry": {"type": "Point", "coordinates": [15.765222, 40.121906]}}, {"type": "Feature", "properties": {"wikidata": "Q122331143", "name": "Q122331143", "status": "missing", "osm_id": null, "type": "chiesa"}, "geometry": {"type": "Point", "coordinates": [15.903, 40.286806]}}, {"type": "Feature", "properties": {"wikidata": "Q122331199", "name": "Q122331199", "status": "missing", "osm_id": null, "type": "chiesa"}, "geometry": {"type": "Point", "coordinates": [15.839417, 40.049014]}}, {"type": "Feature", "properties": {"wikidata": "Q122331130", "name": "Q122331130", "status": "done", "osm_id": "way/1005510720", "type": "chiesa"}, "geometry": {"type": "Point", "coordinates": [16.142508, 40.28595]}}, {"type": "Feature", "properties": {"wikidata": "Q122331200", "name": "Q122331200", "status": "missing", "osm_id": null, "type": "chiesa"}, "geometry": {"type": "Point", "coordinates": [15.837833, 40.046042]}}, {"type": "Feature", "properties": {"wikidata": "Q122331191", "name": "Q122331191", "status": "missing", "osm_id": null, "type": "chiesa"}, "geometry": {"type": "Point", "coordinates": [15.941528, 40.061944]}}, {"type": "Feature", "properties": {"wikidata": "Q122331119", "name": "Q122331119", "status": "missing", "osm_id": null, "type": "chiesa"}, "geometry": {"type": "Point", "coordinates": [15.704944, 40.811861]}}, {"type": "Feature", "properties": {"wikidata": "Q122331181", "name": "Q122331181", "status": "missing", "osm_id": null, "type": "cappella"}, "geometry": {"type": "Point", "coordinates": [15.963333, 40.070406]}}, {"type": "Feature", "properties": {"wikidata": "Q122331159", "name": "Q122331159", "status": "missing", "osm_id": null, "type": "chiesa"}, "geometry": {"type": "Point", "coordinates": [15.802103, 40.119343]}}, {"type": "Feature", "properties": {"wikidata": "Q122331189", "name": "Q122331189", "status": "missing", "osm_id": null, "type": "chiesa"}, "geometry": {"type": "Point", "coordinates": [15.861361, 39.994111]}}, {"type": "Feature", "properties": {"wikidata": "Q122331152", "name": "Q122331152", "status": "missing", "osm_id": null, "type": "cappella"}, "geometry": {"type": "Point", "coordinates": [15.764028, 40.121003]}}, {"type": "Feature", "properties": {"wikidata": "Q122331193", "name": "Q122331193", "status": "missing", "osm_id": null, "type": "chiesa"}, "geometry": {"type": "Point", "coordinates": [15.857, 40.072244]}}, {"type": "Feature", "properties": {"wikidata": "Q122331117", "name": "Q122331117", "status": "missing", "osm_id": null, "type": "chiesa"}, "geometry": {"type": "Point", "coordinates": [15.685414, 40.82825]}}, {"type": "Feature", "properties": {"wikidata": "Q122331176", "name": "Q122331176", "status": "missing", "osm_id": null, "type": "chiesa"}, "geometry": {"type": "Point", "coordinates": [15.968769, 40.462167]}}, {"type": "Feature", "properties": {"wikidata": "Q122331141", "name": "Q122331141", "status": "missing", "osm_id": null, "type": "cappella"}, "geometry": {"type": "Point", "coordinates": [15.890028, 40.287861]}}, {"type": "Feature", "properties": {"wikidata": "Q122331186", "name": "Q122331186", "status": "missing", "osm_id": null, "type": "cappella"}, "geometry": {"type": "Point", "coordinates": [15.921472, 40.073219]}}, {"type": "Feature", "properties": {"wikidata": "Q122331210", "name": "Q122331210", "status": "missing", "osm_id": null, "type": "chiesa"}, "geometry": {"type": "Point", "coordinates": [15.788639, 41.048228]}}, {"type": "Feature", "properties": {"wikidata": "Q122331214", "name": "Q122331214", "status": "missing", "osm_id": null, "type": "chiesa"}, "geometry": {"type": "Point", "coordinates": [15.788639, 41.048228]}}, {"type": "Feature", "properties": {"wikidata": "Q122331195", "name": "Q122331195", "status": "missing", "osm_id": null, "type": "chiesa"}, "geometry": {"type": "Point", "coordinates": [15.833572, 40.043775]}}, {"type": "Feature", "properties": {"wikidata": "Q122331182", "name": "Q122331182", "status": "missing", "osm_id": null, "type": "cappella"}, "geometry": {"type": "Point", "coordinates": [15.836167, 40.043364]}}, {"type": "Feature", "properties": {"wikidata": "Q122331139", "name": "Q122331139", "status": "missing", "osm_id": null, "type": "cappella"}, "geometry": {"type": "Point", "coordinates": [15.904917, 40.281528]}}, {"type": "Feature", "properties": {"wikidata": "Q122331211", "name": "Q122331211", "status": "missing", "osm_id": null, "type": "chiesa"}, "geometry": {"type": "Point", "coordinates": [15.791722, 41.046739]}}, {"type": "Feature", "properties": {"wikidata": "Q122331177", "name": "Q122331177", "status": "missing", "osm_id": null, "type": "chiesa"}, "geometry": {"type": "Point", "coordinates": [15.972972, 40.459861]}}, {"type": "Feature", "properties": {"wikidata": "Q122331173", "name": "Q122331173", "status": "missing", "osm_id": null, "type": "chiesa"}, "geometry": {"type": "Point", "coordinates": [16.013053, 40.087408]}}, {"type": "Feature", "properties": {"wikidata": "Q122331208", "name": "Q122331208", "status": "missing", "osm_id": null, "type": "chiesa"}, "geometry": {"type": "Point", "coordinates": [15.799167, 41.048081]}}, {"type": "Feature", "properties": {"wikidata": "Q122331132", "name": "Q122331132", "status": "missing", "osm_id": null, "type": "chiesa"}, "geometry": {"type": "Point", "coordinates": [16.032656, 40.849278]}}, {"type": "Feature", "properties": {"wikidata": "Q122330946", "name": "Q122330946", "status": "missing", "osm_id": null, "type": "chiesa"}, "geometry": {"type": "Point", "coordinates": [15.673833, 40.947444]}}, {"type": "Feature", "properties": {"wikidata": "Q122330954", "name": "Q122330954", "status": "missing", "osm_id": null, "type": "chiesa"}, "geometry": {"type": "Point", "coordinates": [15.593444, 40.732333]}}, {"type": "Feature", "properties": {"wikidata": "Q122331100", "name": "Q122331100", "status": "done", "osm_id": "way/1432010277", "type": "chiesa"}, "geometry": {"type": "Point", "coordinates": [16.186944, 40.187806]}}, {"type": "Feature", "properties": {"wikidata": "Q122330956", "name": "Q122330956", "status": "missing", "osm_id": null, "type": "chiesa"}, "geometry": {"type": "Point", "coordinates": [15.572083, 40.476444]}}, {"type": "Feature", "properties": {"wikidata": "Q122331107", "name": "Q122331107", "status": "missing", "osm_id": null, "type": "chiesa"}, "geometry": {"type": "Point", "coordinates": [16.042811, 40.382222]}}, {"type": "Feature", "properties": {"wikidata": "Q122331095", "name": "Q122331095", "status": "missing", "osm_id": null, "type": "chiesa"}, "geometry": {"type": "Point", "coordinates": [15.991361, 40.163547]}}, {"type": "Feature", "properties": {"wikidata": "Q122330924", "name": "Q122330924", "status": "missing", "osm_id": null, "type": "chiesa"}, "geometry": {"type": "Point", "coordinates": [15.711722, 40.729056]}}, {"type": "Feature", "properties": {"wikidata": "Q122330931", "name": "Q122330931", "status": "missing", "osm_id": null, "type": "chiesa"}, "geometry": {"type": "Point", "coordinates": [15.790028, 40.761861]}}, {"type": "Feature", "properties": {"wikidata": "Q122330933", "name": "Q122330933", "status": "missing", "osm_id": null, "type": "cappella"}, "geometry": {"type": "Point", "coordinates": [15.548444, 40.651442]}}, {"type": "Feature", "properties": {"wikidata": "Q122331066", "name": "Q122331066", "status": "done", "osm_id": "way/1432005740", "type": "cappella"}, "geometry": {"type": "Point", "coordinates": [15.975667, 40.008725]}}, {"type": "Feature", "properties": {"wikidata": "Q122330955", "name": "Q122330955", "status": "missing", "osm_id": null, "type": "chiesa"}, "geometry": {"type": "Point", "coordinates": [15.669861, 40.745639]}}, {"type": "Feature", "properties": {"wikidata": "Q122331093", "name": "Q122331093", "status": "missing", "osm_id": null, "type": "cappella"}, "geometry": {"type": "Point", "coordinates": [15.992472, 40.162028]}}, {"type": "Feature", "properties": {"wikidata": "Q122331103", "name": "Q122331103", "status": "missing", "osm_id": null, "type": "cappella"}, "geometry": {"type": "Point", "coordinates": [16.176083, 40.065361]}}, {"type": "Feature", "properties": {"wikidata": "Q122330965", "name": "Q122330965", "status": "missing", "osm_id": null, "type": "chiesa"}, "geometry": {"type": "Point", "coordinates": [15.845083, 40.475]}}, {"type": "Feature", "properties": {"wikidata": "Q122330975", "name": "Q122330975", "status": "done", "osm_id": "way/1347127564", "type": "chiesa"}, "geometry": {"type": "Point", "coordinates": [16.142622, 40.146506]}}, {"type": "Feature", "properties": {"wikidata": "Q122330942", "name": "Q122330942", "status": "done", "osm_id": "way/896346876", "type": "chiesa"}, "geometry": {"type": "Point", "coordinates": [15.590944, 40.681417]}}, {"type": "Feature", "properties": {"wikidata": "Q122331074", "name": "Q122331074", "status": "done", "osm_id": "way/1432005737", "type": "cappella"}, "geometry": {"type": "Point", "coordinates": [15.977167, 40.009553]}}, {"type": "Feature", "properties": {"wikidata": "Q122331048", "name": "Q122331048", "status": "done", "osm_id": "way/1431997872", "type": "chiesa"}, "geometry": {"type": "Point", "coordinates": [15.981972, 40.003569]}}, {"type": "Feature", "properties": {"wikidata": "Q122330982", "name": "Q122330982", "status": "missing", "osm_id": null, "type": "cappella"}, "geometry": {"type": "Point", "coordinates": [16.088144, 40.130775]}}, {"type": "Feature", "properties": {"wikidata": "Q122330936", "name": "Q122330936", "status": "missing", "osm_id": null, "type": "chiesa"}, "geometry": {"type": "Point", "coordinates": [16.014058, 40.861778]}}, {"type": "Feature", "properties": {"wikidata": "Q122331111", "name": "Q122331111", "status": "missing", "osm_id": null, "type": "chiesa"}, "geometry": {"type": "Point", "coordinates": [16.040981, 40.382472]}}, {"type": "Feature", "properties": {"wikidata": "Q122331110", "name": "Q122331110", "status": "missing", "osm_id": null, "type": "chiesa"}, "geometry": {"type": "Point", "coordinates": [16.040289, 40.385725]}}, {"type": "Feature", "properties": {"wikidata": "Q122331091", "name": "Q122331091", "status": "done", "osm_id": "way/1238285447", "type": "chiesa"}, "geometry": {"type": "Point", "coordinates": [15.960833, 40.020517]}}, {"type": "Feature", "properties": {"wikidata": "Q122330925", "name": "Q122330925", "status": "missing", "osm_id": null, "type": "chiesa"}, "geometry": {"type": "Point", "coordinates": [15.744639, 40.782194]}}, {"type": "Feature", "properties": {"wikidata": "Q122330940", "name": "Q122330940", "status": "done", "osm_id": "way/896346850", "type": "chiesa"}, "geometry": {"type": "Point", "coordinates": [15.588944, 40.682611]}}, {"type": "Feature", "properties": {"wikidata": "Q122331105", "name": "Q122331105", "status": "missing", "osm_id": null, "type": "seminario"}, "geometry": {"type": "Point", "coordinates": [16.214222, 40.123806]}}, {"type": "Feature", "properties": {"wikidata": "Q122330944", "name": "Q122330944", "status": "missing", "osm_id": null, "type": "chiesa"}, "geometry": {"type": "Point", "coordinates": [15.670944, 40.945417]}}, {"type": "Feature", "properties": {"wikidata": "Q122331094", "name": "Q122331094", "status": "missing", "osm_id": null, "type": "cappella"}, "geometry": {"type": "Point", "coordinates": [15.992722, 40.164244]}}, {"type": "Feature", "properties": {"wikidata": "Q122331096", "name": "Q122331096", "status": "done", "osm_id": "way/1432010278", "type": "cappella"}, "geometry": {"type": "Point", "coordinates": [16.186278, 40.189028]}}, {"type": "Feature", "properties": {"wikidata": "Q122330926", "name": "Q122330926", "status": "missing", "osm_id": null, "type": "chiesa"}, "geometry": {"type": "Point", "coordinates": [15.740583, 40.782333]}}, {"type": "Feature", "properties": {"wikidata": "Q122330945", "name": "Q122330945", "status": "done", "osm_id": "way/584978393", "type": "chiesa"}, "geometry": {"type": "Point", "coordinates": [15.673028, 40.94675]}}, {"type": "Feature", "properties": {"wikidata": "Q122330989", "name": "Q122330989", "status": "missing", "osm_id": null, "type": "chiesa"}, "geometry": {"type": "Point", "coordinates": [16.086886, 40.140456]}}, {"type": "Feature", "properties": {"wikidata": "Q122330937", "name": "Q122330937", "status": "done", "osm_id": "way/896083651", "type": "chiesa"}, "geometry": {"type": "Point", "coordinates": [15.596222, 40.67875]}}, {"type": "Feature", "properties": {"wikidata": "Q122331090", "name": "Q122331090", "status": "done", "osm_id": "way/1432005741", "type": "chiesa"}, "geometry": {"type": "Point", "coordinates": [15.976389, 40.009081]}}, {"type": "Feature", "properties": {"wikidata": "Q122331099", "name": "Q122331099", "status": "done", "osm_id": "way/1432010276", "type": "chiesa"}, "geometry": {"type": "Point", "coordinates": [16.186528, 40.187639]}}, {"type": "Feature", "properties": {"wikidata": "Q122330930", "name": "Q122330930", "status": "missing", "osm_id": null, "type": "chiesa"}, "geometry": {"type": "Point", "coordinates": [15.720389, 40.733]}}, {"type": "Feature", "properties": {"wikidata": "Q122330970", "name": "Q122330970", "status": "missing", "osm_id": null, "type": "chiesa"}, "geometry": {"type": "Point", "coordinates": [15.855556, 40.474861]}}, {"type": "Feature", "properties": {"wikidata": "Q122331109", "name": "Q122331109", "status": "missing", "osm_id": null, "type": "chiesa"}, "geometry": {"type": "Point", "coordinates": [16.040692, 40.380806]}}, {"type": "Feature", "properties": {"wikidata": "Q122330997", "name": "Q122330997", "status": "missing", "osm_id": null, "type": "cappella"}, "geometry": {"type": "Point", "coordinates": [15.430583, 40.785797]}}, {"type": "Feature", "properties": {"wikidata": "Q122330934", "name": "Q122330934", "status": "done", "osm_id": "way/1064139884", "type": "chiesa"}, "geometry": {"type": "Point", "coordinates": [15.512694, 40.651017]}}, {"type": "Feature", "properties": {"wikidata": "Q122330953", "name": "Q122330953", "status": "missing", "osm_id": null, "type": "chiesa"}, "geometry": {"type": "Point", "coordinates": [15.538139, 40.759167]}}, {"type": "Feature", "properties": {"wikidata": "Q122331058", "name": "Q122331058", "status": "done", "osm_id": "way/1368641713", "type": "cappella"}, "geometry": {"type": "Point", "coordinates": [15.966306, 40.010419]}}, {"type": "Feature", "properties": {"wikidata": "Q122331021", "name": "Q122331021", "status": "missing", "osm_id": null, "type": "cappella"}, "geometry": {"type": "Point", "coordinates": [15.983547, 40.002536]}}, {"type": "Feature", "properties": {"wikidata": "Q122331025", "name": "Q122331025", "status": "missing", "osm_id": null, "type": "cappella"}, "geometry": {"type": "Point", "coordinates": [15.980944, 40.003419]}}, {"type": "Feature", "properties": {"wikidata": "Q122330929", "name": "Q122330929", "status": "missing", "osm_id": null, "type": "chiesa"}, "geometry": {"type": "Point", "coordinates": [15.758111, 40.786333]}}, {"type": "Feature", "properties": {"wikidata": "Q122330961", "name": "Q122330961", "status": "missing", "osm_id": null, "type": "chiesa"}, "geometry": {"type": "Point", "coordinates": [15.847444, 40.476861]}}, {"type": "Feature", "properties": {"wikidata": "Q122331070", "name": "Q122331070", "status": "missing", "osm_id": null, "type": "cappella"}, "geometry": {"type": "Point", "coordinates": [15.973694, 40.009783]}}, {"type": "Feature", "properties": {"wikidata": "Q122330978", "name": "Q122330978", "status": "missing", "osm_id": null, "type": "chiesa"}, "geometry": {"type": "Point", "coordinates": [16.075689, 40.562444]}}, {"type": "Feature", "properties": {"wikidata": "Q122330971", "name": "Q122330971", "status": "done", "osm_id": "way/1347127547", "type": "chiesa"}, "geometry": {"type": "Point", "coordinates": [16.144392, 40.148825]}}, {"type": "Feature", "properties": {"wikidata": "Q122331080", "name": "Q122331080", "status": "done", "osm_id": "way/1432005739", "type": "cappella"}, "geometry": {"type": "Point", "coordinates": [15.972, 40.009592]}}, {"type": "Feature", "properties": {"wikidata": "Q122330957", "name": "Q122330957", "status": "missing", "osm_id": null, "type": "chiesa"}, "geometry": {"type": "Point", "coordinates": [15.628, 40.478639]}}, {"type": "Feature", "properties": {"wikidata": "Q122331062", "name": "Q122331062", "status": "done", "osm_id": "way/519353920", "type": "cappella"}, "geometry": {"type": "Point", "coordinates": [15.976917, 40.01285]}}, {"type": "Feature", "properties": {"wikidata": "Q122330939", "name": "Q122330939", "status": "missing", "osm_id": null, "type": "chiesa"}, "geometry": {"type": "Point", "coordinates": [15.571833, 40.694306]}}, {"type": "Feature", "properties": {"wikidata": "Q122331097", "name": "Q122331097", "status": "missing", "osm_id": null, "type": "cappella"}, "geometry": {"type": "Point", "coordinates": [16.185303, 40.187444]}}, {"type": "Feature", "properties": {"wikidata": "Q122330935", "name": "Q122330935", "status": "done", "osm_id": "way/1431961372", "type": "chiesa"}, "geometry": {"type": "Point", "coordinates": [15.516556, 40.649972]}}, {"type": "Feature", "properties": {"wikidata": "Q122331042", "name": "Q122331042", "status": "done", "osm_id": "way/932208713", "type": "chiesa"}, "geometry": {"type": "Point", "coordinates": [15.989694, 40.005353]}}, {"type": "Feature", "properties": {"wikidata": "Q122331114", "name": "Q122331114", "status": "done", "osm_id": "way/1432014202", "type": "chiesa"}, "geometry": {"type": "Point", "coordinates": [16.096483, 40.072831]}}, {"type": "Feature", "properties": {"wikidata": "Q122330964", "name": "Q122330964", "status": "missing", "osm_id": null, "type": "chiesa"}, "geometry": {"type": "Point", "coordinates": [15.849361, 40.475111]}}, {"type": "Feature", "properties": {"wikidata": "Q122330968", "name": "Q122330968", "status": "missing", "osm_id": null, "type": "chiesa"}, "geometry": {"type": "Point", "coordinates": [15.852469, 40.475306]}}, {"type": "Feature", "properties": {"wikidata": "Q122330948", "name": "Q122330948", "status": "missing", "osm_id": null, "type": "chiesa"}, "geometry": {"type": "Point", "coordinates": [15.541, 40.757889]}}, {"type": "Feature", "properties": {"wikidata": "Q122331076", "name": "Q122331076", "status": "done", "osm_id": "way/1432005738", "type": "cappella"}, "geometry": {"type": "Point", "coordinates": [15.974806, 40.009939]}}, {"type": "Feature", "properties": {"wikidata": "Q122331102", "name": "Q122331102", "status": "missing", "osm_id": null, "type": "chiesa"}, "geometry": {"type": "Point", "coordinates": [16.166981, 40.079208]}}, {"type": "Feature", "properties": {"wikidata": "Q122330938", "name": "Q122330938", "status": "missing", "osm_id": null, "type": "chiesa"}, "geometry": {"type": "Point", "coordinates": [15.576556, 40.692639]}}, {"type": "Feature", "properties": {"wikidata": "Q122331104", "name": "Q122331104", "status": "missing", "osm_id": null, "type": "chiesa"}, "geometry": {"type": "Point", "coordinates": [16.213583, 40.124747]}}, {"type": "Feature", "properties": {"wikidata": "Q122330960", "name": "Q122330960", "status": "missing", "osm_id": null, "type": "chiesa"}, "geometry": {"type": "Point", "coordinates": [15.851356, 40.475361]}}, {"type": "Feature", "properties": {"wikidata": "Q122331038", "name": "Q122331038", "status": "missing", "osm_id": null, "type": "cappella"}, "geometry": {"type": "Point", "coordinates": [15.988444, 40.002069]}}, {"type": "Feature", "properties": {"wikidata": "Q122330985", "name": "Q122330985", "status": "missing", "osm_id": null, "type": "chiesa"}, "geometry": {"type": "Point", "coordinates": [16.08895, 40.140192]}}, {"type": "Feature", "properties": {"wikidata": "Q122331108", "name": "Q122331108", "status": "missing", "osm_id": null, "type": "chiesa"}, "geometry": {"type": "Point", "coordinates": [16.042844, 40.383028]}}, {"type": "Feature", "properties": {"wikidata": "Q122331054", "name": "Q122331054", "status": "missing", "osm_id": null, "type": "cappella"}, "geometry": {"type": "Point", "coordinates": [15.976139, 40.009308]}}, {"type": "Feature", "properties": {"wikidata": "Q122331084", "name": "Q122331084", "status": "missing", "osm_id": null, "type": "cappella"}, "geometry": {"type": "Point", "coordinates": [15.978806, 40.007978]}}, {"type": "Feature", "properties": {"wikidata": "Q122330977", "name": "Q122330977", "status": "missing", "osm_id": null, "type": "chiesa"}, "geometry": {"type": "Point", "coordinates": [16.071964, 40.566167]}}, {"type": "Feature", "properties": {"wikidata": "Q122331101", "name": "Q122331101", "status": "missing", "osm_id": null, "type": "chiesa"}, "geometry": {"type": "Point", "coordinates": [16.347917, 40.046244]}}, {"type": "Feature", "properties": {"wikidata": "Q122331045", "name": "Q122331045", "status": "done", "osm_id": "way/1431997871", "type": "chiesa"}, "geometry": {"type": "Point", "coordinates": [15.977028, 40.005567]}}, {"type": "Feature", "properties": {"wikidata": "Q122331115", "name": "Q122331115", "status": "done", "osm_id": "way/1432014200", "type": "chiesa"}, "geometry": {"type": "Point", "coordinates": [16.101111, 40.073458]}}, {"type": "Feature", "properties": {"wikidata": "Q122330947", "name": "Q122330947", "status": "missing", "osm_id": null, "type": "chiesa"}, "geometry": {"type": "Point", "coordinates": [15.67475, 40.976556]}}, {"type": "Feature", "properties": {"wikidata": "Q122330969", "name": "Q122330969", "status": "missing", "osm_id": null, "type": "chiesa"}, "geometry": {"type": "Point", "coordinates": [15.851056, 40.474111]}}, {"type": "Feature", "properties": {"wikidata": "Q122331017", "name": "Q122331017", "status": "missing", "osm_id": null, "type": "cappella"}, "geometry": {"type": "Point", "coordinates": [15.984308, 40.002969]}}, {"type": "Feature", "properties": {"wikidata": "Q122330949", "name": "Q122330949", "status": "missing", "osm_id": null, "type": "chiesa"}, "geometry": {"type": "Point", "coordinates": [15.657333, 40.748667]}}, {"type": "Feature", "properties": {"wikidata": "Q122331001", "name": "Q122331001", "status": "done", "osm_id": "way/1431974709", "type": "chiesa"}, "geometry": {"type": "Point", "coordinates": [15.426306, 40.787222]}}, {"type": "Feature", "properties": {"wikidata": "Q122331106", "name": "Q122331106", "status": "missing", "osm_id": null, "type": "chiesa"}, "geometry": {"type": "Point", "coordinates": [16.040694, 40.383678]}}, {"type": "Feature", "properties": {"wikidata": "Q122330951", "name": "Q122330951", "status": "missing", "osm_id": null, "type": "chiesa"}, "geometry": {"type": "Point", "coordinates": [15.535644, 40.7565]}}, {"type": "Feature", "properties": {"wikidata": "Q122330963", "name": "Q122330963", "status": "missing", "osm_id": null, "type": "chiesa"}, "geometry": {"type": "Point", "coordinates": [15.849167, 40.47625]}}, {"type": "Feature", "properties": {"wikidata": "Q122330958", "name": "Q122330958", "status": "missing", "osm_id": null, "type": "chiesa"}, "geometry": {"type": "Point", "coordinates": [15.940111, 40.60775]}}, {"type": "Feature", "properties": {"wikidata": "Q122330959", "name": "Q122330959", "status": "missing", "osm_id": null, "type": "chiesa"}, "geometry": {"type": "Point", "coordinates": [15.878667, 40.471222]}}, {"type": "Feature", "properties": {"wikidata": "Q122330927", "name": "Q122330927", "status": "missing", "osm_id": null, "type": "chiesa"}, "geometry": {"type": "Point", "coordinates": [15.760139, 40.773278]}}, {"type": "Feature", "properties": {"wikidata": "Q122330921", "name": "Q122330921", "status": "missing", "osm_id": null, "type": "chiesa"}, "geometry": {"type": "Point", "coordinates": [15.771083, 40.780917]}}, {"type": "Feature", "properties": {"wikidata": "Q122330993", "name": "Q122330993", "status": "done", "osm_id": "way/1431971907", "type": "chiesa"}, "geometry": {"type": "Point", "coordinates": [16.088206, 40.14]}}, {"type": "Feature", "properties": {"wikidata": "Q122331092", "name": "Q122331092", "status": "missing", "osm_id": null, "type": "cappella"}, "geometry": {"type": "Point", "coordinates": [16.045314, 40.530528]}}, {"type": "Feature", "properties": {"wikidata": "Q122330943", "name": "Q122330943", "status": "missing", "osm_id": null, "type": "chiesa"}, "geometry": {"type": "Point", "coordinates": [15.671528, 40.945611]}}, {"type": "Feature", "properties": {"wikidata": "Q122331008", "name": "Q122331008", "status": "done", "osm_id": "way/1431974707", "type": "chiesa"}, "geometry": {"type": "Point", "coordinates": [15.429139, 40.786583]}}, {"type": "Feature", "properties": {"wikidata": "Q122331012", "name": "Q122331012", "status": "done", "osm_id": "way/516904884", "type": "chiesa"}, "geometry": {"type": "Point", "coordinates": [15.437167, 40.783669]}}, {"type": "Feature", "properties": {"wikidata": "Q122330966", "name": "Q122330966", "status": "missing", "osm_id": null, "type": "chiesa"}, "geometry": {"type": "Point", "coordinates": [15.850192, 40.476583]}}, {"type": "Feature", "properties": {"wikidata": "Q122330928", "name": "Q122330928", "status": "missing", "osm_id": null, "type": "chiesa"}, "geometry": {"type": "Point", "coordinates": [15.783956, 40.811417]}}, {"type": "Feature", "properties": {"wikidata": "Q122331005", "name": "Q122331005", "status": "done", "osm_id": "way/1431974708", "type": "chiesa"}, "geometry": {"type": "Point", "coordinates": [15.43075, 40.787472]}}, {"type": "Feature", "properties": {"wikidata": "Q122330932", "name": "Q122330932", "status": "missing", "osm_id": null, "type": "chiesa"}, "geometry": {"type": "Point", "coordinates": [15.781833, 40.740083]}}, {"type": "Feature", "properties": {"wikidata": "Q122330952", "name": "Q122330952", "status": "missing", "osm_id": null, "type": "chiesa"}, "geometry": {"type": "Point", "coordinates": [15.534522, 40.755333]}}, {"type": "Feature", "properties": {"wikidata": "Q122331098", "name": "Q122331098", "status": "missing", "osm_id": null, "type": "cappella"}, "geometry": {"type": "Point", "coordinates": [16.207222, 40.154589]}}, {"type": "Feature", "properties": {"wikidata": "Q122330962", "name": "Q122330962", "status": "missing", "osm_id": null, "type": "chiesa"}, "geometry": {"type": "Point", "coordinates": [15.860694, 40.473417]}}, {"type": "Feature", "properties": {"wikidata": "Q122330967", "name": "Q122330967", "status": "missing", "osm_id": null, "type": "chiesa"}, "geometry": {"type": "Point", "coordinates": [15.874472, 40.471278]}}, {"type": "Feature", "properties": {"wikidata": "Q122330920", "name": "Q122330920", "status": "missing", "osm_id": null, "type": "chiesa"}, "geometry": {"type": "Point", "coordinates": [15.666431, 40.790583]}}, {"type": "Feature", "properties": {"wikidata": "Q122331271", "name": "Q122331271", "status": "done", "osm_id": "way/1029254177", "type": "chiesa"}, "geometry": {"type": "Point", "coordinates": [15.994583, 40.298694]}}, {"type": "Feature", "properties": {"wikidata": "Q122331307", "name": "Q122331307", "status": "missing", "osm_id": null, "type": "cappella"}, "geometry": {"type": "Point", "coordinates": [15.739944, 40.367842]}}, {"type": "Feature", "properties": {"wikidata": "Q122331242", "name": "Q122331242", "status": "missing", "osm_id": null, "type": "chiesa"}, "geometry": {"type": "Point", "coordinates": [15.731778, 40.419944]}}, {"type": "Feature", "properties": {"wikidata": "Q122331294", "name": "Q122331294", "status": "missing", "osm_id": null, "type": "chiesa"}, "geometry": {"type": "Point", "coordinates": [15.993167, 40.765417]}}, {"type": "Feature", "properties": {"wikidata": "Q122331270", "name": "Q122331270", "status": "done", "osm_id": "way/1029261099", "type": "chiesa"}, "geometry": {"type": "Point", "coordinates": [15.988889, 40.295306]}}, {"type": "Feature", "properties": {"wikidata": "Q122331283", "name": "Q122331283", "status": "missing", "osm_id": null, "type": "chiesa"}, "geometry": {"type": "Point", "coordinates": [15.466306, 40.69175]}}, {"type": "Feature", "properties": {"wikidata": "Q122331323", "name": "Q122331323", "status": "missing", "osm_id": null, "type": "chiesa"}, "geometry": {"type": "Point", "coordinates": [15.881917, 40.749194]}}, {"type": "Feature", "properties": {"wikidata": "Q122331255", "name": "Q122331255", "status": "missing", "osm_id": null, "type": "chiesa"}, "geometry": {"type": "Point", "coordinates": [15.632694, 40.992611]}}, {"type": "Feature", "properties": {"wikidata": "Q122331220", "name": "Q122331220", "status": "missing", "osm_id": null, "type": "cappella"}, "geometry": {"type": "Point", "coordinates": [15.728472, 40.000984]}}, {"type": "Feature", "properties": {"wikidata": "Q122331319", "name": "Q122331319", "status": "missing", "osm_id": null, "type": "chiesa"}, "geometry": {"type": "Point", "coordinates": [15.634828, 40.647694]}}, {"type": "Feature", "properties": {"wikidata": "Q122331302", "name": "Q122331302", "status": "missing", "osm_id": null, "type": "chiesa"}, "geometry": {"type": "Point", "coordinates": [15.988694, 40.932389]}}, {"type": "Feature", "properties": {"wikidata": "Q122331247", "name": "Q122331247", "status": "missing", "osm_id": null, "type": "chiesa"}, "geometry": {"type": "Point", "coordinates": [15.827278, 40.358]}}, {"type": "Feature", "properties": {"wikidata": "Q122331292", "name": "Q122331292", "status": "missing", "osm_id": null, "type": "cappella"}, "geometry": {"type": "Point", "coordinates": [16.32625, 40.082742]}}, {"type": "Feature", "properties": {"wikidata": "Q122331272", "name": "Q122331272", "status": "done", "osm_id": "way/1029254249", "type": "chiesa"}, "geometry": {"type": "Point", "coordinates": [15.993444, 40.299306]}}, {"type": "Feature", "properties": {"wikidata": "Q122331309", "name": "Q122331309", "status": "missing", "osm_id": null, "type": "chiesa"}, "geometry": {"type": "Point", "coordinates": [15.746861, 40.353472]}}, {"type": "Feature", "properties": {"wikidata": "Q122331250", "name": "Q122331250", "status": "done", "osm_id": "way/1432065780", "type": "chiesa"}, "geometry": {"type": "Point", "coordinates": [15.832036, 40.908778]}}, {"type": "Feature", "properties": {"wikidata": "Q122331222", "name": "Q122331222", "status": "missing", "osm_id": null, "type": "chiesa"}, "geometry": {"type": "Point", "coordinates": [15.722111, 39.994806]}}, {"type": "Feature", "properties": {"wikidata": "Q122331274", "name": "Q122331274", "status": "missing", "osm_id": null, "type": "chiesa"}, "geometry": {"type": "Point", "coordinates": [15.987306, 40.304972]}}, {"type": "Feature", "properties": {"wikidata": "Q122331218", "name": "Q122331218", "status": "missing", "osm_id": null, "type": "cappella"}, "geometry": {"type": "Point", "coordinates": [15.716167, 39.991167]}}, {"type": "Feature", "properties": {"wikidata": "Q122331280", "name": "Q122331280", "status": "missing", "osm_id": null, "type": "chiesa"}, "geometry": {"type": "Point", "coordinates": [15.482389, 40.754083]}}, {"type": "Feature", "properties": {"wikidata": "Q122331312", "name": "Q122331312", "status": "missing", "osm_id": null, "type": "chiesa"}, "geometry": {"type": "Point", "coordinates": [15.398, 40.835675]}}, {"type": "Feature", "properties": {"wikidata": "Q122331278", "name": "Q122331278", "status": "missing", "osm_id": null, "type": "chiesa"}, "geometry": {"type": "Point", "coordinates": [15.479056, 40.756389]}}, {"type": "Feature", "properties": {"wikidata": "Q122331245", "name": "Q122331245", "status": "missing", "osm_id": null, "type": "cappella"}, "geometry": {"type": "Point", "coordinates": [15.819094, 40.405972]}}, {"type": "Feature", "properties": {"wikidata": "Q122331243", "name": "Q122331243", "status": "missing", "osm_id": null, "type": "chiesa"}, "geometry": {"type": "Point", "coordinates": [15.7455, 40.396278]}}, {"type": "Feature", "properties": {"wikidata": "Q122331282", "name": "Q122331282", "status": "missing", "osm_id": null, "type": "chiesa"}, "geometry": {"type": "Point", "coordinates": [15.487583, 40.753972]}}, {"type": "Feature", "properties": {"wikidata": "Q122331249", "name": "Q122331249", "status": "missing", "osm_id": null, "type": "chiesa"}, "geometry": {"type": "Point", "coordinates": [15.804028, 40.371806]}}, {"type": "Feature", "properties": {"wikidata": "Q122331303", "name": "Q122331303", "status": "missing", "osm_id": null, "type": "chiesa"}, "geometry": {"type": "Point", "coordinates": [15.99025, 40.92925]}}, {"type": "Feature", "properties": {"wikidata": "Q122331293", "name": "Q122331293", "status": "missing", "osm_id": null, "type": "chiesa"}, "geometry": {"type": "Point", "coordinates": [16.328778, 40.087414]}}, {"type": "Feature", "properties": {"wikidata": "Q122331285", "name": "Q122331285", "status": "missing", "osm_id": null, "type": "chiesa"}, "geometry": {"type": "Point", "coordinates": [15.489611, 40.753694]}}, {"type": "Feature", "properties": {"wikidata": "Q122331273", "name": "Q122331273", "status": "done", "osm_id": "way/330997146", "type": "chiesa"}, "geometry": {"type": "Point", "coordinates": [15.997389, 40.297806]}}, {"type": "Feature", "properties": {"wikidata": "Q122331277", "name": "Q122331277", "status": "missing", "osm_id": null, "type": "cappella"}, "geometry": {"type": "Point", "coordinates": [15.476806, 40.756194]}}, {"type": "Feature", "properties": {"wikidata": "Q122331318", "name": "Q122331318", "status": "missing", "osm_id": null, "type": "chiesa"}, "geometry": {"type": "Point", "coordinates": [15.632083, 40.6305]}}, {"type": "Feature", "properties": {"wikidata": "Q122331287", "name": "Q122331287", "status": "missing", "osm_id": null, "type": "chiesa"}, "geometry": {"type": "Point", "coordinates": [15.483494, 40.753056]}}, {"type": "Feature", "properties": {"wikidata": "Q122331311", "name": "Q122331311", "status": "missing", "osm_id": null, "type": "cappella"}, "geometry": {"type": "Point", "coordinates": [15.397, 40.846083]}}, {"type": "Feature", "properties": {"wikidata": "Q122331267", "name": "Q122331267", "status": "missing", "osm_id": null, "type": "chiesa"}, "geometry": {"type": "Point", "coordinates": [16.1661, 40.282056]}}, {"type": "Feature", "properties": {"wikidata": "Q122331239", "name": "Q122331239", "status": "missing", "osm_id": null, "type": "chiesa"}, "geometry": {"type": "Point", "coordinates": [15.763444, 40.382417]}}, {"type": "Feature", "properties": {"wikidata": "Q122331266", "name": "Q122331266", "status": "missing", "osm_id": null, "type": "chiesa"}, "geometry": {"type": "Point", "coordinates": [15.620889, 41.004494]}}, {"type": "Feature", "properties": {"wikidata": "Q122331221", "name": "Q122331221", "status": "missing", "osm_id": null, "type": "cappella"}, "geometry": {"type": "Point", "coordinates": [15.715056, 39.994167]}}, {"type": "Feature", "properties": {"wikidata": "Q122331301", "name": "Q122331301", "status": "missing", "osm_id": null, "type": "chiesa"}, "geometry": {"type": "Point", "coordinates": [15.986722, 40.758639]}}, {"type": "Feature", "properties": {"wikidata": "Q122331268", "name": "Q122331268", "status": "missing", "osm_id": null, "type": "chiesa"}, "geometry": {"type": "Point", "coordinates": [16.166444, 40.283917]}}, {"type": "Feature", "properties": {"wikidata": "Q122331291", "name": "Q122331291", "status": "missing", "osm_id": null, "type": "cappella"}, "geometry": {"type": "Point", "coordinates": [16.331194, 40.086786]}}, {"type": "Feature", "properties": {"wikidata": "Q122331269", "name": "Q122331269", "status": "done", "osm_id": "way/1031592459", "type": "chiesa"}, "geometry": {"type": "Point", "coordinates": [15.9935, 40.297944]}}, {"type": "Feature", "properties": {"wikidata": "Q122331253", "name": "Q122331253", "status": "missing", "osm_id": null, "type": "cappella"}, "geometry": {"type": "Point", "coordinates": [15.653083, 40.993306]}}, {"type": "Feature", "properties": {"wikidata": "Q122331257", "name": "Q122331257", "status": "missing", "osm_id": null, "type": "chiesa"}, "geometry": {"type": "Point", "coordinates": [15.653083, 40.993306]}}, {"type": "Feature", "properties": {"wikidata": "Q122331259", "name": "Q122331259", "status": "missing", "osm_id": null, "type": "chiesa"}, "geometry": {"type": "Point", "coordinates": [15.653083, 40.993306]}}, {"type": "Feature", "properties": {"wikidata": "Q122331265", "name": "Q122331265", "status": "missing", "osm_id": null, "type": "chiesa"}, "geometry": {"type": "Point", "coordinates": [15.653083, 40.993306]}}, {"type": "Feature", "properties": {"wikidata": "Q122331256", "name": "Q122331256", "status": "missing", "osm_id": null, "type": "chiesa"}, "geometry": {"type": "Point", "coordinates": [15.584992, 40.960056]}}, {"type": "Feature", "properties": {"wikidata": "Q122331298", "name": "Q122331298", "status": "missing", "osm_id": null, "type": "chiesa"}, "geometry": {"type": "Point", "coordinates": [15.994194, 40.765722]}}, {"type": "Feature", "properties": {"wikidata": "Q122331248", "name": "Q122331248", "status": "missing", "osm_id": null, "type": "chiesa"}, "geometry": {"type": "Point", "coordinates": [15.82475, 40.351858]}}, {"type": "Feature", "properties": {"wikidata": "Q122331314", "name": "Q122331314", "status": "missing", "osm_id": null, "type": "chiesa"}, "geometry": {"type": "Point", "coordinates": [15.3965, 40.835569]}}, {"type": "Feature", "properties": {"wikidata": "Q122331308", "name": "Q122331308", "status": "missing", "osm_id": null, "type": "chiesa"}, "geometry": {"type": "Point", "coordinates": [15.732111, 40.371778]}}, {"type": "Feature", "properties": {"wikidata": "Q122331295", "name": "Q122331295", "status": "missing", "osm_id": null, "type": "chiesa"}, "geometry": {"type": "Point", "coordinates": [15.994667, 40.765972]}}, {"type": "Feature", "properties": {"wikidata": "Q122331281", "name": "Q122331281", "status": "missing", "osm_id": null, "type": "chiesa"}, "geometry": {"type": "Point", "coordinates": [15.5105, 40.723611]}}, {"type": "Feature", "properties": {"wikidata": "Q122331317", "name": "Q122331317", "status": "missing", "osm_id": null, "type": "chiesa"}, "geometry": {"type": "Point", "coordinates": [15.624444, 40.658056]}}, {"type": "Feature", "properties": {"wikidata": "Q122331236", "name": "Q122331236", "status": "missing", "osm_id": null, "type": "chiesa"}, "geometry": {"type": "Point", "coordinates": [15.677333, 40.431194]}}, {"type": "Feature", "properties": {"wikidata": "Q122331240", "name": "Q122331240", "status": "done", "osm_id": "way/957107910", "type": "chiesa"}, "geometry": {"type": "Point", "coordinates": [15.732722, 40.41975]}}, {"type": "Feature", "properties": {"wikidata": "Q122331322", "name": "Q122331322", "status": "missing", "osm_id": null, "type": "chiesa"}, "geometry": {"type": "Point", "coordinates": [15.797861, 40.745056]}}, {"type": "Feature", "properties": {"wikidata": "Q122331284", "name": "Q122331284", "status": "missing", "osm_id": null, "type": "chiesa"}, "geometry": {"type": "Point", "coordinates": [15.455444, 40.759806]}}, {"type": "Feature", "properties": {"wikidata": "Q122331300", "name": "Q122331300", "status": "missing", "osm_id": null, "type": "chiesa"}, "geometry": {"type": "Point", "coordinates": [15.935831, 40.793889]}}, {"type": "Feature", "properties": {"wikidata": "Q122331263", "name": "Q122331263", "status": "missing", "osm_id": null, "type": "chiesa"}, "geometry": {"type": "Point", "coordinates": [15.661167, 40.996528]}}, {"type": "Feature", "properties": {"wikidata": "Q122331320", "name": "Q122331320", "status": "missing", "osm_id": null, "type": "chiesa"}, "geometry": {"type": "Point", "coordinates": [15.644944, 40.638028]}}, {"type": "Feature", "properties": {"wikidata": "Q122331225", "name": "Q122331225", "status": "missing", "osm_id": null, "type": "chiesa"}, "geometry": {"type": "Point", "coordinates": [15.677583, 40.015597]}}, {"type": "Feature", "properties": {"wikidata": "Q122331219", "name": "Q122331219", "status": "missing", "osm_id": null, "type": "cappella"}, "geometry": {"type": "Point", "coordinates": [15.720417, 39.991583]}}, {"type": "Feature", "properties": {"wikidata": "Q122331262", "name": "Q122331262", "status": "missing", "osm_id": null, "type": "chiesa"}, "geometry": {"type": "Point", "coordinates": [15.656667, 40.997]}}, {"type": "Feature", "properties": {"wikidata": "Q122331244", "name": "Q122331244", "status": "missing", "osm_id": null, "type": "cappella"}, "geometry": {"type": "Point", "coordinates": [15.824056, 40.377083]}}, {"type": "Feature", "properties": {"wikidata": "Q122331234", "name": "Q122331234", "status": "missing", "osm_id": null, "type": "chiesa"}, "geometry": {"type": "Point", "coordinates": [15.726444, 39.994417]}}, {"type": "Feature", "properties": {"wikidata": "Q122331231", "name": "Q122331231", "status": "missing", "osm_id": null, "type": "chiesa"}, "geometry": {"type": "Point", "coordinates": [15.7295, 39.9865]}}, {"type": "Feature", "properties": {"wikidata": "Q122331276", "name": "Q122331276", "status": "done", "osm_id": "way/1029254203", "type": "chiesa"}, "geometry": {"type": "Point", "coordinates": [15.990694, 40.295472]}}, {"type": "Feature", "properties": {"wikidata": "Q122331230", "name": "Q122331230", "status": "missing", "osm_id": null, "type": "chiesa"}, "geometry": {"type": "Point", "coordinates": [15.757889, 39.937611]}}, {"type": "Feature", "properties": {"wikidata": "Q122331310", "name": "Q122331310", "status": "missing", "osm_id": null, "type": "chiesa"}, "geometry": {"type": "Point", "coordinates": [15.735314, 40.385022]}}, {"type": "Feature", "properties": {"wikidata": "Q122331286", "name": "Q122331286", "status": "missing", "osm_id": null, "type": "chiesa"}, "geometry": {"type": "Point", "coordinates": [15.496833, 40.759556]}}, {"type": "Feature", "properties": {"wikidata": "Q122331223", "name": "Q122331223", "status": "missing", "osm_id": null, "type": "chiesa"}, "geometry": {"type": "Point", "coordinates": [15.703861, 39.994056]}}, {"type": "Feature", "properties": {"wikidata": "Q122331299", "name": "Q122331299", "status": "missing", "osm_id": null, "type": "chiesa"}, "geometry": {"type": "Point", "coordinates": [15.9875, 40.762806]}}, {"type": "Feature", "properties": {"wikidata": "Q122331217", "name": "Q122331217", "status": "done", "osm_id": "way/1232383156", "type": "cappella"}, "geometry": {"type": "Point", "coordinates": [15.758278, 39.937417]}}, {"type": "Feature", "properties": {"wikidata": "Q122331252", "name": "Q122331252", "status": "done", "osm_id": "way/1432065779", "type": "chiesa"}, "geometry": {"type": "Point", "coordinates": [15.832139, 40.908722]}}, {"type": "Feature", "properties": {"wikidata": "Q122331228", "name": "Q122331228", "status": "missing", "osm_id": null, "type": "chiesa"}, "geometry": {"type": "Point", "coordinates": [15.709194, 39.989417]}}, {"type": "Feature", "properties": {"wikidata": "Q122331296", "name": "Q122331296", "status": "missing", "osm_id": null, "type": "chiesa"}, "geometry": {"type": "Point", "coordinates": [15.996417, 40.765194]}}, {"type": "Feature", "properties": {"wikidata": "Q122331316", "name": "Q122331316", "status": "missing", "osm_id": null, "type": "chiesa"}, "geometry": {"type": "Point", "coordinates": [15.398008, 40.835675]}}, {"type": "Feature", "properties": {"wikidata": "Q122331254", "name": "Q122331254", "status": "missing", "osm_id": null, "type": "chiesa"}, "geometry": {"type": "Point", "coordinates": [15.646333, 40.997444]}}, {"type": "Feature", "properties": {"wikidata": "Q122331305", "name": "Q122331305", "status": "missing", "osm_id": null, "type": "chiesa"}, "geometry": {"type": "Point", "coordinates": [15.985475, 40.931389]}}, {"type": "Feature", "properties": {"wikidata": "Q122331224", "name": "Q122331224", "status": "done", "osm_id": "way/1225216237", "type": "chiesa"}, "geometry": {"type": "Point", "coordinates": [15.764972, 39.992306]}}, {"type": "Feature", "properties": {"wikidata": "Q122331279", "name": "Q122331279", "status": "missing", "osm_id": null, "type": "chiesa"}, "geometry": {"type": "Point", "coordinates": [15.484403, 40.753722]}}, {"type": "Feature", "properties": {"wikidata": "Q122331258", "name": "Q122331258", "status": "missing", "osm_id": null, "type": "chiesa"}, "geometry": {"type": "Point", "coordinates": [15.647417, 40.994444]}}, {"type": "Feature", "properties": {"wikidata": "Q122331264", "name": "Q122331264", "status": "missing", "osm_id": null, "type": "cappella"}, "geometry": {"type": "Point", "coordinates": [15.648139, 40.996472]}}, {"type": "Feature", "properties": {"wikidata": "Q122331313", "name": "Q122331313", "status": "missing", "osm_id": null, "type": "cappella"}, "geometry": {"type": "Point", "coordinates": [15.418522, 40.848278]}}, {"type": "Feature", "properties": {"wikidata": "Q122331233", "name": "Q122331233", "status": "missing", "osm_id": null, "type": "chiesa"}, "geometry": {"type": "Point", "coordinates": [15.722806, 39.993639]}}, {"type": "Feature", "properties": {"wikidata": "Q122331315", "name": "Q122331315", "status": "missing", "osm_id": null, "type": "chiesa"}, "geometry": {"type": "Point", "coordinates": [15.418522, 40.848278]}}, {"type": "Feature", "properties": {"wikidata": "Q122331290", "name": "Q122331290", "status": "missing", "osm_id": null, "type": "chiesa"}, "geometry": {"type": "Point", "coordinates": [15.800472, 40.067353]}}, {"type": "Feature", "properties": {"wikidata": "Q122331241", "name": "Q122331241", "status": "missing", "osm_id": null, "type": "chiesa"}, "geometry": {"type": "Point", "coordinates": [15.702133, 40.434386]}}, {"type": "Feature", "properties": {"wikidata": "Q122331289", "name": "Q122331289", "status": "missing", "osm_id": null, "type": "chiesa"}, "geometry": {"type": "Point", "coordinates": [15.809417, 40.090647]}}, {"type": "Feature", "properties": {"wikidata": "Q122331238", "name": "Q122331238", "status": "done", "osm_id": "way/957102250", "type": "chiesa"}, "geometry": {"type": "Point", "coordinates": [15.734614, 40.420639]}}, {"type": "Feature", "properties": {"wikidata": "Q122331288", "name": "Q122331288", "status": "missing", "osm_id": null, "type": "cappella"}, "geometry": {"type": "Point", "coordinates": [15.797333, 40.06839]}}, {"type": "Feature", "properties": {"wikidata": "Q122331306", "name": "Q122331306", "status": "missing", "osm_id": null, "type": "cappella"}, "geometry": {"type": "Point", "coordinates": [15.736111, 40.375583]}}, {"type": "Feature", "properties": {"wikidata": "Q122331229", "name": "Q122331229", "status": "missing", "osm_id": null, "type": "chiesa"}, "geometry": {"type": "Point", "coordinates": [15.719306, 39.995556]}}, {"type": "Feature", "properties": {"wikidata": "Q122331237", "name": "Q122331237", "status": "missing", "osm_id": null, "type": "chiesa"}, "geometry": {"type": "Point", "coordinates": [15.735992, 40.425444]}}, {"type": "Feature", "properties": {"wikidata": "Q122331216", "name": "Q122331216", "status": "missing", "osm_id": null, "type": "cappella"}, "geometry": {"type": "Point", "coordinates": [15.725806, 39.989139]}}, {"type": "Feature", "properties": {"wikidata": "Q122331251", "name": "Q122331251", "status": "done", "osm_id": "way/1432065781", "type": "chiesa"}, "geometry": {"type": "Point", "coordinates": [15.830833, 40.907528]}}, {"type": "Feature", "properties": {"wikidata": "Q122331246", "name": "Q122331246", "status": "missing", "osm_id": null, "type": "chiesa"}, "geometry": {"type": "Point", "coordinates": [15.824028, 40.377]}}, {"type": "Feature", "properties": {"wikidata": "Q122331235", "name": "Q122331235", "status": "missing", "osm_id": null, "type": "cappella"}, "geometry": {"type": "Point", "coordinates": [15.721583, 39.981333]}}, {"type": "Feature", "properties": {"wikidata": "Q122331304", "name": "Q122331304", "status": "missing", "osm_id": null, "type": "chiesa"}, "geometry": {"type": "Point", "coordinates": [15.986333, 40.931056]}}, {"type": "Feature", "properties": {"wikidata": "Q56258256", "name": "Q56258256", "status": "missing", "osm_id": null, "type": "carcere"}, "geometry": {"type": "Point", "coordinates": [15.67486, 40.92205]}}, {"type": "Feature", "properties": {"wikidata": "Q56258401", "name": "Q56258401", "status": "missing", "osm_id": null, "type": "croce votiva"}, "geometry": {"type": "Point", "coordinates": [15.924652, 40.730978]}}, {"type": "Feature", "properties": {"wikidata": "Q56258569", "name": "Q56258569", "status": "done", "osm_id": "way/23603348", "type": "lago"}, "geometry": {"type": "Point", "coordinates": [15.613, 40.9324]}}, {"type": "Feature", "properties": {"wikidata": "Q56258947", "name": "Q56258947", "status": "done", "osm_id": "way/230731818", "type": "teleferica"}, "geometry": {"type": "Point", "coordinates": [16.04912, 40.53366]}}, {"type": "Feature", "properties": {"wikidata": "Q55741053", "name": "Q55741053", "status": "missing", "osm_id": null, "type": "pianta monumentale"}, "geometry": {"type": "Point", "coordinates": [15.760317, 40.0775]}}, {"type": "Feature", "properties": {"wikidata": "Q55741070", "name": "Q55741070", "status": "missing", "osm_id": null, "type": "pianta monumentale"}, "geometry": {"type": "Point", "coordinates": [16.211672, 39.928183]}}, {"type": "Feature", "properties": {"wikidata": "Q56419205", "name": "Q56419205", "status": "done", "osm_id": "way/253348532", "type": "piazza"}, "geometry": {"type": "Point", "coordinates": [16.6871482, 40.3624727]}}, {"type": "Feature", "properties": {"wikidata": "Q56258402", "name": "Q56258402", "status": "missing", "osm_id": null, "type": "croce votiva"}, "geometry": {"type": "Point", "coordinates": [15.922518051, 40.731548669]}}, {"type": "Feature", "properties": {"wikidata": "Q56417119", "name": "Q56417119", "status": "missing", "osm_id": null, "type": "chiesa"}, "geometry": {"type": "Point", "coordinates": [15.8908, 40.28633]}}, {"type": "Feature", "properties": {"wikidata": "Q55741066", "name": "Q55741066", "status": "missing", "osm_id": null, "type": "pianta monumentale"}, "geometry": {"type": "Point", "coordinates": [16.1774, 39.950575]}}, {"type": "Feature", "properties": {"wikidata": "Q55741064", "name": "Q55741064", "status": "missing", "osm_id": null, "type": "pianta monumentale"}, "geometry": {"type": "Point", "coordinates": [16.360547, 40.056672]}}, {"type": "Feature", "properties": {"wikidata": "Q56479099", "name": "Q56479099", "status": "missing", "osm_id": null, "type": "palazzo italiano"}, "geometry": {"type": "Point", "coordinates": [16.2301839, 40.3115478]}}, {"type": "Feature", "properties": {"wikidata": "Q55741024", "name": "Q55741024", "status": "missing", "osm_id": null, "type": "pianta monumentale"}, "geometry": {"type": "Point", "coordinates": [15.730553, 40.913069]}}, {"type": "Feature", "properties": {"wikidata": "Q55741072", "name": "Q55741072", "status": "missing", "osm_id": null, "type": "pianta monumentale"}, "geometry": {"type": "Point", "coordinates": [15.697931, 40.607167]}}, {"type": "Feature", "properties": {"wikidata": "Q56258302", "name": "Q56258302", "status": "missing", "osm_id": null, "type": "edificio"}, "geometry": {"type": "Point", "coordinates": [16.62502, 40.64235]}}, {"type": "Feature", "properties": {"wikidata": "Q56479128", "name": "Q56479128", "status": "missing", "osm_id": null, "type": "palazzo italiano"}, "geometry": {"type": "Point", "coordinates": [16.23095, 40.31257]}}, {"type": "Feature", "properties": {"wikidata": "Q55831157", "name": "Q55831157", "status": "missing", "osm_id": null, "type": "osservatorio astronomico"}, "geometry": {"type": "Point", "coordinates": [16.702288499, 40.648183296]}}, {"type": "Feature", "properties": {"wikidata": "Q56258234", "name": "Q56258234", "status": "missing", "osm_id": null, "type": "torre campanaria"}, "geometry": {"type": "Point", "coordinates": [15.658637465, 40.996928772]}}, {"type": "Feature", "properties": {"wikidata": "Q55741019", "name": "Q55741019", "status": "missing", "osm_id": null, "type": "pianta monumentale"}, "geometry": {"type": "Point", "coordinates": [15.879956, 40.747956]}}, {"type": "Feature", "properties": {"wikidata": "Q56460947", "name": "Q56460947", "status": "missing", "osm_id": null, "type": "chiesa"}, "geometry": {"type": "Point", "coordinates": [16.085537, 39.973694]}}, {"type": "Feature", "properties": {"wikidata": "Q56417461", "name": "Q56417461", "status": "missing", "osm_id": null, "type": "chiesa"}, "geometry": {"type": "Point", "coordinates": [16.27234, 40.24915]}}, {"type": "Feature", "properties": {"wikidata": "Q56258614", "name": "Q56258614", "status": "missing", "osm_id": null, "type": "monumento"}, "geometry": {"type": "Point", "coordinates": [15.6449043, 40.6420087]}}, {"type": "Feature", "properties": {"wikidata": "Q56461091", "name": "Q56461091", "status": "missing", "osm_id": null, "type": "orologio solare"}, "geometry": {"type": "Point", "coordinates": [16.205480796, 40.214281513]}}, {"type": "Feature", "properties": {"wikidata": "Q56396095", "name": "Q56396095", "status": "missing", "osm_id": null, "type": "palazzo"}, "geometry": {"type": "Point", "coordinates": [16.471872968, 40.248156692]}}, {"type": "Feature", "properties": {"wikidata": "Q56479130", "name": "Q56479130", "status": "missing", "osm_id": null, "type": "luogo"}, "geometry": {"type": "Point", "coordinates": [16.2290623, 40.311942]}}, {"type": "Feature", "properties": {"wikidata": "Q55741021", "name": "Q55741021", "status": "missing", "osm_id": null, "type": "pianta monumentale"}, "geometry": {"type": "Point", "coordinates": [15.804222, 40.644194]}}, {"type": "Feature", "properties": {"wikidata": "Q55741073", "name": "Q55741073", "status": "missing", "osm_id": null, "type": "pianta monumentale"}, "geometry": {"type": "Point", "coordinates": [15.676403, 40.582458]}}, {"type": "Feature", "properties": {"wikidata": "Q56258800", "name": "Q56258800", "status": "missing", "osm_id": null, "type": "chiesa"}, "geometry": {"type": "Point", "coordinates": [15.656412568, 40.995260242]}}, {"type": "Feature", "properties": {"wikidata": "Q56258852", "name": "Q56258852", "status": "missing", "osm_id": null, "type": "sito archeologico"}, "geometry": {"type": "Point", "coordinates": [15.63846, 40.56888]}}, {"type": "Feature", "properties": {"wikidata": "Q55741025", "name": "Q55741025", "status": "missing", "osm_id": null, "type": "pianta monumentale"}, "geometry": {"type": "Point", "coordinates": [15.730539, 40.913056]}}, {"type": "Feature", "properties": {"wikidata": "Q56479092", "name": "Q56479092", "status": "missing", "osm_id": null, "type": "palazzo italiano"}, "geometry": {"type": "Point", "coordinates": [16.2320629, 40.311549]}}, {"type": "Feature", "properties": {"wikidata": "Q55741057", "name": "Q55741057", "status": "missing", "osm_id": null, "type": "pianta monumentale"}, "geometry": {"type": "Point", "coordinates": [15.544369, 40.834075]}}, {"type": "Feature", "properties": {"wikidata": "Q55741059", "name": "Q55741059", "status": "missing", "osm_id": null, "type": "pianta monumentale"}, "geometry": {"type": "Point", "coordinates": [15.589722, 40.786667]}}, {"type": "Feature", "properties": {"wikidata": "Q56479098", "name": "Q56479098", "status": "missing", "osm_id": null, "type": "palazzo"}, "geometry": {"type": "Point", "coordinates": [16.2321434, 40.3104434]}}, {"type": "Feature", "properties": {"wikidata": "Q56258683", "name": "Q56258683", "status": "missing", "osm_id": null, "type": "palazzo italiano"}, "geometry": {"type": "Point", "coordinates": [16.608471, 40.666769]}}, {"type": "Feature", "properties": {"wikidata": "Q55741061", "name": "Q55741061", "status": "missing", "osm_id": null, "type": "pianta monumentale"}, "geometry": {"type": "Point", "coordinates": [16.049981, 40.236392]}}, {"type": "Feature", "properties": {"wikidata": "Q56460891", "name": "Q56460891", "status": "missing", "osm_id": null, "type": "chiesa"}, "geometry": {"type": "Point", "coordinates": [16.08801, 39.97233]}}, {"type": "Feature", "properties": {"wikidata": "Q55741069", "name": "Q55741069", "status": "missing", "osm_id": null, "type": "pianta monumentale"}, "geometry": {"type": "Point", "coordinates": [15.710278, 40.492778]}}, {"type": "Feature", "properties": {"wikidata": "Q55741052", "name": "Q55741052", "status": "missing", "osm_id": null, "type": "pianta monumentale"}, "geometry": {"type": "Point", "coordinates": [15.730572, 40.913461]}}, {"type": "Feature", "properties": {"wikidata": "Q55741077", "name": "Q55741077", "status": "missing", "osm_id": null, "type": "pianta monumentale"}, "geometry": {"type": "Point", "coordinates": [15.7761, 40.025581]}}, {"type": "Feature", "properties": {"wikidata": "Q55741020", "name": "Q55741020", "status": "missing", "osm_id": null, "type": "pianta monumentale"}, "geometry": {"type": "Point", "coordinates": [16.072778, 40.476389]}}, {"type": "Feature", "properties": {"wikidata": "Q56304157", "name": "Q56304157", "status": "done", "osm_id": "way/1433631070", "type": "sito archeologico"}, "geometry": {"type": "Point", "coordinates": [16.7376, 40.3712]}}, {"type": "Feature", "properties": {"wikidata": "Q56258301", "name": "Q56258301", "status": "missing", "osm_id": null, "type": "edificio"}, "geometry": {"type": "Point", "coordinates": [16.5826, 40.6757]}}, {"type": "Feature", "properties": {"wikidata": "Q56479091", "name": "Q56479091", "status": "missing", "osm_id": null, "type": "palazzo italiano"}, "geometry": {"type": "Point", "coordinates": [16.2320825, 40.3101812]}}, {"type": "Feature", "properties": {"wikidata": "Q56258727", "name": "Q56258727", "status": "missing", "osm_id": null, "type": "ponte sospeso"}, "geometry": {"type": "Point", "coordinates": [16.05106, 40.52611]}}, {"type": "Feature", "properties": {"wikidata": "Q56419234", "name": "Q56419234", "status": "missing", "osm_id": null, "type": "monumento"}, "geometry": {"type": "Point", "coordinates": [16.551917, 40.389814]}}, {"type": "Feature", "properties": {"wikidata": "Q55741062", "name": "Q55741062", "status": "missing", "osm_id": null, "type": "pianta monumentale"}, "geometry": {"type": "Point", "coordinates": [16.098342, 40.251428]}}, {"type": "Feature", "properties": {"wikidata": "Q56419240", "name": "Q56419240", "status": "missing", "osm_id": null, "type": "calanco"}, "geometry": {"type": "Point", "coordinates": [16.5365562, 40.3759521]}}, {"type": "Feature", "properties": {"wikidata": "Q55741071", "name": "Q55741071", "status": "missing", "osm_id": null, "type": "pianta monumentale"}, "geometry": {"type": "Point", "coordinates": [15.703506, 40.534478]}}, {"type": "Feature", "properties": {"wikidata": "Q56396085", "name": "Q56396085", "status": "missing", "osm_id": null, "type": "piazza"}, "geometry": {"type": "Point", "coordinates": [16.471963824, 40.248263982]}}, {"type": "Feature", "properties": {"wikidata": "Q55741018", "name": "Q55741018", "status": "missing", "osm_id": null, "type": "pianta monumentale"}, "geometry": {"type": "Point", "coordinates": [15.855544, 40.768906]}}, {"type": "Feature", "properties": {"wikidata": "Q55741076", "name": "Q55741076", "status": "missing", "osm_id": null, "type": "pianta monumentale"}, "geometry": {"type": "Point", "coordinates": [15.678058, 40.582936]}}, {"type": "Feature", "properties": {"wikidata": "Q55831923", "name": "Q55831923", "status": "done", "osm_id": "relation/8267756", "type": "parco regionale"}, "geometry": {"type": "Point", "coordinates": [15.6473, 40.914]}}, {"type": "Feature", "properties": {"wikidata": "Q55741026", "name": "Q55741026", "status": "missing", "osm_id": null, "type": "pianta monumentale"}, "geometry": {"type": "Point", "coordinates": [15.730856, 40.913344]}}, {"type": "Feature", "properties": {"wikidata": "Q56460431", "name": "Q56460431", "status": "missing", "osm_id": null, "type": "chiesa"}, "geometry": {"type": "Point", "coordinates": [16.307159552, 39.98516116]}}, {"type": "Feature", "properties": {"wikidata": "Q56460408", "name": "Q56460408", "status": "missing", "osm_id": null, "type": "chiesa"}, "geometry": {"type": "Point", "coordinates": [16.298944, 39.974972]}}, {"type": "Feature", "properties": {"wikidata": "Q56417478", "name": "Q56417478", "status": "missing", "osm_id": null, "type": "torre"}, "geometry": {"type": "Point", "coordinates": [16.272071, 40.248529]}}, {"type": "Feature", "properties": {"wikidata": "Q56396077", "name": "Q56396077", "status": "missing", "osm_id": null, "type": "monumento"}, "geometry": {"type": "Point", "coordinates": [16.472090073, 40.248070095]}}, {"type": "Feature", "properties": {"wikidata": "Q55741027", "name": "Q55741027", "status": "missing", "osm_id": null, "type": "pianta monumentale"}, "geometry": {"type": "Point", "coordinates": [15.730833, 40.913333]}}, {"type": "Feature", "properties": {"wikidata": "Q55741078", "name": "Q55741078", "status": "missing", "osm_id": null, "type": "pianta monumentale"}, "geometry": {"type": "Point", "coordinates": [16.138928, 39.907494]}}, {"type": "Feature", "properties": {"wikidata": "Q56258742", "name": "Q56258742", "status": "missing", "osm_id": null, "type": "elemento architettonico"}, "geometry": {"type": "Point", "coordinates": [16.5627247, 40.2918169]}}, {"type": "Feature", "properties": {"wikidata": "Q56396067", "name": "Q56396067", "status": "missing", "osm_id": null, "type": "museo"}, "geometry": {"type": "Point", "coordinates": [16.4714446, 40.24820272]}}, {"type": "Feature", "properties": {"wikidata": "Q55741060", "name": "Q55741060", "status": "missing", "osm_id": null, "type": "pianta monumentale"}, "geometry": {"type": "Point", "coordinates": [16.024169, 40.249508]}}, {"type": "Feature", "properties": {"wikidata": "Q55741074", "name": "Q55741074", "status": "missing", "osm_id": null, "type": "pianta monumentale"}, "geometry": {"type": "Point", "coordinates": [15.697086, 40.540303]}}, {"type": "Feature", "properties": {"wikidata": "Q56460948", "name": "Q56460948", "status": "missing", "osm_id": null, "type": "chiesa"}, "geometry": {"type": "Point", "coordinates": [16.08286, 39.97172]}}, {"type": "Feature", "properties": {"wikidata": "Q55741023", "name": "Q55741023", "status": "missing", "osm_id": null, "type": "pianta monumentale"}, "geometry": {"type": "Point", "coordinates": [15.730828, 40.913336]}}, {"type": "Feature", "properties": {"wikidata": "Q56258782", "name": "Q56258782", "status": "missing", "osm_id": null, "type": "parco naturale"}, "geometry": {"type": "Point", "coordinates": [16.5579002, 40.2884713]}}, {"type": "Feature", "properties": {"wikidata": "Q55741068", "name": "Q55741068", "status": "missing", "osm_id": null, "type": "pianta monumentale"}, "geometry": {"type": "Point", "coordinates": [16.201111, 39.953611]}}, {"type": "Feature", "properties": {"wikidata": "Q56417492", "name": "Q56417492", "status": "missing", "osm_id": null, "type": "centro storico"}, "geometry": {"type": "Point", "coordinates": [16.274101, 40.246783]}}, {"type": "Feature", "properties": {"wikidata": "Q56258568", "name": "Q56258568", "status": "done", "osm_id": "way/23603347", "type": "lago"}, "geometry": {"type": "Point", "coordinates": [15.6053, 40.9308]}}, {"type": "Feature", "properties": {"wikidata": "Q55741065", "name": "Q55741065", "status": "missing", "osm_id": null, "type": "pianta monumentale"}, "geometry": {"type": "Point", "coordinates": [16.361172, 40.056692]}}, {"type": "Feature", "properties": {"wikidata": "Q55741063", "name": "Q55741063", "status": "missing", "osm_id": null, "type": "pianta monumentale"}, "geometry": {"type": "Point", "coordinates": [16.100278, 40.252778]}}, {"type": "Feature", "properties": {"wikidata": "Q56479131", "name": "Q56479131", "status": "missing", "osm_id": null, "type": "insediamento umano"}, "geometry": {"type": "Point", "coordinates": [16.2411029, 40.2778395]}}, {"type": "Feature", "properties": {"wikidata": "Q55741015", "name": "Q55741015", "status": "missing", "osm_id": null, "type": "pianta monumentale"}, "geometry": {"type": "Point", "coordinates": [15.859167, 40.763333]}}, {"type": "Feature", "properties": {"wikidata": "Q55741017", "name": "Q55741017", "status": "missing", "osm_id": null, "type": "pianta monumentale"}, "geometry": {"type": "Point", "coordinates": [15.854167, 40.767778]}}, {"type": "Feature", "properties": {"wikidata": "Q55741058", "name": "Q55741058", "status": "missing", "osm_id": null, "type": "pianta monumentale"}, "geometry": {"type": "Point", "coordinates": [15.544417, 40.834044]}}, {"type": "Feature", "properties": {"wikidata": "Q56258377", "name": "Q56258377", "status": "missing", "osm_id": null, "type": "edificio"}, "geometry": {"type": "Point", "coordinates": [16.6106, 40.6688]}}, {"type": "Feature", "properties": {"wikidata": "Q56417143", "name": "Q56417143", "status": "missing", "osm_id": null, "type": "santuario"}, "geometry": {"type": "Point", "coordinates": [15.907977, 40.297792]}}, {"type": "Feature", "properties": {"wikidata": "Q55741055", "name": "Q55741055", "status": "missing", "osm_id": null, "type": "pianta monumentale"}, "geometry": {"type": "Point", "coordinates": [16.226628, 40.262733]}}, {"type": "Feature", "properties": {"wikidata": "Q56417408", "name": "Q56417408", "status": "missing", "osm_id": null, "type": "monumento"}, "geometry": {"type": "Point", "coordinates": [16.243971, 40.23956]}}, {"type": "Feature", "properties": {"wikidata": "Q55741016", "name": "Q55741016", "status": "missing", "osm_id": null, "type": "pianta monumentale"}, "geometry": {"type": "Point", "coordinates": [15.854214, 40.067525]}}, {"type": "Feature", "properties": {"wikidata": "Q56460774", "name": "Q56460774", "status": "missing", "osm_id": null, "type": "chiesa"}, "geometry": {"type": "Point", "coordinates": [16.08425, 39.97311]}}, {"type": "Feature", "properties": {"wikidata": "Q56396105", "name": "Q56396105", "status": "missing", "osm_id": null, "type": "castello"}, "geometry": {"type": "Point", "coordinates": [16.470096, 40.251427]}}, {"type": "Feature", "properties": {"wikidata": "Q56479127", "name": "Q56479127", "status": "missing", "osm_id": null, "type": "parco"}, "geometry": {"type": "Point", "coordinates": [16.3392858, 40.2892058]}}, {"type": "Feature", "properties": {"wikidata": "Q55741014", "name": "Q55741014", "status": "missing", "osm_id": null, "type": "pianta monumentale"}, "geometry": {"type": "Point", "coordinates": [15.884919, 40.775]}}, {"type": "Feature", "properties": {"wikidata": "Q56460384", "name": "Q56460384", "status": "missing", "osm_id": null, "type": "fontana"}, "geometry": {"type": "Point", "coordinates": [16.2918056, 39.9798735]}}, {"type": "Feature", "properties": {"wikidata": "Q55741054", "name": "Q55741054", "status": "missing", "osm_id": null, "type": "pianta monumentale"}, "geometry": {"type": "Point", "coordinates": [15.713692, 40.068919]}}, {"type": "Feature", "properties": {"wikidata": "Q56416975", "name": "Q56416975", "status": "missing", "osm_id": null, "type": "castello"}, "geometry": {"type": "Point", "coordinates": [15.889817, 40.285208]}}, {"type": "Feature", "properties": {"wikidata": "Q56396101", "name": "Q56396101", "status": "missing", "osm_id": null, "type": "palazzo"}, "geometry": {"type": "Point", "coordinates": [16.47131, 40.25142]}}, {"type": "Feature", "properties": {"wikidata": "Q56460949", "name": "Q56460949", "status": "missing", "osm_id": null, "type": "chiesa"}, "geometry": {"type": "Point", "coordinates": [16.08422, 39.97475]}}, {"type": "Feature", "properties": {"wikidata": "Q55741056", "name": "Q55741056", "status": "missing", "osm_id": null, "type": "pianta monumentale"}, "geometry": {"type": "Point", "coordinates": [15.680369, 40.719069]}}, {"type": "Feature", "properties": {"wikidata": "Q56258448", "name": "Q56258448", "status": "missing", "osm_id": null, "type": "fattoria"}, "geometry": {"type": "Point", "coordinates": [16.6754566, 40.3096183]}}, {"type": "Feature", "properties": {"wikidata": "Q56479126", "name": "Q56479126", "status": "missing", "osm_id": null, "type": "chiesa"}, "geometry": {"type": "Point", "coordinates": [16.2302087, 40.3137572]}}, {"type": "Feature", "properties": {"wikidata": "Q56258620", "name": "Q56258620", "status": "missing", "osm_id": null, "type": "mura"}, "geometry": {"type": "Point", "coordinates": [15.60989, 40.93329]}}, {"type": "Feature", "properties": {"wikidata": "Q118695930", "name": "Q118695930", "status": "missing", "osm_id": null, "type": "chiesa"}, "geometry": {"type": "Point", "coordinates": [16.228111, 40.402431]}}, {"type": "Feature", "properties": {"wikidata": "Q118696011", "name": "Q118696011", "status": "missing", "osm_id": null, "type": "cappella"}, "geometry": {"type": "Point", "coordinates": [16.385503, 40.111944]}}, {"type": "Feature", "properties": {"wikidata": "Q118678988", "name": "Q118678988", "status": "missing", "osm_id": null, "type": "chiesa"}, "geometry": {"type": "Point", "coordinates": [16.14513, 40.62243]}}, {"type": "Feature", "properties": {"wikidata": "Q118695789", "name": "Q118695789", "status": "missing", "osm_id": null, "type": "chiesa"}, "geometry": {"type": "Point", "coordinates": [16.204722, 40.306778]}}, {"type": "Feature", "properties": {"wikidata": "Q118696004", "name": "Q118696004", "status": "missing", "osm_id": null, "type": "chiesa"}, "geometry": {"type": "Point", "coordinates": [16.527861, 40.534131]}}, {"type": "Feature", "properties": {"wikidata": "Q118695937", "name": "Q118695937", "status": "missing", "osm_id": null, "type": "chiesa"}, "geometry": {"type": "Point", "coordinates": [16.149339, 40.6165]}}, {"type": "Feature", "properties": {"wikidata": "Q118695785", "name": "Q118695785", "status": "missing", "osm_id": null, "type": "chiesa"}, "geometry": {"type": "Point", "coordinates": [16.140481, 40.502247]}}, {"type": "Feature", "properties": {"wikidata": "Q118695924", "name": "Q118695924", "status": "missing", "osm_id": null, "type": "chiesa"}, "geometry": {"type": "Point", "coordinates": [16.228833, 40.40475]}}, {"type": "Feature", "properties": {"wikidata": "Q118695904", "name": "Q118695904", "status": "missing", "osm_id": null, "type": "chiesa"}, "geometry": {"type": "Point", "coordinates": [16.551697, 40.514139]}}, {"type": "Feature", "properties": {"wikidata": "Q118695909", "name": "Q118695909", "status": "missing", "osm_id": null, "type": "cappella"}, "geometry": {"type": "Point", "coordinates": [16.332278, 40.564889]}}, {"type": "Feature", "properties": {"wikidata": "Q113639818", "name": "Q113639818", "status": "missing", "osm_id": null, "type": "biblioteca di un ente territoriale italiano"}, "geometry": {"type": "Point", "coordinates": [15.8056041, 40.6404067]}}, {"type": "Feature", "properties": {"wikidata": "Q118695910", "name": "Q118695910", "status": "missing", "osm_id": null, "type": "chiesa"}, "geometry": {"type": "Point", "coordinates": [16.316736, 40.528111]}}, {"type": "Feature", "properties": {"wikidata": "Q118695940", "name": "Q118695940", "status": "missing", "osm_id": null, "type": "chiesa"}, "geometry": {"type": "Point", "coordinates": [16.142803, 40.625083]}}, {"type": "Feature", "properties": {"wikidata": "Q118695901", "name": "Q118695901", "status": "missing", "osm_id": null, "type": "chiesa"}, "geometry": {"type": "Point", "coordinates": [16.549472, 40.514361]}}, {"type": "Feature", "properties": {"wikidata": "Q118695903", "name": "Q118695903", "status": "missing", "osm_id": null, "type": "chiesa"}, "geometry": {"type": "Point", "coordinates": [16.549111, 40.513667]}}, {"type": "Feature", "properties": {"wikidata": "Q118696007", "name": "Q118696007", "status": "missing", "osm_id": null, "type": "chiesa"}, "geometry": {"type": "Point", "coordinates": [16.548944, 40.513389]}}, {"type": "Feature", "properties": {"wikidata": "Q118695926", "name": "Q118695926", "status": "missing", "osm_id": null, "type": "chiesa"}, "geometry": {"type": "Point", "coordinates": [16.231194, 40.405972]}}, {"type": "Feature", "properties": {"wikidata": "Q118695914", "name": "Q118695914", "status": "missing", "osm_id": null, "type": "chiesa"}, "geometry": {"type": "Point", "coordinates": [16.39, 40.114753]}}, {"type": "Feature", "properties": {"wikidata": "Q118695934", "name": "Q118695934", "status": "missing", "osm_id": null, "type": "chiesa"}, "geometry": {"type": "Point", "coordinates": [16.145239, 40.62125]}}, {"type": "Feature", "properties": {"wikidata": "Q116858311", "name": "Q116858311", "status": "done", "osm_id": "way/987335174", "type": "ponte sospeso"}, "geometry": {"type": "Point", "coordinates": [15.9889, 40.166]}}, {"type": "Feature", "properties": {"wikidata": "Q114154489", "name": "Q114154489", "status": "missing", "osm_id": null, "type": "targa commemorativa"}, "geometry": {"type": "Point", "coordinates": [15.72256, 39.99253]}}, {"type": "Feature", "properties": {"wikidata": "Q118695925", "name": "Q118695925", "status": "missing", "osm_id": null, "type": "chiesa"}, "geometry": {"type": "Point", "coordinates": [16.229278, 40.406278]}}, {"type": "Feature", "properties": {"wikidata": "Q118695784", "name": "Q118695784", "status": "missing", "osm_id": null, "type": "chiesa"}, "geometry": {"type": "Point", "coordinates": [16.119542, 40.48325]}}, {"type": "Feature", "properties": {"wikidata": "Q118695897", "name": "Q118695897", "status": "missing", "osm_id": null, "type": "chiesa"}, "geometry": {"type": "Point", "coordinates": [16.557806, 40.390306]}}, {"type": "Feature", "properties": {"wikidata": "Q118695916", "name": "Q118695916", "status": "missing", "osm_id": null, "type": "chiesa"}, "geometry": {"type": "Point", "coordinates": [16.362194, 40.11706]}}, {"type": "Feature", "properties": {"wikidata": "Q118696008", "name": "Q118696008", "status": "missing", "osm_id": null, "type": "cappella"}, "geometry": {"type": "Point", "coordinates": [16.528833, 40.172056]}}, {"type": "Feature", "properties": {"wikidata": "Q118695997", "name": "Q118695997", "status": "done", "osm_id": "way/1024338523", "type": "chiesa"}, "geometry": {"type": "Point", "coordinates": [16.550614, 40.390472]}}, {"type": "Feature", "properties": {"wikidata": "Q118695899", "name": "Q118695899", "status": "missing", "osm_id": null, "type": "chiesa"}, "geometry": {"type": "Point", "coordinates": [16.673861, 40.206333]}}, {"type": "Feature", "properties": {"wikidata": "Q118695913", "name": "Q118695913", "status": "missing", "osm_id": null, "type": "chiesa"}, "geometry": {"type": "Point", "coordinates": [16.319611, 40.525417]}}, {"type": "Feature", "properties": {"wikidata": "Q118695791", "name": "Q118695791", "status": "missing", "osm_id": null, "type": "chiesa"}, "geometry": {"type": "Point", "coordinates": [16.78075, 40.444111]}}, {"type": "Feature", "properties": {"wikidata": "Q118695906", "name": "Q118695906", "status": "missing", "osm_id": null, "type": "chiesa"}, "geometry": {"type": "Point", "coordinates": [16.546972, 40.517311]}}, {"type": "Feature", "properties": {"wikidata": "Q118695951", "name": "Q118695951", "status": "missing", "osm_id": null, "type": "chiesa"}, "geometry": {"type": "Point", "coordinates": [16.4415, 40.168528]}}, {"type": "Feature", "properties": {"wikidata": "Q118695935", "name": "Q118695935", "status": "missing", "osm_id": null, "type": "chiesa"}, "geometry": {"type": "Point", "coordinates": [16.14145, 40.624111]}}, {"type": "Feature", "properties": {"wikidata": "Q115616894", "name": "Q115616894", "status": "missing", "osm_id": null, "type": "osservatorio astronomico"}, "geometry": {"type": "Point", "coordinates": [15.46339, 40.817569]}}, {"type": "Feature", "properties": {"wikidata": "Q118695919", "name": "Q118695919", "status": "missing", "osm_id": null, "type": "chiesa"}, "geometry": {"type": "Point", "coordinates": [16.248722, 40.486222]}}, {"type": "Feature", "properties": {"wikidata": "Q114982763", "name": "Q114982763", "status": "missing", "osm_id": null, "type": "frazione"}, "geometry": {"type": "Point", "coordinates": [16.043842, 40.056937]}}, {"type": "Feature", "properties": {"wikidata": "Q118695948", "name": "Q118695948", "status": "missing", "osm_id": null, "type": "chiesa"}, "geometry": {"type": "Point", "coordinates": [16.470833, 40.248944]}}, {"type": "Feature", "properties": {"wikidata": "Q118695945", "name": "Q118695945", "status": "missing", "osm_id": null, "type": "chiesa"}, "geometry": {"type": "Point", "coordinates": [16.404056, 40.307306]}}, {"type": "Feature", "properties": {"wikidata": "Q121362699", "name": "Q121362699", "status": "missing", "osm_id": null, "type": "piazza"}, "geometry": {"type": "Point", "coordinates": [16.609760236, 40.665626763]}}, {"type": "Feature", "properties": {"wikidata": "Q121493636", "name": "Q121493636", "status": "missing", "osm_id": null, "type": "chiesa"}, "geometry": {"type": "Point", "coordinates": [15.93711, 40.7941]}}, {"type": "Feature", "properties": {"wikidata": "Q118695907", "name": "Q118695907", "status": "missing", "osm_id": null, "type": "cappella"}, "geometry": {"type": "Point", "coordinates": [16.525611, 40.172528]}}, {"type": "Feature", "properties": {"wikidata": "Q118696003", "name": "Q118696003", "status": "missing", "osm_id": null, "type": "chiesa"}, "geometry": {"type": "Point", "coordinates": [16.711278, 40.18975]}}, {"type": "Feature", "properties": {"wikidata": "Q118695788", "name": "Q118695788", "status": "missing", "osm_id": null, "type": "chiesa"}, "geometry": {"type": "Point", "coordinates": [16.231222, 40.31425]}}, {"type": "Feature", "properties": {"wikidata": "Q122330894", "name": "Q122330894", "status": "missing", "osm_id": null, "type": "chiesa"}, "geometry": {"type": "Point", "coordinates": [15.812222, 40.507944]}}, {"type": "Feature", "properties": {"wikidata": "Q118678215", "name": "Q118678215", "status": "missing", "osm_id": null, "type": "chiesa"}, "geometry": {"type": "Point", "coordinates": [16.66447, 40.55858]}}, {"type": "Feature", "properties": {"wikidata": "Q118695950", "name": "Q118695950", "status": "missing", "osm_id": null, "type": "cappella"}, "geometry": {"type": "Point", "coordinates": [16.442833, 40.171444]}}, {"type": "Feature", "properties": {"wikidata": "Q118696000", "name": "Q118696000", "status": "done", "osm_id": "way/1208765055", "type": "chiesa"}, "geometry": {"type": "Point", "coordinates": [16.586917, 40.368828]}}, {"type": "Feature", "properties": {"wikidata": "Q118695941", "name": "Q118695941", "status": "missing", "osm_id": null, "type": "chiesa"}, "geometry": {"type": "Point", "coordinates": [16.146031, 40.621722]}}, {"type": "Feature", "properties": {"wikidata": "Q118695999", "name": "Q118695999", "status": "missing", "osm_id": null, "type": "chiesa"}, "geometry": {"type": "Point", "coordinates": [16.548861, 40.420306]}}, {"type": "Feature", "properties": {"wikidata": "Q118695921", "name": "Q118695921", "status": "missing", "osm_id": null, "type": "chiesa"}, "geometry": {"type": "Point", "coordinates": [16.700564, 40.250753]}}, {"type": "Feature", "properties": {"wikidata": "Q118695911", "name": "Q118695911", "status": "missing", "osm_id": null, "type": "chiesa"}, "geometry": {"type": "Point", "coordinates": [16.318994, 40.526361]}}, {"type": "Feature", "properties": {"wikidata": "Q118695915", "name": "Q118695915", "status": "missing", "osm_id": null, "type": "chiesa"}, "geometry": {"type": "Point", "coordinates": [16.388889, 40.112469]}}, {"type": "Feature", "properties": {"wikidata": "Q118696012", "name": "Q118696012", "status": "missing", "osm_id": null, "type": "chiesa"}, "geometry": {"type": "Point", "coordinates": [16.463611, 40.247694]}}, {"type": "Feature", "properties": {"wikidata": "Q118695998", "name": "Q118695998", "status": "done", "osm_id": "way/1025927698", "type": "chiesa"}, "geometry": {"type": "Point", "coordinates": [16.557861, 40.389]}}, {"type": "Feature", "properties": {"wikidata": "Q118695933", "name": "Q118695933", "status": "missing", "osm_id": null, "type": "cappella"}, "geometry": {"type": "Point", "coordinates": [16.143989, 40.623694]}}, {"type": "Feature", "properties": {"wikidata": "Q118695912", "name": "Q118695912", "status": "missing", "osm_id": null, "type": "chiesa"}, "geometry": {"type": "Point", "coordinates": [16.318536, 40.526722]}}, {"type": "Feature", "properties": {"wikidata": "Q117184421", "name": "Q117184421", "status": "missing", "osm_id": null, "type": "archivio"}, "geometry": {"type": "Point", "coordinates": [15.8022214, 40.6372425]}}, {"type": "Feature", "properties": {"wikidata": "Q118695923", "name": "Q118695923", "status": "missing", "osm_id": null, "type": "chiesa"}, "geometry": {"type": "Point", "coordinates": [16.654306, 40.251317]}}, {"type": "Feature", "properties": {"wikidata": "Q118695946", "name": "Q118695946", "status": "missing", "osm_id": null, "type": "chiesa"}, "geometry": {"type": "Point", "coordinates": [16.472056, 40.248083]}}, {"type": "Feature", "properties": {"wikidata": "Q118695939", "name": "Q118695939", "status": "missing", "osm_id": null, "type": "chiesa"}, "geometry": {"type": "Point", "coordinates": [16.147383, 40.619972]}}, {"type": "Feature", "properties": {"wikidata": "Q115035643", "name": "Q115035643", "status": "done", "osm_id": "way/234081672", "type": "piazza"}, "geometry": {"type": "Point", "coordinates": [16.60644, 40.66665]}}, {"type": "Feature", "properties": {"wikidata": "Q118695900", "name": "Q118695900", "status": "missing", "osm_id": null, "type": "chiesa"}, "geometry": {"type": "Point", "coordinates": [16.548917, 40.515222]}}, {"type": "Feature", "properties": {"wikidata": "Q114163771", "name": "Q114163771", "status": "missing", "osm_id": null, "type": "memoriale della prima guerra mondiale"}, "geometry": {"type": "Point", "coordinates": [15.676259214, 40.582492314]}}, {"type": "Feature", "properties": {"wikidata": "Q118695917", "name": "Q118695917", "status": "missing", "osm_id": null, "type": "chiesa"}, "geometry": {"type": "Point", "coordinates": [16.248694, 40.486528]}}, {"type": "Feature", "properties": {"wikidata": "Q118695902", "name": "Q118695902", "status": "missing", "osm_id": null, "type": "chiesa"}, "geometry": {"type": "Point", "coordinates": [16.550786, 40.515222]}}, {"type": "Feature", "properties": {"wikidata": "Q118696009", "name": "Q118696009", "status": "missing", "osm_id": null, "type": "cappella"}, "geometry": {"type": "Point", "coordinates": [16.52575, 40.171861]}}, {"type": "Feature", "properties": {"wikidata": "Q118696002", "name": "Q118696002", "status": "done", "osm_id": "way/1184496650", "type": "chiesa"}, "geometry": {"type": "Point", "coordinates": [16.669889, 40.21]}}, {"type": "Feature", "properties": {"wikidata": "Q122330893", "name": "Q122330893", "status": "missing", "osm_id": null, "type": "chiesa"}, "geometry": {"type": "Point", "coordinates": [15.809333, 40.509556]}}, {"type": "Feature", "properties": {"wikidata": "Q118695931", "name": "Q118695931", "status": "missing", "osm_id": null, "type": "cappella"}, "geometry": {"type": "Point", "coordinates": [16.144058, 40.624333]}}, {"type": "Feature", "properties": {"wikidata": "Q114155006", "name": "Q114155006", "status": "missing", "osm_id": null, "type": "memoriale della prima guerra mondiale"}, "geometry": {"type": "Point", "coordinates": [16.606335402, 40.66714427]}}, {"type": "Feature", "properties": {"wikidata": "Q118695918", "name": "Q118695918", "status": "missing", "osm_id": null, "type": "chiesa"}, "geometry": {"type": "Point", "coordinates": [16.247028, 40.487639]}}, {"type": "Feature", "properties": {"wikidata": "Q118695996", "name": "Q118695996", "status": "missing", "osm_id": null, "type": "chiesa"}, "geometry": {"type": "Point", "coordinates": [16.558639, 40.3915]}}, {"type": "Feature", "properties": {"wikidata": "Q115632270", "name": "Q115632270", "status": "missing", "osm_id": null, "type": "osservatorio astronomico"}, "geometry": {"type": "Point", "coordinates": [15.86325, 40.028874]}}, {"type": "Feature", "properties": {"wikidata": "Q118695787", "name": "Q118695787", "status": "missing", "osm_id": null, "type": "chiesa"}, "geometry": {"type": "Point", "coordinates": [16.249306, 40.281083]}}, {"type": "Feature", "properties": {"wikidata": "Q122212851", "name": "Q122212851", "status": "missing", "osm_id": null, "type": "chiesa"}, "geometry": {"type": "Point", "coordinates": [16.09783, 40.36331]}}, {"type": "Feature", "properties": {"wikidata": "Q118696005", "name": "Q118696005", "status": "missing", "osm_id": null, "type": "chiesa"}, "geometry": {"type": "Point", "coordinates": [16.552581, 40.513583]}}, {"type": "Feature", "properties": {"wikidata": "Q118695943", "name": "Q118695943", "status": "missing", "osm_id": null, "type": "cappella"}, "geometry": {"type": "Point", "coordinates": [16.471889, 40.246694]}}, {"type": "Feature", "properties": {"wikidata": "Q118695932", "name": "Q118695932", "status": "missing", "osm_id": null, "type": "cappella"}, "geometry": {"type": "Point", "coordinates": [16.142917, 40.617986]}}, {"type": "Feature", "properties": {"wikidata": "Q118696006", "name": "Q118696006", "status": "missing", "osm_id": null, "type": "chiesa"}, "geometry": {"type": "Point", "coordinates": [16.548194, 40.516306]}}, {"type": "Feature", "properties": {"wikidata": "Q118695929", "name": "Q118695929", "status": "missing", "osm_id": null, "type": "chiesa"}, "geometry": {"type": "Point", "coordinates": [16.230694, 40.398194]}}, {"type": "Feature", "properties": {"wikidata": "Q118695896", "name": "Q118695896", "status": "missing", "osm_id": null, "type": "chiesa"}, "geometry": {"type": "Point", "coordinates": [16.751561, 40.33275]}}, {"type": "Feature", "properties": {"wikidata": "Q118695928", "name": "Q118695928", "status": "missing", "osm_id": null, "type": "chiesa"}, "geometry": {"type": "Point", "coordinates": [16.296361, 40.395444]}}, {"type": "Feature", "properties": {"wikidata": "Q118695947", "name": "Q118695947", "status": "missing", "osm_id": null, "type": "chiesa"}, "geometry": {"type": "Point", "coordinates": [16.475667, 40.250492]}}, {"type": "Feature", "properties": {"wikidata": "Q118695944", "name": "Q118695944", "status": "missing", "osm_id": null, "type": "chiesa"}, "geometry": {"type": "Point", "coordinates": [16.607528, 40.211]}}, {"type": "Feature", "properties": {"wikidata": "Q118695949", "name": "Q118695949", "status": "missing", "osm_id": null, "type": "palazzo"}, "geometry": {"type": "Point", "coordinates": [16.469117, 40.246972]}}, {"type": "Feature", "properties": {"wikidata": "Q118696001", "name": "Q118696001", "status": "done", "osm_id": "way/1035820994", "type": "chiesa"}, "geometry": {"type": "Point", "coordinates": [16.555861, 40.380139]}}, {"type": "Feature", "properties": {"wikidata": "Q118696010", "name": "Q118696010", "status": "missing", "osm_id": null, "type": "chiesa"}, "geometry": {"type": "Point", "coordinates": [16.523917, 40.169944]}}, {"type": "Feature", "properties": {"wikidata": "Q122330895", "name": "Q122330895", "status": "missing", "osm_id": null, "type": "chiesa"}, "geometry": {"type": "Point", "coordinates": [15.814139, 40.507611]}}, {"type": "Feature", "properties": {"wikidata": "Q118695908", "name": "Q118695908", "status": "missing", "osm_id": null, "type": "chiesa"}, "geometry": {"type": "Point", "coordinates": [16.527, 40.17175]}}, {"type": "Feature", "properties": {"wikidata": "Q118678485", "name": "Q118678485", "status": "done", "osm_id": "way/1023996032", "type": "chiesa"}, "geometry": {"type": "Point", "coordinates": [16.56814, 40.38996]}}, {"type": "Feature", "properties": {"wikidata": "Q118695942", "name": "Q118695942", "status": "missing", "osm_id": null, "type": "chiesa"}, "geometry": {"type": "Point", "coordinates": [16.14375, 40.617844]}}, {"type": "Feature", "properties": {"wikidata": "Q118695922", "name": "Q118695922", "status": "missing", "osm_id": null, "type": "chiesa"}, "geometry": {"type": "Point", "coordinates": [16.724944, 40.290333]}}, {"type": "Feature", "properties": {"wikidata": "Q118678859", "name": "Q118678859", "status": "missing", "osm_id": null, "type": "chiesa"}, "geometry": {"type": "Point", "coordinates": [16.14066, 40.62274]}}, {"type": "Feature", "properties": {"wikidata": "Q118695786", "name": "Q118695786", "status": "missing", "osm_id": null, "type": "chiesa"}, "geometry": {"type": "Point", "coordinates": [16.159186, 40.491583]}}, {"type": "Feature", "properties": {"wikidata": "Q118695898", "name": "Q118695898", "status": "done", "osm_id": "way/1025010536", "type": "chiesa"}, "geometry": {"type": "Point", "coordinates": [16.555167, 40.389639]}}, {"type": "Feature", "properties": {"wikidata": "Q118695920", "name": "Q118695920", "status": "missing", "osm_id": null, "type": "chiesa"}, "geometry": {"type": "Point", "coordinates": [16.687917, 40.265056]}}, {"type": "Feature", "properties": {"wikidata": "Q122331484", "name": "Q122331484", "status": "missing", "osm_id": null, "type": "chiesa"}, "geometry": {"type": "Point", "coordinates": [16.020228, 40.697556]}}, {"type": "Feature", "properties": {"wikidata": "Q122331494", "name": "Q122331494", "status": "missing", "osm_id": null, "type": "chiesa"}, "geometry": {"type": "Point", "coordinates": [15.778833, 40.022475]}}, {"type": "Feature", "properties": {"wikidata": "Q122331438", "name": "Q122331438", "status": "missing", "osm_id": null, "type": "chiesa"}, "geometry": {"type": "Point", "coordinates": [15.675389, 40.488667]}}, {"type": "Feature", "properties": {"wikidata": "Q122331477", "name": "Q122331477", "status": "missing", "osm_id": null, "type": "chiesa"}, "geometry": {"type": "Point", "coordinates": [15.6705, 40.583]}}, {"type": "Feature", "properties": {"wikidata": "Q122643438", "name": "Q122643438", "status": "missing", "osm_id": null, "type": "citt\u00e0 fantasma"}, "geometry": {"type": "Point", "coordinates": [15.771718573, 40.985143932]}}, {"type": "Feature", "properties": {"wikidata": "Q122331433", "name": "Q122331433", "status": "missing", "osm_id": null, "type": "cappella"}, "geometry": {"type": "Point", "coordinates": [15.890111, 40.246833]}}, {"type": "Feature", "properties": {"wikidata": "Q122331502", "name": "Q122331502", "status": "missing", "osm_id": null, "type": "chiesa"}, "geometry": {"type": "Point", "coordinates": [15.99425, 40.581694]}}, {"type": "Feature", "properties": {"wikidata": "Q122331480", "name": "Q122331480", "status": "missing", "osm_id": null, "type": "chiesa"}, "geometry": {"type": "Point", "coordinates": [15.674278, 40.585239]}}, {"type": "Feature", "properties": {"wikidata": "Q123586721", "name": "Q123586721", "status": "done", "osm_id": "way/967208752", "type": "chiesa"}, "geometry": {"type": "Point", "coordinates": [16.6801, 40.2163]}}, {"type": "Feature", "properties": {"wikidata": "Q122331517", "name": "Q122331517", "status": "missing", "osm_id": null, "type": "chiesa"}, "geometry": {"type": "Point", "coordinates": [16.071478, 39.948833]}}, {"type": "Feature", "properties": {"wikidata": "Q122331448", "name": "Q122331448", "status": "missing", "osm_id": null, "type": "chiesa"}, "geometry": {"type": "Point", "coordinates": [15.637056, 40.544889]}}, {"type": "Feature", "properties": {"wikidata": "Q122331521", "name": "Q122331521", "status": "missing", "osm_id": null, "type": "cappella"}, "geometry": {"type": "Point", "coordinates": [16.071467, 39.989639]}}, {"type": "Feature", "properties": {"wikidata": "Q122331460", "name": "Q122331460", "status": "missing", "osm_id": null, "type": "cappella"}, "geometry": {"type": "Point", "coordinates": [15.966583, 40.267372]}}, {"type": "Feature", "properties": {"wikidata": "Q122331520", "name": "Q122331520", "status": "missing", "osm_id": null, "type": "cappella"}, "geometry": {"type": "Point", "coordinates": [16.081264, 39.973278]}}, {"type": "Feature", "properties": {"wikidata": "Q122331495", "name": "Q122331495", "status": "missing", "osm_id": null, "type": "chiesa"}, "geometry": {"type": "Point", "coordinates": [15.771889, 40.005058]}}, {"type": "Feature", "properties": {"wikidata": "Q122331532", "name": "Q122331532", "status": "missing", "osm_id": null, "type": "chiesa"}, "geometry": {"type": "Point", "coordinates": [15.897306, 40.339361]}}, {"type": "Feature", "properties": {"wikidata": "Q122331503", "name": "Q122331503", "status": "missing", "osm_id": null, "type": "chiesa"}, "geometry": {"type": "Point", "coordinates": [15.989111, 40.579667]}}, {"type": "Feature", "properties": {"wikidata": "Q122331481", "name": "Q122331481", "status": "missing", "osm_id": null, "type": "chiesa"}, "geometry": {"type": "Point", "coordinates": [16.019265, 40.696389]}}, {"type": "Feature", "properties": {"wikidata": "Q122331511", "name": "Q122331511", "status": "missing", "osm_id": null, "type": "chiesa"}, "geometry": {"type": "Point", "coordinates": [15.504222, 40.59725]}}, {"type": "Feature", "properties": {"wikidata": "Q122331445", "name": "Q122331445", "status": "missing", "osm_id": null, "type": "chiesa"}, "geometry": {"type": "Point", "coordinates": [15.633139, 40.541]}}, {"type": "Feature", "properties": {"wikidata": "Q122331499", "name": "Q122331499", "status": "missing", "osm_id": null, "type": "cappella"}, "geometry": {"type": "Point", "coordinates": [15.987583, 40.577944]}}, {"type": "Feature", "properties": {"wikidata": "Q123003020", "name": "Q123003020", "status": "missing", "osm_id": null, "type": "impianto di calcio"}, "geometry": {"type": "Point", "coordinates": [15.645654106, 40.641301849]}}, {"type": "Feature", "properties": {"wikidata": "Q122331491", "name": "Q122331491", "status": "missing", "osm_id": null, "type": "cappella"}, "geometry": {"type": "Point", "coordinates": [15.777028, 40.0238]}}, {"type": "Feature", "properties": {"wikidata": "Q122331478", "name": "Q122331478", "status": "missing", "osm_id": null, "type": "chiesa"}, "geometry": {"type": "Point", "coordinates": [15.699111, 40.606917]}}, {"type": "Feature", "properties": {"wikidata": "Q122331452", "name": "Q122331452", "status": "missing", "osm_id": null, "type": "chiesa"}, "geometry": {"type": "Point", "coordinates": [15.553583, 40.580722]}}, {"type": "Feature", "properties": {"wikidata": "Q122331442", "name": "Q122331442", "status": "missing", "osm_id": null, "type": "chiesa"}, "geometry": {"type": "Point", "coordinates": [15.639306, 40.545167]}}, {"type": "Feature", "properties": {"wikidata": "Q122331444", "name": "Q122331444", "status": "missing", "osm_id": null, "type": "chiesa"}, "geometry": {"type": "Point", "coordinates": [15.640444, 40.540528]}}, {"type": "Feature", "properties": {"wikidata": "Q122331455", "name": "Q122331455", "status": "missing", "osm_id": null, "type": "chiesa"}, "geometry": {"type": "Point", "coordinates": [16.289417, 40.147408]}}, {"type": "Feature", "properties": {"wikidata": "Q122331526", "name": "Q122331526", "status": "missing", "osm_id": null, "type": "chiesa"}, "geometry": {"type": "Point", "coordinates": [16.169222, 39.98075]}}, {"type": "Feature", "properties": {"wikidata": "Q122331457", "name": "Q122331457", "status": "missing", "osm_id": null, "type": "chiesa"}, "geometry": {"type": "Point", "coordinates": [16.299917, 40.140872]}}, {"type": "Feature", "properties": {"wikidata": "Q122331462", "name": "Q122331462", "status": "missing", "osm_id": null, "type": "cappella"}, "geometry": {"type": "Point", "coordinates": [15.944611, 40.250958]}}, {"type": "Feature", "properties": {"wikidata": "Q122331530", "name": "Q122331530", "status": "missing", "osm_id": null, "type": "chiesa"}, "geometry": {"type": "Point", "coordinates": [15.857417, 40.341667]}}, {"type": "Feature", "properties": {"wikidata": "Q122331496", "name": "Q122331496", "status": "missing", "osm_id": null, "type": "chiesa"}, "geometry": {"type": "Point", "coordinates": [15.779417, 40.022083]}}, {"type": "Feature", "properties": {"wikidata": "Q123987191", "name": "Q123987191", "status": "missing", "osm_id": null, "type": "quartiere"}, "geometry": {"type": "Point", "coordinates": [16.587008019, 40.683137921]}}, {"type": "Feature", "properties": {"wikidata": "Q122331500", "name": "Q122331500", "status": "missing", "osm_id": null, "type": "cappella"}, "geometry": {"type": "Point", "coordinates": [15.988417, 40.582583]}}, {"type": "Feature", "properties": {"wikidata": "Q122331447", "name": "Q122331447", "status": "missing", "osm_id": null, "type": "chiesa"}, "geometry": {"type": "Point", "coordinates": [15.637944, 40.543611]}}, {"type": "Feature", "properties": {"wikidata": "Q122331504", "name": "Q122331504", "status": "missing", "osm_id": null, "type": "chiesa"}, "geometry": {"type": "Point", "coordinates": [15.917436, 40.669056]}}, {"type": "Feature", "properties": {"wikidata": "Q122331529", "name": "Q122331529", "status": "missing", "osm_id": null, "type": "chiesa"}, "geometry": {"type": "Point", "coordinates": [15.903472, 40.340694]}}, {"type": "Feature", "properties": {"wikidata": "Q122331472", "name": "Q122331472", "status": "missing", "osm_id": null, "type": "chiesa"}, "geometry": {"type": "Point", "coordinates": [15.666444, 40.586472]}}, {"type": "Feature", "properties": {"wikidata": "Q122331437", "name": "Q122331437", "status": "missing", "osm_id": null, "type": "chiesa"}, "geometry": {"type": "Point", "coordinates": [15.675889, 40.489639]}}, {"type": "Feature", "properties": {"wikidata": "Q122331493", "name": "Q122331493", "status": "missing", "osm_id": null, "type": "chiesa"}, "geometry": {"type": "Point", "coordinates": [15.792861, 40.005719]}}, {"type": "Feature", "properties": {"wikidata": "Q122331469", "name": "Q122331469", "status": "missing", "osm_id": null, "type": "cappella"}, "geometry": {"type": "Point", "coordinates": [16.294694, 39.978556]}}, {"type": "Feature", "properties": {"wikidata": "Q122331454", "name": "Q122331454", "status": "missing", "osm_id": null, "type": "chiesa"}, "geometry": {"type": "Point", "coordinates": [16.288583, 40.144447]}}, {"type": "Feature", "properties": {"wikidata": "Q122331463", "name": "Q122331463", "status": "missing", "osm_id": null, "type": "chiesa"}, "geometry": {"type": "Point", "coordinates": [15.966761, 40.269861]}}, {"type": "Feature", "properties": {"wikidata": "Q122331441", "name": "Q122331441", "status": "missing", "osm_id": null, "type": "cappella"}, "geometry": {"type": "Point", "coordinates": [15.634578, 40.556944]}}, {"type": "Feature", "properties": {"wikidata": "Q122331490", "name": "Q122331490", "status": "missing", "osm_id": null, "type": "cappella"}, "geometry": {"type": "Point", "coordinates": [15.778028, 40.025553]}}, {"type": "Feature", "properties": {"wikidata": "Q122331519", "name": "Q122331519", "status": "missing", "osm_id": null, "type": "cappella"}, "geometry": {"type": "Point", "coordinates": [16.117225, 39.957417]}}, {"type": "Feature", "properties": {"wikidata": "Q122331459", "name": "Q122331459", "status": "missing", "osm_id": null, "type": "cappella"}, "geometry": {"type": "Point", "coordinates": [15.966858, 40.269183]}}, {"type": "Feature", "properties": {"wikidata": "Q122331479", "name": "Q122331479", "status": "missing", "osm_id": null, "type": "chiesa"}, "geometry": {"type": "Point", "coordinates": [15.673639, 40.582556]}}, {"type": "Feature", "properties": {"wikidata": "Q122331518", "name": "Q122331518", "status": "missing", "osm_id": null, "type": "cappella"}, "geometry": {"type": "Point", "coordinates": [16.124167, 39.980972]}}, {"type": "Feature", "properties": {"wikidata": "Q122331512", "name": "Q122331512", "status": "missing", "osm_id": null, "type": "chiesa"}, "geometry": {"type": "Point", "coordinates": [15.505556, 40.599306]}}, {"type": "Feature", "properties": {"wikidata": "Q122331513", "name": "Q122331513", "status": "missing", "osm_id": null, "type": "chiesa"}, "geometry": {"type": "Point", "coordinates": [15.507444, 40.599444]}}, {"type": "Feature", "properties": {"wikidata": "Q122331453", "name": "Q122331453", "status": "missing", "osm_id": null, "type": "chiesa"}, "geometry": {"type": "Point", "coordinates": [15.619639, 40.611194]}}, {"type": "Feature", "properties": {"wikidata": "Q122331451", "name": "Q122331451", "status": "missing", "osm_id": null, "type": "chiesa"}, "geometry": {"type": "Point", "coordinates": [15.5555, 40.567244]}}, {"type": "Feature", "properties": {"wikidata": "Q122331461", "name": "Q122331461", "status": "missing", "osm_id": null, "type": "cappella"}, "geometry": {"type": "Point", "coordinates": [15.968053, 40.266833]}}, {"type": "Feature", "properties": {"wikidata": "Q122331464", "name": "Q122331464", "status": "missing", "osm_id": null, "type": "chiesa"}, "geometry": {"type": "Point", "coordinates": [15.986833, 40.265]}}, {"type": "Feature", "properties": {"wikidata": "Q122331525", "name": "Q122331525", "status": "missing", "osm_id": null, "type": "chiesa"}, "geometry": {"type": "Point", "coordinates": [16.090975, 39.971833]}}, {"type": "Feature", "properties": {"wikidata": "Q122331505", "name": "Q122331505", "status": "done", "osm_id": "way/214809656", "type": "chiesa"}, "geometry": {"type": "Point", "coordinates": [15.814917, 40.964056]}}, {"type": "Feature", "properties": {"wikidata": "Q122331450", "name": "Q122331450", "status": "missing", "osm_id": null, "type": "chiesa"}, "geometry": {"type": "Point", "coordinates": [15.551183, 40.568772]}}, {"type": "Feature", "properties": {"wikidata": "Q122331470", "name": "Q122331470", "status": "missing", "osm_id": null, "type": "chiesa"}, "geometry": {"type": "Point", "coordinates": [16.297639, 39.977611]}}, {"type": "Feature", "properties": {"wikidata": "Q122331467", "name": "Q122331467", "status": "done", "osm_id": "way/1429699297", "type": "chiesa"}, "geometry": {"type": "Point", "coordinates": [16.153953, 40.126142]}}, {"type": "Feature", "properties": {"wikidata": "Q122331456", "name": "Q122331456", "status": "missing", "osm_id": null, "type": "chiesa"}, "geometry": {"type": "Point", "coordinates": [16.290472, 40.143569]}}, {"type": "Feature", "properties": {"wikidata": "Q122331440", "name": "Q122331440", "status": "missing", "osm_id": null, "type": "cappella"}, "geometry": {"type": "Point", "coordinates": [15.612861, 40.563972]}}, {"type": "Feature", "properties": {"wikidata": "Q122648542", "name": "Q122648542", "status": "missing", "osm_id": null, "type": "rovine"}, "geometry": {"type": "Point", "coordinates": [16.726978367, 40.417784636]}}, {"type": "Feature", "properties": {"wikidata": "Q122331524", "name": "Q122331524", "status": "missing", "osm_id": null, "type": "chiesa"}, "geometry": {"type": "Point", "coordinates": [16.064681, 40.012342]}}, {"type": "Feature", "properties": {"wikidata": "Q122331514", "name": "Q122331514", "status": "missing", "osm_id": null, "type": "chiesa"}, "geometry": {"type": "Point", "coordinates": [15.510278, 40.5995]}}, {"type": "Feature", "properties": {"wikidata": "Q122331468", "name": "Q122331468", "status": "missing", "osm_id": null, "type": "cappella"}, "geometry": {"type": "Point", "coordinates": [16.296139, 39.979194]}}, {"type": "Feature", "properties": {"wikidata": "Q122331516", "name": "Q122331516", "status": "missing", "osm_id": null, "type": "chiesa"}, "geometry": {"type": "Point", "coordinates": [15.508806, 40.599806]}}, {"type": "Feature", "properties": {"wikidata": "Q122331476", "name": "Q122331476", "status": "missing", "osm_id": null, "type": "chiesa"}, "geometry": {"type": "Point", "coordinates": [15.697111, 40.586417]}}, {"type": "Feature", "properties": {"wikidata": "Q122331489", "name": "Q122331489", "status": "missing", "osm_id": null, "type": "cappella"}, "geometry": {"type": "Point", "coordinates": [15.777278, 40.021356]}}, {"type": "Feature", "properties": {"wikidata": "Q122331443", "name": "Q122331443", "status": "missing", "osm_id": null, "type": "chiesa"}, "geometry": {"type": "Point", "coordinates": [15.639306, 40.526806]}}, {"type": "Feature", "properties": {"wikidata": "Q122331528", "name": "Q122331528", "status": "missing", "osm_id": null, "type": "cappella"}, "geometry": {"type": "Point", "coordinates": [15.903361, 40.326917]}}, {"type": "Feature", "properties": {"wikidata": "Q122331507", "name": "Q122331507", "status": "missing", "osm_id": null, "type": "chiesa"}, "geometry": {"type": "Point", "coordinates": [15.821139, 40.963528]}}, {"type": "Feature", "properties": {"wikidata": "Q122331449", "name": "Q122331449", "status": "missing", "osm_id": null, "type": "chiesa"}, "geometry": {"type": "Point", "coordinates": [15.552833, 40.5695]}}, {"type": "Feature", "properties": {"wikidata": "Q122331483", "name": "Q122331483", "status": "missing", "osm_id": null, "type": "chiesa"}, "geometry": {"type": "Point", "coordinates": [16.028917, 40.700217]}}, {"type": "Feature", "properties": {"wikidata": "Q122331482", "name": "Q122331482", "status": "missing", "osm_id": null, "type": "chiesa"}, "geometry": {"type": "Point", "coordinates": [16.019969, 40.697056]}}, {"type": "Feature", "properties": {"wikidata": "Q122331473", "name": "Q122331473", "status": "missing", "osm_id": null, "type": "chiesa"}, "geometry": {"type": "Point", "coordinates": [15.679222, 40.575194]}}, {"type": "Feature", "properties": {"wikidata": "Q122331508", "name": "Q122331508", "status": "missing", "osm_id": null, "type": "chiesa"}, "geometry": {"type": "Point", "coordinates": [15.818592, 40.961528]}}, {"type": "Feature", "properties": {"wikidata": "Q122331446", "name": "Q122331446", "status": "missing", "osm_id": null, "type": "chiesa"}, "geometry": {"type": "Point", "coordinates": [15.595139, 40.533083]}}, {"type": "Feature", "properties": {"wikidata": "Q122331465", "name": "Q122331465", "status": "done", "osm_id": "way/1429713052", "type": "cappella"}, "geometry": {"type": "Point", "coordinates": [16.1468, 40.122175]}}, {"type": "Feature", "properties": {"wikidata": "Q122331501", "name": "Q122331501", "status": "missing", "osm_id": null, "type": "chiesa"}, "geometry": {"type": "Point", "coordinates": [15.989806, 40.581056]}}, {"type": "Feature", "properties": {"wikidata": "Q122331458", "name": "Q122331458", "status": "missing", "osm_id": null, "type": "cappella"}, "geometry": {"type": "Point", "coordinates": [15.967689, 40.27075]}}, {"type": "Feature", "properties": {"wikidata": "Q122331486", "name": "Q122331486", "status": "missing", "osm_id": null, "type": "chiesa"}, "geometry": {"type": "Point", "coordinates": [16.020017, 40.697722]}}, {"type": "Feature", "properties": {"wikidata": "Q124213352", "name": "Q124213352", "status": "done", "osm_id": "way/434332005", "type": "sito archeologico"}, "geometry": {"type": "Point", "coordinates": [16.577, 40.4654]}}, {"type": "Feature", "properties": {"wikidata": "Q122331474", "name": "Q122331474", "status": "missing", "osm_id": null, "type": "chiesa"}, "geometry": {"type": "Point", "coordinates": [15.674806, 40.580278]}}, {"type": "Feature", "properties": {"wikidata": "Q122331509", "name": "Q122331509", "status": "missing", "osm_id": null, "type": "chiesa"}, "geometry": {"type": "Point", "coordinates": [15.817989, 40.964056]}}, {"type": "Feature", "properties": {"wikidata": "Q122331523", "name": "Q122331523", "status": "missing", "osm_id": null, "type": "chiesa"}, "geometry": {"type": "Point", "coordinates": [16.061025, 39.993583]}}, {"type": "Feature", "properties": {"wikidata": "Q122331497", "name": "Q122331497", "status": "missing", "osm_id": null, "type": "chiesa"}, "geometry": {"type": "Point", "coordinates": [15.793667, 39.997972]}}, {"type": "Feature", "properties": {"wikidata": "Q122331488", "name": "Q122331488", "status": "missing", "osm_id": null, "type": "chiesa"}, "geometry": {"type": "Point", "coordinates": [16.017374, 40.692972]}}, {"type": "Feature", "properties": {"wikidata": "Q122331487", "name": "Q122331487", "status": "missing", "osm_id": null, "type": "chiesa"}, "geometry": {"type": "Point", "coordinates": [16.018884, 40.695917]}}, {"type": "Feature", "properties": {"wikidata": "Q122331506", "name": "Q122331506", "status": "done", "osm_id": "way/214765576", "type": "chiesa"}, "geometry": {"type": "Point", "coordinates": [15.814028, 40.959417]}}, {"type": "Feature", "properties": {"wikidata": "Q122331471", "name": "Q122331471", "status": "missing", "osm_id": null, "type": "chiesa"}, "geometry": {"type": "Point", "coordinates": [16.292083, 39.980917]}}, {"type": "Feature", "properties": {"wikidata": "Q122331436", "name": "Q122331436", "status": "missing", "osm_id": null, "type": "chiesa"}, "geometry": {"type": "Point", "coordinates": [15.887694, 40.24425]}}, {"type": "Feature", "properties": {"wikidata": "Q122331492", "name": "Q122331492", "status": "missing", "osm_id": null, "type": "cappella"}, "geometry": {"type": "Point", "coordinates": [15.775444, 40.025869]}}, {"type": "Feature", "properties": {"wikidata": "Q122331527", "name": "Q122331527", "status": "missing", "osm_id": null, "type": "chiesa"}, "geometry": {"type": "Point", "coordinates": [16.087281, 39.991222]}}, {"type": "Feature", "properties": {"wikidata": "Q122331498", "name": "Q122331498", "status": "missing", "osm_id": null, "type": "chiesa"}, "geometry": {"type": "Point", "coordinates": [15.776917, 40.026172]}}, {"type": "Feature", "properties": {"wikidata": "Q122331475", "name": "Q122331475", "status": "missing", "osm_id": null, "type": "chiesa"}, "geometry": {"type": "Point", "coordinates": [15.676528, 40.582778]}}, {"type": "Feature", "properties": {"wikidata": "Q122331515", "name": "Q122331515", "status": "missing", "osm_id": null, "type": "chiesa"}, "geometry": {"type": "Point", "coordinates": [15.504861, 40.600025]}}, {"type": "Feature", "properties": {"wikidata": "Q122331466", "name": "Q122331466", "status": "done", "osm_id": "way/1429762907", "type": "cappella"}, "geometry": {"type": "Point", "coordinates": [16.155611, 40.127147]}}, {"type": "Feature", "properties": {"wikidata": "Q122331439", "name": "Q122331439", "status": "missing", "osm_id": null, "type": "chiesa"}, "geometry": {"type": "Point", "coordinates": [15.675111, 40.490056]}}, {"type": "Feature", "properties": {"wikidata": "Q122331412", "name": "Q122331412", "status": "missing", "osm_id": null, "type": "chiesa"}, "geometry": {"type": "Point", "coordinates": [16.305639, 40.036889]}}, {"type": "Feature", "properties": {"wikidata": "Q122331354", "name": "Q122331354", "status": "done", "osm_id": "way/983845933", "type": "chiesa"}, "geometry": {"type": "Point", "coordinates": [15.804361, 40.658306]}}, {"type": "Feature", "properties": {"wikidata": "Q122331370", "name": "Q122331370", "status": "done", "osm_id": "way/349817133", "type": "chiesa"}, "geometry": {"type": "Point", "coordinates": [15.800828, 40.634289]}}, {"type": "Feature", "properties": {"wikidata": "Q122331350", "name": "Q122331350", "status": "missing", "osm_id": null, "type": "chiesa"}, "geometry": {"type": "Point", "coordinates": [15.828556, 40.644556]}}, {"type": "Feature", "properties": {"wikidata": "Q122331333", "name": "Q122331333", "status": "missing", "osm_id": null, "type": "chiesa"}, "geometry": {"type": "Point", "coordinates": [16.063019, 40.516167]}}, {"type": "Feature", "properties": {"wikidata": "Q122331347", "name": "Q122331347", "status": "done", "osm_id": "way/349844622", "type": "chiesa"}, "geometry": {"type": "Point", "coordinates": [15.786472, 40.654056]}}, {"type": "Feature", "properties": {"wikidata": "Q122331353", "name": "Q122331353", "status": "missing", "osm_id": null, "type": "chiesa"}, "geometry": {"type": "Point", "coordinates": [15.793139, 40.710083]}}, {"type": "Feature", "properties": {"wikidata": "Q122331362", "name": "Q122331362", "status": "missing", "osm_id": null, "type": "chiesa"}, "geometry": {"type": "Point", "coordinates": [15.812722, 40.611389]}}, {"type": "Feature", "properties": {"wikidata": "Q122331382", "name": "Q122331382", "status": "missing", "osm_id": null, "type": "cappella"}, "geometry": {"type": "Point", "coordinates": [16.181472, 40.230694]}}, {"type": "Feature", "properties": {"wikidata": "Q122331367", "name": "Q122331367", "status": "done", "osm_id": "way/349817561", "type": "chiesa"}, "geometry": {"type": "Point", "coordinates": [15.808944, 40.637722]}}, {"type": "Feature", "properties": {"wikidata": "Q122331352", "name": "Q122331352", "status": "missing", "osm_id": null, "type": "chiesa"}, "geometry": {"type": "Point", "coordinates": [15.80075, 40.621944]}}, {"type": "Feature", "properties": {"wikidata": "Q122331429", "name": "Q122331429", "status": "missing", "osm_id": null, "type": "chiesa"}, "geometry": {"type": "Point", "coordinates": [16.274361, 40.246389]}}, {"type": "Feature", "properties": {"wikidata": "Q122331343", "name": "Q122331343", "status": "missing", "osm_id": null, "type": "cappella"}, "geometry": {"type": "Point", "coordinates": [15.859528, 40.671083]}}, {"type": "Feature", "properties": {"wikidata": "Q122331391", "name": "Q122331391", "status": "missing", "osm_id": null, "type": "chiesa"}, "geometry": {"type": "Point", "coordinates": [16.038747, 39.953028]}}, {"type": "Feature", "properties": {"wikidata": "Q122331334", "name": "Q122331334", "status": "missing", "osm_id": null, "type": "chiesa"}, "geometry": {"type": "Point", "coordinates": [16.0612, 40.518619]}}, {"type": "Feature", "properties": {"wikidata": "Q122331422", "name": "Q122331422", "status": "missing", "osm_id": null, "type": "cappella"}, "geometry": {"type": "Point", "coordinates": [16.131225, 40.046503]}}, {"type": "Feature", "properties": {"wikidata": "Q122331384", "name": "Q122331384", "status": "done", "osm_id": "way/1432093015", "type": "chiesa"}, "geometry": {"type": "Point", "coordinates": [16.205583, 40.214639]}}, {"type": "Feature", "properties": {"wikidata": "Q122331387", "name": "Q122331387", "status": "missing", "osm_id": null, "type": "cappella"}, "geometry": {"type": "Point", "coordinates": [16.040078, 39.954278]}}, {"type": "Feature", "properties": {"wikidata": "Q122331368", "name": "Q122331368", "status": "done", "osm_id": "way/349593677", "type": "chiesa"}, "geometry": {"type": "Point", "coordinates": [15.799306, 40.629583]}}, {"type": "Feature", "properties": {"wikidata": "Q122331417", "name": "Q122331417", "status": "missing", "osm_id": null, "type": "chiesa"}, "geometry": {"type": "Point", "coordinates": [16.042197, 40.237472]}}, {"type": "Feature", "properties": {"wikidata": "Q122331366", "name": "Q122331366", "status": "missing", "osm_id": null, "type": "chiesa"}, "geometry": {"type": "Point", "coordinates": [15.774222, 40.64975]}}, {"type": "Feature", "properties": {"wikidata": "Q122331332", "name": "Q122331332", "status": "missing", "osm_id": null, "type": "chiesa"}, "geometry": {"type": "Point", "coordinates": [16.061469, 40.516639]}}, {"type": "Feature", "properties": {"wikidata": "Q122331389", "name": "Q122331389", "status": "missing", "osm_id": null, "type": "chiesa"}, "geometry": {"type": "Point", "coordinates": [16.039931, 39.956167]}}, {"type": "Feature", "properties": {"wikidata": "Q122331351", "name": "Q122331351", "status": "missing", "osm_id": null, "type": "chiesa"}, "geometry": {"type": "Point", "coordinates": [15.738694, 40.664444]}}, {"type": "Feature", "properties": {"wikidata": "Q122331418", "name": "Q122331418", "status": "missing", "osm_id": null, "type": "chiesa"}, "geometry": {"type": "Point", "coordinates": [16.052388, 40.239361]}}, {"type": "Feature", "properties": {"wikidata": "Q122331423", "name": "Q122331423", "status": "missing", "osm_id": null, "type": "chiesa"}, "geometry": {"type": "Point", "coordinates": [16.18225, 40.041381]}}, {"type": "Feature", "properties": {"wikidata": "Q122331327", "name": "Q122331327", "status": "missing", "osm_id": null, "type": "chiesa"}, "geometry": {"type": "Point", "coordinates": [15.878444, 40.746889]}}, {"type": "Feature", "properties": {"wikidata": "Q122331400", "name": "Q122331400", "status": "done", "osm_id": "way/892666990", "type": "chiesa"}, "geometry": {"type": "Point", "coordinates": [15.538722, 40.847139]}}, {"type": "Feature", "properties": {"wikidata": "Q122331379", "name": "Q122331379", "status": "missing", "osm_id": null, "type": "chiesa"}, "geometry": {"type": "Point", "coordinates": [15.691056, 40.064711]}}, {"type": "Feature", "properties": {"wikidata": "Q122331388", "name": "Q122331388", "status": "missing", "osm_id": null, "type": "chiesa"}, "geometry": {"type": "Point", "coordinates": [16.020142, 39.940222]}}, {"type": "Feature", "properties": {"wikidata": "Q122331346", "name": "Q122331346", "status": "done", "osm_id": "way/349817131", "type": "chiesa"}, "geometry": {"type": "Point", "coordinates": [15.807972, 40.633572]}}, {"type": "Feature", "properties": {"wikidata": "Q122331406", "name": "Q122331406", "status": "missing", "osm_id": null, "type": "cappella"}, "geometry": {"type": "Point", "coordinates": [16.081719, 40.187333]}}, {"type": "Feature", "properties": {"wikidata": "Q122331365", "name": "Q122331365", "status": "missing", "osm_id": null, "type": "chiesa"}, "geometry": {"type": "Point", "coordinates": [15.788528, 40.642222]}}, {"type": "Feature", "properties": {"wikidata": "Q122331363", "name": "Q122331363", "status": "missing", "osm_id": null, "type": "chiesa"}, "geometry": {"type": "Point", "coordinates": [15.800772, 40.730972]}}, {"type": "Feature", "properties": {"wikidata": "Q122331419", "name": "Q122331419", "status": "missing", "osm_id": null, "type": "cappella"}, "geometry": {"type": "Point", "coordinates": [16.334606, 40.024025]}}, {"type": "Feature", "properties": {"wikidata": "Q122331405", "name": "Q122331405", "status": "missing", "osm_id": null, "type": "cappella"}, "geometry": {"type": "Point", "coordinates": [16.077189, 40.20575]}}, {"type": "Feature", "properties": {"wikidata": "Q122331341", "name": "Q122331341", "status": "missing", "osm_id": null, "type": "cappella"}, "geometry": {"type": "Point", "coordinates": [15.856139, 40.689028]}}, {"type": "Feature", "properties": {"wikidata": "Q122331421", "name": "Q122331421", "status": "missing", "osm_id": null, "type": "chiesa"}, "geometry": {"type": "Point", "coordinates": [16.333953, 40.036658]}}, {"type": "Feature", "properties": {"wikidata": "Q122331376", "name": "Q122331376", "status": "missing", "osm_id": null, "type": "chiesa"}, "geometry": {"type": "Point", "coordinates": [15.726139, 40.912167]}}, {"type": "Feature", "properties": {"wikidata": "Q122331385", "name": "Q122331385", "status": "done", "osm_id": "way/1432093017", "type": "chiesa"}, "geometry": {"type": "Point", "coordinates": [16.204361, 40.212528]}}, {"type": "Feature", "properties": {"wikidata": "Q122331404", "name": "Q122331404", "status": "missing", "osm_id": null, "type": "cappella"}, "geometry": {"type": "Point", "coordinates": [16.080497, 40.189333]}}, {"type": "Feature", "properties": {"wikidata": "Q122331409", "name": "Q122331409", "status": "missing", "osm_id": null, "type": "chiesa"}, "geometry": {"type": "Point", "coordinates": [16.074136, 40.190472]}}, {"type": "Feature", "properties": {"wikidata": "Q122331361", "name": "Q122331361", "status": "done", "osm_id": "way/349844336", "type": "chiesa"}, "geometry": {"type": "Point", "coordinates": [15.812556, 40.637222]}}, {"type": "Feature", "properties": {"wikidata": "Q122331359", "name": "Q122331359", "status": "missing", "osm_id": null, "type": "chiesa"}, "geometry": {"type": "Point", "coordinates": [15.790167, 40.633194]}}, {"type": "Feature", "properties": {"wikidata": "Q122331342", "name": "Q122331342", "status": "missing", "osm_id": null, "type": "cappella"}, "geometry": {"type": "Point", "coordinates": [15.811194, 40.707139]}}, {"type": "Feature", "properties": {"wikidata": "Q122331340", "name": "Q122331340", "status": "missing", "osm_id": null, "type": "cappella"}, "geometry": {"type": "Point", "coordinates": [15.796556, 40.647694]}}, {"type": "Feature", "properties": {"wikidata": "Q122331410", "name": "Q122331410", "status": "missing", "osm_id": null, "type": "cappella"}, "geometry": {"type": "Point", "coordinates": [16.305656, 40.036889]}}, {"type": "Feature", "properties": {"wikidata": "Q122331326", "name": "Q122331326", "status": "missing", "osm_id": null, "type": "chiesa"}, "geometry": {"type": "Point", "coordinates": [15.880694, 40.747694]}}, {"type": "Feature", "properties": {"wikidata": "Q122331414", "name": "Q122331414", "status": "missing", "osm_id": null, "type": "chiesa"}, "geometry": {"type": "Point", "coordinates": [15.540167, 40.819269]}}, {"type": "Feature", "properties": {"wikidata": "Q122331434", "name": "Q122331434", "status": "missing", "osm_id": null, "type": "chiesa"}, "geometry": {"type": "Point", "coordinates": [15.910167, 40.240333]}}, {"type": "Feature", "properties": {"wikidata": "Q122331402", "name": "Q122331402", "status": "missing", "osm_id": null, "type": "cappella"}, "geometry": {"type": "Point", "coordinates": [16.076944, 40.190028]}}, {"type": "Feature", "properties": {"wikidata": "Q122331355", "name": "Q122331355", "status": "done", "osm_id": "way/349803253", "type": "chiesa"}, "geometry": {"type": "Point", "coordinates": [15.800756, 40.648694]}}, {"type": "Feature", "properties": {"wikidata": "Q122331335", "name": "Q122331335", "status": "missing", "osm_id": null, "type": "chiesa"}, "geometry": {"type": "Point", "coordinates": [16.062928, 40.519381]}}, {"type": "Feature", "properties": {"wikidata": "Q122331392", "name": "Q122331392", "status": "missing", "osm_id": null, "type": "chiesa"}, "geometry": {"type": "Point", "coordinates": [15.685769, 40.747139]}}, {"type": "Feature", "properties": {"wikidata": "Q122331381", "name": "Q122331381", "status": "missing", "osm_id": null, "type": "chiesa"}, "geometry": {"type": "Point", "coordinates": [15.759556, 40.077844]}}, {"type": "Feature", "properties": {"wikidata": "Q122331344", "name": "Q122331344", "status": "missing", "osm_id": null, "type": "cappella"}, "geometry": {"type": "Point", "coordinates": [15.800914, 40.634331]}}, {"type": "Feature", "properties": {"wikidata": "Q122331403", "name": "Q122331403", "status": "missing", "osm_id": null, "type": "cappella"}, "geometry": {"type": "Point", "coordinates": [16.078817, 40.188778]}}, {"type": "Feature", "properties": {"wikidata": "Q122331427", "name": "Q122331427", "status": "missing", "osm_id": null, "type": "cappella"}, "geometry": {"type": "Point", "coordinates": [16.27175, 40.247194]}}, {"type": "Feature", "properties": {"wikidata": "Q122331416", "name": "Q122331416", "status": "done", "osm_id": "node/10356976888", "type": "chiesa"}, "geometry": {"type": "Point", "coordinates": [16.053256, 40.240222]}}, {"type": "Feature", "properties": {"wikidata": "Q122331411", "name": "Q122331411", "status": "missing", "osm_id": null, "type": "cappella"}, "geometry": {"type": "Point", "coordinates": [16.305642, 40.036889]}}, {"type": "Feature", "properties": {"wikidata": "Q122331435", "name": "Q122331435", "status": "missing", "osm_id": null, "type": "chiesa"}, "geometry": {"type": "Point", "coordinates": [15.890806, 40.248444]}}, {"type": "Feature", "properties": {"wikidata": "Q122331413", "name": "Q122331413", "status": "missing", "osm_id": null, "type": "chiesa"}, "geometry": {"type": "Point", "coordinates": [16.303972, 40.035539]}}, {"type": "Feature", "properties": {"wikidata": "Q122331426", "name": "Q122331426", "status": "missing", "osm_id": null, "type": "cappella"}, "geometry": {"type": "Point", "coordinates": [16.272361, 40.243972]}}, {"type": "Feature", "properties": {"wikidata": "Q122331408", "name": "Q122331408", "status": "missing", "osm_id": null, "type": "chiesa"}, "geometry": {"type": "Point", "coordinates": [16.079656, 40.189139]}}, {"type": "Feature", "properties": {"wikidata": "Q122331420", "name": "Q122331420", "status": "missing", "osm_id": null, "type": "chiesa"}, "geometry": {"type": "Point", "coordinates": [16.334642, 40.036258]}}, {"type": "Feature", "properties": {"wikidata": "Q122331338", "name": "Q122331338", "status": "missing", "osm_id": null, "type": "cappella"}, "geometry": {"type": "Point", "coordinates": [15.792417, 40.719406]}}, {"type": "Feature", "properties": {"wikidata": "Q122331432", "name": "Q122331432", "status": "missing", "osm_id": null, "type": "cappella"}, "geometry": {"type": "Point", "coordinates": [15.891861, 40.247583]}}, {"type": "Feature", "properties": {"wikidata": "Q122331424", "name": "Q122331424", "status": "missing", "osm_id": null, "type": "chiesa"}, "geometry": {"type": "Point", "coordinates": [15.559583, 40.545472]}}, {"type": "Feature", "properties": {"wikidata": "Q122331390", "name": "Q122331390", "status": "missing", "osm_id": null, "type": "chiesa"}, "geometry": {"type": "Point", "coordinates": [16.040253, 39.953583]}}, {"type": "Feature", "properties": {"wikidata": "Q122331328", "name": "Q122331328", "status": "missing", "osm_id": null, "type": "cappella"}, "geometry": {"type": "Point", "coordinates": [16.064536, 40.513333]}}, {"type": "Feature", "properties": {"wikidata": "Q122331345", "name": "Q122331345", "status": "missing", "osm_id": null, "type": "cappella"}, "geometry": {"type": "Point", "coordinates": [15.827833, 40.704167]}}, {"type": "Feature", "properties": {"wikidata": "Q122331360", "name": "Q122331360", "status": "missing", "osm_id": null, "type": "chiesa"}, "geometry": {"type": "Point", "coordinates": [15.79675, 40.64775]}}, {"type": "Feature", "properties": {"wikidata": "Q122331336", "name": "Q122331336", "status": "missing", "osm_id": null, "type": "chiesa"}, "geometry": {"type": "Point", "coordinates": [15.826083, 40.571611]}}, {"type": "Feature", "properties": {"wikidata": "Q122331386", "name": "Q122331386", "status": "missing", "osm_id": null, "type": "cappella"}, "geometry": {"type": "Point", "coordinates": [16.041131, 39.9565]}}, {"type": "Feature", "properties": {"wikidata": "Q122331375", "name": "Q122331375", "status": "missing", "osm_id": null, "type": "chiesa"}, "geometry": {"type": "Point", "coordinates": [15.569528, 40.950314]}}, {"type": "Feature", "properties": {"wikidata": "Q122331380", "name": "Q122331380", "status": "missing", "osm_id": null, "type": "chiesa"}, "geometry": {"type": "Point", "coordinates": [15.773111, 40.082492]}}, {"type": "Feature", "properties": {"wikidata": "Q122331369", "name": "Q122331369", "status": "missing", "osm_id": null, "type": "chiesa"}, "geometry": {"type": "Point", "coordinates": [15.837306, 40.635878]}}, {"type": "Feature", "properties": {"wikidata": "Q122331321", "name": "Q122331321", "status": "missing", "osm_id": null, "type": "cappella"}, "geometry": {"type": "Point", "coordinates": [15.881278, 40.748611]}}, {"type": "Feature", "properties": {"wikidata": "Q122331431", "name": "Q122331431", "status": "missing", "osm_id": null, "type": "chiesa"}, "geometry": {"type": "Point", "coordinates": [16.243694, 40.239472]}}, {"type": "Feature", "properties": {"wikidata": "Q122331428", "name": "Q122331428", "status": "missing", "osm_id": null, "type": "chiesa"}, "geometry": {"type": "Point", "coordinates": [16.255361, 40.25625]}}, {"type": "Feature", "properties": {"wikidata": "Q122331377", "name": "Q122331377", "status": "missing", "osm_id": null, "type": "chiesa"}, "geometry": {"type": "Point", "coordinates": [15.713139, 40.086256]}}, {"type": "Feature", "properties": {"wikidata": "Q122331324", "name": "Q122331324", "status": "missing", "osm_id": null, "type": "chiesa"}, "geometry": {"type": "Point", "coordinates": [15.798944, 40.77025]}}, {"type": "Feature", "properties": {"wikidata": "Q122331374", "name": "Q122331374", "status": "missing", "osm_id": null, "type": "chiesa"}, "geometry": {"type": "Point", "coordinates": [15.573306, 40.918003]}}, {"type": "Feature", "properties": {"wikidata": "Q122331339", "name": "Q122331339", "status": "missing", "osm_id": null, "type": "cappella"}, "geometry": {"type": "Point", "coordinates": [15.872167, 40.643306]}}, {"type": "Feature", "properties": {"wikidata": "Q122331337", "name": "Q122331337", "status": "missing", "osm_id": null, "type": "cappella"}, "geometry": {"type": "Point", "coordinates": [15.844333, 40.65575]}}, {"type": "Feature", "properties": {"wikidata": "Q122331383", "name": "Q122331383", "status": "done", "osm_id": "way/1432093020", "type": "cappella"}, "geometry": {"type": "Point", "coordinates": [16.207056, 40.217336]}}, {"type": "Feature", "properties": {"wikidata": "Q122331372", "name": "Q122331372", "status": "done", "osm_id": "way/584868466", "type": "chiesa"}, "geometry": {"type": "Point", "coordinates": [15.672194, 40.923417]}}, {"type": "Feature", "properties": {"wikidata": "Q122331348", "name": "Q122331348", "status": "missing", "osm_id": null, "type": "chiesa"}, "geometry": {"type": "Point", "coordinates": [15.762667, 40.637583]}}, {"type": "Feature", "properties": {"wikidata": "Q122331331", "name": "Q122331331", "status": "missing", "osm_id": null, "type": "chiesa"}, "geometry": {"type": "Point", "coordinates": [16.061192, 40.518619]}}, {"type": "Feature", "properties": {"wikidata": "Q122331401", "name": "Q122331401", "status": "missing", "osm_id": null, "type": "cappella"}, "geometry": {"type": "Point", "coordinates": [16.074581, 40.188806]}}, {"type": "Feature", "properties": {"wikidata": "Q122331378", "name": "Q122331378", "status": "missing", "osm_id": null, "type": "chiesa"}, "geometry": {"type": "Point", "coordinates": [15.688361, 40.072206]}}, {"type": "Feature", "properties": {"wikidata": "Q122331356", "name": "Q122331356", "status": "missing", "osm_id": null, "type": "chiesa"}, "geometry": {"type": "Point", "coordinates": [15.771889, 40.683703]}}, {"type": "Feature", "properties": {"wikidata": "Q122331325", "name": "Q122331325", "status": "missing", "osm_id": null, "type": "chiesa"}, "geometry": {"type": "Point", "coordinates": [15.882056, 40.749667]}}, {"type": "Feature", "properties": {"wikidata": "Q122331407", "name": "Q122331407", "status": "missing", "osm_id": null, "type": "cappella"}, "geometry": {"type": "Point", "coordinates": [16.076581, 40.190528]}}, {"type": "Feature", "properties": {"wikidata": "Q122331425", "name": "Q122331425", "status": "missing", "osm_id": null, "type": "chiesa"}, "geometry": {"type": "Point", "coordinates": [15.557833, 40.546861]}}, {"type": "Feature", "properties": {"wikidata": "Q122331415", "name": "Q122331415", "status": "missing", "osm_id": null, "type": "cappella"}, "geometry": {"type": "Point", "coordinates": [16.055931, 40.241056]}}, {"type": "Feature", "properties": {"wikidata": "Q122331349", "name": "Q122331349", "status": "missing", "osm_id": null, "type": "cappella"}, "geometry": {"type": "Point", "coordinates": [15.806694, 40.640556]}}, {"type": "Feature", "properties": {"wikidata": "Q122331371", "name": "Q122331371", "status": "missing", "osm_id": null, "type": "palazzo"}, "geometry": {"type": "Point", "coordinates": [15.805944, 40.640222]}}, {"type": "Feature", "properties": {"wikidata": "Q122331364", "name": "Q122331364", "status": "missing", "osm_id": null, "type": "chiesa"}, "geometry": {"type": "Point", "coordinates": [15.758389, 40.694972]}}, {"type": "Feature", "properties": {"wikidata": "Q122331330", "name": "Q122331330", "status": "missing", "osm_id": null, "type": "chiesa"}, "geometry": {"type": "Point", "coordinates": [16.062161, 40.518422]}}, {"type": "Feature", "properties": {"wikidata": "Q55423103", "name": "Q55423103", "status": "missing", "osm_id": null, "type": "area protetta Natura 2000"}, "geometry": {"type": "Point", "coordinates": [15.7017, 40.6525]}}, {"type": "Feature", "properties": {"wikidata": "Q16600429", "name": "Q16600429", "status": "done", "osm_id": "node/2648242439", "type": "santuario"}, "geometry": {"type": "Point", "coordinates": [16.617084, 40.663226]}}, {"type": "Feature", "properties": {"wikidata": "Q35495604", "name": "Q35495604", "status": "done", "osm_id": "way/260657373", "type": "chiesa"}, "geometry": {"type": "Point", "coordinates": [15.7840842, 40.5747578]}}, {"type": "Feature", "properties": {"wikidata": "Q108127632", "name": "Q108127632", "status": "missing", "osm_id": null, "type": "fontana"}, "geometry": {"type": "Point", "coordinates": [15.401560095, 40.834984644]}}, {"type": "Feature", "properties": {"wikidata": "Q35498741", "name": "Q35498741", "status": "missing", "osm_id": null, "type": "geosito"}, "geometry": {"type": "Point", "coordinates": [16.20326, 39.97011]}}, {"type": "Feature", "properties": {"wikidata": "Q3662424", "name": "Q3662424", "status": "done", "osm_id": "way/260286059", "type": "castello"}, "geometry": {"type": "Point", "coordinates": [16.499593, 40.567702]}}, {"type": "Feature", "properties": {"wikidata": "Q16540461", "name": "Q16540461", "status": "done", "osm_id": "node/6283996389", "type": "chiesa rupestre"}, "geometry": {"type": "Point", "coordinates": [16.6159469, 40.6643373]}}, {"type": "Feature", "properties": {"wikidata": "Q35496813", "name": "Q35496813", "status": "done", "osm_id": "way/646782090", "type": "chiesa"}, "geometry": {"type": "Point", "coordinates": [15.7882656, 40.5725224]}}, {"type": "Feature", "properties": {"wikidata": "Q16608782", "name": "Q16608782", "status": "done", "osm_id": "node/835716281", "type": "stazione ferroviaria"}, "geometry": {"type": "Point", "coordinates": [15.569918, 40.694995]}}, {"type": "Feature", "properties": {"wikidata": "Q3662941", "name": "Q3662941", "status": "missing", "osm_id": null, "type": "castello"}, "geometry": {"type": "Point", "coordinates": [16.442016, 40.167946]}}, {"type": "Feature", "properties": {"wikidata": "Q108127639", "name": "Q108127639", "status": "missing", "osm_id": null, "type": "santuario"}, "geometry": {"type": "Point", "coordinates": [15.44138, 40.83057]}}, {"type": "Feature", "properties": {"wikidata": "Q108127637", "name": "Q108127637", "status": "missing", "osm_id": null, "type": "chiesa"}, "geometry": {"type": "Point", "coordinates": [15.3972, 40.83841]}}, {"type": "Feature", "properties": {"wikidata": "Q35499446", "name": "Q35499446", "status": "missing", "osm_id": null, "type": "santuario"}, "geometry": {"type": "Point", "coordinates": [16.177296393, 39.950554927]}}, {"type": "Feature", "properties": {"wikidata": "Q35500013", "name": "Q35500013", "status": "missing", "osm_id": null, "type": "chiesa"}, "geometry": {"type": "Point", "coordinates": [16.136763702, 40.021604606]}}, {"type": "Feature", "properties": {"wikidata": "Q3662759", "name": "Q3662759", "status": "done", "osm_id": "way/71360391", "type": "castello"}, "geometry": {"type": "Point", "coordinates": [15.4862019, 40.7530812]}}, {"type": "Feature", "properties": {"wikidata": "Q55423281", "name": "Q55423281", "status": "missing", "osm_id": null, "type": "area protetta Natura 2000"}, "geometry": {"type": "Point", "coordinates": [16.4853, 40.6256]}}, {"type": "Feature", "properties": {"wikidata": "Q16540395", "name": "Q16540395", "status": "done", "osm_id": "node/2648242476", "type": "chiesa rupestre"}, "geometry": {"type": "Point", "coordinates": [16.608489, 40.667631]}}, {"type": "Feature", "properties": {"wikidata": "Q30023530", "name": "Q30023530", "status": "missing", "osm_id": null, "type": "municipality seat"}, "geometry": {"type": "Point", "coordinates": [16.0725, 40.5659]}}, {"type": "Feature", "properties": {"wikidata": "Q3670644", "name": "Q3670644", "status": "missing", "osm_id": null, "type": "chiesa"}, "geometry": {"type": "Point", "coordinates": [15.72338, 40.91126]}}, {"type": "Feature", "properties": {"wikidata": "Q108127635", "name": "Q108127635", "status": "missing", "osm_id": null, "type": "abbazia"}, "geometry": {"type": "Point", "coordinates": [15.41833, 40.85153]}}, {"type": "Feature", "properties": {"wikidata": "Q55423113", "name": "Q55423113", "status": "missing", "osm_id": null, "type": "area protetta Natura 2000"}, "geometry": {"type": "Point", "coordinates": [15.7963, 39.9824]}}, {"type": "Feature", "properties": {"wikidata": "Q3667873", "name": "Q3667873", "status": "done", "osm_id": "way/1024325045", "type": "chiesa"}, "geometry": {"type": "Point", "coordinates": [16.55177, 40.390403]}}, {"type": "Feature", "properties": {"wikidata": "Q35495993", "name": "Q35495993", "status": "done", "osm_id": "way/381618395", "type": "chiesa"}, "geometry": {"type": "Point", "coordinates": [15.7970984, 40.5598087]}}, {"type": "Feature", "properties": {"wikidata": "Q35497041", "name": "Q35497041", "status": "done", "osm_id": "node/4923877219", "type": "chiesa"}, "geometry": {"type": "Point", "coordinates": [15.7693856, 40.5663852]}}, {"type": "Feature", "properties": {"wikidata": "Q3662690", "name": "Q3662690", "status": "done", "osm_id": "relation/16859095", "type": "castello"}, "geometry": {"type": "Point", "coordinates": [15.652814, 40.998355]}}, {"type": "Feature", "properties": {"wikidata": "Q111632673", "name": "Q111632673", "status": "done", "osm_id": "way/194377545", "type": "cimitero"}, "geometry": {"type": "Point", "coordinates": [16.06111, 40.31286]}}, {"type": "Feature", "properties": {"wikidata": "Q16540587", "name": "Q16540587", "status": "missing", "osm_id": null, "type": "chiesa rupestre"}, "geometry": {"type": "Point", "coordinates": [16.6092471, 40.6697183]}}, {"type": "Feature", "properties": {"wikidata": "Q30022696", "name": "Q30022696", "status": "missing", "osm_id": null, "type": "municipality seat"}, "geometry": {"type": "Point", "coordinates": [15.54101, 40.76059]}}, {"type": "Feature", "properties": {"wikidata": "Q3671306", "name": "Q3671306", "status": "done", "osm_id": "way/349804020", "type": "chiesa"}, "geometry": {"type": "Point", "coordinates": [15.80086, 40.63796]}}, {"type": "Feature", "properties": {"wikidata": "Q55423097", "name": "Q55423097", "status": "missing", "osm_id": null, "type": "area protetta Natura 2000"}, "geometry": {"type": "Point", "coordinates": [15.830277777, 40.122222222]}}, {"type": "Feature", "properties": {"wikidata": "Q35496132", "name": "Q35496132", "status": "missing", "osm_id": null, "type": "chiesa"}, "geometry": {"type": "Point", "coordinates": [15.7908778, 40.5738462]}}, {"type": "Feature", "properties": {"wikidata": "Q107987588", "name": "Q107987588", "status": "missing", "osm_id": null, "type": "palazzo"}, "geometry": {"type": "Point", "coordinates": [15.805097, 40.63971]}}, {"type": "Feature", "properties": {"wikidata": "Q55423107", "name": "Q55423107", "status": "missing", "osm_id": null, "type": "area protetta Natura 2000"}, "geometry": {"type": "Point", "coordinates": [15.7775, 40.443888888]}}, {"type": "Feature", "properties": {"wikidata": "Q16608776", "name": "Q16608776", "status": "done", "osm_id": "node/1170724588", "type": "fermata ferroviaria"}, "geometry": {"type": "Point", "coordinates": [15.495449, 40.649959]}}, {"type": "Feature", "properties": {"wikidata": "Q55423213", "name": "Q55423213", "status": "missing", "osm_id": null, "type": "area protetta Natura 2000"}, "geometry": {"type": "Point", "coordinates": [16.0592, 40.5256]}}, {"type": "Feature", "properties": {"wikidata": "Q55423285", "name": "Q55423285", "status": "done", "osm_id": "way/586072283", "type": "area protetta Natura 2000"}, "geometry": {"type": "Point", "coordinates": [16.244166666, 40.598333333]}}, {"type": "Feature", "properties": {"wikidata": "Q55423094", "name": "Q55423094", "status": "missing", "osm_id": null, "type": "area protetta Natura 2000"}, "geometry": {"type": "Point", "coordinates": [15.991944444, 40.194166666]}}, {"type": "Feature", "properties": {"wikidata": "Q3662770", "name": "Q3662770", "status": "done", "osm_id": "way/279549062", "type": "castello"}, "geometry": {"type": "Point", "coordinates": [15.992298, 40.765017]}}, {"type": "Feature", "properties": {"wikidata": "Q16545623", "name": "Q16545623", "status": "missing", "osm_id": null, "type": "chiesa rupestre"}, "geometry": {"type": "Point", "coordinates": [16.5807456, 40.6769659]}}, {"type": "Feature", "properties": {"wikidata": "Q107530717", "name": "Q107530717", "status": "done", "osm_id": "relation/1634410", "type": "strada statale"}, "geometry": {"type": "Point", "coordinates": [15.379776, 40.868071]}}, {"type": "Feature", "properties": {"wikidata": "Q55423128", "name": "Q55423128", "status": "missing", "osm_id": null, "type": "area protetta Natura 2000"}, "geometry": {"type": "Point", "coordinates": [16.782239542, 40.280347717]}}, {"type": "Feature", "properties": {"wikidata": "Q3672611", "name": "Q3672611", "status": "missing", "osm_id": null, "type": "chiesa"}, "geometry": {"type": "Point", "coordinates": [15.722464, 40.912201]}}, {"type": "Feature", "properties": {"wikidata": "Q136351698", "name": "Q136351698", "status": "missing", "osm_id": null, "type": "palazzo comunale"}, "geometry": {"type": "Point", "coordinates": [16.097988, 40.073681]}}, {"type": "Feature", "properties": {"wikidata": "Q35500221", "name": "Q35500221", "status": "missing", "osm_id": null, "type": "chiesa"}, "geometry": {"type": "Point", "coordinates": [16.138578, 40.020981]}}, {"type": "Feature", "properties": {"wikidata": "Q55423214", "name": "Q55423214", "status": "done", "osm_id": "way/70417051", "type": "area protetta Natura 2000"}, "geometry": {"type": "Point", "coordinates": [15.7461, 40.5883]}}, {"type": "Feature", "properties": {"wikidata": "Q3668777", "name": "Q3668777", "status": "done", "osm_id": "way/441734034", "type": "chiesa"}, "geometry": {"type": "Point", "coordinates": [15.723105223, 39.992720667]}}, {"type": "Feature", "properties": {"wikidata": "Q55423126", "name": "Q55423126", "status": "done", "osm_id": "way/586287131", "type": "area protetta Natura 2000"}, "geometry": {"type": "Point", "coordinates": [16.85205033, 40.3778133]}}, {"type": "Feature", "properties": {"wikidata": "Q55423109", "name": "Q55423109", "status": "done", "osm_id": "way/586181821", "type": "area protetta Natura 2000"}, "geometry": {"type": "Point", "coordinates": [16.258611111, 39.987222222]}}, {"type": "Feature", "properties": {"wikidata": "Q55423279", "name": "Q55423279", "status": "missing", "osm_id": null, "type": "area protetta Natura 2000"}, "geometry": {"type": "Point", "coordinates": [16.6669, 40.6503]}}, {"type": "Feature", "properties": {"wikidata": "Q55423117", "name": "Q55423117", "status": "missing", "osm_id": null, "type": "area protetta Natura 2000"}, "geometry": {"type": "Point", "coordinates": [16.742049377, 40.211048926]}}, {"type": "Feature", "properties": {"wikidata": "Q3668738", "name": "Q3668738", "status": "done", "osm_id": "way/298698839", "type": "chiesa"}, "geometry": {"type": "Point", "coordinates": [15.72256, 39.99253]}}, {"type": "Feature", "properties": {"wikidata": "Q30022611", "name": "Q30022611", "status": "missing", "osm_id": null, "type": "municipality seat"}, "geometry": {"type": "Point", "coordinates": [15.67167, 40.94327]}}, {"type": "Feature", "properties": {"wikidata": "Q16545631", "name": "Q16545631", "status": "missing", "osm_id": null, "type": "chiesa rupestre"}, "geometry": {"type": "Point", "coordinates": [16.6188423, 40.6539943]}}, {"type": "Feature", "properties": {"wikidata": "Q55423148", "name": "Q55423148", "status": "missing", "osm_id": null, "type": "area protetta Natura 2000"}, "geometry": {"type": "Point", "coordinates": [16.303109, 39.934695]}}, {"type": "Feature", "properties": {"wikidata": "Q3665164", "name": "Q3665164", "status": "done", "osm_id": "node/4422752990", "type": "frazione"}, "geometry": {"type": "Point", "coordinates": [15.67937, 40.01343]}}, {"type": "Feature", "properties": {"wikidata": "Q108139029", "name": "Q108139029", "status": "done", "osm_id": "way/1445844586", "type": "chiesa"}, "geometry": {"type": "Point", "coordinates": [15.86051, 40.25764]}}, {"type": "Feature", "properties": {"wikidata": "Q3662646", "name": "Q3662646", "status": "done", "osm_id": "relation/14561416", "type": "castello"}, "geometry": {"type": "Point", "coordinates": [15.733157, 40.807082]}}, {"type": "Feature", "properties": {"wikidata": "Q30023147", "name": "Q30023147", "status": "missing", "osm_id": null, "type": "municipality seat"}, "geometry": {"type": "Point", "coordinates": [15.62927, 40.47751]}}, {"type": "Feature", "properties": {"wikidata": "Q16540871", "name": "Q16540871", "status": "missing", "osm_id": null, "type": "chiesa"}, "geometry": {"type": "Point", "coordinates": [16.45764, 40.49246]}}, {"type": "Feature", "properties": {"wikidata": "Q111632683", "name": "Q111632683", "status": "done", "osm_id": "way/266303439", "type": "cimitero"}, "geometry": {"type": "Point", "coordinates": [15.7239, 40.7293]}}, {"type": "Feature", "properties": {"wikidata": "Q16608811", "name": "Q16608811", "status": "done", "osm_id": "node/834901939", "type": "stazione ferroviaria"}, "geometry": {"type": "Point", "coordinates": [15.543154, 40.701006]}}, {"type": "Feature", "properties": {"wikidata": "Q55423105", "name": "Q55423105", "status": "missing", "osm_id": null, "type": "area protetta Natura 2000"}, "geometry": {"type": "Point", "coordinates": [16.1703, 40.2572]}}, {"type": "Feature", "properties": {"wikidata": "Q16540385", "name": "Q16540385", "status": "missing", "osm_id": null, "type": "chiesa rupestre"}, "geometry": {"type": "Point", "coordinates": [16.612325, 40.666527]}}, {"type": "Feature", "properties": {"wikidata": "Q55423217", "name": "Q55423217", "status": "missing", "osm_id": null, "type": "area protetta Natura 2000"}, "geometry": {"type": "Point", "coordinates": [15.4025, 40.7489]}}, {"type": "Feature", "properties": {"wikidata": "Q30023413", "name": "Q30023413", "status": "missing", "osm_id": null, "type": "municipality seat"}, "geometry": {"type": "Point", "coordinates": [16.14362, 40.14871]}}, {"type": "Feature", "properties": {"wikidata": "Q55423277", "name": "Q55423277", "status": "missing", "osm_id": null, "type": "area protetta Natura 2000"}, "geometry": {"type": "Point", "coordinates": [16.1247, 40.5353]}}, {"type": "Feature", "properties": {"wikidata": "Q3662486", "name": "Q3662486", "status": "done", "osm_id": "relation/6459788", "type": "castello"}, "geometry": {"type": "Point", "coordinates": [16.68809229, 40.4031478]}}, {"type": "Feature", "properties": {"wikidata": "Q55423100", "name": "Q55423100", "status": "missing", "osm_id": null, "type": "area protetta Natura 2000"}, "geometry": {"type": "Point", "coordinates": [15.818888888, 40.411666666]}}, {"type": "Feature", "properties": {"wikidata": "Q3664812", "name": "Q3664812", "status": "done", "osm_id": "way/97756179", "type": "centro di ricerca"}, "geometry": {"type": "Point", "coordinates": [16.704166666, 40.649166666]}}, {"type": "Feature", "properties": {"wikidata": "Q55423212", "name": "Q55423212", "status": "missing", "osm_id": null, "type": "area protetta Natura 2000"}, "geometry": {"type": "Point", "coordinates": [16.0236, 40.6375]}}, {"type": "Feature", "properties": {"wikidata": "Q16545636", "name": "Q16545636", "status": "missing", "osm_id": null, "type": "chiesa rupestre"}, "geometry": {"type": "Point", "coordinates": [16.512997, 40.686324]}}, {"type": "Feature", "properties": {"wikidata": "Q30023346", "name": "Q30023346", "status": "done", "osm_id": "node/67280389", "type": "municipality seat"}, "geometry": {"type": "Point", "coordinates": [16.19238, 40.58802]}}, {"type": "Feature", "properties": {"wikidata": "Q55423276", "name": "Q55423276", "status": "done", "osm_id": "way/586287372", "type": "area protetta Natura 2000"}, "geometry": {"type": "Point", "coordinates": [16.666344832, 40.154190305]}}, {"type": "Feature", "properties": {"wikidata": "Q55423218", "name": "Q55423218", "status": "done", "osm_id": "way/586080413", "type": "area protetta Natura 2000"}, "geometry": {"type": "Point", "coordinates": [15.6222, 40.9419]}}, {"type": "Feature", "properties": {"wikidata": "Q55423220", "name": "Q55423220", "status": "done", "osm_id": "way/586181867", "type": "area protetta Natura 2000"}, "geometry": {"type": "Point", "coordinates": [15.545947, 40.586252]}}, {"type": "Feature", "properties": {"wikidata": "Q35498127", "name": "Q35498127", "status": "missing", "osm_id": null, "type": "foresta"}, "geometry": {"type": "Point", "coordinates": [16.079722222, 40.04]}}, {"type": "Feature", "properties": {"wikidata": "Q3664895", "name": "Q3664895", "status": "done", "osm_id": "way/311375912", "type": "insediamento umano"}, "geometry": {"type": "Point", "coordinates": [15.802311111, 40.638341666]}}, {"type": "Feature", "properties": {"wikidata": "Q55423282", "name": "Q55423282", "status": "done", "osm_id": "way/586223573", "type": "area protetta Natura 2000"}, "geometry": {"type": "Point", "coordinates": [16.491666666, 40.5225]}}, {"type": "Feature", "properties": {"wikidata": "Q108139027", "name": "Q108139027", "status": "missing", "osm_id": null, "type": "chiesa"}, "geometry": {"type": "Point", "coordinates": [15.8698, 40.23981]}}, {"type": "Feature", "properties": {"wikidata": "Q108127627", "name": "Q108127627", "status": "missing", "osm_id": null, "type": "porta cittadina"}, "geometry": {"type": "Point", "coordinates": [15.398454774, 40.836237337]}}, {"type": "Feature", "properties": {"wikidata": "Q55423493", "name": "Q55423493", "status": "done", "osm_id": "way/586181878", "type": "area protetta Natura 2000"}, "geometry": {"type": "Point", "coordinates": [15.741666666, 41.026111111]}}, {"type": "Feature", "properties": {"wikidata": "Q16579269", "name": "Q16579269", "status": "missing", "osm_id": null, "type": "monastero"}, "geometry": {"type": "Point", "coordinates": [15.723298, 40.910868]}}, {"type": "Feature", "properties": {"wikidata": "Q35498364", "name": "Q35498364", "status": "missing", "osm_id": null, "type": "mulino"}, "geometry": {"type": "Point", "coordinates": [16.173157136, 39.978993372]}}, {"type": "Feature", "properties": {"wikidata": "Q55423503", "name": "Q55423503", "status": "missing", "osm_id": null, "type": "area protetta Natura 2000"}, "geometry": {"type": "Point", "coordinates": [16.022072036, 40.226632819]}}, {"type": "Feature", "properties": {"wikidata": "Q3672183", "name": "Q3672183", "status": "missing", "osm_id": null, "type": "chiesa"}, "geometry": {"type": "Point", "coordinates": [15.728329687, 40.729000983]}}, {"type": "Feature", "properties": {"wikidata": "Q3669152", "name": "Q3669152", "status": "done", "osm_id": "way/1210780279", "type": "chiesa"}, "geometry": {"type": "Point", "coordinates": [15.71746873, 40.730067759]}}, {"type": "Feature", "properties": {"wikidata": "Q3667883", "name": "Q3667883", "status": "done", "osm_id": "way/963231987", "type": "chiesa"}, "geometry": {"type": "Point", "coordinates": [15.678983093, 40.717765092]}}, {"type": "Feature", "properties": {"wikidata": "Q55423215", "name": "Q55423215", "status": "missing", "osm_id": null, "type": "area protetta Natura 2000"}, "geometry": {"type": "Point", "coordinates": [15.731944444, 40.0275]}}, {"type": "Feature", "properties": {"wikidata": "Q3662305", "name": "Q3662305", "status": "done", "osm_id": "way/88078191", "type": "castello"}, "geometry": {"type": "Point", "coordinates": [15.818253, 40.961031]}}, {"type": "Feature", "properties": {"wikidata": "Q55423108", "name": "Q55423108", "status": "missing", "osm_id": null, "type": "area protetta Natura 2000"}, "geometry": {"type": "Point", "coordinates": [16.212777777, 39.921944444]}}, {"type": "Feature", "properties": {"wikidata": "Q3667897", "name": "Q3667897", "status": "done", "osm_id": "way/349802362", "type": "chiesa"}, "geometry": {"type": "Point", "coordinates": [15.80491, 40.64183]}}, {"type": "Feature", "properties": {"wikidata": "Q30022770", "name": "Q30022770", "status": "missing", "osm_id": null, "type": "municipality seat"}, "geometry": {"type": "Point", "coordinates": [16.68919, 40.41261]}}, {"type": "Feature", "properties": {"wikidata": "Q3671915", "name": "Q3671915", "status": "done", "osm_id": "way/985382702", "type": "chiesa"}, "geometry": {"type": "Point", "coordinates": [15.81266, 40.64153]}}, {"type": "Feature", "properties": {"wikidata": "Q16540692", "name": "Q16540692", "status": "done", "osm_id": "node/2506015717", "type": "chiesa rupestre"}, "geometry": {"type": "Point", "coordinates": [16.6111, 40.6625]}}, {"type": "Feature", "properties": {"wikidata": "Q55423504", "name": "Q55423504", "status": "missing", "osm_id": null, "type": "area protetta Natura 2000"}, "geometry": {"type": "Point", "coordinates": [16.189639545, 40.055753857]}}, {"type": "Feature", "properties": {"wikidata": "Q3668712", "name": "Q3668712", "status": "missing", "osm_id": null, "type": "chiesa"}, "geometry": {"type": "Point", "coordinates": [15.7215, 39.992583]}}, {"type": "Feature", "properties": {"wikidata": "Q108127628", "name": "Q108127628", "status": "missing", "osm_id": null, "type": "piazza"}, "geometry": {"type": "Point", "coordinates": [15.39874556, 40.836078653]}}, {"type": "Feature", "properties": {"wikidata": "Q108127631", "name": "Q108127631", "status": "missing", "osm_id": null, "type": "parco cittadino"}, "geometry": {"type": "Point", "coordinates": [15.396347365, 40.835746542]}}, {"type": "Feature", "properties": {"wikidata": "Q30023409", "name": "Q30023409", "status": "missing", "osm_id": null, "type": "municipality seat"}, "geometry": {"type": "Point", "coordinates": [15.85092, 40.47482]}}, {"type": "Feature", "properties": {"wikidata": "Q3669349", "name": "Q3669349", "status": "missing", "osm_id": null, "type": "chiesa"}, "geometry": {"type": "Point", "coordinates": [15.672861, 40.036889]}}, {"type": "Feature", "properties": {"wikidata": "Q35495829", "name": "Q35495829", "status": "done", "osm_id": "way/257118123", "type": "chiesa"}, "geometry": {"type": "Point", "coordinates": [15.7872483, 40.573643]}}, {"type": "Feature", "properties": {"wikidata": "Q3662555", "name": "Q3662555", "status": "missing", "osm_id": null, "type": "castello"}, "geometry": {"type": "Point", "coordinates": [15.749507, 39.936555]}}, {"type": "Feature", "properties": {"wikidata": "Q55423115", "name": "Q55423115", "status": "missing", "osm_id": null, "type": "area protetta Natura 2000"}, "geometry": {"type": "Point", "coordinates": [16.1325, 40.4447]}}, {"type": "Feature", "properties": {"wikidata": "Q16545644", "name": "Q16545644", "status": "missing", "osm_id": null, "type": "chiesa rupestre"}, "geometry": {"type": "Point", "coordinates": [16.657816, 40.605767]}}, {"type": "Feature", "properties": {"wikidata": "Q16545648", "name": "Q16545648", "status": "done", "osm_id": "way/246802123", "type": "chiesa"}, "geometry": {"type": "Point", "coordinates": [16.6061759, 40.6793258]}}, {"type": "Feature", "properties": {"wikidata": "Q55423501", "name": "Q55423501", "status": "missing", "osm_id": null, "type": "area protetta Natura 2000"}, "geometry": {"type": "Point", "coordinates": [15.873553591, 40.367150923]}}, {"type": "Feature", "properties": {"wikidata": "Q3662858", "name": "Q3662858", "status": "done", "osm_id": "relation/8297376", "type": "castello"}, "geometry": {"type": "Point", "coordinates": [16.710415, 40.321565]}}, {"type": "Feature", "properties": {"wikidata": "Q3663124", "name": "Q3663124", "status": "done", "osm_id": "node/1244751756", "type": "frazione"}, "geometry": {"type": "Point", "coordinates": [15.76292, 39.93698]}}, {"type": "Feature", "properties": {"wikidata": "Q3668371", "name": "Q3668371", "status": "done", "osm_id": "way/145667235", "type": "chiesa"}, "geometry": {"type": "Point", "coordinates": [16.6126, 40.6644]}}, {"type": "Feature", "properties": {"wikidata": "Q108127630", "name": "Q108127630", "status": "missing", "osm_id": null, "type": "castello"}, "geometry": {"type": "Point", "coordinates": [15.3989, 40.837114]}}, {"type": "Feature", "properties": {"wikidata": "Q108139026", "name": "Q108139026", "status": "missing", "osm_id": null, "type": "chiesa"}, "geometry": {"type": "Point", "coordinates": [15.86787, 40.24068]}}, {"type": "Feature", "properties": {"wikidata": "Q55423120", "name": "Q55423120", "status": "missing", "osm_id": null, "type": "area protetta Natura 2000"}, "geometry": {"type": "Point", "coordinates": [16.816394811, 40.327760345]}}, {"type": "Feature", "properties": {"wikidata": "Q35496390", "name": "Q35496390", "status": "done", "osm_id": "way/646362284", "type": "chiesa"}, "geometry": {"type": "Point", "coordinates": [15.7880684, 40.5753033]}}, {"type": "Feature", "properties": {"wikidata": "Q111632675", "name": "Q111632675", "status": "missing", "osm_id": null, "type": "cimitero"}, "geometry": {"type": "Point", "coordinates": [15.66925, 40.79303]}}, {"type": "Feature", "properties": {"wikidata": "Q108139030", "name": "Q108139030", "status": "missing", "osm_id": null, "type": "chiesa"}, "geometry": {"type": "Point", "coordinates": [15.870194, 40.224194]}}, {"type": "Feature", "properties": {"wikidata": "Q30023151", "name": "Q30023151", "status": "done", "osm_id": "node/67280556", "type": "municipality seat"}, "geometry": {"type": "Point", "coordinates": [15.93977, 40.60952]}}, {"type": "Feature", "properties": {"wikidata": "Q18428747", "name": "Q18428747", "status": "missing", "osm_id": null, "type": "frazione"}, "geometry": {"type": "Point", "coordinates": [15.82754, 40.70504]}}, {"type": "Feature", "properties": {"wikidata": "Q134690312", "name": "Q134690312", "status": "missing", "osm_id": null, "type": "palazzo comunale"}, "geometry": {"type": "Point", "coordinates": [16.5014408, 40.5667333]}}, {"type": "Feature", "properties": {"wikidata": "Q134888770", "name": "Q134888770", "status": "missing", "osm_id": null, "type": "palazzo italiano"}, "geometry": {"type": "Point", "coordinates": [16.609622, 40.662416]}}, {"type": "Feature", "properties": {"wikidata": "Q135434670", "name": "Q135434670", "status": "missing", "osm_id": null, "type": "palazzo comunale"}, "geometry": {"type": "Point", "coordinates": [15.812982636, 40.507883361]}}, {"type": "Feature", "properties": {"wikidata": "Q134690310", "name": "Q134690310", "status": "missing", "osm_id": null, "type": "palazzo comunale"}, "geometry": {"type": "Point", "coordinates": [16.3343831, 40.0373091]}}, {"type": "Feature", "properties": {"wikidata": "Q134690290", "name": "Q134690290", "status": "missing", "osm_id": null, "type": "palazzo comunale"}, "geometry": {"type": "Point", "coordinates": [16.2320106, 40.3113636]}}, {"type": "Feature", "properties": {"wikidata": "Q134690275", "name": "Q134690275", "status": "missing", "osm_id": null, "type": "palazzo comunale"}, "geometry": {"type": "Point", "coordinates": [15.8474573, 40.4749963]}}, {"type": "Feature", "properties": {"wikidata": "Q134690253", "name": "Q134690253", "status": "missing", "osm_id": null, "type": "palazzo comunale"}, "geometry": {"type": "Point", "coordinates": [16.4692285, 40.2461963]}}, {"type": "Feature", "properties": {"wikidata": "Q136349930", "name": "Q136349930", "status": "missing", "osm_id": null, "type": "palazzo comunale"}, "geometry": {"type": "Point", "coordinates": [15.652728, 40.877437]}}, {"type": "Feature", "properties": {"wikidata": "Q134690289", "name": "Q134690289", "status": "missing", "osm_id": null, "type": "palazzo comunale"}, "geometry": {"type": "Point", "coordinates": [16.0637752, 40.5159419]}}, {"type": "Feature", "properties": {"wikidata": "Q134690267", "name": "Q134690267", "status": "missing", "osm_id": null, "type": "palazzo comunale"}, "geometry": {"type": "Point", "coordinates": [16.085017, 39.972656]}}, {"type": "Feature", "properties": {"wikidata": "Q134690302", "name": "Q134690302", "status": "missing", "osm_id": null, "type": "palazzo comunale"}, "geometry": {"type": "Point", "coordinates": [16.4955632, 40.35893]}}, {"type": "Feature", "properties": {"wikidata": "Q134690241", "name": "Q134690241", "status": "missing", "osm_id": null, "type": "palazzo comunale"}, "geometry": {"type": "Point", "coordinates": [15.6766609, 40.5825959]}}, {"type": "Feature", "properties": {"wikidata": "Q134690276", "name": "Q134690276", "status": "missing", "osm_id": null, "type": "palazzo comunale"}, "geometry": {"type": "Point", "coordinates": [15.3969113, 40.8358626]}}, {"type": "Feature", "properties": {"wikidata": "Q134690256", "name": "Q134690256", "status": "missing", "osm_id": null, "type": "palazzo comunale"}, "geometry": {"type": "Point", "coordinates": [16.0552105, 40.0535661]}}, {"type": "Feature", "properties": {"wikidata": "Q134690249", "name": "Q134690249", "status": "missing", "osm_id": null, "type": "palazzo comunale"}, "geometry": {"type": "Point", "coordinates": [15.4847515, 40.7515535]}}, {"type": "Feature", "properties": {"wikidata": "Q134690251", "name": "Q134690251", "status": "missing", "osm_id": null, "type": "palazzo comunale"}, "geometry": {"type": "Point", "coordinates": [15.7231134, 39.9930919]}}, {"type": "Feature", "properties": {"wikidata": "Q135434597", "name": "Q135434597", "status": "missing", "osm_id": null, "type": "palazzo comunale"}, "geometry": {"type": "Point", "coordinates": [15.800236945, 40.067324036]}}, {"type": "Feature", "properties": {"wikidata": "Q134690298", "name": "Q134690298", "status": "missing", "osm_id": null, "type": "palazzo comunale"}, "geometry": {"type": "Point", "coordinates": [16.0483316, 40.5306241]}}, {"type": "Feature", "properties": {"wikidata": "Q134690269", "name": "Q134690269", "status": "missing", "osm_id": null, "type": "palazzo comunale"}, "geometry": {"type": "Point", "coordinates": [16.3195712, 40.525657]}}, {"type": "Feature", "properties": {"wikidata": "Q135935430", "name": "Q135935430", "status": "missing", "osm_id": null, "type": "palazzo comunale"}, "geometry": {"type": "Point", "coordinates": [16.2150159, 40.1243514]}}, {"type": "Feature", "properties": {"wikidata": "Q134690297", "name": "Q134690297", "status": "missing", "osm_id": null, "type": "palazzo comunale"}, "geometry": {"type": "Point", "coordinates": [16.0724992, 40.5659302]}}, {"type": "Feature", "properties": {"wikidata": "Q135433912", "name": "Q135433912", "status": "missing", "osm_id": null, "type": "palazzo comunale"}, "geometry": {"type": "Point", "coordinates": [16.347992318, 40.046412013]}}, {"type": "Feature", "properties": {"wikidata": "Q134690273", "name": "Q134690273", "status": "missing", "osm_id": null, "type": "palazzo comunale"}, "geometry": {"type": "Point", "coordinates": [16.3767065, 40.6020243]}}, {"type": "Feature", "properties": {"wikidata": "Q134690284", "name": "Q134690284", "status": "missing", "osm_id": null, "type": "palazzo comunale"}, "geometry": {"type": "Point", "coordinates": [16.423065, 40.1877164]}}, {"type": "Feature", "properties": {"wikidata": "Q135434648", "name": "Q135434648", "status": "missing", "osm_id": null, "type": "palazzo comunale"}, "geometry": {"type": "Point", "coordinates": [15.826282023, 40.374642586]}}, {"type": "Feature", "properties": {"wikidata": "Q134690262", "name": "Q134690262", "status": "missing", "osm_id": null, "type": "palazzo comunale"}, "geometry": {"type": "Point", "coordinates": [15.9018509, 40.3400831]}}, {"type": "Feature", "properties": {"wikidata": "Q136349938", "name": "Q136349938", "status": "missing", "osm_id": null, "type": "palazzo comunale"}, "geometry": {"type": "Point", "coordinates": [15.43217, 40.786013]}}, {"type": "Feature", "properties": {"wikidata": "Q134690301", "name": "Q134690301", "status": "missing", "osm_id": null, "type": "palazzo comunale"}, "geometry": {"type": "Point", "coordinates": [16.0521304, 40.2380717]}}, {"type": "Feature", "properties": {"wikidata": "Q134690265", "name": "Q134690265", "status": "missing", "osm_id": null, "type": "palazzo comunale"}, "geometry": {"type": "Point", "coordinates": [16.0159828, 40.6936819]}}, {"type": "Feature", "properties": {"wikidata": "Q136349934", "name": "Q136349934", "status": "missing", "osm_id": null, "type": "palazzo comunale"}, "geometry": {"type": "Point", "coordinates": [16.144302, 40.148113]}}, {"type": "Feature", "properties": {"wikidata": "Q134690306", "name": "Q134690306", "status": "missing", "osm_id": null, "type": "palazzo comunale"}, "geometry": {"type": "Point", "coordinates": [16.0978314, 40.3635274]}}, {"type": "Feature", "properties": {"wikidata": "Q134690309", "name": "Q134690309", "status": "missing", "osm_id": null, "type": "palazzo comunale"}, "geometry": {"type": "Point", "coordinates": [16.1727741, 40.3945155]}}, {"type": "Feature", "properties": {"wikidata": "Q134690304", "name": "Q134690304", "status": "missing", "osm_id": null, "type": "palazzo comunale"}, "geometry": {"type": "Point", "coordinates": [15.9889874, 40.580281]}}, {"type": "Feature", "properties": {"wikidata": "Q135434663", "name": "Q135434663", "status": "missing", "osm_id": null, "type": "palazzo comunale"}, "geometry": {"type": "Point", "coordinates": [15.971564634, 40.458684083]}}, {"type": "Feature", "properties": {"wikidata": "Q134690277", "name": "Q134690277", "status": "missing", "osm_id": null, "type": "palazzo comunale"}, "geometry": {"type": "Point", "coordinates": [16.1573959, 40.4915371]}}, {"type": "Feature", "properties": {"wikidata": "Q134690261", "name": "Q134690261", "status": "missing", "osm_id": null, "type": "palazzo comunale"}, "geometry": {"type": "Point", "coordinates": [15.6766025, 40.7177241]}}, {"type": "Feature", "properties": {"wikidata": "Q134690274", "name": "Q134690274", "status": "missing", "osm_id": null, "type": "palazzo comunale"}, "geometry": {"type": "Point", "coordinates": [15.92013, 40.6658965]}}, {"type": "Feature", "properties": {"wikidata": "Q134690254", "name": "Q134690254", "status": "missing", "osm_id": null, "type": "palazzo comunale"}, "geometry": {"type": "Point", "coordinates": [16.2425458, 40.7459075]}}, {"type": "Feature", "properties": {"wikidata": "Q136349933", "name": "Q136349933", "status": "missing", "osm_id": null, "type": "palazzo comunale"}, "geometry": {"type": "Point", "coordinates": [15.539458, 40.760383]}}, {"type": "Feature", "properties": {"wikidata": "Q134690296", "name": "Q134690296", "status": "missing", "osm_id": null, "type": "palazzo comunale"}, "geometry": {"type": "Point", "coordinates": [15.677766, 40.487996]}}, {"type": "Feature", "properties": {"wikidata": "Q134690250", "name": "Q134690250", "status": "missing", "osm_id": null, "type": "palazzo comunale"}, "geometry": {"type": "Point", "coordinates": [16.1420158, 40.6188668]}}, {"type": "Feature", "properties": {"wikidata": "Q134690295", "name": "Q134690295", "status": "missing", "osm_id": null, "type": "palazzo comunale"}, "geometry": {"type": "Point", "coordinates": [15.9399721, 40.6094344]}}, {"type": "Feature", "properties": {"wikidata": "Q134690260", "name": "Q134690260", "status": "missing", "osm_id": null, "type": "palazzo comunale"}, "geometry": {"type": "Point", "coordinates": [16.2283105, 40.4022391]}}, {"type": "Feature", "properties": {"wikidata": "Q135472397", "name": "Q135472397", "status": "missing", "osm_id": null, "type": "palazzo comunale"}, "geometry": {"type": "Point", "coordinates": [16.0130979, 40.8598152]}}, {"type": "Feature", "properties": {"wikidata": "Q134690303", "name": "Q134690303", "status": "missing", "osm_id": null, "type": "palazzo comunale"}, "geometry": {"type": "Point", "coordinates": [16.3048082, 40.0353798]}}, {"type": "Feature", "properties": {"wikidata": "Q134690244", "name": "Q134690244", "status": "missing", "osm_id": null, "type": "palazzo comunale"}, "geometry": {"type": "Point", "coordinates": [16.5689002, 40.2880293]}}, {"type": "Feature", "properties": {"wikidata": "Q135153042", "name": "Q135153042", "status": "missing", "osm_id": null, "type": "cimitero"}, "geometry": {"type": "Point", "coordinates": [16.65941, 40.26107]}}, {"type": "Feature", "properties": {"wikidata": "Q134690266", "name": "Q134690266", "status": "done", "osm_id": "way/288764196", "type": "palazzo comunale"}, "geometry": {"type": "Point", "coordinates": [15.7903982, 40.3148335]}}, {"type": "Feature", "properties": {"wikidata": "Q135432613", "name": "Q135432613", "status": "missing", "osm_id": null, "type": "palazzo comunale"}, "geometry": {"type": "Point", "coordinates": [15.558963, 40.545913]}}, {"type": "Feature", "properties": {"wikidata": "Q135273016", "name": "Q135273016", "status": "missing", "osm_id": null, "type": "teatro greco"}, "geometry": {"type": "Point", "coordinates": [16.826147194, 40.383318351]}}, {"type": "Feature", "properties": {"wikidata": "Q134690259", "name": "Q134690259", "status": "missing", "osm_id": null, "type": "palazzo comunale"}, "geometry": {"type": "Point", "coordinates": [16.5466896, 40.5172864]}}, {"type": "Feature", "properties": {"wikidata": "Q134690280", "name": "Q134690280", "status": "missing", "osm_id": null, "type": "palazzo comunale"}, "geometry": {"type": "Point", "coordinates": [16.139272, 40.020689]}}, {"type": "Feature", "properties": {"wikidata": "Q136351695", "name": "Q136351695", "status": "missing", "osm_id": null, "type": "palazzo comunale"}, "geometry": {"type": "Point", "coordinates": [15.975763, 40.009552]}}, {"type": "Feature", "properties": {"wikidata": "Q135472398", "name": "Q135472398", "status": "missing", "osm_id": null, "type": "palazzo comunale"}, "geometry": {"type": "Point", "coordinates": [16.0315195, 40.8504065]}}, {"type": "Feature", "properties": {"wikidata": "Q136094040", "name": "Q136094040", "status": "missing", "osm_id": null, "type": "palazzo di giustizia"}, "geometry": {"type": "Point", "coordinates": [16.599972222, 40.666083333]}}, {"type": "Feature", "properties": {"wikidata": "Q134690246", "name": "Q134690246", "status": "missing", "osm_id": null, "type": "palazzo comunale"}, "geometry": {"type": "Point", "coordinates": [16.2749108, 40.2465312]}}, {"type": "Feature", "properties": {"wikidata": "Q134690245", "name": "Q134690245", "status": "missing", "osm_id": null, "type": "palazzo comunale"}, "geometry": {"type": "Point", "coordinates": [16.3055079, 40.1358286]}}, {"type": "Feature", "properties": {"wikidata": "Q134690268", "name": "Q134690268", "status": "missing", "osm_id": null, "type": "palazzo comunale"}, "geometry": {"type": "Point", "coordinates": [15.5071842, 40.598743]}}, {"type": "Feature", "properties": {"wikidata": "Q134690255", "name": "Q134690255", "status": "missing", "osm_id": null, "type": "palazzo comunale"}, "geometry": {"type": "Point", "coordinates": [15.9808167, 40.9305564]}}, {"type": "Feature", "properties": {"wikidata": "Q134690288", "name": "Q134690288", "status": "missing", "osm_id": null, "type": "palazzo comunale"}, "geometry": {"type": "Point", "coordinates": [16.0764594, 40.1905236]}}, {"type": "Feature", "properties": {"wikidata": "Q134690248", "name": "Q134690248", "status": "missing", "osm_id": null, "type": "palazzo comunale"}, "geometry": {"type": "Point", "coordinates": [15.7665412, 40.1239912]}}, {"type": "Feature", "properties": {"wikidata": "Q136349931", "name": "Q136349931", "status": "missing", "osm_id": null, "type": "palazzo comunale"}, "geometry": {"type": "Point", "coordinates": [15.5121, 40.651276]}}, {"type": "Feature", "properties": {"wikidata": "Q134741411", "name": "Q134741411", "status": "missing", "osm_id": null, "type": "porta cittadina"}, "geometry": {"type": "Point", "coordinates": [15.651948, 40.995971]}}, {"type": "Feature", "properties": {"wikidata": "Q134690270", "name": "Q134690270", "status": "missing", "osm_id": null, "type": "palazzo comunale"}, "geometry": {"type": "Point", "coordinates": [15.7577806, 40.0771668]}}, {"type": "Feature", "properties": {"wikidata": "Q134690247", "name": "Q134690247", "status": "missing", "osm_id": null, "type": "palazzo comunale"}, "geometry": {"type": "Point", "coordinates": [15.6373689, 40.6380159]}}, {"type": "Feature", "properties": {"wikidata": "Q134690257", "name": "Q134690257", "status": "missing", "osm_id": null, "type": "palazzo comunale"}, "geometry": {"type": "Point", "coordinates": [16.2029421, 40.0815154]}}, {"type": "Feature", "properties": {"wikidata": "Q134690283", "name": "Q134690283", "status": "missing", "osm_id": null, "type": "palazzo comunale"}, "geometry": {"type": "Point", "coordinates": [16.0795494, 40.6759814]}}, {"type": "Feature", "properties": {"wikidata": "Q134690286", "name": "Q134690286", "status": "missing", "osm_id": null, "type": "palazzo comunale"}, "geometry": {"type": "Point", "coordinates": [15.5513115, 40.569368]}}, {"type": "Feature", "properties": {"wikidata": "Q136351694", "name": "Q136351694", "status": "missing", "osm_id": null, "type": "palazzo comunale"}, "geometry": {"type": "Point", "coordinates": [15.976755, 40.005524]}}, {"type": "Feature", "properties": {"wikidata": "Q135433475", "name": "Q135433475", "status": "missing", "osm_id": null, "type": "palazzo comunale"}, "geometry": {"type": "Point", "coordinates": [16.328327562, 40.087179425]}}, {"type": "Feature", "properties": {"wikidata": "Q134690263", "name": "Q134690263", "status": "missing", "osm_id": null, "type": "palazzo comunale"}, "geometry": {"type": "Point", "coordinates": [16.0377177, 39.9537024]}}, {"type": "Feature", "properties": {"wikidata": "Q134690287", "name": "Q134690287", "status": "missing", "osm_id": null, "type": "palazzo comunale"}, "geometry": {"type": "Point", "coordinates": [16.2280317, 40.5490338]}}, {"type": "Feature", "properties": {"wikidata": "Q134690308", "name": "Q134690308", "status": "missing", "osm_id": null, "type": "palazzo comunale"}, "geometry": {"type": "Point", "coordinates": [16.1855065, 40.5355845]}}, {"type": "Feature", "properties": {"wikidata": "Q134690282", "name": "Q134690282", "status": "done", "osm_id": "node/8569717312", "type": "palazzo comunale"}, "geometry": {"type": "Point", "coordinates": [15.9909142, 40.1628927]}}, {"type": "Feature", "properties": {"wikidata": "Q134690299", "name": "Q134690299", "status": "missing", "osm_id": null, "type": "palazzo comunale"}, "geometry": {"type": "Point", "coordinates": [15.7333931, 40.9312692]}}, {"type": "Feature", "properties": {"wikidata": "Q134690292", "name": "Q134690292", "status": "missing", "osm_id": null, "type": "palazzo comunale"}, "geometry": {"type": "Point", "coordinates": [16.1430972, 40.3946301]}}, {"type": "Feature", "properties": {"wikidata": "Q136094600", "name": "Q136094600", "status": "missing", "osm_id": null, "type": "palazzo di giustizia"}, "geometry": {"type": "Point", "coordinates": [15.805611111, 40.633555555]}}, {"type": "Feature", "properties": {"wikidata": "Q134690305", "name": "Q134690305", "status": "missing", "osm_id": null, "type": "palazzo comunale"}, "geometry": {"type": "Point", "coordinates": [16.0656169, 40.3060467]}}, {"type": "Feature", "properties": {"wikidata": "Q135432935", "name": "Q135432935", "status": "missing", "osm_id": null, "type": "palazzo comunale"}, "geometry": {"type": "Point", "coordinates": [16.298327559, 39.976815205]}}, {"type": "Feature", "properties": {"wikidata": "Q134690285", "name": "Q134690285", "status": "missing", "osm_id": null, "type": "palazzo comunale"}, "geometry": {"type": "Point", "coordinates": [16.3894457, 40.1132373]}}, {"type": "Feature", "properties": {"wikidata": "Q135434609", "name": "Q135434609", "status": "missing", "osm_id": null, "type": "palazzo comunale"}, "geometry": {"type": "Point", "coordinates": [15.966728511, 40.267950874]}}, {"type": "Feature", "properties": {"wikidata": "Q136349935", "name": "Q136349935", "status": "missing", "osm_id": null, "type": "palazzo comunale"}, "geometry": {"type": "Point", "coordinates": [15.92523, 40.730787]}}, {"type": "Feature", "properties": {"wikidata": "Q134690271", "name": "Q134690271", "status": "missing", "osm_id": null, "type": "palazzo comunale"}, "geometry": {"type": "Point", "coordinates": [15.9416909, 40.7955774]}}, {"type": "Feature", "properties": {"wikidata": "Q134690291", "name": "Q134690291", "status": "missing", "osm_id": null, "type": "palazzo comunale"}, "geometry": {"type": "Point", "coordinates": [15.5001857, 40.8469279]}}, {"type": "Feature", "properties": {"wikidata": "Q134690293", "name": "Q134690293", "status": "done", "osm_id": "way/295378052", "type": "palazzo comunale"}, "geometry": {"type": "Point", "coordinates": [16.1374734, 40.290039]}}, {"type": "Feature", "properties": {"wikidata": "Q135434184", "name": "Q135434184", "status": "missing", "osm_id": null, "type": "palazzo comunale"}, "geometry": {"type": "Point", "coordinates": [16.441878188, 40.170722699]}}, {"type": "Feature", "properties": {"wikidata": "Q134690279", "name": "Q134690279", "status": "done", "osm_id": "node/2408604047", "type": "palazzo comunale"}, "geometry": {"type": "Point", "coordinates": [15.9680859, 41.02863]}}, {"type": "Feature", "properties": {"wikidata": "Q134690272", "name": "Q134690272", "status": "missing", "osm_id": null, "type": "palazzo comunale"}, "geometry": {"type": "Point", "coordinates": [15.7778404, 40.0264991]}}, {"type": "Feature", "properties": {"wikidata": "Q134690264", "name": "Q134690264", "status": "missing", "osm_id": null, "type": "palazzo comunale"}, "geometry": {"type": "Point", "coordinates": [15.7320696, 40.3769655]}}, {"type": "Feature", "properties": {"wikidata": "Q134690258", "name": "Q134690258", "status": "missing", "osm_id": null, "type": "palazzo comunale"}, "geometry": {"type": "Point", "coordinates": [15.8824615, 40.7481011]}}, {"type": "Feature", "properties": {"wikidata": "Q135472400", "name": "Q135472400", "status": "missing", "osm_id": null, "type": "palazzo comunale"}, "geometry": {"type": "Point", "coordinates": [15.9903077, 40.7652242]}}, {"type": "Feature", "properties": {"wikidata": "Q134690278", "name": "Q134690278", "status": "missing", "osm_id": null, "type": "palazzo comunale"}, "geometry": {"type": "Point", "coordinates": [15.8887373, 40.2472653]}}, {"type": "Feature", "properties": {"wikidata": "Q134690281", "name": "Q134690281", "status": "missing", "osm_id": null, "type": "palazzo comunale"}, "geometry": {"type": "Point", "coordinates": [16.0371852, 40.5840456]}}, {"type": "Feature", "properties": {"wikidata": "Q134690313", "name": "Q134690313", "status": "missing", "osm_id": null, "type": "palazzo comunale"}, "geometry": {"type": "Point", "coordinates": [16.0425863, 40.3836295]}}, {"type": "Feature", "properties": {"wikidata": "Q134690307", "name": "Q134690307", "status": "missing", "osm_id": null, "type": "palazzo comunale"}, "geometry": {"type": "Point", "coordinates": [16.1661309, 40.2813713]}}, {"type": "Feature", "properties": {"wikidata": "Q136349932", "name": "Q136349932", "status": "missing", "osm_id": null, "type": "palazzo comunale"}, "geometry": {"type": "Point", "coordinates": [15.590072, 40.682314]}}, {"type": "Feature", "properties": {"wikidata": "Q135434630", "name": "Q135434630", "status": "missing", "osm_id": null, "type": "palazzo comunale"}, "geometry": {"type": "Point", "coordinates": [15.890373415, 40.286270779]}}, {"type": "Feature", "properties": {"wikidata": "Q134690300", "name": "Q134690300", "status": "missing", "osm_id": null, "type": "palazzo comunale"}, "geometry": {"type": "Point", "coordinates": [16.1900526, 40.5873654]}}, {"type": "Feature", "properties": {"wikidata": "Q136349937", "name": "Q136349937", "status": "missing", "osm_id": null, "type": "palazzo comunale"}, "geometry": {"type": "Point", "coordinates": [16.089673, 40.141707]}}, {"type": "Feature", "properties": {"wikidata": "Q122330916", "name": "Q122330916", "status": "missing", "osm_id": null, "type": "chiesa"}, "geometry": {"type": "Point", "coordinates": [15.677639, 40.924333]}}, {"type": "Feature", "properties": {"wikidata": "Q118695837", "name": "Q118695837", "status": "missing", "osm_id": null, "type": "chiesa"}, "geometry": {"type": "Point", "coordinates": [16.60525, 40.66275]}}, {"type": "Feature", "properties": {"wikidata": "Q118695818", "name": "Q118695818", "status": "missing", "osm_id": null, "type": "chiesa"}, "geometry": {"type": "Point", "coordinates": [16.241306, 40.594]}}, {"type": "Feature", "properties": {"wikidata": "Q118695811", "name": "Q118695811", "status": "missing", "osm_id": null, "type": "chiesa"}, "geometry": {"type": "Point", "coordinates": [16.451117, 40.488333]}}, {"type": "Feature", "properties": {"wikidata": "Q118695800", "name": "Q118695800", "status": "missing", "osm_id": null, "type": "chiesa"}, "geometry": {"type": "Point", "coordinates": [16.172917, 40.395944]}}, {"type": "Feature", "properties": {"wikidata": "Q118695843", "name": "Q118695843", "status": "missing", "osm_id": null, "type": "chiesa"}, "geometry": {"type": "Point", "coordinates": [16.583139, 40.683278]}}, {"type": "Feature", "properties": {"wikidata": "Q118695855", "name": "Q118695855", "status": "missing", "osm_id": null, "type": "chiesa"}, "geometry": {"type": "Point", "coordinates": [16.690833, 40.414611]}}, {"type": "Feature", "properties": {"wikidata": "Q118695851", "name": "Q118695851", "status": "missing", "osm_id": null, "type": "chiesa"}, "geometry": {"type": "Point", "coordinates": [16.613083, 40.660778]}}, {"type": "Feature", "properties": {"wikidata": "Q122330899", "name": "Q122330899", "status": "missing", "osm_id": null, "type": "chiesa"}, "geometry": {"type": "Point", "coordinates": [15.940111, 40.796944]}}, {"type": "Feature", "properties": {"wikidata": "Q118695853", "name": "Q118695853", "status": "missing", "osm_id": null, "type": "chiesa"}, "geometry": {"type": "Point", "coordinates": [16.609083, 40.664]}}, {"type": "Feature", "properties": {"wikidata": "Q118695840", "name": "Q118695840", "status": "missing", "osm_id": null, "type": "chiesa"}, "geometry": {"type": "Point", "coordinates": [16.601625, 40.672472]}}, {"type": "Feature", "properties": {"wikidata": "Q118695842", "name": "Q118695842", "status": "missing", "osm_id": null, "type": "chiesa"}, "geometry": {"type": "Point", "coordinates": [16.603028, 40.663778]}}, {"type": "Feature", "properties": {"wikidata": "Q122330905", "name": "Q122330905", "status": "missing", "osm_id": null, "type": "chiesa"}, "geometry": {"type": "Point", "coordinates": [15.921278, 40.516639]}}, {"type": "Feature", "properties": {"wikidata": "Q122330909", "name": "Q122330909", "status": "missing", "osm_id": null, "type": "cappella"}, "geometry": {"type": "Point", "coordinates": [16.065092, 40.306222]}}, {"type": "Feature", "properties": {"wikidata": "Q122330919", "name": "Q122330919", "status": "missing", "osm_id": null, "type": "chiesa"}, "geometry": {"type": "Point", "coordinates": [15.591, 40.897111]}}, {"type": "Feature", "properties": {"wikidata": "Q118695795", "name": "Q118695795", "status": "missing", "osm_id": null, "type": "chiesa"}, "geometry": {"type": "Point", "coordinates": [16.686889, 40.406361]}}, {"type": "Feature", "properties": {"wikidata": "Q118695866", "name": "Q118695866", "status": "missing", "osm_id": null, "type": "chiesa"}, "geometry": {"type": "Point", "coordinates": [16.561278, 40.292417]}}, {"type": "Feature", "properties": {"wikidata": "Q118695823", "name": "Q118695823", "status": "missing", "osm_id": null, "type": "chiesa"}, "geometry": {"type": "Point", "coordinates": [16.160492, 40.377361]}}, {"type": "Feature", "properties": {"wikidata": "Q118695841", "name": "Q118695841", "status": "missing", "osm_id": null, "type": "chiesa"}, "geometry": {"type": "Point", "coordinates": [16.606778, 40.674167]}}, {"type": "Feature", "properties": {"wikidata": "Q122330906", "name": "Q122330906", "status": "missing", "osm_id": null, "type": "chiesa"}, "geometry": {"type": "Point", "coordinates": [15.924667, 40.516222]}}, {"type": "Feature", "properties": {"wikidata": "Q118695844", "name": "Q118695844", "status": "missing", "osm_id": null, "type": "chiesa"}, "geometry": {"type": "Point", "coordinates": [16.594, 40.667347]}}, {"type": "Feature", "properties": {"wikidata": "Q118695817", "name": "Q118695817", "status": "missing", "osm_id": null, "type": "chiesa"}, "geometry": {"type": "Point", "coordinates": [16.459472, 40.498556]}}, {"type": "Feature", "properties": {"wikidata": "Q118695822", "name": "Q118695822", "status": "missing", "osm_id": null, "type": "chiesa"}, "geometry": {"type": "Point", "coordinates": [16.146258, 40.392833]}}, {"type": "Feature", "properties": {"wikidata": "Q118695847", "name": "Q118695847", "status": "missing", "osm_id": null, "type": "chiesa"}, "geometry": {"type": "Point", "coordinates": [16.583111, 40.674333]}}, {"type": "Feature", "properties": {"wikidata": "Q118695835", "name": "Q118695835", "status": "missing", "osm_id": null, "type": "chiesa"}, "geometry": {"type": "Point", "coordinates": [16.244694, 40.739861]}}, {"type": "Feature", "properties": {"wikidata": "Q118695864", "name": "Q118695864", "status": "missing", "osm_id": null, "type": "chiesa"}, "geometry": {"type": "Point", "coordinates": [16.497778, 40.569344]}}, {"type": "Feature", "properties": {"wikidata": "Q118695846", "name": "Q118695846", "status": "missing", "osm_id": null, "type": "chiesa"}, "geometry": {"type": "Point", "coordinates": [16.610167, 40.663083]}}, {"type": "Feature", "properties": {"wikidata": "Q118695828", "name": "Q118695828", "status": "missing", "osm_id": null, "type": "chiesa"}, "geometry": {"type": "Point", "coordinates": [16.238667, 40.750192]}}, {"type": "Feature", "properties": {"wikidata": "Q118695821", "name": "Q118695821", "status": "missing", "osm_id": null, "type": "chiesa"}, "geometry": {"type": "Point", "coordinates": [16.144911, 40.397639]}}, {"type": "Feature", "properties": {"wikidata": "Q118695796", "name": "Q118695796", "status": "missing", "osm_id": null, "type": "chiesa"}, "geometry": {"type": "Point", "coordinates": [16.699056, 40.415361]}}, {"type": "Feature", "properties": {"wikidata": "Q118695861", "name": "Q118695861", "status": "missing", "osm_id": null, "type": "chiesa"}, "geometry": {"type": "Point", "coordinates": [16.499944, 40.569972]}}, {"type": "Feature", "properties": {"wikidata": "Q118695856", "name": "Q118695856", "status": "missing", "osm_id": null, "type": "chiesa"}, "geometry": {"type": "Point", "coordinates": [16.608611, 40.664889]}}, {"type": "Feature", "properties": {"wikidata": "Q118695813", "name": "Q118695813", "status": "missing", "osm_id": null, "type": "chiesa"}, "geometry": {"type": "Point", "coordinates": [16.449639, 40.491472]}}, {"type": "Feature", "properties": {"wikidata": "Q118695806", "name": "Q118695806", "status": "missing", "osm_id": null, "type": "chiesa"}, "geometry": {"type": "Point", "coordinates": [16.4275, 40.186917]}}, {"type": "Feature", "properties": {"wikidata": "Q118695848", "name": "Q118695848", "status": "missing", "osm_id": null, "type": "chiesa"}, "geometry": {"type": "Point", "coordinates": [16.586111, 40.671306]}}, {"type": "Feature", "properties": {"wikidata": "Q122330910", "name": "Q122330910", "status": "missing", "osm_id": null, "type": "chiesa"}, "geometry": {"type": "Point", "coordinates": [16.065519, 40.308083]}}, {"type": "Feature", "properties": {"wikidata": "Q118695799", "name": "Q118695799", "status": "missing", "osm_id": null, "type": "chiesa"}, "geometry": {"type": "Point", "coordinates": [16.1945, 40.588944]}}, {"type": "Feature", "properties": {"wikidata": "Q118695826", "name": "Q118695826", "status": "missing", "osm_id": null, "type": "chiesa"}, "geometry": {"type": "Point", "coordinates": [16.279556, 40.634156]}}, {"type": "Feature", "properties": {"wikidata": "Q118695802", "name": "Q118695802", "status": "missing", "osm_id": null, "type": "cappella"}, "geometry": {"type": "Point", "coordinates": [16.425722, 40.188833]}}, {"type": "Feature", "properties": {"wikidata": "Q118695812", "name": "Q118695812", "status": "missing", "osm_id": null, "type": "chiesa"}, "geometry": {"type": "Point", "coordinates": [16.502081, 40.46975]}}, {"type": "Feature", "properties": {"wikidata": "Q118695805", "name": "Q118695805", "status": "missing", "osm_id": null, "type": "cappella"}, "geometry": {"type": "Point", "coordinates": [16.426861, 40.186611]}}, {"type": "Feature", "properties": {"wikidata": "Q118695849", "name": "Q118695849", "status": "missing", "osm_id": null, "type": "chiesa"}, "geometry": {"type": "Point", "coordinates": [16.590694, 40.676389]}}, {"type": "Feature", "properties": {"wikidata": "Q118695827", "name": "Q118695827", "status": "missing", "osm_id": null, "type": "chiesa"}, "geometry": {"type": "Point", "coordinates": [16.2425, 40.745028]}}, {"type": "Feature", "properties": {"wikidata": "Q118695831", "name": "Q118695831", "status": "missing", "osm_id": null, "type": "chiesa"}, "geometry": {"type": "Point", "coordinates": [16.161933, 40.798]}}, {"type": "Feature", "properties": {"wikidata": "Q122330900", "name": "Q122330900", "status": "missing", "osm_id": null, "type": "chiesa"}, "geometry": {"type": "Point", "coordinates": [15.919472, 40.792222]}}, {"type": "Feature", "properties": {"wikidata": "Q118695808", "name": "Q118695808", "status": "done", "osm_id": "way/249211628", "type": "chiesa"}, "geometry": {"type": "Point", "coordinates": [16.431667, 40.383056]}}, {"type": "Feature", "properties": {"wikidata": "Q118695868", "name": "Q118695868", "status": "missing", "osm_id": null, "type": "chiesa"}, "geometry": {"type": "Point", "coordinates": [16.567028, 40.292528]}}, {"type": "Feature", "properties": {"wikidata": "Q118695810", "name": "Q118695810", "status": "done", "osm_id": "way/249211647", "type": "chiesa"}, "geometry": {"type": "Point", "coordinates": [16.443194, 40.376556]}}, {"type": "Feature", "properties": {"wikidata": "Q122330898", "name": "Q122330898", "status": "missing", "osm_id": null, "type": "cappella"}, "geometry": {"type": "Point", "coordinates": [15.940611, 40.7955]}}, {"type": "Feature", "properties": {"wikidata": "Q118695804", "name": "Q118695804", "status": "missing", "osm_id": null, "type": "cappella"}, "geometry": {"type": "Point", "coordinates": [16.420306, 40.188556]}}, {"type": "Feature", "properties": {"wikidata": "Q122330915", "name": "Q122330915", "status": "missing", "osm_id": null, "type": "chiesa"}, "geometry": {"type": "Point", "coordinates": [16.065056, 40.306611]}}, {"type": "Feature", "properties": {"wikidata": "Q118695845", "name": "Q118695845", "status": "missing", "osm_id": null, "type": "chiesa"}, "geometry": {"type": "Point", "coordinates": [16.599361, 40.67575]}}, {"type": "Feature", "properties": {"wikidata": "Q118695867", "name": "Q118695867", "status": "missing", "osm_id": null, "type": "chiesa"}, "geometry": {"type": "Point", "coordinates": [16.567675, 40.292472]}}, {"type": "Feature", "properties": {"wikidata": "Q122330908", "name": "Q122330908", "status": "missing", "osm_id": null, "type": "chiesa"}, "geometry": {"type": "Point", "coordinates": [15.899167, 40.521583]}}, {"type": "Feature", "properties": {"wikidata": "Q118695865", "name": "Q118695865", "status": "missing", "osm_id": null, "type": "chiesa"}, "geometry": {"type": "Point", "coordinates": [16.507556, 40.566711]}}, {"type": "Feature", "properties": {"wikidata": "Q118695819", "name": "Q118695819", "status": "missing", "osm_id": null, "type": "chiesa"}, "geometry": {"type": "Point", "coordinates": [16.230139, 40.550833]}}, {"type": "Feature", "properties": {"wikidata": "Q118695820", "name": "Q118695820", "status": "missing", "osm_id": null, "type": "chiesa"}, "geometry": {"type": "Point", "coordinates": [16.230139, 40.550833]}}, {"type": "Feature", "properties": {"wikidata": "Q118695829", "name": "Q118695829", "status": "missing", "osm_id": null, "type": "chiesa"}, "geometry": {"type": "Point", "coordinates": [16.243806, 40.741861]}}, {"type": "Feature", "properties": {"wikidata": "Q118695832", "name": "Q118695832", "status": "missing", "osm_id": null, "type": "chiesa"}, "geometry": {"type": "Point", "coordinates": [16.243861, 40.74]}}, {"type": "Feature", "properties": {"wikidata": "Q122330901", "name": "Q122330901", "status": "missing", "osm_id": null, "type": "chiesa"}, "geometry": {"type": "Point", "coordinates": [16.036037, 40.585692]}}, {"type": "Feature", "properties": {"wikidata": "Q118695857", "name": "Q118695857", "status": "missing", "osm_id": null, "type": "chiesa"}, "geometry": {"type": "Point", "coordinates": [16.617028, 40.671111]}}, {"type": "Feature", "properties": {"wikidata": "Q122330912", "name": "Q122330912", "status": "missing", "osm_id": null, "type": "chiesa"}, "geometry": {"type": "Point", "coordinates": [16.062967, 40.3065]}}, {"type": "Feature", "properties": {"wikidata": "Q118695809", "name": "Q118695809", "status": "done", "osm_id": "way/396075568", "type": "chiesa"}, "geometry": {"type": "Point", "coordinates": [16.495139, 40.359333]}}, {"type": "Feature", "properties": {"wikidata": "Q118695807", "name": "Q118695807", "status": "missing", "osm_id": null, "type": "chiesa"}, "geometry": {"type": "Point", "coordinates": [16.42325, 40.187889]}}, {"type": "Feature", "properties": {"wikidata": "Q118695860", "name": "Q118695860", "status": "missing", "osm_id": null, "type": "chiesa"}, "geometry": {"type": "Point", "coordinates": [16.50095, 40.569528]}}, {"type": "Feature", "properties": {"wikidata": "Q122330903", "name": "Q122330903", "status": "missing", "osm_id": null, "type": "chiesa"}, "geometry": {"type": "Point", "coordinates": [15.927361, 40.516056]}}, {"type": "Feature", "properties": {"wikidata": "Q118695838", "name": "Q118695838", "status": "missing", "osm_id": null, "type": "chiesa"}, "geometry": {"type": "Point", "coordinates": [16.610306, 40.667775]}}, {"type": "Feature", "properties": {"wikidata": "Q118695803", "name": "Q118695803", "status": "missing", "osm_id": null, "type": "cappella"}, "geometry": {"type": "Point", "coordinates": [16.427694, 40.189694]}}, {"type": "Feature", "properties": {"wikidata": "Q122330923", "name": "Q122330923", "status": "missing", "osm_id": null, "type": "chiesa"}, "geometry": {"type": "Point", "coordinates": [15.777528, 40.813417]}}, {"type": "Feature", "properties": {"wikidata": "Q118695801", "name": "Q118695801", "status": "missing", "osm_id": null, "type": "chiesa"}, "geometry": {"type": "Point", "coordinates": [16.172, 40.391056]}}, {"type": "Feature", "properties": {"wikidata": "Q118695816", "name": "Q118695816", "status": "missing", "osm_id": null, "type": "chiesa"}, "geometry": {"type": "Point", "coordinates": [16.458444, 40.499639]}}, {"type": "Feature", "properties": {"wikidata": "Q118695863", "name": "Q118695863", "status": "missing", "osm_id": null, "type": "chiesa"}, "geometry": {"type": "Point", "coordinates": [16.502758, 40.569639]}}, {"type": "Feature", "properties": {"wikidata": "Q122330922", "name": "Q122330922", "status": "missing", "osm_id": null, "type": "chiesa"}, "geometry": {"type": "Point", "coordinates": [15.769444, 40.800469]}}, {"type": "Feature", "properties": {"wikidata": "Q118695850", "name": "Q118695850", "status": "missing", "osm_id": null, "type": "chiesa"}, "geometry": {"type": "Point", "coordinates": [16.595778, 40.672528]}}, {"type": "Feature", "properties": {"wikidata": "Q118695798", "name": "Q118695798", "status": "done", "osm_id": "way/1207743278", "type": "chiesa"}, "geometry": {"type": "Point", "coordinates": [16.686389, 40.408278]}}, {"type": "Feature", "properties": {"wikidata": "Q122330918", "name": "Q122330918", "status": "missing", "osm_id": null, "type": "chiesa"}, "geometry": {"type": "Point", "coordinates": [15.650653, 40.873833]}}, {"type": "Feature", "properties": {"wikidata": "Q122330913", "name": "Q122330913", "status": "missing", "osm_id": null, "type": "chiesa"}, "geometry": {"type": "Point", "coordinates": [16.067842, 40.303417]}}, {"type": "Feature", "properties": {"wikidata": "Q118695859", "name": "Q118695859", "status": "missing", "osm_id": null, "type": "chiesa"}, "geometry": {"type": "Point", "coordinates": [16.500353, 40.570778]}}, {"type": "Feature", "properties": {"wikidata": "Q122330904", "name": "Q122330904", "status": "missing", "osm_id": null, "type": "chiesa"}, "geometry": {"type": "Point", "coordinates": [15.924667, 40.516139]}}, {"type": "Feature", "properties": {"wikidata": "Q118695858", "name": "Q118695858", "status": "missing", "osm_id": null, "type": "palazzo"}, "geometry": {"type": "Point", "coordinates": [16.61151, 40.66662]}}, {"type": "Feature", "properties": {"wikidata": "Q118695839", "name": "Q118695839", "status": "missing", "osm_id": null, "type": "chiesa"}, "geometry": {"type": "Point", "coordinates": [16.579639, 40.67875]}}, {"type": "Feature", "properties": {"wikidata": "Q118695825", "name": "Q118695825", "status": "missing", "osm_id": null, "type": "chiesa"}, "geometry": {"type": "Point", "coordinates": [16.2785, 40.631667]}}, {"type": "Feature", "properties": {"wikidata": "Q118695852", "name": "Q118695852", "status": "missing", "osm_id": null, "type": "chiesa"}, "geometry": {"type": "Point", "coordinates": [16.535106, 40.660528]}}, {"type": "Feature", "properties": {"wikidata": "Q122330896", "name": "Q122330896", "status": "missing", "osm_id": null, "type": "chiesa"}, "geometry": {"type": "Point", "coordinates": [15.832944, 40.524306]}}, {"type": "Feature", "properties": {"wikidata": "Q118695830", "name": "Q118695830", "status": "missing", "osm_id": null, "type": "chiesa"}, "geometry": {"type": "Point", "coordinates": [16.243417, 40.74125]}}, {"type": "Feature", "properties": {"wikidata": "Q122330907", "name": "Q122330907", "status": "missing", "osm_id": null, "type": "chiesa"}, "geometry": {"type": "Point", "coordinates": [15.923167, 40.518275]}}, {"type": "Feature", "properties": {"wikidata": "Q118695815", "name": "Q118695815", "status": "missing", "osm_id": null, "type": "chiesa"}, "geometry": {"type": "Point", "coordinates": [16.452031, 40.505417]}}, {"type": "Feature", "properties": {"wikidata": "Q118695833", "name": "Q118695833", "status": "missing", "osm_id": null, "type": "chiesa"}, "geometry": {"type": "Point", "coordinates": [16.244417, 40.741222]}}, {"type": "Feature", "properties": {"wikidata": "Q122330911", "name": "Q122330911", "status": "missing", "osm_id": null, "type": "chiesa"}, "geometry": {"type": "Point", "coordinates": [16.085039, 40.312583]}}, {"type": "Feature", "properties": {"wikidata": "Q118695793", "name": "Q118695793", "status": "done", "osm_id": "way/1207743276", "type": "chiesa"}, "geometry": {"type": "Point", "coordinates": [16.693111, 40.415556]}}, {"type": "Feature", "properties": {"wikidata": "Q118695824", "name": "Q118695824", "status": "missing", "osm_id": null, "type": "chiesa"}, "geometry": {"type": "Point", "coordinates": [16.284083, 40.633397]}}, {"type": "Feature", "properties": {"wikidata": "Q118695854", "name": "Q118695854", "status": "missing", "osm_id": null, "type": "chiesa"}, "geometry": {"type": "Point", "coordinates": [16.611333, 40.667469]}}, {"type": "Feature", "properties": {"wikidata": "Q118695834", "name": "Q118695834", "status": "missing", "osm_id": null, "type": "chiesa"}, "geometry": {"type": "Point", "coordinates": [16.243472, 40.744444]}}, {"type": "Feature", "properties": {"wikidata": "Q122330897", "name": "Q122330897", "status": "missing", "osm_id": null, "type": "chiesa"}, "geometry": {"type": "Point", "coordinates": [15.775, 40.540333]}}, {"type": "Feature", "properties": {"wikidata": "Q118695814", "name": "Q118695814", "status": "missing", "osm_id": null, "type": "chiesa"}, "geometry": {"type": "Point", "coordinates": [16.461, 40.510306]}}, {"type": "Feature", "properties": {"wikidata": "Q122330914", "name": "Q122330914", "status": "missing", "osm_id": null, "type": "chiesa"}, "geometry": {"type": "Point", "coordinates": [16.070519, 40.304306]}}, {"type": "Feature", "properties": {"wikidata": "Q118695792", "name": "Q118695792", "status": "done", "osm_id": "way/1207744121", "type": "chiesa"}, "geometry": {"type": "Point", "coordinates": [16.689972, 40.413861]}}, {"type": "Feature", "properties": {"wikidata": "Q122330902", "name": "Q122330902", "status": "missing", "osm_id": null, "type": "chiesa"}, "geometry": {"type": "Point", "coordinates": [15.925139, 40.516222]}}, {"type": "Feature", "properties": {"wikidata": "Q118695862", "name": "Q118695862", "status": "missing", "osm_id": null, "type": "chiesa"}, "geometry": {"type": "Point", "coordinates": [16.489722, 40.553722]}}, {"type": "Feature", "properties": {"wikidata": "Q118695794", "name": "Q118695794", "status": "missing", "osm_id": null, "type": "chiesa"}, "geometry": {"type": "Point", "coordinates": [16.687361, 40.407056]}}, {"type": "Feature", "properties": {"wikidata": "Q52534", "name": "Q52534", "status": "done", "osm_id": "relation/40525", "type": "comune italiano"}, "geometry": {"type": "Point", "coordinates": [15.63, 40.478611111]}}, {"type": "Feature", "properties": {"wikidata": "Q52558", "name": "Q52558", "status": "done", "osm_id": "relation/40197", "type": "comune italiano"}, "geometry": {"type": "Point", "coordinates": [16.35, 40.05]}}, {"type": "Feature", "properties": {"wikidata": "Q52593", "name": "Q52593", "status": "done", "osm_id": "relation/41026", "type": "comune italiano"}, "geometry": {"type": "Point", "coordinates": [15.8, 41.05]}}, {"type": "Feature", "properties": {"wikidata": "Q52608", "name": "Q52608", "status": "done", "osm_id": "relation/40394", "type": "comune italiano"}, "geometry": {"type": "Point", "coordinates": [16.166666666, 40.283333333]}}, {"type": "Feature", "properties": {"wikidata": "Q13616", "name": "Q13616", "status": "done", "osm_id": "relation/40622", "type": "comune italiano"}, "geometry": {"type": "Point", "coordinates": [16.6, 40.666666666]}}, {"type": "Feature", "properties": {"wikidata": "Q52331", "name": "Q52331", "status": "done", "osm_id": "relation/40258", "type": "comune italiano"}, "geometry": {"type": "Point", "coordinates": [16.383333333, 40.116666666]}}, {"type": "Feature", "properties": {"wikidata": "Q52541", "name": "Q52541", "status": "done", "osm_id": "relation/40500", "type": "comune italiano"}, "geometry": {"type": "Point", "coordinates": [15.85, 40.483333333]}}, {"type": "Feature", "properties": {"wikidata": "Q52322", "name": "Q52322", "status": "done", "osm_id": "relation/40511", "type": "comune italiano"}, "geometry": {"type": "Point", "coordinates": [16.666666666, 40.55]}}, {"type": "Feature", "properties": {"wikidata": "Q136351699", "name": "Q136351699", "status": "missing", "osm_id": null, "type": "palazzo comunale"}, "geometry": {"type": "Point", "coordinates": [16.166913, 40.11414]}}, {"type": "Feature", "properties": {"wikidata": "Q52606", "name": "Q52606", "status": "done", "osm_id": "relation/40894", "type": "comune italiano"}, "geometry": {"type": "Point", "coordinates": [15.833333333, 40.916666666]}}, {"type": "Feature", "properties": {"wikidata": "Q52586", "name": "Q52586", "status": "done", "osm_id": "relation/40289", "type": "comune italiano"}, "geometry": {"type": "Point", "coordinates": [15.766666666, 40.133333333]}}, {"type": "Feature", "properties": {"wikidata": "Q52292", "name": "Q52292", "status": "done", "osm_id": "relation/40616", "type": "comune italiano"}, "geometry": {"type": "Point", "coordinates": [16.283333333, 40.633333333]}}, {"type": "Feature", "properties": {"wikidata": "Q52288", "name": "Q52288", "status": "done", "osm_id": "relation/40574", "type": "comune italiano"}, "geometry": {"type": "Point", "coordinates": [16.233333333, 40.55]}}, {"type": "Feature", "properties": {"wikidata": "Q52571", "name": "Q52571", "status": "done", "osm_id": "relation/40769", "type": "comune italiano"}, "geometry": {"type": "Point", "coordinates": [15.85, 40.866666666]}}, {"type": "Feature", "properties": {"wikidata": "Q52590", "name": "Q52590", "status": "done", "osm_id": "relation/40203", "type": "comune italiano"}, "geometry": {"type": "Point", "coordinates": [15.835833333, 40.047222222]}}, {"type": "Feature", "properties": {"wikidata": "Q3543", "name": "Q3543", "status": "done", "osm_id": "relation/40613", "type": "comune italiano"}, "geometry": {"type": "Point", "coordinates": [15.8, 40.633333333]}}, {"type": "Feature", "properties": {"wikidata": "Q136351706", "name": "Q136351706", "status": "missing", "osm_id": null, "type": "palazzo comunale"}, "geometry": {"type": "Point", "coordinates": [16.150197, 40.124937]}}, {"type": "Feature", "properties": {"wikidata": "Q52567", "name": "Q52567", "status": "done", "osm_id": "relation/40233", "type": "comune italiano"}, "geometry": {"type": "Point", "coordinates": [16.09818, 40.07481]}}, {"type": "Feature", "properties": {"wikidata": "Q16206", "name": "Q16206", "status": "done", "osm_id": "relation/40259", "type": "provincia d'Italia"}, "geometry": {"type": "Point", "coordinates": [16.6, 40.666666666]}}, {"type": "Feature", "properties": {"wikidata": "Q52597", "name": "Q52597", "status": "done", "osm_id": "relation/40162", "type": "comune italiano"}, "geometry": {"type": "Point", "coordinates": [15.716666666, 39.992777777]}}, {"type": "Feature", "properties": {"wikidata": "Q52297", "name": "Q52297", "status": "done", "osm_id": "relation/40681", "type": "comune italiano"}, "geometry": {"type": "Point", "coordinates": [16.233333333, 40.75]}}, {"type": "Feature", "properties": {"wikidata": "Q52329", "name": "Q52329", "status": "done", "osm_id": "relation/40315", "type": "comune italiano"}, "geometry": {"type": "Point", "coordinates": [16.516666666, 40.166666666]}}, {"type": "Feature", "properties": {"wikidata": "Q52528", "name": "Q52528", "status": "done", "osm_id": "relation/40690", "type": "comune italiano"}, "geometry": {"type": "Point", "coordinates": [15.593819444, 40.679763888]}}, {"type": "Feature", "properties": {"wikidata": "Q52516", "name": "Q52516", "status": "done", "osm_id": "relation/40757", "type": "comune italiano"}, "geometry": {"type": "Point", "coordinates": [15.65, 40.866666666]}}, {"type": "Feature", "properties": {"wikidata": "Q136351703", "name": "Q136351703", "status": "missing", "osm_id": null, "type": "palazzo comunale"}, "geometry": {"type": "Point", "coordinates": [15.671831, 40.9768]}}, {"type": "Feature", "properties": {"wikidata": "Q52526", "name": "Q52526", "status": "done", "osm_id": "relation/40653", "type": "comune italiano"}, "geometry": {"type": "Point", "coordinates": [15.516666666, 40.65]}}, {"type": "Feature", "properties": {"wikidata": "Q52323", "name": "Q52323", "status": "done", "osm_id": "relation/40296", "type": "comune italiano"}, "geometry": {"type": "Point", "coordinates": [16.533333333, 40.15]}}, {"type": "Feature", "properties": {"wikidata": "Q52519", "name": "Q52519", "status": "done", "osm_id": "relation/40734", "type": "cittadina"}, "geometry": {"type": "Point", "coordinates": [15.716666666, 40.733333333]}}, {"type": "Feature", "properties": {"wikidata": "Q52511", "name": "Q52511", "status": "done", "osm_id": "relation/40748", "type": "comune italiano"}, "geometry": {"type": "Point", "coordinates": [15.95, 40.8]}}, {"type": "Feature", "properties": {"wikidata": "Q52536", "name": "Q52536", "status": "done", "osm_id": "relation/40614", "type": "comune italiano"}, "geometry": {"type": "Point", "coordinates": [15.933333333, 40.616666666]}}, {"type": "Feature", "properties": {"wikidata": "Q52548", "name": "Q52548", "status": "done", "osm_id": "relation/40701", "type": "comune italiano"}, "geometry": {"type": "Point", "coordinates": [15.9247, 40.73068]}}, {"type": "Feature", "properties": {"wikidata": "Q52275", "name": "Q52275", "status": "done", "osm_id": "relation/40529", "type": "comune italiano"}, "geometry": {"type": "Point", "coordinates": [16.1575, 40.4925]}}, {"type": "Feature", "properties": {"wikidata": "Q52280", "name": "Q52280", "status": "done", "osm_id": "relation/40596", "type": "comune italiano"}, "geometry": {"type": "Point", "coordinates": [16.2, 40.583333333]}}, {"type": "Feature", "properties": {"wikidata": "Q52572", "name": "Q52572", "status": "done", "osm_id": "relation/40212", "type": "comune italiano"}, "geometry": {"type": "Point", "coordinates": [16.2, 40.083333333]}}, {"type": "Feature", "properties": {"wikidata": "Q52282", "name": "Q52282", "status": "done", "osm_id": "relation/40515", "type": "comune italiano"}, "geometry": {"type": "Point", "coordinates": [16.166666666, 40.4]}}, {"type": "Feature", "properties": {"wikidata": "Q52612", "name": "Q52612", "status": "done", "osm_id": "relation/40406", "type": "comune italiano"}, "geometry": {"type": "Point", "coordinates": [15.983333333, 40.3]}}, {"type": "Feature", "properties": {"wikidata": "Q52574", "name": "Q52574", "status": "done", "osm_id": "relation/40766", "type": "comune italiano"}, "geometry": {"type": "Point", "coordinates": [16.033333333, 40.85]}}, {"type": "Feature", "properties": {"wikidata": "Q52599", "name": "Q52599", "status": "done", "osm_id": "relation/40480", "type": "comune italiano"}, "geometry": {"type": "Point", "coordinates": [15.733333333, 40.416666666]}}, {"type": "Feature", "properties": {"wikidata": "Q52556", "name": "Q52556", "status": "done", "osm_id": "relation/40303", "type": "comune italiano"}, "geometry": {"type": "Point", "coordinates": [15.983333333, 40.166666666]}}, {"type": "Feature", "properties": {"wikidata": "Q52549", "name": "Q52549", "status": "done", "osm_id": "relation/40279", "type": "comune italiano"}, "geometry": {"type": "Point", "coordinates": [16.083333333, 40.133333333]}}, {"type": "Feature", "properties": {"wikidata": "Q52335", "name": "Q52335", "status": "done", "osm_id": "relation/40431", "type": "comune italiano"}, "geometry": {"type": "Point", "coordinates": [16.233333333, 40.4]}}, {"type": "Feature", "properties": {"wikidata": "Q52575", "name": "Q52575", "status": "done", "osm_id": "relation/40873", "type": "comune italiano"}, "geometry": {"type": "Point", "coordinates": [15.733333333, 40.933333333]}}, {"type": "Feature", "properties": {"wikidata": "Q52337", "name": "Q52337", "status": "done", "osm_id": "relation/40359", "type": "comune italiano"}, "geometry": {"type": "Point", "coordinates": [16.466666666, 40.25]}}, {"type": "Feature", "properties": {"wikidata": "Q52552", "name": "Q52552", "status": "done", "osm_id": "relation/40196", "type": "comune italiano"}, "geometry": {"type": "Point", "coordinates": [15.983333333, 40.0]}}, {"type": "Feature", "properties": {"wikidata": "Q52513", "name": "Q52513", "status": "done", "osm_id": "relation/40565", "type": "comune italiano"}, "geometry": {"type": "Point", "coordinates": [15.916666666, 40.516666666]}}, {"type": "Feature", "properties": {"wikidata": "Q52613", "name": "Q52613", "status": "done", "osm_id": "relation/40696", "type": "comune italiano"}, "geometry": {"type": "Point", "coordinates": [15.483333333, 40.75]}}, {"type": "Feature", "properties": {"wikidata": "Q52321", "name": "Q52321", "status": "done", "osm_id": "relation/40415", "type": "comune italiano"}, "geometry": {"type": "Point", "coordinates": [16.566666666, 40.283333333]}}, {"type": "Feature", "properties": {"wikidata": "Q52330", "name": "Q52330", "status": "done", "osm_id": "relation/40569", "type": "comune italiano"}, "geometry": {"type": "Point", "coordinates": [16.316666666, 40.533333333]}}, {"type": "Feature", "properties": {"wikidata": "Q52587", "name": "Q52587", "status": "done", "osm_id": "relation/40229", "type": "comune italiano"}, "geometry": {"type": "Point", "coordinates": [16.010833333, 40.09]}}, {"type": "Feature", "properties": {"wikidata": "Q52515", "name": "Q52515", "status": "done", "osm_id": "relation/40386", "type": "comune italiano"}, "geometry": {"type": "Point", "coordinates": [16.066666666, 40.3]}}, {"type": "Feature", "properties": {"wikidata": "Q52573", "name": "Q52573", "status": "done", "osm_id": "relation/40391", "type": "comune italiano"}, "geometry": {"type": "Point", "coordinates": [16.133333333, 40.283333333]}}, {"type": "Feature", "properties": {"wikidata": "Q52588", "name": "Q52588", "status": "done", "osm_id": "relation/40501", "type": "comune italiano"}, "geometry": {"type": "Point", "coordinates": [15.966666666, 40.45]}}, {"type": "Feature", "properties": {"wikidata": "Q136351700", "name": "Q136351700", "status": "missing", "osm_id": null, "type": "palazzo comunale"}, "geometry": {"type": "Point", "coordinates": [15.707043, 40.808519]}}, {"type": "Feature", "properties": {"wikidata": "Q52576", "name": "Q52576", "status": "done", "osm_id": "relation/40400", "type": "comune italiano"}, "geometry": {"type": "Point", "coordinates": [15.889722222, 40.283888888]}}, {"type": "Feature", "properties": {"wikidata": "Q52577", "name": "Q52577", "status": "done", "osm_id": "relation/40439", "type": "comune italiano"}, "geometry": {"type": "Point", "coordinates": [16.1, 40.366666666]}}, {"type": "Feature", "properties": {"wikidata": "Q52553", "name": "Q52553", "status": "done", "osm_id": "relation/40204", "type": "comune italiano"}, "geometry": {"type": "Point", "coordinates": [15.983333333, 40.016666666]}}, {"type": "Feature", "properties": {"wikidata": "Q52568", "name": "Q52568", "status": "done", "osm_id": "relation/40152", "type": "comune italiano"}, "geometry": {"type": "Point", "coordinates": [16.166666666, 40.116666666]}}, {"type": "Feature", "properties": {"wikidata": "Q136351697", "name": "Q136351697", "status": "missing", "osm_id": null, "type": "palazzo comunale"}, "geometry": {"type": "Point", "coordinates": [16.186177, 40.188525]}}, {"type": "Feature", "properties": {"wikidata": "Q52290", "name": "Q52290", "status": "done", "osm_id": "relation/40453", "type": "comune italiano"}, "geometry": {"type": "Point", "coordinates": [16.15, 40.4]}}, {"type": "Feature", "properties": {"wikidata": "Q52545", "name": "Q52545", "status": "done", "osm_id": "relation/40308", "type": "comune italiano"}, "geometry": {"type": "Point", "coordinates": [16.15, 40.15]}}, {"type": "Feature", "properties": {"wikidata": "Q52277", "name": "Q52277", "status": "done", "osm_id": "relation/40396", "type": "comune italiano"}, "geometry": {"type": "Point", "coordinates": [16.233333333, 40.316666666]}}, {"type": "Feature", "properties": {"wikidata": "Q52339", "name": "Q52339", "status": "done", "osm_id": "relation/40306", "type": "comune italiano"}, "geometry": {"type": "Point", "coordinates": [16.45, 40.166666666]}}, {"type": "Feature", "properties": {"wikidata": "Q52285", "name": "Q52285", "status": "done", "osm_id": "relation/40462", "type": "comune italiano"}, "geometry": {"type": "Point", "coordinates": [16.44, 40.378611111]}}, {"type": "Feature", "properties": {"wikidata": "Q1452", "name": "Q1452", "status": "done", "osm_id": "relation/40137", "type": "regione d'Italia"}, "geometry": {"type": "Point", "coordinates": [16.5, 40.5]}}, {"type": "Feature", "properties": {"wikidata": "Q136351702", "name": "Q136351702", "status": "missing", "osm_id": null, "type": "palazzo comunale"}, "geometry": {"type": "Point", "coordinates": [15.829939, 40.907123]}}, {"type": "Feature", "properties": {"wikidata": "Q52600", "name": "Q52600", "status": "done", "osm_id": "relation/40449", "type": "comune italiano"}, "geometry": {"type": "Point", "coordinates": [15.826111111, 40.374444444]}}, {"type": "Feature", "properties": {"wikidata": "Q136351701", "name": "Q136351701", "status": "missing", "osm_id": null, "type": "palazzo comunale"}, "geometry": {"type": "Point", "coordinates": [15.85711, 40.859399]}}, {"type": "Feature", "properties": {"wikidata": "Q16249", "name": "Q16249", "status": "done", "osm_id": "relation/40136", "type": "provincia d'Italia"}, "geometry": {"type": "Point", "coordinates": [15.802222222, 40.638611111]}}, {"type": "Feature", "properties": {"wikidata": "Q52334", "name": "Q52334", "status": "done", "osm_id": "relation/40368", "type": "comune italiano"}, "geometry": {"type": "Point", "coordinates": [16.7, 40.25]}}, {"type": "Feature", "properties": {"wikidata": "Q52286", "name": "Q52286", "status": "done", "osm_id": "relation/40507", "type": "comune italiano"}, "geometry": {"type": "Point", "coordinates": [16.45, 40.5]}}, {"type": "Feature", "properties": {"wikidata": "Q52609", "name": "Q52609", "status": "done", "osm_id": "relation/40322", "type": "comune italiano"}, "geometry": {"type": "Point", "coordinates": [15.86, 40.24]}}, {"type": "Feature", "properties": {"wikidata": "Q52533", "name": "Q52533", "status": "done", "osm_id": "relation/40697", "type": "comune italiano"}, "geometry": {"type": "Point", "coordinates": [15.533333333, 40.766666666]}}, {"type": "Feature", "properties": {"wikidata": "Q52510", "name": "Q52510", "status": "done", "osm_id": "relation/40552", "type": "comune italiano"}, "geometry": {"type": "Point", "coordinates": [15.783333333, 40.516666666]}}, {"type": "Feature", "properties": {"wikidata": "Q52554", "name": "Q52554", "status": "done", "osm_id": "relation/40575", "type": "comune italiano"}, "geometry": {"type": "Point", "coordinates": [16.05, 40.533333333]}}, {"type": "Feature", "properties": {"wikidata": "Q52512", "name": "Q52512", "status": "done", "osm_id": "relation/40605", "type": "comune italiano"}, "geometry": {"type": "Point", "coordinates": [16.033333333, 40.583333333]}}, {"type": "Feature", "properties": {"wikidata": "Q52527", "name": "Q52527", "status": "done", "osm_id": "relation/40872", "type": "comune italiano"}, "geometry": {"type": "Point", "coordinates": [16.016666666, 40.866666666]}}, {"type": "Feature", "properties": {"wikidata": "Q52327", "name": "Q52327", "status": "done", "osm_id": "relation/40340", "type": "comune italiano"}, "geometry": {"type": "Point", "coordinates": [16.666666666, 40.2]}}, {"type": "Feature", "properties": {"wikidata": "Q52550", "name": "Q52550", "status": "done", "osm_id": "relation/40774", "type": "comune italiano"}, "geometry": {"type": "Point", "coordinates": [15.433333333, 40.783333333]}}, {"type": "Feature", "properties": {"wikidata": "Q52610", "name": "Q52610", "status": "done", "osm_id": "relation/41039", "type": "comune italiano"}, "geometry": {"type": "Point", "coordinates": [15.966666666, 41.033333333]}}, {"type": "Feature", "properties": {"wikidata": "Q52569", "name": "Q52569", "status": "done", "osm_id": "relation/40786", "type": "comune italiano"}, "geometry": {"type": "Point", "coordinates": [15.7, 40.816666666]}}, {"type": "Feature", "properties": {"wikidata": "Q52324", "name": "Q52324", "status": "done", "osm_id": "relation/40573", "type": "comune italiano"}, "geometry": {"type": "Point", "coordinates": [16.183333333, 40.533333333]}}, {"type": "Feature", "properties": {"wikidata": "Q52336", "name": "Q52336", "status": "done", "osm_id": "relation/40643", "type": "comune italiano"}, "geometry": {"type": "Point", "coordinates": [16.15, 40.616666666]}}, {"type": "Feature", "properties": {"wikidata": "Q52547", "name": "Q52547", "status": "done", "osm_id": "relation/40594", "type": "comune italiano"}, "geometry": {"type": "Point", "coordinates": [16.0725, 40.5659]}}, {"type": "Feature", "properties": {"wikidata": "Q136351705", "name": "Q136351705", "status": "missing", "osm_id": null, "type": "palazzo comunale"}, "geometry": {"type": "Point", "coordinates": [15.540268, 40.847271]}}, {"type": "Feature", "properties": {"wikidata": "Q52279", "name": "Q52279", "status": "done", "osm_id": "relation/40489", "type": "comune italiano"}, "geometry": {"type": "Point", "coordinates": [16.683333333, 40.416666666]}}, {"type": "Feature", "properties": {"wikidata": "Q52561", "name": "Q52561", "status": "done", "osm_id": "relation/40140", "type": "comune italiano"}, "geometry": {"type": "Point", "coordinates": [16.216666666, 40.116666666]}}, {"type": "Feature", "properties": {"wikidata": "Q52326", "name": "Q52326", "status": "done", "osm_id": "relation/40436", "type": "comune italiano"}, "geometry": {"type": "Point", "coordinates": [16.55, 40.383333333]}}, {"type": "Feature", "properties": {"wikidata": "Q52562", "name": "Q52562", "status": "done", "osm_id": "relation/40459", "type": "comune italiano"}, "geometry": {"type": "Point", "coordinates": [16.05, 40.383333333]}}, {"type": "Feature", "properties": {"wikidata": "Q52332", "name": "Q52332", "status": "done", "osm_id": "relation/40506", "type": "comune italiano"}, "geometry": {"type": "Point", "coordinates": [16.25, 40.483333333]}}, {"type": "Feature", "properties": {"wikidata": "Q136351704", "name": "Q136351704", "status": "missing", "osm_id": null, "type": "palazzo comunale"}, "geometry": {"type": "Point", "coordinates": [16.205081, 40.214223]}}, {"type": "Feature", "properties": {"wikidata": "Q52557", "name": "Q52557", "status": "done", "osm_id": "relation/40309", "type": "comune italiano"}, "geometry": {"type": "Point", "coordinates": [16.183333333, 40.183333333]}}, {"type": "Feature", "properties": {"wikidata": "Q52283", "name": "Q52283", "status": "done", "osm_id": "relation/40328", "type": "comune italiano"}, "geometry": {"type": "Point", "coordinates": [16.433333333, 40.183333333]}}, {"type": "Feature", "properties": {"wikidata": "Q30565", "name": "Q30565", "status": "done", "osm_id": "relation/40961", "type": "comune italiano"}, "geometry": {"type": "Point", "coordinates": [15.655833333, 40.996388888]}}, {"type": "Feature", "properties": {"wikidata": "Q52320", "name": "Q52320", "status": "done", "osm_id": "relation/40595", "type": "comune italiano"}, "geometry": {"type": "Point", "coordinates": [16.5, 40.566666666]}}, {"type": "Feature", "properties": {"wikidata": "Q52295", "name": "Q52295", "status": "done", "osm_id": "relation/40612", "type": "comune italiano"}, "geometry": {"type": "Point", "coordinates": [16.383333333, 40.6]}}, {"type": "Feature", "properties": {"wikidata": "Q52328", "name": "Q52328", "status": "done", "osm_id": "relation/40524", "type": "comune italiano"}, "geometry": {"type": "Point", "coordinates": [16.55, 40.516666666]}}, {"type": "Feature", "properties": {"wikidata": "Q52530", "name": "Q52530", "status": "done", "osm_id": "relation/40918", "type": "comune italiano"}, "geometry": {"type": "Point", "coordinates": [15.666666666, 40.95]}}, {"type": "Feature", "properties": {"wikidata": "Q56530426", "name": "Q56530426", "status": "missing", "osm_id": null, "type": "chiesa"}, "geometry": {"type": "Point", "coordinates": [15.7565, 40.078178]}}, {"type": "Feature", "properties": {"wikidata": "Q56530137", "name": "Q56530137", "status": "done", "osm_id": "way/919161699", "type": "chiesa"}, "geometry": {"type": "Point", "coordinates": [16.2399605, 40.7340967]}}, {"type": "Feature", "properties": {"wikidata": "Q67086316", "name": "Q67086316", "status": "missing", "osm_id": null, "type": "monumento"}, "geometry": {"type": "Point", "coordinates": [16.1572638, 40.491921]}}, {"type": "Feature", "properties": {"wikidata": "Q67083345", "name": "Q67083345", "status": "done", "osm_id": "node/987640268", "type": "serbatoio"}, "geometry": {"type": "Point", "coordinates": [15.9673619, 41.0288278]}}, {"type": "Feature", "properties": {"wikidata": "Q67877466", "name": "Q67877466", "status": "missing", "osm_id": null, "type": "polittico"}, "geometry": {"type": "Point", "coordinates": [16.0653509, 40.3074161]}}, {"type": "Feature", "properties": {"wikidata": "Q56530138", "name": "Q56530138", "status": "missing", "osm_id": null, "type": "fontana"}, "geometry": {"type": "Point", "coordinates": [16.240870882, 40.735332248]}}, {"type": "Feature", "properties": {"wikidata": "Q67130824", "name": "Q67130824", "status": "missing", "osm_id": null, "type": "memoriale di guerra"}, "geometry": {"type": "Point", "coordinates": [15.855002, 40.8595315]}}, {"type": "Feature", "properties": {"wikidata": "Q56479870", "name": "Q56479870", "status": "done", "osm_id": "way/961590226", "type": "chiesa"}, "geometry": {"type": "Point", "coordinates": [15.716315277, 40.71581018]}}, {"type": "Feature", "properties": {"wikidata": "Q67130816", "name": "Q67130816", "status": "missing", "osm_id": null, "type": "chiesa"}, "geometry": {"type": "Point", "coordinates": [15.85432, 40.85895]}}, {"type": "Feature", "properties": {"wikidata": "Q56529267", "name": "Q56529267", "status": "missing", "osm_id": null, "type": "chiesa"}, "geometry": {"type": "Point", "coordinates": [16.1650481, 40.2802783]}}, {"type": "Feature", "properties": {"wikidata": "Q67130815", "name": "Q67130815", "status": "missing", "osm_id": null, "type": "chiesa"}, "geometry": {"type": "Point", "coordinates": [15.85706, 40.85867]}}, {"type": "Feature", "properties": {"wikidata": "Q67130820", "name": "Q67130820", "status": "missing", "osm_id": null, "type": "chiesa"}, "geometry": {"type": "Point", "coordinates": [15.9049, 40.8324]}}, {"type": "Feature", "properties": {"wikidata": "Q67130928", "name": "Q67130928", "status": "done", "osm_id": "relation/10951071", "type": "castello"}, "geometry": {"type": "Point", "coordinates": [15.989426, 40.932612]}}, {"type": "Feature", "properties": {"wikidata": "Q67083256", "name": "Q67083256", "status": "done", "osm_id": "node/2408599863", "type": "torre dell'orologio"}, "geometry": {"type": "Point", "coordinates": [15.9712108, 41.033829]}}, {"type": "Feature", "properties": {"wikidata": "Q67877463", "name": "Q67877463", "status": "missing", "osm_id": null, "type": "reliquia di un santo cristiano"}, "geometry": {"type": "Point", "coordinates": [16.0653509, 40.3074161]}}, {"type": "Feature", "properties": {"wikidata": "Q67145720", "name": "Q67145720", "status": "missing", "osm_id": null, "type": "ecomuseo"}, "geometry": {"type": "Point", "coordinates": [16.541624, 40.600918]}}, {"type": "Feature", "properties": {"wikidata": "Q67803913", "name": "Q67803913", "status": "missing", "osm_id": null, "type": "palazzo comunale"}, "geometry": {"type": "Point", "coordinates": [16.2517853, 40.4872337]}}, {"type": "Feature", "properties": {"wikidata": "Q67877253", "name": "Q67877253", "status": "missing", "osm_id": null, "type": "orologio solare"}, "geometry": {"type": "Point", "coordinates": [16.06712, 40.3049]}}, {"type": "Feature", "properties": {"wikidata": "Q67130091", "name": "Q67130091", "status": "missing", "osm_id": null, "type": "obelisco"}, "geometry": {"type": "Point", "coordinates": [16.1008358, 40.073483]}}, {"type": "Feature", "properties": {"wikidata": "Q56529087", "name": "Q56529087", "status": "missing", "osm_id": null, "type": "parco cittadino"}, "geometry": {"type": "Point", "coordinates": [15.93533, 40.79248]}}, {"type": "Feature", "properties": {"wikidata": "Q67130087", "name": "Q67130087", "status": "missing", "osm_id": null, "type": "chiostro"}, "geometry": {"type": "Point", "coordinates": [16.0990082, 40.0730467]}}, {"type": "Feature", "properties": {"wikidata": "Q56529086", "name": "Q56529086", "status": "missing", "osm_id": null, "type": "memoriale di guerra"}, "geometry": {"type": "Point", "coordinates": [15.940425578, 40.796950999]}}, {"type": "Feature", "properties": {"wikidata": "Q56527396", "name": "Q56527396", "status": "missing", "osm_id": null, "type": "scala"}, "geometry": {"type": "Point", "coordinates": [15.9375657, 40.7952769]}}, {"type": "Feature", "properties": {"wikidata": "Q56529992", "name": "Q56529992", "status": "missing", "osm_id": null, "type": "convento"}, "geometry": {"type": "Point", "coordinates": [16.24664, 40.74026]}}, {"type": "Feature", "properties": {"wikidata": "Q56528939", "name": "Q56528939", "status": "missing", "osm_id": null, "type": "chiesa"}, "geometry": {"type": "Point", "coordinates": [15.93964, 40.79649]}}, {"type": "Feature", "properties": {"wikidata": "Q68191052", "name": "Q68191052", "status": "missing", "osm_id": null, "type": "chiesa"}, "geometry": {"type": "Point", "coordinates": [15.735183, 40.930306]}}, {"type": "Feature", "properties": {"wikidata": "Q67084240", "name": "Q67084240", "status": "missing", "osm_id": null, "type": "cascata"}, "geometry": {"type": "Point", "coordinates": [15.5452268, 40.3630099]}}, {"type": "Feature", "properties": {"wikidata": "Q67086324", "name": "Q67086324", "status": "missing", "osm_id": null, "type": "murale"}, "geometry": {"type": "Point", "coordinates": [16.157393111, 40.491208888]}}, {"type": "Feature", "properties": {"wikidata": "Q67086329", "name": "Q67086329", "status": "missing", "osm_id": null, "type": "murale"}, "geometry": {"type": "Point", "coordinates": [16.157393111, 40.491208888]}}, {"type": "Feature", "properties": {"wikidata": "Q67086318", "name": "Q67086318", "status": "missing", "osm_id": null, "type": "strada urbana"}, "geometry": {"type": "Point", "coordinates": [16.1559223, 40.4939462]}}, {"type": "Feature", "properties": {"wikidata": "Q56530417", "name": "Q56530417", "status": "missing", "osm_id": null, "type": "convento"}, "geometry": {"type": "Point", "coordinates": [15.7596044, 40.0778498]}}, {"type": "Feature", "properties": {"wikidata": "Q67877256", "name": "Q67877256", "status": "missing", "osm_id": null, "type": "parco cittadino"}, "geometry": {"type": "Point", "coordinates": [16.06694, 40.305]}}, {"type": "Feature", "properties": {"wikidata": "Q56529269", "name": "Q56529269", "status": "missing", "osm_id": null, "type": "convento"}, "geometry": {"type": "Point", "coordinates": [16.16602, 40.28119]}}, {"type": "Feature", "properties": {"wikidata": "Q56530423", "name": "Q56530423", "status": "missing", "osm_id": null, "type": "chiesa"}, "geometry": {"type": "Point", "coordinates": [15.757806, 40.079164]}}, {"type": "Feature", "properties": {"wikidata": "Q67130825", "name": "Q67130825", "status": "missing", "osm_id": null, "type": "museo"}, "geometry": {"type": "Point", "coordinates": [15.8542016, 40.8590858]}}, {"type": "Feature", "properties": {"wikidata": "Q67371291", "name": "Q67371291", "status": "missing", "osm_id": null, "type": "castello"}, "geometry": {"type": "Point", "coordinates": [16.087011, 39.973591]}}, {"type": "Feature", "properties": {"wikidata": "Q67803933", "name": "Q67803933", "status": "missing", "osm_id": null, "type": "porta cittadina"}, "geometry": {"type": "Point", "coordinates": [16.25205, 40.4878]}}, {"type": "Feature", "properties": {"wikidata": "Q56479869", "name": "Q56479869", "status": "done", "osm_id": "way/963222514", "type": "chiesa"}, "geometry": {"type": "Point", "coordinates": [15.68356, 40.7171]}}, {"type": "Feature", "properties": {"wikidata": "Q67130082", "name": "Q67130082", "status": "missing", "osm_id": null, "type": "piazza"}, "geometry": {"type": "Point", "coordinates": [16.09445, 40.0733297]}}, {"type": "Feature", "properties": {"wikidata": "Q56527393", "name": "Q56527393", "status": "missing", "osm_id": null, "type": "convento"}, "geometry": {"type": "Point", "coordinates": [15.9375148, 40.7940972]}}, {"type": "Feature", "properties": {"wikidata": "Q67877257", "name": "Q67877257", "status": "missing", "osm_id": null, "type": "chiesa"}, "geometry": {"type": "Point", "coordinates": [16.0657698, 40.3056201]}}, {"type": "Feature", "properties": {"wikidata": "Q67123635", "name": "Q67123635", "status": "done", "osm_id": "relation/9459393", "type": "palazzo italiano"}, "geometry": {"type": "Point", "coordinates": [16.70127, 40.24894]}}, {"type": "Feature", "properties": {"wikidata": "Q56530427", "name": "Q56530427", "status": "missing", "osm_id": null, "type": "chiesa"}, "geometry": {"type": "Point", "coordinates": [15.75561675, 40.077016704]}}, {"type": "Feature", "properties": {"wikidata": "Q67130078", "name": "Q67130078", "status": "missing", "osm_id": null, "type": "piazza"}, "geometry": {"type": "Point", "coordinates": [16.0953206, 40.0730682]}}, {"type": "Feature", "properties": {"wikidata": "Q67086334", "name": "Q67086334", "status": "missing", "osm_id": null, "type": "chiesa"}, "geometry": {"type": "Point", "coordinates": [16.1567372, 40.4933917]}}, {"type": "Feature", "properties": {"wikidata": "Q67083319", "name": "Q67083319", "status": "missing", "osm_id": null, "type": "ciminiera"}, "geometry": {"type": "Point", "coordinates": [15.9711873, 41.0320628]}}, {"type": "Feature", "properties": {"wikidata": "Q56479316", "name": "Q56479316", "status": "missing", "osm_id": null, "type": "fontana"}, "geometry": {"type": "Point", "coordinates": [15.5530448, 40.789771]}}, {"type": "Feature", "properties": {"wikidata": "Q67130929", "name": "Q67130929", "status": "done", "osm_id": "way/155342053", "type": "lago"}, "geometry": {"type": "Point", "coordinates": [15.95133, 40.91533]}}, {"type": "Feature", "properties": {"wikidata": "Q67803908", "name": "Q67803908", "status": "done", "osm_id": "way/308749977", "type": "torre difensiva"}, "geometry": {"type": "Point", "coordinates": [16.25269, 40.48645]}}, {"type": "Feature", "properties": {"wikidata": "Q67130100", "name": "Q67130100", "status": "missing", "osm_id": null, "type": "memoriale di guerra"}, "geometry": {"type": "Point", "coordinates": [16.0998968, 40.0725114]}}, {"type": "Feature", "properties": {"wikidata": "Q67877462", "name": "Q67877462", "status": "missing", "osm_id": null, "type": "reliquia di un santo cristiano"}, "geometry": {"type": "Point", "coordinates": [16.0657698, 40.3056201]}}, {"type": "Feature", "properties": {"wikidata": "Q56527029", "name": "Q56527029", "status": "missing", "osm_id": null, "type": "arco"}, "geometry": {"type": "Point", "coordinates": [16.020960045, 40.69789358]}}, {"type": "Feature", "properties": {"wikidata": "Q56527027", "name": "Q56527027", "status": "done", "osm_id": "way/1181212812", "type": "ponte"}, "geometry": {"type": "Point", "coordinates": [16.0231369, 40.7003662]}}, {"type": "Feature", "properties": {"wikidata": "Q67086314", "name": "Q67086314", "status": "missing", "osm_id": null, "type": "monumento"}, "geometry": {"type": "Point", "coordinates": [16.1576888, 40.492354]}}, {"type": "Feature", "properties": {"wikidata": "Q56530136", "name": "Q56530136", "status": "missing", "osm_id": null, "type": "fontana"}, "geometry": {"type": "Point", "coordinates": [16.2423774, 40.7454043]}}, {"type": "Feature", "properties": {"wikidata": "Q67877250", "name": "Q67877250", "status": "missing", "osm_id": null, "type": "centro storico"}, "geometry": {"type": "Point", "coordinates": [16.0632274, 40.306642]}}, {"type": "Feature", "properties": {"wikidata": "Q67803919", "name": "Q67803919", "status": "missing", "osm_id": null, "type": "palazzo italiano"}, "geometry": {"type": "Point", "coordinates": [16.2525, 40.48679]}}, {"type": "Feature", "properties": {"wikidata": "Q56530422", "name": "Q56530422", "status": "done", "osm_id": "way/1068332355", "type": "chiesa"}, "geometry": {"type": "Point", "coordinates": [15.75542, 40.07864]}}, {"type": "Feature", "properties": {"wikidata": "Q67123636", "name": "Q67123636", "status": "done", "osm_id": "way/393274777", "type": "piazza"}, "geometry": {"type": "Point", "coordinates": [16.699799, 40.2483027]}}, {"type": "Feature", "properties": {"wikidata": "Q56529268", "name": "Q56529268", "status": "missing", "osm_id": null, "type": "memoriale di guerra"}, "geometry": {"type": "Point", "coordinates": [16.16602, 40.28119]}}, {"type": "Feature", "properties": {"wikidata": "Q67877259", "name": "Q67877259", "status": "missing", "osm_id": null, "type": "chiesa"}, "geometry": {"type": "Point", "coordinates": [16.0656, 40.30745]}}, {"type": "Feature", "properties": {"wikidata": "Q67083278", "name": "Q67083278", "status": "done", "osm_id": "node/2419354999", "type": "chiesa"}, "geometry": {"type": "Point", "coordinates": [15.9716715, 41.0338023]}}, {"type": "Feature", "properties": {"wikidata": "Q67086321", "name": "Q67086321", "status": "missing", "osm_id": null, "type": "murale"}, "geometry": {"type": "Point", "coordinates": [16.157485724, 40.491632262]}}, {"type": "Feature", "properties": {"wikidata": "Q67083392", "name": "Q67083392", "status": "missing", "osm_id": null, "type": "chiesa"}, "geometry": {"type": "Point", "coordinates": [15.96978, 41.03131]}}, {"type": "Feature", "properties": {"wikidata": "Q56530421", "name": "Q56530421", "status": "missing", "osm_id": null, "type": "chiesa"}, "geometry": {"type": "Point", "coordinates": [15.752806, 40.078047]}}, {"type": "Feature", "properties": {"wikidata": "Q56528934", "name": "Q56528934", "status": "missing", "osm_id": null, "type": "parco cittadino"}, "geometry": {"type": "Point", "coordinates": [15.6737025, 40.9482534]}}, {"type": "Feature", "properties": {"wikidata": "Q56527026", "name": "Q56527026", "status": "missing", "osm_id": null, "type": "convento"}, "geometry": {"type": "Point", "coordinates": [16.019190517, 40.696248306]}}, {"type": "Feature", "properties": {"wikidata": "Q67083339", "name": "Q67083339", "status": "missing", "osm_id": null, "type": "parco cittadino"}, "geometry": {"type": "Point", "coordinates": [15.9711873, 41.0320628]}}, {"type": "Feature", "properties": {"wikidata": "Q67803926", "name": "Q67803926", "status": "missing", "osm_id": null, "type": "monumento"}, "geometry": {"type": "Point", "coordinates": [16.246573, 40.487029]}}, {"type": "Feature", "properties": {"wikidata": "Q56479911", "name": "Q56479911", "status": "done", "osm_id": "way/235601585", "type": "lago"}, "geometry": {"type": "Point", "coordinates": [15.6746, 40.67284]}}, {"type": "Feature", "properties": {"wikidata": "Q67086336", "name": "Q67086336", "status": "missing", "osm_id": null, "type": "chiesa"}, "geometry": {"type": "Point", "coordinates": [16.1545202, 40.4942459]}}, {"type": "Feature", "properties": {"wikidata": "Q56530139", "name": "Q56530139", "status": "missing", "osm_id": null, "type": "lavatoio"}, "geometry": {"type": "Point", "coordinates": [16.240974706, 40.735093618]}}, {"type": "Feature", "properties": {"wikidata": "Q67083272", "name": "Q67083272", "status": "missing", "osm_id": null, "type": "palazzo italiano"}, "geometry": {"type": "Point", "coordinates": [15.9716715, 41.0338023]}}, {"type": "Feature", "properties": {"wikidata": "Q67084243", "name": "Q67084243", "status": "missing", "osm_id": null, "type": "castello"}, "geometry": {"type": "Point", "coordinates": [15.5509254, 40.5686207]}}, {"type": "Feature", "properties": {"wikidata": "Q67084406", "name": "Q67084406", "status": "missing", "osm_id": null, "type": "museo"}, "geometry": {"type": "Point", "coordinates": [15.5509254, 40.5686207]}}, {"type": "Feature", "properties": {"wikidata": "Q67084409", "name": "Q67084409", "status": "missing", "osm_id": null, "type": "museo"}, "geometry": {"type": "Point", "coordinates": [15.5509254, 40.5686207]}}, {"type": "Feature", "properties": {"wikidata": "Q56528938", "name": "Q56528938", "status": "missing", "osm_id": null, "type": "chiesa"}, "geometry": {"type": "Point", "coordinates": [15.940089531, 40.796925807]}}, {"type": "Feature", "properties": {"wikidata": "Q67130097", "name": "Q67130097", "status": "missing", "osm_id": null, "type": "monumento"}, "geometry": {"type": "Point", "coordinates": [16.0968, 40.07278]}}, {"type": "Feature", "properties": {"wikidata": "Q67123634", "name": "Q67123634", "status": "done", "osm_id": "way/681678703", "type": "faro"}, "geometry": {"type": "Point", "coordinates": [16.746094, 40.257445]}}, {"type": "Feature", "properties": {"wikidata": "Q67803921", "name": "Q67803921", "status": "done", "osm_id": "way/860761807", "type": "chiesa"}, "geometry": {"type": "Point", "coordinates": [16.25186, 40.48734]}}, {"type": "Feature", "properties": {"wikidata": "Q56479867", "name": "Q56479867", "status": "done", "osm_id": "way/963243386", "type": "chiesa"}, "geometry": {"type": "Point", "coordinates": [15.6791, 40.71971]}}, {"type": "Feature", "properties": {"wikidata": "Q67130817", "name": "Q67130817", "status": "done", "osm_id": "way/400655524", "type": "chiesa"}, "geometry": {"type": "Point", "coordinates": [15.85187, 40.86004]}}, {"type": "Feature", "properties": {"wikidata": "Q56527025", "name": "Q56527025", "status": "missing", "osm_id": null, "type": "convento"}, "geometry": {"type": "Point", "coordinates": [16.0172136, 40.6928525]}}, {"type": "Feature", "properties": {"wikidata": "Q67086327", "name": "Q67086327", "status": "missing", "osm_id": null, "type": "murale"}, "geometry": {"type": "Point", "coordinates": [16.1573931, 40.4912089]}}, {"type": "Feature", "properties": {"wikidata": "Q56527030", "name": "Q56527030", "status": "missing", "osm_id": null, "type": "arco"}, "geometry": {"type": "Point", "coordinates": [16.02156, 40.69767]}}, {"type": "Feature", "properties": {"wikidata": "Q67130084", "name": "Q67130084", "status": "missing", "osm_id": null, "type": "strada urbana"}, "geometry": {"type": "Point", "coordinates": [16.0971092, 40.072979]}}, {"type": "Feature", "properties": {"wikidata": "Q56479365", "name": "Q56479365", "status": "missing", "osm_id": null, "type": "monumento"}, "geometry": {"type": "Point", "coordinates": [16.192924667, 40.58843931]}}, {"type": "Feature", "properties": {"wikidata": "Q67130814", "name": "Q67130814", "status": "missing", "osm_id": null, "type": "santuario"}, "geometry": {"type": "Point", "coordinates": [15.8565169, 40.8574357]}}, {"type": "Feature", "properties": {"wikidata": "Q56530135", "name": "Q56530135", "status": "missing", "osm_id": null, "type": "galleria"}, "geometry": {"type": "Point", "coordinates": [16.2287227, 40.7484271]}}, {"type": "Feature", "properties": {"wikidata": "Q67083315", "name": "Q67083315", "status": "missing", "osm_id": null, "type": "murale"}, "geometry": {"type": "Point", "coordinates": [15.9669889, 41.0277462]}}, {"type": "Feature", "properties": {"wikidata": "Q67083296", "name": "Q67083296", "status": "missing", "osm_id": null, "type": "piazza"}, "geometry": {"type": "Point", "coordinates": [15.9669889, 41.0277462]}}, {"type": "Feature", "properties": {"wikidata": "Q67130818", "name": "Q67130818", "status": "missing", "osm_id": null, "type": "chiesa"}, "geometry": {"type": "Point", "coordinates": [15.85457, 40.8597]}}, {"type": "Feature", "properties": {"wikidata": "Q56479868", "name": "Q56479868", "status": "done", "osm_id": "way/963250095", "type": "chiesa"}, "geometry": {"type": "Point", "coordinates": [15.678, 40.71807]}}, {"type": "Feature", "properties": {"wikidata": "Q67086332", "name": "Q67086332", "status": "missing", "osm_id": null, "type": "chiesa"}, "geometry": {"type": "Point", "coordinates": [16.1568127, 40.4937433]}}, {"type": "Feature", "properties": {"wikidata": "Q67130819", "name": "Q67130819", "status": "missing", "osm_id": null, "type": "chiesa"}, "geometry": {"type": "Point", "coordinates": [15.8422393, 40.8658888]}}, {"type": "Feature", "properties": {"wikidata": "Q67081129", "name": "Q67081129", "status": "missing", "osm_id": null, "type": "chiesa"}, "geometry": {"type": "Point", "coordinates": [15.67165, 40.97627]}}, {"type": "Feature", "properties": {"wikidata": "Q56479258", "name": "Q56479258", "status": "missing", "osm_id": null, "type": "castello"}, "geometry": {"type": "Point", "coordinates": [15.536664, 40.756768]}}, {"type": "Feature", "properties": {"wikidata": "Q125745528", "name": "Q125745528", "status": "missing", "osm_id": null, "type": "biblioteca"}, "geometry": {"type": "Point", "coordinates": [15.9813863, 40.003202]}}, {"type": "Feature", "properties": {"wikidata": "Q125745548", "name": "Q125745548", "status": "missing", "osm_id": null, "type": "biblioteca"}, "geometry": {"type": "Point", "coordinates": [16.0191906, 40.6962682]}}, {"type": "Feature", "properties": {"wikidata": "Q125745549", "name": "Q125745549", "status": "missing", "osm_id": null, "type": "biblioteca"}, "geometry": {"type": "Point", "coordinates": [15.9215296, 40.6667298]}}, {"type": "Feature", "properties": {"wikidata": "Q124398922", "name": "Q124398922", "status": "missing", "osm_id": null, "type": "spiaggia"}, "geometry": {"type": "Point", "coordinates": [15.64515, 40.04297]}}, {"type": "Feature", "properties": {"wikidata": "Q124398780", "name": "Q124398780", "status": "done", "osm_id": "way/108670013", "type": "spiaggia"}, "geometry": {"type": "Point", "coordinates": [15.72296, 39.97163]}}, {"type": "Feature", "properties": {"wikidata": "Q125745556", "name": "Q125745556", "status": "missing", "osm_id": null, "type": "biblioteca"}, "geometry": {"type": "Point", "coordinates": [15.9018347, 40.2873608]}}, {"type": "Feature", "properties": {"wikidata": "Q125745527", "name": "Q125745527", "status": "missing", "osm_id": null, "type": "biblioteca"}, "geometry": {"type": "Point", "coordinates": [15.433097, 40.7893625]}}, {"type": "Feature", "properties": {"wikidata": "Q125745561", "name": "Q125745561", "status": "missing", "osm_id": null, "type": "biblioteca"}, "geometry": {"type": "Point", "coordinates": [15.8091066, 40.6399218]}}, {"type": "Feature", "properties": {"wikidata": "Q125745540", "name": "Q125745540", "status": "missing", "osm_id": null, "type": "biblioteca"}, "geometry": {"type": "Point", "coordinates": [15.5583554, 40.5481309]}}, {"type": "Feature", "properties": {"wikidata": "Q125745562", "name": "Q125745562", "status": "missing", "osm_id": null, "type": "biblioteca"}, "geometry": {"type": "Point", "coordinates": [15.815672, 40.6403395]}}, {"type": "Feature", "properties": {"wikidata": "Q130471132", "name": "Q130471132", "status": "missing", "osm_id": null, "type": "sito archeologico"}, "geometry": {"type": "Point", "coordinates": [16.177788, 40.628961]}}, {"type": "Feature", "properties": {"wikidata": "Q124380521", "name": "Q124380521", "status": "missing", "osm_id": null, "type": "sito archeologico"}, "geometry": {"type": "Point", "coordinates": [16.44657, 40.17794]}}, {"type": "Feature", "properties": {"wikidata": "Q126095216", "name": "Q126095216", "status": "missing", "osm_id": null, "type": "chiesa cattolica"}, "geometry": {"type": "Point", "coordinates": [15.660959098, 40.927554202]}}, {"type": "Feature", "properties": {"wikidata": "Q125745559", "name": "Q125745559", "status": "missing", "osm_id": null, "type": "biblioteca"}, "geometry": {"type": "Point", "coordinates": [15.5927912, 40.6809142]}}, {"type": "Feature", "properties": {"wikidata": "Q131178830", "name": "Q131178830", "status": "done", "osm_id": "way/242946716", "type": "piazza"}, "geometry": {"type": "Point", "coordinates": [16.609074, 40.665289]}}, {"type": "Feature", "properties": {"wikidata": "Q124286817", "name": "Q124286817", "status": "done", "osm_id": "node/1390020846", "type": "stazione ferroviaria"}, "geometry": {"type": "Point", "coordinates": [16.22144, 40.78847]}}, {"type": "Feature", "properties": {"wikidata": "Q134690230", "name": "Q134690230", "status": "missing", "osm_id": null, "type": "palazzo comunale"}, "geometry": {"type": "Point", "coordinates": [16.6005229, 40.6666668]}}, {"type": "Feature", "properties": {"wikidata": "Q124398446", "name": "Q124398446", "status": "missing", "osm_id": null, "type": "spiaggia"}, "geometry": {"type": "Point", "coordinates": [15.75277, 39.92981]}}, {"type": "Feature", "properties": {"wikidata": "Q125745563", "name": "Q125745563", "status": "missing", "osm_id": null, "type": "biblioteca"}, "geometry": {"type": "Point", "coordinates": [16.3498948, 40.0470724]}}, {"type": "Feature", "properties": {"wikidata": "Q125745560", "name": "Q125745560", "status": "missing", "osm_id": null, "type": "biblioteca"}, "geometry": {"type": "Point", "coordinates": [15.3993518, 40.8356041]}}, {"type": "Feature", "properties": {"wikidata": "Q125745529", "name": "Q125745529", "status": "missing", "osm_id": null, "type": "biblioteca"}, "geometry": {"type": "Point", "coordinates": [15.9909916, 40.1628782]}}, {"type": "Feature", "properties": {"wikidata": "Q125745543", "name": "Q125745543", "status": "missing", "osm_id": null, "type": "biblioteca"}, "geometry": {"type": "Point", "coordinates": [16.2967486, 39.9782101]}}, {"type": "Feature", "properties": {"wikidata": "Q125745426", "name": "Q125745426", "status": "missing", "osm_id": null, "type": "biblioteca"}, "geometry": {"type": "Point", "coordinates": [16.523143, 40.1726653]}}, {"type": "Feature", "properties": {"wikidata": "Q125745428", "name": "Q125745428", "status": "missing", "osm_id": null, "type": "biblioteca"}, "geometry": {"type": "Point", "coordinates": [16.1444086, 40.6230268]}}, {"type": "Feature", "properties": {"wikidata": "Q124632077", "name": "Q124632077", "status": "missing", "osm_id": null, "type": "biblioteca"}, "geometry": {"type": "Point", "coordinates": [15.65813, 40.998314]}}, {"type": "Feature", "properties": {"wikidata": "Q125745530", "name": "Q125745530", "status": "missing", "osm_id": null, "type": "biblioteca"}, "geometry": {"type": "Point", "coordinates": [16.1009216, 40.0733323]}}, {"type": "Feature", "properties": {"wikidata": "Q125745551", "name": "Q125745551", "status": "missing", "osm_id": null, "type": "biblioteca"}, "geometry": {"type": "Point", "coordinates": [15.8112111, 40.639981]}}, {"type": "Feature", "properties": {"wikidata": "Q125745554", "name": "Q125745554", "status": "missing", "osm_id": null, "type": "biblioteca"}, "geometry": {"type": "Point", "coordinates": [15.6296977, 40.4784866]}}, {"type": "Feature", "properties": {"wikidata": "Q125745427", "name": "Q125745427", "status": "missing", "osm_id": null, "type": "biblioteca"}, "geometry": {"type": "Point", "coordinates": [16.1443555, 40.62305]}}, {"type": "Feature", "properties": {"wikidata": "Q134690233", "name": "Q134690233", "status": "missing", "osm_id": null, "type": "palazzo comunale"}, "geometry": {"type": "Point", "coordinates": [15.8010163, 41.0490545]}}, {"type": "Feature", "properties": {"wikidata": "Q125745546", "name": "Q125745546", "status": "missing", "osm_id": null, "type": "biblioteca"}, "geometry": {"type": "Point", "coordinates": [16.0324147, 40.848861]}}, {"type": "Feature", "properties": {"wikidata": "Q125745535", "name": "Q125745535", "status": "missing", "osm_id": null, "type": "biblioteca"}, "geometry": {"type": "Point", "coordinates": [15.7568624, 40.0784764]}}, {"type": "Feature", "properties": {"wikidata": "Q126195312", "name": "Q126195312", "status": "missing", "osm_id": null, "type": "piazza"}, "geometry": {"type": "Point", "coordinates": [16.6773, 40.21133]}}, {"type": "Feature", "properties": {"wikidata": "Q124397963", "name": "Q124397963", "status": "missing", "osm_id": null, "type": "vigneto"}, "geometry": {"type": "Point", "coordinates": [16.5882, 40.22114]}}, {"type": "Feature", "properties": {"wikidata": "Q124286932", "name": "Q124286932", "status": "done", "osm_id": "node/2440052343", "type": "stazione ferroviaria"}, "geometry": {"type": "Point", "coordinates": [16.04948, 40.80352]}}, {"type": "Feature", "properties": {"wikidata": "Q124287124", "name": "Q124287124", "status": "done", "osm_id": "node/1732428733", "type": "stazione ferroviaria"}, "geometry": {"type": "Point", "coordinates": [15.9255, 40.768]}}, {"type": "Feature", "properties": {"wikidata": "Q124397952", "name": "Q124397952", "status": "missing", "osm_id": null, "type": "campo da golf"}, "geometry": {"type": "Point", "coordinates": [16.79265, 40.41058]}}, {"type": "Feature", "properties": {"wikidata": "Q134690237", "name": "Q134690237", "status": "missing", "osm_id": null, "type": "palazzo comunale"}, "geometry": {"type": "Point", "coordinates": [15.7178289, 40.7299201]}}, {"type": "Feature", "properties": {"wikidata": "Q125745557", "name": "Q125745557", "status": "missing", "osm_id": null, "type": "biblioteca"}, "geometry": {"type": "Point", "coordinates": [15.7257621, 39.9945831]}}, {"type": "Feature", "properties": {"wikidata": "Q126917535", "name": "Q126917535", "status": "done", "osm_id": "way/1084457633", "type": "viadotto"}, "geometry": {"type": "Point", "coordinates": [15.76589, 40.11912]}}, {"type": "Feature", "properties": {"wikidata": "Q125745539", "name": "Q125745539", "status": "missing", "osm_id": null, "type": "biblioteca"}, "geometry": {"type": "Point", "coordinates": [16.1414291, 40.0177646]}}, {"type": "Feature", "properties": {"wikidata": "Q130547041", "name": "Q130547041", "status": "missing", "osm_id": null, "type": "sito archeologico"}, "geometry": {"type": "Point", "coordinates": [15.651388888, 40.872222222]}}, {"type": "Feature", "properties": {"wikidata": "Q124287035", "name": "Q124287035", "status": "done", "osm_id": "node/10929882199", "type": "fermata ferroviaria"}, "geometry": {"type": "Point", "coordinates": [15.99295, 40.79853]}}, {"type": "Feature", "properties": {"wikidata": "Q124287149", "name": "Q124287149", "status": "done", "osm_id": "node/1392860455", "type": "stazione ferroviaria"}, "geometry": {"type": "Point", "coordinates": [15.85401, 40.73933]}}, {"type": "Feature", "properties": {"wikidata": "Q134690231", "name": "Q134690231", "status": "missing", "osm_id": null, "type": "palazzo comunale"}, "geometry": {"type": "Point", "coordinates": [16.6693228, 40.2086247]}}, {"type": "Feature", "properties": {"wikidata": "Q124397960", "name": "Q124397960", "status": "missing", "osm_id": null, "type": "spiaggia"}, "geometry": {"type": "Point", "coordinates": [16.72677, 40.19722]}}, {"type": "Feature", "properties": {"wikidata": "Q131154889", "name": "Q131154889", "status": "done", "osm_id": "node/4193350744", "type": "insediamento umano"}, "geometry": {"type": "Point", "coordinates": [16.0305826, 40.0586677]}}, {"type": "Feature", "properties": {"wikidata": "Q136881628", "name": "Q136881628", "status": "done", "osm_id": "relation/19856887", "type": "strada"}, "geometry": {"type": "Point", "coordinates": [16.169869, 40.79162]}}, {"type": "Feature", "properties": {"wikidata": "Q134690236", "name": "Q134690236", "status": "missing", "osm_id": null, "type": "palazzo comunale"}, "geometry": {"type": "Point", "coordinates": [15.8354781, 40.0472609]}}, {"type": "Feature", "properties": {"wikidata": "Q125745545", "name": "Q125745545", "status": "missing", "osm_id": null, "type": "biblioteca"}, "geometry": {"type": "Point", "coordinates": [16.0130805, 40.8604548]}}, {"type": "Feature", "properties": {"wikidata": "Q125745553", "name": "Q125745553", "status": "missing", "osm_id": null, "type": "biblioteca"}, "geometry": {"type": "Point", "coordinates": [15.8120747, 40.5081691]}}, {"type": "Feature", "properties": {"wikidata": "Q125745544", "name": "Q125745544", "status": "missing", "osm_id": null, "type": "biblioteca"}, "geometry": {"type": "Point", "coordinates": [15.9207014, 40.6666453]}}, {"type": "Feature", "properties": {"wikidata": "Q126038012", "name": "Q126038012", "status": "missing", "osm_id": null, "type": "palazzo"}, "geometry": {"type": "Point", "coordinates": [16.602573744, 40.666244739]}}, {"type": "Feature", "properties": {"wikidata": "Q124398883", "name": "Q124398883", "status": "missing", "osm_id": null, "type": "spiaggia"}, "geometry": {"type": "Point", "coordinates": [15.6995, 39.99768]}}, {"type": "Feature", "properties": {"wikidata": "Q125745524", "name": "Q125745524", "status": "missing", "osm_id": null, "type": "biblioteca"}, "geometry": {"type": "Point", "coordinates": [15.9373011, 40.7928037]}}, {"type": "Feature", "properties": {"wikidata": "Q134690232", "name": "Q134690232", "status": "missing", "osm_id": null, "type": "palazzo comunale"}, "geometry": {"type": "Point", "coordinates": [15.6529412, 40.9944119]}}, {"type": "Feature", "properties": {"wikidata": "Q132131652", "name": "Q132131652", "status": "missing", "osm_id": null, "type": "passo di montagna"}, "geometry": {"type": "Point", "coordinates": [15.409992, 40.803081]}}, {"type": "Feature", "properties": {"wikidata": "Q125745424", "name": "Q125745424", "status": "missing", "osm_id": null, "type": "biblioteca"}, "geometry": {"type": "Point", "coordinates": [16.5466935, 40.5173312]}}, {"type": "Feature", "properties": {"wikidata": "Q125745429", "name": "Q125745429", "status": "missing", "osm_id": null, "type": "biblioteca"}, "geometry": {"type": "Point", "coordinates": [16.6999005, 40.2477365]}}, {"type": "Feature", "properties": {"wikidata": "Q124632078", "name": "Q124632078", "status": "missing", "osm_id": null, "type": "biblioteca di un ente territoriale italiano"}, "geometry": {"type": "Point", "coordinates": [16.0826415, 40.6764508]}}, {"type": "Feature", "properties": {"wikidata": "Q125745525", "name": "Q125745525", "status": "missing", "osm_id": null, "type": "biblioteca"}, "geometry": {"type": "Point", "coordinates": [15.6525451, 40.8760206]}}, {"type": "Feature", "properties": {"wikidata": "Q125292265", "name": "Q125292265", "status": "missing", "osm_id": null, "type": "stazione ferroviaria"}, "geometry": {"type": "Point", "coordinates": [16.086742, 40.550906]}}, {"type": "Feature", "properties": {"wikidata": "Q134690234", "name": "Q134690234", "status": "missing", "osm_id": null, "type": "palazzo comunale"}, "geometry": {"type": "Point", "coordinates": [15.6730671, 40.925772]}}, {"type": "Feature", "properties": {"wikidata": "Q124399017", "name": "Q124399017", "status": "missing", "osm_id": null, "type": "vigneto"}, "geometry": {"type": "Point", "coordinates": [15.76654, 40.12599]}}, {"type": "Feature", "properties": {"wikidata": "Q125745531", "name": "Q125745531", "status": "missing", "osm_id": null, "type": "biblioteca"}, "geometry": {"type": "Point", "coordinates": [15.8543142, 40.8600003]}}, {"type": "Feature", "properties": {"wikidata": "Q124397979", "name": "Q124397979", "status": "missing", "osm_id": null, "type": "vigneto"}, "geometry": {"type": "Point", "coordinates": [16.61697, 40.13115]}}, {"type": "Feature", "properties": {"wikidata": "Q131154888", "name": "Q131154888", "status": "done", "osm_id": "node/4195121421", "type": "insediamento umano"}, "geometry": {"type": "Point", "coordinates": [16.0554764, 40.0548846]}}, {"type": "Feature", "properties": {"wikidata": "Q125745550", "name": "Q125745550", "status": "missing", "osm_id": null, "type": "biblioteca"}, "geometry": {"type": "Point", "coordinates": [16.2049161, 40.0813263]}}, {"type": "Feature", "properties": {"wikidata": "Q133256529", "name": "Q133256529", "status": "done", "osm_id": "way/214825480", "type": "chiesa"}, "geometry": {"type": "Point", "coordinates": [15.8278405, 40.9693983]}}, {"type": "Feature", "properties": {"wikidata": "Q137186875", "name": "Q137186875", "status": "done", "osm_id": "relation/38811", "type": "strada"}, "geometry": {"type": "Point", "coordinates": [15.645339, 41.045424]}}, {"type": "Feature", "properties": {"wikidata": "Q124397968", "name": "Q124397968", "status": "missing", "osm_id": null, "type": "centro commerciale"}, "geometry": {"type": "Point", "coordinates": [16.6577, 40.17824]}}, {"type": "Feature", "properties": {"wikidata": "Q125745533", "name": "Q125745533", "status": "missing", "osm_id": null, "type": "biblioteca"}, "geometry": {"type": "Point", "coordinates": [15.9358315, 40.7939046]}}, {"type": "Feature", "properties": {"wikidata": "Q131861610", "name": "Q131861610", "status": "missing", "osm_id": null, "type": "galleria"}, "geometry": {"type": "Point", "coordinates": [15.768408333, 40.126827777]}}, {"type": "Feature", "properties": {"wikidata": "Q124286889", "name": "Q124286889", "status": "done", "osm_id": "node/13049822216", "type": "fermata ferroviaria"}, "geometry": {"type": "Point", "coordinates": [16.09778, 40.78848]}}, {"type": "Feature", "properties": {"wikidata": "Q134690238", "name": "Q134690238", "status": "missing", "osm_id": null, "type": "palazzo comunale"}, "geometry": {"type": "Point", "coordinates": [16.6639864, 40.5573821]}}, {"type": "Feature", "properties": {"wikidata": "Q125745526", "name": "Q125745526", "status": "missing", "osm_id": null, "type": "biblioteca"}, "geometry": {"type": "Point", "coordinates": [16.1431115, 40.1489868]}}, {"type": "Feature", "properties": {"wikidata": "Q125097557", "name": "Q125097557", "status": "missing", "osm_id": null, "type": "lago"}, "geometry": {"type": "Point", "coordinates": [16.497, 40.614]}}, {"type": "Feature", "properties": {"wikidata": "Q124398010", "name": "Q124398010", "status": "missing", "osm_id": null, "type": "vigneto"}, "geometry": {"type": "Point", "coordinates": [16.6315, 40.14213]}}, {"type": "Feature", "properties": {"wikidata": "Q124398726", "name": "Q124398726", "status": "missing", "osm_id": null, "type": "spiaggia"}, "geometry": {"type": "Point", "coordinates": [15.73379, 39.9595]}}, {"type": "Feature", "properties": {"wikidata": "Q125745558", "name": "Q125745558", "status": "missing", "osm_id": null, "type": "biblioteca"}, "geometry": {"type": "Point", "coordinates": [15.7879386, 40.6335737]}}, {"type": "Feature", "properties": {"wikidata": "Q125745547", "name": "Q125745547", "status": "missing", "osm_id": null, "type": "biblioteca"}, "geometry": {"type": "Point", "coordinates": [15.867379, 39.9962029]}}, {"type": "Feature", "properties": {"wikidata": "Q124398869", "name": "Q124398869", "status": "missing", "osm_id": null, "type": "spiaggia"}, "geometry": {"type": "Point", "coordinates": [15.71898, 39.97819]}}, {"type": "Feature", "properties": {"wikidata": "Q137383141", "name": "Q137383141", "status": "done", "osm_id": "relation/543363", "type": "strada"}, "geometry": {"type": "Point", "coordinates": [15.564923, 41.030008]}}, {"type": "Feature", "properties": {"wikidata": "Q134690235", "name": "Q134690235", "status": "missing", "osm_id": null, "type": "palazzo comunale"}, "geometry": {"type": "Point", "coordinates": [16.6861507, 40.4081365]}}, {"type": "Feature", "properties": {"wikidata": "Q124424041", "name": "Q124424041", "status": "done", "osm_id": "node/11050778278", "type": "stazione ferroviaria"}, "geometry": {"type": "Point", "coordinates": [15.797345, 40.627948]}}, {"type": "Feature", "properties": {"wikidata": "Q124707542", "name": "Q124707542", "status": "missing", "osm_id": null, "type": "biblioteca di un ente territoriale italiano"}, "geometry": {"type": "Point", "coordinates": [16.2399085, 40.7499089]}}, {"type": "Feature", "properties": {"wikidata": "Q125745423", "name": "Q125745423", "status": "missing", "osm_id": null, "type": "biblioteca"}, "geometry": {"type": "Point", "coordinates": [16.638178, 40.1288963]}}, {"type": "Feature", "properties": {"wikidata": "Q124398853", "name": "Q124398853", "status": "missing", "osm_id": null, "type": "spiaggia"}, "geometry": {"type": "Point", "coordinates": [15.72105, 39.97589]}}, {"type": "Feature", "properties": {"wikidata": "Q125745532", "name": "Q125745532", "status": "missing", "osm_id": null, "type": "biblioteca"}, "geometry": {"type": "Point", "coordinates": [15.8895967, 40.2845965]}}, {"type": "Feature", "properties": {"wikidata": "Q125745534", "name": "Q125745534", "status": "missing", "osm_id": null, "type": "biblioteca"}, "geometry": {"type": "Point", "coordinates": [15.7826749, 40.5780814]}}, {"type": "Feature", "properties": {"wikidata": "Q125745537", "name": "Q125745537", "status": "missing", "osm_id": null, "type": "biblioteca"}, "geometry": {"type": "Point", "coordinates": [16.0518116, 40.2387813]}}, {"type": "Feature", "properties": {"wikidata": "Q124398930", "name": "Q124398930", "status": "missing", "osm_id": null, "type": "spiaggia"}, "geometry": {"type": "Point", "coordinates": [15.66757, 40.03616]}}, {"type": "Feature", "properties": {"wikidata": "Q124286857", "name": "Q124286857", "status": "done", "osm_id": "node/1732487955", "type": "stazione ferroviaria"}, "geometry": {"type": "Point", "coordinates": [16.16218, 40.79437]}}, {"type": "Feature", "properties": {"wikidata": "Q125745421", "name": "Q125745421", "status": "missing", "osm_id": null, "type": "biblioteca"}, "geometry": {"type": "Point", "coordinates": [16.1577173, 40.4914301]}}, {"type": "Feature", "properties": {"wikidata": "Q134006904", "name": "Q134006904", "status": "missing", "osm_id": null, "type": "citt\u00e0 fantasma"}, "geometry": {"type": "Point", "coordinates": [16.098089996, 40.578190841]}}, {"type": "Feature", "properties": {"wikidata": "Q124398002", "name": "Q124398002", "status": "missing", "osm_id": null, "type": "vigneto"}, "geometry": {"type": "Point", "coordinates": [16.61653, 40.1404]}}, {"type": "Feature", "properties": {"wikidata": "Q125745541", "name": "Q125745541", "status": "missing", "osm_id": null, "type": "biblioteca"}, "geometry": {"type": "Point", "coordinates": [15.5508715, 40.56922]}}, {"type": "Feature", "properties": {"wikidata": "Q124398766", "name": "Q124398766", "status": "missing", "osm_id": null, "type": "spiaggia"}, "geometry": {"type": "Point", "coordinates": [15.73004, 39.96573]}}, {"type": "Feature", "properties": {"wikidata": "Q125745422", "name": "Q125745422", "status": "missing", "osm_id": null, "type": "biblioteca"}, "geometry": {"type": "Point", "coordinates": [16.6693302, 40.5546043]}}, {"type": "Feature", "properties": {"wikidata": "Q56549778", "name": "Q56549778", "status": "missing", "osm_id": null, "type": "statua"}, "geometry": {"type": "Point", "coordinates": [15.818998135, 40.961498045]}}, {"type": "Feature", "properties": {"wikidata": "Q97186156", "name": "Q97186156", "status": "missing", "osm_id": null, "type": "galleria stradale"}, "geometry": {"type": "Point", "coordinates": [15.86718, 40.05383]}}, {"type": "Feature", "properties": {"wikidata": "Q97186181", "name": "Q97186181", "status": "missing", "osm_id": null, "type": "ponte stradale"}, "geometry": {"type": "Point", "coordinates": [15.736261111, 40.159802777]}}, {"type": "Feature", "properties": {"wikidata": "Q56547710", "name": "Q56547710", "status": "missing", "osm_id": null, "type": "chiesa"}, "geometry": {"type": "Point", "coordinates": [15.7882747, 40.946801]}}, {"type": "Feature", "properties": {"wikidata": "Q56547705", "name": "Q56547705", "status": "missing", "osm_id": null, "type": "chiesa"}, "geometry": {"type": "Point", "coordinates": [15.819061351, 40.963377276]}}, {"type": "Feature", "properties": {"wikidata": "Q56547702", "name": "Q56547702", "status": "done", "osm_id": "way/613020225", "type": "chiesa"}, "geometry": {"type": "Point", "coordinates": [15.80743, 40.95983]}}, {"type": "Feature", "properties": {"wikidata": "Q56547914", "name": "Q56547914", "status": "missing", "osm_id": null, "type": "palazzo italiano"}, "geometry": {"type": "Point", "coordinates": [15.820206937, 40.963631806]}}, {"type": "Feature", "properties": {"wikidata": "Q56530433", "name": "Q56530433", "status": "missing", "osm_id": null, "type": "chiesa"}, "geometry": {"type": "Point", "coordinates": [15.758028, 40.079797]}}, {"type": "Feature", "properties": {"wikidata": "Q56547707", "name": "Q56547707", "status": "done", "osm_id": "way/214798260", "type": "chiesa"}, "geometry": {"type": "Point", "coordinates": [15.8079555, 40.9597694]}}, {"type": "Feature", "properties": {"wikidata": "Q56550477", "name": "Q56550477", "status": "done", "osm_id": "way/1414712614", "type": "lavatoio"}, "geometry": {"type": "Point", "coordinates": [15.50823, 40.59836]}}, {"type": "Feature", "properties": {"wikidata": "Q97106074", "name": "Q97106074", "status": "missing", "osm_id": null, "type": "chiesa"}, "geometry": {"type": "Point", "coordinates": [15.50212, 40.84865]}}, {"type": "Feature", "properties": {"wikidata": "Q72705405", "name": "Q72705405", "status": "missing", "osm_id": null, "type": "museo"}, "geometry": {"type": "Point", "coordinates": [15.870341, 40.239422]}}, {"type": "Feature", "properties": {"wikidata": "Q96447754", "name": "Q96447754", "status": "missing", "osm_id": null, "type": "oasi"}, "geometry": {"type": "Point", "coordinates": [16.70321, 40.17248]}}, {"type": "Feature", "properties": {"wikidata": "Q56547708", "name": "Q56547708", "status": "done", "osm_id": "way/969249030", "type": "chiesa"}, "geometry": {"type": "Point", "coordinates": [15.82625, 40.96782]}}, {"type": "Feature", "properties": {"wikidata": "Q85677181", "name": "Q85677181", "status": "done", "osm_id": "way/508189583", "type": "chiesa"}, "geometry": {"type": "Point", "coordinates": [16.6775, 40.21168]}}, {"type": "Feature", "properties": {"wikidata": "Q88807272", "name": "Q88807272", "status": "done", "osm_id": "node/2667364213", "type": "chiesa rupestre"}, "geometry": {"type": "Point", "coordinates": [16.621001, 40.6669055]}}, {"type": "Feature", "properties": {"wikidata": "Q75841179", "name": "Q75841179", "status": "missing", "osm_id": null, "type": "chiesa"}, "geometry": {"type": "Point", "coordinates": [15.674296, 40.921966]}}, {"type": "Feature", "properties": {"wikidata": "Q56547911", "name": "Q56547911", "status": "done", "osm_id": "node/562103902", "type": "fontana"}, "geometry": {"type": "Point", "coordinates": [15.8228, 40.96554]}}, {"type": "Feature", "properties": {"wikidata": "Q86668653", "name": "Q86668653", "status": "done", "osm_id": "way/764528492", "type": "monastero"}, "geometry": {"type": "Point", "coordinates": [15.826918, 40.362978]}}, {"type": "Feature", "properties": {"wikidata": "Q56550474", "name": "Q56550474", "status": "missing", "osm_id": null, "type": "fontana"}, "geometry": {"type": "Point", "coordinates": [15.51208, 40.59983]}}, {"type": "Feature", "properties": {"wikidata": "Q56547700", "name": "Q56547700", "status": "done", "osm_id": "way/614411807", "type": "chiesa"}, "geometry": {"type": "Point", "coordinates": [15.81941, 40.96132]}}, {"type": "Feature", "properties": {"wikidata": "Q56530429", "name": "Q56530429", "status": "missing", "osm_id": null, "type": "chiesa"}, "geometry": {"type": "Point", "coordinates": [15.75621, 40.07691]}}, {"type": "Feature", "properties": {"wikidata": "Q56598682", "name": "Q56598682", "status": "missing", "osm_id": null, "type": "sito archeologico"}, "geometry": {"type": "Point", "coordinates": [15.9470128, 40.6914193]}}, {"type": "Feature", "properties": {"wikidata": "Q56549777", "name": "Q56549777", "status": "missing", "osm_id": null, "type": "piazza"}, "geometry": {"type": "Point", "coordinates": [15.8180643, 40.9632726]}}, {"type": "Feature", "properties": {"wikidata": "Q81173806", "name": "Q81173806", "status": "missing", "osm_id": null, "type": "archivio"}, "geometry": {"type": "Point", "coordinates": [16.6906352, 40.2502039]}}, {"type": "Feature", "properties": {"wikidata": "Q56530428", "name": "Q56530428", "status": "missing", "osm_id": null, "type": "chiesa"}, "geometry": {"type": "Point", "coordinates": [15.756167, 40.077242]}}, {"type": "Feature", "properties": {"wikidata": "Q56612215", "name": "Q56612215", "status": "done", "osm_id": "way/654261466", "type": "ponte tibetano"}, "geometry": {"type": "Point", "coordinates": [15.6770937, 40.4893512]}}, {"type": "Feature", "properties": {"wikidata": "Q97100813", "name": "Q97100813", "status": "missing", "osm_id": null, "type": "palazzo comunale"}, "geometry": {"type": "Point", "coordinates": [15.5406635, 40.8202703]}}, {"type": "Feature", "properties": {"wikidata": "Q68191057", "name": "Q68191057", "status": "missing", "osm_id": null, "type": "mosaico"}, "geometry": {"type": "Point", "coordinates": [15.734347, 40.930289]}}, {"type": "Feature", "properties": {"wikidata": "Q56530430", "name": "Q56530430", "status": "missing", "osm_id": null, "type": "chiesa"}, "geometry": {"type": "Point", "coordinates": [15.756111, 40.076986]}}, {"type": "Feature", "properties": {"wikidata": "Q94387773", "name": "Q94387773", "status": "missing", "osm_id": null, "type": "area naturale protetta"}, "geometry": {"type": "Point", "coordinates": [16.5572, 40.3047]}}, {"type": "Feature", "properties": {"wikidata": "Q88952755", "name": "Q88952755", "status": "missing", "osm_id": null, "type": "complesso di edifici"}, "geometry": {"type": "Point", "coordinates": [16.6128536, 40.6617227]}}, {"type": "Feature", "properties": {"wikidata": "Q97105774", "name": "Q97105774", "status": "missing", "osm_id": null, "type": "itinerario"}, "geometry": {"type": "Point", "coordinates": [15.49735, 40.84657]}}, {"type": "Feature", "properties": {"wikidata": "Q96097917", "name": "Q96097917", "status": "done", "osm_id": "way/1235475358", "type": "chiesa"}, "geometry": {"type": "Point", "coordinates": [15.747734, 39.984063]}}, {"type": "Feature", "properties": {"wikidata": "Q72710295", "name": "Q72710295", "status": "missing", "osm_id": null, "type": "chiesa"}, "geometry": {"type": "Point", "coordinates": [16.63517, 40.640578]}}, {"type": "Feature", "properties": {"wikidata": "Q72685181", "name": "Q72685181", "status": "done", "osm_id": "node/3103274392", "type": "museo d'arte moderna"}, "geometry": {"type": "Point", "coordinates": [16.610953, 40.668345]}}, {"type": "Feature", "properties": {"wikidata": "Q81173788", "name": "Q81173788", "status": "done", "osm_id": "node/4324022927", "type": "archivio"}, "geometry": {"type": "Point", "coordinates": [16.5466896, 40.5172864]}}, {"type": "Feature", "properties": {"wikidata": "Q56547915", "name": "Q56547915", "status": "done", "osm_id": "way/215095526", "type": "palazzo vescovile"}, "geometry": {"type": "Point", "coordinates": [15.82217038, 40.965031997]}}, {"type": "Feature", "properties": {"wikidata": "Q56547699", "name": "Q56547699", "status": "done", "osm_id": "way/1366629368", "type": "chiesa"}, "geometry": {"type": "Point", "coordinates": [15.8262237, 40.9691738]}}, {"type": "Feature", "properties": {"wikidata": "Q56612650", "name": "Q56612650", "status": "missing", "osm_id": null, "type": "museo"}, "geometry": {"type": "Point", "coordinates": [15.992637754, 40.160268712]}}, {"type": "Feature", "properties": {"wikidata": "Q56549776", "name": "Q56549776", "status": "done", "osm_id": "relation/13040663", "type": "museo"}, "geometry": {"type": "Point", "coordinates": [15.8243636, 40.9679487]}}, {"type": "Feature", "properties": {"wikidata": "Q56550479", "name": "Q56550479", "status": "done", "osm_id": "node/4521216470", "type": "epitaph"}, "geometry": {"type": "Point", "coordinates": [15.50793, 40.5984]}}, {"type": "Feature", "properties": {"wikidata": "Q97190599", "name": "Q97190599", "status": "missing", "osm_id": null, "type": "viadotto"}, "geometry": {"type": "Point", "coordinates": [15.454286111, 40.615172222]}}, {"type": "Feature", "properties": {"wikidata": "Q97105913", "name": "Q97105913", "status": "missing", "osm_id": null, "type": "museo"}, "geometry": {"type": "Point", "coordinates": [15.5087887, 40.860646]}}, {"type": "Feature", "properties": {"wikidata": "Q56530434", "name": "Q56530434", "status": "done", "osm_id": "way/401869820", "type": "piazza"}, "geometry": {"type": "Point", "coordinates": [15.7546737, 40.0784764]}}, {"type": "Feature", "properties": {"wikidata": "Q81173826", "name": "Q81173826", "status": "missing", "osm_id": null, "type": "archivio"}, "geometry": {"type": "Point", "coordinates": [16.6109261, 40.6666707]}}, {"type": "Feature", "properties": {"wikidata": "Q56530425", "name": "Q56530425", "status": "missing", "osm_id": null, "type": "chiesa"}, "geometry": {"type": "Point", "coordinates": [15.756333, 40.073636]}}, {"type": "Feature", "properties": {"wikidata": "Q56550472", "name": "Q56550472", "status": "done", "osm_id": "node/4521216512", "type": "monumento"}, "geometry": {"type": "Point", "coordinates": [15.508752052, 40.60034845]}}, {"type": "Feature", "properties": {"wikidata": "Q56550473", "name": "Q56550473", "status": "done", "osm_id": "way/1414712609", "type": "torre"}, "geometry": {"type": "Point", "coordinates": [15.508752052, 40.60034845]}}, {"type": "Feature", "properties": {"wikidata": "Q56530431", "name": "Q56530431", "status": "missing", "osm_id": null, "type": "chiesa"}, "geometry": {"type": "Point", "coordinates": [15.75498, 40.07661]}}, {"type": "Feature", "properties": {"wikidata": "Q56612479", "name": "Q56612479", "status": "missing", "osm_id": null, "type": "palazzo italiano"}, "geometry": {"type": "Point", "coordinates": [16.20731, 40.08453]}}, {"type": "Feature", "properties": {"wikidata": "Q97100832", "name": "Q97100832", "status": "missing", "osm_id": null, "type": "edificio"}, "geometry": {"type": "Point", "coordinates": [15.54027, 40.82091]}}, {"type": "Feature", "properties": {"wikidata": "Q56530424", "name": "Q56530424", "status": "missing", "osm_id": null, "type": "chiesa"}, "geometry": {"type": "Point", "coordinates": [15.7564967, 40.0793072]}}, {"type": "Feature", "properties": {"wikidata": "Q97106459", "name": "Q97106459", "status": "missing", "osm_id": null, "type": "chiesa"}, "geometry": {"type": "Point", "coordinates": [15.50096, 40.84672]}}, {"type": "Feature", "properties": {"wikidata": "Q87901411", "name": "Q87901411", "status": "missing", "osm_id": null, "type": "terme"}, "geometry": {"type": "Point", "coordinates": [15.65416, 40.75122]}}, {"type": "Feature", "properties": {"wikidata": "Q56547912", "name": "Q56547912", "status": "missing", "osm_id": null, "type": "palazzo comunale"}, "geometry": {"type": "Point", "coordinates": [15.823053662, 40.964647517]}}, {"type": "Feature", "properties": {"wikidata": "Q56547916", "name": "Q56547916", "status": "missing", "osm_id": null, "type": "palazzo italiano"}, "geometry": {"type": "Point", "coordinates": [15.8243636, 40.9679567]}}, {"type": "Feature", "properties": {"wikidata": "Q97105630", "name": "Q97105630", "status": "missing", "osm_id": null, "type": "monumento"}, "geometry": {"type": "Point", "coordinates": [15.501930448, 40.847429808]}}, {"type": "Feature", "properties": {"wikidata": "Q68674300", "name": "Q68674300", "status": "missing", "osm_id": null, "type": "Club UNESCO"}, "geometry": {"type": "Point", "coordinates": [15.818489, 40.961327]}}, {"type": "Feature", "properties": {"wikidata": "Q72704451", "name": "Q72704451", "status": "missing", "osm_id": null, "type": "parco"}, "geometry": {"type": "Point", "coordinates": [15.789355, 40.645232]}}, {"type": "Feature", "properties": {"wikidata": "Q56547704", "name": "Q56547704", "status": "missing", "osm_id": null, "type": "chiesa"}, "geometry": {"type": "Point", "coordinates": [15.818935872, 40.962550015]}}, {"type": "Feature", "properties": {"wikidata": "Q56548431", "name": "Q56548431", "status": "missing", "osm_id": null, "type": "monumento"}, "geometry": {"type": "Point", "coordinates": [15.823606923, 40.964743747]}}, {"type": "Feature", "properties": {"wikidata": "Q56549775", "name": "Q56549775", "status": "missing", "osm_id": null, "type": "sito archeologico"}, "geometry": {"type": "Point", "coordinates": [15.82708, 40.96806]}}, {"type": "Feature", "properties": {"wikidata": "Q96215977", "name": "Q96215977", "status": "missing", "osm_id": null, "type": "area protetta Natura 2000"}, "geometry": {"type": "Point", "coordinates": [16.9006, 40.2752]}}, {"type": "Feature", "properties": {"wikidata": "Q56547910", "name": "Q56547910", "status": "done", "osm_id": "node/562103744", "type": "fontana"}, "geometry": {"type": "Point", "coordinates": [15.822213224, 40.963860225]}}, {"type": "Feature", "properties": {"wikidata": "Q56612216", "name": "Q56612216", "status": "missing", "osm_id": null, "type": "centro storico"}, "geometry": {"type": "Point", "coordinates": [15.6778546, 40.4828255]}}, {"type": "Feature", "properties": {"wikidata": "Q56547908", "name": "Q56547908", "status": "done", "osm_id": "way/616637171", "type": "fontana"}, "geometry": {"type": "Point", "coordinates": [15.81725, 40.96143]}}, {"type": "Feature", "properties": {"wikidata": "Q97106239", "name": "Q97106239", "status": "missing", "osm_id": null, "type": "chiesa"}, "geometry": {"type": "Point", "coordinates": [15.477363436, 40.880677681]}}, {"type": "Feature", "properties": {"wikidata": "Q89200203", "name": "Q89200203", "status": "missing", "osm_id": null, "type": "palazzo"}, "geometry": {"type": "Point", "coordinates": [15.806675, 40.638596]}}, {"type": "Feature", "properties": {"wikidata": "Q85821144", "name": "Q85821144", "status": "missing", "osm_id": null, "type": "catena montuosa"}, "geometry": {"type": "Point", "coordinates": [16.0605, 40.521333]}}, {"type": "Feature", "properties": {"wikidata": "Q87475125", "name": "Q87475125", "status": "missing", "osm_id": null, "type": "palazzo"}, "geometry": {"type": "Point", "coordinates": [15.804925, 40.639066666]}}, {"type": "Feature", "properties": {"wikidata": "Q56547706", "name": "Q56547706", "status": "missing", "osm_id": null, "type": "chiesa"}, "geometry": {"type": "Point", "coordinates": [15.8188391, 40.9642506]}}, {"type": "Feature", "properties": {"wikidata": "Q56550476", "name": "Q56550476", "status": "done", "osm_id": "way/1414712611", "type": "Santuario mariano"}, "geometry": {"type": "Point", "coordinates": [15.51204, 40.5983]}}, {"type": "Feature", "properties": {"wikidata": "Q56547709", "name": "Q56547709", "status": "missing", "osm_id": null, "type": "chiesa"}, "geometry": {"type": "Point", "coordinates": [15.8163633, 40.9629269]}}, {"type": "Feature", "properties": {"wikidata": "Q56612227", "name": "Q56612227", "status": "missing", "osm_id": null, "type": "piazza"}, "geometry": {"type": "Point", "coordinates": [15.6771112, 40.4892987]}}, {"type": "Feature", "properties": {"wikidata": "Q56530432", "name": "Q56530432", "status": "missing", "osm_id": null, "type": "chiesa"}, "geometry": {"type": "Point", "coordinates": [15.756583, 40.077808]}}, {"type": "Feature", "properties": {"wikidata": "Q85818032", "name": "Q85818032", "status": "missing", "osm_id": null, "type": "megalito"}, "geometry": {"type": "Point", "coordinates": [16.194166666, 40.550555555]}}, {"type": "Feature", "properties": {"wikidata": "Q85820567", "name": "Q85820567", "status": "missing", "osm_id": null, "type": "festa"}, "geometry": {"type": "Point", "coordinates": [16.1178295, 40.5326646]}}, {"type": "Feature", "properties": {"wikidata": "Q86675028", "name": "Q86675028", "status": "missing", "osm_id": null, "type": "chiesa"}, "geometry": {"type": "Point", "coordinates": [15.676628, 40.925109]}}, {"type": "Feature", "properties": {"wikidata": "Q97106000", "name": "Q97106000", "status": "missing", "osm_id": null, "type": "chiesa"}, "geometry": {"type": "Point", "coordinates": [15.50191, 40.84771]}}, {"type": "Feature", "properties": {"wikidata": "Q56549779", "name": "Q56549779", "status": "missing", "osm_id": null, "type": "tomba"}, "geometry": {"type": "Point", "coordinates": [15.81499, 40.96272]}}, {"type": "Feature", "properties": {"wikidata": "Q81173786", "name": "Q81173786", "status": "missing", "osm_id": null, "type": "archivio"}, "geometry": {"type": "Point", "coordinates": [16.669235566, 40.20865515]}}, {"type": "Feature", "properties": {"wikidata": "Q64518172", "name": "Q64518172", "status": "missing", "osm_id": null, "type": "chiesa"}, "geometry": {"type": "Point", "coordinates": [16.4561576, 40.4953458]}}, {"type": "Feature", "properties": {"wikidata": "Q65028278", "name": "Q65028278", "status": "missing", "osm_id": null, "type": "foresta"}, "geometry": {"type": "Point", "coordinates": [16.10111, 39.90583]}}, {"type": "Feature", "properties": {"wikidata": "Q56612654", "name": "Q56612654", "status": "missing", "osm_id": null, "type": "chiesa"}, "geometry": {"type": "Point", "coordinates": [15.955478695, 40.128563202]}}, {"type": "Feature", "properties": {"wikidata": "Q56635997", "name": "Q56635997", "status": "missing", "osm_id": null, "type": "Santuario mariano"}, "geometry": {"type": "Point", "coordinates": [15.84249, 40.41315]}}, {"type": "Feature", "properties": {"wikidata": "Q56944799", "name": "Q56944799", "status": "done", "osm_id": "relation/11790100", "type": "viadotto"}, "geometry": {"type": "Point", "coordinates": [15.631453, 40.613733]}}, {"type": "Feature", "properties": {"wikidata": "Q64547267", "name": "Q64547267", "status": "missing", "osm_id": null, "type": "piazza"}, "geometry": {"type": "Point", "coordinates": [16.455519, 40.4934794]}}, {"type": "Feature", "properties": {"wikidata": "Q56629526", "name": "Q56629526", "status": "missing", "osm_id": null, "type": "pianta monumentale"}, "geometry": {"type": "Point", "coordinates": [16.385072, 40.111539]}}, {"type": "Feature", "properties": {"wikidata": "Q56629528", "name": "Q56629528", "status": "missing", "osm_id": null, "type": "pianta monumentale"}, "geometry": {"type": "Point", "coordinates": [16.701944, 40.610556]}}, {"type": "Feature", "properties": {"wikidata": "Q63457589", "name": "Q63457589", "status": "missing", "osm_id": null, "type": "chiesa rupestre"}, "geometry": {"type": "Point", "coordinates": [16.610194, 40.668161]}}, {"type": "Feature", "properties": {"wikidata": "Q64845369", "name": "Q64845369", "status": "missing", "osm_id": null, "type": "chiesa"}, "geometry": {"type": "Point", "coordinates": [15.6271157, 40.4900285]}}, {"type": "Feature", "properties": {"wikidata": "Q62006870", "name": "Q62006870", "status": "missing", "osm_id": null, "type": "palazzo"}, "geometry": {"type": "Point", "coordinates": [16.611212, 40.666458]}}, {"type": "Feature", "properties": {"wikidata": "Q56635994", "name": "Q56635994", "status": "missing", "osm_id": null, "type": "ponte"}, "geometry": {"type": "Point", "coordinates": [15.85056, 40.47474]}}, {"type": "Feature", "properties": {"wikidata": "Q64547274", "name": "Q64547274", "status": "missing", "osm_id": null, "type": "strada urbana"}, "geometry": {"type": "Point", "coordinates": [16.4543297, 40.4953419]}}, {"type": "Feature", "properties": {"wikidata": "Q56629574", "name": "Q56629574", "status": "missing", "osm_id": null, "type": "pianta monumentale"}, "geometry": {"type": "Point", "coordinates": [15.831244, 40.64505]}}, {"type": "Feature", "properties": {"wikidata": "Q56695913", "name": "Q56695913", "status": "missing", "osm_id": null, "type": "murale"}, "geometry": {"type": "Point", "coordinates": [16.0131309, 40.0881212]}}, {"type": "Feature", "properties": {"wikidata": "Q65121359", "name": "Q65121359", "status": "missing", "osm_id": null, "type": "Belvedere (architettura)"}, "geometry": {"type": "Point", "coordinates": [16.5250484, 40.1727401]}}, {"type": "Feature", "properties": {"wikidata": "Q66218656", "name": "Q66218656", "status": "missing", "osm_id": null, "type": "cappella"}, "geometry": {"type": "Point", "coordinates": [15.7892068, 40.313472]}}, {"type": "Feature", "properties": {"wikidata": "Q56612651", "name": "Q56612651", "status": "missing", "osm_id": null, "type": "mulino"}, "geometry": {"type": "Point", "coordinates": [15.989645, 40.165807]}}, {"type": "Feature", "properties": {"wikidata": "Q65038397", "name": "Q65038397", "status": "missing", "osm_id": null, "type": "archivio comunale"}, "geometry": {"type": "Point", "coordinates": [16.526796, 40.171991]}}, {"type": "Feature", "properties": {"wikidata": "Q56695888", "name": "Q56695888", "status": "missing", "osm_id": null, "type": "installazione"}, "geometry": {"type": "Point", "coordinates": [15.984864587, 40.081853526]}}, {"type": "Feature", "properties": {"wikidata": "Q65524940", "name": "Q65524940", "status": "missing", "osm_id": null, "type": "monumento"}, "geometry": {"type": "Point", "coordinates": [15.7895286, 40.3137142]}}, {"type": "Feature", "properties": {"wikidata": "Q60758648", "name": "Q60758648", "status": "missing", "osm_id": null, "type": "palazzo"}, "geometry": {"type": "Point", "coordinates": [16.610482, 40.665386]}}, {"type": "Feature", "properties": {"wikidata": "Q64845944", "name": "Q64845944", "status": "missing", "osm_id": null, "type": "formazione geologica"}, "geometry": {"type": "Point", "coordinates": [15.625211892, 40.478984432]}}, {"type": "Feature", "properties": {"wikidata": "Q66217140", "name": "Q66217140", "status": "missing", "osm_id": null, "type": "chiesa"}, "geometry": {"type": "Point", "coordinates": [15.7917548, 40.313517]}}, {"type": "Feature", "properties": {"wikidata": "Q56760493", "name": "Q56760493", "status": "done", "osm_id": "way/1210795696", "type": "chiesa"}, "geometry": {"type": "Point", "coordinates": [15.706747, 40.809854]}}, {"type": "Feature", "properties": {"wikidata": "Q65038402", "name": "Q65038402", "status": "missing", "osm_id": null, "type": "palazzo"}, "geometry": {"type": "Point", "coordinates": [16.5225901, 40.1726773]}}, {"type": "Feature", "properties": {"wikidata": "Q56697140", "name": "Q56697140", "status": "done", "osm_id": "node/9311278254", "type": "statua"}, "geometry": {"type": "Point", "coordinates": [16.6597121, 40.5580747]}}, {"type": "Feature", "properties": {"wikidata": "Q56953398", "name": "Q56953398", "status": "missing", "osm_id": null, "type": "insediamento umano"}, "geometry": {"type": "Point", "coordinates": [15.700430555, 40.607730555]}}, {"type": "Feature", "properties": {"wikidata": "Q65129462", "name": "Q65129462", "status": "missing", "osm_id": null, "type": "forte"}, "geometry": {"type": "Point", "coordinates": [16.149916666, 40.541694444]}}, {"type": "Feature", "properties": {"wikidata": "Q64845931", "name": "Q64845931", "status": "missing", "osm_id": null, "type": "centro storico"}, "geometry": {"type": "Point", "coordinates": [15.626522, 40.4801202]}}, {"type": "Feature", "properties": {"wikidata": "Q63457433", "name": "Q63457433", "status": "missing", "osm_id": null, "type": "palazzo"}, "geometry": {"type": "Point", "coordinates": [16.612297, 40.666645]}}, {"type": "Feature", "properties": {"wikidata": "Q64547215", "name": "Q64547215", "status": "missing", "osm_id": null, "type": "piazza"}, "geometry": {"type": "Point", "coordinates": [16.454346, 40.4931541]}}, {"type": "Feature", "properties": {"wikidata": "Q65038438", "name": "Q65038438", "status": "missing", "osm_id": null, "type": "monumento commemorativo"}, "geometry": {"type": "Point", "coordinates": [16.5245491, 40.1719351]}}, {"type": "Feature", "properties": {"wikidata": "Q56703148", "name": "Q56703148", "status": "done", "osm_id": "way/538779608", "type": "chiesa"}, "geometry": {"type": "Point", "coordinates": [16.42623, 40.18879]}}, {"type": "Feature", "properties": {"wikidata": "Q56697135", "name": "Q56697135", "status": "done", "osm_id": "way/267452473", "type": "obelisco"}, "geometry": {"type": "Point", "coordinates": [16.6655023, 40.5556555]}}, {"type": "Feature", "properties": {"wikidata": "Q66217820", "name": "Q66217820", "status": "missing", "osm_id": null, "type": "chiesa"}, "geometry": {"type": "Point", "coordinates": [15.7900198, 40.314953]}}, {"type": "Feature", "properties": {"wikidata": "Q66217138", "name": "Q66217138", "status": "missing", "osm_id": null, "type": "chiesa"}, "geometry": {"type": "Point", "coordinates": [15.792065, 40.3134856]}}, {"type": "Feature", "properties": {"wikidata": "Q64518340", "name": "Q64518340", "status": "done", "osm_id": "way/656026874", "type": "castello"}, "geometry": {"type": "Point", "coordinates": [16.425129, 40.501139]}}, {"type": "Feature", "properties": {"wikidata": "Q64845917", "name": "Q64845917", "status": "missing", "osm_id": null, "type": "chiesa"}, "geometry": {"type": "Point", "coordinates": [15.6260406, 40.4801327]}}, {"type": "Feature", "properties": {"wikidata": "Q56703145", "name": "Q56703145", "status": "done", "osm_id": "way/663853265", "type": "castello in rovina"}, "geometry": {"type": "Point", "coordinates": [16.426642, 40.188054]}}, {"type": "Feature", "properties": {"wikidata": "Q63494684", "name": "Q63494684", "status": "missing", "osm_id": null, "type": "biblioteca pubblica"}, "geometry": {"type": "Point", "coordinates": [16.606556, 40.6667316]}}, {"type": "Feature", "properties": {"wikidata": "Q65038568", "name": "Q65038568", "status": "missing", "osm_id": null, "type": "bosco"}, "geometry": {"type": "Point", "coordinates": [16.4783331, 40.1515071]}}, {"type": "Feature", "properties": {"wikidata": "Q56703146", "name": "Q56703146", "status": "done", "osm_id": "way/1036288052", "type": "chiesa"}, "geometry": {"type": "Point", "coordinates": [16.4232, 40.19245]}}, {"type": "Feature", "properties": {"wikidata": "Q56635999", "name": "Q56635999", "status": "missing", "osm_id": null, "type": "piazza"}, "geometry": {"type": "Point", "coordinates": [15.8451246, 40.4751513]}}, {"type": "Feature", "properties": {"wikidata": "Q65121427", "name": "Q65121427", "status": "missing", "osm_id": null, "type": "spiaggia"}, "geometry": {"type": "Point", "coordinates": [16.5949065, 40.1332165]}}, {"type": "Feature", "properties": {"wikidata": "Q64518028", "name": "Q64518028", "status": "missing", "osm_id": null, "type": "chiesa"}, "geometry": {"type": "Point", "coordinates": [16.4569911, 40.493305]}}, {"type": "Feature", "properties": {"wikidata": "Q65524937", "name": "Q65524937", "status": "missing", "osm_id": null, "type": "palazzo italiano"}, "geometry": {"type": "Point", "coordinates": [15.7900468, 40.3157033]}}, {"type": "Feature", "properties": {"wikidata": "Q56703149", "name": "Q56703149", "status": "done", "osm_id": "way/538779643", "type": "cappella"}, "geometry": {"type": "Point", "coordinates": [16.42625, 40.18863]}}, {"type": "Feature", "properties": {"wikidata": "Q56629670", "name": "Q56629670", "status": "missing", "osm_id": null, "type": "pianta monumentale"}, "geometry": {"type": "Point", "coordinates": [15.985278, 40.474167]}}, {"type": "Feature", "properties": {"wikidata": "Q64686911", "name": "Q64686911", "status": "missing", "osm_id": null, "type": "chiesa"}, "geometry": {"type": "Point", "coordinates": [16.4526244, 40.4945958]}}, {"type": "Feature", "properties": {"wikidata": "Q66307221", "name": "Q66307221", "status": "missing", "osm_id": null, "type": "cappella"}, "geometry": {"type": "Point", "coordinates": [16.5398235, 40.1482144]}}, {"type": "Feature", "properties": {"wikidata": "Q56695912", "name": "Q56695912", "status": "missing", "osm_id": null, "type": "chiesa"}, "geometry": {"type": "Point", "coordinates": [16.01032, 40.08838]}}, {"type": "Feature", "properties": {"wikidata": "Q66305589", "name": "Q66305589", "status": "missing", "osm_id": null, "type": "chiesa"}, "geometry": {"type": "Point", "coordinates": [16.6407108, 40.1306372]}}, {"type": "Feature", "properties": {"wikidata": "Q66222149", "name": "Q66222149", "status": "missing", "osm_id": null, "type": "cappella"}, "geometry": {"type": "Point", "coordinates": [15.7899328, 40.315422]}}, {"type": "Feature", "properties": {"wikidata": "Q63523527", "name": "Q63523527", "status": "done", "osm_id": "node/26863841", "type": "montagna"}, "geometry": {"type": "Point", "coordinates": [15.743, 40.016]}}, {"type": "Feature", "properties": {"wikidata": "Q66219716", "name": "Q66219716", "status": "missing", "osm_id": null, "type": "chiesa"}, "geometry": {"type": "Point", "coordinates": [15.7893398, 40.318044]}}, {"type": "Feature", "properties": {"wikidata": "Q63457452", "name": "Q63457452", "status": "missing", "osm_id": null, "type": "palazzo"}, "geometry": {"type": "Point", "coordinates": [16.61113, 40.666479]}}, {"type": "Feature", "properties": {"wikidata": "Q56697136", "name": "Q56697136", "status": "done", "osm_id": "node/10680916541", "type": "monumento"}, "geometry": {"type": "Point", "coordinates": [16.6634477, 40.5583275]}}, {"type": "Feature", "properties": {"wikidata": "Q58623941", "name": "Q58623941", "status": "done", "osm_id": "way/713118374", "type": "biblioteca pubblica"}, "geometry": {"type": "Point", "coordinates": [15.80047, 40.65039]}}, {"type": "Feature", "properties": {"wikidata": "Q56697134", "name": "Q56697134", "status": "missing", "osm_id": null, "type": "convento"}, "geometry": {"type": "Point", "coordinates": [16.6639602, 40.557365]}}, {"type": "Feature", "properties": {"wikidata": "Q56635996", "name": "Q56635996", "status": "missing", "osm_id": null, "type": "castello"}, "geometry": {"type": "Point", "coordinates": [15.849836, 40.476446]}}, {"type": "Feature", "properties": {"wikidata": "Q64547195", "name": "Q64547195", "status": "missing", "osm_id": null, "type": "piazza"}, "geometry": {"type": "Point", "coordinates": [16.4551178, 40.492962]}}, {"type": "Feature", "properties": {"wikidata": "Q56697139", "name": "Q56697139", "status": "done", "osm_id": "way/267450603", "type": "porta cittadina"}, "geometry": {"type": "Point", "coordinates": [16.6634477, 40.5583275]}}, {"type": "Feature", "properties": {"wikidata": "Q64845921", "name": "Q64845921", "status": "missing", "osm_id": null, "type": "chiesa"}, "geometry": {"type": "Point", "coordinates": [15.6296298, 40.4786613]}}, {"type": "Feature", "properties": {"wikidata": "Q56697137", "name": "Q56697137", "status": "done", "osm_id": "way/1009278072", "type": "torre civica"}, "geometry": {"type": "Point", "coordinates": [16.6636514, 40.5570761]}}, {"type": "Feature", "properties": {"wikidata": "Q65038387", "name": "Q65038387", "status": "missing", "osm_id": null, "type": "palazzo comunale"}, "geometry": {"type": "Point", "coordinates": [16.525413534, 40.172747423]}}, {"type": "Feature", "properties": {"wikidata": "Q60839580", "name": "Q60839580", "status": "done", "osm_id": "way/1302506201", "type": "sentiero escursionistico"}, "geometry": {"type": "Point", "coordinates": [15.4879997, 40.7543972]}}, {"type": "Feature", "properties": {"wikidata": "Q66228221", "name": "Q66228221", "status": "missing", "osm_id": null, "type": "cappella"}, "geometry": {"type": "Point", "coordinates": [15.7883958, 40.31555]}}, {"type": "Feature", "properties": {"wikidata": "Q64518191", "name": "Q64518191", "status": "missing", "osm_id": null, "type": "chiesa"}, "geometry": {"type": "Point", "coordinates": [16.4552571, 40.4938819]}}, {"type": "Feature", "properties": {"wikidata": "Q60644390", "name": "Q60644390", "status": "done", "osm_id": "relation/9223772", "type": "palazzo"}, "geometry": {"type": "Point", "coordinates": [16.68078, 40.21666]}}, {"type": "Feature", "properties": {"wikidata": "Q64518142", "name": "Q64518142", "status": "missing", "osm_id": null, "type": "chiesa"}, "geometry": {"type": "Point", "coordinates": [16.4542526, 40.4944877]}}, {"type": "Feature", "properties": {"wikidata": "Q66219224", "name": "Q66219224", "status": "done", "osm_id": "way/288759820", "type": "chiesa"}, "geometry": {"type": "Point", "coordinates": [15.7819118, 40.321061]}}, {"type": "Feature", "properties": {"wikidata": "Q62597396", "name": "Q62597396", "status": "done", "osm_id": "relation/9445943", "type": "strada"}, "geometry": {"type": "Point", "coordinates": [15.424271, 40.782818]}}, {"type": "Feature", "properties": {"wikidata": "Q56635995", "name": "Q56635995", "status": "done", "osm_id": "way/260088878", "type": "convento"}, "geometry": {"type": "Point", "coordinates": [15.850257, 40.4753339]}}, {"type": "Feature", "properties": {"wikidata": "Q64845919", "name": "Q64845919", "status": "missing", "osm_id": null, "type": "chiesa"}, "geometry": {"type": "Point", "coordinates": [15.6270901, 40.4796992]}}, {"type": "Feature", "properties": {"wikidata": "Q66305569", "name": "Q66305569", "status": "missing", "osm_id": null, "type": "santuario"}, "geometry": {"type": "Point", "coordinates": [16.5474396, 40.1455375]}}, {"type": "Feature", "properties": {"wikidata": "Q66227035", "name": "Q66227035", "status": "missing", "osm_id": null, "type": "cappella"}, "geometry": {"type": "Point", "coordinates": [15.7900618, 40.315975]}}, {"type": "Feature", "properties": {"wikidata": "Q64845916", "name": "Q64845916", "status": "missing", "osm_id": null, "type": "chiesa"}, "geometry": {"type": "Point", "coordinates": [15.614005, 40.4952791]}}, {"type": "Feature", "properties": {"wikidata": "Q56703147", "name": "Q56703147", "status": "done", "osm_id": "relation/7713115", "type": "convento"}, "geometry": {"type": "Point", "coordinates": [16.42295, 40.18801]}}, {"type": "Feature", "properties": {"wikidata": "Q56697138", "name": "Q56697138", "status": "missing", "osm_id": null, "type": "grangia"}, "geometry": {"type": "Point", "coordinates": [16.7127335, 40.4598343]}}, {"type": "Feature", "properties": {"wikidata": "Q65121718", "name": "Q65121718", "status": "missing", "osm_id": null, "type": "arco"}, "geometry": {"type": "Point", "coordinates": [16.5272498, 40.1713665]}}, {"type": "Feature", "properties": {"wikidata": "Q64845922", "name": "Q64845922", "status": "missing", "osm_id": null, "type": "chiesa"}, "geometry": {"type": "Point", "coordinates": [15.625222, 40.482413]}}, {"type": "Feature", "properties": {"wikidata": "Q66308785", "name": "Q66308785", "status": "done", "osm_id": "way/1159539484", "type": "terme romane"}, "geometry": {"type": "Point", "coordinates": [16.629084, 40.1413382]}}, {"type": "Feature", "properties": {"wikidata": "Q66305570", "name": "Q66305570", "status": "missing", "osm_id": null, "type": "chiesa"}, "geometry": {"type": "Point", "coordinates": [16.5421198, 40.1495695]}}, {"type": "Feature", "properties": {"wikidata": "Q66984620", "name": "Q66984620", "status": "missing", "osm_id": null, "type": "scala"}, "geometry": {"type": "Point", "coordinates": [15.7205697, 40.9107825]}}, {"type": "Feature", "properties": {"wikidata": "Q67080383", "name": "Q67080383", "status": "missing", "osm_id": null, "type": "chiesa"}, "geometry": {"type": "Point", "coordinates": [16.0345745, 40.851757113]}}, {"type": "Feature", "properties": {"wikidata": "Q66309064", "name": "Q66309064", "status": "missing", "osm_id": null, "type": "scultura"}, "geometry": {"type": "Point", "coordinates": [16.6500373, 40.12518]}}, {"type": "Feature", "properties": {"wikidata": "Q66984622", "name": "Q66984622", "status": "missing", "osm_id": null, "type": "scala"}, "geometry": {"type": "Point", "coordinates": [15.71997, 40.91313]}}, {"type": "Feature", "properties": {"wikidata": "Q66309052", "name": "Q66309052", "status": "missing", "osm_id": null, "type": "castello"}, "geometry": {"type": "Point", "coordinates": [16.5412929, 40.1495661]}}, {"type": "Feature", "properties": {"wikidata": "Q67080379", "name": "Q67080379", "status": "done", "osm_id": "node/7973679471", "type": "fontana"}, "geometry": {"type": "Point", "coordinates": [16.0281419, 40.8502086]}}, {"type": "Feature", "properties": {"wikidata": "Q66738140", "name": "Q66738140", "status": "missing", "osm_id": null, "type": "chiesa"}, "geometry": {"type": "Point", "coordinates": [16.1413022, 40.6233771]}}, {"type": "Feature", "properties": {"wikidata": "Q67080981", "name": "Q67080981", "status": "missing", "osm_id": null, "type": "strada urbana"}, "geometry": {"type": "Point", "coordinates": [15.677248642, 40.977336022]}}, {"type": "Feature", "properties": {"wikidata": "Q66986860", "name": "Q66986860", "status": "missing", "osm_id": null, "type": "memoriale di guerra"}, "geometry": {"type": "Point", "coordinates": [15.4830668, 40.753382]}}, {"type": "Feature", "properties": {"wikidata": "Q66740118", "name": "Q66740118", "status": "missing", "osm_id": null, "type": "abitazione rurale"}, "geometry": {"type": "Point", "coordinates": [15.7578317, 40.5617438]}}, {"type": "Feature", "properties": {"wikidata": "Q66984632", "name": "Q66984632", "status": "missing", "osm_id": null, "type": "parco cittadino"}, "geometry": {"type": "Point", "coordinates": [15.730527779, 40.913299057]}}, {"type": "Feature", "properties": {"wikidata": "Q67080023", "name": "Q67080023", "status": "missing", "osm_id": null, "type": "lavatoio"}, "geometry": {"type": "Point", "coordinates": [16.03842, 39.95102]}}, {"type": "Feature", "properties": {"wikidata": "Q67080019", "name": "Q67080019", "status": "missing", "osm_id": null, "type": "cascata"}, "geometry": {"type": "Point", "coordinates": [16.03706, 39.94815]}}, {"type": "Feature", "properties": {"wikidata": "Q66738811", "name": "Q66738811", "status": "missing", "osm_id": null, "type": "piazza"}, "geometry": {"type": "Point", "coordinates": [16.132833678, 40.683255946]}}, {"type": "Feature", "properties": {"wikidata": "Q67080021", "name": "Q67080021", "status": "missing", "osm_id": null, "type": "fontana"}, "geometry": {"type": "Point", "coordinates": [16.03787, 39.95368]}}, {"type": "Feature", "properties": {"wikidata": "Q67080016", "name": "Q67080016", "status": "missing", "osm_id": null, "type": "chiesa"}, "geometry": {"type": "Point", "coordinates": [16.04494, 39.94169]}}, {"type": "Feature", "properties": {"wikidata": "Q67080206", "name": "Q67080206", "status": "missing", "osm_id": null, "type": "chiesa"}, "geometry": {"type": "Point", "coordinates": [15.8998491, 40.3397877]}}, {"type": "Feature", "properties": {"wikidata": "Q67080207", "name": "Q67080207", "status": "missing", "osm_id": null, "type": "chiesa"}, "geometry": {"type": "Point", "coordinates": [15.8998491, 40.3397877]}}, {"type": "Feature", "properties": {"wikidata": "Q66986859", "name": "Q66986859", "status": "missing", "osm_id": null, "type": "societ\u00e0 di mutuo soccorso"}, "geometry": {"type": "Point", "coordinates": [15.4843096, 40.7528857]}}, {"type": "Feature", "properties": {"wikidata": "Q66826994", "name": "Q66826994", "status": "missing", "osm_id": null, "type": "rocca"}, "geometry": {"type": "Point", "coordinates": [15.6341909, 40.5450431]}}, {"type": "Feature", "properties": {"wikidata": "Q66309053", "name": "Q66309053", "status": "missing", "osm_id": null, "type": "arco"}, "geometry": {"type": "Point", "coordinates": [16.5432171, 40.149848]}}, {"type": "Feature", "properties": {"wikidata": "Q66738139", "name": "Q66738139", "status": "missing", "osm_id": null, "type": "convento"}, "geometry": {"type": "Point", "coordinates": [16.1427622, 40.6171199]}}, {"type": "Feature", "properties": {"wikidata": "Q66984679", "name": "Q66984679", "status": "missing", "osm_id": null, "type": "castello"}, "geometry": {"type": "Point", "coordinates": [15.723422, 40.9110521]}}, {"type": "Feature", "properties": {"wikidata": "Q67080988", "name": "Q67080988", "status": "done", "osm_id": "way/1432072203", "type": "chiesa"}, "geometry": {"type": "Point", "coordinates": [15.67606, 40.97637]}}, {"type": "Feature", "properties": {"wikidata": "Q67080214", "name": "Q67080214", "status": "done", "osm_id": "way/1094748292", "type": "castello"}, "geometry": {"type": "Point", "coordinates": [15.902077, 40.341072]}}, {"type": "Feature", "properties": {"wikidata": "Q67080211", "name": "Q67080211", "status": "missing", "osm_id": null, "type": "convento"}, "geometry": {"type": "Point", "coordinates": [15.8988308, 40.3375322]}}, {"type": "Feature", "properties": {"wikidata": "Q66738884", "name": "Q66738884", "status": "done", "osm_id": "node/391671256", "type": "memoriale di guerra"}, "geometry": {"type": "Point", "coordinates": [16.1443608, 40.622918]}}, {"type": "Feature", "properties": {"wikidata": "Q67080987", "name": "Q67080987", "status": "done", "osm_id": "way/1432072205", "type": "chiesa"}, "geometry": {"type": "Point", "coordinates": [15.67385, 40.97393]}}, {"type": "Feature", "properties": {"wikidata": "Q67080382", "name": "Q67080382", "status": "missing", "osm_id": null, "type": "parco cittadino"}, "geometry": {"type": "Point", "coordinates": [16.0295208, 40.8465676]}}, {"type": "Feature", "properties": {"wikidata": "Q66984606", "name": "Q66984606", "status": "missing", "osm_id": null, "type": "palazzo italiano"}, "geometry": {"type": "Point", "coordinates": [15.723422, 40.9110521]}}, {"type": "Feature", "properties": {"wikidata": "Q66866002", "name": "Q66866002", "status": "missing", "osm_id": null, "type": "osservatorio"}, "geometry": {"type": "Point", "coordinates": [15.4621089, 40.818001]}}, {"type": "Feature", "properties": {"wikidata": "Q67080209", "name": "Q67080209", "status": "missing", "osm_id": null, "type": "santuario"}, "geometry": {"type": "Point", "coordinates": [15.8566302, 40.3810053]}}, {"type": "Feature", "properties": {"wikidata": "Q66738136", "name": "Q66738136", "status": "missing", "osm_id": null, "type": "chiesa"}, "geometry": {"type": "Point", "coordinates": [16.15543, 40.63643]}}, {"type": "Feature", "properties": {"wikidata": "Q67080989", "name": "Q67080989", "status": "done", "osm_id": "way/1432072202", "type": "chiesa"}, "geometry": {"type": "Point", "coordinates": [15.67994, 40.9775]}}, {"type": "Feature", "properties": {"wikidata": "Q66984614", "name": "Q66984614", "status": "missing", "osm_id": null, "type": "arco"}, "geometry": {"type": "Point", "coordinates": [15.7205943, 40.9116617]}}, {"type": "Feature", "properties": {"wikidata": "Q67080203", "name": "Q67080203", "status": "missing", "osm_id": null, "type": "villa"}, "geometry": {"type": "Point", "coordinates": [15.898169, 40.3363181]}}, {"type": "Feature", "properties": {"wikidata": "Q67080976", "name": "Q67080976", "status": "missing", "osm_id": null, "type": "palazzo italiano"}, "geometry": {"type": "Point", "coordinates": [15.6749477, 40.9764219]}}, {"type": "Feature", "properties": {"wikidata": "Q66998887", "name": "Q66998887", "status": "missing", "osm_id": null, "type": "chiesa"}, "geometry": {"type": "Point", "coordinates": [16.08244, 40.67754]}}, {"type": "Feature", "properties": {"wikidata": "Q67080212", "name": "Q67080212", "status": "missing", "osm_id": null, "type": "lavatoio"}, "geometry": {"type": "Point", "coordinates": [15.90195486, 40.328574573]}}, {"type": "Feature", "properties": {"wikidata": "Q67080385", "name": "Q67080385", "status": "missing", "osm_id": null, "type": "fontana"}, "geometry": {"type": "Point", "coordinates": [16.0272941, 40.8542074]}}, {"type": "Feature", "properties": {"wikidata": "Q66986872", "name": "Q66986872", "status": "done", "osm_id": "way/69484929", "type": "ponte"}, "geometry": {"type": "Point", "coordinates": [15.4899123, 40.7537212]}}, {"type": "Feature", "properties": {"wikidata": "Q66308787", "name": "Q66308787", "status": "missing", "osm_id": null, "type": "monumento"}, "geometry": {"type": "Point", "coordinates": [16.5618524, 40.1483334]}}, {"type": "Feature", "properties": {"wikidata": "Q66738135", "name": "Q66738135", "status": "missing", "osm_id": null, "type": "chiesa"}, "geometry": {"type": "Point", "coordinates": [16.1441847, 40.6206119]}}, {"type": "Feature", "properties": {"wikidata": "Q67080974", "name": "Q67080974", "status": "missing", "osm_id": null, "type": "pianta monumentale"}, "geometry": {"type": "Point", "coordinates": [15.675677, 40.975815]}}, {"type": "Feature", "properties": {"wikidata": "Q66998909", "name": "Q66998909", "status": "missing", "osm_id": null, "type": "torre"}, "geometry": {"type": "Point", "coordinates": [16.08049, 40.67656]}}, {"type": "Feature", "properties": {"wikidata": "Q66738809", "name": "Q66738809", "status": "missing", "osm_id": null, "type": "piazza"}, "geometry": {"type": "Point", "coordinates": [16.1433468, 40.624093]}}, {"type": "Feature", "properties": {"wikidata": "Q67080022", "name": "Q67080022", "status": "missing", "osm_id": null, "type": "piazza"}, "geometry": {"type": "Point", "coordinates": [16.03877, 39.95303]}}, {"type": "Feature", "properties": {"wikidata": "Q67080977", "name": "Q67080977", "status": "missing", "osm_id": null, "type": "piazza"}, "geometry": {"type": "Point", "coordinates": [15.67571, 40.97692]}}, {"type": "Feature", "properties": {"wikidata": "Q66866001", "name": "Q66866001", "status": "missing", "osm_id": null, "type": "fontana"}, "geometry": {"type": "Point", "coordinates": [15.430848, 40.787287]}}, {"type": "Feature", "properties": {"wikidata": "Q66827026", "name": "Q66827026", "status": "missing", "osm_id": null, "type": "palazzo"}, "geometry": {"type": "Point", "coordinates": [15.6364986, 40.5447773]}}, {"type": "Feature", "properties": {"wikidata": "Q67080381", "name": "Q67080381", "status": "missing", "osm_id": null, "type": "chiesa"}, "geometry": {"type": "Point", "coordinates": [16.02983, 40.85359]}}, {"type": "Feature", "properties": {"wikidata": "Q66984613", "name": "Q66984613", "status": "missing", "osm_id": null, "type": "memoriale di guerra"}, "geometry": {"type": "Point", "coordinates": [15.723753347, 40.911128058]}}, {"type": "Feature", "properties": {"wikidata": "Q67080020", "name": "Q67080020", "status": "missing", "osm_id": null, "type": "fontana"}, "geometry": {"type": "Point", "coordinates": [16.03936, 39.95415]}}, {"type": "Feature", "properties": {"wikidata": "Q66738807", "name": "Q66738807", "status": "missing", "osm_id": null, "type": "fontana"}, "geometry": {"type": "Point", "coordinates": [16.1457583, 40.6186616]}}, {"type": "Feature", "properties": {"wikidata": "Q67080215", "name": "Q67080215", "status": "missing", "osm_id": null, "type": "monumento"}, "geometry": {"type": "Point", "coordinates": [15.8993913, 40.3474097]}}, {"type": "Feature", "properties": {"wikidata": "Q67080014", "name": "Q67080014", "status": "missing", "osm_id": null, "type": "memoriale di guerra"}, "geometry": {"type": "Point", "coordinates": [16.0399537, 39.9543594]}}, {"type": "Feature", "properties": {"wikidata": "Q66738137", "name": "Q66738137", "status": "done", "osm_id": "way/636237155", "type": "torre"}, "geometry": {"type": "Point", "coordinates": [16.1408366, 40.6234054]}}, {"type": "Feature", "properties": {"wikidata": "Q66738802", "name": "Q66738802", "status": "missing", "osm_id": null, "type": "chiesa"}, "geometry": {"type": "Point", "coordinates": [16.145014, 40.6222168]}}, {"type": "Feature", "properties": {"wikidata": "Q66738800", "name": "Q66738800", "status": "missing", "osm_id": null, "type": "chiesa"}, "geometry": {"type": "Point", "coordinates": [16.1385654, 40.6169265]}}, {"type": "Feature", "properties": {"wikidata": "Q67080984", "name": "Q67080984", "status": "missing", "osm_id": null, "type": "piazza"}, "geometry": {"type": "Point", "coordinates": [15.67409, 40.97522]}}, {"type": "Feature", "properties": {"wikidata": "Q66826877", "name": "Q66826877", "status": "missing", "osm_id": null, "type": "palazzo comunale"}, "geometry": {"type": "Point", "coordinates": [15.922928, 40.5163091]}}, {"type": "Feature", "properties": {"wikidata": "Q67080986", "name": "Q67080986", "status": "done", "osm_id": "way/1432072204", "type": "chiesa"}, "geometry": {"type": "Point", "coordinates": [15.67604, 40.97562]}}, {"type": "Feature", "properties": {"wikidata": "Q67080384", "name": "Q67080384", "status": "missing", "osm_id": null, "type": "valle"}, "geometry": {"type": "Point", "coordinates": [16.0311874, 40.8522846]}}, {"type": "Feature", "properties": {"wikidata": "Q66738806", "name": "Q66738806", "status": "missing", "osm_id": null, "type": "cappella"}, "geometry": {"type": "Point", "coordinates": [16.144981843, 40.62296995]}}, {"type": "Feature", "properties": {"wikidata": "Q67080210", "name": "Q67080210", "status": "missing", "osm_id": null, "type": "chiesa"}, "geometry": {"type": "Point", "coordinates": [15.9117996, 40.3339483]}}, {"type": "Feature", "properties": {"wikidata": "Q66986874", "name": "Q66986874", "status": "missing", "osm_id": null, "type": "diga"}, "geometry": {"type": "Point", "coordinates": [15.4760292, 40.7619451]}}, {"type": "Feature", "properties": {"wikidata": "Q67080975", "name": "Q67080975", "status": "missing", "osm_id": null, "type": "torre dell'orologio"}, "geometry": {"type": "Point", "coordinates": [15.6732051, 40.9769094]}}, {"type": "Feature", "properties": {"wikidata": "Q67080208", "name": "Q67080208", "status": "missing", "osm_id": null, "type": "chiesa"}, "geometry": {"type": "Point", "coordinates": [15.89912, 40.33769]}}, {"type": "Feature", "properties": {"wikidata": "Q66998894", "name": "Q66998894", "status": "missing", "osm_id": null, "type": "chiesa"}, "geometry": {"type": "Point", "coordinates": [16.08095, 40.6775]}}, {"type": "Feature", "properties": {"wikidata": "Q66738138", "name": "Q66738138", "status": "done", "osm_id": "way/444144905", "type": "torre"}, "geometry": {"type": "Point", "coordinates": [16.14351, 40.62598]}}, {"type": "Feature", "properties": {"wikidata": "Q66998896", "name": "Q66998896", "status": "missing", "osm_id": null, "type": "memoriale di guerra"}, "geometry": {"type": "Point", "coordinates": [16.0841948, 40.678841]}}, {"type": "Feature", "properties": {"wikidata": "Q52624", "name": "Q52624", "status": "done", "osm_id": "relation/40243", "type": "comune italiano"}, "geometry": {"type": "Point", "coordinates": [16.333333333, 40.083333333]}}, {"type": "Feature", "properties": {"wikidata": "Q52677", "name": "Q52677", "status": "done", "osm_id": "relation/40350", "type": "comune italiano"}, "geometry": {"type": "Point", "coordinates": [15.966666666, 40.266666666]}}, {"type": "Feature", "properties": {"wikidata": "Q134690239", "name": "Q134690239", "status": "missing", "osm_id": null, "type": "palazzo comunale"}, "geometry": {"type": "Point", "coordinates": [16.4569057, 40.4930117]}}, {"type": "Feature", "properties": {"wikidata": "Q52681", "name": "Q52681", "status": "done", "osm_id": "relation/40297", "type": "comune italiano"}, "geometry": {"type": "Point", "coordinates": [16.155277777, 40.127777777]}}, {"type": "Feature", "properties": {"wikidata": "Q52688", "name": "Q52688", "status": "done", "osm_id": "relation/40607", "type": "comune italiano"}, "geometry": {"type": "Point", "coordinates": [15.983333333, 40.583333333]}}, {"type": "Feature", "properties": {"wikidata": "Q52676", "name": "Q52676", "status": "done", "osm_id": "relation/40292", "type": "comune italiano"}, "geometry": {"type": "Point", "coordinates": [16.283333333, 40.133333333]}}, {"type": "Feature", "properties": {"wikidata": "Q52633", "name": "Q52633", "status": "done", "osm_id": "relation/40781", "type": "comune italiano"}, "geometry": {"type": "Point", "coordinates": [15.398805555, 40.836111111]}}, {"type": "Feature", "properties": {"wikidata": "Q52630", "name": "Q52630", "status": "done", "osm_id": "relation/40460", "type": "comune italiano"}, "geometry": {"type": "Point", "coordinates": [15.7351, 40.37507]}}, {"type": "Feature", "properties": {"wikidata": "Q52663", "name": "Q52663", "status": "done", "osm_id": "relation/40385", "type": "comune italiano"}, "geometry": {"type": "Point", "coordinates": [16.05, 40.233333333]}}, {"type": "Feature", "properties": {"wikidata": "Q118695895", "name": "Q118695895", "status": "done", "osm_id": "way/1024165859", "type": "chiesa"}, "geometry": {"type": "Point", "coordinates": [16.552833, 40.390139]}}, {"type": "Feature", "properties": {"wikidata": "Q52664", "name": "Q52664", "status": "done", "osm_id": "relation/40191", "type": "comune italiano"}, "geometry": {"type": "Point", "coordinates": [16.333333333, 40.033333333]}}, {"type": "Feature", "properties": {"wikidata": "Q52655", "name": "Q52655", "status": "done", "osm_id": "relation/40828", "type": "comune italiano"}, "geometry": {"type": "Point", "coordinates": [15.54, 40.847222222]}}, {"type": "Feature", "properties": {"wikidata": "Q52672", "name": "Q52672", "status": "done", "osm_id": "relation/40551", "type": "comune italiano"}, "geometry": {"type": "Point", "coordinates": [15.683333333, 40.483333333]}}, {"type": "Feature", "properties": {"wikidata": "Q52689", "name": "Q52689", "status": "done", "osm_id": "relation/40668", "type": "comune italiano"}, "geometry": {"type": "Point", "coordinates": [15.896061111, 40.675147222]}}, {"type": "Feature", "properties": {"wikidata": "Q118695873", "name": "Q118695873", "status": "missing", "osm_id": null, "type": "chiesa"}, "geometry": {"type": "Point", "coordinates": [16.663472, 40.557889]}}, {"type": "Feature", "properties": {"wikidata": "Q52644", "name": "Q52644", "status": "done", "osm_id": "relation/40955", "type": "comune italiano"}, "geometry": {"type": "Point", "coordinates": [15.6958824, 40.9886695]}}, {"type": "Feature", "properties": {"wikidata": "Q52682", "name": "Q52682", "status": "done", "osm_id": "relation/40139", "type": "comune italiano"}, "geometry": {"type": "Point", "coordinates": [16.3, 39.983333333]}}, {"type": "Feature", "properties": {"wikidata": "Q52646", "name": "Q52646", "status": "done", "osm_id": "relation/40905", "type": "comune italiano"}, "geometry": {"type": "Point", "coordinates": [15.666666666, 40.916666666]}}, {"type": "Feature", "properties": {"wikidata": "Q52635", "name": "Q52635", "status": "done", "osm_id": "relation/40702", "type": "comune italiano"}, "geometry": {"type": "Point", "coordinates": [15.883333333, 40.75]}}, {"type": "Feature", "properties": {"wikidata": "Q118695878", "name": "Q118695878", "status": "missing", "osm_id": null, "type": "chiesa"}, "geometry": {"type": "Point", "coordinates": [16.658611, 40.554639]}}, {"type": "Feature", "properties": {"wikidata": "Q118695885", "name": "Q118695885", "status": "done", "osm_id": "way/1208761058", "type": "chiesa"}, "geometry": {"type": "Point", "coordinates": [16.666389, 40.360806]}}, {"type": "Feature", "properties": {"wikidata": "Q52658", "name": "Q52658", "status": "done", "osm_id": "relation/40655", "type": "comune italiano"}, "geometry": {"type": "Point", "coordinates": [16.083333333, 40.683333333]}}, {"type": "Feature", "properties": {"wikidata": "Q118695891", "name": "Q118695891", "status": "done", "osm_id": "way/1024165843", "type": "chiesa"}, "geometry": {"type": "Point", "coordinates": [16.549944, 40.388528]}}, {"type": "Feature", "properties": {"wikidata": "Q52634", "name": "Q52634", "status": "done", "osm_id": "relation/40644", "type": "comune italiano"}, "geometry": {"type": "Point", "coordinates": [15.633333333, 40.633333333]}}, {"type": "Feature", "properties": {"wikidata": "Q52691", "name": "Q52691", "status": "done", "osm_id": "relation/40935", "type": "comune italiano"}, "geometry": {"type": "Point", "coordinates": [15.816666666, 40.966666666]}}, {"type": "Feature", "properties": {"wikidata": "Q118695879", "name": "Q118695879", "status": "missing", "osm_id": null, "type": "chiesa"}, "geometry": {"type": "Point", "coordinates": [16.664111, 40.5565]}}, {"type": "Feature", "properties": {"wikidata": "Q118695893", "name": "Q118695893", "status": "done", "osm_id": "way/490131557", "type": "chiesa"}, "geometry": {"type": "Point", "coordinates": [16.687556, 40.363389]}}, {"type": "Feature", "properties": {"wikidata": "Q118695871", "name": "Q118695871", "status": "missing", "osm_id": null, "type": "chiesa"}, "geometry": {"type": "Point", "coordinates": [16.664778, 40.55725]}}, {"type": "Feature", "properties": {"wikidata": "Q52649", "name": "Q52649", "status": "done", "osm_id": "relation/40332", "type": "comune italiano"}, "geometry": {"type": "Point", "coordinates": [16.2, 40.216666666]}}, {"type": "Feature", "properties": {"wikidata": "Q118695869", "name": "Q118695869", "status": "missing", "osm_id": null, "type": "chiesa"}, "geometry": {"type": "Point", "coordinates": [16.581583, 40.288944]}}, {"type": "Feature", "properties": {"wikidata": "Q118695876", "name": "Q118695876", "status": "missing", "osm_id": null, "type": "chiesa"}, "geometry": {"type": "Point", "coordinates": [16.667472, 40.552944]}}, {"type": "Feature", "properties": {"wikidata": "Q52660", "name": "Q52660", "status": "done", "osm_id": "relation/40321", "type": "comune italiano"}, "geometry": {"type": "Point", "coordinates": [16.07635, 40.19072]}}, {"type": "Feature", "properties": {"wikidata": "Q52662", "name": "Q52662", "status": "done", "osm_id": "relation/40775", "type": "comune italiano"}, "geometry": {"type": "Point", "coordinates": [15.54043, 40.81647]}}, {"type": "Feature", "properties": {"wikidata": "Q118695872", "name": "Q118695872", "status": "missing", "osm_id": null, "type": "chiesa"}, "geometry": {"type": "Point", "coordinates": [16.662444, 40.557917]}}, {"type": "Feature", "properties": {"wikidata": "Q118695880", "name": "Q118695880", "status": "missing", "osm_id": null, "type": "palazzo"}, "geometry": {"type": "Point", "coordinates": [16.66475, 40.55625]}}, {"type": "Feature", "properties": {"wikidata": "Q52695", "name": "Q52695", "status": "done", "osm_id": "relation/40450", "type": "comune italiano"}, "geometry": {"type": "Point", "coordinates": [15.9, 40.333333333]}}, {"type": "Feature", "properties": {"wikidata": "Q134690240", "name": "Q134690240", "status": "missing", "osm_id": null, "type": "palazzo comunale"}, "geometry": {"type": "Point", "coordinates": [16.6909129, 40.2502548]}}, {"type": "Feature", "properties": {"wikidata": "Q52623", "name": "Q52623", "status": "done", "osm_id": "relation/40232", "type": "comune italiano"}, "geometry": {"type": "Point", "coordinates": [15.8, 40.066666666]}}, {"type": "Feature", "properties": {"wikidata": "Q134690242", "name": "Q134690242", "status": "missing", "osm_id": null, "type": "palazzo comunale"}, "geometry": {"type": "Point", "coordinates": [16.5389514, 40.1469797]}}, {"type": "Feature", "properties": {"wikidata": "Q52675", "name": "Q52675", "status": "done", "osm_id": "relation/40604", "type": "comune italiano"}, "geometry": {"type": "Point", "coordinates": [15.55, 40.566666666]}}, {"type": "Feature", "properties": {"wikidata": "Q52670", "name": "Q52670", "status": "done", "osm_id": "relation/40341", "type": "comune italiano"}, "geometry": {"type": "Point", "coordinates": [15.909783, 40.2230402]}}, {"type": "Feature", "properties": {"wikidata": "Q52683", "name": "Q52683", "status": "done", "osm_id": "relation/40579", "type": "comune italiano"}, "geometry": {"type": "Point", "coordinates": [15.683333333, 40.583333333]}}, {"type": "Feature", "properties": {"wikidata": "Q118695892", "name": "Q118695892", "status": "done", "osm_id": "way/1023996053", "type": "chiesa"}, "geometry": {"type": "Point", "coordinates": [16.563222, 40.38975]}}, {"type": "Feature", "properties": {"wikidata": "Q118695883", "name": "Q118695883", "status": "missing", "osm_id": null, "type": "chiesa"}, "geometry": {"type": "Point", "coordinates": [16.186094, 40.533972]}}, {"type": "Feature", "properties": {"wikidata": "Q52625", "name": "Q52625", "status": "done", "osm_id": "relation/40742", "type": "comune italiano"}, "geometry": {"type": "Point", "coordinates": [15.983333333, 40.766666666]}}, {"type": "Feature", "properties": {"wikidata": "Q52652", "name": "Q52652", "status": "done", "osm_id": "relation/40135", "type": "comune italiano"}, "geometry": {"type": "Point", "coordinates": [16.039763888, 39.954275]}}, {"type": "Feature", "properties": {"wikidata": "Q52647", "name": "Q52647", "status": "done", "osm_id": "relation/40842", "type": "comune italiano"}, "geometry": {"type": "Point", "coordinates": [15.725555555, 40.912777777]}}, {"type": "Feature", "properties": {"wikidata": "Q52654", "name": "Q52654", "status": "done", "osm_id": "relation/40686", "type": "comune italiano"}, "geometry": {"type": "Point", "coordinates": [15.683333333, 40.716666666]}}, {"type": "Feature", "properties": {"wikidata": "Q52673", "name": "Q52673", "status": "done", "osm_id": "relation/40570", "type": "comune italiano"}, "geometry": {"type": "Point", "coordinates": [15.639166666, 40.545]}}, {"type": "Feature", "properties": {"wikidata": "Q52669", "name": "Q52669", "status": "done", "osm_id": "relation/40353", "type": "comune italiano"}, "geometry": {"type": "Point", "coordinates": [16.27046, 40.24852]}}, {"type": "Feature", "properties": {"wikidata": "Q118695894", "name": "Q118695894", "status": "done", "osm_id": "way/1208764851", "type": "chiesa"}, "geometry": {"type": "Point", "coordinates": [16.581667, 40.381833]}}, {"type": "Feature", "properties": {"wikidata": "Q52668", "name": "Q52668", "status": "done", "osm_id": "relation/40577", "type": "comune italiano"}, "geometry": {"type": "Point", "coordinates": [15.5575, 40.546944444]}}, {"type": "Feature", "properties": {"wikidata": "Q118695884", "name": "Q118695884", "status": "missing", "osm_id": null, "type": "chiesa"}, "geometry": {"type": "Point", "coordinates": [16.184003, 40.534797]}}, {"type": "Feature", "properties": {"wikidata": "Q52661", "name": "Q52661", "status": "done", "osm_id": "relation/40213", "type": "comune italiano"}, "geometry": {"type": "Point", "coordinates": [16.3, 40.033333333]}}, {"type": "Feature", "properties": {"wikidata": "Q52638", "name": "Q52638", "status": "done", "osm_id": "relation/40514", "type": "comune italiano"}, "geometry": {"type": "Point", "coordinates": [16.066666666, 40.516666666]}}, {"type": "Feature", "properties": {"wikidata": "Q118695887", "name": "Q118695887", "status": "done", "osm_id": "way/1024228425", "type": "chiesa"}, "geometry": {"type": "Point", "coordinates": [16.553278, 40.392056]}}, {"type": "Feature", "properties": {"wikidata": "Q52666", "name": "Q52666", "status": "done", "osm_id": "relation/40165", "type": "comune italiano"}, "geometry": {"type": "Point", "coordinates": [16.133333333, 40.016666666]}}, {"type": "Feature", "properties": {"wikidata": "Q52648", "name": "Q52648", "status": "done", "osm_id": "relation/40231", "type": "comune italiano"}, "geometry": {"type": "Point", "coordinates": [15.75798, 40.07821]}}, {"type": "Feature", "properties": {"wikidata": "Q118695886", "name": "Q118695886", "status": "done", "osm_id": "way/1208761057", "type": "chiesa"}, "geometry": {"type": "Point", "coordinates": [16.646361, 40.358417]}}, {"type": "Feature", "properties": {"wikidata": "Q118695877", "name": "Q118695877", "status": "missing", "osm_id": null, "type": "chiesa"}, "geometry": {"type": "Point", "coordinates": [16.666167, 40.552025]}}, {"type": "Feature", "properties": {"wikidata": "Q118695874", "name": "Q118695874", "status": "missing", "osm_id": null, "type": "chiesa"}, "geometry": {"type": "Point", "coordinates": [16.664306, 40.556778]}}, {"type": "Feature", "properties": {"wikidata": "Q52692", "name": "Q52692", "status": "done", "osm_id": "relation/40618", "type": "comune italiano"}, "geometry": {"type": "Point", "coordinates": [15.5, 40.6]}}, {"type": "Feature", "properties": {"wikidata": "Q52645", "name": "Q52645", "status": "done", "osm_id": "relation/40812", "type": "comune italiano"}, "geometry": {"type": "Point", "coordinates": [15.5, 40.85]}}, {"type": "Feature", "properties": {"wikidata": "Q134690243", "name": "Q134690243", "status": "missing", "osm_id": null, "type": "palazzo comunale"}, "geometry": {"type": "Point", "coordinates": [15.7844632, 40.5747589]}}, {"type": "Feature", "properties": {"wikidata": "Q118695875", "name": "Q118695875", "status": "missing", "osm_id": null, "type": "chiesa"}, "geometry": {"type": "Point", "coordinates": [16.665583, 40.555139]}}, {"type": "Feature", "properties": {"wikidata": "Q52628", "name": "Q52628", "status": "done", "osm_id": "relation/40826", "type": "comune italiano"}, "geometry": {"type": "Point", "coordinates": [15.981388888, 40.932222222]}}, {"type": "Feature", "properties": {"wikidata": "Q52684", "name": "Q52684", "status": "done", "osm_id": "relation/40670", "type": "comune italiano"}, "geometry": {"type": "Point", "coordinates": [16.016666666, 40.7]}}, {"type": "Feature", "properties": {"wikidata": "Q118695870", "name": "Q118695870", "status": "missing", "osm_id": null, "type": "chiesa"}, "geometry": {"type": "Point", "coordinates": [16.560472, 40.291639]}}, {"type": "Feature", "properties": {"wikidata": "Q118695882", "name": "Q118695882", "status": "missing", "osm_id": null, "type": "chiesa"}, "geometry": {"type": "Point", "coordinates": [16.191639, 40.531306]}}, {"type": "Feature", "properties": {"wikidata": "Q52687", "name": "Q52687", "status": "done", "osm_id": "relation/40205", "type": "comune italiano"}, "geometry": {"type": "Point", "coordinates": [15.766666666, 40.033333333]}}, {"type": "Feature", "properties": {"wikidata": "Q52686", "name": "Q52686", "status": "done", "osm_id": "relation/40410", "type": "comune italiano"}, "geometry": {"type": "Point", "coordinates": [15.783333333, 40.316666666]}}, {"type": "Feature", "properties": {"wikidata": "Q52639", "name": "Q52639", "status": "done", "osm_id": "relation/40606", "type": "comune italiano"}, "geometry": {"type": "Point", "coordinates": [15.783333333, 40.566666666]}}, {"type": "Feature", "properties": {"wikidata": "Q118695889", "name": "Q118695889", "status": "done", "osm_id": "way/1025220926", "type": "chiesa"}, "geometry": {"type": "Point", "coordinates": [16.555611, 40.3905]}}, {"type": "Feature", "properties": {"wikidata": "Q52693", "name": "Q52693", "status": "done", "osm_id": "relation/40148", "type": "comune italiano"}, "geometry": {"type": "Point", "coordinates": [16.083333333, 39.966666666]}}, {"type": "Feature", "properties": {"wikidata": "Q118695881", "name": "Q118695881", "status": "missing", "osm_id": null, "type": "chiesa"}, "geometry": {"type": "Point", "coordinates": [16.640167, 40.130722]}}]}