{"type": "FeatureCollection", "features": [{"type": "Feature", "properties": {"wikidata": "Q188587", "name": "Follonica", "status": "done", "osm_id": "relation/42246", "group": "Amministrazione", "subgroup": "Uffici Pubblici", "subcategory": "Comune italiano"}, "geometry": {"type": "Point", "coordinates": [10.761388888, 42.918888888]}}, {"type": "Feature", "properties": {"wikidata": "Q214936", "name": "Roccalbegna", "status": "done", "osm_id": "relation/42145", "group": "Amministrazione", "subgroup": "Uffici Pubblici", "subcategory": "Comune italiano"}, "geometry": {"type": "Point", "coordinates": [11.51, 42.786944444]}}, {"type": "Feature", "properties": {"wikidata": "Q215116", "name": "Scansano", "status": "done", "osm_id": "relation/42131", "group": "Amministrazione", "subgroup": "Uffici Pubblici", "subcategory": "Comune italiano"}, "geometry": {"type": "Point", "coordinates": [11.334722222, 42.689722222]}}, {"type": "Feature", "properties": {"wikidata": "Q214725", "name": "Massa Marittima", "status": "done", "osm_id": "relation/42254", "group": "Amministrazione", "subgroup": "Uffici Pubblici", "subcategory": "Comune italiano"}, "geometry": {"type": "Point", "coordinates": [10.893611111, 43.05]}}, {"type": "Feature", "properties": {"wikidata": "Q133982", "name": "Museo di storia naturale di Firenze, sezione di botanica", "status": "missing", "osm_id": null, "group": "Cultura e tempo libero", "subgroup": "Musei", "subcategory": "Museo"}, "geometry": {"type": "Point", "coordinates": [11.26008, 43.77805]}}, {"type": "Feature", "properties": {"wikidata": "Q157708", "name": "Campo nell'Elba", "status": "done", "osm_id": "relation/42152", "group": "Amministrazione", "subgroup": "Uffici Pubblici", "subcategory": "Comune italiano"}, "geometry": {"type": "Point", "coordinates": [10.233333333, 42.75]}}, {"type": "Feature", "properties": {"wikidata": "Q157733", "name": "Capraia Isola", "status": "done", "osm_id": "relation/42288", "group": "Amministrazione", "subgroup": "Uffici Pubblici", "subcategory": "Comune italiano"}, "geometry": {"type": "Point", "coordinates": [9.8403, 43.0487]}}, {"type": "Feature", "properties": {"wikidata": "Q219330", "name": "Pietrasanta", "status": "done", "osm_id": "relation/42756", "group": "Amministrazione", "subgroup": "Uffici Pubblici", "subcategory": "Comune italiano"}, "geometry": {"type": "Point", "coordinates": [10.21827, 43.94519]}}, {"type": "Feature", "properties": {"wikidata": "Q141423", "name": "Suvereto", "status": "done", "osm_id": "relation/42276", "group": "Amministrazione", "subgroup": "Uffici Pubblici", "subcategory": "Comune italiano"}, "geometry": {"type": "Point", "coordinates": [10.683333333, 43.083333333]}}, {"type": "Feature", "properties": {"wikidata": "Q185303", "name": "santuario di Santa Caterina", "status": "done", "osm_id": "way/50059765", "group": "Religione", "subgroup": "Luoghi di Culto", "subcategory": "Chiesa"}, "geometry": {"type": "Point", "coordinates": [11.32829, 43.31986]}}, {"type": "Feature", "properties": {"wikidata": "Q217661", "name": "Pescaglia", "status": "done", "osm_id": "relation/42748", "group": "Amministrazione", "subgroup": "Uffici Pubblici", "subcategory": "Comune italiano"}, "geometry": {"type": "Point", "coordinates": [10.416666666, 43.966666666]}}, {"type": "Feature", "properties": {"wikidata": "Q217133", "name": "Forte dei Marmi", "status": "done", "osm_id": "relation/42777", "group": "Amministrazione", "subgroup": "Uffici Pubblici", "subcategory": "Comune italiano"}, "geometry": {"type": "Point", "coordinates": [10.183333333, 43.95]}}, {"type": "Feature", "properties": {"wikidata": "Q216886", "name": "Careggine", "status": "done", "osm_id": "relation/42835", "group": "Amministrazione", "subgroup": "Uffici Pubblici", "subcategory": "Comune italiano"}, "geometry": {"type": "Point", "coordinates": [10.326388888, 44.120833333]}}, {"type": "Feature", "properties": {"wikidata": "Q157745", "name": "Castagneto Carducci", "status": "done", "osm_id": "relation/42336", "group": "Amministrazione", "subgroup": "Uffici Pubblici", "subcategory": "Comune italiano"}, "geometry": {"type": "Point", "coordinates": [10.6, 43.166666666]}}, {"type": "Feature", "properties": {"wikidata": "Q217615", "name": "Montecarlo", "status": "done", "osm_id": "relation/42683", "group": "Amministrazione", "subgroup": "Uffici Pubblici", "subcategory": "Comune italiano"}, "geometry": {"type": "Point", "coordinates": [10.6686, 43.8504]}}, {"type": "Feature", "properties": {"wikidata": "Q157880", "name": "Sassetta", "status": "done", "osm_id": "relation/42339", "group": "Amministrazione", "subgroup": "Uffici Pubblici", "subcategory": "Comune italiano"}, "geometry": {"type": "Point", "coordinates": [10.65, 43.133333333]}}, {"type": "Feature", "properties": {"wikidata": "Q212203", "name": "Arcipelago toscano", "status": "done", "osm_id": "relation/6495403", "group": "Altro", "subgroup": "Altro", "subcategory": "Altro"}, "geometry": {"type": "Point", "coordinates": [10.51666, 42.50855]}}, {"type": "Feature", "properties": {"wikidata": "Q157686", "name": "Campiglia Marittima", "status": "done", "osm_id": "relation/42282", "group": "Amministrazione", "subgroup": "Uffici Pubblici", "subcategory": "Comune italiano"}, "geometry": {"type": "Point", "coordinates": [10.616666666, 43.066666666]}}, {"type": "Feature", "properties": {"wikidata": "Q215146", "name": "Seggiano", "status": "done", "osm_id": "relation/42231", "group": "Amministrazione", "subgroup": "Uffici Pubblici", "subcategory": "Comune italiano"}, "geometry": {"type": "Point", "coordinates": [11.558333333, 42.929166666]}}, {"type": "Feature", "properties": {"wikidata": "Q157876", "name": "San Vincenzo", "status": "done", "osm_id": "relation/42286", "group": "Amministrazione", "subgroup": "Uffici Pubblici", "subcategory": "Comune italiano"}, "geometry": {"type": "Point", "coordinates": [10.5387914, 43.1006951]}}, {"type": "Feature", "properties": {"wikidata": "Q217520", "name": "Minucciano", "status": "done", "osm_id": "relation/42887", "group": "Amministrazione", "subgroup": "Uffici Pubblici", "subcategory": "Comune italiano"}, "geometry": {"type": "Point", "coordinates": [10.216666666, 44.166666666]}}, {"type": "Feature", "properties": {"wikidata": "Q214691", "name": "Magliano in Toscana", "status": "done", "osm_id": "relation/42096", "group": "Amministrazione", "subgroup": "Uffici Pubblici", "subcategory": "Comune italiano"}, "geometry": {"type": "Point", "coordinates": [11.293055555, 42.598888888]}}, {"type": "Feature", "properties": {"wikidata": "Q216399", "name": "Bagni di Lucca", "status": "done", "osm_id": "relation/42786", "group": "Amministrazione", "subgroup": "Uffici Pubblici", "subcategory": "Comune italiano"}, "geometry": {"type": "Point", "coordinates": [10.579444444, 44.009444444]}}, {"type": "Feature", "properties": {"wikidata": "Q218939", "name": "Piazza al Serchio", "status": "done", "osm_id": "relation/42928", "group": "Amministrazione", "subgroup": "Uffici Pubblici", "subcategory": "Comune italiano"}, "geometry": {"type": "Point", "coordinates": [10.3, 44.183333333]}}, {"type": "Feature", "properties": {"wikidata": "Q215008", "name": "Santa Fiora", "status": "done", "osm_id": "relation/42161", "group": "Amministrazione", "subgroup": "Uffici Pubblici", "subcategory": "Comune italiano"}, "geometry": {"type": "Point", "coordinates": [11.585277777, 42.831944444]}}, {"type": "Feature", "properties": {"wikidata": "Q191739", "name": "Cattedrale di Santa Maria del Fiore", "status": "done", "osm_id": "way/43768260", "group": "Religione", "subgroup": "Luoghi di Culto", "subcategory": "Basilica minore"}, "geometry": {"type": "Point", "coordinates": [11.256944444, 43.773055555]}}, {"type": "Feature", "properties": {"wikidata": "Q188499", "name": "Castel del Piano", "status": "done", "osm_id": "relation/42216", "group": "Amministrazione", "subgroup": "Uffici Pubblici", "subcategory": "Comune italiano"}, "geometry": {"type": "Point", "coordinates": [11.539444444, 42.890833333]}}, {"type": "Feature", "properties": {"wikidata": "Q216853", "name": "Camaiore", "status": "done", "osm_id": "relation/42724", "group": "Amministrazione", "subgroup": "Uffici Pubblici", "subcategory": "Comune italiano"}, "geometry": {"type": "Point", "coordinates": [10.3, 43.933333333]}}, {"type": "Feature", "properties": {"wikidata": "Q214849", "name": "Orbetello", "status": "done", "osm_id": "relation/42015", "group": "Amministrazione", "subgroup": "Uffici Pubblici", "subcategory": "Comune italiano"}, "geometry": {"type": "Point", "coordinates": [11.2125, 42.439444444]}}, {"type": "Feature", "properties": {"wikidata": "Q217449", "name": "Val d'Orcia", "status": "done", "osm_id": "way/1314262565", "group": "Altro", "subgroup": "Altro", "subcategory": "Altro"}, "geometry": {"type": "Point", "coordinates": [11.55, 43.066666666]}}, {"type": "Feature", "properties": {"wikidata": "Q208114", "name": "Isola di Pianosa", "status": "done", "osm_id": "way/27129378", "group": "Natura e paesaggio", "subgroup": "Mare e Costa", "subcategory": "Isola"}, "geometry": {"type": "Point", "coordinates": [10.083333333, 42.583333333]}}, {"type": "Feature", "properties": {"wikidata": "Q215123", "name": "Scarlino", "status": "done", "osm_id": "relation/42206", "group": "Amministrazione", "subgroup": "Uffici Pubblici", "subcategory": "Comune italiano"}, "geometry": {"type": "Point", "coordinates": [10.850833333, 42.908055555]}}, {"type": "Feature", "properties": {"wikidata": "Q157792", "name": "Marciana", "status": "done", "osm_id": "relation/42162", "group": "Amministrazione", "subgroup": "Uffici Pubblici", "subcategory": "Comune italiano"}, "geometry": {"type": "Point", "coordinates": [10.166666666, 42.783333333]}}, {"type": "Feature", "properties": {"wikidata": "Q217251", "name": "Fosciandora", "status": "done", "osm_id": "relation/42871", "group": "Amministrazione", "subgroup": "Uffici Pubblici", "subcategory": "Comune italiano"}, "geometry": {"type": "Point", "coordinates": [10.459444444, 44.115833333]}}, {"type": "Feature", "properties": {"wikidata": "Q188471", "name": "Arcidosso", "status": "done", "osm_id": "relation/42196", "group": "Amministrazione", "subgroup": "Uffici Pubblici", "subcategory": "Comune italiano"}, "geometry": {"type": "Point", "coordinates": [11.5375, 42.872222222]}}, {"type": "Feature", "properties": {"wikidata": "Q208633", "name": "Ponte Vecchio", "status": "done", "osm_id": "relation/5342094", "group": "Altro", "subgroup": "Altro", "subcategory": "Altro"}, "geometry": {"type": "Point", "coordinates": [11.25319167, 43.76798889]}}, {"type": "Feature", "properties": {"wikidata": "Q216492", "name": "Borgo a Mozzano", "status": "done", "osm_id": "relation/42757", "group": "Amministrazione", "subgroup": "Uffici Pubblici", "subcategory": "Comune italiano"}, "geometry": {"type": "Point", "coordinates": [10.546666666, 43.979722222]}}, {"type": "Feature", "properties": {"wikidata": "Q178954", "name": "Istituto geografico militare", "status": "missing", "osm_id": null, "group": "Altro", "subgroup": "Altro", "subcategory": "Altro"}, "geometry": {"type": "Point", "coordinates": [11.260037, 43.777323]}}, {"type": "Feature", "properties": {"wikidata": "Q214929", "name": "Pitigliano", "status": "done", "osm_id": "relation/42088", "group": "Amministrazione", "subgroup": "Uffici Pubblici", "subcategory": "Comune italiano"}, "geometry": {"type": "Point", "coordinates": [11.668333333, 42.634444444]}}, {"type": "Feature", "properties": {"wikidata": "Q188565", "name": "Cinigiano", "status": "done", "osm_id": "relation/42230", "group": "Amministrazione", "subgroup": "Uffici Pubblici", "subcategory": "Comune italiano"}, "geometry": {"type": "Point", "coordinates": [11.3925, 42.890555555]}}, {"type": "Feature", "properties": {"wikidata": "Q188547", "name": "Castiglione della Pescaia", "status": "done", "osm_id": "relation/42170", "group": "Amministrazione", "subgroup": "Uffici Pubblici", "subcategory": "Comune italiano"}, "geometry": {"type": "Point", "coordinates": [10.880833333, 42.765555555]}}, {"type": "Feature", "properties": {"wikidata": "Q157856", "name": "Portoferraio", "status": "done", "osm_id": "relation/42158", "group": "Amministrazione", "subgroup": "Uffici Pubblici", "subcategory": "Comune italiano"}, "geometry": {"type": "Point", "coordinates": [10.316666666, 42.816666666]}}, {"type": "Feature", "properties": {"wikidata": "Q157824", "name": "Piombino", "status": "done", "osm_id": "relation/42248", "group": "Amministrazione", "subgroup": "Uffici Pubblici", "subcategory": "Comune italiano"}, "geometry": {"type": "Point", "coordinates": [10.52212, 42.934824]}}, {"type": "Feature", "properties": {"wikidata": "Q214731", "name": "Monte Argentario", "status": "done", "osm_id": "relation/42010", "group": "Amministrazione", "subgroup": "Uffici Pubblici", "subcategory": "Comune italiano"}, "geometry": {"type": "Point", "coordinates": [11.11954, 42.43452]}}, {"type": "Feature", "properties": {"wikidata": "Q216959", "name": "Castiglione di Garfagnana", "status": "done", "osm_id": "relation/42930", "group": "Amministrazione", "subgroup": "Uffici Pubblici", "subcategory": "Comune italiano"}, "geometry": {"type": "Point", "coordinates": [10.411666666, 44.150833333]}}, {"type": "Feature", "properties": {"wikidata": "Q188598", "name": "Gavorrano", "status": "done", "osm_id": "relation/42222", "group": "Amministrazione", "subgroup": "Uffici Pubblici", "subcategory": "Comune italiano"}, "geometry": {"type": "Point", "coordinates": [10.908333333, 42.925]}}, {"type": "Feature", "properties": {"wikidata": "Q217269", "name": "Gallicano", "status": "done", "osm_id": "relation/42808", "group": "Amministrazione", "subgroup": "Uffici Pubblici", "subcategory": "Comune italiano"}, "geometry": {"type": "Point", "coordinates": [10.433333333, 44.066666666]}}, {"type": "Feature", "properties": {"wikidata": "Q216977", "name": "Coreglia Antelminelli", "status": "done", "osm_id": "relation/44873", "group": "Amministrazione", "subgroup": "Uffici Pubblici", "subcategory": "Comune italiano"}, "geometry": {"type": "Point", "coordinates": [10.526388888, 44.064444444]}}, {"type": "Feature", "properties": {"wikidata": "Q188480", "name": "Campagnatico", "status": "done", "osm_id": "relation/42178", "group": "Amministrazione", "subgroup": "Uffici Pubblici", "subcategory": "Comune italiano"}, "geometry": {"type": "Point", "coordinates": [11.271388888, 42.884444444]}}, {"type": "Feature", "properties": {"wikidata": "Q188490", "name": "Capalbio", "status": "done", "osm_id": "relation/42008", "group": "Amministrazione", "subgroup": "Uffici Pubblici", "subcategory": "Comune italiano"}, "geometry": {"type": "Point", "coordinates": [11.4225, 42.454166666]}}, {"type": "Feature", "properties": {"wikidata": "Q216385", "name": "Altopascio", "status": "done", "osm_id": "relation/42638", "group": "Amministrazione", "subgroup": "Uffici Pubblici", "subcategory": "Comune italiano"}, "geometry": {"type": "Point", "coordinates": [10.674722222, 43.816666666]}}, {"type": "Feature", "properties": {"wikidata": "Q204152", "name": "Isola del Giglio", "status": "done", "osm_id": "relation/1590653", "group": "Amministrazione", "subgroup": "Uffici Pubblici", "subcategory": "Comune italiano"}, "geometry": {"type": "Point", "coordinates": [10.905, 42.355]}}, {"type": "Feature", "properties": {"wikidata": "Q154184", "name": "Anchiano", "status": "done", "osm_id": "node/2015572071", "group": "Insediamenti", "subgroup": "Centri", "subcategory": "Frazione"}, "geometry": {"type": "Point", "coordinates": [10.938133333, 43.799166666]}}, {"type": "Feature", "properties": {"wikidata": "Q214997", "name": "Roccastrada", "status": "done", "osm_id": "relation/42235", "group": "Amministrazione", "subgroup": "Uffici Pubblici", "subcategory": "Comune italiano"}, "geometry": {"type": "Point", "coordinates": [11.168333333, 43.009722222]}}, {"type": "Feature", "properties": {"wikidata": "Q216903", "name": "Castelnuovo di Garfagnana", "status": "done", "osm_id": "relation/42860", "group": "Amministrazione", "subgroup": "Uffici Pubblici", "subcategory": "Comune italiano"}, "geometry": {"type": "Point", "coordinates": [10.405555555, 44.121944444]}}, {"type": "Feature", "properties": {"wikidata": "Q214841", "name": "Montieri", "status": "done", "osm_id": "relation/42316", "group": "Amministrazione", "subgroup": "Uffici Pubblici", "subcategory": "Comune italiano"}, "geometry": {"type": "Point", "coordinates": [11.016666666, 43.131111111]}}, {"type": "Feature", "properties": {"wikidata": "Q168876", "name": "PalaEstra", "status": "done", "osm_id": "way/60438104", "group": "Dimore ed edifici", "subgroup": "Strutture Varie", "subcategory": "Struttura architettonica"}, "geometry": {"type": "Point", "coordinates": [11.313689, 43.334]}}, {"type": "Feature", "properties": {"wikidata": "Q157762", "name": "Cecina", "status": "done", "osm_id": "relation/42403", "group": "Amministrazione", "subgroup": "Uffici Pubblici", "subcategory": "Comune italiano"}, "geometry": {"type": "Point", "coordinates": [10.525, 43.313888888]}}, {"type": "Feature", "properties": {"wikidata": "Q217571", "name": "Molazzana", "status": "done", "osm_id": "relation/42830", "group": "Amministrazione", "subgroup": "Uffici Pubblici", "subcategory": "Comune italiano"}, "geometry": {"type": "Point", "coordinates": [10.416666666, 44.066666666]}}, {"type": "Feature", "properties": {"wikidata": "Q203169", "name": "Isola di Montecristo", "status": "done", "osm_id": "relation/12832679", "group": "Natura e paesaggio", "subgroup": "Mare e Costa", "subcategory": "Isola"}, "geometry": {"type": "Point", "coordinates": [10.316666666, 42.333333333]}}, {"type": "Feature", "properties": {"wikidata": "Q157837", "name": "Porto Azzurro", "status": "done", "osm_id": "relation/42156", "group": "Amministrazione", "subgroup": "Uffici Pubblici", "subcategory": "Comune italiano"}, "geometry": {"type": "Point", "coordinates": [10.4, 42.766666666]}}, {"type": "Feature", "properties": {"wikidata": "Q157673", "name": "Bibbona", "status": "done", "osm_id": "relation/42392", "group": "Amministrazione", "subgroup": "Uffici Pubblici", "subcategory": "Comune italiano"}, "geometry": {"type": "Point", "coordinates": [10.594444444, 43.269444444]}}, {"type": "Feature", "properties": {"wikidata": "Q157805", "name": "Marciana Marina", "status": "done", "osm_id": "relation/42177", "group": "Amministrazione", "subgroup": "Uffici Pubblici", "subcategory": "Comune italiano"}, "geometry": {"type": "Point", "coordinates": [10.2, 42.8]}}, {"type": "Feature", "properties": {"wikidata": "Q188573", "name": "Civitella Paganico", "status": "done", "osm_id": "relation/42244", "group": "Amministrazione", "subgroup": "Uffici Pubblici", "subcategory": "Comune italiano"}, "geometry": {"type": "Point", "coordinates": [11.281666666, 42.995]}}, {"type": "Feature", "properties": {"wikidata": "Q217489", "name": "Massarosa", "status": "done", "osm_id": "relation/42665", "group": "Amministrazione", "subgroup": "Uffici Pubblici", "subcategory": "Comune italiano"}, "geometry": {"type": "Point", "coordinates": [10.333333333, 43.866666666]}}, {"type": "Feature", "properties": {"wikidata": "Q216881", "name": "Capannori", "status": "done", "osm_id": "relation/42613", "group": "Amministrazione", "subgroup": "Uffici Pubblici", "subcategory": "Comune italiano"}, "geometry": {"type": "Point", "coordinates": [10.573611111, 43.875555555]}}, {"type": "Feature", "properties": {"wikidata": "Q167669", "name": "Monte Labbro", "status": "done", "osm_id": "node/1129651346", "group": "Natura e paesaggio", "subgroup": "Montagna", "subcategory": "Montagna"}, "geometry": {"type": "Point", "coordinates": [11.526064028, 42.82034423]}}, {"type": "Feature", "properties": {"wikidata": "Q176925", "name": "Garfagnana", "status": "missing", "osm_id": null, "group": "Altro", "subgroup": "Altro", "subcategory": "Altro"}, "geometry": {"type": "Point", "coordinates": [10.43, 44.09]}}, {"type": "Feature", "properties": {"wikidata": "Q157871", "name": "Rosignano Marittimo", "status": "done", "osm_id": "relation/42430", "group": "Amministrazione", "subgroup": "Uffici Pubblici", "subcategory": "Comune italiano"}, "geometry": {"type": "Point", "coordinates": [10.466666666, 43.4]}}, {"type": "Feature", "properties": {"wikidata": "Q215152", "name": "Semproniano", "status": "done", "osm_id": "relation/42139", "group": "Amministrazione", "subgroup": "Uffici Pubblici", "subcategory": "Comune italiano"}, "geometry": {"type": "Point", "coordinates": [11.541111111, 42.73]}}, {"type": "Feature", "properties": {"wikidata": "Q206365", "name": "Villa Medici", "status": "done", "osm_id": "way/182818249", "group": "Dimore ed edifici", "subgroup": "Residenze", "subcategory": "Villa"}, "geometry": {"type": "Point", "coordinates": [11.289117, 43.805717]}}, {"type": "Feature", "properties": {"wikidata": "Q206242", "name": "Monterotondo Marittimo", "status": "done", "osm_id": "relation/42333", "group": "Amministrazione", "subgroup": "Uffici Pubblici", "subcategory": "Comune italiano"}, "geometry": {"type": "Point", "coordinates": [10.855555555, 43.146111111]}}, {"type": "Feature", "properties": {"wikidata": "Q216479", "name": "Barga", "status": "done", "osm_id": "relation/42834", "group": "Amministrazione", "subgroup": "Uffici Pubblici", "subcategory": "Comune italiano"}, "geometry": {"type": "Point", "coordinates": [10.481666666, 44.075]}}, {"type": "Feature", "properties": {"wikidata": "Q215164", "name": "Sorano", "status": "done", "osm_id": "relation/42120", "group": "Amministrazione", "subgroup": "Uffici Pubblici", "subcategory": "Comune italiano"}, "geometry": {"type": "Point", "coordinates": [11.714166666, 42.681944444]}}, {"type": "Feature", "properties": {"wikidata": "Q214701", "name": "Manciano", "status": "done", "osm_id": "relation/42026", "group": "Amministrazione", "subgroup": "Uffici Pubblici", "subcategory": "Comune italiano"}, "geometry": {"type": "Point", "coordinates": [11.515, 42.5875]}}, {"type": "Feature", "properties": {"wikidata": "Q157720", "name": "Capoliveri", "status": "done", "osm_id": "relation/42146", "group": "Amministrazione", "subgroup": "Uffici Pubblici", "subcategory": "Comune italiano"}, "geometry": {"type": "Point", "coordinates": [10.383333333, 42.75]}}, {"type": "Feature", "properties": {"wikidata": "Q187599", "name": "Palazzo mediceo di Seravezza", "status": "done", "osm_id": "relation/2427829", "group": "Dimore ed edifici", "subgroup": "Residenze", "subcategory": "Palazzo italiano"}, "geometry": {"type": "Point", "coordinates": [10.231994, 43.993818]}}, {"type": "Feature", "properties": {"wikidata": "Q179900", "name": "David", "status": "missing", "osm_id": null, "group": "Altro", "subgroup": "Altro", "subcategory": "Altro"}, "geometry": {"type": "Point", "coordinates": [11.25945, 43.776702777]}}, {"type": "Feature", "properties": {"wikidata": "Q157773", "name": "Collesalvetti", "status": "done", "osm_id": "relation/42482", "group": "Amministrazione", "subgroup": "Uffici Pubblici", "subcategory": "Comune italiano"}, "geometry": {"type": "Point", "coordinates": [10.483333333, 43.6]}}, {"type": "Feature", "properties": {"wikidata": "Q174879", "name": "Castell'Azzara", "status": "done", "osm_id": "relation/42155", "group": "Amministrazione", "subgroup": "Uffici Pubblici", "subcategory": "Comune italiano"}, "geometry": {"type": "Point", "coordinates": [11.698611111, 42.7725]}}, {"type": "Feature", "properties": {"wikidata": "Q216859", "name": "Camporgiano", "status": "done", "osm_id": "relation/42898", "group": "Amministrazione", "subgroup": "Uffici Pubblici", "subcategory": "Comune italiano"}, "geometry": {"type": "Point", "coordinates": [10.334444444, 44.160833333]}}, {"type": "Feature", "properties": {"wikidata": "Q733389", "name": "Villa medicea di Poggio a Caiano", "status": "done", "osm_id": "way/49323561", "group": "Altro", "subgroup": "Altro", "subcategory": "Altro"}, "geometry": {"type": "Point", "coordinates": [11.055525, 43.816448]}}, {"type": "Feature", "properties": {"wikidata": "Q727509", "name": "Gracciano dell'Elsa", "status": "done", "osm_id": "node/1104553208", "group": "Insediamenti", "subgroup": "Centri", "subcategory": "Frazione"}, "geometry": {"type": "Point", "coordinates": [11.133055555, 43.395277777]}}, {"type": "Feature", "properties": {"wikidata": "Q732511", "name": "battistero di San Giovanni", "status": "done", "osm_id": "way/166821303", "group": "Religione", "subgroup": "Luoghi di Culto", "subcategory": "Basilica minore"}, "geometry": {"type": "Point", "coordinates": [11.255, 43.773055555]}}, {"type": "Feature", "properties": {"wikidata": "Q737663", "name": "piazza del Duomo", "status": "done", "osm_id": "way/116084411", "group": "Insediamenti", "subgroup": "Zone Urbane", "subcategory": "Piazza della cattedrale"}, "geometry": {"type": "Point", "coordinates": [11.043055555, 43.467777777]}}, {"type": "Feature", "properties": {"wikidata": "Q726677", "name": "santuario del Santissimo Crocifisso", "status": "done", "osm_id": "way/273216784", "group": "Religione", "subgroup": "Luoghi di Culto", "subcategory": "Santuario"}, "geometry": {"type": "Point", "coordinates": [10.6372986, 43.6638776]}}, {"type": "Feature", "properties": {"wikidata": "Q741371", "name": "Biblioteca Marucelliana", "status": "done", "osm_id": "node/3111042061", "group": "Cultura e tempo libero", "subgroup": "Archivi", "subcategory": "Archivio"}, "geometry": {"type": "Point", "coordinates": [11.257755, 43.777447]}}, {"type": "Feature", "properties": {"wikidata": "Q648179", "name": "Loppiano", "status": "done", "osm_id": "node/1437264384", "group": "Insediamenti", "subgroup": "Centri", "subcategory": "Insediamento umano"}, "geometry": {"type": "Point", "coordinates": [11.429944444, 43.665944444]}}, {"type": "Feature", "properties": {"wikidata": "Q666388", "name": "Mercatale in Val di Pesa", "status": "done", "osm_id": "relation/8229705", "group": "Insediamenti", "subgroup": "Centri", "subcategory": "Frazione"}, "geometry": {"type": "Point", "coordinates": [11.231868, 43.634786]}}, {"type": "Feature", "properties": {"wikidata": "Q672935", "name": "Fonte della Fata Morgana", "status": "done", "osm_id": "node/1105931892", "group": "Monumenti", "subgroup": "Monumenti", "subcategory": "Fontana"}, "geometry": {"type": "Point", "coordinates": [11.2787306, 43.7317616]}}, {"type": "Feature", "properties": {"wikidata": "Q678198", "name": "Tomba di Stile Orientalizzante", "status": "missing", "osm_id": null, "group": "Archeologia", "subgroup": "Siti", "subcategory": "Sito archeologico"}, "geometry": {"type": "Point", "coordinates": [11.952567, 43.030781]}}, {"type": "Feature", "properties": {"wikidata": "Q645374", "name": "Fontana del Nettuno", "status": "done", "osm_id": "way/159395911", "group": "Monumenti", "subgroup": "Monumenti", "subcategory": "Fontana"}, "geometry": {"type": "Point", "coordinates": [11.256056, 43.769556]}}, {"type": "Feature", "properties": {"wikidata": "Q736618", "name": "Villa Settefinestre", "status": "missing", "osm_id": null, "group": "Archeologia", "subgroup": "Siti", "subcategory": "Sito archeologico"}, "geometry": {"type": "Point", "coordinates": [11.32675556, 42.43059444]}}, {"type": "Feature", "properties": {"wikidata": "Q730858", "name": "Montefeltro", "status": "missing", "osm_id": null, "group": "Altro", "subgroup": "Altro", "subcategory": "Altro"}, "geometry": {"type": "Point", "coordinates": [12.333055555, 43.764166666]}}, {"type": "Feature", "properties": {"wikidata": "Q739151", "name": "Pescia", "status": "missing", "osm_id": null, "group": "Natura e paesaggio", "subgroup": "Acqua", "subcategory": "Fiume"}, "geometry": {"type": "Point", "coordinates": [10.8, 43.81667]}}, {"type": "Feature", "properties": {"wikidata": "Q672416", "name": "Scuola Normale Superiore", "status": "done", "osm_id": "relation/4421673", "group": "Cultura e tempo libero", "subgroup": "Archivi", "subcategory": "Archivio"}, "geometry": {"type": "Point", "coordinates": [10.400225, 43.719611]}}, {"type": "Feature", "properties": {"wikidata": "Q742156", "name": "chiesa di San Bartolomeo in Tuto", "status": "done", "osm_id": "way/42808459", "group": "Religione", "subgroup": "Luoghi di Culto", "subcategory": "Chiesa"}, "geometry": {"type": "Point", "coordinates": [11.18526, 43.75985]}}, {"type": "Feature", "properties": {"wikidata": "Q745702", "name": "Piana di Lucca", "status": "missing", "osm_id": null, "group": "Altro", "subgroup": "Altro", "subcategory": "Altro"}, "geometry": {"type": "Point", "coordinates": [10.559722222, 43.848333333]}}, {"type": "Feature", "properties": {"wikidata": "Q653851", "name": "Era", "status": "done", "osm_id": "relation/2573981", "group": "Natura e paesaggio", "subgroup": "Acqua", "subcategory": "Fiume"}, "geometry": {"type": "Point", "coordinates": [10.6336, 43.6658]}}, {"type": "Feature", "properties": {"wikidata": "Q650391", "name": "Giardino di Archimede", "status": "done", "osm_id": "way/306523280", "group": "Cultura e tempo libero", "subgroup": "Musei", "subcategory": "Museo"}, "geometry": {"type": "Point", "coordinates": [11.196978915, 43.773404798]}}, {"type": "Feature", "properties": {"wikidata": "Q742076", "name": "Museo della natura morta", "status": "done", "osm_id": "node/3301546016", "group": "Cultura e tempo libero", "subgroup": "Musei", "subcategory": "Museo d'arte"}, "geometry": {"type": "Point", "coordinates": [11.055403, 43.816612]}}, {"type": "Feature", "properties": {"wikidata": "Q723368", "name": "Lente", "status": "missing", "osm_id": null, "group": "Natura e paesaggio", "subgroup": "Acqua", "subcategory": "Fiume"}, "geometry": {"type": "Point", "coordinates": [11.584457, 42.621028]}}, {"type": "Feature", "properties": {"wikidata": "Q709169", "name": "Aeroporto Internazionale di Pisa 'Galileo Galilei'", "status": "done", "osm_id": "relation/5827108", "group": "Altro", "subgroup": "Altro", "subcategory": "Altro"}, "geometry": {"type": "Point", "coordinates": [10.3925, 43.683888888]}}, {"type": "Feature", "properties": {"wikidata": "Q659487", "name": "Palazzo della Canonica", "status": "done", "osm_id": "way/517343881", "group": "Dimore ed edifici", "subgroup": "Residenze", "subcategory": "Palazzo"}, "geometry": {"type": "Point", "coordinates": [10.40011944, 43.71891389]}}, {"type": "Feature", "properties": {"wikidata": "Q692549", "name": "Magra", "status": "done", "osm_id": "relation/2575558", "group": "Natura e paesaggio", "subgroup": "Acqua", "subcategory": "Fiume"}, "geometry": {"type": "Point", "coordinates": [9.9891, 44.0455]}}, {"type": "Feature", "properties": {"wikidata": "Q676702", "name": "Bettolle", "status": "done", "osm_id": "node/254052859", "group": "Insediamenti", "subgroup": "Centri", "subcategory": "Frazione"}, "geometry": {"type": "Point", "coordinates": [11.8, 43.2]}}, {"type": "Feature", "properties": {"wikidata": "Q664344", "name": "Villa Le Balze", "status": "missing", "osm_id": null, "group": "Dimore ed edifici", "subgroup": "Residenze", "subcategory": "Villa"}, "geometry": {"type": "Point", "coordinates": [11.287888888, 43.806416666]}}, {"type": "Feature", "properties": {"wikidata": "Q674353", "name": "convento di San Vivaldo", "status": "done", "osm_id": "node/1241683593", "group": "Religione", "subgroup": "Vita Monastica", "subcategory": "Convento"}, "geometry": {"type": "Point", "coordinates": [10.89969, 43.52614]}}, {"type": "Feature", "properties": {"wikidata": "Q650740", "name": "Vada", "status": "done", "osm_id": "node/1796684216", "group": "Insediamenti", "subgroup": "Centri", "subcategory": "Frazione"}, "geometry": {"type": "Point", "coordinates": [10.455833, 43.351667]}}, {"type": "Feature", "properties": {"wikidata": "Q657629", "name": "Palazzo Davanzati", "status": "done", "osm_id": "way/307153268", "group": "Dimore ed edifici", "subgroup": "Residenze", "subcategory": "Palazzo"}, "geometry": {"type": "Point", "coordinates": [11.252855, 43.770203]}}, {"type": "Feature", "properties": {"wikidata": "Q665271", "name": "Limestre", "status": "done", "osm_id": "node/1297731539", "group": "Insediamenti", "subgroup": "Centri", "subcategory": "Frazione"}, "geometry": {"type": "Point", "coordinates": [10.81067, 44.04637]}}, {"type": "Feature", "properties": {"wikidata": "Q671820", "name": "Orcia", "status": "done", "osm_id": "relation/2573908", "group": "Natura e paesaggio", "subgroup": "Acqua", "subcategory": "Fiume"}, "geometry": {"type": "Point", "coordinates": [11.350121, 42.9709]}}, {"type": "Feature", "properties": {"wikidata": "Q736290", "name": "Ombrone", "status": "done", "osm_id": "relation/2573907", "group": "Natura e paesaggio", "subgroup": "Acqua", "subcategory": "Fiume"}, "geometry": {"type": "Point", "coordinates": [11.505555555, 43.371388888]}}, {"type": "Feature", "properties": {"wikidata": "Q742850", "name": "Asso (torrente)", "status": "done", "osm_id": "relation/2573900", "group": "Natura e paesaggio", "subgroup": "Acqua", "subcategory": "Fiume"}, "geometry": {"type": "Point", "coordinates": [11.558132, 43.010108]}}, {"type": "Feature", "properties": {"wikidata": "Q642155", "name": "Rendola", "status": "done", "osm_id": "node/339654097", "group": "Insediamenti", "subgroup": "Centri", "subcategory": "Frazione"}, "geometry": {"type": "Point", "coordinates": [11.55318, 43.48784]}}, {"type": "Feature", "properties": {"wikidata": "Q728823", "name": "Villa Villoresi", "status": "done", "osm_id": "relation/7993111", "group": "Dimore ed edifici", "subgroup": "Residenze", "subcategory": "Villa"}, "geometry": {"type": "Point", "coordinates": [11.206928, 43.841103]}}, {"type": "Feature", "properties": {"wikidata": "Q737232", "name": "cappella dei Magi", "status": "done", "osm_id": "node/4701406592", "group": "Religione", "subgroup": "Luoghi di Culto", "subcategory": "Cappella"}, "geometry": {"type": "Point", "coordinates": [11.255883333, 43.775136111]}}, {"type": "Feature", "properties": {"wikidata": "Q739926", "name": "Gragnana", "status": "done", "osm_id": "node/1411140396", "group": "Insediamenti", "subgroup": "Centri", "subcategory": "Frazione"}, "geometry": {"type": "Point", "coordinates": [10.08627, 44.09951]}}, {"type": "Feature", "properties": {"wikidata": "Q745907", "name": "Monte Serra", "status": "done", "osm_id": "node/1733141336", "group": "Natura e paesaggio", "subgroup": "Montagna", "subcategory": "Montagna"}, "geometry": {"type": "Point", "coordinates": [10.5534218, 43.7510462]}}, {"type": "Feature", "properties": {"wikidata": "Q660876", "name": "Sagrestia Nuova", "status": "done", "osm_id": "way/599900772", "group": "Religione", "subgroup": "Luoghi di Culto", "subcategory": "Cappella"}, "geometry": {"type": "Point", "coordinates": [11.253808333, 43.775163888]}}, {"type": "Feature", "properties": {"wikidata": "Q737871", "name": "Villa Torrigiani", "status": "done", "osm_id": "way/186925637", "group": "Dimore ed edifici", "subgroup": "Residenze", "subcategory": "Villa"}, "geometry": {"type": "Point", "coordinates": [10.60888889, 43.88722222]}}, {"type": "Feature", "properties": {"wikidata": "Q644334", "name": "Gello", "status": "done", "osm_id": "node/495237029", "group": "Insediamenti", "subgroup": "Centri", "subcategory": "Frazione"}, "geometry": {"type": "Point", "coordinates": [10.599444444, 43.636055555]}}, {"type": "Feature", "properties": {"wikidata": "Q652620", "name": "Forcoli", "status": "done", "osm_id": "node/329483245", "group": "Insediamenti", "subgroup": "Centri", "subcategory": "Frazione"}, "geometry": {"type": "Point", "coordinates": [10.70305556, 43.60472222]}}, {"type": "Feature", "properties": {"wikidata": "Q707731", "name": "aeroporto di Firenze-Peretola", "status": "done", "osm_id": "relation/1788587", "group": "Altro", "subgroup": "Altro", "subcategory": "Altro"}, "geometry": {"type": "Point", "coordinates": [11.202777777, 43.808611111]}}, {"type": "Feature", "properties": {"wikidata": "Q692591", "name": "chiesa di San Michele a San Salvi", "status": "done", "osm_id": "way/196374482", "group": "Religione", "subgroup": "Luoghi di Culto", "subcategory": "Chiesa"}, "geometry": {"type": "Point", "coordinates": [11.28671, 43.77201]}}, {"type": "Feature", "properties": {"wikidata": "Q735248", "name": "Monte Ceceri", "status": "missing", "osm_id": null, "group": "Natura e paesaggio", "subgroup": "Montagna", "subcategory": "Collina"}, "geometry": {"type": "Point", "coordinates": [11.30694444, 43.80083333]}}, {"type": "Feature", "properties": {"wikidata": "Q649367", "name": "Torre degli Alberti", "status": "done", "osm_id": "way/307106612", "group": "Fortificazioni e militare", "subgroup": "Fortificazioni", "subcategory": "Torre"}, "geometry": {"type": "Point", "coordinates": [11.2599, 43.768]}}, {"type": "Feature", "properties": {"wikidata": "Q734347", "name": "San Piero a Ponti", "status": "done", "osm_id": "node/3479047898", "group": "Insediamenti", "subgroup": "Centri", "subcategory": "Frazione"}, "geometry": {"type": "Point", "coordinates": [11.131388888, 43.803888888]}}, {"type": "Feature", "properties": {"wikidata": "Q674511", "name": "Taponecco", "status": "done", "osm_id": "node/575098705", "group": "Insediamenti", "subgroup": "Centri", "subcategory": "Frazione"}, "geometry": {"type": "Point", "coordinates": [10.07484, 44.31361]}}, {"type": "Feature", "properties": {"wikidata": "Q645663", "name": "Universit\u00e0 di Pisa", "status": "missing", "osm_id": null, "group": "Cultura e tempo libero", "subgroup": "Archivi", "subcategory": "Archivio"}, "geometry": {"type": "Point", "coordinates": [10.398458333, 43.716508333]}}, {"type": "Feature", "properties": {"wikidata": "Q661637", "name": "Colleoli", "status": "done", "osm_id": "node/1774493727", "group": "Insediamenti", "subgroup": "Centri", "subcategory": "Frazione"}, "geometry": {"type": "Point", "coordinates": [10.758888888, 43.619444444]}}, {"type": "Feature", "properties": {"wikidata": "Q736387", "name": "fontana di piazza Antelminelli", "status": "missing", "osm_id": null, "group": "Monumenti", "subgroup": "Monumenti", "subcategory": "Fontana"}, "geometry": {"type": "Point", "coordinates": [10.50559, 43.84114]}}, {"type": "Feature", "properties": {"wikidata": "Q652353", "name": "Legoli", "status": "done", "osm_id": "way/95018485", "group": "Insediamenti", "subgroup": "Centri", "subcategory": "Frazione"}, "geometry": {"type": "Point", "coordinates": [10.795, 43.572222222]}}, {"type": "Feature", "properties": {"wikidata": "Q655536", "name": "lago di Chiusi", "status": "done", "osm_id": "way/27124373", "group": "Natura e paesaggio", "subgroup": "Acqua", "subcategory": "Lago"}, "geometry": {"type": "Point", "coordinates": [11.965497222, 43.056141666]}}, {"type": "Feature", "properties": {"wikidata": "Q738874", "name": "Loggia Rucellai", "status": "done", "osm_id": "way/307295758", "group": "Dimore ed edifici", "subgroup": "Strutture Varie", "subcategory": "Struttura architettonica"}, "geometry": {"type": "Point", "coordinates": [11.24982222, 43.77112222]}}, {"type": "Feature", "properties": {"wikidata": "Q742209", "name": "Torrenieri", "status": "done", "osm_id": "node/427958996", "group": "Insediamenti", "subgroup": "Centri", "subcategory": "Frazione"}, "geometry": {"type": "Point", "coordinates": [11.54805556, 43.0875]}}, {"type": "Feature", "properties": {"wikidata": "Q741897", "name": "Casale di Pari", "status": "done", "osm_id": "node/391263894", "group": "Insediamenti", "subgroup": "Centri", "subcategory": "Frazione"}, "geometry": {"type": "Point", "coordinates": [11.29083333, 43.05361111]}}, {"type": "Feature", "properties": {"wikidata": "Q638190", "name": "Villa medicea della Topaia", "status": "done", "osm_id": "way/192503673", "group": "Dimore ed edifici", "subgroup": "Residenze", "subcategory": "Villa"}, "geometry": {"type": "Point", "coordinates": [11.237099, 43.82515]}}, {"type": "Feature", "properties": {"wikidata": "Q679053", "name": "chiesa di San Biagio in Cisanello", "status": "done", "osm_id": "way/302252560", "group": "Religione", "subgroup": "Luoghi di Culto", "subcategory": "Chiesa"}, "geometry": {"type": "Point", "coordinates": [10.43659, 43.70312]}}, {"type": "Feature", "properties": {"wikidata": "Q1231948", "name": "Populonia", "status": "done", "osm_id": "node/2813463723", "group": "Insediamenti", "subgroup": "Centri", "subcategory": "Frazione"}, "geometry": {"type": "Point", "coordinates": [10.491389, 42.989444]}}, {"type": "Feature", "properties": {"wikidata": "Q1148335", "name": "pieve di Sant'Andrea", "status": "done", "osm_id": "way/159203923", "group": "Religione", "subgroup": "Luoghi di Culto", "subcategory": "Chiesa"}, "geometry": {"type": "Point", "coordinates": [10.91427778, 43.93552778]}}, {"type": "Feature", "properties": {"wikidata": "Q1123425", "name": "cappella della Scala Santa", "status": "missing", "osm_id": null, "group": "Religione", "subgroup": "Luoghi di Culto", "subcategory": "Chiesa"}, "geometry": {"type": "Point", "coordinates": [10.98061111, 42.86722222]}}, {"type": "Feature", "properties": {"wikidata": "Q1228219", "name": "Palazzo Larderel", "status": "done", "osm_id": "way/307170316", "group": "Dimore ed edifici", "subgroup": "Residenze", "subcategory": "Palazzo italiano"}, "geometry": {"type": "Point", "coordinates": [11.25128056, 43.77222778]}}, {"type": "Feature", "properties": {"wikidata": "Q1236752", "name": "lago di Montepulciano", "status": "done", "osm_id": "relation/6762665", "group": "Natura e paesaggio", "subgroup": "Acqua", "subcategory": "Lago"}, "geometry": {"type": "Point", "coordinates": [11.924722222, 43.091666666]}}, {"type": "Feature", "properties": {"wikidata": "Q1239509", "name": "Greve", "status": "done", "osm_id": "relation/2573982", "group": "Natura e paesaggio", "subgroup": "Acqua", "subcategory": "Fiume"}, "geometry": {"type": "Point", "coordinates": [11.178675, 43.789065]}}, {"type": "Feature", "properties": {"wikidata": "Q1140023", "name": "campanile di Giotto", "status": "done", "osm_id": "way/251650632", "group": "Fortificazioni e militare", "subgroup": "Fortificazioni", "subcategory": "Torre"}, "geometry": {"type": "Point", "coordinates": [11.255805555, 43.772805555]}}, {"type": "Feature", "properties": {"wikidata": "Q1229122", "name": "Isola di Palmaiola", "status": "done", "osm_id": "way/41808153", "group": "Natura e paesaggio", "subgroup": "Mare e Costa", "subcategory": "Isola"}, "geometry": {"type": "Point", "coordinates": [10.475, 42.86611111]}}, {"type": "Feature", "properties": {"wikidata": "Q1124819", "name": "Terontola", "status": "done", "osm_id": "node/1008286839", "group": "Insediamenti", "subgroup": "Centri", "subcategory": "Frazione"}, "geometry": {"type": "Point", "coordinates": [12.01113, 43.21009]}}, {"type": "Feature", "properties": {"wikidata": "Q1152774", "name": "basilica di San Marco", "status": "done", "osm_id": "way/225706552", "group": "Religione", "subgroup": "Luoghi di Culto", "subcategory": "Basilica minore"}, "geometry": {"type": "Point", "coordinates": [11.259061111, 43.778316666]}}, {"type": "Feature", "properties": {"wikidata": "Q1132630", "name": "Montelaterone", "status": "done", "osm_id": "node/956040254", "group": "Insediamenti", "subgroup": "Centri", "subcategory": "Frazione"}, "geometry": {"type": "Point", "coordinates": [11.513069, 42.887804]}}, {"type": "Feature", "properties": {"wikidata": "Q1131717", "name": "tempio della Congregazione Olandese Alemanna", "status": "done", "osm_id": "way/92243813", "group": "Religione", "subgroup": "Luoghi di Culto", "subcategory": "Chiesa"}, "geometry": {"type": "Point", "coordinates": [10.31246944, 43.548625]}}, {"type": "Feature", "properties": {"wikidata": "Q1245999", "name": "Universit\u00e0 degli Studi di Siena", "status": "missing", "osm_id": null, "group": "Altro", "subgroup": "Altro", "subcategory": "Altro"}, "geometry": {"type": "Point", "coordinates": [11.3325, 43.319166666]}}, {"type": "Feature", "properties": {"wikidata": "Q1224820", "name": "Museo Annigoni", "status": "done", "osm_id": "node/10016831037", "group": "Cultura e tempo libero", "subgroup": "Musei", "subcategory": "Museo"}, "geometry": {"type": "Point", "coordinates": [11.25628056, 43.76400278]}}, {"type": "Feature", "properties": {"wikidata": "Q1248729", "name": "monumento votivo militare brasiliano", "status": "missing", "osm_id": null, "group": "Religione", "subgroup": "Cimiteri", "subcategory": "Cimitero"}, "geometry": {"type": "Point", "coordinates": [10.943205555, 43.945033333]}}, {"type": "Feature", "properties": {"wikidata": "Q1236622", "name": "duomo di Prato", "status": "done", "osm_id": "way/931696761", "group": "Altro", "subgroup": "Altro", "subcategory": "Altro"}, "geometry": {"type": "Point", "coordinates": [11.09777778, 43.88194444]}}, {"type": "Feature", "properties": {"wikidata": "Q1132860", "name": "chiesa di Sant'Agostino", "status": "done", "osm_id": "way/182534901", "group": "Religione", "subgroup": "Luoghi di Culto", "subcategory": "Chiesa"}, "geometry": {"type": "Point", "coordinates": [11.041705555, 43.470702777]}}, {"type": "Feature", "properties": {"wikidata": "Q1139769", "name": "Crete Senesi", "status": "missing", "osm_id": null, "group": "Altro", "subgroup": "Altro", "subcategory": "Altro"}, "geometry": {"type": "Point", "coordinates": [11.566666666, 43.2]}}, {"type": "Feature", "properties": {"wikidata": "Q1223308", "name": "Albegna", "status": "done", "osm_id": "relation/2573898", "group": "Natura e paesaggio", "subgroup": "Acqua", "subcategory": "Fiume"}, "geometry": {"type": "Point", "coordinates": [11.1920915, 42.5015734]}}, {"type": "Feature", "properties": {"wikidata": "Q1143028", "name": "stazione di Firenze Rifredi", "status": "done", "osm_id": "node/279370485", "group": "Infrastrutture", "subgroup": "Trasporti", "subcategory": "Stazione ferroviaria"}, "geometry": {"type": "Point", "coordinates": [11.23666667, 43.80027778]}}, {"type": "Feature", "properties": {"wikidata": "Q1125805", "name": "chiesa dei Santi Maria e Frediano", "status": "done", "osm_id": "way/256001506", "group": "Religione", "subgroup": "Luoghi di Culto", "subcategory": "Chiesa"}, "geometry": {"type": "Point", "coordinates": [11.00065, 44.1211]}}, {"type": "Feature", "properties": {"wikidata": "Q1133664", "name": "cappella Peruzzi", "status": "missing", "osm_id": null, "group": "Religione", "subgroup": "Luoghi di Culto", "subcategory": "Cappella"}, "geometry": {"type": "Point", "coordinates": [11.2634, 43.768055555]}}, {"type": "Feature", "properties": {"wikidata": "Q1228211", "name": "Palazzi Gianfigliazzi", "status": "done", "osm_id": "relation/4103611", "group": "Dimore ed edifici", "subgroup": "Residenze", "subcategory": "Palazzo italiano"}, "geometry": {"type": "Point", "coordinates": [11.25, 43.7699]}}, {"type": "Feature", "properties": {"wikidata": "Q1123267", "name": "Vivo d'Orcia", "status": "done", "osm_id": "node/759718895", "group": "Insediamenti", "subgroup": "Centri", "subcategory": "Frazione"}, "geometry": {"type": "Point", "coordinates": [11.63805556, 42.93388889]}}, {"type": "Feature", "properties": {"wikidata": "Q1239373", "name": "promontorio dell'Argentario", "status": "missing", "osm_id": null, "group": "Altro", "subgroup": "Altro", "subcategory": "Altro"}, "geometry": {"type": "Point", "coordinates": [11.142777777, 42.398333333]}}, {"type": "Feature", "properties": {"wikidata": "Q1123188", "name": "Villa Corsi", "status": "done", "osm_id": "way/464177224", "group": "Dimore ed edifici", "subgroup": "Residenze", "subcategory": "Villa"}, "geometry": {"type": "Point", "coordinates": [10.06631389, 44.03124444]}}, {"type": "Feature", "properties": {"wikidata": "Q1250134", "name": "San Gusm\u00e8", "status": "done", "osm_id": "node/277274628", "group": "Insediamenti", "subgroup": "Centri", "subcategory": "Frazione"}, "geometry": {"type": "Point", "coordinates": [11.497541, 43.388126]}}, {"type": "Feature", "properties": {"wikidata": "Q1228199", "name": "Palazzo Corsini al Parione", "status": "done", "osm_id": "relation/4103612", "group": "Dimore ed edifici", "subgroup": "Residenze", "subcategory": "Palazzo italiano"}, "geometry": {"type": "Point", "coordinates": [11.249219, 43.770777]}}, {"type": "Feature", "properties": {"wikidata": "Q1200696", "name": "Museo dell'Opera del Duomo", "status": "done", "osm_id": "way/456578419", "group": "Cultura e tempo libero", "subgroup": "Musei", "subcategory": "Museo"}, "geometry": {"type": "Point", "coordinates": [11.255817, 43.7727]}}, {"type": "Feature", "properties": {"wikidata": "Q1128301", "name": "Paganico", "status": "done", "osm_id": "node/427864789", "group": "Insediamenti", "subgroup": "Centri", "subcategory": "Frazione"}, "geometry": {"type": "Point", "coordinates": [11.26972222, 42.9325]}}, {"type": "Feature", "properties": {"wikidata": "Q1237318", "name": "Ponte a Cappiano", "status": "done", "osm_id": "node/1572829394", "group": "Insediamenti", "subgroup": "Centri", "subcategory": "Frazione"}, "geometry": {"type": "Point", "coordinates": [10.76944444, 43.74444444]}}, {"type": "Feature", "properties": {"wikidata": "Q1248706", "name": "santuario della Madonna del Giglio", "status": "done", "osm_id": "way/700922377", "group": "Religione", "subgroup": "Luoghi di Culto", "subcategory": "Chiesa"}, "geometry": {"type": "Point", "coordinates": [11.102, 43.87851]}}, {"type": "Feature", "properties": {"wikidata": "Q1164944", "name": "Villa Medicea La Magia", "status": "done", "osm_id": "relation/2818801", "group": "Altro", "subgroup": "Altro", "subcategory": "Altro"}, "geometry": {"type": "Point", "coordinates": [10.9725, 43.85166667]}}, {"type": "Feature", "properties": {"wikidata": "Q1239505", "name": "area archeologica di San Genesio", "status": "done", "osm_id": "way/166157162", "group": "Archeologia", "subgroup": "Siti", "subcategory": "Sito archeologico"}, "geometry": {"type": "Point", "coordinates": [10.884318, 43.693244]}}, {"type": "Feature", "properties": {"wikidata": "Q1231529", "name": "Roselle", "status": "done", "osm_id": "node/482506577", "group": "Insediamenti", "subgroup": "Centri", "subcategory": "Frazione"}, "geometry": {"type": "Point", "coordinates": [11.138611111, 42.809444444]}}, {"type": "Feature", "properties": {"wikidata": "Q1239141", "name": "passo della Cisa", "status": "done", "osm_id": "node/767152113", "group": "Natura e paesaggio", "subgroup": "Montagna", "subcategory": "Passo"}, "geometry": {"type": "Point", "coordinates": [9.9283, 44.4716]}}, {"type": "Feature", "properties": {"wikidata": "Q1247143", "name": "abbazia territoriale di Monte Oliveto Maggiore", "status": "missing", "osm_id": null, "group": "Altro", "subgroup": "Altro", "subcategory": "Altro"}, "geometry": {"type": "Point", "coordinates": [11.544166666, 43.175277777]}}, {"type": "Feature", "properties": {"wikidata": "Q1231483", "name": "Sovana", "status": "done", "osm_id": "node/417059021", "group": "Insediamenti", "subgroup": "Centri", "subcategory": "Frazione"}, "geometry": {"type": "Point", "coordinates": [11.64597222, 42.65777778]}}, {"type": "Feature", "properties": {"wikidata": "Q1261970", "name": "Teatro della Pergola", "status": "done", "osm_id": "relation/4103318", "group": "Cultura e tempo libero", "subgroup": "Spettacolo", "subcategory": "Teatro"}, "geometry": {"type": "Point", "coordinates": [11.261082, 43.773278]}}, {"type": "Feature", "properties": {"wikidata": "Q1228281", "name": "Palazzo dei Cartelloni", "status": "missing", "osm_id": null, "group": "Dimore ed edifici", "subgroup": "Residenze", "subcategory": "Palazzo italiano"}, "geometry": {"type": "Point", "coordinates": [11.25154167, 43.775475]}}, {"type": "Feature", "properties": {"wikidata": "Q1228679", "name": "Elsa", "status": "done", "osm_id": "relation/2573980", "group": "Natura e paesaggio", "subgroup": "Acqua", "subcategory": "Fiume"}, "geometry": {"type": "Point", "coordinates": [11.185, 43.280277777]}}, {"type": "Feature", "properties": {"wikidata": "Q1242575", "name": "La Rotta", "status": "done", "osm_id": "node/263750168", "group": "Insediamenti", "subgroup": "Centri", "subcategory": "Frazione"}, "geometry": {"type": "Point", "coordinates": [10.678055555, 43.658888888]}}, {"type": "Feature", "properties": {"wikidata": "Q1236114", "name": "lago di Massaciuccoli", "status": "done", "osm_id": "relation/2562525", "group": "Natura e paesaggio", "subgroup": "Acqua", "subcategory": "Lago"}, "geometry": {"type": "Point", "coordinates": [10.333333333, 43.833333333]}}, {"type": "Feature", "properties": {"wikidata": "Q1190961", "name": "Palazzo Pubblico", "status": "done", "osm_id": "relation/3757203", "group": "Dimore ed edifici", "subgroup": "Residenze", "subcategory": "Palazzo italiano"}, "geometry": {"type": "Point", "coordinates": [11.331942, 43.318007]}}, {"type": "Feature", "properties": {"wikidata": "Q1228234", "name": "Palazzo Pandolfini", "status": "done", "osm_id": "way/306240098", "group": "Dimore ed edifici", "subgroup": "Residenze", "subcategory": "Palazzo italiano"}, "geometry": {"type": "Point", "coordinates": [11.259361, 43.780793]}}, {"type": "Feature", "properties": {"wikidata": "Q1264901", "name": "chiesa e convento di San Niccol\u00f2 del Carmine", "status": "done", "osm_id": "way/1192005303", "group": "Religione", "subgroup": "Luoghi di Culto", "subcategory": "Chiesa"}, "geometry": {"type": "Point", "coordinates": [11.327361, 43.314083]}}, {"type": "Feature", "properties": {"wikidata": "Q1124215", "name": "Villa del Palco", "status": "done", "osm_id": "relation/4505001", "group": "Dimore ed edifici", "subgroup": "Residenze", "subcategory": "Villa"}, "geometry": {"type": "Point", "coordinates": [11.11030278, 43.89607778]}}, {"type": "Feature", "properties": {"wikidata": "Q1233252", "name": "Tirrenia", "status": "done", "osm_id": "node/256706687", "group": "Insediamenti", "subgroup": "Centri", "subcategory": "Frazione"}, "geometry": {"type": "Point", "coordinates": [10.29204, 43.62719]}}, {"type": "Feature", "properties": {"wikidata": "Q1242639", "name": "Calambrone", "status": "done", "osm_id": "node/436633158", "group": "Insediamenti", "subgroup": "Centri", "subcategory": "Frazione"}, "geometry": {"type": "Point", "coordinates": [10.294444444, 43.596944444]}}, {"type": "Feature", "properties": {"wikidata": "Q1134128", "name": "Patroclo e Menelao", "status": "done", "osm_id": "node/3391028127", "group": "Altro", "subgroup": "Altro", "subcategory": "Altro"}, "geometry": {"type": "Point", "coordinates": [11.255555555, 43.769166666]}}, {"type": "Feature", "properties": {"wikidata": "Q1129557", "name": "Villa La Pietra", "status": "done", "osm_id": "way/305733345", "group": "Dimore ed edifici", "subgroup": "Residenze", "subcategory": "Villa"}, "geometry": {"type": "Point", "coordinates": [11.26611111, 43.79583333]}}, {"type": "Feature", "properties": {"wikidata": "Q1233184", "name": "Maremma", "status": "missing", "osm_id": null, "group": "Altro", "subgroup": "Altro", "subcategory": "Altro"}, "geometry": {"type": "Point", "coordinates": [11.478055555, 42.416388888]}}, {"type": "Feature", "properties": {"wikidata": "Q1172685", "name": "Baratti", "status": "done", "osm_id": "node/2813475274", "group": "Insediamenti", "subgroup": "Centri", "subcategory": "Frazione"}, "geometry": {"type": "Point", "coordinates": [10.50054167, 42.99251389]}}, {"type": "Feature", "properties": {"wikidata": "Q1244388", "name": "Castiglioncello", "status": "done", "osm_id": "node/310198392", "group": "Insediamenti", "subgroup": "Centri", "subcategory": "Frazione"}, "geometry": {"type": "Point", "coordinates": [10.410278, 43.405278]}}, {"type": "Feature", "properties": {"wikidata": "Q1125885", "name": "chiesa di Sant'Antonio da Padova al Romito", "status": "done", "osm_id": "way/305820983", "group": "Religione", "subgroup": "Luoghi di Culto", "subcategory": "Chiesa"}, "geometry": {"type": "Point", "coordinates": [11.242682173, 43.791718234]}}, {"type": "Feature", "properties": {"wikidata": "Q1228293", "name": "Palazzo del Circolo dell'Unione", "status": "done", "osm_id": "relation/4101723", "group": "Dimore ed edifici", "subgroup": "Residenze", "subcategory": "Palazzo italiano"}, "geometry": {"type": "Point", "coordinates": [11.2513, 43.7709]}}, {"type": "Feature", "properties": {"wikidata": "Q1125412", "name": "chiesa dei Santi Lucia e Marcello", "status": "done", "osm_id": "way/176164705", "group": "Religione", "subgroup": "Luoghi di Culto", "subcategory": "Chiesa"}, "geometry": {"type": "Point", "coordinates": [10.87142222, 43.88735278]}}, {"type": "Feature", "properties": {"wikidata": "Q1220969", "name": "Monte Pisano", "status": "missing", "osm_id": null, "group": "Natura e paesaggio", "subgroup": "Montagna", "subcategory": "Montagna"}, "geometry": {"type": "Point", "coordinates": [10.55, 43.75]}}, {"type": "Feature", "properties": {"wikidata": "Q1132159", "name": "Montemassi", "status": "done", "osm_id": "node/980044659", "group": "Insediamenti", "subgroup": "Centri", "subcategory": "Frazione"}, "geometry": {"type": "Point", "coordinates": [11.06388889, 42.99222222]}}, {"type": "Feature", "properties": {"wikidata": "Q1131395", "name": "Montefioralle", "status": "done", "osm_id": "node/312565304", "group": "Insediamenti", "subgroup": "Centri", "subcategory": "Frazione"}, "geometry": {"type": "Point", "coordinates": [11.302778, 43.580833]}}, {"type": "Feature", "properties": {"wikidata": "Q773229", "name": "Valdazze", "status": "done", "osm_id": "node/3426376398", "group": "Insediamenti", "subgroup": "Centri", "subcategory": "Frazione"}, "geometry": {"type": "Point", "coordinates": [12.08811, 43.71389]}}, {"type": "Feature", "properties": {"wikidata": "Q774609", "name": "Scuola Superiore Sant'Anna", "status": "done", "osm_id": "node/1677276904", "group": "Cultura e tempo libero", "subgroup": "Archivi", "subcategory": "Archivio"}, "geometry": {"type": "Point", "coordinates": [10.40287222, 43.72034167]}}, {"type": "Feature", "properties": {"wikidata": "Q750245", "name": "piazza dei Miracoli", "status": "done", "osm_id": "way/975284945", "group": "Insediamenti", "subgroup": "Zone Urbane", "subcategory": "Piazza"}, "geometry": {"type": "Point", "coordinates": [10.394778, 43.723428]}}, {"type": "Feature", "properties": {"wikidata": "Q786918", "name": "chiesa di Santa Maria Maggiore", "status": "done", "osm_id": "way/212067490", "group": "Religione", "subgroup": "Luoghi di Culto", "subcategory": "Chiesa"}, "geometry": {"type": "Point", "coordinates": [11.646, 42.657]}}, {"type": "Feature", "properties": {"wikidata": "Q753046", "name": "Palazzo dell'Orologio", "status": "done", "osm_id": "way/93145078", "group": "Dimore ed edifici", "subgroup": "Residenze", "subcategory": "Palazzo"}, "geometry": {"type": "Point", "coordinates": [10.39977, 43.71978]}}, {"type": "Feature", "properties": {"wikidata": "Q765790", "name": "stazione di Pistoia", "status": "done", "osm_id": "node/2356000621", "group": "Infrastrutture", "subgroup": "Trasporti", "subcategory": "Stazione ferroviaria"}, "geometry": {"type": "Point", "coordinates": [10.91444444, 43.92694444]}}, {"type": "Feature", "properties": {"wikidata": "Q786570", "name": "via dei Serragli", "status": "done", "osm_id": "way/596655703", "group": "Infrastrutture", "subgroup": "Trasporti", "subcategory": "Strada urbana"}, "geometry": {"type": "Point", "coordinates": [11.2420848, 43.7651958]}}, {"type": "Feature", "properties": {"wikidata": "Q799025", "name": "Abbadia a Isola", "status": "done", "osm_id": "node/1051125684", "group": "Insediamenti", "subgroup": "Centri", "subcategory": "Frazione"}, "geometry": {"type": "Point", "coordinates": [11.195, 43.38916667]}}, {"type": "Feature", "properties": {"wikidata": "Q767338", "name": "Montecatini Alto", "status": "done", "osm_id": "node/763366053", "group": "Insediamenti", "subgroup": "Centri", "subcategory": "Frazione"}, "geometry": {"type": "Point", "coordinates": [10.78944444, 43.89638889]}}, {"type": "Feature", "properties": {"wikidata": "Q783877", "name": "viale dei Colli", "status": "missing", "osm_id": null, "group": "Infrastrutture", "subgroup": "Trasporti", "subcategory": "Strada urbana"}, "geometry": {"type": "Point", "coordinates": [11.27030278, 43.76081111]}}, {"type": "Feature", "properties": {"wikidata": "Q766849", "name": "Torniella", "status": "done", "osm_id": "node/374386403", "group": "Insediamenti", "subgroup": "Centri", "subcategory": "Frazione"}, "geometry": {"type": "Point", "coordinates": [11.15388889, 43.07388889]}}, {"type": "Feature", "properties": {"wikidata": "Q763634", "name": "Levane", "status": "done", "osm_id": "node/257539473", "group": "Insediamenti", "subgroup": "Centri", "subcategory": "Frazione"}, "geometry": {"type": "Point", "coordinates": [11.624166666, 43.500555555]}}, {"type": "Feature", "properties": {"wikidata": "Q810074", "name": "basilica di San Francesco", "status": "done", "osm_id": "way/45779387", "group": "Religione", "subgroup": "Luoghi di Culto", "subcategory": "Basilica minore"}, "geometry": {"type": "Point", "coordinates": [11.33458614, 43.32232101]}}, {"type": "Feature", "properties": {"wikidata": "Q765899", "name": "Accademia degli Intronati", "status": "missing", "osm_id": null, "group": "Cultura e tempo libero", "subgroup": "Archivi", "subcategory": "Archivio"}, "geometry": {"type": "Point", "coordinates": [11.330901, 43.317535]}}, {"type": "Feature", "properties": {"wikidata": "Q749841", "name": "Monte Falterona", "status": "done", "osm_id": "node/479302330", "group": "Natura e paesaggio", "subgroup": "Montagna", "subcategory": "Montagna"}, "geometry": {"type": "Point", "coordinates": [11.7, 43.866666666]}}, {"type": "Feature", "properties": {"wikidata": "Q810075", "name": "basilica di San Domenico", "status": "done", "osm_id": "way/28396159", "group": "Religione", "subgroup": "Luoghi di Culto", "subcategory": "Basilica minore"}, "geometry": {"type": "Point", "coordinates": [11.326694444, 43.319861111]}}, {"type": "Feature", "properties": {"wikidata": "Q767778", "name": "Palazzo Orsini", "status": "missing", "osm_id": null, "group": "Dimore ed edifici", "subgroup": "Residenze", "subcategory": "Palazzo"}, "geometry": {"type": "Point", "coordinates": [11.7141, 42.6837]}}, {"type": "Feature", "properties": {"wikidata": "Q799030", "name": "badia delle Sante Flora e Lucilla", "status": "done", "osm_id": "way/722162221", "group": "Religione", "subgroup": "Luoghi di Culto", "subcategory": "Chiesa"}, "geometry": {"type": "Point", "coordinates": [11.87936111, 43.46544444]}}, {"type": "Feature", "properties": {"wikidata": "Q766223", "name": "Vergaio", "status": "done", "osm_id": "node/477697480", "group": "Insediamenti", "subgroup": "Centri", "subcategory": "Frazione"}, "geometry": {"type": "Point", "coordinates": [11.054592, 43.878219]}}, {"type": "Feature", "properties": {"wikidata": "Q750838", "name": "Paurano", "status": "done", "osm_id": "node/792607297", "group": "Insediamenti", "subgroup": "Centri", "subcategory": "Frazione"}, "geometry": {"type": "Point", "coordinates": [11.100277777, 43.351388888]}}, {"type": "Feature", "properties": {"wikidata": "Q777535", "name": "Stadio Armando Picchi", "status": "done", "osm_id": "way/58665451", "group": "Cultura e tempo libero", "subgroup": "Sport", "subcategory": "Impianto sportivo"}, "geometry": {"type": "Point", "coordinates": [10.314167, 43.526667]}}, {"type": "Feature", "properties": {"wikidata": "Q799028", "name": "abbazia di San Lorenzo a Coltibuono", "status": "done", "osm_id": "way/120147883", "group": "Religione", "subgroup": "Vita Monastica", "subcategory": "Abbazia"}, "geometry": {"type": "Point", "coordinates": [11.44986, 43.49494]}}, {"type": "Feature", "properties": {"wikidata": "Q782455", "name": "autodromo internazionale del Mugello", "status": "done", "osm_id": "relation/8487163", "group": "Altro", "subgroup": "Altro", "subcategory": "Altro"}, "geometry": {"type": "Point", "coordinates": [11.37194, 43.9975]}}, {"type": "Feature", "properties": {"wikidata": "Q774984", "name": "castello di Brolio", "status": "done", "osm_id": "way/118951913", "group": "Fortificazioni e militare", "subgroup": "Fortificazioni", "subcategory": "Castello"}, "geometry": {"type": "Point", "coordinates": [11.463971, 43.413331]}}, {"type": "Feature", "properties": {"wikidata": "Q782741", "name": "chiesa di San Martino", "status": "done", "osm_id": "way/45665402", "group": "Religione", "subgroup": "Luoghi di Culto", "subcategory": "Chiesa"}, "geometry": {"type": "Point", "coordinates": [11.33369, 43.31834]}}, {"type": "Feature", "properties": {"wikidata": "Q781340", "name": "Rocchette", "status": "done", "osm_id": "node/875735316", "group": "Insediamenti", "subgroup": "Centri", "subcategory": "Frazione"}, "geometry": {"type": "Point", "coordinates": [10.793055555, 42.776944444]}}, {"type": "Feature", "properties": {"wikidata": "Q800761", "name": "stazione di Firenze Santa Maria Novella", "status": "done", "osm_id": "relation/3324492", "group": "Altro", "subgroup": "Altro", "subcategory": "Altro"}, "geometry": {"type": "Point", "coordinates": [11.247527, 43.776338]}}, {"type": "Feature", "properties": {"wikidata": "Q799948", "name": "Bagno Vignoni", "status": "done", "osm_id": "node/313341972", "group": "Insediamenti", "subgroup": "Centri", "subcategory": "Frazione"}, "geometry": {"type": "Point", "coordinates": [11.61942, 43.02837]}}, {"type": "Feature", "properties": {"wikidata": "Q810070", "name": "basilica dell'Osservanza", "status": "done", "osm_id": "way/1308846040", "group": "Religione", "subgroup": "Luoghi di Culto", "subcategory": "Basilica minore"}, "geometry": {"type": "Point", "coordinates": [11.33955, 43.33331]}}, {"type": "Feature", "properties": {"wikidata": "Q783757", "name": "Ripafratta", "status": "done", "osm_id": "node/248882409", "group": "Insediamenti", "subgroup": "Centri", "subcategory": "Frazione"}, "geometry": {"type": "Point", "coordinates": [10.414722222, 43.816944444]}}, {"type": "Feature", "properties": {"wikidata": "Q762111", "name": "basilica di San Frediano", "status": "done", "osm_id": "way/180363081", "group": "Religione", "subgroup": "Luoghi di Culto", "subcategory": "Basilica minore"}, "geometry": {"type": "Point", "coordinates": [10.504722, 43.846111]}}, {"type": "Feature", "properties": {"wikidata": "Q778098", "name": "Stadio Artemio Franchi", "status": "done", "osm_id": "way/28359912", "group": "Cultura e tempo libero", "subgroup": "Sport", "subcategory": "Impianto sportivo"}, "geometry": {"type": "Point", "coordinates": [11.326111, 43.321667]}}, {"type": "Feature", "properties": {"wikidata": "Q768559", "name": "chiesa e convento di San Torp\u00e9", "status": "missing", "osm_id": null, "group": "Dimore ed edifici", "subgroup": "Strutture Varie", "subcategory": "Complesso di edifici"}, "geometry": {"type": "Point", "coordinates": [10.402513, 43.722022]}}, {"type": "Feature", "properties": {"wikidata": "Q783096", "name": "chiesa di San Giorgio ai Tedeschi", "status": "done", "osm_id": "way/335634583", "group": "Religione", "subgroup": "Luoghi di Culto", "subcategory": "Chiesa"}, "geometry": {"type": "Point", "coordinates": [10.39715, 43.72177]}}, {"type": "Feature", "properties": {"wikidata": "Q782473", "name": "Treggiaia", "status": "done", "osm_id": "node/263750605", "group": "Insediamenti", "subgroup": "Centri", "subcategory": "Frazione"}, "geometry": {"type": "Point", "coordinates": [10.678333333, 43.624444444]}}, {"type": "Feature", "properties": {"wikidata": "Q764060", "name": "chiesa dei Santi Michele e Gaetano", "status": "done", "osm_id": "way/234429578", "group": "Religione", "subgroup": "Luoghi di Culto", "subcategory": "Chiesa"}, "geometry": {"type": "Point", "coordinates": [11.25179167, 43.77245556]}}, {"type": "Feature", "properties": {"wikidata": "Q799945", "name": "terme di Petriolo", "status": "done", "osm_id": "node/729785662", "group": "Altro", "subgroup": "Altro", "subcategory": "Altro"}, "geometry": {"type": "Point", "coordinates": [11.3, 43.07972222]}}, {"type": "Feature", "properties": {"wikidata": "Q768830", "name": "strada europea E76", "status": "done", "osm_id": "relation/110270", "group": "Infrastrutture", "subgroup": "Trasporti", "subcategory": "Strada urbana"}, "geometry": {"type": "Point", "coordinates": [10.75321, 43.86418]}}, {"type": "Feature", "properties": {"wikidata": "Q800756", "name": "stazione di Firenze Campo di Marte", "status": "done", "osm_id": "node/8033523329", "group": "Infrastrutture", "subgroup": "Trasporti", "subcategory": "Stazione ferroviaria"}, "geometry": {"type": "Point", "coordinates": [11.27628565, 43.77758578]}}, {"type": "Feature", "properties": {"wikidata": "Q457908", "name": "Giardino di Daniel Spoerri", "status": "done", "osm_id": "way/484611576", "group": "Altro", "subgroup": "Altro", "subcategory": "Altro"}, "geometry": {"type": "Point", "coordinates": [11.569717, 42.921762]}}, {"type": "Feature", "properties": {"wikidata": "Q388448", "name": "Museo nazionale del Bargello", "status": "done", "osm_id": "way/43837065", "group": "Cultura e tempo libero", "subgroup": "Musei", "subcategory": "Museo pubblico"}, "geometry": {"type": "Point", "coordinates": [11.258008, 43.770398]}}, {"type": "Feature", "properties": {"wikidata": "Q516431", "name": "Marina di Pisa", "status": "done", "osm_id": "node/1681857912", "group": "Insediamenti", "subgroup": "Centri", "subcategory": "Frazione"}, "geometry": {"type": "Point", "coordinates": [10.27694444, 43.67222222]}}, {"type": "Feature", "properties": {"wikidata": "Q512010", "name": "Retignano", "status": "done", "osm_id": "node/856545076", "group": "Insediamenti", "subgroup": "Centri", "subcategory": "Frazione"}, "geometry": {"type": "Point", "coordinates": [10.273536111, 44.004902777]}}, {"type": "Feature", "properties": {"wikidata": "Q546547", "name": "Cosa", "status": "done", "osm_id": "node/4832768337", "group": "Altro", "subgroup": "Altro", "subcategory": "Altro"}, "geometry": {"type": "Point", "coordinates": [11.286503, 42.410919]}}, {"type": "Feature", "properties": {"wikidata": "Q477156", "name": "sede titolare di Roselle", "status": "missing", "osm_id": null, "group": "Altro", "subgroup": "Altro", "subcategory": "Altro"}, "geometry": {"type": "Point", "coordinates": [11.159306, 42.82718]}}, {"type": "Feature", "properties": {"wikidata": "Q532721", "name": "Santo Pietro Belvedere", "status": "done", "osm_id": "node/495237064", "group": "Insediamenti", "subgroup": "Centri", "subcategory": "Frazione"}, "geometry": {"type": "Point", "coordinates": [10.815555555, 43.604722222]}}, {"type": "Feature", "properties": {"wikidata": "Q283034", "name": "Mugello", "status": "missing", "osm_id": null, "group": "Altro", "subgroup": "Altro", "subcategory": "Altro"}, "geometry": {"type": "Point", "coordinates": [11.3833, 43.95]}}, {"type": "Feature", "properties": {"wikidata": "Q430060", "name": "Camugliano", "status": "done", "osm_id": "node/2631410424", "group": "Insediamenti", "subgroup": "Centri", "subcategory": "Frazione"}, "geometry": {"type": "Point", "coordinates": [10.655833333, 43.601388888]}}, {"type": "Feature", "properties": {"wikidata": "Q427946", "name": "Parco naturale di Migliarino, San Rossore, Massaciuccoli", "status": "done", "osm_id": "relation/3591293", "group": "Natura e paesaggio", "subgroup": "Verde", "subcategory": "Area protetta"}, "geometry": {"type": "Point", "coordinates": [10.33988, 43.72372]}}, {"type": "Feature", "properties": {"wikidata": "Q290265", "name": "Villa San Donato", "status": "done", "osm_id": "way/307536892", "group": "Dimore ed edifici", "subgroup": "Residenze", "subcategory": "Villa"}, "geometry": {"type": "Point", "coordinates": [11.2256, 43.7904]}}, {"type": "Feature", "properties": {"wikidata": "Q377892", "name": "chiesa dei Santi Jacopo e Filippo", "status": "done", "osm_id": "way/241020043", "group": "Religione", "subgroup": "Luoghi di Culto", "subcategory": "Chiesa"}, "geometry": {"type": "Point", "coordinates": [10.41498, 43.70856]}}, {"type": "Feature", "properties": {"wikidata": "Q478159", "name": "Punta Ala", "status": "done", "osm_id": "node/731422324", "group": "Insediamenti", "subgroup": "Centri", "subcategory": "Frazione"}, "geometry": {"type": "Point", "coordinates": [10.75388889, 42.80194444]}}, {"type": "Feature", "properties": {"wikidata": "Q546479", "name": "Tomba della Pellegrina", "status": "done", "osm_id": "node/890874954", "group": "Religione", "subgroup": "Cimiteri", "subcategory": "Tomba"}, "geometry": {"type": "Point", "coordinates": [11.9506143, 43.029025]}}, {"type": "Feature", "properties": {"wikidata": "Q379422", "name": "duomo di Massa", "status": "done", "osm_id": "relation/1832902", "group": "Religione", "subgroup": "Luoghi di Culto", "subcategory": "Basilica minore"}, "geometry": {"type": "Point", "coordinates": [10.1442, 44.038]}}, {"type": "Feature", "properties": {"wikidata": "Q519184", "name": "anfiteatro romano di Firenze", "status": "done", "osm_id": "way/272379110", "group": "Altro", "subgroup": "Altro", "subcategory": "Altro"}, "geometry": {"type": "Point", "coordinates": [11.2599, 43.76915]}}, {"type": "Feature", "properties": {"wikidata": "Q338489", "name": "Accademia della Crusca", "status": "missing", "osm_id": null, "group": "Cultura e tempo libero", "subgroup": "Archivi", "subcategory": "Archivio"}, "geometry": {"type": "Point", "coordinates": [11.2277055, 43.8196746]}}, {"type": "Feature", "properties": {"wikidata": "Q338372", "name": "Accademia Musicale Chigiana", "status": "missing", "osm_id": null, "group": "Altro", "subgroup": "Altro", "subcategory": "Altro"}, "geometry": {"type": "Point", "coordinates": [11.330906, 43.317181]}}, {"type": "Feature", "properties": {"wikidata": "Q478146", "name": "Colline Metallifere", "status": "missing", "osm_id": null, "group": "Natura e paesaggio", "subgroup": "Montagna", "subcategory": "Montagna"}, "geometry": {"type": "Point", "coordinates": [10.85, 43.233333333]}}, {"type": "Feature", "properties": {"wikidata": "Q333898", "name": "abbazia di Farneta", "status": "done", "osm_id": "way/362636377", "group": "Religione", "subgroup": "Vita Monastica", "subcategory": "Monastero"}, "geometry": {"type": "Point", "coordinates": [11.87103, 43.22628]}}, {"type": "Feature", "properties": {"wikidata": "Q281532", "name": "Palazzo Spini Feroni", "status": "done", "osm_id": "relation/4101722", "group": "Dimore ed edifici", "subgroup": "Residenze", "subcategory": "Palazzo italiano"}, "geometry": {"type": "Point", "coordinates": [11.25099167, 43.76959444]}}, {"type": "Feature", "properties": {"wikidata": "Q334276", "name": "abbazia di Sant'Antimo", "status": "done", "osm_id": "way/157841605", "group": "Religione", "subgroup": "Vita Monastica", "subcategory": "Abbazia"}, "geometry": {"type": "Point", "coordinates": [11.515638888, 42.999638888]}}, {"type": "Feature", "properties": {"wikidata": "Q531400", "name": "Marina di Grosseto", "status": "done", "osm_id": "node/385105254", "group": "Insediamenti", "subgroup": "Centri", "subcategory": "Frazione"}, "geometry": {"type": "Point", "coordinates": [10.983888888, 42.715277777]}}, {"type": "Feature", "properties": {"wikidata": "Q373663", "name": "Loggia della Mercanzia", "status": "done", "osm_id": "way/279710618", "group": "Dimore ed edifici", "subgroup": "Strutture Varie", "subcategory": "Edificio"}, "geometry": {"type": "Point", "coordinates": [11.331238, 43.318994]}}, {"type": "Feature", "properties": {"wikidata": "Q448828", "name": "Montagna della Verna", "status": "done", "osm_id": "node/3472761035", "group": "Insediamenti", "subgroup": "Centri", "subcategory": "Localit\u00e0"}, "geometry": {"type": "Point", "coordinates": [11.931, 43.707]}}, {"type": "Feature", "properties": {"wikidata": "Q474122", "name": "convento di San Domenico", "status": "done", "osm_id": "relation/2673505", "group": "Religione", "subgroup": "Luoghi di Culto", "subcategory": "Chiesa"}, "geometry": {"type": "Point", "coordinates": [11.285327, 43.801148]}}, {"type": "Feature", "properties": {"wikidata": "Q530941", "name": "Arbia", "status": "done", "osm_id": "relation/2573899", "group": "Natura e paesaggio", "subgroup": "Acqua", "subcategory": "Fiume"}, "geometry": {"type": "Point", "coordinates": [11.474941, 43.137931]}}, {"type": "Feature", "properties": {"wikidata": "Q521619", "name": "Palazzo Strozzi", "status": "done", "osm_id": "relation/2951949", "group": "Altro", "subgroup": "Altro", "subcategory": "Altro"}, "geometry": {"type": "Point", "coordinates": [11.252393, 43.771304]}}, {"type": "Feature", "properties": {"wikidata": "Q531218", "name": "Museo Horne", "status": "done", "osm_id": "way/307106623", "group": "Cultura e tempo libero", "subgroup": "Archivi", "subcategory": "Archivio"}, "geometry": {"type": "Point", "coordinates": [11.259413, 43.767519]}}, {"type": "Feature", "properties": {"wikidata": "Q460907", "name": "Biblioteca Nazionale Centrale di Firenze", "status": "done", "osm_id": "way/102979687", "group": "Altro", "subgroup": "Altro", "subcategory": "Altro"}, "geometry": {"type": "Point", "coordinates": [11.2623479, 43.7670813]}}, {"type": "Feature", "properties": {"wikidata": "Q460504", "name": "Villa Romana", "status": "done", "osm_id": "way/305677296", "group": "Cultura e tempo libero", "subgroup": "Archivi", "subcategory": "Archivio"}, "geometry": {"type": "Point", "coordinates": [11.23905556, 43.75402778]}}, {"type": "Feature", "properties": {"wikidata": "Q429288", "name": "autostrada A15", "status": "done", "osm_id": "relation/8753665", "group": "Altro", "subgroup": "Altro", "subcategory": "Altro"}, "geometry": {"type": "Point", "coordinates": [9.95722, 44.50961]}}, {"type": "Feature", "properties": {"wikidata": "Q290918", "name": "Ultima Cena", "status": "missing", "osm_id": null, "group": "Altro", "subgroup": "Altro", "subcategory": "Altro"}, "geometry": {"type": "Point", "coordinates": [11.245805, 43.772373]}}, {"type": "Feature", "properties": {"wikidata": "Q534158", "name": "Palazzo Uguccioni", "status": "done", "osm_id": "way/307129121", "group": "Dimore ed edifici", "subgroup": "Residenze", "subcategory": "Palazzo"}, "geometry": {"type": "Point", "coordinates": [11.25648889, 43.76998889]}}, {"type": "Feature", "properties": {"wikidata": "Q426213", "name": "Versilia", "status": "missing", "osm_id": null, "group": "Altro", "subgroup": "Altro", "subcategory": "Altro"}, "geometry": {"type": "Point", "coordinates": [10.246944444, 43.936111111]}}, {"type": "Feature", "properties": {"wikidata": "Q526637", "name": "cappella Sassetti", "status": "missing", "osm_id": null, "group": "Religione", "subgroup": "Luoghi di Culto", "subcategory": "Cappella"}, "geometry": {"type": "Point", "coordinates": [11.250833333, 43.770277777]}}, {"type": "Feature", "properties": {"wikidata": "Q329780", "name": "Matraia", "status": "done", "osm_id": "node/1699775216", "group": "Insediamenti", "subgroup": "Centri", "subcategory": "Frazione"}, "geometry": {"type": "Point", "coordinates": [10.572282, 43.912552]}}, {"type": "Feature", "properties": {"wikidata": "Q545749", "name": "Lavaiano", "status": "done", "osm_id": "node/264912980", "group": "Insediamenti", "subgroup": "Centri", "subcategory": "Frazione"}, "geometry": {"type": "Point", "coordinates": [10.584722222, 43.628888888]}}, {"type": "Feature", "properties": {"wikidata": "Q522633", "name": "Ponte di San Niccol\u00f2", "status": "done", "osm_id": "way/368700530", "group": "Infrastrutture", "subgroup": "Trasporti", "subcategory": "Ponte"}, "geometry": {"type": "Point", "coordinates": [11.2711, 43.7648]}}, {"type": "Feature", "properties": {"wikidata": "Q282554", "name": "duomo di Siena", "status": "done", "osm_id": "way/418912842", "group": "Altro", "subgroup": "Altro", "subcategory": "Altro"}, "geometry": {"type": "Point", "coordinates": [11.32869444, 43.31758333]}}, {"type": "Feature", "properties": {"wikidata": "Q368346", "name": "Villa medicea di Careggi", "status": "done", "osm_id": "way/120394014", "group": "Dimore ed edifici", "subgroup": "Residenze", "subcategory": "Villa"}, "geometry": {"type": "Point", "coordinates": [11.250282, 43.807917]}}, {"type": "Feature", "properties": {"wikidata": "Q470777", "name": "Monte Amiata", "status": "done", "osm_id": "node/6135166710", "group": "Natura e paesaggio", "subgroup": "Montagna", "subcategory": "Montagna"}, "geometry": {"type": "Point", "coordinates": [11.624369444, 42.88775]}}, {"type": "Feature", "properties": {"wikidata": "Q374591", "name": "Ercole Farnese", "status": "missing", "osm_id": null, "group": "Monumenti", "subgroup": "Monumenti", "subcategory": "Statua"}, "geometry": {"type": "Point", "coordinates": [14.2505, 40.8534]}}, {"type": "Feature", "properties": {"wikidata": "Q363407", "name": "Collodi", "status": "done", "osm_id": "node/495243545", "group": "Insediamenti", "subgroup": "Centri", "subcategory": "Frazione"}, "geometry": {"type": "Point", "coordinates": [10.653058, 43.9032]}}, {"type": "Feature", "properties": {"wikidata": "Q367191", "name": "pieve di Santa Maria Assunta", "status": "done", "osm_id": "way/165386219", "group": "Religione", "subgroup": "Luoghi di Culto", "subcategory": "Chiesa"}, "geometry": {"type": "Point", "coordinates": [11.00623889, 43.48495278]}}, {"type": "Feature", "properties": {"wikidata": "Q514448", "name": "Palazzo dello Strozzino", "status": "done", "osm_id": "way/307153259", "group": "Dimore ed edifici", "subgroup": "Residenze", "subcategory": "Palazzo italiano"}, "geometry": {"type": "Point", "coordinates": [11.25256944, 43.77083611]}}, {"type": "Feature", "properties": {"wikidata": "Q513602", "name": "Riva del Sole", "status": "done", "osm_id": "node/875735320", "group": "Insediamenti", "subgroup": "Centri", "subcategory": "Frazione"}, "geometry": {"type": "Point", "coordinates": [10.8525, 42.769166666]}}, {"type": "Feature", "properties": {"wikidata": "Q531860", "name": "Nievole", "status": "missing", "osm_id": null, "group": "Natura e paesaggio", "subgroup": "Acqua", "subcategory": "Fiume"}, "geometry": {"type": "Point", "coordinates": [10.79532, 43.91077]}}, {"type": "Feature", "properties": {"wikidata": "Q384086", "name": "forte di Marina di Castagneto Carducci", "status": "done", "osm_id": "way/233209698", "group": "Fortificazioni e militare", "subgroup": "Fortificazioni", "subcategory": "Forte"}, "geometry": {"type": "Point", "coordinates": [10.538941, 43.175307]}}, {"type": "Feature", "properties": {"wikidata": "Q430578", "name": "via di Citt\u00e0", "status": "done", "osm_id": "relation/1067772", "group": "Altro", "subgroup": "Altro", "subcategory": "Altro"}, "geometry": {"type": "Point", "coordinates": [11.3307, 43.3171]}}, {"type": "Feature", "properties": {"wikidata": "Q429349", "name": "autostrada A1", "status": "done", "osm_id": "relation/93329", "group": "Altro", "subgroup": "Altro", "subcategory": "Altro"}, "geometry": {"type": "Point", "coordinates": [11.91278, 43.02213]}}, {"type": "Feature", "properties": {"wikidata": "Q497499", "name": "Accademia navale", "status": "done", "osm_id": "way/142174488", "group": "Altro", "subgroup": "Altro", "subcategory": "Altro"}, "geometry": {"type": "Point", "coordinates": [10.307805555, 43.527805555]}}, {"type": "Feature", "properties": {"wikidata": "Q530666", "name": "cimitero evangelico agli Allori", "status": "done", "osm_id": "way/774601361", "group": "Religione", "subgroup": "Cimiteri", "subcategory": "Cimitero"}, "geometry": {"type": "Point", "coordinates": [11.23025556, 43.74731944]}}, {"type": "Feature", "properties": {"wikidata": "Q282170", "name": "chiesa di San Pancrazio", "status": "done", "osm_id": "way/116673459", "group": "Religione", "subgroup": "Luoghi di Culto", "subcategory": "Ex chiesa"}, "geometry": {"type": "Point", "coordinates": [11.249975, 43.77183611]}}, {"type": "Feature", "properties": {"wikidata": "Q428178", "name": "chiesa del Santo Sepolcro", "status": "done", "osm_id": "way/457948331", "group": "Religione", "subgroup": "Luoghi di Culto", "subcategory": "Chiesa"}, "geometry": {"type": "Point", "coordinates": [10.40349, 43.71446]}}, {"type": "Feature", "properties": {"wikidata": "Q495445", "name": "Savena", "status": "missing", "osm_id": null, "group": "Natura e paesaggio", "subgroup": "Acqua", "subcategory": "Fiume"}, "geometry": {"type": "Point", "coordinates": [11.44305556, 44.48597222]}}, {"type": "Feature", "properties": {"wikidata": "Q370713", "name": "tumulo di Montecalvario", "status": "done", "osm_id": "way/113398127", "group": "Religione", "subgroup": "Cimiteri", "subcategory": "Tomba"}, "geometry": {"type": "Point", "coordinates": [11.2838, 43.4725]}}, {"type": "Feature", "properties": {"wikidata": "Q377517", "name": "Cappella di Piazza", "status": "done", "osm_id": "way/252463679", "group": "Religione", "subgroup": "Luoghi di Culto", "subcategory": "Chiesa"}, "geometry": {"type": "Point", "coordinates": [11.33225278, 43.31821111]}}, {"type": "Feature", "properties": {"wikidata": "Q304705", "name": "Le Macchie", "status": "done", "osm_id": "node/894584616", "group": "Insediamenti", "subgroup": "Centri", "subcategory": "Frazione"}, "geometry": {"type": "Point", "coordinates": [11.52027778, 42.85305556]}}, {"type": "Feature", "properties": {"wikidata": "Q519954", "name": "Sant'Anna", "status": "done", "osm_id": "node/278777793", "group": "Insediamenti", "subgroup": "Centri", "subcategory": "Frazione"}, "geometry": {"type": "Point", "coordinates": [10.273611111, 43.974166666]}}, {"type": "Feature", "properties": {"wikidata": "Q1416619", "name": "Sassofortino", "status": "done", "osm_id": "node/374386354", "group": "Insediamenti", "subgroup": "Centri", "subcategory": "Frazione"}, "geometry": {"type": "Point", "coordinates": [11.11222222, 43.02583333]}}, {"type": "Feature", "properties": {"wikidata": "Q1475948", "name": "chiesa di Santa Maria della Pieve", "status": "done", "osm_id": "way/234822745", "group": "Religione", "subgroup": "Luoghi di Culto", "subcategory": "Chiesa"}, "geometry": {"type": "Point", "coordinates": [11.883594444, 43.464875]}}, {"type": "Feature", "properties": {"wikidata": "Q1422405", "name": "Bolgheri Sassicaia DOC", "status": "missing", "osm_id": null, "group": "Altro", "subgroup": "Altro", "subcategory": "Altro"}, "geometry": {"type": "Point", "coordinates": [10.5538829, 43.2064201]}}, {"type": "Feature", "properties": {"wikidata": "Q1348158", "name": "piazzale Michelangelo", "status": "done", "osm_id": "way/233265215", "group": "Insediamenti", "subgroup": "Zone Urbane", "subcategory": "Piazza"}, "geometry": {"type": "Point", "coordinates": [11.26516, 43.76292]}}, {"type": "Feature", "properties": {"wikidata": "Q1394400", "name": "Porto Ercole", "status": "done", "osm_id": "node/1413481347", "group": "Insediamenti", "subgroup": "Centri", "subcategory": "Frazione"}, "geometry": {"type": "Point", "coordinates": [11.203611111, 42.393888888]}}, {"type": "Feature", "properties": {"wikidata": "Q1407567", "name": "tumulo di Montefortini", "status": "done", "osm_id": "way/532250894", "group": "Cultura e tempo libero", "subgroup": "Musei", "subcategory": "Museo"}, "geometry": {"type": "Point", "coordinates": [11.0649, 43.7928]}}, {"type": "Feature", "properties": {"wikidata": "Q1279458", "name": "Complesso museale di Santa Maria della Scala", "status": "done", "osm_id": "way/275972216", "group": "Cultura e tempo libero", "subgroup": "Musei", "subcategory": "Museo"}, "geometry": {"type": "Point", "coordinates": [11.328891, 43.316937]}}, {"type": "Feature", "properties": {"wikidata": "Q1341687", "name": "SanGimignano1300", "status": "done", "osm_id": "node/1929175931", "group": "Cultura e tempo libero", "subgroup": "Musei", "subcategory": "Museo d'arte"}, "geometry": {"type": "Point", "coordinates": [11.042077, 43.466598]}}, {"type": "Feature", "properties": {"wikidata": "Q1357573", "name": "cappelle medicee", "status": "done", "osm_id": "node/5705862422", "group": "Cultura e tempo libero", "subgroup": "Musei", "subcategory": "Museo"}, "geometry": {"type": "Point", "coordinates": [11.253117, 43.775204]}}, {"type": "Feature", "properties": {"wikidata": "Q1438938", "name": "Forte di Marina di Bibbona", "status": "missing", "osm_id": null, "group": "Fortificazioni e militare", "subgroup": "Fortificazioni", "subcategory": "Forte"}, "geometry": {"type": "Point", "coordinates": [10.528014, 43.237935]}}, {"type": "Feature", "properties": {"wikidata": "Q1283790", "name": "piazza della Repubblica", "status": "done", "osm_id": "way/23298757", "group": "Insediamenti", "subgroup": "Zone Urbane", "subcategory": "Piazza"}, "geometry": {"type": "Point", "coordinates": [11.25388889, 43.77138889]}}, {"type": "Feature", "properties": {"wikidata": "Q1331093", "name": "piazzale Donatello", "status": "done", "osm_id": "node/9959953419", "group": "Insediamenti", "subgroup": "Zone Urbane", "subcategory": "Piazza"}, "geometry": {"type": "Point", "coordinates": [11.26769722, 43.77811667]}}, {"type": "Feature", "properties": {"wikidata": "Q1426967", "name": "chiesa di Santa Maria della Spina", "status": "done", "osm_id": "way/159405535", "group": "Religione", "subgroup": "Luoghi di Culto", "subcategory": "Chiesa"}, "geometry": {"type": "Point", "coordinates": [10.39673, 43.71524]}}, {"type": "Feature", "properties": {"wikidata": "Q1401752", "name": "Vernaccia di San Gimignano DOCG", "status": "missing", "osm_id": null, "group": "Altro", "subgroup": "Altro", "subcategory": "Altro"}, "geometry": {"type": "Point", "coordinates": [11.042, 43.468]}}, {"type": "Feature", "properties": {"wikidata": "Q1405579", "name": "Enoteca Pinchiorri", "status": "done", "osm_id": "node/2361952103", "group": "Altro", "subgroup": "Altro", "subcategory": "Altro"}, "geometry": {"type": "Point", "coordinates": [11.26222222, 43.77]}}, {"type": "Feature", "properties": {"wikidata": "Q1395068", "name": "Palazzo di Giustizia", "status": "done", "osm_id": "way/721036732", "group": "Dimore ed edifici", "subgroup": "Strutture Varie", "subcategory": "Struttura architettonica"}, "geometry": {"type": "Point", "coordinates": [11.891929, 43.463307]}}, {"type": "Feature", "properties": {"wikidata": "Q1378099", "name": "Istituto universitario europeo", "status": "done", "osm_id": "way/140234643", "group": "Altro", "subgroup": "Altro", "subcategory": "Altro"}, "geometry": {"type": "Point", "coordinates": [11.282778, 43.802778]}}, {"type": "Feature", "properties": {"wikidata": "Q1282278", "name": "cattedrale di San Martino", "status": "done", "osm_id": "way/180366824", "group": "Altro", "subgroup": "Altro", "subcategory": "Altro"}, "geometry": {"type": "Point", "coordinates": [10.50587, 43.84066]}}, {"type": "Feature", "properties": {"wikidata": "Q1411507", "name": "pieve di San Pietro", "status": "done", "osm_id": "way/240944505", "group": "Religione", "subgroup": "Luoghi di Culto", "subcategory": "Chiesa"}, "geometry": {"type": "Point", "coordinates": [11.63844444, 43.58144444]}}, {"type": "Feature", "properties": {"wikidata": "Q1377187", "name": "accademia europea di Palazzo Ricci", "status": "missing", "osm_id": null, "group": "Dimore ed edifici", "subgroup": "Residenze", "subcategory": "Palazzo"}, "geometry": {"type": "Point", "coordinates": [11.780791666, 43.093430555]}}, {"type": "Feature", "properties": {"wikidata": "Q1492329", "name": "Galleria continua", "status": "done", "osm_id": "node/3740981726", "group": "Altro", "subgroup": "Altro", "subcategory": "Altro"}, "geometry": {"type": "Point", "coordinates": [11.044637, 43.467573]}}, {"type": "Feature", "properties": {"wikidata": "Q1396785", "name": "Farma", "status": "done", "osm_id": "relation/17970480", "group": "Natura e paesaggio", "subgroup": "Acqua", "subcategory": "Fiume"}, "geometry": {"type": "Point", "coordinates": [11.338191, 43.088385]}}, {"type": "Feature", "properties": {"wikidata": "Q1423910", "name": "chiesa di San Paolo a Ripa d'Arno", "status": "done", "osm_id": "way/127284631", "group": "Religione", "subgroup": "Luoghi di Culto", "subcategory": "Chiesa"}, "geometry": {"type": "Point", "coordinates": [10.3935, 43.71291667]}}, {"type": "Feature", "properties": {"wikidata": "Q1276966", "name": "propositura di San Michele Arcangelo", "status": "done", "osm_id": "way/41960722", "group": "Religione", "subgroup": "Luoghi di Culto", "subcategory": "Santuario"}, "geometry": {"type": "Point", "coordinates": [10.74789, 43.84085]}}, {"type": "Feature", "properties": {"wikidata": "Q1431610", "name": "Porto Santo Stefano", "status": "done", "osm_id": "node/1413474068", "group": "Amministrazione", "subgroup": "Uffici Pubblici", "subcategory": "Municipio"}, "geometry": {"type": "Point", "coordinates": [11.1175, 42.435277777]}}, {"type": "Feature", "properties": {"wikidata": "Q1376633", "name": "Villa Demidoff", "status": "done", "osm_id": "relation/12691894", "group": "Dimore ed edifici", "subgroup": "Residenze", "subcategory": "Villa"}, "geometry": {"type": "Point", "coordinates": [11.3025, 43.86]}}, {"type": "Feature", "properties": {"wikidata": "Q1278477", "name": "battistero di San Giovanni", "status": "done", "osm_id": "way/22945162", "group": "Altro", "subgroup": "Altro", "subcategory": "Altro"}, "geometry": {"type": "Point", "coordinates": [10.3942, 43.72327]}}, {"type": "Feature", "properties": {"wikidata": "Q1457469", "name": "cimitero della Congregazione Olandese Alemanna", "status": "done", "osm_id": "way/159927353", "group": "Religione", "subgroup": "Cimiteri", "subcategory": "Cimitero"}, "geometry": {"type": "Point", "coordinates": [10.324282, 43.562668]}}, {"type": "Feature", "properties": {"wikidata": "Q1434317", "name": "Villa medicea di Montevettolini", "status": "done", "osm_id": "way/143384690", "group": "Dimore ed edifici", "subgroup": "Residenze", "subcategory": "Villa"}, "geometry": {"type": "Point", "coordinates": [10.846581, 43.859092]}}, {"type": "Feature", "properties": {"wikidata": "Q1277387", "name": "Casabianca", "status": "missing", "osm_id": null, "group": "Insediamenti", "subgroup": "Centri", "subcategory": "Frazione"}, "geometry": {"type": "Point", "coordinates": [10.746520164, 43.853708226]}}, {"type": "Feature", "properties": {"wikidata": "Q1285138", "name": "chiesa dei Santi Simone e Giuda", "status": "done", "osm_id": "way/307126295", "group": "Religione", "subgroup": "Luoghi di Culto", "subcategory": "Chiesa"}, "geometry": {"type": "Point", "coordinates": [11.26055556, 43.76972222]}}, {"type": "Feature", "properties": {"wikidata": "Q1410910", "name": "Principina Terra", "status": "done", "osm_id": "node/936707716", "group": "Insediamenti", "subgroup": "Centri", "subcategory": "Frazione"}, "geometry": {"type": "Point", "coordinates": [11.05694444, 42.73805556]}}, {"type": "Feature", "properties": {"wikidata": "Q1457895", "name": "Aldobrandeschi", "status": "missing", "osm_id": null, "group": "Altro", "subgroup": "Altro", "subcategory": "Altro"}, "geometry": {"type": "Point", "coordinates": [11.604972, 42.415803]}}, {"type": "Feature", "properties": {"wikidata": "Q1367559", "name": "Staggia Senese", "status": "done", "osm_id": "node/1117194738", "group": "Insediamenti", "subgroup": "Centri", "subcategory": "Frazione"}, "geometry": {"type": "Point", "coordinates": [11.1825, 43.42194444]}}, {"type": "Feature", "properties": {"wikidata": "Q3661183", "name": "Casa Vespucci", "status": "done", "osm_id": "way/306219375", "group": "Dimore ed edifici", "subgroup": "Residenze", "subcategory": "Palazzo"}, "geometry": {"type": "Point", "coordinates": [11.200431, 43.797948]}}, {"type": "Feature", "properties": {"wikidata": "Q3661121", "name": "casa Mann Borgese", "status": "missing", "osm_id": null, "group": "Altro", "subgroup": "Altro", "subcategory": "Altro"}, "geometry": {"type": "Point", "coordinates": [10.182344, 43.957414]}}, {"type": "Feature", "properties": {"wikidata": "Q3661178", "name": "Casa Vasari", "status": "done", "osm_id": "way/307104278", "group": "Cultura e tempo libero", "subgroup": "Musei", "subcategory": "Museo"}, "geometry": {"type": "Point", "coordinates": [11.260599, 43.76804]}}, {"type": "Feature", "properties": {"wikidata": "Q3661112", "name": "Casa Guidi", "status": "done", "osm_id": "node/3112668431", "group": "Cultura e tempo libero", "subgroup": "Musei", "subcategory": "Museo"}, "geometry": {"type": "Point", "coordinates": [11.248028, 43.765263]}}, {"type": "Feature", "properties": {"wikidata": "Q3661231", "name": "Casa del Mutilato", "status": "done", "osm_id": "way/307544545", "group": "Dimore ed edifici", "subgroup": "Strutture Varie", "subcategory": "Edificio"}, "geometry": {"type": "Point", "coordinates": [11.26045556, 43.77496944]}}, {"type": "Feature", "properties": {"wikidata": "Q3661274", "name": "Casa di Benedetto Varchi", "status": "missing", "osm_id": null, "group": "Dimore ed edifici", "subgroup": "Strutture Varie", "subcategory": "Edificio"}, "geometry": {"type": "Point", "coordinates": [11.56762778, 43.52330833]}}, {"type": "Feature", "properties": {"wikidata": "Q3661222", "name": "Casa del Fascio", "status": "done", "osm_id": "way/365870028", "group": "Altro", "subgroup": "Altro", "subcategory": "Altro"}, "geometry": {"type": "Point", "coordinates": [11.11348611, 42.76265278]}}, {"type": "Feature", "properties": {"wikidata": "Q3661154", "name": "Casa Ridolfi", "status": "done", "osm_id": "way/306811227", "group": "Dimore ed edifici", "subgroup": "Residenze", "subcategory": "Palazzo italiano"}, "geometry": {"type": "Point", "coordinates": [11.24833889, 43.76548333]}}, {"type": "Feature", "properties": {"wikidata": "Q3661253", "name": "Casa della Giovent\u00f9 Francescana di Firenze", "status": "missing", "osm_id": null, "group": "Dimore ed edifici", "subgroup": "Strutture Varie", "subcategory": "Edificio"}, "geometry": {"type": "Point", "coordinates": [11.24990833, 43.79463333]}}, {"type": "Feature", "properties": {"wikidata": "Q3661104", "name": "Casa Fedi", "status": "missing", "osm_id": null, "group": "Dimore ed edifici", "subgroup": "Residenze", "subcategory": "Palazzo"}, "geometry": {"type": "Point", "coordinates": [10.88775, 43.051833333]}}, {"type": "Feature", "properties": {"wikidata": "Q3661342", "name": "casa natale del Pontormo", "status": "done", "osm_id": "node/7319709143", "group": "Cultura e tempo libero", "subgroup": "Musei", "subcategory": "Casa museo"}, "geometry": {"type": "Point", "coordinates": [10.96446, 43.722443]}}, {"type": "Feature", "properties": {"wikidata": "Q3661291", "name": "Casa di Giovanni Spadolini", "status": "missing", "osm_id": null, "group": "Dimore ed edifici", "subgroup": "Residenze", "subcategory": "Palazzo italiano"}, "geometry": {"type": "Point", "coordinates": [11.25763333, 43.77695833]}}, {"type": "Feature", "properties": {"wikidata": "Q3661341", "name": "Casa museo di Monticello Amiata", "status": "done", "osm_id": "node/7319322642", "group": "Cultura e tempo libero", "subgroup": "Musei", "subcategory": "Museo etnografico"}, "geometry": {"type": "Point", "coordinates": [11.47855278, 42.88812222]}}, {"type": "Feature", "properties": {"wikidata": "Q3661288", "name": "Casa di Galileo Galilei", "status": "done", "osm_id": "way/119219998", "group": "Dimore ed edifici", "subgroup": "Residenze", "subcategory": "Palazzo italiano"}, "geometry": {"type": "Point", "coordinates": [11.25410556, 43.76628611]}}, {"type": "Feature", "properties": {"wikidata": "Q3661219", "name": "Casa del Fascio", "status": "missing", "osm_id": null, "group": "Altro", "subgroup": "Altro", "subcategory": "Altro"}, "geometry": {"type": "Point", "coordinates": [11.56168611, 43.23401944]}}, {"type": "Feature", "properties": {"wikidata": "Q3661128", "name": "Casa Miniati", "status": "done", "osm_id": "way/537704278", "group": "Dimore ed edifici", "subgroup": "Residenze", "subcategory": "Palazzo italiano"}, "geometry": {"type": "Point", "coordinates": [10.396511, 43.718042]}}, {"type": "Feature", "properties": {"wikidata": "Q3661232", "name": "Casa del Mutilato", "status": "missing", "osm_id": null, "group": "Altro", "subgroup": "Altro", "subcategory": "Altro"}, "geometry": {"type": "Point", "coordinates": [10.50251389, 43.84263056]}}, {"type": "Feature", "properties": {"wikidata": "Q3661074", "name": "Casa Busoni", "status": "done", "osm_id": "node/7319709142", "group": "Altro", "subgroup": "Altro", "subcategory": "Altro"}, "geometry": {"type": "Point", "coordinates": [10.948357, 43.720037]}}, {"type": "Feature", "properties": {"wikidata": "Q3661269", "name": "Casa di Andrea del Sarto", "status": "done", "osm_id": "way/306240109", "group": "Dimore ed edifici", "subgroup": "Residenze", "subcategory": "Palazzo italiano"}, "geometry": {"type": "Point", "coordinates": [11.26279444, 43.77766667]}}, {"type": "Feature", "properties": {"wikidata": "Q3661212", "name": "Casa del Balilla", "status": "missing", "osm_id": null, "group": "Altro", "subgroup": "Altro", "subcategory": "Altro"}, "geometry": {"type": "Point", "coordinates": [10.13479461, 44.032547911]}}, {"type": "Feature", "properties": {"wikidata": "Q3661260", "name": "casa delle Bifore", "status": "done", "osm_id": "way/845429931", "group": "Dimore ed edifici", "subgroup": "Residenze", "subcategory": "Palazzo"}, "geometry": {"type": "Point", "coordinates": [10.52711944, 42.92223056]}}, {"type": "Feature", "properties": {"wikidata": "Q3661142", "name": "Casa Pierucci", "status": "done", "osm_id": "way/217174073", "group": "Dimore ed edifici", "subgroup": "Residenze", "subcategory": "Palazzo italiano"}, "geometry": {"type": "Point", "coordinates": [10.39951111, 43.71773056]}}, {"type": "Feature", "properties": {"wikidata": "Q3661322", "name": "casa famiglia Santa Lucia", "status": "done", "osm_id": "node/3114407192", "group": "Altro", "subgroup": "Altro", "subcategory": "Altro"}, "geometry": {"type": "Point", "coordinates": [11.26728333, 43.77755556]}}, {"type": "Feature", "properties": {"wikidata": "Q3661233", "name": "Casa del Nero", "status": "done", "osm_id": "way/226155989", "group": "Dimore ed edifici", "subgroup": "Strutture Varie", "subcategory": "Edificio"}, "geometry": {"type": "Point", "coordinates": [10.400075, 43.71535278]}}, {"type": "Feature", "properties": {"wikidata": "Q3661157", "name": "Casa Rossa Ximenes", "status": "done", "osm_id": "way/59207782", "group": "Altro", "subgroup": "Altro", "subcategory": "Altro"}, "geometry": {"type": "Point", "coordinates": [10.901388888, 42.768611111]}}, {"type": "Feature", "properties": {"wikidata": "Q3661226", "name": "Casa del Littorio", "status": "done", "osm_id": "way/996107453", "group": "Dimore ed edifici", "subgroup": "Strutture Varie", "subcategory": "Edificio"}, "geometry": {"type": "Point", "coordinates": [11.10305, 43.87993611]}}, {"type": "Feature", "properties": {"wikidata": "Q3661337", "name": "Casa Museo Pascoli", "status": "done", "osm_id": "node/2302168256", "group": "Cultura e tempo libero", "subgroup": "Musei", "subcategory": "Museo"}, "geometry": {"type": "Point", "coordinates": [10.462714, 44.084163]}}, {"type": "Feature", "properties": {"wikidata": "Q3661327", "name": "Casa in via dello Sprone", "status": "missing", "osm_id": null, "group": "Dimore ed edifici", "subgroup": "Residenze", "subcategory": "Palazzo italiano"}, "geometry": {"type": "Point", "coordinates": [11.25103333, 43.76676111]}}, {"type": "Feature", "properties": {"wikidata": "Q3661270", "name": "Casa di Annalena", "status": "done", "osm_id": "relation/4067647", "group": "Dimore ed edifici", "subgroup": "Residenze", "subcategory": "Palazzo italiano"}, "geometry": {"type": "Point", "coordinates": [11.246263, 43.764285]}}, {"type": "Feature", "properties": {"wikidata": "Q3661285", "name": "casa di Dante", "status": "done", "osm_id": "node/2934171474", "group": "Cultura e tempo libero", "subgroup": "Musei", "subcategory": "Museo"}, "geometry": {"type": "Point", "coordinates": [11.257083, 43.77105]}}, {"type": "Feature", "properties": {"wikidata": "Q3661152", "name": "Casa Rasponi dalle Teste", "status": "missing", "osm_id": null, "group": "Dimore ed edifici", "subgroup": "Residenze", "subcategory": "Palazzo italiano"}, "geometry": {"type": "Point", "coordinates": [10.39906389, 43.71700833]}}, {"type": "Feature", "properties": {"wikidata": "Q3661179", "name": "Casa Velluti", "status": "done", "osm_id": "way/306811247", "group": "Dimore ed edifici", "subgroup": "Residenze", "subcategory": "Palazzo italiano"}, "geometry": {"type": "Point", "coordinates": [11.248872, 43.766422]}}, {"type": "Feature", "properties": {"wikidata": "Q3661176", "name": "Casa Vanni", "status": "done", "osm_id": "way/1158306921", "group": "Dimore ed edifici", "subgroup": "Strutture Varie", "subcategory": "Edificio"}, "geometry": {"type": "Point", "coordinates": [10.40196389, 43.71716944]}}, {"type": "Feature", "properties": {"wikidata": "Q3661262", "name": "Casa dello Studente", "status": "done", "osm_id": "way/25006175", "group": "Dimore ed edifici", "subgroup": "Residenze", "subcategory": "Palazzo italiano"}, "geometry": {"type": "Point", "coordinates": [11.23425556, 43.7864]}}, {"type": "Feature", "properties": {"wikidata": "Q3661162", "name": "Casa Salvestrini", "status": "done", "osm_id": "way/165386238", "group": "Dimore ed edifici", "subgroup": "Strutture Varie", "subcategory": "Edificio"}, "geometry": {"type": "Point", "coordinates": [11.04398, 43.46731]}}, {"type": "Feature", "properties": {"wikidata": "Q3661111", "name": "Casa Gualandi", "status": "missing", "osm_id": null, "group": "Dimore ed edifici", "subgroup": "Strutture Varie", "subcategory": "Edificio"}, "geometry": {"type": "Point", "coordinates": [10.39675833, 43.71510833]}}, {"type": "Feature", "properties": {"wikidata": "Q3661223", "name": "Casa del Fascio", "status": "done", "osm_id": "way/115661856", "group": "Dimore ed edifici", "subgroup": "Residenze", "subcategory": "Palazzo italiano"}, "geometry": {"type": "Point", "coordinates": [11.26238611, 43.77086111]}}, {"type": "Feature", "properties": {"wikidata": "Q3661159", "name": "Casa Saldarini", "status": "done", "osm_id": "way/550135866", "group": "Dimore ed edifici", "subgroup": "Strutture Varie", "subcategory": "Edificio"}, "geometry": {"type": "Point", "coordinates": [10.5172, 43.0015]}}, {"type": "Feature", "properties": {"wikidata": "Q3661297", "name": "Casa di Ignazio Villa", "status": "done", "osm_id": "way/306222215", "group": "Dimore ed edifici", "subgroup": "Residenze", "subcategory": "Palazzo italiano"}, "geometry": {"type": "Point", "coordinates": [11.24305556, 43.77448056]}}, {"type": "Feature", "properties": {"wikidata": "Q3661079", "name": "Casa Capponi", "status": "done", "osm_id": "relation/4088640", "group": "Dimore ed edifici", "subgroup": "Residenze", "subcategory": "Palazzo italiano"}, "geometry": {"type": "Point", "coordinates": [11.24535556, 43.76969167]}}, {"type": "Feature", "properties": {"wikidata": "Q3661273", "name": "Casa di Bernardo Buontalenti", "status": "done", "osm_id": "way/306811238", "group": "Dimore ed edifici", "subgroup": "Residenze", "subcategory": "Palazzo italiano"}, "geometry": {"type": "Point", "coordinates": [11.24848056, 43.76578611]}}, {"type": "Feature", "properties": {"wikidata": "Q3661290", "name": "Casa di Giovan Battista Foggini", "status": "done", "osm_id": "way/306811235", "group": "Dimore ed edifici", "subgroup": "Strutture Varie", "subcategory": "Edificio"}, "geometry": {"type": "Point", "coordinates": [11.24820556, 43.76563333]}}, {"type": "Feature", "properties": {"wikidata": "Q3661224", "name": "ex Casa del Littorio di Pescia", "status": "done", "osm_id": "way/174330410", "group": "Dimore ed edifici", "subgroup": "Residenze", "subcategory": "Palazzo"}, "geometry": {"type": "Point", "coordinates": [10.689095, 43.90091]}}, {"type": "Feature", "properties": {"wikidata": "Q3661177", "name": "Casa Vasari", "status": "done", "osm_id": "way/283130701", "group": "Dimore ed edifici", "subgroup": "Residenze", "subcategory": "Palazzo italiano"}, "geometry": {"type": "Point", "coordinates": [11.88025, 43.46895]}}, {"type": "Feature", "properties": {"wikidata": "Q3661170", "name": "Casa Tizzoni", "status": "missing", "osm_id": null, "group": "Dimore ed edifici", "subgroup": "Strutture Varie", "subcategory": "Edificio"}, "geometry": {"type": "Point", "coordinates": [10.40378889, 43.71351111]}}, {"type": "Feature", "properties": {"wikidata": "Q3661108", "name": "Casa Gentili", "status": "done", "osm_id": "way/378865807", "group": "Dimore ed edifici", "subgroup": "Residenze", "subcategory": "Villa"}, "geometry": {"type": "Point", "coordinates": [10.408815, 43.78836]}}, {"type": "Feature", "properties": {"wikidata": "Q3661144", "name": "Casa Pitti", "status": "done", "osm_id": "way/306798514", "group": "Dimore ed edifici", "subgroup": "Residenze", "subcategory": "Palazzo italiano"}, "geometry": {"type": "Point", "coordinates": [11.24796389, 43.76851944]}}, {"type": "Feature", "properties": {"wikidata": "Q91228", "name": "Monteriggioni", "status": "done", "osm_id": "relation/42413", "group": "Altro", "subgroup": "Altro", "subcategory": "Altro"}, "geometry": {"type": "Point", "coordinates": [11.21803615, 43.36698535]}}, {"type": "Feature", "properties": {"wikidata": "Q91350", "name": "Poggibonsi", "status": "done", "osm_id": "relation/42441", "group": "Amministrazione", "subgroup": "Uffici Pubblici", "subcategory": "Comune italiano"}, "geometry": {"type": "Point", "coordinates": [11.15, 43.466667]}}, {"type": "Feature", "properties": {"wikidata": "Q91185", "name": "Chiusi", "status": "done", "osm_id": "relation/42269", "group": "Amministrazione", "subgroup": "Uffici Pubblici", "subcategory": "Comune italiano"}, "geometry": {"type": "Point", "coordinates": [11.95, 43.016666666]}}, {"type": "Feature", "properties": {"wikidata": "Q103127", "name": "Montecatini Val di Cecina", "status": "done", "osm_id": "relation/42393", "group": "Amministrazione", "subgroup": "Uffici Pubblici", "subcategory": "Comune italiano"}, "geometry": {"type": "Point", "coordinates": [10.749722222, 43.393611111]}}, {"type": "Feature", "properties": {"wikidata": "Q91292", "name": "Piancastagnaio", "status": "done", "osm_id": "relation/42171", "group": "Amministrazione", "subgroup": "Uffici Pubblici", "subcategory": "Comune italiano"}, "geometry": {"type": "Point", "coordinates": [11.683333333, 42.85]}}, {"type": "Feature", "properties": {"wikidata": "Q91199", "name": "Gaiole in Chianti", "status": "done", "osm_id": "relation/42447", "group": "Amministrazione", "subgroup": "Uffici Pubblici", "subcategory": "Comune italiano"}, "geometry": {"type": "Point", "coordinates": [11.433333333, 43.466666666]}}, {"type": "Feature", "properties": {"wikidata": "Q103118", "name": "Lari", "status": "done", "osm_id": "node/61753635", "group": "Insediamenti", "subgroup": "Centri", "subcategory": "Frazione"}, "geometry": {"type": "Point", "coordinates": [10.593333333, 43.568888888]}}, {"type": "Feature", "properties": {"wikidata": "Q103095", "name": "Guardistallo", "status": "done", "osm_id": "relation/42406", "group": "Amministrazione", "subgroup": "Uffici Pubblici", "subcategory": "Comune italiano"}, "geometry": {"type": "Point", "coordinates": [10.633333333, 43.313611111]}}, {"type": "Feature", "properties": {"wikidata": "Q91373", "name": "Radicofani", "status": "done", "osm_id": "relation/42232", "group": "Amministrazione", "subgroup": "Uffici Pubblici", "subcategory": "Comune italiano"}, "geometry": {"type": "Point", "coordinates": [11.766666666, 42.9]}}, {"type": "Feature", "properties": {"wikidata": "Q91430", "name": "San Quirico d'Orcia", "status": "done", "osm_id": "relation/42296", "group": "Amministrazione", "subgroup": "Uffici Pubblici", "subcategory": "Comune italiano"}, "geometry": {"type": "Point", "coordinates": [11.6, 43.066666666]}}, {"type": "Feature", "properties": {"wikidata": "Q103044", "name": "Casciana Terme", "status": "done", "osm_id": "node/61753601", "group": "Insediamenti", "subgroup": "Centri", "subcategory": "Frazione"}, "geometry": {"type": "Point", "coordinates": [10.619166666, 43.528055555]}}, {"type": "Feature", "properties": {"wikidata": "Q102725", "name": "Sambuca Pistoiese", "status": "done", "osm_id": "relation/42829", "group": "Amministrazione", "subgroup": "Uffici Pubblici", "subcategory": "Comune italiano"}, "geometry": {"type": "Point", "coordinates": [10.99539, 44.10548]}}, {"type": "Feature", "properties": {"wikidata": "Q91382", "name": "Radicondoli", "status": "done", "osm_id": "relation/42368", "group": "Amministrazione", "subgroup": "Uffici Pubblici", "subcategory": "Comune italiano"}, "geometry": {"type": "Point", "coordinates": [11.05, 43.266666666]}}, {"type": "Feature", "properties": {"wikidata": "Q103262", "name": "Santa Luce", "status": "done", "osm_id": "relation/42449", "group": "Amministrazione", "subgroup": "Uffici Pubblici", "subcategory": "Comune italiano"}, "geometry": {"type": "Point", "coordinates": [10.56269, 43.47143]}}, {"type": "Feature", "properties": {"wikidata": "Q91134", "name": "Castellina in Chianti", "status": "done", "osm_id": "relation/42442", "group": "Amministrazione", "subgroup": "Uffici Pubblici", "subcategory": "Comune italiano"}, "geometry": {"type": "Point", "coordinates": [11.288611111, 43.469166666]}}, {"type": "Feature", "properties": {"wikidata": "Q91096", "name": "Abbadia San Salvatore", "status": "done", "osm_id": "relation/42191", "group": "Amministrazione", "subgroup": "Uffici Pubblici", "subcategory": "Comune italiano"}, "geometry": {"type": "Point", "coordinates": [11.670647222, 42.883130555]}}, {"type": "Feature", "properties": {"wikidata": "Q91119", "name": "Buonconvento", "status": "done", "osm_id": "relation/42335", "group": "Amministrazione", "subgroup": "Uffici Pubblici", "subcategory": "Comune italiano"}, "geometry": {"type": "Point", "coordinates": [11.483333333, 43.133333333]}}, {"type": "Feature", "properties": {"wikidata": "Q91152", "name": "Castiglione d'Orcia", "status": "done", "osm_id": "relation/42237", "group": "Amministrazione", "subgroup": "Uffici Pubblici", "subcategory": "Comune italiano"}, "geometry": {"type": "Point", "coordinates": [11.616666666, 43.016666666]}}, {"type": "Feature", "properties": {"wikidata": "Q103077", "name": "Castelnuovo di Val di Cecina", "status": "done", "osm_id": "relation/42357", "group": "Amministrazione", "subgroup": "Uffici Pubblici", "subcategory": "Comune italiano"}, "geometry": {"type": "Point", "coordinates": [10.9, 43.216666666]}}, {"type": "Feature", "properties": {"wikidata": "Q91142", "name": "Castelnuovo Berardenga", "status": "done", "osm_id": "relation/42412", "group": "Amministrazione", "subgroup": "Uffici Pubblici", "subcategory": "Comune italiano"}, "geometry": {"type": "Point", "coordinates": [11.504166666, 43.347222222]}}, {"type": "Feature", "properties": {"wikidata": "Q102716", "name": "Quarrata", "status": "done", "osm_id": "relation/42657", "group": "Amministrazione", "subgroup": "Uffici Pubblici", "subcategory": "Comune italiano"}, "geometry": {"type": "Point", "coordinates": [10.983333333, 43.8475]}}, {"type": "Feature", "properties": {"wikidata": "Q103178", "name": "Palaia", "status": "done", "osm_id": "relation/42518", "group": "Amministrazione", "subgroup": "Uffici Pubblici", "subcategory": "Comune italiano"}, "geometry": {"type": "Point", "coordinates": [10.772777777, 43.605833333]}}, {"type": "Feature", "properties": {"wikidata": "Q72786", "name": "Forte Belvedere", "status": "done", "osm_id": "way/24879633", "group": "Cultura e tempo libero", "subgroup": "Musei", "subcategory": "Museo"}, "geometry": {"type": "Point", "coordinates": [11.253738, 43.763054]}}, {"type": "Feature", "properties": {"wikidata": "Q102677", "name": "Pieve a Nievole", "status": "done", "osm_id": "relation/42690", "group": "Amministrazione", "subgroup": "Uffici Pubblici", "subcategory": "Comune italiano"}, "geometry": {"type": "Point", "coordinates": [10.795, 43.878888888]}}, {"type": "Feature", "properties": {"wikidata": "Q103053", "name": "Castelfranco di Sotto", "status": "done", "osm_id": "relation/42578", "group": "Amministrazione", "subgroup": "Uffici Pubblici", "subcategory": "Comune italiano"}, "geometry": {"type": "Point", "coordinates": [10.75, 43.7]}}, {"type": "Feature", "properties": {"wikidata": "Q103253", "name": "Santa Croce sull'Arno", "status": "done", "osm_id": "relation/42589", "group": "Amministrazione", "subgroup": "Uffici Pubblici", "subcategory": "Comune italiano"}, "geometry": {"type": "Point", "coordinates": [10.7727, 43.7202]}}, {"type": "Feature", "properties": {"wikidata": "Q102555", "name": "Agliana", "status": "done", "osm_id": "relation/42723", "group": "Amministrazione", "subgroup": "Uffici Pubblici", "subcategory": "Comune italiano"}, "geometry": {"type": "Point", "coordinates": [11.0, 43.9]}}, {"type": "Feature", "properties": {"wikidata": "Q103186", "name": "Peccioli", "status": "done", "osm_id": "relation/42475", "group": "Amministrazione", "subgroup": "Uffici Pubblici", "subcategory": "Comune italiano"}, "geometry": {"type": "Point", "coordinates": [10.716666666, 43.55]}}, {"type": "Feature", "properties": {"wikidata": "Q91403", "name": "San Casciano dei Bagni", "status": "done", "osm_id": "relation/42185", "group": "Amministrazione", "subgroup": "Uffici Pubblici", "subcategory": "Comune italiano"}, "geometry": {"type": "Point", "coordinates": [11.876666666, 42.870277777]}}, {"type": "Feature", "properties": {"wikidata": "Q103081", "name": "Chianni", "status": "done", "osm_id": "relation/42448", "group": "Amministrazione", "subgroup": "Uffici Pubblici", "subcategory": "Comune italiano"}, "geometry": {"type": "Point", "coordinates": [10.642777777, 43.481944444]}}, {"type": "Feature", "properties": {"wikidata": "Q102652", "name": "Montale", "status": "done", "osm_id": "relation/42743", "group": "Amministrazione", "subgroup": "Uffici Pubblici", "subcategory": "Comune italiano"}, "geometry": {"type": "Point", "coordinates": [11.016666666, 43.933333333]}}, {"type": "Feature", "properties": {"wikidata": "Q102578", "name": "Chiesina Uzzanese", "status": "done", "osm_id": "relation/42652", "group": "Amministrazione", "subgroup": "Uffici Pubblici", "subcategory": "Comune italiano"}, "geometry": {"type": "Point", "coordinates": [10.7160901, 43.83808365]}}, {"type": "Feature", "properties": {"wikidata": "Q102999", "name": "Bientina", "status": "done", "osm_id": "relation/42584", "group": "Amministrazione", "subgroup": "Uffici Pubblici", "subcategory": "Comune italiano"}, "geometry": {"type": "Point", "coordinates": [10.620555555, 43.707222222]}}, {"type": "Feature", "properties": {"wikidata": "Q114345", "name": "Aeroporto di Marina di Campo", "status": "done", "osm_id": "relation/14643413", "group": "Infrastrutture", "subgroup": "Trasporti", "subcategory": "Aeroporto"}, "geometry": {"type": "Point", "coordinates": [10.239722222, 42.761111111]}}, {"type": "Feature", "properties": {"wikidata": "Q103239", "name": "San Giuliano Terme", "status": "done", "osm_id": "relation/42591", "group": "Amministrazione", "subgroup": "Uffici Pubblici", "subcategory": "Comune italiano"}, "geometry": {"type": "Point", "coordinates": [10.441388888, 43.7625]}}, {"type": "Feature", "properties": {"wikidata": "Q94633", "name": "Stadio Carlo Castellani", "status": "done", "osm_id": "way/612247309", "group": "Cultura e tempo libero", "subgroup": "Sport", "subcategory": "Impianto sportivo"}, "geometry": {"type": "Point", "coordinates": [10.955, 43.726389]}}, {"type": "Feature", "properties": {"wikidata": "Q103305", "name": "Volterra", "status": "done", "osm_id": "relation/42425", "group": "Amministrazione", "subgroup": "Uffici Pubblici", "subcategory": "Comune italiano"}, "geometry": {"type": "Point", "coordinates": [10.866666666, 43.4]}}, {"type": "Feature", "properties": {"wikidata": "Q103209", "name": "Ponsacco", "status": "done", "osm_id": "relation/42540", "group": "Amministrazione", "subgroup": "Uffici Pubblici", "subcategory": "Comune italiano"}, "geometry": {"type": "Point", "coordinates": [10.633333333, 43.616666666]}}, {"type": "Feature", "properties": {"wikidata": "Q103161", "name": "Montopoli in Val d'Arno", "status": "done", "osm_id": "relation/42552", "group": "Amministrazione", "subgroup": "Uffici Pubblici", "subcategory": "Comune italiano"}, "geometry": {"type": "Point", "coordinates": [10.750277777, 43.674444444]}}, {"type": "Feature", "properties": {"wikidata": "Q91413", "name": "San Gimignano", "status": "done", "osm_id": "relation/42458", "group": "Amministrazione", "subgroup": "Uffici Pubblici", "subcategory": "Comune italiano"}, "geometry": {"type": "Point", "coordinates": [11.043221, 43.467719]}}, {"type": "Feature", "properties": {"wikidata": "Q82785", "name": "Palazzuolo sul Senio", "status": "done", "osm_id": "relation/42832", "group": "Amministrazione", "subgroup": "Uffici Pubblici", "subcategory": "Comune italiano"}, "geometry": {"type": "Point", "coordinates": [11.55, 44.116666666]}}, {"type": "Feature", "properties": {"wikidata": "Q102623", "name": "Massa e Cozzile", "status": "done", "osm_id": "relation/42742", "group": "Amministrazione", "subgroup": "Uffici Pubblici", "subcategory": "Comune italiano"}, "geometry": {"type": "Point", "coordinates": [10.75, 43.916666666]}}, {"type": "Feature", "properties": {"wikidata": "Q91168", "name": "Chianciano Terme", "status": "done", "osm_id": "relation/42287", "group": "Amministrazione", "subgroup": "Uffici Pubblici", "subcategory": "Comune italiano"}, "geometry": {"type": "Point", "coordinates": [11.833333333, 43.066666666]}}, {"type": "Feature", "properties": {"wikidata": "Q93679", "name": "chiesa di San Francesco", "status": "done", "osm_id": "way/169566154", "group": "Religione", "subgroup": "Luoghi di Culto", "subcategory": "Chiesa"}, "geometry": {"type": "Point", "coordinates": [10.51127778, 43.84541667]}}, {"type": "Feature", "properties": {"wikidata": "Q91472", "name": "Sovicille", "status": "done", "osm_id": "relation/42359", "group": "Amministrazione", "subgroup": "Uffici Pubblici", "subcategory": "Comune italiano"}, "geometry": {"type": "Point", "coordinates": [11.233333333, 43.283333333]}}, {"type": "Feature", "properties": {"wikidata": "Q103004", "name": "Buti", "status": "done", "osm_id": "relation/42594", "group": "Amministrazione", "subgroup": "Uffici Pubblici", "subcategory": "Comune italiano"}, "geometry": {"type": "Point", "coordinates": [10.586666666, 43.729722222]}}, {"type": "Feature", "properties": {"wikidata": "Q103201", "name": "Pomarance", "status": "done", "osm_id": "relation/42356", "group": "Amministrazione", "subgroup": "Uffici Pubblici", "subcategory": "Comune italiano"}, "geometry": {"type": "Point", "coordinates": [10.873611111, 43.299722222]}}, {"type": "Feature", "properties": {"wikidata": "Q91341", "name": "Pienza", "status": "done", "osm_id": "relation/42271", "group": "Amministrazione", "subgroup": "Uffici Pubblici", "subcategory": "Comune italiano"}, "geometry": {"type": "Point", "coordinates": [11.678889, 43.078611]}}, {"type": "Feature", "properties": {"wikidata": "Q91447", "name": "Sarteano", "status": "done", "osm_id": "relation/42233", "group": "Amministrazione", "subgroup": "Uffici Pubblici", "subcategory": "Comune italiano"}, "geometry": {"type": "Point", "coordinates": [11.866666666, 42.983333333]}}, {"type": "Feature", "properties": {"wikidata": "Q103244", "name": "San Miniato", "status": "done", "osm_id": "relation/42546", "group": "Amministrazione", "subgroup": "Uffici Pubblici", "subcategory": "Comune italiano"}, "geometry": {"type": "Point", "coordinates": [10.85, 43.683333333]}}, {"type": "Feature", "properties": {"wikidata": "Q91281", "name": "Murlo", "status": "done", "osm_id": "relation/42319", "group": "Amministrazione", "subgroup": "Uffici Pubblici", "subcategory": "Comune italiano"}, "geometry": {"type": "Point", "coordinates": [11.392222222, 43.171111111]}}, {"type": "Feature", "properties": {"wikidata": "Q103170", "name": "Orciano Pisano", "status": "done", "osm_id": "relation/42470", "group": "Amministrazione", "subgroup": "Uffici Pubblici", "subcategory": "Comune italiano"}, "geometry": {"type": "Point", "coordinates": [10.516666666, 43.5]}}, {"type": "Feature", "properties": {"wikidata": "Q102609", "name": "Larciano", "status": "done", "osm_id": "relation/42636", "group": "Amministrazione", "subgroup": "Uffici Pubblici", "subcategory": "Comune italiano"}, "geometry": {"type": "Point", "coordinates": [10.8579151, 43.8278802]}}, {"type": "Feature", "properties": {"wikidata": "Q91243", "name": "Monteroni d'Arbia", "status": "done", "osm_id": "relation/42371", "group": "Amministrazione", "subgroup": "Uffici Pubblici", "subcategory": "Comune italiano"}, "geometry": {"type": "Point", "coordinates": [11.416666666, 43.233333333]}}, {"type": "Feature", "properties": {"wikidata": "Q103270", "name": "Santa Maria a Monte", "status": "done", "osm_id": "relation/42571", "group": "Amministrazione", "subgroup": "Uffici Pubblici", "subcategory": "Comune italiano"}, "geometry": {"type": "Point", "coordinates": [10.683333333, 43.7]}}, {"type": "Feature", "properties": {"wikidata": "Q103136", "name": "Montescudaio", "status": "done", "osm_id": "relation/42411", "group": "Amministrazione", "subgroup": "Uffici Pubblici", "subcategory": "Comune italiano"}, "geometry": {"type": "Point", "coordinates": [10.633333333, 43.333333333]}}, {"type": "Feature", "properties": {"wikidata": "Q103049", "name": "Cascina", "status": "done", "osm_id": "relation/42548", "group": "Amministrazione", "subgroup": "Uffici Pubblici", "subcategory": "Comune italiano"}, "geometry": {"type": "Point", "coordinates": [10.500277777, 43.68]}}, {"type": "Feature", "properties": {"wikidata": "Q103010", "name": "Calci", "status": "done", "osm_id": "relation/42592", "group": "Amministrazione", "subgroup": "Uffici Pubblici", "subcategory": "Comune italiano"}, "geometry": {"type": "Point", "coordinates": [10.519166666, 43.724444444]}}, {"type": "Feature", "properties": {"wikidata": "Q91484", "name": "Trequanda", "status": "done", "osm_id": "relation/42348", "group": "Amministrazione", "subgroup": "Uffici Pubblici", "subcategory": "Comune italiano"}, "geometry": {"type": "Point", "coordinates": [11.666666666, 43.183333333]}}, {"type": "Feature", "properties": {"wikidata": "Q102599", "name": "Lamporecchio", "status": "done", "osm_id": "relation/42642", "group": "Amministrazione", "subgroup": "Uffici Pubblici", "subcategory": "Comune italiano"}, "geometry": {"type": "Point", "coordinates": [10.9, 43.816666666]}}, {"type": "Feature", "properties": {"wikidata": "Q91272", "name": "Monticiano", "status": "done", "osm_id": "relation/42323", "group": "Amministrazione", "subgroup": "Uffici Pubblici", "subcategory": "Comune italiano"}, "geometry": {"type": "Point", "coordinates": [11.183333333, 43.133333333]}}, {"type": "Feature", "properties": {"wikidata": "Q91464", "name": "Sinalunga", "status": "done", "osm_id": "relation/42373", "group": "Amministrazione", "subgroup": "Uffici Pubblici", "subcategory": "Comune italiano"}, "geometry": {"type": "Point", "coordinates": [11.733333333, 43.216666666]}}, {"type": "Feature", "properties": {"wikidata": "Q91160", "name": "Cetona", "status": "done", "osm_id": "relation/42228", "group": "Amministrazione", "subgroup": "Uffici Pubblici", "subcategory": "Comune italiano"}, "geometry": {"type": "Point", "coordinates": [11.9, 42.966666666]}}, {"type": "Feature", "properties": {"wikidata": "Q102791", "name": "Uzzano", "status": "done", "osm_id": "relation/42704", "group": "Amministrazione", "subgroup": "Uffici Pubblici", "subcategory": "Comune italiano"}, "geometry": {"type": "Point", "coordinates": [10.70884835, 43.888824]}}, {"type": "Feature", "properties": {"wikidata": "Q91360", "name": "Radda in Chianti", "status": "done", "osm_id": "relation/42446", "group": "Amministrazione", "subgroup": "Uffici Pubblici", "subcategory": "Comune italiano"}, "geometry": {"type": "Point", "coordinates": [11.383333333, 43.483333333]}}, {"type": "Feature", "properties": {"wikidata": "Q91217", "name": "Montepulciano", "status": "done", "osm_id": "relation/42308", "group": "Amministrazione", "subgroup": "Uffici Pubblici", "subcategory": "Comune italiano"}, "geometry": {"type": "Point", "coordinates": [11.783333333, 43.1]}}, {"type": "Feature", "properties": {"wikidata": "Q102634", "name": "Monsummano Terme", "status": "done", "osm_id": "relation/42669", "group": "Amministrazione", "subgroup": "Uffici Pubblici", "subcategory": "Comune italiano"}, "geometry": {"type": "Point", "coordinates": [10.816666666, 43.866666666]}}, {"type": "Feature", "properties": {"wikidata": "Q103040", "name": "Casale Marittimo", "status": "done", "osm_id": "relation/42404", "group": "Amministrazione", "subgroup": "Uffici Pubblici", "subcategory": "Comune italiano"}, "geometry": {"type": "Point", "coordinates": [10.616666666, 43.2975]}}, {"type": "Feature", "properties": {"wikidata": "Q91192", "name": "Colle di Val d'Elsa", "status": "done", "osm_id": "relation/42434", "group": "Amministrazione", "subgroup": "Uffici Pubblici", "subcategory": "Comune italiano"}, "geometry": {"type": "Point", "coordinates": [11.126666666, 43.4225]}}, {"type": "Feature", "properties": {"wikidata": "Q91476", "name": "Torrita di Siena", "status": "done", "osm_id": "relation/42341", "group": "Amministrazione", "subgroup": "Uffici Pubblici", "subcategory": "Comune italiano"}, "geometry": {"type": "Point", "coordinates": [11.766666666, 43.166666666]}}, {"type": "Feature", "properties": {"wikidata": "Q103219", "name": "Pontedera", "status": "done", "osm_id": "relation/42541", "group": "Amministrazione", "subgroup": "Uffici Pubblici", "subcategory": "Comune italiano"}, "geometry": {"type": "Point", "coordinates": [10.632777777, 43.6625]}}, {"type": "Feature", "properties": {"wikidata": "Q103287", "name": "Vecchiano", "status": "done", "osm_id": "relation/42655", "group": "Amministrazione", "subgroup": "Uffici Pubblici", "subcategory": "Comune italiano"}, "geometry": {"type": "Point", "coordinates": [10.383333333, 43.783333333]}}, {"type": "Feature", "properties": {"wikidata": "Q103110", "name": "Lajatico", "status": "done", "osm_id": "relation/42444", "group": "Amministrazione", "subgroup": "Uffici Pubblici", "subcategory": "Comune italiano"}, "geometry": {"type": "Point", "coordinates": [10.729444444, 43.472222222]}}, {"type": "Feature", "properties": {"wikidata": "Q102615", "name": "Marliana", "status": "done", "osm_id": "relation/42750", "group": "Amministrazione", "subgroup": "Uffici Pubblici", "subcategory": "Comune italiano"}, "geometry": {"type": "Point", "coordinates": [10.766666666, 43.933333333]}}, {"type": "Feature", "properties": {"wikidata": "Q103085", "name": "Crespina", "status": "done", "osm_id": "node/61753656", "group": "Altro", "subgroup": "Altro", "subcategory": "Altro"}, "geometry": {"type": "Point", "coordinates": [10.564444444, 43.573055555]}}, {"type": "Feature", "properties": {"wikidata": "Q103155", "name": "Monteverdi Marittimo", "status": "done", "osm_id": "relation/42337", "group": "Amministrazione", "subgroup": "Uffici Pubblici", "subcategory": "Comune italiano"}, "geometry": {"type": "Point", "coordinates": [10.716666666, 43.183333333]}}, {"type": "Feature", "properties": {"wikidata": "Q91395", "name": "Rapolano Terme", "status": "done", "osm_id": "relation/42400", "group": "Amministrazione", "subgroup": "Uffici Pubblici", "subcategory": "Comune italiano"}, "geometry": {"type": "Point", "coordinates": [11.6, 43.283333333]}}, {"type": "Feature", "properties": {"wikidata": "Q103058", "name": "Castellina Marittima", "status": "done", "osm_id": "relation/42432", "group": "Amministrazione", "subgroup": "Uffici Pubblici", "subcategory": "Comune italiano"}, "geometry": {"type": "Point", "coordinates": [10.577222222, 43.412777777]}}, {"type": "Feature", "properties": {"wikidata": "Q102780", "name": "Serravalle Pistoiese", "status": "done", "osm_id": "relation/42685", "group": "Amministrazione", "subgroup": "Uffici Pubblici", "subcategory": "Comune italiano"}, "geometry": {"type": "Point", "coordinates": [10.833333333, 43.9]}}, {"type": "Feature", "properties": {"wikidata": "Q103016", "name": "Calcinaia", "status": "done", "osm_id": "relation/42567", "group": "Amministrazione", "subgroup": "Uffici Pubblici", "subcategory": "Comune italiano"}, "geometry": {"type": "Point", "coordinates": [10.61653, 43.68352]}}, {"type": "Feature", "properties": {"wikidata": "Q91126", "name": "Casole d'Elsa", "status": "done", "osm_id": "relation/42391", "group": "Amministrazione", "subgroup": "Uffici Pubblici", "subcategory": "Comune italiano"}, "geometry": {"type": "Point", "coordinates": [11.0485, 43.341111111]}}, {"type": "Feature", "properties": {"wikidata": "Q102566", "name": "Buggiano", "status": "done", "osm_id": "relation/42696", "group": "Amministrazione", "subgroup": "Uffici Pubblici", "subcategory": "Comune italiano"}, "geometry": {"type": "Point", "coordinates": [10.734444444, 43.876388888]}}, {"type": "Feature", "properties": {"wikidata": "Q115457", "name": "Arno", "status": "done", "osm_id": "relation/2535730", "group": "Altro", "subgroup": "Altro", "subcategory": "Altro"}, "geometry": {"type": "Point", "coordinates": [11.671666666, 43.725555555]}}, {"type": "Feature", "properties": {"wikidata": "Q91176", "name": "Chiusdino", "status": "done", "osm_id": "relation/42322", "group": "Amministrazione", "subgroup": "Uffici Pubblici", "subcategory": "Comune italiano"}, "geometry": {"type": "Point", "coordinates": [11.08425, 43.154611111]}}, {"type": "Feature", "properties": {"wikidata": "Q103279", "name": "Terricciola", "status": "done", "osm_id": "relation/42491", "group": "Amministrazione", "subgroup": "Uffici Pubblici", "subcategory": "Comune italiano"}, "geometry": {"type": "Point", "coordinates": [10.680833333, 43.525555555]}}, {"type": "Feature", "properties": {"wikidata": "Q103090", "name": "Fauglia", "status": "done", "osm_id": "relation/42492", "group": "Amministrazione", "subgroup": "Uffici Pubblici", "subcategory": "Comune italiano"}, "geometry": {"type": "Point", "coordinates": [10.516666666, 43.566666666]}}, {"type": "Feature", "properties": {"wikidata": "Q103121", "name": "Lorenzana", "status": "done", "osm_id": "node/61753650", "group": "Insediamenti", "subgroup": "Centri", "subcategory": "Frazione"}, "geometry": {"type": "Point", "coordinates": [10.533333333, 43.533333333]}}, {"type": "Feature", "properties": {"wikidata": "Q103228", "name": "Riparbella", "status": "done", "osm_id": "relation/42421", "group": "Amministrazione", "subgroup": "Uffici Pubblici", "subcategory": "Comune italiano"}, "geometry": {"type": "Point", "coordinates": [10.6, 43.366666666]}}, {"type": "Feature", "properties": {"wikidata": "Q102661", "name": "Pescia", "status": "done", "osm_id": "relation/42703", "group": "Amministrazione", "subgroup": "Uffici Pubblici", "subcategory": "Comune italiano"}, "geometry": {"type": "Point", "coordinates": [10.6897811, 43.90171]}}, {"type": "Feature", "properties": {"wikidata": "Q91208", "name": "Montalcino", "status": "done", "osm_id": "relation/42262", "group": "Amministrazione", "subgroup": "Uffici Pubblici", "subcategory": "Comune italiano"}, "geometry": {"type": "Point", "coordinates": [11.489166666, 43.059166666]}}, {"type": "Feature", "properties": {"wikidata": "Q103022", "name": "Capannoli", "status": "done", "osm_id": "relation/42510", "group": "Amministrazione", "subgroup": "Uffici Pubblici", "subcategory": "Comune italiano"}, "geometry": {"type": "Point", "coordinates": [10.669722222, 43.59]}}, {"type": "Feature", "properties": {"wikidata": "Q91108", "name": "Asciano", "status": "done", "osm_id": "relation/42364", "group": "Amministrazione", "subgroup": "Uffici Pubblici", "subcategory": "Comune italiano"}, "geometry": {"type": "Point", "coordinates": [11.560833333, 43.234166666]}}, {"type": "Feature", "properties": {"wikidata": "Q103297", "name": "Vicopisano", "status": "done", "osm_id": "relation/42583", "group": "Amministrazione", "subgroup": "Uffici Pubblici", "subcategory": "Comune italiano"}, "geometry": {"type": "Point", "coordinates": [10.583111111, 43.699138888]}}, {"type": "Feature", "properties": {"wikidata": "Q1111615", "name": "chiesa di Santa Lucia", "status": "missing", "osm_id": null, "group": "Religione", "subgroup": "Luoghi di Culto", "subcategory": "Chiesa"}, "geometry": {"type": "Point", "coordinates": [10.59184, 43.60474]}}, {"type": "Feature", "properties": {"wikidata": "Q1102884", "name": "chiesa di San Rocco", "status": "done", "osm_id": "way/668631812", "group": "Religione", "subgroup": "Luoghi di Culto", "subcategory": "Chiesa"}, "geometry": {"type": "Point", "coordinates": [10.39967, 43.71954]}}, {"type": "Feature", "properties": {"wikidata": "Q1102245", "name": "chiesa di San Giorgio", "status": "done", "osm_id": "way/1184135752", "group": "Religione", "subgroup": "Luoghi di Culto", "subcategory": "Chiesa"}, "geometry": {"type": "Point", "coordinates": [11.33624, 43.31758]}}, {"type": "Feature", "properties": {"wikidata": "Q1092134", "name": "cimitero degli inglesi", "status": "done", "osm_id": "way/25156933", "group": "Religione", "subgroup": "Cimiteri", "subcategory": "Cimitero"}, "geometry": {"type": "Point", "coordinates": [11.268163888, 43.777525]}}, {"type": "Feature", "properties": {"wikidata": "Q1084774", "name": "Villa medicea dell'Ambrogiana", "status": "missing", "osm_id": null, "group": "Dimore ed edifici", "subgroup": "Residenze", "subcategory": "Villa"}, "geometry": {"type": "Point", "coordinates": [11.014464, 43.730767]}}, {"type": "Feature", "properties": {"wikidata": "Q1083008", "name": "Villa medicea di Marignolle", "status": "done", "osm_id": "way/305676966", "group": "Dimore ed edifici", "subgroup": "Residenze", "subcategory": "Villa"}, "geometry": {"type": "Point", "coordinates": [11.217179, 43.752972]}}, {"type": "Feature", "properties": {"wikidata": "Q1088207", "name": "piazza della Libert\u00e0", "status": "done", "osm_id": "relation/1130965", "group": "Insediamenti", "subgroup": "Zone Urbane", "subcategory": "Piazza"}, "geometry": {"type": "Point", "coordinates": [11.261944, 43.783889]}}, {"type": "Feature", "properties": {"wikidata": "Q1058266", "name": "Merse", "status": "done", "osm_id": "relation/2573906", "group": "Natura e paesaggio", "subgroup": "Acqua", "subcategory": "Fiume"}, "geometry": {"type": "Point", "coordinates": [11.36633333, 43.07611111]}}, {"type": "Feature", "properties": {"wikidata": "Q1097330", "name": "basilica di Santa Maria Assunta", "status": "done", "osm_id": "way/116084407", "group": "Cultura e tempo libero", "subgroup": "Musei", "subcategory": "Museo"}, "geometry": {"type": "Point", "coordinates": [11.04277, 43.46782]}}, {"type": "Feature", "properties": {"wikidata": "Q1110367", "name": "Torre dei Pazzi di Valdarno", "status": "done", "osm_id": "way/306984426", "group": "Fortificazioni e militare", "subgroup": "Fortificazioni", "subcategory": "Torre"}, "geometry": {"type": "Point", "coordinates": [11.261658, 43.771539]}}, {"type": "Feature", "properties": {"wikidata": "Q1062114", "name": "basilica di Santa Trinita", "status": "done", "osm_id": "way/478272186", "group": "Religione", "subgroup": "Luoghi di Culto", "subcategory": "Basilica minore"}, "geometry": {"type": "Point", "coordinates": [11.250719, 43.770153]}}, {"type": "Feature", "properties": {"wikidata": "Q1071629", "name": "Chianti", "status": "missing", "osm_id": null, "group": "Altro", "subgroup": "Altro", "subcategory": "Altro"}, "geometry": {"type": "Point", "coordinates": [11.416666666, 43.533333333]}}, {"type": "Feature", "properties": {"wikidata": "Q1061229", "name": "piazza del Campo", "status": "done", "osm_id": "relation/16784773", "group": "Insediamenti", "subgroup": "Zone Urbane", "subcategory": "Piazza"}, "geometry": {"type": "Point", "coordinates": [11.33145, 43.3184]}}, {"type": "Feature", "properties": {"wikidata": "Q1067038", "name": "piazza dell'Anfiteatro", "status": "done", "osm_id": "way/35164689", "group": "Insediamenti", "subgroup": "Zone Urbane", "subcategory": "Piazza"}, "geometry": {"type": "Point", "coordinates": [10.50615, 43.84535]}}, {"type": "Feature", "properties": {"wikidata": "Q1066935", "name": "battistero di San Giovanni", "status": "done", "osm_id": "node/2812461391", "group": "Religione", "subgroup": "Luoghi di Culto", "subcategory": "Chiesa"}, "geometry": {"type": "Point", "coordinates": [11.32926, 43.31807]}}, {"type": "Feature", "properties": {"wikidata": "Q1110938", "name": "Colonne di Firenze", "status": "done", "osm_id": "node/2426842882", "group": "Altro", "subgroup": "Altro", "subcategory": "Altro"}, "geometry": {"type": "Point", "coordinates": [11.25431, 43.77158]}}, {"type": "Feature", "properties": {"wikidata": "Q1052381", "name": "Ribolla", "status": "done", "osm_id": "node/2795141580", "group": "Insediamenti", "subgroup": "Centri", "subcategory": "Frazione"}, "geometry": {"type": "Point", "coordinates": [11.038888888, 42.969722222]}}, {"type": "Feature", "properties": {"wikidata": "Q1072826", "name": "chiesa russa ortodossa della Nativit\u00e0", "status": "done", "osm_id": "way/111183867", "group": "Religione", "subgroup": "Luoghi di Culto", "subcategory": "Chiesa"}, "geometry": {"type": "Point", "coordinates": [11.254947222, 43.78385]}}, {"type": "Feature", "properties": {"wikidata": "Q1101783", "name": "passo della Pradarena", "status": "done", "osm_id": "node/1792789854", "group": "Natura e paesaggio", "subgroup": "Montagna", "subcategory": "Passo"}, "geometry": {"type": "Point", "coordinates": [10.3013, 44.2841]}}, {"type": "Feature", "properties": {"wikidata": "Q1048658", "name": "Castelfalfi", "status": "done", "osm_id": "node/495237010", "group": "Insediamenti", "subgroup": "Centri", "subcategory": "Frazione"}, "geometry": {"type": "Point", "coordinates": [10.85715, 43.54807]}}, {"type": "Feature", "properties": {"wikidata": "Q1052464", "name": "Cecina", "status": "done", "osm_id": "relation/2573902", "group": "Natura e paesaggio", "subgroup": "Acqua", "subcategory": "Fiume"}, "geometry": {"type": "Point", "coordinates": [10.9746, 43.1687]}}, {"type": "Feature", "properties": {"wikidata": "Q1071192", "name": "chiesa di San Frediano in Cestello", "status": "done", "osm_id": "way/118416085", "group": "Religione", "subgroup": "Luoghi di Culto", "subcategory": "Chiesa"}, "geometry": {"type": "Point", "coordinates": [11.24396667, 43.76999167]}}, {"type": "Feature", "properties": {"wikidata": "Q1031105", "name": "Campiglio", "status": "missing", "osm_id": null, "group": "Insediamenti", "subgroup": "Centri", "subcategory": "Villaggio"}, "geometry": {"type": "Point", "coordinates": [10.856722222, 43.980666666]}}, {"type": "Feature", "properties": {"wikidata": "Q1083000", "name": "Villa di Spedaletto", "status": "done", "osm_id": "relation/11362161", "group": "Dimore ed edifici", "subgroup": "Residenze", "subcategory": "Villa"}, "geometry": {"type": "Point", "coordinates": [10.77952778, 43.45148333]}}, {"type": "Feature", "properties": {"wikidata": "Q1089361", "name": "Castello dell'Imperatore", "status": "done", "osm_id": "relation/107056", "group": "Fortificazioni e militare", "subgroup": "Fortificazioni", "subcategory": "Castello"}, "geometry": {"type": "Point", "coordinates": [11.098659, 43.878883]}}, {"type": "Feature", "properties": {"wikidata": "Q1111407", "name": "Golf Club Punta Ala", "status": "missing", "osm_id": null, "group": "Altro", "subgroup": "Altro", "subcategory": "Altro"}, "geometry": {"type": "Point", "coordinates": [10.77209472, 42.80144653]}}, {"type": "Feature", "properties": {"wikidata": "Q1109480", "name": "stazione di Orbetello-Monte Argentario", "status": "done", "osm_id": "node/5047007042", "group": "Infrastrutture", "subgroup": "Trasporti", "subcategory": "Stazione ferroviaria"}, "geometry": {"type": "Point", "coordinates": [11.248859318, 42.4505399]}}, {"type": "Feature", "properties": {"wikidata": "Q1110070", "name": "chiesa di San Bartolomeo", "status": "done", "osm_id": "way/942872740", "group": "Religione", "subgroup": "Luoghi di Culto", "subcategory": "Chiesa"}, "geometry": {"type": "Point", "coordinates": [11.0794, 43.41481]}}, {"type": "Feature", "properties": {"wikidata": "Q1083038", "name": "Marina di Pietrasanta", "status": "done", "osm_id": "node/355918496", "group": "Insediamenti", "subgroup": "Centri", "subcategory": "Frazione"}, "geometry": {"type": "Point", "coordinates": [10.3175, 44.014166666]}}, {"type": "Feature", "properties": {"wikidata": "Q1069665", "name": "chiesa di Santa Felicita", "status": "done", "osm_id": "way/159394659", "group": "Religione", "subgroup": "Luoghi di Culto", "subcategory": "Chiesa"}, "geometry": {"type": "Point", "coordinates": [11.252636111, 43.766833333]}}, {"type": "Feature", "properties": {"wikidata": "Q1083031", "name": "Villa Niccolini", "status": "done", "osm_id": "way/246420534", "group": "Dimore ed edifici", "subgroup": "Residenze", "subcategory": "Villa"}, "geometry": {"type": "Point", "coordinates": [10.65476, 43.601854]}}, {"type": "Feature", "properties": {"wikidata": "Q1090690", "name": "Torre dei Gianfigliazzi", "status": "done", "osm_id": "way/116673410", "group": "Fortificazioni e militare", "subgroup": "Fortificazioni", "subcategory": "Torre"}, "geometry": {"type": "Point", "coordinates": [11.2508, 43.7699]}}, {"type": "Feature", "properties": {"wikidata": "Q1031614", "name": "Camposanto monumentale", "status": "done", "osm_id": "relation/154289", "group": "Religione", "subgroup": "Cimiteri", "subcategory": "Cimitero"}, "geometry": {"type": "Point", "coordinates": [10.39495, 43.724]}}, {"type": "Feature", "properties": {"wikidata": "Q1032406", "name": "passo del Lagastrello", "status": "done", "osm_id": "node/1922556207", "group": "Natura e paesaggio", "subgroup": "Montagna", "subcategory": "Passo"}, "geometry": {"type": "Point", "coordinates": [10.1287, 44.3402]}}, {"type": "Feature", "properties": {"wikidata": "Q1054703", "name": "isola di Cerboli", "status": "done", "osm_id": "way/41808155", "group": "Natura e paesaggio", "subgroup": "Mare e Costa", "subcategory": "Isola"}, "geometry": {"type": "Point", "coordinates": [10.547777777, 42.858055555]}}, {"type": "Feature", "properties": {"wikidata": "Q1109130", "name": "collegiata di Sant'Agata", "status": "done", "osm_id": "way/185278869", "group": "Religione", "subgroup": "Luoghi di Culto", "subcategory": "Basilica minore"}, "geometry": {"type": "Point", "coordinates": [11.56102778, 43.23433333]}}, {"type": "Feature", "properties": {"wikidata": "Q1102250", "name": "chiesa di Sant'Agostino", "status": "done", "osm_id": "way/1189435410", "group": "Religione", "subgroup": "Luoghi di Culto", "subcategory": "Chiesa"}, "geometry": {"type": "Point", "coordinates": [11.33138889, 43.31444444]}}, {"type": "Feature", "properties": {"wikidata": "Q1054219", "name": "Aeroporto di Grosseto", "status": "done", "osm_id": "relation/14879705", "group": "Infrastrutture", "subgroup": "Trasporti", "subcategory": "Aeroporto"}, "geometry": {"type": "Point", "coordinates": [11.071666666, 42.759722222]}}, {"type": "Feature", "properties": {"wikidata": "Q1072263", "name": "Museo di storia naturale dell'Universit\u00e0 di Firenze", "status": "missing", "osm_id": null, "group": "Altro", "subgroup": "Altro", "subcategory": "Altro"}, "geometry": {"type": "Point", "coordinates": [11.259857, 43.77834]}}, {"type": "Feature", "properties": {"wikidata": "Q1048996", "name": "Castelpoggio", "status": "done", "osm_id": "node/579493397", "group": "Insediamenti", "subgroup": "Centri", "subcategory": "Frazione"}, "geometry": {"type": "Point", "coordinates": [10.07411, 44.11219]}}, {"type": "Feature", "properties": {"wikidata": "Q1070931", "name": "Querceto", "status": "done", "osm_id": "node/495230318", "group": "Insediamenti", "subgroup": "Centri", "subcategory": "Frazione"}, "geometry": {"type": "Point", "coordinates": [10.728305555, 43.294861111]}}, {"type": "Feature", "properties": {"wikidata": "Q1107137", "name": "Coiano", "status": "done", "osm_id": "node/637467836", "group": "Insediamenti", "subgroup": "Centri", "subcategory": "Frazione"}, "geometry": {"type": "Point", "coordinates": [10.91333333, 43.61972222]}}, {"type": "Feature", "properties": {"wikidata": "Q1052350", "name": "Principina a Mare", "status": "done", "osm_id": "node/384250362", "group": "Insediamenti", "subgroup": "Centri", "subcategory": "Frazione"}, "geometry": {"type": "Point", "coordinates": [11.00388889, 42.69805556]}}, {"type": "Feature", "properties": {"wikidata": "Q1089115", "name": "Studiolo di Francesco I", "status": "missing", "osm_id": null, "group": "Altro", "subgroup": "Altro", "subcategory": "Altro"}, "geometry": {"type": "Point", "coordinates": [11.2566, 43.7691]}}, {"type": "Feature", "properties": {"wikidata": "Q1094154", "name": "Pomaia", "status": "done", "osm_id": "node/342350331", "group": "Insediamenti", "subgroup": "Centri", "subcategory": "Frazione"}, "geometry": {"type": "Point", "coordinates": [10.566389, 43.433889]}}, {"type": "Feature", "properties": {"wikidata": "Q1072482", "name": "chiesa Evangelica Luterana", "status": "done", "osm_id": "way/306694384", "group": "Religione", "subgroup": "Luoghi di Culto", "subcategory": "Chiesa"}, "geometry": {"type": "Point", "coordinates": [11.257102777, 43.765547222]}}, {"type": "Feature", "properties": {"wikidata": "Q1111517", "name": "La Sassa", "status": "done", "osm_id": "node/495230322", "group": "Insediamenti", "subgroup": "Centri", "subcategory": "Frazione"}, "geometry": {"type": "Point", "coordinates": [10.6875, 43.258333333]}}, {"type": "Feature", "properties": {"wikidata": "Q1088273", "name": "Torre della Muda", "status": "missing", "osm_id": null, "group": "Fortificazioni e militare", "subgroup": "Fortificazioni", "subcategory": "Torre"}, "geometry": {"type": "Point", "coordinates": [10.39988, 43.71982]}}, {"type": "Feature", "properties": {"wikidata": "Q1056344", "name": "Certosa di Firenze", "status": "done", "osm_id": "relation/1719070", "group": "Altro", "subgroup": "Altro", "subcategory": "Altro"}, "geometry": {"type": "Point", "coordinates": [11.221456, 43.731414]}}, {"type": "Feature", "properties": {"wikidata": "Q1097702", "name": "Duomo di Cortona", "status": "done", "osm_id": "way/123379844", "group": "Altro", "subgroup": "Altro", "subcategory": "Altro"}, "geometry": {"type": "Point", "coordinates": [11.98416667, 43.27638889]}}, {"type": "Feature", "properties": {"wikidata": "Q1049090", "name": "via Cavour", "status": "done", "osm_id": "way/23701907", "group": "Infrastrutture", "subgroup": "Trasporti", "subcategory": "Strada urbana"}, "geometry": {"type": "Point", "coordinates": [11.2569, 43.776]}}, {"type": "Feature", "properties": {"wikidata": "Q1064088", "name": "Rosignano Solvay", "status": "done", "osm_id": "node/342350339", "group": "Insediamenti", "subgroup": "Centri", "subcategory": "Frazione"}, "geometry": {"type": "Point", "coordinates": [10.43333333, 43.38333333]}}, {"type": "Feature", "properties": {"wikidata": "Q1110055", "name": "chiesa di San Bartolomeo", "status": "done", "osm_id": "way/724182585", "group": "Religione", "subgroup": "Luoghi di Culto", "subcategory": "Chiesa"}, "geometry": {"type": "Point", "coordinates": [11.0334, 43.09149]}}, {"type": "Feature", "properties": {"wikidata": "Q1083021", "name": "Villa medicea di Lappeggi", "status": "done", "osm_id": "way/103129629", "group": "Dimore ed edifici", "subgroup": "Residenze", "subcategory": "Villa"}, "geometry": {"type": "Point", "coordinates": [11.309727, 43.71417]}}, {"type": "Feature", "properties": {"wikidata": "Q1081881", "name": "Museo nazionale di San Matteo", "status": "done", "osm_id": "way/1034563807", "group": "Cultura e tempo libero", "subgroup": "Musei", "subcategory": "Museo d'arte"}, "geometry": {"type": "Point", "coordinates": [10.407747, 43.715202]}}, {"type": "Feature", "properties": {"wikidata": "Q1109516", "name": "chiesa di San Giovanni Battista", "status": "done", "osm_id": "way/76654897", "group": "Religione", "subgroup": "Luoghi di Culto", "subcategory": "Chiesa"}, "geometry": {"type": "Point", "coordinates": [10.306774, 43.552016]}}, {"type": "Feature", "properties": {"wikidata": "Q1029796", "name": "Camp Darby", "status": "done", "osm_id": "way/32719840", "group": "Altro", "subgroup": "Altro", "subcategory": "Altro"}, "geometry": {"type": "Point", "coordinates": [10.34833333, 43.64361111]}}, {"type": "Feature", "properties": {"wikidata": "Q1047110", "name": "Casentino", "status": "done", "osm_id": "relation/19483128", "group": "Natura e paesaggio", "subgroup": "Montagna", "subcategory": "Valle"}, "geometry": {"type": "Point", "coordinates": [11.816666666, 43.7]}}, {"type": "Feature", "properties": {"wikidata": "Q1083014", "name": "Palazzo Gondi", "status": "done", "osm_id": "relation/4084512", "group": "Dimore ed edifici", "subgroup": "Residenze", "subcategory": "Palazzo italiano"}, "geometry": {"type": "Point", "coordinates": [11.25722222, 43.76972222]}}, {"type": "Feature", "properties": {"wikidata": "Q1062876", "name": "Galluzzo", "status": "done", "osm_id": "node/535179504", "group": "Insediamenti", "subgroup": "Centri", "subcategory": "Frazione"}, "geometry": {"type": "Point", "coordinates": [11.225, 43.737]}}, {"type": "Feature", "properties": {"wikidata": "Q1111333", "name": "complesso Marzotto", "status": "missing", "osm_id": null, "group": "Altro", "subgroup": "Altro", "subcategory": "Altro"}, "geometry": {"type": "Point", "coordinates": [10.408087, 43.720804]}}, {"type": "Feature", "properties": {"wikidata": "Q1049041", "name": "chiesa di Santo Spirito", "status": "done", "osm_id": "way/47003836", "group": "Religione", "subgroup": "Luoghi di Culto", "subcategory": "Chiesa"}, "geometry": {"type": "Point", "coordinates": [11.33742, 43.31792]}}, {"type": "Feature", "properties": {"wikidata": "Q1092486", "name": "Torre dei Mannelli", "status": "done", "osm_id": "way/306692132", "group": "Fortificazioni e militare", "subgroup": "Fortificazioni", "subcategory": "Torre"}, "geometry": {"type": "Point", "coordinates": [11.253, 43.7675]}}, {"type": "Feature", "properties": {"wikidata": "Q1042634", "name": "basilica di Santa Maria del Carmine", "status": "done", "osm_id": "way/118425485", "group": "Religione", "subgroup": "Luoghi di Culto", "subcategory": "Basilica minore"}, "geometry": {"type": "Point", "coordinates": [11.243611111, 43.767777777]}}, {"type": "Feature", "properties": {"wikidata": "Q3655157", "name": "Cancello magonale", "status": "done", "osm_id": "way/285602125", "group": "Altro", "subgroup": "Altro", "subcategory": "Altro"}, "geometry": {"type": "Point", "coordinates": [10.759871237, 42.921973845]}}, {"type": "Feature", "properties": {"wikidata": "Q3642564", "name": "Borgo d'Ovile", "status": "missing", "osm_id": null, "group": "Altro", "subgroup": "Altro", "subcategory": "Altro"}, "geometry": {"type": "Point", "coordinates": [11.333061, 43.322165]}}, {"type": "Feature", "properties": {"wikidata": "Q3655365", "name": "Caniparola", "status": "done", "osm_id": "node/6216431816", "group": "Insediamenti", "subgroup": "Centri", "subcategory": "Frazione"}, "geometry": {"type": "Point", "coordinates": [9.99799, 44.10848]}}, {"type": "Feature", "properties": {"wikidata": "Q3643332", "name": "Bozzone", "status": "done", "osm_id": "relation/16476466", "group": "Natura e paesaggio", "subgroup": "Acqua", "subcategory": "Fiume"}, "geometry": {"type": "Point", "coordinates": [11.387501, 43.281173]}}, {"type": "Feature", "properties": {"wikidata": "Q3643564", "name": "Braia", "status": "done", "osm_id": "node/1003601994", "group": "Insediamenti", "subgroup": "Centri", "subcategory": "Frazione"}, "geometry": {"type": "Point", "coordinates": [9.84497, 44.44472]}}, {"type": "Feature", "properties": {"wikidata": "Q3642512", "name": "borgo Pinti", "status": "done", "osm_id": "way/496187753", "group": "Infrastrutture", "subgroup": "Trasporti", "subcategory": "Strada urbana"}, "geometry": {"type": "Point", "coordinates": [11.264075, 43.77430556]}}, {"type": "Feature", "properties": {"wikidata": "Q3657338", "name": "cappella Corsini", "status": "missing", "osm_id": null, "group": "Religione", "subgroup": "Luoghi di Culto", "subcategory": "Cappella"}, "geometry": {"type": "Point", "coordinates": [11.24408611, 43.76763889]}}, {"type": "Feature", "properties": {"wikidata": "Q3642563", "name": "Borgo dei Greci", "status": "done", "osm_id": "way/223950532", "group": "Infrastrutture", "subgroup": "Trasporti", "subcategory": "Strada urbana"}, "geometry": {"type": "Point", "coordinates": [11.25921667, 43.76966944]}}, {"type": "Feature", "properties": {"wikidata": "Q3639851", "name": "Bigattiera di villa Roncioni", "status": "done", "osm_id": "way/704718946", "group": "Altro", "subgroup": "Altro", "subcategory": "Altro"}, "geometry": {"type": "Point", "coordinates": [10.418282, 43.807792]}}, {"type": "Feature", "properties": {"wikidata": "Q3642899", "name": "Boscona", "status": "done", "osm_id": "node/317673056", "group": "Insediamenti", "subgroup": "Centri", "subcategory": "Frazione"}, "geometry": {"type": "Point", "coordinates": [11.100277777, 43.409444444]}}, {"type": "Feature", "properties": {"wikidata": "Q3657333", "name": "cappella Capponi", "status": "missing", "osm_id": null, "group": "Religione", "subgroup": "Luoghi di Culto", "subcategory": "Cappella"}, "geometry": {"type": "Point", "coordinates": [11.25245833, 43.76689722]}}, {"type": "Feature", "properties": {"wikidata": "Q3642096", "name": "Bonelle", "status": "done", "osm_id": "node/1712669989", "group": "Insediamenti", "subgroup": "Centri", "subcategory": "Frazione"}, "geometry": {"type": "Point", "coordinates": [10.936666666, 43.964166666]}}, {"type": "Feature", "properties": {"wikidata": "Q3657371", "name": "cappella Rucellai", "status": "missing", "osm_id": null, "group": "Religione", "subgroup": "Luoghi di Culto", "subcategory": "Cappella"}, "geometry": {"type": "Point", "coordinates": [11.24965, 43.77500833]}}, {"type": "Feature", "properties": {"wikidata": "Q3657351", "name": "cappella Gaddi", "status": "missing", "osm_id": null, "group": "Religione", "subgroup": "Luoghi di Culto", "subcategory": "Cappella"}, "geometry": {"type": "Point", "coordinates": [11.2493, 43.77505]}}, {"type": "Feature", "properties": {"wikidata": "Q3657353", "name": "cappella Gondi", "status": "missing", "osm_id": null, "group": "Religione", "subgroup": "Luoghi di Culto", "subcategory": "Cappella"}, "geometry": {"type": "Point", "coordinates": [11.2493, 43.77505]}}, {"type": "Feature", "properties": {"wikidata": "Q3642535", "name": "Sant'Anastasio", "status": "missing", "osm_id": null, "group": "Insediamenti", "subgroup": "Centri", "subcategory": "Frazione"}, "geometry": {"type": "Point", "coordinates": [10.948194444, 43.399305555]}}, {"type": "Feature", "properties": {"wikidata": "Q3657345", "name": "cappella Demidoff", "status": "done", "osm_id": "way/279142268", "group": "Religione", "subgroup": "Luoghi di Culto", "subcategory": "Chiesa"}, "geometry": {"type": "Point", "coordinates": [10.579221, 44.01243]}}, {"type": "Feature", "properties": {"wikidata": "Q3657370", "name": "cappella Pieri Nerli", "status": "done", "osm_id": "way/1217840225", "group": "Religione", "subgroup": "Luoghi di Culto", "subcategory": "Chiesa"}, "geometry": {"type": "Point", "coordinates": [11.429669, 43.204611]}}, {"type": "Feature", "properties": {"wikidata": "Q3654722", "name": "Campocecina", "status": "missing", "osm_id": null, "group": "Altro", "subgroup": "Altro", "subcategory": "Altro"}, "geometry": {"type": "Point", "coordinates": [10.120634, 44.121596]}}, {"type": "Feature", "properties": {"wikidata": "Q3643086", "name": "Bottegone", "status": "missing", "osm_id": null, "group": "Altro", "subgroup": "Altro", "subcategory": "Altro"}, "geometry": {"type": "Point", "coordinates": [11.255675, 43.77356944]}}, {"type": "Feature", "properties": {"wikidata": "Q3639656", "name": "Biblioteca diocesana monsignor Giuliano Agresti", "status": "done", "osm_id": "node/7390220340", "group": "Cultura e tempo libero", "subgroup": "Archivi", "subcategory": "Archivio"}, "geometry": {"type": "Point", "coordinates": [10.509832, 43.875937]}}, {"type": "Feature", "properties": {"wikidata": "Q3654633", "name": "Campo Tizzoro", "status": "done", "osm_id": "node/248921402", "group": "Insediamenti", "subgroup": "Centri", "subcategory": "Frazione"}, "geometry": {"type": "Point", "coordinates": [10.85237, 44.03994]}}, {"type": "Feature", "properties": {"wikidata": "Q3655515", "name": "Canonica di Cercina", "status": "done", "osm_id": "node/1951100764", "group": "Insediamenti", "subgroup": "Centri", "subcategory": "Frazione"}, "geometry": {"type": "Point", "coordinates": [11.273333333, 43.830833333]}}, {"type": "Feature", "properties": {"wikidata": "Q3657375", "name": "cappella Salviati", "status": "missing", "osm_id": null, "group": "Religione", "subgroup": "Luoghi di Culto", "subcategory": "Cappella"}, "geometry": {"type": "Point", "coordinates": [11.25883611, 43.77850556]}}, {"type": "Feature", "properties": {"wikidata": "Q3654664", "name": "campo di concentramento di Coltano", "status": "missing", "osm_id": null, "group": "Fortificazioni e militare", "subgroup": "Militare", "subcategory": "Campo di concentramento"}, "geometry": {"type": "Point", "coordinates": [10.38197222, 43.63288889]}}, {"type": "Feature", "properties": {"wikidata": "Q3641989", "name": "Bombone", "status": "done", "osm_id": "node/318680481", "group": "Insediamenti", "subgroup": "Centri", "subcategory": "Frazione"}, "geometry": {"type": "Point", "coordinates": [11.43881, 43.72913]}}, {"type": "Feature", "properties": {"wikidata": "Q3639658", "name": "Biblioteca dell'Accademia della Crusca", "status": "done", "osm_id": "node/1931856291", "group": "Cultura e tempo libero", "subgroup": "Biblioteche", "subcategory": "Biblioteca specializzata"}, "geometry": {"type": "Point", "coordinates": [11.228779, 43.819413]}}, {"type": "Feature", "properties": {"wikidata": "Q3655052", "name": "Canale Lunense", "status": "done", "osm_id": "relation/7433709", "group": "Natura e paesaggio", "subgroup": "Acqua", "subcategory": "Canale artificiale"}, "geometry": {"type": "Point", "coordinates": [9.9257, 44.1727]}}, {"type": "Feature", "properties": {"wikidata": "Q3654743", "name": "Camporaghena", "status": "done", "osm_id": "node/708696715", "group": "Insediamenti", "subgroup": "Centri", "subcategory": "Frazione"}, "geometry": {"type": "Point", "coordinates": [10.17002, 44.30274]}}, {"type": "Feature", "properties": {"wikidata": "Q3651048", "name": "La Calvana", "status": "missing", "osm_id": null, "group": "Altro", "subgroup": "Altro", "subcategory": "Altro"}, "geometry": {"type": "Point", "coordinates": [11.158889, 43.933611]}}, {"type": "Feature", "properties": {"wikidata": "Q3657343", "name": "cappella Dal Pozzo", "status": "done", "osm_id": "way/163739528", "group": "Religione", "subgroup": "Luoghi di Culto", "subcategory": "Cappella"}, "geometry": {"type": "Point", "coordinates": [10.3958, 43.72394]}}, {"type": "Feature", "properties": {"wikidata": "Q3650044", "name": "Calamecca", "status": "done", "osm_id": "node/632351551", "group": "Insediamenti", "subgroup": "Centri", "subcategory": "Frazione"}, "geometry": {"type": "Point", "coordinates": [10.76921, 43.98957]}}, {"type": "Feature", "properties": {"wikidata": "Q3642567", "name": "Corliano", "status": "done", "osm_id": "node/2196273156", "group": "Insediamenti", "subgroup": "Centri", "subcategory": "Frazione"}, "geometry": {"type": "Point", "coordinates": [10.427135, 43.780777]}}, {"type": "Feature", "properties": {"wikidata": "Q3655410", "name": "Canneto", "status": "done", "osm_id": "node/495226424", "group": "Insediamenti", "subgroup": "Centri", "subcategory": "Frazione"}, "geometry": {"type": "Point", "coordinates": [10.737222222, 43.199444444]}}, {"type": "Feature", "properties": {"wikidata": "Q3642565", "name": "Borgo del Ponte", "status": "done", "osm_id": "node/11766511499", "group": "Insediamenti", "subgroup": "Centri", "subcategory": "Frazione"}, "geometry": {"type": "Point", "coordinates": [10.140214444, 44.042226666]}}, {"type": "Feature", "properties": {"wikidata": "Q3642164", "name": "Bonistallo", "status": "done", "osm_id": "node/3329621039", "group": "Insediamenti", "subgroup": "Centri", "subcategory": "Frazione"}, "geometry": {"type": "Point", "coordinates": [11.053927777, 43.815466666]}}, {"type": "Feature", "properties": {"wikidata": "Q3639664", "name": "Biblioteca delle Oblate", "status": "done", "osm_id": "node/1283618248", "group": "Cultura e tempo libero", "subgroup": "Biblioteche", "subcategory": "Biblioteca pubblica"}, "geometry": {"type": "Point", "coordinates": [11.260257216, 43.772581951]}}, {"type": "Feature", "properties": {"wikidata": "Q3642537", "name": "Borgo Santa Croce", "status": "done", "osm_id": "way/22930104", "group": "Infrastrutture", "subgroup": "Trasporti", "subcategory": "Strada urbana"}, "geometry": {"type": "Point", "coordinates": [11.26070278, 43.768075]}}, {"type": "Feature", "properties": {"wikidata": "Q3642498", "name": "Borgo La Noce", "status": "done", "osm_id": "way/24753970", "group": "Infrastrutture", "subgroup": "Trasporti", "subcategory": "Strada urbana"}, "geometry": {"type": "Point", "coordinates": [11.25415556, 43.77574167]}}, {"type": "Feature", "properties": {"wikidata": "Q3649992", "name": "Cala Violina", "status": "done", "osm_id": "node/7761821869", "group": "Altro", "subgroup": "Altro", "subcategory": "Altro"}, "geometry": {"type": "Point", "coordinates": [10.77433333, 42.85561111]}}, {"type": "Feature", "properties": {"wikidata": "Q3641462", "name": "Bocca d'Ombrone", "status": "done", "osm_id": "node/4301203298", "group": "Altro", "subgroup": "Altro", "subcategory": "Altro"}, "geometry": {"type": "Point", "coordinates": [11.01333333, 42.65905556]}}, {"type": "Feature", "properties": {"wikidata": "Q3655789", "name": "Cantina Petra", "status": "missing", "osm_id": null, "group": "Dimore ed edifici", "subgroup": "Strutture Varie", "subcategory": "Edificio"}, "geometry": {"type": "Point", "coordinates": [10.71056389, 43.03280278]}}, {"type": "Feature", "properties": {"wikidata": "Q3657341", "name": "cappella Corsini di Santo Spirito", "status": "missing", "osm_id": null, "group": "Religione", "subgroup": "Luoghi di Culto", "subcategory": "Cappella"}, "geometry": {"type": "Point", "coordinates": [11.24679167, 43.76748056]}}, {"type": "Feature", "properties": {"wikidata": "Q3657324", "name": "cappella Bartolini Salimbeni", "status": "missing", "osm_id": null, "group": "Religione", "subgroup": "Luoghi di Culto", "subcategory": "Cappella"}, "geometry": {"type": "Point", "coordinates": [11.25083333, 43.77027778]}}, {"type": "Feature", "properties": {"wikidata": "Q3657323", "name": "cappella Baroncelli", "status": "missing", "osm_id": null, "group": "Religione", "subgroup": "Luoghi di Culto", "subcategory": "Cappella"}, "geometry": {"type": "Point", "coordinates": [11.26333333, 43.76805556]}}, {"type": "Feature", "properties": {"wikidata": "Q3655769", "name": "Cantieri culturali ex Macelli-Officina Giovani", "status": "done", "osm_id": "relation/13530039", "group": "Altro", "subgroup": "Altro", "subcategory": "Altro"}, "geometry": {"type": "Point", "coordinates": [11.09016944, 43.87691111]}}, {"type": "Feature", "properties": {"wikidata": "Q3651280", "name": "Camera di commercio di Carrara", "status": "missing", "osm_id": null, "group": "Dimore ed edifici", "subgroup": "Residenze", "subcategory": "Palazzo"}, "geometry": {"type": "Point", "coordinates": [10.096328, 44.076625]}}, {"type": "Feature", "properties": {"wikidata": "Q3649993", "name": "Cala del Leone", "status": "done", "osm_id": "relation/12669335", "group": "Natura e paesaggio", "subgroup": "Mare e Costa", "subcategory": "Spiaggia"}, "geometry": {"type": "Point", "coordinates": [10.35461944, 43.463725]}}, {"type": "Feature", "properties": {"wikidata": "Q3642522", "name": "Borgo San Frediano", "status": "missing", "osm_id": null, "group": "Infrastrutture", "subgroup": "Trasporti", "subcategory": "Strada urbana"}, "geometry": {"type": "Point", "coordinates": [11.24222222, 43.77009722]}}, {"type": "Feature", "properties": {"wikidata": "Q3651817", "name": "campanile del duomo di Siena", "status": "missing", "osm_id": null, "group": "Fortificazioni e militare", "subgroup": "Fortificazioni", "subcategory": "Torre campanaria"}, "geometry": {"type": "Point", "coordinates": [11.329134, 43.317669]}}, {"type": "Feature", "properties": {"wikidata": "Q3645444", "name": "Brucciano", "status": "done", "osm_id": "node/1435761403", "group": "Insediamenti", "subgroup": "Centri", "subcategory": "Frazione"}, "geometry": {"type": "Point", "coordinates": [10.402169444, 44.064475]}}, {"type": "Feature", "properties": {"wikidata": "Q3656809", "name": "Capezzano Monte", "status": "done", "osm_id": "node/1432203918", "group": "Insediamenti", "subgroup": "Centri", "subcategory": "Frazione"}, "geometry": {"type": "Point", "coordinates": [10.250277777, 43.963333333]}}, {"type": "Feature", "properties": {"wikidata": "Q3655516", "name": "chiesa di San Michele", "status": "done", "osm_id": "way/210291544", "group": "Religione", "subgroup": "Luoghi di Culto", "subcategory": "Chiesa"}, "geometry": {"type": "Point", "coordinates": [11.232442, 43.405882]}}, {"type": "Feature", "properties": {"wikidata": "Q3654734", "name": "Campoluci", "status": "done", "osm_id": "node/2816025912", "group": "Insediamenti", "subgroup": "Centri", "subcategory": "Frazione"}, "geometry": {"type": "Point", "coordinates": [11.838781, 43.510159]}}, {"type": "Feature", "properties": {"wikidata": "Q3657322", "name": "Cappella Bardi di Vernio", "status": "missing", "osm_id": null, "group": "Religione", "subgroup": "Luoghi di Culto", "subcategory": "Cappella"}, "geometry": {"type": "Point", "coordinates": [11.2636, 43.7683]}}, {"type": "Feature", "properties": {"wikidata": "Q3640582", "name": "Bivigliano", "status": "done", "osm_id": "node/2040607564", "group": "Insediamenti", "subgroup": "Centri", "subcategory": "Frazione"}, "geometry": {"type": "Point", "coordinates": [11.32095, 43.89575]}}, {"type": "Feature", "properties": {"wikidata": "Q3646006", "name": "Bruscoli", "status": "done", "osm_id": "node/399064484", "group": "Insediamenti", "subgroup": "Centri", "subcategory": "Frazione"}, "geometry": {"type": "Point", "coordinates": [11.24305, 44.14237]}}, {"type": "Feature", "properties": {"wikidata": "Q3654765", "name": "camposanto della Misericordia di Siena", "status": "done", "osm_id": "way/138306513", "group": "Religione", "subgroup": "Cimiteri", "subcategory": "Cimitero"}, "geometry": {"type": "Point", "coordinates": [11.333145, 43.309051]}}, {"type": "Feature", "properties": {"wikidata": "Q3655519", "name": "canonica di San Michele", "status": "done", "osm_id": "way/314572012", "group": "Archeologia", "subgroup": "Siti", "subcategory": "Rovine"}, "geometry": {"type": "Point", "coordinates": [10.83897222, 42.91069444]}}, {"type": "Feature", "properties": {"wikidata": "Q3649990", "name": "Cala Martina", "status": "done", "osm_id": "node/793934069", "group": "Altro", "subgroup": "Altro", "subcategory": "Altro"}, "geometry": {"type": "Point", "coordinates": [10.77157778, 42.866]}}, {"type": "Feature", "properties": {"wikidata": "Q3640257", "name": "Lagaccioli", "status": "missing", "osm_id": null, "group": "Natura e paesaggio", "subgroup": "Verde", "subcategory": "Area protetta"}, "geometry": {"type": "Point", "coordinates": [11.460702376, 42.477259145]}}, {"type": "Feature", "properties": {"wikidata": "Q3649566", "name": "Cafaggio", "status": "done", "osm_id": "way/1228613044", "group": "Insediamenti", "subgroup": "Centri", "subcategory": "Frazione"}, "geometry": {"type": "Point", "coordinates": [11.080449, 43.857678]}}, {"type": "Feature", "properties": {"wikidata": "Q3656810", "name": "Capezzano Pianore", "status": "done", "osm_id": "node/263706071", "group": "Insediamenti", "subgroup": "Centri", "subcategory": "Frazione"}, "geometry": {"type": "Point", "coordinates": [10.2625, 43.929166666]}}, {"type": "Feature", "properties": {"wikidata": "Q3655518", "name": "canonica di San Lorenzo a Mello", "status": "done", "osm_id": "way/166557293", "group": "Religione", "subgroup": "Luoghi di Culto", "subcategory": "Chiesa"}, "geometry": {"type": "Point", "coordinates": [11.4805546, 43.4605764]}}, {"type": "Feature", "properties": {"wikidata": "Q3657374", "name": "cappella Sacrario ai Caduti di Kindu", "status": "done", "osm_id": "way/260274169", "group": "Religione", "subgroup": "Luoghi di Culto", "subcategory": "Chiesa"}, "geometry": {"type": "Point", "coordinates": [10.3943, 43.6946]}}, {"type": "Feature", "properties": {"wikidata": "Q3643101", "name": "Bottini dell'olio", "status": "done", "osm_id": "relation/1907462", "group": "Dimore ed edifici", "subgroup": "Strutture Varie", "subcategory": "Complesso di edifici"}, "geometry": {"type": "Point", "coordinates": [10.306571, 43.55499]}}, {"type": "Feature", "properties": {"wikidata": "Q3642506", "name": "Borgo Ognissanti", "status": "done", "osm_id": "way/24952091", "group": "Infrastrutture", "subgroup": "Trasporti", "subcategory": "Strada urbana"}, "geometry": {"type": "Point", "coordinates": [11.24505556, 43.772825]}}, {"type": "Feature", "properties": {"wikidata": "Q3643322", "name": "Bozzano", "status": "done", "osm_id": "node/264566586", "group": "Insediamenti", "subgroup": "Centri", "subcategory": "Frazione"}, "geometry": {"type": "Point", "coordinates": [10.352222222, 43.859166666]}}, {"type": "Feature", "properties": {"wikidata": "Q3657315", "name": "cappella Ammannati", "status": "missing", "osm_id": null, "group": "Religione", "subgroup": "Luoghi di Culto", "subcategory": "Cappella"}, "geometry": {"type": "Point", "coordinates": [10.39433778, 43.72421528]}}, {"type": "Feature", "properties": {"wikidata": "Q3657328", "name": "cappella Bracco", "status": "missing", "osm_id": null, "group": "Religione", "subgroup": "Luoghi di Culto", "subcategory": "Cappella"}, "geometry": {"type": "Point", "coordinates": [11.28671944, 43.82816667]}}, {"type": "Feature", "properties": {"wikidata": "Q3651163", "name": "Cambiano", "status": "done", "osm_id": "node/495240596", "group": "Insediamenti", "subgroup": "Centri", "subcategory": "Frazione"}, "geometry": {"type": "Point", "coordinates": [10.96031, 43.63324]}}, {"type": "Feature", "properties": {"wikidata": "Q3657318", "name": "cappella Aulla", "status": "missing", "osm_id": null, "group": "Religione", "subgroup": "Luoghi di Culto", "subcategory": "Cappella"}, "geometry": {"type": "Point", "coordinates": [10.39493889, 43.724175]}}, {"type": "Feature", "properties": {"wikidata": "Q3657316", "name": "cappella Antinori", "status": "missing", "osm_id": null, "group": "Religione", "subgroup": "Luoghi di Culto", "subcategory": "Cappella"}, "geometry": {"type": "Point", "coordinates": [11.25158889, 43.77255556]}}, {"type": "Feature", "properties": {"wikidata": "Q3641460", "name": "Bocca d'Arno", "status": "done", "osm_id": "node/11056532848", "group": "Altro", "subgroup": "Altro", "subcategory": "Altro"}, "geometry": {"type": "Point", "coordinates": [10.278569, 43.680101]}}, {"type": "Feature", "properties": {"wikidata": "Q3641497", "name": "Bocchetta dell'Orsaro", "status": "missing", "osm_id": null, "group": "Natura e paesaggio", "subgroup": "Montagna", "subcategory": "Montagna"}, "geometry": {"type": "Point", "coordinates": [9.99095, 44.4051]}}, {"type": "Feature", "properties": {"wikidata": "Q3654731", "name": "Campogialli", "status": "done", "osm_id": "node/623058437", "group": "Insediamenti", "subgroup": "Centri", "subcategory": "Frazione"}, "geometry": {"type": "Point", "coordinates": [11.68555, 43.54057]}}, {"type": "Feature", "properties": {"wikidata": "Q3642526", "name": "Borgo San Jacopo", "status": "done", "osm_id": "way/24850832", "group": "Infrastrutture", "subgroup": "Trasporti", "subcategory": "Strada urbana"}, "geometry": {"type": "Point", "coordinates": [11.25182222, 43.76773056]}}, {"type": "Feature", "properties": {"wikidata": "Q3649627", "name": "Caggiole", "status": "missing", "osm_id": null, "group": "Insediamenti", "subgroup": "Centri", "subcategory": "Insediamento umano"}, "geometry": {"type": "Point", "coordinates": [11.80372, 43.11605]}}, {"type": "Feature", "properties": {"wikidata": "Q3651813", "name": "campanile del duomo di Pistoia", "status": "done", "osm_id": "way/229761811", "group": "Fortificazioni e militare", "subgroup": "Fortificazioni", "subcategory": "Torre campanaria"}, "geometry": {"type": "Point", "coordinates": [10.91753, 43.93336]}}, {"type": "Feature", "properties": {"wikidata": "Q3657357", "name": "cappella Orsetti", "status": "done", "osm_id": "way/260656876", "group": "Religione", "subgroup": "Luoghi di Culto", "subcategory": "Chiesa"}, "geometry": {"type": "Point", "coordinates": [10.49442222, 43.84850833]}}, {"type": "Feature", "properties": {"wikidata": "Q3657376", "name": "cappella Scaglietti-Arcangeli", "status": "missing", "osm_id": null, "group": "Religione", "subgroup": "Luoghi di Culto", "subcategory": "Chiesa"}, "geometry": {"type": "Point", "coordinates": [10.657788, 43.899995]}}, {"type": "Feature", "properties": {"wikidata": "Q3657342", "name": "cappella Curini Galletti", "status": "missing", "osm_id": null, "group": "Religione", "subgroup": "Luoghi di Culto", "subcategory": "Chiesa"}, "geometry": {"type": "Point", "coordinates": [10.59357, 43.56536]}}, {"type": "Feature", "properties": {"wikidata": "Q3657289", "name": "Capostrada", "status": "done", "osm_id": "node/2051982152", "group": "Insediamenti", "subgroup": "Centri", "subcategory": "Frazione"}, "geometry": {"type": "Point", "coordinates": [10.901666666, 43.956666666]}}, {"type": "Feature", "properties": {"wikidata": "Q573881", "name": "basilica di San Lorenzo", "status": "done", "osm_id": "way/599900778", "group": "Religione", "subgroup": "Luoghi di Culto", "subcategory": "Basilica minore"}, "geometry": {"type": "Point", "coordinates": [11.253888888, 43.775]}}, {"type": "Feature", "properties": {"wikidata": "Q568063", "name": "Pieve di San Giovanni in Sugana", "status": "done", "osm_id": "way/71736495", "group": "Religione", "subgroup": "Luoghi di Culto", "subcategory": "Chiesa"}, "geometry": {"type": "Point", "coordinates": [11.142285, 43.679725]}}, {"type": "Feature", "properties": {"wikidata": "Q631933", "name": "osservatorio astrofisico di Arcetri", "status": "done", "osm_id": "way/538444588", "group": "Cultura e tempo libero", "subgroup": "Archivi", "subcategory": "Archivio"}, "geometry": {"type": "Point", "coordinates": [11.254426, 43.750595]}}, {"type": "Feature", "properties": {"wikidata": "Q606494", "name": "Museo civico", "status": "done", "osm_id": "node/1691207905", "group": "Cultura e tempo libero", "subgroup": "Musei", "subcategory": "Museo d'arte"}, "geometry": {"type": "Point", "coordinates": [12.141497, 43.571547]}}, {"type": "Feature", "properties": {"wikidata": "Q612843", "name": "Il Rosi", "status": "done", "osm_id": "node/721442101", "group": "Insediamenti", "subgroup": "Centri", "subcategory": "Frazione"}, "geometry": {"type": "Point", "coordinates": [11.142222222, 43.858611111]}}, {"type": "Feature", "properties": {"wikidata": "Q620729", "name": "duomo di Pienza", "status": "missing", "osm_id": null, "group": "Altro", "subgroup": "Altro", "subcategory": "Altro"}, "geometry": {"type": "Point", "coordinates": [11.67913889, 43.07633333]}}, {"type": "Feature", "properties": {"wikidata": "Q599893", "name": "Ampio", "status": "done", "osm_id": "node/1323317245", "group": "Insediamenti", "subgroup": "Centri", "subcategory": "Frazione"}, "geometry": {"type": "Point", "coordinates": [10.946388888, 42.825]}}, {"type": "Feature", "properties": {"wikidata": "Q609171", "name": "Popiglio", "status": "done", "osm_id": "node/262616332", "group": "Insediamenti", "subgroup": "Centri", "subcategory": "Frazione"}, "geometry": {"type": "Point", "coordinates": [10.75338, 44.04569]}}, {"type": "Feature", "properties": {"wikidata": "Q591216", "name": "Pari", "status": "done", "osm_id": "node/60803477", "group": "Insediamenti", "subgroup": "Centri", "subcategory": "Frazione"}, "geometry": {"type": "Point", "coordinates": [11.31972222, 43.06333333]}}, {"type": "Feature", "properties": {"wikidata": "Q637237", "name": "Museo archeologico nazionale di Firenze", "status": "done", "osm_id": "node/1701709642", "group": "Cultura e tempo libero", "subgroup": "Musei", "subcategory": "Museo archeologico"}, "geometry": {"type": "Point", "coordinates": [11.26225, 43.776222]}}, {"type": "Feature", "properties": {"wikidata": "Q603359", "name": "castello della Magione", "status": "done", "osm_id": "way/330735125", "group": "Altro", "subgroup": "Altro", "subcategory": "Altro"}, "geometry": {"type": "Point", "coordinates": [11.15853611, 43.45695]}}, {"type": "Feature", "properties": {"wikidata": "Q600924", "name": "Universit\u00e0 per stranieri di Siena", "status": "done", "osm_id": "node/1101407536", "group": "Cultura e tempo libero", "subgroup": "Archivi", "subcategory": "Archivio"}, "geometry": {"type": "Point", "coordinates": [11.3325, 43.3192]}}, {"type": "Feature", "properties": {"wikidata": "Q622309", "name": "Alpi Apuane", "status": "missing", "osm_id": null, "group": "Natura e paesaggio", "subgroup": "Montagna", "subcategory": "Montagna"}, "geometry": {"type": "Point", "coordinates": [10.216667, 43.95]}}, {"type": "Feature", "properties": {"wikidata": "Q597527", "name": "Villa Mansi", "status": "done", "osm_id": "way/628800930", "group": "Dimore ed edifici", "subgroup": "Residenze", "subcategory": "Villa"}, "geometry": {"type": "Point", "coordinates": [10.59812, 43.88915]}}, {"type": "Feature", "properties": {"wikidata": "Q547157", "name": "Uliveto Terme", "status": "done", "osm_id": "node/247881075", "group": "Insediamenti", "subgroup": "Centri", "subcategory": "Frazione"}, "geometry": {"type": "Point", "coordinates": [10.51728, 43.69609]}}, {"type": "Feature", "properties": {"wikidata": "Q578805", "name": "Sagrestia Vecchia", "status": "done", "osm_id": "way/599900777", "group": "Religione", "subgroup": "Luoghi di Culto", "subcategory": "Cappella"}, "geometry": {"type": "Point", "coordinates": [11.25364722, 43.77471389]}}, {"type": "Feature", "properties": {"wikidata": "Q599034", "name": "Perseo con la testa di Medusa", "status": "done", "osm_id": "node/3391028129", "group": "Monumenti", "subgroup": "Monumenti", "subcategory": "Statua"}, "geometry": {"type": "Point", "coordinates": [11.2558, 43.7692]}}, {"type": "Feature", "properties": {"wikidata": "Q604163", "name": "Palazzo di Bianca Cappello", "status": "done", "osm_id": "relation/4096878", "group": "Dimore ed edifici", "subgroup": "Residenze", "subcategory": "Palazzo italiano"}, "geometry": {"type": "Point", "coordinates": [11.2489, 43.7668]}}, {"type": "Feature", "properties": {"wikidata": "Q632769", "name": "Costa San Giorgio", "status": "missing", "osm_id": null, "group": "Infrastrutture", "subgroup": "Trasporti", "subcategory": "Strada urbana"}, "geometry": {"type": "Point", "coordinates": [11.256, 43.7645]}}, {"type": "Feature", "properties": {"wikidata": "Q607966", "name": "Tizzana", "status": "done", "osm_id": "node/526554889", "group": "Insediamenti", "subgroup": "Centri", "subcategory": "Frazione"}, "geometry": {"type": "Point", "coordinates": [10.99729, 43.83962]}}, {"type": "Feature", "properties": {"wikidata": "Q630842", "name": "Villa Sparta", "status": "done", "osm_id": "way/464756966", "group": "Dimore ed edifici", "subgroup": "Residenze", "subcategory": "Villa"}, "geometry": {"type": "Point", "coordinates": [11.289201, 43.801799]}}, {"type": "Feature", "properties": {"wikidata": "Q581602", "name": "Villa Bellavista", "status": "missing", "osm_id": null, "group": "Dimore ed edifici", "subgroup": "Residenze", "subcategory": "Villa"}, "geometry": {"type": "Point", "coordinates": [10.72888889, 43.87088889]}}, {"type": "Feature", "properties": {"wikidata": "Q606207", "name": "chiesa di San Piero", "status": "done", "osm_id": "way/177161347", "group": "Religione", "subgroup": "Luoghi di Culto", "subcategory": "Chiesa"}, "geometry": {"type": "Point", "coordinates": [11.0031, 43.90324]}}, {"type": "Feature", "properties": {"wikidata": "Q633467", "name": "Vetulonia", "status": "done", "osm_id": "node/4405525062", "group": "Insediamenti", "subgroup": "Centri", "subcategory": "Frazione"}, "geometry": {"type": "Point", "coordinates": [10.971171, 42.859446]}}, {"type": "Feature", "properties": {"wikidata": "Q597435", "name": "Torre del Lago Puccini", "status": "done", "osm_id": "node/2038038302", "group": "Altro", "subgroup": "Altro", "subcategory": "Altro"}, "geometry": {"type": "Point", "coordinates": [10.283333333, 43.833333333]}}, {"type": "Feature", "properties": {"wikidata": "Q555272", "name": "Poggio Civitate", "status": "done", "osm_id": "node/9064134031", "group": "Archeologia", "subgroup": "Siti", "subcategory": "Sito archeologico"}, "geometry": {"type": "Point", "coordinates": [11.3994, 43.1556]}}, {"type": "Feature", "properties": {"wikidata": "Q633677", "name": "Monticello Amiata", "status": "done", "osm_id": "node/294001466", "group": "Insediamenti", "subgroup": "Centri", "subcategory": "Frazione"}, "geometry": {"type": "Point", "coordinates": [11.481111111, 42.887222222]}}, {"type": "Feature", "properties": {"wikidata": "Q637534", "name": "Le Briccole", "status": "done", "osm_id": "node/2801892620", "group": "Insediamenti", "subgroup": "Centri", "subcategory": "Borgata"}, "geometry": {"type": "Point", "coordinates": [11.68875, 42.98517]}}, {"type": "Feature", "properties": {"wikidata": "Q594899", "name": "Castelmuzio", "status": "done", "osm_id": "node/864576269", "group": "Insediamenti", "subgroup": "Centri", "subcategory": "Frazione"}, "geometry": {"type": "Point", "coordinates": [11.659444444, 43.141666666]}}, {"type": "Feature", "properties": {"wikidata": "Q600355", "name": "cappella Pazzi", "status": "done", "osm_id": "way/307539790", "group": "Religione", "subgroup": "Luoghi di Culto", "subcategory": "Cappella"}, "geometry": {"type": "Point", "coordinates": [11.26281958, 43.76737527]}}, {"type": "Feature", "properties": {"wikidata": "Q585547", "name": "chiesa di Santa Cristina", "status": "done", "osm_id": "way/184399190", "group": "Religione", "subgroup": "Luoghi di Culto", "subcategory": "Chiesa"}, "geometry": {"type": "Point", "coordinates": [10.400027777, 43.715722222]}}, {"type": "Feature", "properties": {"wikidata": "Q633729", "name": "Palazzo Lanfredini", "status": "done", "osm_id": "way/306798526", "group": "Dimore ed edifici", "subgroup": "Residenze", "subcategory": "Palazzo italiano"}, "geometry": {"type": "Point", "coordinates": [11.24822222, 43.76905]}}, {"type": "Feature", "properties": {"wikidata": "Q600264", "name": "piazza Dante", "status": "done", "osm_id": "way/125600662", "group": "Insediamenti", "subgroup": "Zone Urbane", "subcategory": "Piazza"}, "geometry": {"type": "Point", "coordinates": [11.1136, 42.7597]}}, {"type": "Feature", "properties": {"wikidata": "Q582425", "name": "Palazzo Gherardi", "status": "done", "osm_id": "way/306984411", "group": "Dimore ed edifici", "subgroup": "Strutture Varie", "subcategory": "Struttura architettonica"}, "geometry": {"type": "Point", "coordinates": [11.262844444, 43.770080555]}}, {"type": "Feature", "properties": {"wikidata": "Q599419", "name": "Palazzo Wilson Gattai", "status": "done", "osm_id": "relation/4090674", "group": "Dimore ed edifici", "subgroup": "Residenze", "subcategory": "Palazzo italiano"}, "geometry": {"type": "Point", "coordinates": [11.266586, 43.773751]}}, {"type": "Feature", "properties": {"wikidata": "Q3673199", "name": "chiesa di Santa Maria in Borgo", "status": "missing", "osm_id": null, "group": "Religione", "subgroup": "Luoghi di Culto", "subcategory": "Chiesa"}, "geometry": {"type": "Point", "coordinates": [11.75185, 42.7328]}}, {"type": "Feature", "properties": {"wikidata": "Q3673216", "name": "chiesa di Santa Maria", "status": "done", "osm_id": "way/1317090434", "group": "Religione", "subgroup": "Luoghi di Culto", "subcategory": "Chiesa"}, "geometry": {"type": "Point", "coordinates": [11.603556, 43.601125]}}, {"type": "Feature", "properties": {"wikidata": "Q3673181", "name": "chiesa di Santa Margherita", "status": "done", "osm_id": "way/700550261", "group": "Religione", "subgroup": "Luoghi di Culto", "subcategory": "Chiesa"}, "geometry": {"type": "Point", "coordinates": [11.51198, 43.68852]}}, {"type": "Feature", "properties": {"wikidata": "Q3673315", "name": "chiesa di Santa Maria Assunta", "status": "done", "osm_id": "way/119205979", "group": "Religione", "subgroup": "Luoghi di Culto", "subcategory": "Chiesa"}, "geometry": {"type": "Point", "coordinates": [11.223611111, 43.390083333]}}, {"type": "Feature", "properties": {"wikidata": "Q3673226", "name": "chiesa di Santa Maria", "status": "done", "osm_id": "way/406268884", "group": "Religione", "subgroup": "Luoghi di Culto", "subcategory": "Chiesa"}, "geometry": {"type": "Point", "coordinates": [11.358722, 43.768019]}}, {"type": "Feature", "properties": {"wikidata": "Q3673301", "name": "chiesa di Santa Maria Assunta", "status": "missing", "osm_id": null, "group": "Religione", "subgroup": "Luoghi di Culto", "subcategory": "Chiesa"}, "geometry": {"type": "Point", "coordinates": [10.14677, 44.04035]}}, {"type": "Feature", "properties": {"wikidata": "Q3673117", "name": "antica chiesa di Santa Lucia", "status": "missing", "osm_id": null, "group": "Archeologia", "subgroup": "Siti", "subcategory": "Sito archeologico"}, "geometry": {"type": "Point", "coordinates": [11.138942, 42.819277]}}, {"type": "Feature", "properties": {"wikidata": "Q3673113", "name": "chiesa di Santa Lucia", "status": "done", "osm_id": "way/282412530", "group": "Religione", "subgroup": "Luoghi di Culto", "subcategory": "Chiesa"}, "geometry": {"type": "Point", "coordinates": [11.115963, 43.909259]}}, {"type": "Feature", "properties": {"wikidata": "Q3673363", "name": "chiesa di Santa Maria Assunta a Spugna", "status": "done", "osm_id": "way/714707211", "group": "Religione", "subgroup": "Luoghi di Culto", "subcategory": "Chiesa"}, "geometry": {"type": "Point", "coordinates": [11.12998, 43.42235]}}, {"type": "Feature", "properties": {"wikidata": "Q3673214", "name": "chiesa di Santa Maria", "status": "done", "osm_id": "way/355075399", "group": "Altro", "subgroup": "Altro", "subcategory": "Altro"}, "geometry": {"type": "Point", "coordinates": [10.98203333, 43.74567778]}}, {"type": "Feature", "properties": {"wikidata": "Q3673186", "name": "chiesa di Santa Margherita", "status": "missing", "osm_id": null, "group": "Religione", "subgroup": "Luoghi di Culto", "subcategory": "Chiesa"}, "geometry": {"type": "Point", "coordinates": [10.20936, 44.22943]}}, {"type": "Feature", "properties": {"wikidata": "Q3673270", "name": "chiesa di Santa Maria Assunta", "status": "done", "osm_id": "way/712404670", "group": "Religione", "subgroup": "Luoghi di Culto", "subcategory": "Chiesa"}, "geometry": {"type": "Point", "coordinates": [10.61796, 43.5272]}}, {"type": "Feature", "properties": {"wikidata": "Q3673124", "name": "chiesa di Santa Lucia", "status": "missing", "osm_id": null, "group": "Religione", "subgroup": "Luoghi di Culto", "subcategory": "Chiesa"}, "geometry": {"type": "Point", "coordinates": [11.738375, 43.213769]}}, {"type": "Feature", "properties": {"wikidata": "Q3673229", "name": "chiesa di Santa Maria", "status": "missing", "osm_id": null, "group": "Religione", "subgroup": "Luoghi di Culto", "subcategory": "Ex chiesa"}, "geometry": {"type": "Point", "coordinates": [10.8505, 42.90922222]}}, {"type": "Feature", "properties": {"wikidata": "Q3673130", "name": "chiesa di Santa Lucia a Monteorlando", "status": "done", "osm_id": "way/386821168", "group": "Religione", "subgroup": "Luoghi di Culto", "subcategory": "Chiesa"}, "geometry": {"type": "Point", "coordinates": [11.098976, 43.762779]}}, {"type": "Feature", "properties": {"wikidata": "Q3673185", "name": "chiesa di Santa Margherita dei Cerchi", "status": "done", "osm_id": "way/307545799", "group": "Religione", "subgroup": "Luoghi di Culto", "subcategory": "Chiesa"}, "geometry": {"type": "Point", "coordinates": [11.257308333, 43.771252777]}}, {"type": "Feature", "properties": {"wikidata": "Q3673321", "name": "chiesa di Santa Maria Assunta", "status": "done", "osm_id": "way/457718975", "group": "Religione", "subgroup": "Luoghi di Culto", "subcategory": "Chiesa"}, "geometry": {"type": "Point", "coordinates": [11.63194, 43.61839]}}, {"type": "Feature", "properties": {"wikidata": "Q3673287", "name": "chiesa di Santa Maria Assunta", "status": "done", "osm_id": "way/265399499", "group": "Religione", "subgroup": "Luoghi di Culto", "subcategory": "Chiesa"}, "geometry": {"type": "Point", "coordinates": [10.95266, 43.79682]}}, {"type": "Feature", "properties": {"wikidata": "Q3673131", "name": "chiesa di Santa Lucia", "status": "done", "osm_id": "way/1428242181", "group": "Religione", "subgroup": "Luoghi di Culto", "subcategory": "Chiesa"}, "geometry": {"type": "Point", "coordinates": [11.18118, 43.85017]}}, {"type": "Feature", "properties": {"wikidata": "Q3673147", "name": "chiesa di Santa Lucia e San Michele Arcangelo", "status": "done", "osm_id": "way/714136544", "group": "Religione", "subgroup": "Luoghi di Culto", "subcategory": "Chiesa"}, "geometry": {"type": "Point", "coordinates": [11.809066666, 43.313525]}}, {"type": "Feature", "properties": {"wikidata": "Q3673231", "name": "chiesa di Santa Maria", "status": "missing", "osm_id": null, "group": "Religione", "subgroup": "Luoghi di Culto", "subcategory": "Chiesa"}, "geometry": {"type": "Point", "coordinates": [11.882333, 43.628917]}}, {"type": "Feature", "properties": {"wikidata": "Q3673220", "name": "chiesa di Santa Maria", "status": "done", "osm_id": "way/583337081", "group": "Religione", "subgroup": "Luoghi di Culto", "subcategory": "Chiesa"}, "geometry": {"type": "Point", "coordinates": [11.23421667, 43.63420556]}}, {"type": "Feature", "properties": {"wikidata": "Q3673282", "name": "chiesa di Santa Maria Assunta", "status": "done", "osm_id": "way/340904981", "group": "Religione", "subgroup": "Luoghi di Culto", "subcategory": "Chiesa"}, "geometry": {"type": "Point", "coordinates": [10.561722, 44.054575]}}, {"type": "Feature", "properties": {"wikidata": "Q3673148", "name": "chiesa di Santa Lucia sul Prato", "status": "done", "osm_id": "way/306222200", "group": "Religione", "subgroup": "Luoghi di Culto", "subcategory": "Chiesa"}, "geometry": {"type": "Point", "coordinates": [11.24358, 43.7746]}}, {"type": "Feature", "properties": {"wikidata": "Q3673192", "name": "chiesa di Santa Maria", "status": "missing", "osm_id": null, "group": "Religione", "subgroup": "Luoghi di Culto", "subcategory": "Chiesa"}, "geometry": {"type": "Point", "coordinates": [11.108808, 43.555056]}}, {"type": "Feature", "properties": {"wikidata": "Q3673255", "name": "chiesa di Santa Maria Assunta", "status": "done", "osm_id": "way/705610727", "group": "Religione", "subgroup": "Luoghi di Culto", "subcategory": "Chiesa"}, "geometry": {"type": "Point", "coordinates": [10.61981, 43.71024]}}, {"type": "Feature", "properties": {"wikidata": "Q3673304", "name": "chiesa di Santa Maria Assunta", "status": "done", "osm_id": "way/167015688", "group": "Religione", "subgroup": "Luoghi di Culto", "subcategory": "Chiesa"}, "geometry": {"type": "Point", "coordinates": [11.10005, 43.987901]}}, {"type": "Feature", "properties": {"wikidata": "Q3673344", "name": "chiesa di Santa Maria Assunta", "status": "done", "osm_id": "way/360912596", "group": "Religione", "subgroup": "Luoghi di Culto", "subcategory": "Chiesa"}, "geometry": {"type": "Point", "coordinates": [11.13491, 42.55307]}}, {"type": "Feature", "properties": {"wikidata": "Q3673223", "name": "chiesa di Santa Maria Assunta", "status": "done", "osm_id": "way/704956309", "group": "Religione", "subgroup": "Luoghi di Culto", "subcategory": "Chiesa"}, "geometry": {"type": "Point", "coordinates": [10.4156, 43.77816]}}, {"type": "Feature", "properties": {"wikidata": "Q3673218", "name": "chiesa di Santa Maria", "status": "done", "osm_id": "way/175463935", "group": "Religione", "subgroup": "Luoghi di Culto", "subcategory": "Chiesa"}, "geometry": {"type": "Point", "coordinates": [11.13974, 43.57451]}}, {"type": "Feature", "properties": {"wikidata": "Q3673205", "name": "chiesa di Santa Maria", "status": "done", "osm_id": "way/386935929", "group": "Religione", "subgroup": "Luoghi di Culto", "subcategory": "Chiesa"}, "geometry": {"type": "Point", "coordinates": [10.97, 43.72662]}}, {"type": "Feature", "properties": {"wikidata": "Q3673261", "name": "chiesa di Santa Maria Assunta", "status": "done", "osm_id": "way/720731970", "group": "Religione", "subgroup": "Luoghi di Culto", "subcategory": "Chiesa"}, "geometry": {"type": "Point", "coordinates": [11.6042, 43.4166]}}, {"type": "Feature", "properties": {"wikidata": "Q3673308", "name": "basilica di Santa Maria Assunta", "status": "done", "osm_id": "way/139460770", "group": "Religione", "subgroup": "Luoghi di Culto", "subcategory": "Chiesa"}, "geometry": {"type": "Point", "coordinates": [10.77016, 43.8827]}}, {"type": "Feature", "properties": {"wikidata": "Q3673302", "name": "chiesa di Santa Maria Assunta", "status": "missing", "osm_id": null, "group": "Religione", "subgroup": "Luoghi di Culto", "subcategory": "Chiesa"}, "geometry": {"type": "Point", "coordinates": [10.317817, 43.898056]}}, {"type": "Feature", "properties": {"wikidata": "Q3673361", "name": "chiesa di Santa Maria Assunta a Puglia", "status": "missing", "osm_id": null, "group": "Religione", "subgroup": "Luoghi di Culto", "subcategory": "Chiesa"}, "geometry": {"type": "Point", "coordinates": [11.881557, 43.502841]}}, {"type": "Feature", "properties": {"wikidata": "Q3673343", "name": "chiesa di Santa Maria Assunta", "status": "done", "osm_id": "way/119824510", "group": "Religione", "subgroup": "Luoghi di Culto", "subcategory": "Chiesa"}, "geometry": {"type": "Point", "coordinates": [10.30481, 43.99155]}}, {"type": "Feature", "properties": {"wikidata": "Q3673204", "name": "chiesa di Santa Maria", "status": "done", "osm_id": "node/8465458896", "group": "Religione", "subgroup": "Luoghi di Culto", "subcategory": "Chiesa"}, "geometry": {"type": "Point", "coordinates": [11.92528, 43.69648]}}, {"type": "Feature", "properties": {"wikidata": "Q3673342", "name": "chiesa di Santa Maria Assunta", "status": "done", "osm_id": "way/1281858849", "group": "Religione", "subgroup": "Luoghi di Culto", "subcategory": "Chiesa"}, "geometry": {"type": "Point", "coordinates": [10.948924, 43.729245]}}, {"type": "Feature", "properties": {"wikidata": "Q3673300", "name": "chiesa di Santa Maria Assunta", "status": "done", "osm_id": "way/143386708", "group": "Religione", "subgroup": "Luoghi di Culto", "subcategory": "Chiesa"}, "geometry": {"type": "Point", "coordinates": [10.74560833, 43.90881111]}}, {"type": "Feature", "properties": {"wikidata": "Q3673170", "name": "chiesa di Santa Margherita", "status": "done", "osm_id": "way/954671534", "group": "Religione", "subgroup": "Luoghi di Culto", "subcategory": "Oratorio"}, "geometry": {"type": "Point", "coordinates": [11.10018, 43.88215]}}, {"type": "Feature", "properties": {"wikidata": "Q3673135", "name": "chiesa di Santa Lucia alla Sala", "status": "done", "osm_id": "way/306137815", "group": "Religione", "subgroup": "Luoghi di Culto", "subcategory": "Chiesa"}, "geometry": {"type": "Point", "coordinates": [11.17247, 43.79648]}}, {"type": "Feature", "properties": {"wikidata": "Q3673353", "name": "chiesa di Santa Maria Assunta", "status": "done", "osm_id": "way/247450061", "group": "Religione", "subgroup": "Luoghi di Culto", "subcategory": "Chiesa"}, "geometry": {"type": "Point", "coordinates": [10.32377, 44.15149]}}, {"type": "Feature", "properties": {"wikidata": "Q3673272", "name": "chiesa di Santa Maria Assunta", "status": "done", "osm_id": "way/454835213", "group": "Religione", "subgroup": "Luoghi di Culto", "subcategory": "Chiesa"}, "geometry": {"type": "Point", "coordinates": [11.66463, 43.14099]}}, {"type": "Feature", "properties": {"wikidata": "Q3673298", "name": "chiesa di Santa Maria Assunta", "status": "done", "osm_id": "way/970712667", "group": "Religione", "subgroup": "Luoghi di Culto", "subcategory": "Chiesa"}, "geometry": {"type": "Point", "coordinates": [11.63272, 43.59246]}}, {"type": "Feature", "properties": {"wikidata": "Q3673138", "name": "chiesa di Santa Lucia dei Magnoli", "status": "done", "osm_id": "way/306694385", "group": "Religione", "subgroup": "Luoghi di Culto", "subcategory": "Chiesa"}, "geometry": {"type": "Point", "coordinates": [11.25679, 43.76549]}}, {"type": "Feature", "properties": {"wikidata": "Q3673239", "name": "chiesa di Santa Maria Annunciata", "status": "missing", "osm_id": null, "group": "Religione", "subgroup": "Luoghi di Culto", "subcategory": "Chiesa"}, "geometry": {"type": "Point", "coordinates": [10.50938333, 43.84324722]}}, {"type": "Feature", "properties": {"wikidata": "Q3673355", "name": "chiesa di Santa Maria Assunta", "status": "done", "osm_id": "way/1181828621", "group": "Religione", "subgroup": "Luoghi di Culto", "subcategory": "Chiesa"}, "geometry": {"type": "Point", "coordinates": [11.0716, 43.14179]}}, {"type": "Feature", "properties": {"wikidata": "Q3673273", "name": "chiesa di Santa Maria Assunta", "status": "done", "osm_id": "way/51216447", "group": "Religione", "subgroup": "Luoghi di Culto", "subcategory": "Chiesa"}, "geometry": {"type": "Point", "coordinates": [10.93731, 43.63653]}}, {"type": "Feature", "properties": {"wikidata": "Q3673221", "name": "chiesa di Santa Maria", "status": "done", "osm_id": "way/165937999", "group": "Religione", "subgroup": "Luoghi di Culto", "subcategory": "Chiesa"}, "geometry": {"type": "Point", "coordinates": [10.7741, 43.60494]}}, {"type": "Feature", "properties": {"wikidata": "Q3673211", "name": "chiesa di Santa Maria", "status": "done", "osm_id": "way/314624783", "group": "Religione", "subgroup": "Luoghi di Culto", "subcategory": "Chiesa"}, "geometry": {"type": "Point", "coordinates": [10.439444, 44.064283]}}, {"type": "Feature", "properties": {"wikidata": "Q3673183", "name": "chiesa di Santa Margherita", "status": "done", "osm_id": "way/288672212", "group": "Religione", "subgroup": "Luoghi di Culto", "subcategory": "Chiesa"}, "geometry": {"type": "Point", "coordinates": [11.53971, 43.79788]}}, {"type": "Feature", "properties": {"wikidata": "Q3673159", "name": "chiesa di Santa Margherita", "status": "missing", "osm_id": null, "group": "Religione", "subgroup": "Luoghi di Culto", "subcategory": "Chiesa"}, "geometry": {"type": "Point", "coordinates": [11.2196, 43.645]}}, {"type": "Feature", "properties": {"wikidata": "Q3673369", "name": "chiesa di Santa Maria Assunta e San Bartolomeo", "status": "done", "osm_id": "way/433136516", "group": "Religione", "subgroup": "Luoghi di Culto", "subcategory": "Chiesa"}, "geometry": {"type": "Point", "coordinates": [11.876889, 43.794361]}}, {"type": "Feature", "properties": {"wikidata": "Q3673215", "name": "chiesa di Santa Maria", "status": "missing", "osm_id": null, "group": "Archeologia", "subgroup": "Siti", "subcategory": "Rovine"}, "geometry": {"type": "Point", "coordinates": [11.14182, 43.49838]}}, {"type": "Feature", "properties": {"wikidata": "Q3673127", "name": "chiesa di Santa Lucia", "status": "done", "osm_id": "way/522970555", "group": "Religione", "subgroup": "Luoghi di Culto", "subcategory": "Chiesa"}, "geometry": {"type": "Point", "coordinates": [10.50042, 43.54462]}}, {"type": "Feature", "properties": {"wikidata": "Q3673319", "name": "chiesa di Santa Maria Assunta", "status": "missing", "osm_id": null, "group": "Religione", "subgroup": "Luoghi di Culto", "subcategory": "Chiesa"}, "geometry": {"type": "Point", "coordinates": [10.42732, 43.93665]}}, {"type": "Feature", "properties": {"wikidata": "Q3673320", "name": "chiesa di Santa Maria Assunta", "status": "done", "osm_id": "way/539308810", "group": "Religione", "subgroup": "Luoghi di Culto", "subcategory": "Chiesa"}, "geometry": {"type": "Point", "coordinates": [11.671222, 42.635261]}}, {"type": "Feature", "properties": {"wikidata": "Q3673121", "name": "chiesa di Santa Lucia", "status": "done", "osm_id": "way/265957862", "group": "Religione", "subgroup": "Luoghi di Culto", "subcategory": "Chiesa"}, "geometry": {"type": "Point", "coordinates": [10.56698, 43.47271]}}, {"type": "Feature", "properties": {"wikidata": "Q3673182", "name": "chiesa di Santa Margherita a Montici", "status": "done", "osm_id": "way/276538575", "group": "Religione", "subgroup": "Luoghi di Culto", "subcategory": "Chiesa"}, "geometry": {"type": "Point", "coordinates": [11.26717, 43.74489]}}, {"type": "Feature", "properties": {"wikidata": "Q3673224", "name": "chiesa di Santa Maria", "status": "missing", "osm_id": null, "group": "Religione", "subgroup": "Luoghi di Culto", "subcategory": "Chiesa"}, "geometry": {"type": "Point", "coordinates": [11.51139167, 42.72991667]}}, {"type": "Feature", "properties": {"wikidata": "Q3673364", "name": "chiesa di Santa Maria Assunta", "status": "missing", "osm_id": null, "group": "Religione", "subgroup": "Luoghi di Culto", "subcategory": "Chiesa"}, "geometry": {"type": "Point", "coordinates": [11.18268, 43.42306]}}, {"type": "Feature", "properties": {"wikidata": "Q3673314", "name": "chiesa di Santa Maria Assunta", "status": "done", "osm_id": "way/176160975", "group": "Religione", "subgroup": "Luoghi di Culto", "subcategory": "Chiesa"}, "geometry": {"type": "Point", "coordinates": [10.920167, 43.80475]}}, {"type": "Feature", "properties": {"wikidata": "Q3673222", "name": "chiesa di Santa Maria", "status": "done", "osm_id": "way/179153126", "group": "Religione", "subgroup": "Luoghi di Culto", "subcategory": "Chiesa"}, "geometry": {"type": "Point", "coordinates": [11.31056, 43.54815]}}, {"type": "Feature", "properties": {"wikidata": "Q3673119", "name": "chiesa di Santa Lucia", "status": "done", "osm_id": "way/692223423", "group": "Religione", "subgroup": "Luoghi di Culto", "subcategory": "Chiesa"}, "geometry": {"type": "Point", "coordinates": [11.5311, 43.563598]}}, {"type": "Feature", "properties": {"wikidata": "Q3673289", "name": "chiesa di Santa Maria Assunta", "status": "done", "osm_id": "way/308785267", "group": "Religione", "subgroup": "Luoghi di Culto", "subcategory": "Chiesa"}, "geometry": {"type": "Point", "coordinates": [11.33693, 43.80015]}}, {"type": "Feature", "properties": {"wikidata": "Q3673133", "name": "chiesa di Santa Lucia al Borghetto", "status": "done", "osm_id": "way/715031501", "group": "Religione", "subgroup": "Luoghi di Culto", "subcategory": "Chiesa"}, "geometry": {"type": "Point", "coordinates": [11.1695, 43.55618]}}, {"type": "Feature", "properties": {"wikidata": "Q3673358", "name": "chiesa di Santa Maria", "status": "done", "osm_id": "way/229520221", "group": "Religione", "subgroup": "Luoghi di Culto", "subcategory": "Chiesa"}, "geometry": {"type": "Point", "coordinates": [10.9885, 43.830278]}}, {"type": "Feature", "properties": {"wikidata": "Q3673212", "name": "chiesa di Santa Maria", "status": "done", "osm_id": "way/1331511743", "group": "Archeologia", "subgroup": "Siti", "subcategory": "Rovine"}, "geometry": {"type": "Point", "coordinates": [10.1905, 42.75669167]}}, {"type": "Feature", "properties": {"wikidata": "Q3673198", "name": "chiesa di Santa Maria", "status": "missing", "osm_id": null, "group": "Religione", "subgroup": "Luoghi di Culto", "subcategory": "Chiesa"}, "geometry": {"type": "Point", "coordinates": [11.48771389, 43.52000278]}}, {"type": "Feature", "properties": {"wikidata": "Q3673128", "name": "chiesa di Santa Lucia a Collina", "status": "done", "osm_id": "way/388713607", "group": "Religione", "subgroup": "Luoghi di Culto", "subcategory": "Chiesa"}, "geometry": {"type": "Point", "coordinates": [11.2011, 43.905461]}}, {"type": "Feature", "properties": {"wikidata": "Q3673187", "name": "chiesa di Santa Margherita in Santa Maria de' Ricci", "status": "done", "osm_id": "way/307544546", "group": "Religione", "subgroup": "Luoghi di Culto", "subcategory": "Chiesa"}, "geometry": {"type": "Point", "coordinates": [11.25659, 43.77157]}}, {"type": "Feature", "properties": {"wikidata": "Q3673137", "name": "chiesa di Santa Lucia allo Stale", "status": "missing", "osm_id": null, "group": "Religione", "subgroup": "Luoghi di Culto", "subcategory": "Chiesa"}, "geometry": {"type": "Point", "coordinates": [11.270759, 44.072625]}}, {"type": "Feature", "properties": {"wikidata": "Q3673161", "name": "chiesa di Santa Margherita", "status": "done", "osm_id": "way/605891503", "group": "Religione", "subgroup": "Luoghi di Culto", "subcategory": "Chiesa"}, "geometry": {"type": "Point", "coordinates": [10.1367, 44.24223]}}, {"type": "Feature", "properties": {"wikidata": "Q3673356", "name": "chiesa di Santa Maria Assunta", "status": "done", "osm_id": "way/386508469", "group": "Religione", "subgroup": "Luoghi di Culto", "subcategory": "Chiesa"}, "geometry": {"type": "Point", "coordinates": [11.04678, 43.82056]}}, {"type": "Feature", "properties": {"wikidata": "Q3673360", "name": "chiesa di Santa Maria Assunta a Puglianella", "status": "done", "osm_id": "way/330738512", "group": "Religione", "subgroup": "Luoghi di Culto", "subcategory": "Chiesa"}, "geometry": {"type": "Point", "coordinates": [10.31774, 44.1387]}}, {"type": "Feature", "properties": {"wikidata": "Q3673359", "name": "chiesa di Santa Maria Assunta", "status": "done", "osm_id": "way/461227764", "group": "Religione", "subgroup": "Luoghi di Culto", "subcategory": "Chiesa"}, "geometry": {"type": "Point", "coordinates": [11.0663303, 43.8959025]}}, {"type": "Feature", "properties": {"wikidata": "Q3673228", "name": "chiesa di Santa Maria", "status": "done", "osm_id": "way/279545311", "group": "Religione", "subgroup": "Luoghi di Culto", "subcategory": "Chiesa"}, "geometry": {"type": "Point", "coordinates": [11.0281, 43.7393]}}, {"type": "Feature", "properties": {"wikidata": "Q3673317", "name": "chiesa di Santa Maria Assunta", "status": "done", "osm_id": "way/159683776", "group": "Religione", "subgroup": "Luoghi di Culto", "subcategory": "Chiesa"}, "geometry": {"type": "Point", "coordinates": [11.929759, 42.882975]}}, {"type": "Feature", "properties": {"wikidata": "Q3673345", "name": "chiesa di Santa Maria Assunta", "status": "done", "osm_id": "way/195636322", "group": "Religione", "subgroup": "Luoghi di Culto", "subcategory": "Chiesa"}, "geometry": {"type": "Point", "coordinates": [11.02737778, 43.02236944]}}, {"type": "Feature", "properties": {"wikidata": "Q3673193", "name": "chiesa di Santa Maria", "status": "done", "osm_id": "way/710737413", "group": "Religione", "subgroup": "Luoghi di Culto", "subcategory": "Chiesa"}, "geometry": {"type": "Point", "coordinates": [10.60323, 43.99862]}}, {"type": "Feature", "properties": {"wikidata": "Q3673329", "name": "chiesa di Santa Maria Assunta", "status": "done", "osm_id": "way/241883058", "group": "Religione", "subgroup": "Luoghi di Culto", "subcategory": "Chiesa"}, "geometry": {"type": "Point", "coordinates": [11.60606389, 43.05796111]}}, {"type": "Feature", "properties": {"wikidata": "Q3673357", "name": "chiesa di Santa Maria Assunta", "status": "done", "osm_id": "way/900857482", "group": "Religione", "subgroup": "Luoghi di Culto", "subcategory": "Chiesa"}, "geometry": {"type": "Point", "coordinates": [11.7428, 42.9767]}}, {"type": "Feature", "properties": {"wikidata": "Q3673191", "name": "chiesa di Santa Maria", "status": "done", "osm_id": "way/1091401808", "group": "Religione", "subgroup": "Luoghi di Culto", "subcategory": "Chiesa"}, "geometry": {"type": "Point", "coordinates": [11.10448611, 42.66784722]}}, {"type": "Feature", "properties": {"wikidata": "Q3673171", "name": "chiesa di Santa Margherita", "status": "missing", "osm_id": null, "group": "Religione", "subgroup": "Luoghi di Culto", "subcategory": "Chiesa"}, "geometry": {"type": "Point", "coordinates": [11.08581, 43.53982]}}, {"type": "Feature", "properties": {"wikidata": "Q3673283", "name": "chiesa di Santa Maria Assunta", "status": "done", "osm_id": "way/429905803", "group": "Religione", "subgroup": "Luoghi di Culto", "subcategory": "Chiesa"}, "geometry": {"type": "Point", "coordinates": [10.75587, 43.51128]}}, {"type": "Feature", "properties": {"wikidata": "Q3673132", "name": "chiesa di Santa Lucia a Trespiano", "status": "done", "osm_id": "way/306223722", "group": "Religione", "subgroup": "Luoghi di Culto", "subcategory": "Chiesa"}, "geometry": {"type": "Point", "coordinates": [11.28296, 43.82077]}}, {"type": "Feature", "properties": {"wikidata": "Q3673267", "name": "chiesa di Santa Maria Assunta", "status": "missing", "osm_id": null, "group": "Religione", "subgroup": "Luoghi di Culto", "subcategory": "Chiesa"}, "geometry": {"type": "Point", "coordinates": [10.10386, 44.09181]}}, {"type": "Feature", "properties": {"wikidata": "Q3673195", "name": "chiesa di Santa Maria", "status": "missing", "osm_id": null, "group": "Religione", "subgroup": "Luoghi di Culto", "subcategory": "Chiesa"}, "geometry": {"type": "Point", "coordinates": [11.13562, 43.82381]}}, {"type": "Feature", "properties": {"wikidata": "Q3673149", "name": "chiesa di Santa Lucia vergine e martire", "status": "done", "osm_id": "way/359322367", "group": "Religione", "subgroup": "Luoghi di Culto", "subcategory": "Chiesa"}, "geometry": {"type": "Point", "coordinates": [10.69492, 43.63472]}}, {"type": "Feature", "properties": {"wikidata": "Q3673368", "name": "chiesa di Santa Maria Assunta di Pognana", "status": "done", "osm_id": "way/700764231", "group": "Religione", "subgroup": "Luoghi di Culto", "subcategory": "Chiesa"}, "geometry": {"type": "Point", "coordinates": [10.13268, 44.24686]}}, {"type": "Feature", "properties": {"wikidata": "Q3673280", "name": "chiesa di Santa Maria Assunta", "status": "done", "osm_id": "way/278772907", "group": "Religione", "subgroup": "Luoghi di Culto", "subcategory": "Chiesa"}, "geometry": {"type": "Point", "coordinates": [11.72355, 43.41841]}}, {"type": "Feature", "properties": {"wikidata": "Q3328001", "name": "mura di Grosseto", "status": "done", "osm_id": "way/1396000410", "group": "Fortificazioni e militare", "subgroup": "Fortificazioni", "subcategory": "Mura cittadine"}, "geometry": {"type": "Point", "coordinates": [11.11256111, 42.75908056]}}, {"type": "Feature", "properties": {"wikidata": "Q3328406", "name": "Museo civico del marmo di Carrara", "status": "done", "osm_id": "way/163204229", "group": "Cultura e tempo libero", "subgroup": "Musei", "subcategory": "Museo d'arte"}, "geometry": {"type": "Point", "coordinates": [10.07339, 44.06579]}}, {"type": "Feature", "properties": {"wikidata": "Q3328373", "name": "Museo archeologico di Orbetello", "status": "done", "osm_id": "node/8854363495", "group": "Cultura e tempo libero", "subgroup": "Musei", "subcategory": "Museo archeologico"}, "geometry": {"type": "Point", "coordinates": [11.21402222, 42.43721389]}}, {"type": "Feature", "properties": {"wikidata": "Q3661986", "name": "Cassero del Sale", "status": "done", "osm_id": "way/485044172", "group": "Dimore ed edifici", "subgroup": "Strutture Varie", "subcategory": "Edificio"}, "geometry": {"type": "Point", "coordinates": [11.11420556, 42.75883333]}}, {"type": "Feature", "properties": {"wikidata": "Q3328382", "name": "Museo civico archeologico di Pitigliano", "status": "missing", "osm_id": null, "group": "Cultura e tempo libero", "subgroup": "Musei", "subcategory": "Museo archeologico"}, "geometry": {"type": "Point", "coordinates": [11.66861667, 42.63478056]}}, {"type": "Feature", "properties": {"wikidata": "Q3662194", "name": "Castel di Pietra", "status": "done", "osm_id": "way/176209860", "group": "Fortificazioni e militare", "subgroup": "Fortificazioni", "subcategory": "Castello"}, "geometry": {"type": "Point", "coordinates": [10.97972222, 42.95944444]}}, {"type": "Feature", "properties": {"wikidata": "Q3328390", "name": "Museo minerario di Abbadia San Salvatore", "status": "done", "osm_id": "way/1249186413", "group": "Cultura e tempo libero", "subgroup": "Musei", "subcategory": "Museo"}, "geometry": {"type": "Point", "coordinates": [11.6633333, 42.8823271]}}, {"type": "Feature", "properties": {"wikidata": "Q3328004", "name": "mura di Pisa", "status": "done", "osm_id": "relation/3813741", "group": "Altro", "subgroup": "Altro", "subcategory": "Altro"}, "geometry": {"type": "Point", "coordinates": [10.4015, 43.7225]}}, {"type": "Feature", "properties": {"wikidata": "Q3661727", "name": "Casetta Drouot", "status": "missing", "osm_id": null, "group": "Altro", "subgroup": "Altro", "subcategory": "Altro"}, "geometry": {"type": "Point", "coordinates": [10.18325, 42.7883]}}, {"type": "Feature", "properties": {"wikidata": "Q3328384", "name": "Museo civico archeologico della Linguella", "status": "done", "osm_id": "way/1354676056", "group": "Altro", "subgroup": "Altro", "subcategory": "Altro"}, "geometry": {"type": "Point", "coordinates": [10.331375, 42.812843]}}, {"type": "Feature", "properties": {"wikidata": "Q3662226", "name": "Castellaccia", "status": "done", "osm_id": "node/2795141559", "group": "Insediamenti", "subgroup": "Centri", "subcategory": "Frazione"}, "geometry": {"type": "Point", "coordinates": [11.026111111, 42.923055555]}}, {"type": "Feature", "properties": {"wikidata": "Q3662269", "name": "Castelletto in Garfagnana", "status": "done", "osm_id": "node/577763697", "group": "Insediamenti", "subgroup": "Centri", "subcategory": "Frazione"}, "geometry": {"type": "Point", "coordinates": [10.266198, 44.217852]}}, {"type": "Feature", "properties": {"wikidata": "Q3661497", "name": "Casato", "status": "done", "osm_id": "relation/16762325", "group": "Infrastrutture", "subgroup": "Trasporti", "subcategory": "Strada urbana"}, "geometry": {"type": "Point", "coordinates": [11.331554, 43.31722]}}, {"type": "Feature", "properties": {"wikidata": "Q3661345", "name": "casa natale di San Galgano", "status": "done", "osm_id": "node/4592804594", "group": "Religione", "subgroup": "Luoghi di Culto", "subcategory": "Chiesa"}, "geometry": {"type": "Point", "coordinates": [11.087881, 43.154859]}}, {"type": "Feature", "properties": {"wikidata": "Q3661652", "name": "Case per indigenti", "status": "done", "osm_id": "way/263273859", "group": "Dimore ed edifici", "subgroup": "Residenze", "subcategory": "Palazzo italiano"}, "geometry": {"type": "Point", "coordinates": [11.22650833, 43.77556667]}}, {"type": "Feature", "properties": {"wikidata": "Q3661983", "name": "Cassero Senese", "status": "done", "osm_id": "way/722823638", "group": "Fortificazioni e militare", "subgroup": "Fortificazioni", "subcategory": "Castello"}, "geometry": {"type": "Point", "coordinates": [11.08655556, 42.88283333]}}, {"type": "Feature", "properties": {"wikidata": "Q3662195", "name": "Castel di Poggio", "status": "done", "osm_id": "way/225670721", "group": "Altro", "subgroup": "Altro", "subcategory": "Altro"}, "geometry": {"type": "Point", "coordinates": [11.32455, 43.801625]}}, {"type": "Feature", "properties": {"wikidata": "Q3661876", "name": "Q3661876", "status": "done", "osm_id": "node/1572879455", "group": "Insediamenti", "subgroup": "Zone Urbane", "subcategory": "Centro storico"}, "geometry": {"type": "Point", "coordinates": [10.809388888, 43.933472222]}}, {"type": "Feature", "properties": {"wikidata": "Q3661537", "name": "cascata di Farfar\u00e0", "status": "done", "osm_id": "node/1396767752", "group": "Natura e paesaggio", "subgroup": "Acqua", "subcategory": "Cascata"}, "geometry": {"type": "Point", "coordinates": [9.79093287, 44.411687883]}}, {"type": "Feature", "properties": {"wikidata": "Q3661418", "name": "Casale", "status": "done", "osm_id": "node/477697505", "group": "Insediamenti", "subgroup": "Centri", "subcategory": "Frazione"}, "geometry": {"type": "Point", "coordinates": [11.038943, 43.876596]}}, {"type": "Feature", "properties": {"wikidata": "Q3661348", "name": "Casa per abitazioni a Cisanello", "status": "done", "osm_id": "way/128409614", "group": "Altro", "subgroup": "Altro", "subcategory": "Altro"}, "geometry": {"type": "Point", "coordinates": [10.4188, 43.71161]}}, {"type": "Feature", "properties": {"wikidata": "Q3661613", "name": "Cascine di Buti", "status": "done", "osm_id": "node/246805894", "group": "Insediamenti", "subgroup": "Centri", "subcategory": "Frazione"}, "geometry": {"type": "Point", "coordinates": [10.618888888, 43.726666666]}}, {"type": "Feature", "properties": {"wikidata": "Q3661982", "name": "Cassero Senese", "status": "done", "osm_id": "relation/10758732", "group": "Altro", "subgroup": "Altro", "subcategory": "Altro"}, "geometry": {"type": "Point", "coordinates": [10.890166, 43.050904]}}, {"type": "Feature", "properties": {"wikidata": "Q3661574", "name": "Casciavola", "status": "done", "osm_id": "node/2816774733", "group": "Insediamenti", "subgroup": "Centri", "subcategory": "Frazione"}, "geometry": {"type": "Point", "coordinates": [10.495877777, 43.690033333]}}, {"type": "Feature", "properties": {"wikidata": "Q3322572", "name": "monte Sagro", "status": "done", "osm_id": "node/765900099", "group": "Natura e paesaggio", "subgroup": "Montagna", "subcategory": "Montagna"}, "geometry": {"type": "Point", "coordinates": [10.159172222, 44.115391666]}}, {"type": "Feature", "properties": {"wikidata": "Q3328378", "name": "Museo Civico", "status": "missing", "osm_id": null, "group": "Cultura e tempo libero", "subgroup": "Musei", "subcategory": "Museo"}, "geometry": {"type": "Point", "coordinates": [11.332118, 43.318188]}}, {"type": "Feature", "properties": {"wikidata": "Q3661701", "name": "caserma Italia", "status": "missing", "osm_id": null, "group": "Fortificazioni e militare", "subgroup": "Militare", "subcategory": "Caserma"}, "geometry": {"type": "Point", "coordinates": [11.877222, 43.464722]}}, {"type": "Feature", "properties": {"wikidata": "Q3661985", "name": "Cassero Senese", "status": "missing", "osm_id": null, "group": "Fortificazioni e militare", "subgroup": "Fortificazioni", "subcategory": "Castello"}, "geometry": {"type": "Point", "coordinates": [11.508703, 42.785795]}}, {"type": "Feature", "properties": {"wikidata": "Q3661804", "name": "Casino Salviati", "status": "done", "osm_id": "relation/4090626", "group": "Dimore ed edifici", "subgroup": "Residenze", "subcategory": "Palazzo italiano"}, "geometry": {"type": "Point", "coordinates": [11.26701111, 43.77725278]}}, {"type": "Feature", "properties": {"wikidata": "Q3661693", "name": "caserma Antonio Baldissera", "status": "missing", "osm_id": null, "group": "Fortificazioni e militare", "subgroup": "Militare", "subcategory": "Caserma"}, "geometry": {"type": "Point", "coordinates": [11.26987778, 43.76628889]}}, {"type": "Feature", "properties": {"wikidata": "Q3662221", "name": "Castell'Ottieri", "status": "done", "osm_id": "node/420264549", "group": "Insediamenti", "subgroup": "Centri", "subcategory": "Frazione"}, "geometry": {"type": "Point", "coordinates": [11.751388888, 42.731666666]}}, {"type": "Feature", "properties": {"wikidata": "Q3661429", "name": "Casale della Giannella", "status": "done", "osm_id": "way/717005472", "group": "Dimore ed edifici", "subgroup": "Strutture Varie", "subcategory": "Edificio"}, "geometry": {"type": "Point", "coordinates": [11.19025, 42.46647222]}}, {"type": "Feature", "properties": {"wikidata": "Q3662247", "name": "Castellare del Giglio", "status": "missing", "osm_id": null, "group": "Fortificazioni e militare", "subgroup": "Fortificazioni", "subcategory": "Fortificazione"}, "geometry": {"type": "Point", "coordinates": [10.92472222, 42.35666667]}}, {"type": "Feature", "properties": {"wikidata": "Q3661617", "name": "Cascio", "status": "done", "osm_id": "node/1267062763", "group": "Insediamenti", "subgroup": "Centri", "subcategory": "Frazione"}, "geometry": {"type": "Point", "coordinates": [10.425277777, 44.082777777]}}, {"type": "Feature", "properties": {"wikidata": "Q3662227", "name": "Castellaccio", "status": "done", "osm_id": "node/338918542", "group": "Insediamenti", "subgroup": "Centri", "subcategory": "Frazione"}, "geometry": {"type": "Point", "coordinates": [10.3635, 43.48755]}}, {"type": "Feature", "properties": {"wikidata": "Q3661984", "name": "Cassero Senese", "status": "done", "osm_id": "way/725995961", "group": "Altro", "subgroup": "Altro", "subcategory": "Altro"}, "geometry": {"type": "Point", "coordinates": [11.272751, 42.932793]}}, {"type": "Feature", "properties": {"wikidata": "Q3328000", "name": "mura di Fiesole", "status": "missing", "osm_id": null, "group": "Fortificazioni e militare", "subgroup": "Fortificazioni", "subcategory": "Mura cittadine"}, "geometry": {"type": "Point", "coordinates": [11.2939, 43.8089]}}, {"type": "Feature", "properties": {"wikidata": "Q3661344", "name": "casa natale di Amedeo Modigliani", "status": "done", "osm_id": "node/1725130162", "group": "Cultura e tempo libero", "subgroup": "Musei", "subcategory": "Casa museo"}, "geometry": {"type": "Point", "coordinates": [10.313393, 43.543724]}}, {"type": "Feature", "properties": {"wikidata": "Q3325670", "name": "Mulinaccio di Scandicci", "status": "done", "osm_id": "way/106108255", "group": "Altro", "subgroup": "Altro", "subcategory": "Altro"}, "geometry": {"type": "Point", "coordinates": [11.11049722, 43.70420556]}}, {"type": "Feature", "properties": {"wikidata": "Q3325667", "name": "Mulino di San Moro", "status": "done", "osm_id": "way/537204129", "group": "Altro", "subgroup": "Altro", "subcategory": "Altro"}, "geometry": {"type": "Point", "coordinates": [11.130222222, 43.790944444]}}, {"type": "Feature", "properties": {"wikidata": "Q3661355", "name": "Casa torre di via Ulisse Dini", "status": "missing", "osm_id": null, "group": "Altro", "subgroup": "Altro", "subcategory": "Altro"}, "geometry": {"type": "Point", "coordinates": [10.40153, 43.71844]}}, {"type": "Feature", "properties": {"wikidata": "Q3661790", "name": "Casini d'Ardenza", "status": "done", "osm_id": "way/60174226", "group": "Dimore ed edifici", "subgroup": "Strutture Varie", "subcategory": "Complesso di edifici"}, "geometry": {"type": "Point", "coordinates": [10.31813889, 43.51589722]}}, {"type": "Feature", "properties": {"wikidata": "Q3661676", "name": "casello idraulico di Castiglione della Pescaia", "status": "missing", "osm_id": null, "group": "Dimore ed edifici", "subgroup": "Strutture Varie", "subcategory": "Edificio"}, "geometry": {"type": "Point", "coordinates": [10.879611111, 42.761888888]}}, {"type": "Feature", "properties": {"wikidata": "Q3661614", "name": "Area naturale protetta di interesse locale delle Cascine di Tavola", "status": "done", "osm_id": "relation/12743763", "group": "Natura e paesaggio", "subgroup": "Verde", "subcategory": "Area protetta"}, "geometry": {"type": "Point", "coordinates": [11.05226667, 43.83215833]}}, {"type": "Feature", "properties": {"wikidata": "Q3661573", "name": "Casciana Alta", "status": "done", "osm_id": "node/495237009", "group": "Insediamenti", "subgroup": "Centri", "subcategory": "Frazione"}, "geometry": {"type": "Point", "coordinates": [10.598611111, 43.538888888]}}, {"type": "Feature", "properties": {"wikidata": "Q3661809", "name": "Casino dei Nobili", "status": "done", "osm_id": "way/237458736", "group": "Dimore ed edifici", "subgroup": "Residenze", "subcategory": "Palazzo"}, "geometry": {"type": "Point", "coordinates": [10.402242, 43.716821]}}, {"type": "Feature", "properties": {"wikidata": "Q3662228", "name": "Castellaccio di Filettole", "status": "done", "osm_id": "way/704497205", "group": "Altro", "subgroup": "Altro", "subcategory": "Altro"}, "geometry": {"type": "Point", "coordinates": [10.397759, 43.81384]}}, {"type": "Feature", "properties": {"wikidata": "Q3328381", "name": "Museo archeologico e d'arte della Maremma", "status": "done", "osm_id": "way/485044166", "group": "Cultura e tempo libero", "subgroup": "Musei", "subcategory": "Museo d'arte"}, "geometry": {"type": "Point", "coordinates": [11.113697, 42.761528]}}, {"type": "Feature", "properties": {"wikidata": "Q3661807", "name": "Casino di Terra", "status": "missing", "osm_id": null, "group": "Insediamenti", "subgroup": "Centri", "subcategory": "Frazione"}, "geometry": {"type": "Point", "coordinates": [10.66642222, 43.32863889]}}, {"type": "Feature", "properties": {"wikidata": "Q3661980", "name": "Cassero Senese", "status": "done", "osm_id": "way/485044160", "group": "Altro", "subgroup": "Altro", "subcategory": "Altro"}, "geometry": {"type": "Point", "coordinates": [11.116598, 42.76173]}}, {"type": "Feature", "properties": {"wikidata": "Q3662219", "name": "Castell'Anselmo", "status": "done", "osm_id": "node/330683156", "group": "Insediamenti", "subgroup": "Centri", "subcategory": "Frazione"}, "geometry": {"type": "Point", "coordinates": [10.466666666, 43.553611111]}}, {"type": "Feature", "properties": {"wikidata": "Q3662230", "name": "Castellaccio di Prile", "status": "done", "osm_id": "node/1374517768", "group": "Fortificazioni e militare", "subgroup": "Fortificazioni", "subcategory": "Castello"}, "geometry": {"type": "Point", "coordinates": [10.89763889, 42.80575]}}, {"type": "Feature", "properties": {"wikidata": "Q3662246", "name": "Castellare degli Ugurgieri", "status": "missing", "osm_id": null, "group": "Fortificazioni e militare", "subgroup": "Fortificazioni", "subcategory": "Castello"}, "geometry": {"type": "Point", "coordinates": [11.332692, 43.319815]}}, {"type": "Feature", "properties": {"wikidata": "Q3661694", "name": "caserma Roberto Bandini", "status": "done", "osm_id": "way/234514085", "group": "Fortificazioni e militare", "subgroup": "Militare", "subcategory": "Caserma"}, "geometry": {"type": "Point", "coordinates": [11.32114167, 43.32721389]}}, {"type": "Feature", "properties": {"wikidata": "Q3661981", "name": "Cassero Senese", "status": "done", "osm_id": "way/713884608", "group": "Fortificazioni e militare", "subgroup": "Fortificazioni", "subcategory": "Castello"}, "geometry": {"type": "Point", "coordinates": [11.510705555, 42.888222222]}}, {"type": "Feature", "properties": {"wikidata": "Q3662248", "name": "Castellare di Montevarchi", "status": "missing", "osm_id": null, "group": "Fortificazioni e militare", "subgroup": "Fortificazioni", "subcategory": "Castello"}, "geometry": {"type": "Point", "coordinates": [11.566675, 43.525225]}}, {"type": "Feature", "properties": {"wikidata": "Q3328227", "name": "mura di Vetulonia", "status": "missing", "osm_id": null, "group": "Archeologia", "subgroup": "Siti", "subcategory": "Sito archeologico"}, "geometry": {"type": "Point", "coordinates": [10.97265, 42.859064]}}, {"type": "Feature", "properties": {"wikidata": "Q3661712", "name": "caserma Umberto I", "status": "done", "osm_id": "way/717007380", "group": "Altro", "subgroup": "Altro", "subcategory": "Altro"}, "geometry": {"type": "Point", "coordinates": [11.209611614, 42.43859787]}}, {"type": "Feature", "properties": {"wikidata": "Q3669039", "name": "chiesa della Madonna delle Grazie", "status": "done", "osm_id": "way/727179507", "group": "Religione", "subgroup": "Luoghi di Culto", "subcategory": "Chiesa"}, "geometry": {"type": "Point", "coordinates": [11.54022, 42.72293]}}, {"type": "Feature", "properties": {"wikidata": "Q3657394", "name": "cappella dei Papi", "status": "missing", "osm_id": null, "group": "Religione", "subgroup": "Luoghi di Culto", "subcategory": "Cappella"}, "geometry": {"type": "Point", "coordinates": [11.24810278, 43.77517222]}}, {"type": "Feature", "properties": {"wikidata": "Q3657398", "name": "cappella dei Santi Fabiano e Sebastiano", "status": "missing", "osm_id": null, "group": "Religione", "subgroup": "Luoghi di Culto", "subcategory": "Chiesa"}, "geometry": {"type": "Point", "coordinates": [11.55547, 43.23788]}}, {"type": "Feature", "properties": {"wikidata": "Q3657443", "name": "cappella della Bruna", "status": "missing", "osm_id": null, "group": "Religione", "subgroup": "Luoghi di Culto", "subcategory": "Chiesa"}, "geometry": {"type": "Point", "coordinates": [11.435098, 43.957441]}}, {"type": "Feature", "properties": {"wikidata": "Q3669083", "name": "chiesa della Misericordia", "status": "done", "osm_id": "way/312807792", "group": "Religione", "subgroup": "Luoghi di Culto", "subcategory": "Chiesa"}, "geometry": {"type": "Point", "coordinates": [10.635722, 43.662637]}}, {"type": "Feature", "properties": {"wikidata": "Q3669114", "name": "chiesa della Pentecoste", "status": "done", "osm_id": "way/98320185", "group": "Religione", "subgroup": "Luoghi di Culto", "subcategory": "Chiesa"}, "geometry": {"type": "Point", "coordinates": [11.323, 43.75447]}}, {"type": "Feature", "properties": {"wikidata": "Q3657389", "name": "Cappella Vespucci", "status": "missing", "osm_id": null, "group": "Altro", "subgroup": "Altro", "subcategory": "Altro"}, "geometry": {"type": "Point", "coordinates": [11.2459, 43.7724]}}, {"type": "Feature", "properties": {"wikidata": "Q3669155", "name": "chiesa della Santissima Annunziata", "status": "done", "osm_id": "way/116904244", "group": "Religione", "subgroup": "Luoghi di Culto", "subcategory": "Chiesa"}, "geometry": {"type": "Point", "coordinates": [10.37644, 42.74551]}}, {"type": "Feature", "properties": {"wikidata": "Q3668948", "name": "chiesa della Madonna del Morbo", "status": "done", "osm_id": "relation/20120969", "group": "Religione", "subgroup": "Luoghi di Culto", "subcategory": "Chiesa"}, "geometry": {"type": "Point", "coordinates": [11.76593, 43.72288]}}, {"type": "Feature", "properties": {"wikidata": "Q3668940", "name": "chiesa della Madonna del Fiore", "status": "missing", "osm_id": null, "group": "Religione", "subgroup": "Luoghi di Culto", "subcategory": "Chiesa"}, "geometry": {"type": "Point", "coordinates": [11.674666666, 42.633697222]}}, {"type": "Feature", "properties": {"wikidata": "Q3668977", "name": "chiesa della Madonna dell'Ulivo", "status": "done", "osm_id": "way/325773612", "group": "Religione", "subgroup": "Luoghi di Culto", "subcategory": "Chiesa"}, "geometry": {"type": "Point", "coordinates": [11.10725556, 43.86679722]}}, {"type": "Feature", "properties": {"wikidata": "Q3669167", "name": "chiesa della Santissima Annunziata", "status": "done", "osm_id": "way/1266847933", "group": "Religione", "subgroup": "Luoghi di Culto", "subcategory": "Chiesa"}, "geometry": {"type": "Point", "coordinates": [10.310374, 43.551763]}}, {"type": "Feature", "properties": {"wikidata": "Q3669032", "name": "chiesa della Madonna delle Grazie", "status": "done", "osm_id": "way/529567391", "group": "Religione", "subgroup": "Luoghi di Culto", "subcategory": "Chiesa"}, "geometry": {"type": "Point", "coordinates": [11.16574, 43.01337]}}, {"type": "Feature", "properties": {"wikidata": "Q3657404", "name": "cappella del Cardinale del Portogallo", "status": "missing", "osm_id": null, "group": "Religione", "subgroup": "Luoghi di Culto", "subcategory": "Cappella"}, "geometry": {"type": "Point", "coordinates": [11.26515556, 43.759575]}}, {"type": "Feature", "properties": {"wikidata": "Q3657429", "name": "cappella dell'Annunziata", "status": "done", "osm_id": "way/255657194", "group": "Religione", "subgroup": "Luoghi di Culto", "subcategory": "Chiesa"}, "geometry": {"type": "Point", "coordinates": [10.315761111, 42.813280555]}}, {"type": "Feature", "properties": {"wikidata": "Q3657406", "name": "cappella del Cristo", "status": "done", "osm_id": "way/715466589", "group": "Religione", "subgroup": "Luoghi di Culto", "subcategory": "Chiesa"}, "geometry": {"type": "Point", "coordinates": [10.97891667, 42.73777778]}}, {"type": "Feature", "properties": {"wikidata": "Q3669003", "name": "chiesa della Madonna della Pace", "status": "missing", "osm_id": null, "group": "Religione", "subgroup": "Luoghi di Culto", "subcategory": "Chiesa"}, "geometry": {"type": "Point", "coordinates": [11.773442, 43.167974]}}, {"type": "Feature", "properties": {"wikidata": "Q3657383", "name": "cappella Tommasi", "status": "done", "osm_id": "node/2355173471", "group": "Altro", "subgroup": "Altro", "subcategory": "Altro"}, "geometry": {"type": "Point", "coordinates": [10.34002778, 43.56781667]}}, {"type": "Feature", "properties": {"wikidata": "Q3668945", "name": "chiesa della Madonna del Monte", "status": "missing", "osm_id": null, "group": "Religione", "subgroup": "Luoghi di Culto", "subcategory": "Chiesa"}, "geometry": {"type": "Point", "coordinates": [10.14365, 44.02961]}}, {"type": "Feature", "properties": {"wikidata": "Q3669020", "name": "chiesa della Madonna delle Fonti a Giano", "status": "done", "osm_id": "way/713550835", "group": "Religione", "subgroup": "Luoghi di Culto", "subcategory": "Chiesa"}, "geometry": {"type": "Point", "coordinates": [11.774563, 43.171968]}}, {"type": "Feature", "properties": {"wikidata": "Q3669044", "name": "chiesa della Madonna delle Grazie di Manno", "status": "missing", "osm_id": null, "group": "Religione", "subgroup": "Luoghi di Culto", "subcategory": "Chiesa"}, "geometry": {"type": "Point", "coordinates": [11.615757, 43.010253]}}, {"type": "Feature", "properties": {"wikidata": "Q3669043", "name": "chiesa della Madonna delle Grazie del Rivaio", "status": "done", "osm_id": "way/720072755", "group": "Religione", "subgroup": "Luoghi di Culto", "subcategory": "Chiesa"}, "geometry": {"type": "Point", "coordinates": [11.918569444, 43.344469444]}}, {"type": "Feature", "properties": {"wikidata": "Q3669018", "name": "chiesa della Madonna delle Febbri", "status": "missing", "osm_id": null, "group": "Religione", "subgroup": "Luoghi di Culto", "subcategory": "Ex chiesa"}, "geometry": {"type": "Point", "coordinates": [11.28047222, 42.93616667]}}, {"type": "Feature", "properties": {"wikidata": "Q3669028", "name": "chiesa della Madonna delle Grazie", "status": "missing", "osm_id": null, "group": "Religione", "subgroup": "Luoghi di Culto", "subcategory": "Chiesa"}, "geometry": {"type": "Point", "coordinates": [11.21367, 42.43918]}}, {"type": "Feature", "properties": {"wikidata": "Q3668957", "name": "chiesa della Madonna del Rosario", "status": "missing", "osm_id": null, "group": "Religione", "subgroup": "Luoghi di Culto", "subcategory": "Chiesa"}, "geometry": {"type": "Point", "coordinates": [11.69812, 42.77105]}}, {"type": "Feature", "properties": {"wikidata": "Q3669135", "name": "chiesa della Sacra Famiglia", "status": "done", "osm_id": "way/321775848", "group": "Religione", "subgroup": "Luoghi di Culto", "subcategory": "Chiesa"}, "geometry": {"type": "Point", "coordinates": [11.11764, 43.87374]}}, {"type": "Feature", "properties": {"wikidata": "Q3669086", "name": "chiesa della Misericordia", "status": "done", "osm_id": "way/582043965", "group": "Cultura e tempo libero", "subgroup": "Musei", "subcategory": "Museo d'arte"}, "geometry": {"type": "Point", "coordinates": [11.1867, 43.6558]}}, {"type": "Feature", "properties": {"wikidata": "Q3669169", "name": "chiesa della Santissima Annunziata", "status": "done", "osm_id": "way/187203423", "group": "Religione", "subgroup": "Luoghi di Culto", "subcategory": "Chiesa"}, "geometry": {"type": "Point", "coordinates": [10.53214, 43.85926]}}, {"type": "Feature", "properties": {"wikidata": "Q3669063", "name": "chiesa della Madonna di Vitaleta", "status": "done", "osm_id": "way/1185728299", "group": "Religione", "subgroup": "Luoghi di Culto", "subcategory": "Chiesa"}, "geometry": {"type": "Point", "coordinates": [11.604687, 43.059611]}}, {"type": "Feature", "properties": {"wikidata": "Q3668942", "name": "chiesa della Madonna del Giardino a Camparboli", "status": "done", "osm_id": "way/714349911", "group": "Religione", "subgroup": "Luoghi di Culto", "subcategory": "Chiesa"}, "geometry": {"type": "Point", "coordinates": [11.55679, 43.2388]}}, {"type": "Feature", "properties": {"wikidata": "Q3669124", "name": "chiesa della Resurrezione", "status": "done", "osm_id": "way/325213877", "group": "Religione", "subgroup": "Luoghi di Culto", "subcategory": "Chiesa"}, "geometry": {"type": "Point", "coordinates": [11.10441, 43.87072]}}, {"type": "Feature", "properties": {"wikidata": "Q3668937", "name": "chiesa della Madonna del Cerro", "status": "done", "osm_id": "way/1179764574", "group": "Religione", "subgroup": "Luoghi di Culto", "subcategory": "Chiesa"}, "geometry": {"type": "Point", "coordinates": [11.65115, 42.71356]}}, {"type": "Feature", "properties": {"wikidata": "Q3668995", "name": "chiesa della Madonna della Misericordia", "status": "done", "osm_id": "way/296761488", "group": "Religione", "subgroup": "Luoghi di Culto", "subcategory": "Chiesa"}, "geometry": {"type": "Point", "coordinates": [11.46053, 42.99452]}}, {"type": "Feature", "properties": {"wikidata": "Q3669049", "name": "chiesa della Madonna delle Vigne", "status": "done", "osm_id": "way/717009012", "group": "Religione", "subgroup": "Luoghi di Culto", "subcategory": "Chiesa"}, "geometry": {"type": "Point", "coordinates": [11.24272222, 42.44672222]}}, {"type": "Feature", "properties": {"wikidata": "Q3669062", "name": "chiesa della Madonna di Pie' di Piazza", "status": "done", "osm_id": "way/174330425", "group": "Religione", "subgroup": "Luoghi di Culto", "subcategory": "Chiesa"}, "geometry": {"type": "Point", "coordinates": [10.688296, 43.901979]}}, {"type": "Feature", "properties": {"wikidata": "Q3657416", "name": "chiesa del Sacro Cuore di Maria", "status": "done", "osm_id": "way/119556629", "group": "Religione", "subgroup": "Luoghi di Culto", "subcategory": "Chiesa"}, "geometry": {"type": "Point", "coordinates": [10.39661, 42.7656]}}, {"type": "Feature", "properties": {"wikidata": "Q3669156", "name": "chiesa della Santissima Annunziata", "status": "done", "osm_id": "way/1223433802", "group": "Religione", "subgroup": "Luoghi di Culto", "subcategory": "Chiesa"}, "geometry": {"type": "Point", "coordinates": [10.66766, 43.58351]}}, {"type": "Feature", "properties": {"wikidata": "Q3669040", "name": "chiesa della Madonna delle Grazie", "status": "done", "osm_id": "way/319618221", "group": "Religione", "subgroup": "Luoghi di Culto", "subcategory": "Chiesa"}, "geometry": {"type": "Point", "coordinates": [11.13652778, 42.56377778]}}, {"type": "Feature", "properties": {"wikidata": "Q3657401", "name": "cappella dei Vicari", "status": "missing", "osm_id": null, "group": "Religione", "subgroup": "Luoghi di Culto", "subcategory": "Chiesa"}, "geometry": {"type": "Point", "coordinates": [10.592018, 43.566196]}}, {"type": "Feature", "properties": {"wikidata": "Q3669078", "name": "chiesa della Misericordia", "status": "done", "osm_id": "way/185611809", "group": "Religione", "subgroup": "Luoghi di Culto", "subcategory": "Chiesa"}, "geometry": {"type": "Point", "coordinates": [11.11530833, 42.76072222]}}, {"type": "Feature", "properties": {"wikidata": "Q3669013", "name": "chiesa della Madonna della Salute e di San Nicolao", "status": "done", "osm_id": "way/144883933", "group": "Religione", "subgroup": "Luoghi di Culto", "subcategory": "Chiesa"}, "geometry": {"type": "Point", "coordinates": [10.73097222, 43.88833333]}}, {"type": "Feature", "properties": {"wikidata": "Q3668990", "name": "chiesa della Madonna della Misericordia", "status": "done", "osm_id": "way/135541722", "group": "Religione", "subgroup": "Luoghi di Culto", "subcategory": "Chiesa"}, "geometry": {"type": "Point", "coordinates": [10.13812, 44.03478]}}, {"type": "Feature", "properties": {"wikidata": "Q3657432", "name": "cappella dell'Assunta", "status": "missing", "osm_id": null, "group": "Religione", "subgroup": "Luoghi di Culto", "subcategory": "Cappella"}, "geometry": {"type": "Point", "coordinates": [11.0984, 43.8819]}}, {"type": "Feature", "properties": {"wikidata": "Q3669060", "name": "chiesa della Madonna di Piazza", "status": "done", "osm_id": "way/303171190", "group": "Religione", "subgroup": "Luoghi di Culto", "subcategory": "Chiesa"}, "geometry": {"type": "Point", "coordinates": [10.75567, 44.10028]}}, {"type": "Feature", "properties": {"wikidata": "Q3669131", "name": "chiesa della Sacra Famiglia", "status": "done", "osm_id": "way/196374489", "group": "Religione", "subgroup": "Luoghi di Culto", "subcategory": "Chiesa"}, "geometry": {"type": "Point", "coordinates": [11.27839, 43.76954]}}, {"type": "Feature", "properties": {"wikidata": "Q3657387", "name": "cappella Velluti", "status": "missing", "osm_id": null, "group": "Religione", "subgroup": "Luoghi di Culto", "subcategory": "Cappella"}, "geometry": {"type": "Point", "coordinates": [11.2633, 43.7681]}}, {"type": "Feature", "properties": {"wikidata": "Q3669168", "name": "chiesa della Santissima Annunziata", "status": "done", "osm_id": "way/789714088", "group": "Religione", "subgroup": "Luoghi di Culto", "subcategory": "Chiesa"}, "geometry": {"type": "Point", "coordinates": [11.746786111, 43.27465]}}, {"type": "Feature", "properties": {"wikidata": "Q3668976", "name": "chiesa della Madonna dell'Olivo", "status": "missing", "osm_id": null, "group": "Religione", "subgroup": "Luoghi di Culto", "subcategory": "Chiesa"}, "geometry": {"type": "Point", "coordinates": [11.768899, 43.171877]}}, {"type": "Feature", "properties": {"wikidata": "Q3669099", "name": "chiesa della Nativit\u00e0 di Maria", "status": "done", "osm_id": "way/313729276", "group": "Religione", "subgroup": "Luoghi di Culto", "subcategory": "Chiesa"}, "geometry": {"type": "Point", "coordinates": [10.60994, 43.85439]}}, {"type": "Feature", "properties": {"wikidata": "Q3669081", "name": "chiesa della Misericordia", "status": "missing", "osm_id": null, "group": "Religione", "subgroup": "Luoghi di Culto", "subcategory": "Chiesa"}, "geometry": {"type": "Point", "coordinates": [10.22990704, 43.95859909]}}, {"type": "Feature", "properties": {"wikidata": "Q3657396", "name": "cappella dei Santi Apostoli Giacomo e Filippo", "status": "done", "osm_id": "way/237149941", "group": "Religione", "subgroup": "Luoghi di Culto", "subcategory": "Chiesa"}, "geometry": {"type": "Point", "coordinates": [11.66805556, 42.63055556]}}, {"type": "Feature", "properties": {"wikidata": "Q3669127", "name": "chiesa della Resurrezione di Nostro Signore Ges\u00f9 Cristo", "status": "done", "osm_id": "way/268393680", "group": "Religione", "subgroup": "Luoghi di Culto", "subcategory": "Chiesa"}, "geometry": {"type": "Point", "coordinates": [11.30661, 43.76132]}}, {"type": "Feature", "properties": {"wikidata": "Q3657410", "name": "cappella del Miracolo del Sacramento", "status": "missing", "osm_id": null, "group": "Religione", "subgroup": "Luoghi di Culto", "subcategory": "Cappella"}, "geometry": {"type": "Point", "coordinates": [11.266864, 43.771556]}}, {"type": "Feature", "properties": {"wikidata": "Q3669082", "name": "chiesa della Misericordia", "status": "done", "osm_id": "way/163965164", "group": "Religione", "subgroup": "Luoghi di Culto", "subcategory": "Chiesa"}, "geometry": {"type": "Point", "coordinates": [10.52376, 42.92318]}}, {"type": "Feature", "properties": {"wikidata": "Q3669059", "name": "chiesa della Madonna di Montauto", "status": "missing", "osm_id": null, "group": "Religione", "subgroup": "Luoghi di Culto", "subcategory": "Chiesa"}, "geometry": {"type": "Point", "coordinates": [11.66097, 43.25048]}}, {"type": "Feature", "properties": {"wikidata": "Q3669177", "name": "chiesa della Santissima Annunziata", "status": "done", "osm_id": "way/174434994", "group": "Religione", "subgroup": "Luoghi di Culto", "subcategory": "Chiesa"}, "geometry": {"type": "Point", "coordinates": [10.688088, 43.903725]}}, {"type": "Feature", "properties": {"wikidata": "Q3669075", "name": "chiesa della Misericordia", "status": "done", "osm_id": "way/1460019044", "group": "Religione", "subgroup": "Luoghi di Culto", "subcategory": "Chiesa"}, "geometry": {"type": "Point", "coordinates": [10.97843, 43.14619]}}, {"type": "Feature", "properties": {"wikidata": "Q3669042", "name": "chiesa della Madonna delle Grazie", "status": "missing", "osm_id": null, "group": "Religione", "subgroup": "Luoghi di Culto", "subcategory": "Chiesa"}, "geometry": {"type": "Point", "coordinates": [10.88273, 43.24696]}}, {"type": "Feature", "properties": {"wikidata": "Q3669084", "name": "chiesa della Misericordia", "status": "done", "osm_id": "way/700885408", "group": "Religione", "subgroup": "Luoghi di Culto", "subcategory": "Chiesa"}, "geometry": {"type": "Point", "coordinates": [11.09567222, 43.88271944]}}, {"type": "Feature", "properties": {"wikidata": "Q3668967", "name": "chiesa della Madonna del Soccorso", "status": "done", "osm_id": "way/714332803", "group": "Religione", "subgroup": "Luoghi di Culto", "subcategory": "Chiesa"}, "geometry": {"type": "Point", "coordinates": [11.70453, 43.22931]}}, {"type": "Feature", "properties": {"wikidata": "Q3669031", "name": "chiesa della Madonna delle Grazie", "status": "done", "osm_id": "way/931820714", "group": "Religione", "subgroup": "Luoghi di Culto", "subcategory": "Chiesa"}, "geometry": {"type": "Point", "coordinates": [11.41025, 42.91244444]}}, {"type": "Feature", "properties": {"wikidata": "Q3669174", "name": "chiesa della Santissima Annunziata", "status": "missing", "osm_id": null, "group": "Religione", "subgroup": "Luoghi di Culto", "subcategory": "Chiesa"}, "geometry": {"type": "Point", "coordinates": [11.08562222, 42.88236667]}}, {"type": "Feature", "properties": {"wikidata": "Q3669157", "name": "chiesa della Santissima Annunziata", "status": "done", "osm_id": "way/978158289", "group": "Religione", "subgroup": "Luoghi di Culto", "subcategory": "Chiesa"}, "geometry": {"type": "Point", "coordinates": [11.01652, 43.73619]}}, {"type": "Feature", "properties": {"wikidata": "Q3669080", "name": "chiesa della Misericordia", "status": "done", "osm_id": "way/424941317", "group": "Religione", "subgroup": "Luoghi di Culto", "subcategory": "Chiesa"}, "geometry": {"type": "Point", "coordinates": [11.67929, 43.07723]}}, {"type": "Feature", "properties": {"wikidata": "Q3669030", "name": "chiesa della Madonna delle Grazie", "status": "missing", "osm_id": null, "group": "Religione", "subgroup": "Luoghi di Culto", "subcategory": "Chiesa"}, "geometry": {"type": "Point", "coordinates": [11.69495, 42.84743]}}, {"type": "Feature", "properties": {"wikidata": "Q3668965", "name": "chiesa della Madonna del Soccorso", "status": "missing", "osm_id": null, "group": "Religione", "subgroup": "Luoghi di Culto", "subcategory": "Chiesa"}, "geometry": {"type": "Point", "coordinates": [11.50682, 42.78576]}}, {"type": "Feature", "properties": {"wikidata": "Q3669000", "name": "chiesa della Madonna della Neve", "status": "missing", "osm_id": null, "group": "Religione", "subgroup": "Luoghi di Culto", "subcategory": "Chiesa"}, "geometry": {"type": "Point", "coordinates": [11.23492, 43.53578]}}, {"type": "Feature", "properties": {"wikidata": "Q3668969", "name": "chiesa di Santa Maria delle Nevi", "status": "done", "osm_id": "way/714325254", "group": "Religione", "subgroup": "Luoghi di Culto", "subcategory": "Chiesa"}, "geometry": {"type": "Point", "coordinates": [11.668381, 43.187675]}}, {"type": "Feature", "properties": {"wikidata": "Q3669151", "name": "chiesa della Santissima Annunziata", "status": "done", "osm_id": "way/1178152210", "group": "Religione", "subgroup": "Luoghi di Culto", "subcategory": "Chiesa"}, "geometry": {"type": "Point", "coordinates": [10.48352, 44.07275]}}, {"type": "Feature", "properties": {"wikidata": "Q3669011", "name": "chiesa della Madonna della Rosa", "status": "done", "osm_id": "way/428995959", "group": "Religione", "subgroup": "Luoghi di Culto", "subcategory": "Chiesa"}, "geometry": {"type": "Point", "coordinates": [11.833063888, 43.056677777]}}, {"type": "Feature", "properties": {"wikidata": "Q3668991", "name": "chiesa della Madonna della Misericordia", "status": "done", "osm_id": "way/713884632", "group": "Religione", "subgroup": "Luoghi di Culto", "subcategory": "Chiesa"}, "geometry": {"type": "Point", "coordinates": [11.512878, 42.888364]}}, {"type": "Feature", "properties": {"wikidata": "Q3669171", "name": "chiesa della Santissima Annunziata", "status": "done", "osm_id": "way/724827255", "group": "Religione", "subgroup": "Luoghi di Culto", "subcategory": "Chiesa"}, "geometry": {"type": "Point", "coordinates": [11.29175, 42.59654444]}}, {"type": "Feature", "properties": {"wikidata": "Q3657384", "name": "mausoleo Tonietti", "status": "done", "osm_id": "way/1329107069", "group": "Altro", "subgroup": "Altro", "subcategory": "Altro"}, "geometry": {"type": "Point", "coordinates": [10.412764997, 42.86519638]}}, {"type": "Feature", "properties": {"wikidata": "Q3669085", "name": "chiesa della Misericordia", "status": "missing", "osm_id": null, "group": "Religione", "subgroup": "Luoghi di Culto", "subcategory": "Chiesa"}, "geometry": {"type": "Point", "coordinates": [11.60263, 43.28741]}}, {"type": "Feature", "properties": {"wikidata": "Q3669012", "name": "chiesa della Madonna della Rosa", "status": "missing", "osm_id": null, "group": "Religione", "subgroup": "Luoghi di Culto", "subcategory": "Chiesa"}, "geometry": {"type": "Point", "coordinates": [11.69278, 43.13832]}}, {"type": "Feature", "properties": {"wikidata": "Q3669143", "name": "chiesa della Santa Croce", "status": "done", "osm_id": "way/724828851", "group": "Religione", "subgroup": "Luoghi di Culto", "subcategory": "Chiesa"}, "geometry": {"type": "Point", "coordinates": [11.36908, 42.698271]}}, {"type": "Feature", "properties": {"wikidata": "Q3669054", "name": "chiesa della Madonna di Fucinaia", "status": "done", "osm_id": "way/437584792", "group": "Religione", "subgroup": "Luoghi di Culto", "subcategory": "Chiesa"}, "geometry": {"type": "Point", "coordinates": [10.612451, 43.069713]}}, {"type": "Feature", "properties": {"wikidata": "Q3669047", "name": "chiesa della Madonna delle Nevi", "status": "done", "osm_id": "way/714328267", "group": "Religione", "subgroup": "Luoghi di Culto", "subcategory": "Chiesa"}, "geometry": {"type": "Point", "coordinates": [11.736913, 43.211976]}}, {"type": "Feature", "properties": {"wikidata": "Q3669045", "name": "chiesa della Madonna delle Lacrime", "status": "missing", "osm_id": null, "group": "Religione", "subgroup": "Luoghi di Culto", "subcategory": "Chiesa"}, "geometry": {"type": "Point", "coordinates": [10.09899, 44.08055]}}, {"type": "Feature", "properties": {"wikidata": "Q3669072", "name": "chiesa della Medaglia Miracolosa", "status": "done", "osm_id": "way/485435131", "group": "Religione", "subgroup": "Luoghi di Culto", "subcategory": "Chiesa"}, "geometry": {"type": "Point", "coordinates": [11.11135, 42.76467]}}, {"type": "Feature", "properties": {"wikidata": "Q3669079", "name": "chiesa della Misericordia", "status": "done", "osm_id": "way/720351750", "group": "Religione", "subgroup": "Luoghi di Culto", "subcategory": "Chiesa"}, "geometry": {"type": "Point", "coordinates": [11.725486111, 43.331208333]}}, {"type": "Feature", "properties": {"wikidata": "Q3668981", "name": "chiesa della Madonna della Consolazione", "status": "done", "osm_id": "way/720076428", "group": "Religione", "subgroup": "Luoghi di Culto", "subcategory": "Chiesa"}, "geometry": {"type": "Point", "coordinates": [11.92568, 43.33838]}}, {"type": "Feature", "properties": {"wikidata": "Q3669071", "name": "chiesa della Maria Santissima del Rosario", "status": "missing", "osm_id": null, "group": "Religione", "subgroup": "Luoghi di Culto", "subcategory": "Chiesa"}, "geometry": {"type": "Point", "coordinates": [11.3265, 43.3267]}}, {"type": "Feature", "properties": {"wikidata": "Q3669004", "name": "chiesa della Madonna della Piaggia", "status": "missing", "osm_id": null, "group": "Religione", "subgroup": "Luoghi di Culto", "subcategory": "Chiesa"}, "geometry": {"type": "Point", "coordinates": [11.61631, 43.25198]}}, {"type": "Feature", "properties": {"wikidata": "Q3668972", "name": "chiesa della Madonna del Tribbio", "status": "done", "osm_id": "way/160108394", "group": "Religione", "subgroup": "Luoghi di Culto", "subcategory": "Chiesa"}, "geometry": {"type": "Point", "coordinates": [11.5858, 43.160185]}}, {"type": "Feature", "properties": {"wikidata": "Q3669064", "name": "chiesa della Madonna di sopra la Porta", "status": "done", "osm_id": "way/192117421", "group": "Religione", "subgroup": "Luoghi di Culto", "subcategory": "Chiesa"}, "geometry": {"type": "Point", "coordinates": [10.678613, 43.078833]}}, {"type": "Feature", "properties": {"wikidata": "Q3669038", "name": "chiesa della Madonna delle Grazie", "status": "done", "osm_id": "way/724828622", "group": "Religione", "subgroup": "Luoghi di Culto", "subcategory": "Chiesa"}, "geometry": {"type": "Point", "coordinates": [11.332972222, 42.689583333]}}, {"type": "Feature", "properties": {"wikidata": "Q3657380", "name": "cappella Strozzi di Mantova", "status": "missing", "osm_id": null, "group": "Religione", "subgroup": "Luoghi di Culto", "subcategory": "Cappella"}, "geometry": {"type": "Point", "coordinates": [11.24920278, 43.77501667]}}, {"type": "Feature", "properties": {"wikidata": "Q3668966", "name": "chiesa della Madonna del Soccorso", "status": "done", "osm_id": "way/100607506", "group": "Religione", "subgroup": "Luoghi di Culto", "subcategory": "Chiesa"}, "geometry": {"type": "Point", "coordinates": [11.486758, 43.060709]}}, {"type": "Feature", "properties": {"wikidata": "Q3669048", "name": "chiesa della Madonna delle Querce", "status": "done", "osm_id": "way/99187692", "group": "Religione", "subgroup": "Luoghi di Culto", "subcategory": "Chiesa"}, "geometry": {"type": "Point", "coordinates": [11.605505, 42.969483]}}, {"type": "Feature", "properties": {"wikidata": "Q3669046", "name": "chiesa della Madonna delle Nevi", "status": "missing", "osm_id": null, "group": "Religione", "subgroup": "Luoghi di Culto", "subcategory": "Chiesa"}, "geometry": {"type": "Point", "coordinates": [11.771561111, 43.165844444]}}, {"type": "Feature", "properties": {"wikidata": "Q3668936", "name": "chiesa della Madonna del Castagno", "status": "done", "osm_id": "way/728257346", "group": "Religione", "subgroup": "Luoghi di Culto", "subcategory": "Chiesa"}, "geometry": {"type": "Point", "coordinates": [11.668815, 42.882167]}}, {"type": "Feature", "properties": {"wikidata": "Q3669851", "name": "chiesa di San Desiderio", "status": "missing", "osm_id": null, "group": "Religione", "subgroup": "Luoghi di Culto", "subcategory": "Oratorio"}, "geometry": {"type": "Point", "coordinates": [10.921421, 43.931007]}}, {"type": "Feature", "properties": {"wikidata": "Q3669946", "name": "chiesa di San Fabiano", "status": "done", "osm_id": "way/392063791", "group": "Religione", "subgroup": "Luoghi di Culto", "subcategory": "Chiesa"}, "geometry": {"type": "Point", "coordinates": [11.09398611, 43.88409722]}}, {"type": "Feature", "properties": {"wikidata": "Q3669891", "name": "chiesa di San Domenico", "status": "done", "osm_id": "way/180242614", "group": "Religione", "subgroup": "Luoghi di Culto", "subcategory": "Chiesa"}, "geometry": {"type": "Point", "coordinates": [11.09408889, 43.88147222]}}, {"type": "Feature", "properties": {"wikidata": "Q3669962", "name": "chiesa di San Ferdinando", "status": "done", "osm_id": "way/87422360", "group": "Religione", "subgroup": "Luoghi di Culto", "subcategory": "Chiesa"}, "geometry": {"type": "Point", "coordinates": [10.30506, 43.55421]}}, {"type": "Feature", "properties": {"wikidata": "Q3669935", "name": "chiesa di San Donato", "status": "missing", "osm_id": null, "group": "Religione", "subgroup": "Luoghi di Culto", "subcategory": "Chiesa"}, "geometry": {"type": "Point", "coordinates": [10.81092, 43.21824]}}, {"type": "Feature", "properties": {"wikidata": "Q3669993", "name": "chiesa di San Filippo Neri", "status": "done", "osm_id": "way/729219678", "group": "Religione", "subgroup": "Luoghi di Culto", "subcategory": "Chiesa"}, "geometry": {"type": "Point", "coordinates": [11.69297, 42.84962]}}, {"type": "Feature", "properties": {"wikidata": "Q3669988", "name": "chiesa di San Filippo Neri", "status": "done", "osm_id": "way/712588537", "group": "Religione", "subgroup": "Luoghi di Culto", "subcategory": "Chiesa"}, "geometry": {"type": "Point", "coordinates": [11.984366666, 43.275172222]}}, {"type": "Feature", "properties": {"wikidata": "Q3669808", "name": "chiesa di San Cristofano", "status": "done", "osm_id": "way/307536232", "group": "Religione", "subgroup": "Luoghi di Culto", "subcategory": "Ex chiesa"}, "geometry": {"type": "Point", "coordinates": [11.2112, 43.79669]}}, {"type": "Feature", "properties": {"wikidata": "Q3669936", "name": "chiesa di San Donato a Vallerano", "status": "done", "osm_id": "way/715013489", "group": "Religione", "subgroup": "Luoghi di Culto", "subcategory": "Chiesa"}, "geometry": {"type": "Point", "coordinates": [11.324862, 43.13278]}}, {"type": "Feature", "properties": {"wikidata": "Q3669924", "name": "chiesa di San Donato", "status": "done", "osm_id": "way/253389573", "group": "Religione", "subgroup": "Luoghi di Culto", "subcategory": "Chiesa"}, "geometry": {"type": "Point", "coordinates": [10.85048, 42.90991]}}, {"type": "Feature", "properties": {"wikidata": "Q3669913", "name": "chiesa di San Donato", "status": "done", "osm_id": "way/116505107", "group": "Religione", "subgroup": "Luoghi di Culto", "subcategory": "Chiesa"}, "geometry": {"type": "Point", "coordinates": [11.31387778, 43.60493333]}}, {"type": "Feature", "properties": {"wikidata": "Q3669948", "name": "chiesa di San Fabiano a Montefolchi", "status": "done", "osm_id": "way/181312229", "group": "Religione", "subgroup": "Luoghi di Culto", "subcategory": "Chiesa"}, "geometry": {"type": "Point", "coordinates": [11.25142778, 43.62048889]}}, {"type": "Feature", "properties": {"wikidata": "Q3669828", "name": "chiesa di San Cristoforo a Vagliagli", "status": "done", "osm_id": "way/197265901", "group": "Religione", "subgroup": "Luoghi di Culto", "subcategory": "Chiesa"}, "geometry": {"type": "Point", "coordinates": [11.348455, 43.421885]}}, {"type": "Feature", "properties": {"wikidata": "Q3670010", "name": "chiesa di San Fortunato", "status": "done", "osm_id": "way/715012479", "group": "Religione", "subgroup": "Luoghi di Culto", "subcategory": "Chiesa"}, "geometry": {"type": "Point", "coordinates": [11.38827, 43.16076]}}, {"type": "Feature", "properties": {"wikidata": "Q3673384", "name": "chiesa di Santa Maria Ausiliatrice", "status": "done", "osm_id": "way/204918393", "group": "Religione", "subgroup": "Luoghi di Culto", "subcategory": "Chiesa"}, "geometry": {"type": "Point", "coordinates": [10.27428, 43.67393]}}, {"type": "Feature", "properties": {"wikidata": "Q3669786", "name": "chiesa di San Clemente a Pigli", "status": "done", "osm_id": "way/722278052", "group": "Religione", "subgroup": "Luoghi di Culto", "subcategory": "Chiesa"}, "geometry": {"type": "Point", "coordinates": [11.856311111, 43.403]}}, {"type": "Feature", "properties": {"wikidata": "Q3669919", "name": "chiesa di San Donato", "status": "done", "osm_id": "way/187203422", "group": "Religione", "subgroup": "Luoghi di Culto", "subcategory": "Chiesa"}, "geometry": {"type": "Point", "coordinates": [10.48395, 43.83714]}}, {"type": "Feature", "properties": {"wikidata": "Q3669789", "name": "chiesa di San Clemente a Sociana", "status": "done", "osm_id": "way/694829500", "group": "Religione", "subgroup": "Luoghi di Culto", "subcategory": "Chiesa"}, "geometry": {"type": "Point", "coordinates": [11.45682, 43.71924]}}, {"type": "Feature", "properties": {"wikidata": "Q3669816", "name": "chiesa di San Cristoforo", "status": "done", "osm_id": "way/350399809", "group": "Altro", "subgroup": "Altro", "subcategory": "Altro"}, "geometry": {"type": "Point", "coordinates": [11.989671, 43.276377]}}, {"type": "Feature", "properties": {"wikidata": "Q3669846", "name": "chiesa di San Defendente", "status": "done", "osm_id": "way/160317903", "group": "Religione", "subgroup": "Luoghi di Culto", "subcategory": "Chiesa"}, "geometry": {"type": "Point", "coordinates": [10.18363, 42.78834]}}, {"type": "Feature", "properties": {"wikidata": "Q3669976", "name": "chiesa di San Filippo", "status": "done", "osm_id": "way/149757774", "group": "Religione", "subgroup": "Luoghi di Culto", "subcategory": "Chiesa"}, "geometry": {"type": "Point", "coordinates": [10.525513888, 43.840172222]}}, {"type": "Feature", "properties": {"wikidata": "Q3673386", "name": "chiesa di Santa Maria Bambina", "status": "done", "osm_id": "way/720997946", "group": "Religione", "subgroup": "Luoghi di Culto", "subcategory": "Chiesa"}, "geometry": {"type": "Point", "coordinates": [11.58613, 43.55127]}}, {"type": "Feature", "properties": {"wikidata": "Q3669825", "name": "chiesa di San Cristoforo", "status": "done", "osm_id": "way/45444510", "group": "Religione", "subgroup": "Luoghi di Culto", "subcategory": "Chiesa"}, "geometry": {"type": "Point", "coordinates": [11.3316, 43.3201]}}, {"type": "Feature", "properties": {"wikidata": "Q3669947", "name": "chiesa di San Fabiano", "status": "done", "osm_id": "way/722697651", "group": "Religione", "subgroup": "Luoghi di Culto", "subcategory": "Chiesa"}, "geometry": {"type": "Point", "coordinates": [11.424574, 43.237514]}}, {"type": "Feature", "properties": {"wikidata": "Q3673382", "name": "chiesa di Santa Maria Assunta", "status": "done", "osm_id": "way/276481001", "group": "Religione", "subgroup": "Luoghi di Culto", "subcategory": "Chiesa"}, "geometry": {"type": "Point", "coordinates": [10.94393, 43.94387]}}, {"type": "Feature", "properties": {"wikidata": "Q3669925", "name": "chiesa di San Donato", "status": "done", "osm_id": "way/53271879", "group": "Religione", "subgroup": "Luoghi di Culto", "subcategory": "Chiesa"}, "geometry": {"type": "Point", "coordinates": [11.33149, 43.32189]}}, {"type": "Feature", "properties": {"wikidata": "Q3669797", "name": "chiesa di San Colombano", "status": "done", "osm_id": "way/100015976", "group": "Religione", "subgroup": "Luoghi di Culto", "subcategory": "Chiesa"}, "geometry": {"type": "Point", "coordinates": [11.19746667, 43.62145278]}}, {"type": "Feature", "properties": {"wikidata": "Q3669781", "name": "chiesa di San Clemente", "status": "missing", "osm_id": null, "group": "Religione", "subgroup": "Luoghi di Culto", "subcategory": "Chiesa"}, "geometry": {"type": "Point", "coordinates": [11.513201, 42.88763]}}, {"type": "Feature", "properties": {"wikidata": "Q3669835", "name": "chiesa di San Dalmazio", "status": "missing", "osm_id": null, "group": "Religione", "subgroup": "Luoghi di Culto", "subcategory": "Chiesa"}, "geometry": {"type": "Point", "coordinates": [10.92712, 43.26191]}}, {"type": "Feature", "properties": {"wikidata": "Q3669800", "name": "chiesa di San Colombano", "status": "done", "osm_id": "way/100139381", "group": "Religione", "subgroup": "Luoghi di Culto", "subcategory": "Chiesa"}, "geometry": {"type": "Point", "coordinates": [11.13612, 43.77711]}}, {"type": "Feature", "properties": {"wikidata": "Q3669868", "name": "chiesa di San Domenico", "status": "done", "osm_id": "way/123382696", "group": "Religione", "subgroup": "Luoghi di Culto", "subcategory": "Chiesa"}, "geometry": {"type": "Point", "coordinates": [11.98913, 43.27417]}}, {"type": "Feature", "properties": {"wikidata": "Q3669897", "name": "chiesa di San Domenico", "status": "done", "osm_id": "way/800732477", "group": "Religione", "subgroup": "Luoghi di Culto", "subcategory": "Chiesa"}, "geometry": {"type": "Point", "coordinates": [10.849125, 43.67964444]}}, {"type": "Feature", "properties": {"wikidata": "Q3669881", "name": "chiesa di San Domenico", "status": "done", "osm_id": "way/628376399", "group": "Religione", "subgroup": "Luoghi di Culto", "subcategory": "Chiesa"}, "geometry": {"type": "Point", "coordinates": [11.41014, 42.73267]}}, {"type": "Feature", "properties": {"wikidata": "Q3670028", "name": "chiesa di San Francesco", "status": "done", "osm_id": "way/370012589", "group": "Religione", "subgroup": "Luoghi di Culto", "subcategory": "Chiesa"}, "geometry": {"type": "Point", "coordinates": [10.540930555, 43.978755555]}}, {"type": "Feature", "properties": {"wikidata": "Q3669934", "name": "chiesa di San Donato a Mugnana", "status": "done", "osm_id": "way/110201196", "group": "Religione", "subgroup": "Luoghi di Culto", "subcategory": "Chiesa"}, "geometry": {"type": "Point", "coordinates": [11.323225, 43.64347222]}}, {"type": "Feature", "properties": {"wikidata": "Q3669979", "name": "chiesa di San Filippo", "status": "done", "osm_id": "way/60573657", "group": "Religione", "subgroup": "Luoghi di Culto", "subcategory": "Chiesa"}, "geometry": {"type": "Point", "coordinates": [11.16836111, 43.5267]}}, {"type": "Feature", "properties": {"wikidata": "Q3669815", "name": "chiesa di San Cristoforo", "status": "done", "osm_id": "way/388320089", "group": "Religione", "subgroup": "Luoghi di Culto", "subcategory": "Chiesa"}, "geometry": {"type": "Point", "coordinates": [11.493055, 43.9601]}}, {"type": "Feature", "properties": {"wikidata": "Q3669829", "name": "chiesa di San Cristoforo a Monna", "status": "done", "osm_id": "way/1210828443", "group": "Religione", "subgroup": "Luoghi di Culto", "subcategory": "Chiesa"}, "geometry": {"type": "Point", "coordinates": [11.99735, 43.61605]}}, {"type": "Feature", "properties": {"wikidata": "Q3670014", "name": "chiesa di San Fortunato", "status": "done", "osm_id": "way/715013006", "group": "Religione", "subgroup": "Luoghi di Culto", "subcategory": "Chiesa"}, "geometry": {"type": "Point", "coordinates": [11.39172, 43.17069]}}, {"type": "Feature", "properties": {"wikidata": "Q3669983", "name": "chiesa di San Filippo Benizi", "status": "done", "osm_id": "node/3068187478", "group": "Religione", "subgroup": "Luoghi di Culto", "subcategory": "Chiesa"}, "geometry": {"type": "Point", "coordinates": [11.70163, 42.92914]}}, {"type": "Feature", "properties": {"wikidata": "Q3669765", "name": "chiesa di San Cerbone", "status": "missing", "osm_id": null, "group": "Religione", "subgroup": "Luoghi di Culto", "subcategory": "Chiesa"}, "geometry": {"type": "Point", "coordinates": [10.88277, 43.24704]}}, {"type": "Feature", "properties": {"wikidata": "Q3669813", "name": "chiesa di San Cristoforo", "status": "done", "osm_id": "way/784565527", "group": "Religione", "subgroup": "Luoghi di Culto", "subcategory": "Chiesa"}, "geometry": {"type": "Point", "coordinates": [10.56345, 43.87316]}}, {"type": "Feature", "properties": {"wikidata": "Q3669938", "name": "chiesa di San Donato in Ganghereta", "status": "missing", "osm_id": null, "group": "Religione", "subgroup": "Luoghi di Culto", "subcategory": "Chiesa"}, "geometry": {"type": "Point", "coordinates": [11.58698, 43.55138]}}, {"type": "Feature", "properties": {"wikidata": "Q3670024", "name": "chiesa di San Francesco", "status": "missing", "osm_id": null, "group": "Religione", "subgroup": "Luoghi di Culto", "subcategory": "Chiesa"}, "geometry": {"type": "Point", "coordinates": [10.48136111, 44.07038889]}}, {"type": "Feature", "properties": {"wikidata": "Q3669807", "name": "chiesa di San Cresci a Macioli", "status": "done", "osm_id": "way/182673322", "group": "Religione", "subgroup": "Luoghi di Culto", "subcategory": "Chiesa"}, "geometry": {"type": "Point", "coordinates": [11.304277777, 43.866711111]}}, {"type": "Feature", "properties": {"wikidata": "Q3669930", "name": "chiesa di San Donato a Cortecchio", "status": "missing", "osm_id": null, "group": "Religione", "subgroup": "Luoghi di Culto", "subcategory": "Chiesa"}, "geometry": {"type": "Point", "coordinates": [11.29444444, 43.04222222]}}, {"type": "Feature", "properties": {"wikidata": "Q3669918", "name": "chiesa di San Donato", "status": "done", "osm_id": "way/107810138", "group": "Religione", "subgroup": "Luoghi di Culto", "subcategory": "Chiesa"}, "geometry": {"type": "Point", "coordinates": [11.11348611, 43.59300278]}}, {"type": "Feature", "properties": {"wikidata": "Q3670003", "name": "chiesa di San Fiorenzo", "status": "missing", "osm_id": null, "group": "Religione", "subgroup": "Luoghi di Culto", "subcategory": "Chiesa"}, "geometry": {"type": "Point", "coordinates": [11.25781111, 43.76943056]}}, {"type": "Feature", "properties": {"wikidata": "Q3670019", "name": "chiesa di San Francesco", "status": "done", "osm_id": "way/714350482", "group": "Religione", "subgroup": "Luoghi di Culto", "subcategory": "Chiesa"}, "geometry": {"type": "Point", "coordinates": [11.56139, 43.23228]}}, {"type": "Feature", "properties": {"wikidata": "Q3669832", "name": "chiesa di San Cristoforo degli Adimari", "status": "missing", "osm_id": null, "group": "Religione", "subgroup": "Luoghi di Culto", "subcategory": "Ex chiesa"}, "geometry": {"type": "Point", "coordinates": [11.2553, 43.7725]}}, {"type": "Feature", "properties": {"wikidata": "Q3669838", "name": "chiesa di San Dalmazio", "status": "missing", "osm_id": null, "group": "Religione", "subgroup": "Luoghi di Culto", "subcategory": "Chiesa"}, "geometry": {"type": "Point", "coordinates": [10.855658, 43.404017]}}, {"type": "Feature", "properties": {"wikidata": "Q3669958", "name": "chiesa di San Felice", "status": "missing", "osm_id": null, "group": "Religione", "subgroup": "Luoghi di Culto", "subcategory": "Chiesa"}, "geometry": {"type": "Point", "coordinates": [10.8893, 43.97719]}}, {"type": "Feature", "properties": {"wikidata": "Q3669804", "name": "chiesa di San Cresci", "status": "done", "osm_id": "way/248648030", "group": "Religione", "subgroup": "Luoghi di Culto", "subcategory": "Chiesa"}, "geometry": {"type": "Point", "coordinates": [11.13442, 43.80773]}}, {"type": "Feature", "properties": {"wikidata": "Q3669834", "name": "chiesa di San Cristoforo in Perticaia", "status": "done", "osm_id": "way/533043625", "group": "Religione", "subgroup": "Luoghi di Culto", "subcategory": "Chiesa"}, "geometry": {"type": "Point", "coordinates": [11.42136, 43.71596]}}, {"type": "Feature", "properties": {"wikidata": "Q3669984", "name": "chiesa di San Filippo Neri", "status": "done", "osm_id": "way/618072719", "group": "Religione", "subgroup": "Luoghi di Culto", "subcategory": "Chiesa"}, "geometry": {"type": "Point", "coordinates": [11.55367, 43.62086]}}, {"type": "Feature", "properties": {"wikidata": "Q3673373", "name": "chiesa di Santa Maria Assunta e San Lorenzo", "status": "done", "osm_id": "way/133673564", "group": "Religione", "subgroup": "Luoghi di Culto", "subcategory": "Chiesa"}, "geometry": {"type": "Point", "coordinates": [10.46452, 43.55157]}}, {"type": "Feature", "properties": {"wikidata": "Q3669945", "name": "chiesa di San Donnino", "status": "done", "osm_id": "way/117457254", "group": "Religione", "subgroup": "Luoghi di Culto", "subcategory": "Chiesa"}, "geometry": {"type": "Point", "coordinates": [11.14846, 43.79199]}}, {"type": "Feature", "properties": {"wikidata": "Q3673374", "name": "chiesa di Santa Maria Assunta e di Sant'Iacopo", "status": "done", "osm_id": "way/628802662", "group": "Religione", "subgroup": "Luoghi di Culto", "subcategory": "Chiesa"}, "geometry": {"type": "Point", "coordinates": [10.56318, 43.86943]}}, {"type": "Feature", "properties": {"wikidata": "Q3669931", "name": "chiesa di San Donato", "status": "done", "osm_id": "way/320524726", "group": "Religione", "subgroup": "Luoghi di Culto", "subcategory": "Chiesa"}, "geometry": {"type": "Point", "coordinates": [11.16500833, 43.482025]}}, {"type": "Feature", "properties": {"wikidata": "Q3669910", "name": "chiesa di San Donato", "status": "done", "osm_id": "way/574582716", "group": "Religione", "subgroup": "Luoghi di Culto", "subcategory": "Chiesa"}, "geometry": {"type": "Point", "coordinates": [11.29081, 43.05356]}}, {"type": "Feature", "properties": {"wikidata": "Q3669810", "name": "chiesa di San Cristoforo", "status": "done", "osm_id": "relation/9926378", "group": "Religione", "subgroup": "Luoghi di Culto", "subcategory": "Chiesa"}, "geometry": {"type": "Point", "coordinates": [11.804348, 43.206347]}}, {"type": "Feature", "properties": {"wikidata": "Q3670027", "name": "chiesa di San Francesco", "status": "done", "osm_id": "way/705620811", "group": "Religione", "subgroup": "Luoghi di Culto", "subcategory": "Chiesa"}, "geometry": {"type": "Point", "coordinates": [10.590221, 43.7276]}}, {"type": "Feature", "properties": {"wikidata": "Q3669883", "name": "chiesa di San Domenico", "status": "done", "osm_id": "way/627890873", "group": "Religione", "subgroup": "Luoghi di Culto", "subcategory": "Chiesa"}, "geometry": {"type": "Point", "coordinates": [10.53273, 43.69063]}}, {"type": "Feature", "properties": {"wikidata": "Q3673376", "name": "chiesa di Santa Maria Assunta in Castellare", "status": "missing", "osm_id": null, "group": "Religione", "subgroup": "Luoghi di Culto", "subcategory": "Chiesa"}, "geometry": {"type": "Point", "coordinates": [10.682091, 43.88477]}}, {"type": "Feature", "properties": {"wikidata": "Q3669805", "name": "chiesa di San Crispino", "status": "done", "osm_id": "way/502978671", "group": "Religione", "subgroup": "Luoghi di Culto", "subcategory": "Chiesa"}, "geometry": {"type": "Point", "coordinates": [10.33205, 42.81603]}}, {"type": "Feature", "properties": {"wikidata": "Q3669929", "name": "chiesa di San Donato a Chiesanuova", "status": "done", "osm_id": "way/198149510", "group": "Religione", "subgroup": "Luoghi di Culto", "subcategory": "Chiesa"}, "geometry": {"type": "Point", "coordinates": [11.18452, 43.70301]}}, {"type": "Feature", "properties": {"wikidata": "Q3669770", "name": "chiesa di San Cipriano", "status": "done", "osm_id": "way/351241034", "group": "Religione", "subgroup": "Luoghi di Culto", "subcategory": "Chiesa"}, "geometry": {"type": "Point", "coordinates": [10.84089, 43.42973]}}, {"type": "Feature", "properties": {"wikidata": "Q3669943", "name": "chiesa di San Donnino martire", "status": "done", "osm_id": "way/140699080", "group": "Religione", "subgroup": "Luoghi di Culto", "subcategory": "Chiesa"}, "geometry": {"type": "Point", "coordinates": [10.83723, 43.82328]}}, {"type": "Feature", "properties": {"wikidata": "Q3669860", "name": "oratorio di San Domenico", "status": "done", "osm_id": "way/705611742", "group": "Religione", "subgroup": "Luoghi di Culto", "subcategory": "Oratorio"}, "geometry": {"type": "Point", "coordinates": [10.621338, 43.71037]}}, {"type": "Feature", "properties": {"wikidata": "Q3669933", "name": "chiesa di San Donato", "status": "done", "osm_id": "way/176300253", "group": "Religione", "subgroup": "Luoghi di Culto", "subcategory": "Chiesa"}, "geometry": {"type": "Point", "coordinates": [10.81496, 43.97285]}}, {"type": "Feature", "properties": {"wikidata": "Q3669912", "name": "chiesa di San Donato", "status": "done", "osm_id": "way/168882217", "group": "Religione", "subgroup": "Luoghi di Culto", "subcategory": "Chiesa"}, "geometry": {"type": "Point", "coordinates": [10.64243, 43.48705]}}, {"type": "Feature", "properties": {"wikidata": "Q3669926", "name": "chiesa di San Donato", "status": "done", "osm_id": "way/168882216", "group": "Religione", "subgroup": "Luoghi di Culto", "subcategory": "Chiesa"}, "geometry": {"type": "Point", "coordinates": [10.6777, 43.52449]}}, {"type": "Feature", "properties": {"wikidata": "Q3669952", "name": "chiesa di San Fedele", "status": "done", "osm_id": "way/130888459", "group": "Religione", "subgroup": "Luoghi di Culto", "subcategory": "Chiesa"}, "geometry": {"type": "Point", "coordinates": [11.76511, 43.72491]}}, {"type": "Feature", "properties": {"wikidata": "Q3673380", "name": "chiesa di Santa Maria Ausiliatrice", "status": "done", "osm_id": "way/83480484", "group": "Religione", "subgroup": "Luoghi di Culto", "subcategory": "Chiesa"}, "geometry": {"type": "Point", "coordinates": [11.21661, 43.79352]}}, {"type": "Feature", "properties": {"wikidata": "Q3669942", "name": "chiesa di San Donnino", "status": "missing", "osm_id": null, "group": "Religione", "subgroup": "Luoghi di Culto", "subcategory": "Chiesa"}, "geometry": {"type": "Point", "coordinates": [12.16499, 43.27975]}}, {"type": "Feature", "properties": {"wikidata": "Q3669916", "name": "chiesa di San Donato", "status": "done", "osm_id": "way/110274592", "group": "Religione", "subgroup": "Luoghi di Culto", "subcategory": "Chiesa"}, "geometry": {"type": "Point", "coordinates": [11.35559167, 43.54979722]}}, {"type": "Feature", "properties": {"wikidata": "Q3669959", "name": "chiesa di San Felice a Ema", "status": "done", "osm_id": "way/102979682", "group": "Religione", "subgroup": "Luoghi di Culto", "subcategory": "Chiesa"}, "geometry": {"type": "Point", "coordinates": [11.23989, 43.73978]}}, {"type": "Feature", "properties": {"wikidata": "Q3669820", "name": "chiesa di San Cristoforo", "status": "done", "osm_id": "way/180148975", "group": "Religione", "subgroup": "Luoghi di Culto", "subcategory": "Chiesa"}, "geometry": {"type": "Point", "coordinates": [10.50429, 43.84288]}}, {"type": "Feature", "properties": {"wikidata": "Q3669826", "name": "chiesa di San Cristoforo", "status": "done", "osm_id": "way/564744863", "group": "Religione", "subgroup": "Luoghi di Culto", "subcategory": "Chiesa"}, "geometry": {"type": "Point", "coordinates": [11.298275, 43.66058333]}}, {"type": "Feature", "properties": {"wikidata": "Q3329484", "name": "Museo archeologico nazionale di Chiusi", "status": "done", "osm_id": "way/106450103", "group": "Cultura e tempo libero", "subgroup": "Musei", "subcategory": "Museo archeologico"}, "geometry": {"type": "Point", "coordinates": [11.949308, 43.016013]}}, {"type": "Feature", "properties": {"wikidata": "Q3330682", "name": "Museo di Storia Naturale, Antropologia e Etnologia", "status": "done", "osm_id": "node/3120274425", "group": "Cultura e tempo libero", "subgroup": "Musei", "subcategory": "Museo"}, "geometry": {"type": "Point", "coordinates": [11.258367, 43.771694]}}, {"type": "Feature", "properties": {"wikidata": "Q3329481", "name": "Museo archeologico nazionale Gaio Cilnio Mecenate", "status": "done", "osm_id": "node/2488595740", "group": "Cultura e tempo libero", "subgroup": "Musei", "subcategory": "Museo"}, "geometry": {"type": "Point", "coordinates": [11.879511, 43.460726]}}, {"type": "Feature", "properties": {"wikidata": "Q3329464", "name": "Museo Archeologico del Chianti", "status": "done", "osm_id": "node/1117201793", "group": "Cultura e tempo libero", "subgroup": "Musei", "subcategory": "Museo archeologico"}, "geometry": {"type": "Point", "coordinates": [11.287224, 43.468967]}}, {"type": "Feature", "properties": {"wikidata": "Q3329524", "name": "Museo civico archeologico di Sarteano", "status": "done", "osm_id": "node/4774822564", "group": "Cultura e tempo libero", "subgroup": "Musei", "subcategory": "Museo"}, "geometry": {"type": "Point", "coordinates": [11.870231, 42.990097]}}, {"type": "Feature", "properties": {"wikidata": "Q3329417", "name": "Museo civico archeologico Isidoro Falchi", "status": "done", "osm_id": "way/722825426", "group": "Cultura e tempo libero", "subgroup": "Musei", "subcategory": "Museo archeologico"}, "geometry": {"type": "Point", "coordinates": [10.97080833, 42.85954444]}}, {"type": "Feature", "properties": {"wikidata": "Q3328416", "name": "Museo delle sinopie", "status": "done", "osm_id": "way/701045438", "group": "Cultura e tempo libero", "subgroup": "Musei", "subcategory": "Museo"}, "geometry": {"type": "Point", "coordinates": [10.39438, 43.72252]}}, {"type": "Feature", "properties": {"wikidata": "Q3346852", "name": "necropoli di Dometaia", "status": "missing", "osm_id": null, "group": "Archeologia", "subgroup": "Siti", "subcategory": "Parco archeologico"}, "geometry": {"type": "Point", "coordinates": [11.037366, 43.392819]}}, {"type": "Feature", "properties": {"wikidata": "Q3330320", "name": "Museo diocesano di Cortona", "status": "missing", "osm_id": null, "group": "Cultura e tempo libero", "subgroup": "Musei", "subcategory": "Museo d'arte"}, "geometry": {"type": "Point", "coordinates": [11.983145, 43.27213]}}, {"type": "Feature", "properties": {"wikidata": "Q3329363", "name": "Museo Stibbert", "status": "done", "osm_id": "node/938223111", "group": "Cultura e tempo libero", "subgroup": "Archivi", "subcategory": "Archivio"}, "geometry": {"type": "Point", "coordinates": [11.255, 43.792916666]}}, {"type": "Feature", "properties": {"wikidata": "Q3329420", "name": "museo civico archeologico", "status": "done", "osm_id": "node/2575548693", "group": "Cultura e tempo libero", "subgroup": "Musei", "subcategory": "Museo"}, "geometry": {"type": "Point", "coordinates": [11.827765, 43.0581]}}, {"type": "Feature", "properties": {"wikidata": "Q3328407", "name": "Museo dell'Opera del Duomo", "status": "done", "osm_id": "way/546333990", "group": "Cultura e tempo libero", "subgroup": "Musei", "subcategory": "Museo d'arte"}, "geometry": {"type": "Point", "coordinates": [10.3969, 43.72256]}}, {"type": "Feature", "properties": {"wikidata": "Q3328409", "name": "Museo delle miniere di mercurio del Monte Amiata", "status": "done", "osm_id": "node/3757606638", "group": "Altro", "subgroup": "Altro", "subcategory": "Altro"}, "geometry": {"type": "Point", "coordinates": [11.5856205, 42.8314647]}}, {"type": "Feature", "properties": {"wikidata": "Q3329478", "name": "Museo archeologico nazionale di Cosa", "status": "done", "osm_id": "way/174825297", "group": "Cultura e tempo libero", "subgroup": "Musei", "subcategory": "Museo archeologico"}, "geometry": {"type": "Point", "coordinates": [11.28609, 42.41272]}}, {"type": "Feature", "properties": {"wikidata": "Q3329442", "name": "Museo archeologico di Massa Marittima", "status": "done", "osm_id": "node/3257880931", "group": "Cultura e tempo libero", "subgroup": "Musei", "subcategory": "Museo archeologico"}, "geometry": {"type": "Point", "coordinates": [10.88770833, 43.04999167]}}, {"type": "Feature", "properties": {"wikidata": "Q3330318", "name": "Museo diocesano di Santo Stefano al Ponte", "status": "done", "osm_id": "node/3519960102", "group": "Cultura e tempo libero", "subgroup": "Musei", "subcategory": "Museo"}, "geometry": {"type": "Point", "coordinates": [11.2542, 43.7687]}}, {"type": "Feature", "properties": {"wikidata": "Q3329881", "name": "Museo dell'Opera di Santa Croce", "status": "done", "osm_id": "node/5058041321", "group": "Cultura e tempo libero", "subgroup": "Musei", "subcategory": "Museo d'arte"}, "geometry": {"type": "Point", "coordinates": [11.26202, 43.76808]}}, {"type": "Feature", "properties": {"wikidata": "Q3330090", "name": "Museo nazionale di Villa Guinigi", "status": "done", "osm_id": "way/141364087", "group": "Cultura e tempo libero", "subgroup": "Musei", "subcategory": "Museo d'arte"}, "geometry": {"type": "Point", "coordinates": [10.512439, 43.845493]}}, {"type": "Feature", "properties": {"wikidata": "Q3329470", "name": "Museo archeologico del territorio di Populonia", "status": "done", "osm_id": "node/1970201003", "group": "Cultura e tempo libero", "subgroup": "Musei", "subcategory": "Museo archeologico"}, "geometry": {"type": "Point", "coordinates": [10.521454, 42.923363]}}, {"type": "Feature", "properties": {"wikidata": "Q3329458", "name": "Museo comunale archeologico La Cinquantina", "status": "done", "osm_id": "way/457412748", "group": "Cultura e tempo libero", "subgroup": "Musei", "subcategory": "Museo archeologico"}, "geometry": {"type": "Point", "coordinates": [10.49812, 43.31855]}}, {"type": "Feature", "properties": {"wikidata": "Q3328411", "name": "Museo delle navi antiche di Pisa", "status": "done", "osm_id": "node/5701981131", "group": "Cultura e tempo libero", "subgroup": "Musei", "subcategory": "Museo archeologico"}, "geometry": {"type": "Point", "coordinates": [10.392926, 43.71465]}}, {"type": "Feature", "properties": {"wikidata": "Q3329076", "name": "Museo Bandini", "status": "done", "osm_id": "way/204173255", "group": "Cultura e tempo libero", "subgroup": "Musei", "subcategory": "Museo d'arte"}, "geometry": {"type": "Point", "coordinates": [11.292943, 43.807307]}}, {"type": "Feature", "properties": {"wikidata": "Q3340039", "name": "Sant'Alessio", "status": "done", "osm_id": "node/1906748053", "group": "Insediamenti", "subgroup": "Centri", "subcategory": "Frazione"}, "geometry": {"type": "Point", "coordinates": [10.492777777, 43.861111111]}}, {"type": "Feature", "properties": {"wikidata": "Q3329188", "name": "Museo etrusco Guarnacci", "status": "done", "osm_id": "way/355038581", "group": "Cultura e tempo libero", "subgroup": "Musei", "subcategory": "Museo archeologico"}, "geometry": {"type": "Point", "coordinates": [10.86425, 43.40083]}}, {"type": "Feature", "properties": {"wikidata": "Q3329421", "name": "Museo archeologico di Artimino", "status": "done", "osm_id": "node/4698134410", "group": "Cultura e tempo libero", "subgroup": "Musei", "subcategory": "Museo archeologico"}, "geometry": {"type": "Point", "coordinates": [11.0369267, 43.7832506]}}, {"type": "Feature", "properties": {"wikidata": "Q1113551", "name": "Casalini Libri", "status": "missing", "osm_id": null, "group": "Altro", "subgroup": "Altro", "subcategory": "Altro"}, "geometry": {"type": "Point", "coordinates": [11.3045, 43.828222222]}}, {"type": "Feature", "properties": {"wikidata": "Q888825", "name": "Giardino di Boboli", "status": "done", "osm_id": "relation/7071160", "group": "Altro", "subgroup": "Altro", "subcategory": "Altro"}, "geometry": {"type": "Point", "coordinates": [11.24661, 43.7618]}}, {"type": "Feature", "properties": {"wikidata": "Q810072", "name": "basilica di San Clemente in Santa Maria dei Servi", "status": "done", "osm_id": "way/47191910", "group": "Religione", "subgroup": "Luoghi di Culto", "subcategory": "Basilica minore"}, "geometry": {"type": "Point", "coordinates": [11.338255555, 43.315166666]}}, {"type": "Feature", "properties": {"wikidata": "Q839746", "name": "Loggia della Signoria", "status": "done", "osm_id": "way/43284457", "group": "Altro", "subgroup": "Altro", "subcategory": "Altro"}, "geometry": {"type": "Point", "coordinates": [11.25565833, 43.76920278]}}, {"type": "Feature", "properties": {"wikidata": "Q911047", "name": "Palazzo Medici Riccardi", "status": "done", "osm_id": "relation/1379977", "group": "Cultura e tempo libero", "subgroup": "Musei", "subcategory": "Museo"}, "geometry": {"type": "Point", "coordinates": [11.255986, 43.775288]}}, {"type": "Feature", "properties": {"wikidata": "Q1112172", "name": "Guinadi", "status": "done", "osm_id": "node/577508497", "group": "Insediamenti", "subgroup": "Centri", "subcategory": "Frazione"}, "geometry": {"type": "Point", "coordinates": [9.83566, 44.42944]}}, {"type": "Feature", "properties": {"wikidata": "Q866291", "name": "Bisenzio", "status": "done", "osm_id": "relation/2573979", "group": "Natura e paesaggio", "subgroup": "Acqua", "subcategory": "Fiume"}, "geometry": {"type": "Point", "coordinates": [11.09777778, 43.77305556]}}, {"type": "Feature", "properties": {"wikidata": "Q1118187", "name": "Alberese", "status": "done", "osm_id": "node/385140946", "group": "Insediamenti", "subgroup": "Centri", "subcategory": "Frazione"}, "geometry": {"type": "Point", "coordinates": [11.106123, 42.668458]}}, {"type": "Feature", "properties": {"wikidata": "Q849846", "name": "piazza della Signoria", "status": "done", "osm_id": "way/23298643", "group": "Insediamenti", "subgroup": "Zone Urbane", "subcategory": "Piazza"}, "geometry": {"type": "Point", "coordinates": [11.255555555, 43.769722222]}}, {"type": "Feature", "properties": {"wikidata": "Q894670", "name": "Orto e Museo Botanico di Pisa", "status": "done", "osm_id": "way/25158693", "group": "Cultura e tempo libero", "subgroup": "Archivi", "subcategory": "Archivio"}, "geometry": {"type": "Point", "coordinates": [10.39619, 43.71982]}}, {"type": "Feature", "properties": {"wikidata": "Q1115138", "name": "Le Roste", "status": "done", "osm_id": "node/1387455456", "group": "Cultura e tempo libero", "subgroup": "Musei", "subcategory": "Museo"}, "geometry": {"type": "Point", "coordinates": [11.0425, 43.10805556]}}, {"type": "Feature", "properties": {"wikidata": "Q866192", "name": "piazza della Santissima Annunziata", "status": "done", "osm_id": "relation/17485081", "group": "Insediamenti", "subgroup": "Zone Urbane", "subcategory": "Piazza"}, "geometry": {"type": "Point", "coordinates": [11.2607, 43.7764]}}, {"type": "Feature", "properties": {"wikidata": "Q1114227", "name": "Matassino", "status": "done", "osm_id": "node/4396886483", "group": "Insediamenti", "subgroup": "Centri", "subcategory": "Frazione"}, "geometry": {"type": "Point", "coordinates": [11.484788888, 43.625972222]}}, {"type": "Feature", "properties": {"wikidata": "Q1115846", "name": "ospedale del Ceppo", "status": "done", "osm_id": "way/108584031", "group": "Altro", "subgroup": "Altro", "subcategory": "Altro"}, "geometry": {"type": "Point", "coordinates": [10.918222222, 43.935055555]}}, {"type": "Feature", "properties": {"wikidata": "Q810100", "name": "basilica di San Pietro Apostolo", "status": "done", "osm_id": "way/723610368", "group": "Cultura e tempo libero", "subgroup": "Musei", "subcategory": "Museo"}, "geometry": {"type": "Point", "coordinates": [10.34666667, 43.67972222]}}, {"type": "Feature", "properties": {"wikidata": "Q1117930", "name": "chiesa di San Barnaba", "status": "done", "osm_id": "way/306395974", "group": "Religione", "subgroup": "Luoghi di Culto", "subcategory": "Chiesa"}, "geometry": {"type": "Point", "coordinates": [11.25399, 43.77784]}}, {"type": "Feature", "properties": {"wikidata": "Q860816", "name": "chiesa di Orsanmichele", "status": "done", "osm_id": "way/442508011", "group": "Religione", "subgroup": "Luoghi di Culto", "subcategory": "Chiesa"}, "geometry": {"type": "Point", "coordinates": [11.25505, 43.77071]}}, {"type": "Feature", "properties": {"wikidata": "Q1118815", "name": "pieve di San Michele Arcangelo a Metelliano", "status": "done", "osm_id": "way/712710711", "group": "Altro", "subgroup": "Altro", "subcategory": "Altro"}, "geometry": {"type": "Point", "coordinates": [12.009892, 43.263994]}}, {"type": "Feature", "properties": {"wikidata": "Q1121100", "name": "chiesa della Madonna della Tosse", "status": "done", "osm_id": "way/306368616", "group": "Religione", "subgroup": "Luoghi di Culto", "subcategory": "Chiesa"}, "geometry": {"type": "Point", "coordinates": [11.26532, 43.78648]}}, {"type": "Feature", "properties": {"wikidata": "Q896608", "name": "Palazzo Bartolini Salimbeni", "status": "done", "osm_id": "relation/4101721", "group": "Dimore ed edifici", "subgroup": "Residenze", "subcategory": "Palazzo italiano"}, "geometry": {"type": "Point", "coordinates": [11.25169167, 43.77018889]}}, {"type": "Feature", "properties": {"wikidata": "Q820887", "name": "Universit\u00e0 di Firenze", "status": "missing", "osm_id": null, "group": "Altro", "subgroup": "Altro", "subcategory": "Altro"}, "geometry": {"type": "Point", "coordinates": [11.25951, 43.77777]}}, {"type": "Feature", "properties": {"wikidata": "Q1118172", "name": "Istia d'Ombrone", "status": "done", "osm_id": "node/1521164256", "group": "Insediamenti", "subgroup": "Centri", "subcategory": "Frazione"}, "geometry": {"type": "Point", "coordinates": [11.188611111, 42.7825]}}, {"type": "Feature", "properties": {"wikidata": "Q1121473", "name": "Palazzo Torrigiani Del Nero", "status": "done", "osm_id": "relation/4095222", "group": "Dimore ed edifici", "subgroup": "Residenze", "subcategory": "Palazzo italiano"}, "geometry": {"type": "Point", "coordinates": [11.258128, 43.765319]}}, {"type": "Feature", "properties": {"wikidata": "Q1119263", "name": "Rocca Silvana", "status": "done", "osm_id": "way/1071849220", "group": "Fortificazioni e militare", "subgroup": "Fortificazioni", "subcategory": "Castello"}, "geometry": {"type": "Point", "coordinates": [11.63371667, 42.75568889]}}, {"type": "Feature", "properties": {"wikidata": "Q835755", "name": "Scoglio d'Africa", "status": "done", "osm_id": "way/41803994", "group": "Natura e paesaggio", "subgroup": "Mare e Costa", "subcategory": "Isola"}, "geometry": {"type": "Point", "coordinates": [10.064511111, 42.358577777]}}, {"type": "Feature", "properties": {"wikidata": "Q866498", "name": "Galleria Palatina", "status": "done", "osm_id": "node/1135808773", "group": "Cultura e tempo libero", "subgroup": "Musei", "subcategory": "Museo d'arte"}, "geometry": {"type": "Point", "coordinates": [11.25, 43.7652]}}, {"type": "Feature", "properties": {"wikidata": "Q849256", "name": "stazione di Pisa Centrale", "status": "done", "osm_id": "way/907070159", "group": "Infrastrutture", "subgroup": "Trasporti", "subcategory": "Stazione ferroviaria"}, "geometry": {"type": "Point", "coordinates": [10.39833333, 43.70833333]}}, {"type": "Feature", "properties": {"wikidata": "Q869130", "name": "Museo dell'Opera del Duomo", "status": "done", "osm_id": "node/2805848853", "group": "Cultura e tempo libero", "subgroup": "Musei", "subcategory": "Museo d'arte"}, "geometry": {"type": "Point", "coordinates": [11.3296, 43.3177]}}, {"type": "Feature", "properties": {"wikidata": "Q1112204", "name": "convento di Ganghereto", "status": "missing", "osm_id": null, "group": "Religione", "subgroup": "Vita Monastica", "subcategory": "Convento"}, "geometry": {"type": "Point", "coordinates": [11.610525, 43.553644]}}, {"type": "Feature", "properties": {"wikidata": "Q1122698", "name": "santuario di Santa Maria della Neve di Quadalto", "status": "done", "osm_id": "way/203169649", "group": "Religione", "subgroup": "Luoghi di Culto", "subcategory": "Santuario"}, "geometry": {"type": "Point", "coordinates": [11.53133, 44.10567]}}, {"type": "Feature", "properties": {"wikidata": "Q830233", "name": "Museo della Deportazione e Resistenza", "status": "done", "osm_id": "node/4205421195", "group": "Cultura e tempo libero", "subgroup": "Musei", "subcategory": "Museo"}, "geometry": {"type": "Point", "coordinates": [11.092513, 43.923173]}}, {"type": "Feature", "properties": {"wikidata": "Q872398", "name": "Kunsthistorisches Institut in Florenz", "status": "done", "osm_id": "way/481357042", "group": "Altro", "subgroup": "Altro", "subcategory": "Altro"}, "geometry": {"type": "Point", "coordinates": [11.264, 43.7772]}}, {"type": "Feature", "properties": {"wikidata": "Q1117875", "name": "chiesa di San Biagio", "status": "done", "osm_id": "way/303165223", "group": "Religione", "subgroup": "Luoghi di Culto", "subcategory": "Chiesa"}, "geometry": {"type": "Point", "coordinates": [10.7748, 44.05374]}}, {"type": "Feature", "properties": {"wikidata": "Q1121868", "name": "chiesa di San Domenico", "status": "done", "osm_id": "way/232480572", "group": "Religione", "subgroup": "Luoghi di Culto", "subcategory": "Chiesa"}, "geometry": {"type": "Point", "coordinates": [10.39972222, 43.71111111]}}, {"type": "Feature", "properties": {"wikidata": "Q1121326", "name": "monumento ad Andrea da Grosseto", "status": "done", "osm_id": "node/4782135281", "group": "Altro", "subgroup": "Altro", "subcategory": "Altro"}, "geometry": {"type": "Point", "coordinates": [11.11355556, 42.76166667]}}, {"type": "Feature", "properties": {"wikidata": "Q1118281", "name": "Ansedonia", "status": "done", "osm_id": "node/1413588692", "group": "Insediamenti", "subgroup": "Centri", "subcategory": "Frazione"}, "geometry": {"type": "Point", "coordinates": [11.28818, 42.407615]}}, {"type": "Feature", "properties": {"wikidata": "Q1115149", "name": "stazione di Laterina", "status": "done", "osm_id": "node/8033523307", "group": "Infrastrutture", "subgroup": "Trasporti", "subcategory": "Stazione ferroviaria"}, "geometry": {"type": "Point", "coordinates": [11.6606, 43.4965]}}, {"type": "Feature", "properties": {"wikidata": "Q1115358", "name": "basilica della Madonna dell'Umilt\u00e0", "status": "done", "osm_id": "way/394930378", "group": "Religione", "subgroup": "Luoghi di Culto", "subcategory": "Basilica minore"}, "geometry": {"type": "Point", "coordinates": [10.91416667, 43.93277778]}}, {"type": "Feature", "properties": {"wikidata": "Q856419", "name": "Biblioteca Medicea Laurenziana", "status": "done", "osm_id": "node/4162396990", "group": "Altro", "subgroup": "Altro", "subcategory": "Altro"}, "geometry": {"type": "Point", "coordinates": [11.254536, 43.774656]}}, {"type": "Feature", "properties": {"wikidata": "Q1121477", "name": "chiesa di Maria Santissima di Montenero", "status": "missing", "osm_id": null, "group": "Religione", "subgroup": "Luoghi di Culto", "subcategory": "Chiesa"}, "geometry": {"type": "Point", "coordinates": [10.883557, 43.236809]}}, {"type": "Feature", "properties": {"wikidata": "Q1118231", "name": "Batignano", "status": "done", "osm_id": "node/662794092", "group": "Insediamenti", "subgroup": "Centri", "subcategory": "Frazione"}, "geometry": {"type": "Point", "coordinates": [11.166067, 42.867283]}}, {"type": "Feature", "properties": {"wikidata": "Q891340", "name": "Bolgheri", "status": "done", "osm_id": "node/1387548758", "group": "Insediamenti", "subgroup": "Centri", "subcategory": "Frazione"}, "geometry": {"type": "Point", "coordinates": [10.61722222, 43.23388889]}}, {"type": "Feature", "properties": {"wikidata": "Q842414", "name": "Villa Gamberaia", "status": "done", "osm_id": "way/304006215", "group": "Dimore ed edifici", "subgroup": "Residenze", "subcategory": "Villa"}, "geometry": {"type": "Point", "coordinates": [11.328277777, 43.78]}}, {"type": "Feature", "properties": {"wikidata": "Q833267", "name": "Villa medicea di Artimino", "status": "done", "osm_id": "way/43795574", "group": "Dimore ed edifici", "subgroup": "Residenze", "subcategory": "Villa"}, "geometry": {"type": "Point", "coordinates": [11.04429167, 43.78185556]}}, {"type": "Feature", "properties": {"wikidata": "Q1114639", "name": "Riserva naturale dell'Alta Valle del Tevere - Monte Nero", "status": "done", "osm_id": "relation/6416182", "group": "Natura e paesaggio", "subgroup": "Verde", "subcategory": "Area protetta"}, "geometry": {"type": "Point", "coordinates": [12.0143, 43.7589]}}, {"type": "Feature", "properties": {"wikidata": "Q1119268", "name": "Teatro Mascagni", "status": "done", "osm_id": "way/154341931", "group": "Cultura e tempo libero", "subgroup": "Spettacolo", "subcategory": "Teatro"}, "geometry": {"type": "Point", "coordinates": [10.34881111, 43.52388333]}}, {"type": "Feature", "properties": {"wikidata": "Q1116955", "name": "Torre della Bella Marsilia", "status": "done", "osm_id": "way/320451464", "group": "Fortificazioni e militare", "subgroup": "Fortificazioni", "subcategory": "Torre"}, "geometry": {"type": "Point", "coordinates": [11.11705556, 42.61178611]}}, {"type": "Feature", "properties": {"wikidata": "Q1115763", "name": "Ugliancaldo", "status": "done", "osm_id": "node/1293344932", "group": "Insediamenti", "subgroup": "Centri", "subcategory": "Frazione"}, "geometry": {"type": "Point", "coordinates": [10.18258, 44.17447]}}, {"type": "Feature", "properties": {"wikidata": "Q1114368", "name": "Gran Caff\u00e8 Doney", "status": "missing", "osm_id": null, "group": "Altro", "subgroup": "Altro", "subcategory": "Altro"}, "geometry": {"type": "Point", "coordinates": [11.251528, 43.770861]}}, {"type": "Feature", "properties": {"wikidata": "Q1115311", "name": "Montepescali", "status": "done", "osm_id": "node/611327915", "group": "Insediamenti", "subgroup": "Centri", "subcategory": "Frazione"}, "geometry": {"type": "Point", "coordinates": [11.086657, 42.882788]}}, {"type": "Feature", "properties": {"wikidata": "Q861824", "name": "Colonnata", "status": "done", "osm_id": "node/2746568211", "group": "Insediamenti", "subgroup": "Centri", "subcategory": "Frazione"}, "geometry": {"type": "Point", "coordinates": [10.15592, 44.08592]}}, {"type": "Feature", "properties": {"wikidata": "Q845460", "name": "CavallinoMatto", "status": "done", "osm_id": "relation/6411447", "group": "Altro", "subgroup": "Altro", "subcategory": "Altro"}, "geometry": {"type": "Point", "coordinates": [10.54861111, 43.18138889]}}, {"type": "Feature", "properties": {"wikidata": "Q1118253", "name": "Braccagni", "status": "done", "osm_id": "node/611327787", "group": "Insediamenti", "subgroup": "Centri", "subcategory": "Frazione"}, "geometry": {"type": "Point", "coordinates": [11.074426, 42.873511]}}, {"type": "Feature", "properties": {"wikidata": "Q856409", "name": "Biblioteca Riccardiana", "status": "done", "osm_id": "node/3701939229", "group": "Altro", "subgroup": "Altro", "subcategory": "Altro"}, "geometry": {"type": "Point", "coordinates": [11.255369, 43.775548]}}, {"type": "Feature", "properties": {"wikidata": "Q1115774", "name": "chiesa di San Giovanni Fuorcivitas", "status": "done", "osm_id": "way/229761808", "group": "Religione", "subgroup": "Luoghi di Culto", "subcategory": "Chiesa"}, "geometry": {"type": "Point", "coordinates": [10.91649, 43.932011]}}, {"type": "Feature", "properties": {"wikidata": "Q822020", "name": "palagio di Parte Guelfa", "status": "done", "osm_id": "way/772990982", "group": "Altro", "subgroup": "Altro", "subcategory": "Altro"}, "geometry": {"type": "Point", "coordinates": [11.25368333, 43.76953889]}}, {"type": "Feature", "properties": {"wikidata": "Q1117602", "name": "Ravi", "status": "done", "osm_id": "node/2795141579", "group": "Insediamenti", "subgroup": "Centri", "subcategory": "Frazione"}, "geometry": {"type": "Point", "coordinates": [10.918611111, 42.911388888]}}, {"type": "Feature", "properties": {"wikidata": "Q1117786", "name": "Torri dei Salvucci", "status": "done", "osm_id": "way/182533653", "group": "Altro", "subgroup": "Altro", "subcategory": "Altro"}, "geometry": {"type": "Point", "coordinates": [11.043108333, 43.468166666]}}, {"type": "Feature", "properties": {"wikidata": "Q844337", "name": "basilica di San Miniato al Monte", "status": "done", "osm_id": "way/184781037", "group": "Religione", "subgroup": "Luoghi di Culto", "subcategory": "Basilica minore"}, "geometry": {"type": "Point", "coordinates": [11.265, 43.759444]}}, {"type": "Feature", "properties": {"wikidata": "Q904918", "name": "Volpaia", "status": "done", "osm_id": "node/339662857", "group": "Insediamenti", "subgroup": "Centri", "subcategory": "Frazione"}, "geometry": {"type": "Point", "coordinates": [11.381, 43.5165]}}, {"type": "Feature", "properties": {"wikidata": "Q947816", "name": "Codena", "status": "done", "osm_id": "node/1433663443", "group": "Insediamenti", "subgroup": "Centri", "subcategory": "Frazione"}, "geometry": {"type": "Point", "coordinates": [10.11279, 44.0777]}}, {"type": "Feature", "properties": {"wikidata": "Q949846", "name": "Giardino dei Tarocchi", "status": "done", "osm_id": "way/128989568", "group": "Altro", "subgroup": "Altro", "subcategory": "Altro"}, "geometry": {"type": "Point", "coordinates": [11.46639, 42.425904]}}, {"type": "Feature", "properties": {"wikidata": "Q913148", "name": "Ospedale di Santa Maria Nuova", "status": "done", "osm_id": "way/682528180", "group": "Infrastrutture", "subgroup": "Servizi", "subcategory": "Sanit\u00e0"}, "geometry": {"type": "Point", "coordinates": [11.259894444, 43.773408333]}}, {"type": "Feature", "properties": {"wikidata": "Q913058", "name": "Corridoio Vasariano", "status": "done", "osm_id": "way/1344547176", "group": "Altro", "subgroup": "Altro", "subcategory": "Altro"}, "geometry": {"type": "Point", "coordinates": [11.256379, 43.768997]}}, {"type": "Feature", "properties": {"wikidata": "Q917483", "name": "Loggia del Mercato Nuovo", "status": "done", "osm_id": "way/27590454", "group": "Altro", "subgroup": "Altro", "subcategory": "Altro"}, "geometry": {"type": "Point", "coordinates": [11.25429444, 43.76999167]}}, {"type": "Feature", "properties": {"wikidata": "Q941727", "name": "chiesa e convento di San Matteo", "status": "done", "osm_id": "way/128388059", "group": "Religione", "subgroup": "Luoghi di Culto", "subcategory": "Chiesa"}, "geometry": {"type": "Point", "coordinates": [10.407528, 43.714444]}}, {"type": "Feature", "properties": {"wikidata": "Q913126", "name": "Azienda ospedaliero-universitaria Careggi", "status": "done", "osm_id": "way/25293016", "group": "Infrastrutture", "subgroup": "Servizi", "subcategory": "Sanit\u00e0"}, "geometry": {"type": "Point", "coordinates": [11.2463, 43.8054]}}, {"type": "Feature", "properties": {"wikidata": "Q918575", "name": "parco naturale della Maremma", "status": "done", "osm_id": "relation/4279861", "group": "Natura e paesaggio", "subgroup": "Verde", "subcategory": "Area protetta"}, "geometry": {"type": "Point", "coordinates": [11.092, 42.633]}}, {"type": "Feature", "properties": {"wikidata": "Q921539", "name": "L\u2019Istituto Interuniversitario Olandese di Storia dell\u2019arte", "status": "missing", "osm_id": null, "group": "Altro", "subgroup": "Altro", "subcategory": "Altro"}, "geometry": {"type": "Point", "coordinates": [11.24708889, 43.75393889]}}, {"type": "Feature", "properties": {"wikidata": "Q935819", "name": "Poderi di Montemerano", "status": "done", "osm_id": "node/1304179595", "group": "Insediamenti", "subgroup": "Centri", "subcategory": "Frazione"}, "geometry": {"type": "Point", "coordinates": [11.506111111, 42.611111111]}}, {"type": "Feature", "properties": {"wikidata": "Q966515", "name": "Museo nazionale di palazzo Reale", "status": "done", "osm_id": "node/6274473845", "group": "Cultura e tempo libero", "subgroup": "Musei", "subcategory": "Museo d'arte"}, "geometry": {"type": "Point", "coordinates": [10.396977, 43.716296]}}, {"type": "Feature", "properties": {"wikidata": "Q913040", "name": "Museo Marino Marini", "status": "done", "osm_id": "node/3609574965", "group": "Cultura e tempo libero", "subgroup": "Musei", "subcategory": "Museo d'arte"}, "geometry": {"type": "Point", "coordinates": [11.249839, 43.77207]}}, {"type": "Feature", "properties": {"wikidata": "Q958758", "name": "Villa La Petraia", "status": "done", "osm_id": "relation/9962141", "group": "Dimore ed edifici", "subgroup": "Residenze", "subcategory": "Villa"}, "geometry": {"type": "Point", "coordinates": [11.235275, 43.818977]}}, {"type": "Feature", "properties": {"wikidata": "Q957498", "name": "Perignano", "status": "done", "osm_id": "node/265068425", "group": "Insediamenti", "subgroup": "Centri", "subcategory": "Frazione"}, "geometry": {"type": "Point", "coordinates": [10.589495, 43.605098]}}, {"type": "Feature", "properties": {"wikidata": "Q941686", "name": "Villa medicea di Stabbia", "status": "missing", "osm_id": null, "group": "Dimore ed edifici", "subgroup": "Residenze", "subcategory": "Villa"}, "geometry": {"type": "Point", "coordinates": [10.83058056, 43.78855278]}}, {"type": "Feature", "properties": {"wikidata": "Q933604", "name": "Montecastello", "status": "done", "osm_id": "node/291770642", "group": "Insediamenti", "subgroup": "Centri", "subcategory": "Frazione"}, "geometry": {"type": "Point", "coordinates": [10.694777777, 43.634661111]}}, {"type": "Feature", "properties": {"wikidata": "Q964096", "name": "Tomba del Colle Casuccini", "status": "missing", "osm_id": null, "group": "Religione", "subgroup": "Cimiteri", "subcategory": "Tomba"}, "geometry": {"type": "Point", "coordinates": [11.962778201, 43.017263241]}}, {"type": "Feature", "properties": {"wikidata": "Q952641", "name": "Florence American Cemetery and Memorial", "status": "done", "osm_id": "way/28367034", "group": "Religione", "subgroup": "Cimiteri", "subcategory": "Cimitero"}, "geometry": {"type": "Point", "coordinates": [11.208206, 43.691528]}}, {"type": "Feature", "properties": {"wikidata": "Q952115", "name": "Area naturale protetta di interesse locale Parco archeominerario di San Silvestro", "status": "missing", "osm_id": null, "group": "Natura e paesaggio", "subgroup": "Verde", "subcategory": "Parco"}, "geometry": {"type": "Point", "coordinates": [10.585492, 43.07752]}}, {"type": "Feature", "properties": {"wikidata": "Q926133", "name": "Appennino tosco-emiliano", "status": "missing", "osm_id": null, "group": "Natura e paesaggio", "subgroup": "Montagna", "subcategory": "Montagna"}, "geometry": {"type": "Point", "coordinates": [10.70127778, 44.19361111]}}, {"type": "Feature", "properties": {"wikidata": "Q925549", "name": "Palazzo Salimbeni", "status": "done", "osm_id": "way/1292896847", "group": "Dimore ed edifici", "subgroup": "Residenze", "subcategory": "Palazzo"}, "geometry": {"type": "Point", "coordinates": [11.33078, 43.321429]}}, {"type": "Feature", "properties": {"wikidata": "Q924133", "name": "Palazzina Reale delle Cascine", "status": "done", "osm_id": "way/127986202", "group": "Dimore ed edifici", "subgroup": "Residenze", "subcategory": "Palazzo italiano"}, "geometry": {"type": "Point", "coordinates": [11.220036, 43.782733]}}, {"type": "Feature", "properties": {"wikidata": "Q926209", "name": "Buriano", "status": "done", "osm_id": "node/1874197345", "group": "Insediamenti", "subgroup": "Centri", "subcategory": "Frazione"}, "geometry": {"type": "Point", "coordinates": [10.96727, 43.82859]}}, {"type": "Feature", "properties": {"wikidata": "Q939832", "name": "Torre dei Salterelli", "status": "done", "osm_id": "way/115190032", "group": "Fortificazioni e militare", "subgroup": "Fortificazioni", "subcategory": "Torre"}, "geometry": {"type": "Point", "coordinates": [11.2546, 43.7692]}}, {"type": "Feature", "properties": {"wikidata": "Q961907", "name": "pieve dei Santi Giovanni ed Ermolao", "status": "done", "osm_id": "way/150695005", "group": "Altro", "subgroup": "Altro", "subcategory": "Altro"}, "geometry": {"type": "Point", "coordinates": [10.512889, 43.726222]}}, {"type": "Feature", "properties": {"wikidata": "Q965018", "name": "duomo di Fiesole", "status": "done", "osm_id": "way/140234638", "group": "Altro", "subgroup": "Altro", "subcategory": "Altro"}, "geometry": {"type": "Point", "coordinates": [11.2925, 43.807222]}}, {"type": "Feature", "properties": {"wikidata": "Q913169", "name": "chiesa di Sant'Egidio", "status": "done", "osm_id": "way/385164192", "group": "Religione", "subgroup": "Luoghi di Culto", "subcategory": "Chiesa"}, "geometry": {"type": "Point", "coordinates": [11.26, 43.774444444]}}, {"type": "Feature", "properties": {"wikidata": "Q913088", "name": "piazza de' Pitti", "status": "done", "osm_id": "way/787858333", "group": "Insediamenti", "subgroup": "Zone Urbane", "subcategory": "Piazza"}, "geometry": {"type": "Point", "coordinates": [11.24964167, 43.76554167]}}, {"type": "Feature", "properties": {"wikidata": "Q913109", "name": "Careggi", "status": "missing", "osm_id": null, "group": "Altro", "subgroup": "Altro", "subcategory": "Altro"}, "geometry": {"type": "Point", "coordinates": [11.2466, 43.8062]}}, {"type": "Feature", "properties": {"wikidata": "Q933050", "name": "Pesa", "status": "done", "osm_id": "relation/2573984", "group": "Natura e paesaggio", "subgroup": "Acqua", "subcategory": "Fiume"}, "geometry": {"type": "Point", "coordinates": [11.01585388, 43.73304202]}}, {"type": "Feature", "properties": {"wikidata": "Q938464", "name": "grotta Maona", "status": "done", "osm_id": "node/2680229729", "group": "Natura e paesaggio", "subgroup": "Montagna", "subcategory": "Grotta"}, "geometry": {"type": "Point", "coordinates": [10.77688948, 43.900619404]}}, {"type": "Feature", "properties": {"wikidata": "Q913210", "name": "Palazzo Portinari-Salviati", "status": "done", "osm_id": "relation/4107742", "group": "Dimore ed edifici", "subgroup": "Residenze", "subcategory": "Palazzo italiano"}, "geometry": {"type": "Point", "coordinates": [11.2574, 43.7716]}}, {"type": "Feature", "properties": {"wikidata": "Q944934", "name": "Palazzo Orlandini del Beccuto", "status": "done", "osm_id": "way/307153315", "group": "Dimore ed edifici", "subgroup": "Residenze", "subcategory": "Palazzo italiano"}, "geometry": {"type": "Point", "coordinates": [11.25305833, 43.77292778]}}, {"type": "Feature", "properties": {"wikidata": "Q925094", "name": "Palazzo Columbia-Parlamento", "status": "done", "osm_id": "way/306156987", "group": "Dimore ed edifici", "subgroup": "Residenze", "subcategory": "Palazzo italiano"}, "geometry": {"type": "Point", "coordinates": [11.25776667, 43.76930556]}}, {"type": "Feature", "properties": {"wikidata": "Q944481", "name": "Tavola", "status": "done", "osm_id": "node/1172035639", "group": "Insediamenti", "subgroup": "Centri", "subcategory": "Frazione"}, "geometry": {"type": "Point", "coordinates": [11.046666666, 43.843055555]}}, {"type": "Feature", "properties": {"wikidata": "Q913286", "name": "Mugnone", "status": "done", "osm_id": "way/1344894696", "group": "Natura e paesaggio", "subgroup": "Acqua", "subcategory": "Fiume"}, "geometry": {"type": "Point", "coordinates": [11.196478, 43.790094]}}, {"type": "Feature", "properties": {"wikidata": "Q942605", "name": "Settignano", "status": "done", "osm_id": "node/1907061958", "group": "Insediamenti", "subgroup": "Centri", "subcategory": "Frazione"}, "geometry": {"type": "Point", "coordinates": [11.322027777, 43.782888888]}}, {"type": "Feature", "properties": {"wikidata": "Q944749", "name": "certosa di Farneta", "status": "done", "osm_id": "relation/5437380", "group": "Altro", "subgroup": "Altro", "subcategory": "Altro"}, "geometry": {"type": "Point", "coordinates": [10.41758056, 43.86540833]}}, {"type": "Feature", "properties": {"wikidata": "Q947846", "name": "mura di Arcidosso", "status": "missing", "osm_id": null, "group": "Fortificazioni e militare", "subgroup": "Fortificazioni", "subcategory": "Mura cittadine"}, "geometry": {"type": "Point", "coordinates": [11.5362, 42.8727]}}, {"type": "Feature", "properties": {"wikidata": "Q952818", "name": "Ronta", "status": "done", "osm_id": "node/502413529", "group": "Insediamenti", "subgroup": "Centri", "subcategory": "Frazione"}, "geometry": {"type": "Point", "coordinates": [11.42894, 44.0031]}}, {"type": "Feature", "properties": {"wikidata": "Q938671", "name": "Palazzo Fagni-Da Diacceto", "status": "done", "osm_id": "way/307129125", "group": "Dimore ed edifici", "subgroup": "Residenze", "subcategory": "Palazzo italiano"}, "geometry": {"type": "Point", "coordinates": [11.257344, 43.768406]}}, {"type": "Feature", "properties": {"wikidata": "Q923025", "name": "Castiglioncello Bandini", "status": "done", "osm_id": "node/493632722", "group": "Insediamenti", "subgroup": "Centri", "subcategory": "Frazione"}, "geometry": {"type": "Point", "coordinates": [11.442222222, 42.874722222]}}, {"type": "Feature", "properties": {"wikidata": "Q923702", "name": "Palazzo Rucellai", "status": "done", "osm_id": "relation/4103996", "group": "Dimore ed edifici", "subgroup": "Residenze", "subcategory": "Palazzo italiano"}, "geometry": {"type": "Point", "coordinates": [11.24959722, 43.77127778]}}, {"type": "Feature", "properties": {"wikidata": "Q952072", "name": "Quercegrossa", "status": "done", "osm_id": "node/1075338361", "group": "Insediamenti", "subgroup": "Centri", "subcategory": "Frazione"}, "geometry": {"type": "Point", "coordinates": [11.307847222, 43.394036111]}}, {"type": "Feature", "properties": {"wikidata": "Q947238", "name": "Museo civico archeologico", "status": "done", "osm_id": "node/4278037603", "group": "Cultura e tempo libero", "subgroup": "Musei", "subcategory": "Museo"}, "geometry": {"type": "Point", "coordinates": [10.4749, 43.4047]}}, {"type": "Feature", "properties": {"wikidata": "Q962065", "name": "cappella Bardi", "status": "missing", "osm_id": null, "group": "Religione", "subgroup": "Luoghi di Culto", "subcategory": "Cappella"}, "geometry": {"type": "Point", "coordinates": [11.2634, 43.7681]}}, {"type": "Feature", "properties": {"wikidata": "Q913295", "name": "Fortezza da Basso", "status": "done", "osm_id": "way/1489561765", "group": "Fortificazioni e militare", "subgroup": "Fortificazioni", "subcategory": "Forte"}, "geometry": {"type": "Point", "coordinates": [11.248853, 43.78163]}}, {"type": "Feature", "properties": {"wikidata": "Q942628", "name": "Fornaci di Barga", "status": "done", "osm_id": "node/975221936", "group": "Insediamenti", "subgroup": "Centri", "subcategory": "Frazione"}, "geometry": {"type": "Point", "coordinates": [10.46666667, 44.05]}}, {"type": "Feature", "properties": {"wikidata": "Q945761", "name": "Bagni San Filippo", "status": "done", "osm_id": "node/2510341160", "group": "Altro", "subgroup": "Altro", "subcategory": "Altro"}, "geometry": {"type": "Point", "coordinates": [11.70138889, 42.93]}}, {"type": "Feature", "properties": {"wikidata": "Q953699", "name": "Comugni", "status": "done", "osm_id": "node/623058433", "group": "Insediamenti", "subgroup": "Centri", "subcategory": "Frazione"}, "geometry": {"type": "Point", "coordinates": [11.67367, 43.54327]}}, {"type": "Feature", "properties": {"wikidata": "Q958790", "name": "Palazzo Strozzi del Poeta", "status": "done", "osm_id": "way/307174621", "group": "Dimore ed edifici", "subgroup": "Residenze", "subcategory": "Palazzo italiano"}, "geometry": {"type": "Point", "coordinates": [11.2513, 43.7707]}}, {"type": "Feature", "properties": {"wikidata": "Q3840694", "name": "lungarno Vespucci", "status": "done", "osm_id": "way/751171843", "group": "Altro", "subgroup": "Altro", "subcategory": "Altro"}, "geometry": {"type": "Point", "coordinates": [11.24256389, 43.77299722]}}, {"type": "Feature", "properties": {"wikidata": "Q3844167", "name": "Mammi di Castiglion Fiorentino", "status": "done", "osm_id": "node/1434671792", "group": "Insediamenti", "subgroup": "Centri", "subcategory": "Frazione"}, "geometry": {"type": "Point", "coordinates": [11.932222222, 43.356944444]}}, {"type": "Feature", "properties": {"wikidata": "Q3852974", "name": "mausoleo Vivarelli", "status": "done", "osm_id": "way/725912641", "group": "Religione", "subgroup": "Luoghi di Culto", "subcategory": "Cappella"}, "geometry": {"type": "Point", "coordinates": [11.13438889, 42.55894444]}}, {"type": "Feature", "properties": {"wikidata": "Q3841999", "name": "Macchia Antonini", "status": "done", "osm_id": "node/1561831173", "group": "Insediamenti", "subgroup": "Centri", "subcategory": "Frazione"}, "geometry": {"type": "Point", "coordinates": [10.786222222, 43.989222222]}}, {"type": "Feature", "properties": {"wikidata": "Q3836430", "name": "Loggia del Capitano", "status": "missing", "osm_id": null, "group": "Altro", "subgroup": "Altro", "subcategory": "Altro"}, "geometry": {"type": "Point", "coordinates": [11.64590278, 42.65711667]}}, {"type": "Feature", "properties": {"wikidata": "Q3858429", "name": "miniera di Caporciano", "status": "missing", "osm_id": null, "group": "Altro", "subgroup": "Altro", "subcategory": "Altro"}, "geometry": {"type": "Point", "coordinates": [10.7379699, 43.3904241]}}, {"type": "Feature", "properties": {"wikidata": "Q3860426", "name": "monastero dell'Angelo", "status": "done", "osm_id": "relation/2523907", "group": "Religione", "subgroup": "Vita Monastica", "subcategory": "Monastero"}, "geometry": {"type": "Point", "coordinates": [10.53649, 43.92544]}}, {"type": "Feature", "properties": {"wikidata": "Q3844571", "name": "Mangona", "status": "done", "osm_id": "node/395370572", "group": "Insediamenti", "subgroup": "Centri", "subcategory": "Frazione"}, "geometry": {"type": "Point", "coordinates": [11.19652, 44.04965]}}, {"type": "Feature", "properties": {"wikidata": "Q3832562", "name": "Linari", "status": "done", "osm_id": "node/489270387", "group": "Insediamenti", "subgroup": "Centri", "subcategory": "Frazione"}, "geometry": {"type": "Point", "coordinates": [11.141287601, 43.497364227]}}, {"type": "Feature", "properties": {"wikidata": "Q3836421", "name": "Logge di Banchi", "status": "done", "osm_id": "way/139761139", "group": "Dimore ed edifici", "subgroup": "Strutture Varie", "subcategory": "Edificio"}, "geometry": {"type": "Point", "coordinates": [10.4014, 43.71521]}}, {"type": "Feature", "properties": {"wikidata": "Q3828404", "name": "Le Piastre", "status": "done", "osm_id": "node/248920214", "group": "Insediamenti", "subgroup": "Centri", "subcategory": "Frazione"}, "geometry": {"type": "Point", "coordinates": [10.835555555, 44.003888888]}}, {"type": "Feature", "properties": {"wikidata": "Q3840690", "name": "lungarno Soderini", "status": "done", "osm_id": "way/24280986", "group": "Altro", "subgroup": "Altro", "subcategory": "Altro"}, "geometry": {"type": "Point", "coordinates": [11.24391667, 43.77069722]}}, {"type": "Feature", "properties": {"wikidata": "Q3832500", "name": "Limite", "status": "done", "osm_id": "node/317055402", "group": "Insediamenti", "subgroup": "Centri", "subcategory": "Frazione"}, "geometry": {"type": "Point", "coordinates": [11.156944444, 43.832777777]}}, {"type": "Feature", "properties": {"wikidata": "Q3840687", "name": "lungarno Corsini", "status": "done", "osm_id": "way/955077384", "group": "Altro", "subgroup": "Altro", "subcategory": "Altro"}, "geometry": {"type": "Point", "coordinates": [11.25003333, 43.76980556]}}, {"type": "Feature", "properties": {"wikidata": "Q3826013", "name": "lago di Poggio Perotto", "status": "done", "osm_id": "way/203993521", "group": "Natura e paesaggio", "subgroup": "Acqua", "subcategory": "Lago"}, "geometry": {"type": "Point", "coordinates": [11.248611111, 42.615277777]}}, {"type": "Feature", "properties": {"wikidata": "Q3828428", "name": "Le Sieci", "status": "done", "osm_id": "node/300685434", "group": "Insediamenti", "subgroup": "Centri", "subcategory": "Frazione"}, "geometry": {"type": "Point", "coordinates": [11.39445, 43.78847]}}, {"type": "Feature", "properties": {"wikidata": "Q3836424", "name": "Loggia dei Bianchi", "status": "done", "osm_id": "way/305822224", "group": "Religione", "subgroup": "Luoghi di Culto", "subcategory": "Edificio religioso"}, "geometry": {"type": "Point", "coordinates": [11.24792222, 43.81378056]}}, {"type": "Feature", "properties": {"wikidata": "Q3843082", "name": "Magazzini Duilio 48", "status": "done", "osm_id": "way/702938449", "group": "Dimore ed edifici", "subgroup": "Strutture Varie", "subcategory": "Edificio"}, "geometry": {"type": "Point", "coordinates": [10.243095251, 43.867086247]}}, {"type": "Feature", "properties": {"wikidata": "Q3848150", "name": "Marinella", "status": "missing", "osm_id": null, "group": "Natura e paesaggio", "subgroup": "Acqua", "subcategory": "Fiume"}, "geometry": {"type": "Point", "coordinates": [11.13099, 43.84173]}}, {"type": "Feature", "properties": {"wikidata": "Q3838342", "name": "Lucardo", "status": "done", "osm_id": "node/495958865", "group": "Insediamenti", "subgroup": "Centri", "subcategory": "Frazione"}, "geometry": {"type": "Point", "coordinates": [11.11719, 43.59923]}}, {"type": "Feature", "properties": {"wikidata": "Q3828338", "name": "Le Focette", "status": "missing", "osm_id": null, "group": "Insediamenti", "subgroup": "Centri", "subcategory": "Frazione"}, "geometry": {"type": "Point", "coordinates": [10.210833333, 43.914166666]}}, {"type": "Feature", "properties": {"wikidata": "Q3840688", "name": "lungarno Guicciardini", "status": "done", "osm_id": "way/24280982", "group": "Altro", "subgroup": "Altro", "subcategory": "Altro"}, "geometry": {"type": "Point", "coordinates": [11.24852778, 43.76904722]}}, {"type": "Feature", "properties": {"wikidata": "Q3832486", "name": "Limentrino", "status": "missing", "osm_id": null, "group": "Natura e paesaggio", "subgroup": "Acqua", "subcategory": "Fiume"}, "geometry": {"type": "Point", "coordinates": [11.01172, 44.00533]}}, {"type": "Feature", "properties": {"wikidata": "Q3828305", "name": "Le Caldane", "status": "missing", "osm_id": null, "group": "Altro", "subgroup": "Altro", "subcategory": "Altro"}, "geometry": {"type": "Point", "coordinates": [11.13441389, 43.39081667]}}, {"type": "Feature", "properties": {"wikidata": "Q3854849", "name": "Mercato dei Fiori Vecchio", "status": "done", "osm_id": "way/174365072", "group": "Altro", "subgroup": "Altro", "subcategory": "Altro"}, "geometry": {"type": "Point", "coordinates": [10.687122, 43.896907]}}, {"type": "Feature", "properties": {"wikidata": "Q3825961", "name": "lago di Gramolazzo", "status": "done", "osm_id": "way/35237876", "group": "Natura e paesaggio", "subgroup": "Acqua", "subcategory": "Bacino artificiale"}, "geometry": {"type": "Point", "coordinates": [10.251111111, 44.163611111]}}, {"type": "Feature", "properties": {"wikidata": "Q3836428", "name": "Loggia del Battistero", "status": "missing", "osm_id": null, "group": "Altro", "subgroup": "Altro", "subcategory": "Altro"}, "geometry": {"type": "Point", "coordinates": [11.04265556, 43.46776111]}}, {"type": "Feature", "properties": {"wikidata": "Q3825652", "name": "lago Boracifero", "status": "done", "osm_id": "relation/7414737", "group": "Natura e paesaggio", "subgroup": "Acqua", "subcategory": "Lago"}, "geometry": {"type": "Point", "coordinates": [10.811527777, 43.154583333]}}, {"type": "Feature", "properties": {"wikidata": "Q3831921", "name": "Liceo Classico Niccol\u00f2 Machiavelli", "status": "done", "osm_id": "node/2993639013", "group": "Altro", "subgroup": "Altro", "subcategory": "Altro"}, "geometry": {"type": "Point", "coordinates": [10.503194444, 43.845527777]}}, {"type": "Feature", "properties": {"wikidata": "Q3826036", "name": "lago di San Floriano", "status": "done", "osm_id": "way/160591244", "group": "Natura e paesaggio", "subgroup": "Acqua", "subcategory": "Lago"}, "geometry": {"type": "Point", "coordinates": [11.361791666, 42.425766666]}}, {"type": "Feature", "properties": {"wikidata": "Q3860238", "name": "Molino del Pero", "status": "missing", "osm_id": null, "group": "Infrastrutture", "subgroup": "Industria e Tecnica", "subcategory": "Mulino"}, "geometry": {"type": "Point", "coordinates": [11.237844444, 43.205127777]}}, {"type": "Feature", "properties": {"wikidata": "Q3843959", "name": "Malmantile", "status": "done", "osm_id": "node/317316809", "group": "Insediamenti", "subgroup": "Centri", "subcategory": "Frazione"}, "geometry": {"type": "Point", "coordinates": [11.07285, 43.74717]}}, {"type": "Feature", "properties": {"wikidata": "Q3832515", "name": "Limonaia di Villa Strozzi", "status": "done", "osm_id": "way/473596062", "group": "Cultura e tempo libero", "subgroup": "Spettacolo", "subcategory": "Teatro"}, "geometry": {"type": "Point", "coordinates": [11.22823333, 43.77073611]}}, {"type": "Feature", "properties": {"wikidata": "Q3827529", "name": "Latrano", "status": "missing", "osm_id": null, "group": "Insediamenti", "subgroup": "Centri", "subcategory": "Localit\u00e0"}, "geometry": {"type": "Point", "coordinates": [10.372106, 42.790965]}}, {"type": "Feature", "properties": {"wikidata": "Q3848096", "name": "Marina di Bibbona", "status": "done", "osm_id": "node/330958484", "group": "Insediamenti", "subgroup": "Centri", "subcategory": "Frazione"}, "geometry": {"type": "Point", "coordinates": [10.533128, 43.244828]}}, {"type": "Feature", "properties": {"wikidata": "Q3860220", "name": "Molina di Quosa", "status": "done", "osm_id": "node/704144435", "group": "Insediamenti", "subgroup": "Centri", "subcategory": "Frazione"}, "geometry": {"type": "Point", "coordinates": [10.42256, 43.79538]}}, {"type": "Feature", "properties": {"wikidata": "Q3825868", "name": "lago dell'Accesa", "status": "done", "osm_id": "relation/15792772", "group": "Natura e paesaggio", "subgroup": "Acqua", "subcategory": "Lago"}, "geometry": {"type": "Point", "coordinates": [10.895494444, 42.98825]}}, {"type": "Feature", "properties": {"wikidata": "Q3836520", "name": "Lolle", "status": "done", "osm_id": "node/1302424679", "group": "Insediamenti", "subgroup": "Centri", "subcategory": "Frazione"}, "geometry": {"type": "Point", "coordinates": [10.76345, 44.03399]}}, {"type": "Feature", "properties": {"wikidata": "Q3828401", "name": "Le Piagge", "status": "missing", "osm_id": null, "group": "Altro", "subgroup": "Altro", "subcategory": "Altro"}, "geometry": {"type": "Point", "coordinates": [11.18194444, 43.7925]}}, {"type": "Feature", "properties": {"wikidata": "Q3836429", "name": "Loggia del Comune", "status": "done", "osm_id": "way/182503886", "group": "Dimore ed edifici", "subgroup": "Residenze", "subcategory": "Palazzo"}, "geometry": {"type": "Point", "coordinates": [11.043324, 43.467654]}}, {"type": "Feature", "properties": {"wikidata": "Q3826915", "name": "Lanificio Figli di Michelangelo Calamai", "status": "done", "osm_id": "way/1063289383", "group": "Altro", "subgroup": "Altro", "subcategory": "Altro"}, "geometry": {"type": "Point", "coordinates": [11.10127222, 43.88881667]}}, {"type": "Feature", "properties": {"wikidata": "Q3831883", "name": "Isis Niccolini Palli", "status": "done", "osm_id": "relation/1859590", "group": "Altro", "subgroup": "Altro", "subcategory": "Altro"}, "geometry": {"type": "Point", "coordinates": [10.31271944, 43.54697222]}}, {"type": "Feature", "properties": {"wikidata": "Q3858788", "name": "Miranduolo", "status": "done", "osm_id": "way/131496120", "group": "Fortificazioni e militare", "subgroup": "Fortificazioni", "subcategory": "Castello in rovina"}, "geometry": {"type": "Point", "coordinates": [11.0798868, 43.119949]}}, {"type": "Feature", "properties": {"wikidata": "Q3844166", "name": "Mammiano", "status": "done", "osm_id": "node/1573794935", "group": "Insediamenti", "subgroup": "Centri", "subcategory": "Frazione"}, "geometry": {"type": "Point", "coordinates": [10.76959, 44.05371]}}, {"type": "Feature", "properties": {"wikidata": "Q3859775", "name": "Mochignano", "status": "done", "osm_id": "node/1003630354", "group": "Insediamenti", "subgroup": "Centri", "subcategory": "Frazione"}, "geometry": {"type": "Point", "coordinates": [10.003611111, 44.324166666]}}, {"type": "Feature", "properties": {"wikidata": "Q3826007", "name": "lago di Porta", "status": "done", "osm_id": "relation/2224867", "group": "Natura e paesaggio", "subgroup": "Acqua", "subcategory": "Lago"}, "geometry": {"type": "Point", "coordinates": [10.16730499, 43.99181747]}}, {"type": "Feature", "properties": {"wikidata": "Q3825825", "name": "teatro romano di Firenze", "status": "missing", "osm_id": null, "group": "Altro", "subgroup": "Altro", "subcategory": "Altro"}, "geometry": {"type": "Point", "coordinates": [11.25729167, 43.76926667]}}, {"type": "Feature", "properties": {"wikidata": "Q3852979", "name": "mausoleo di Ciano", "status": "done", "osm_id": "way/169123215", "group": "Altro", "subgroup": "Altro", "subcategory": "Altro"}, "geometry": {"type": "Point", "coordinates": [10.33957778, 43.490925]}}, {"type": "Feature", "properties": {"wikidata": "Q3857144", "name": "Migliarino Pisano", "status": "done", "osm_id": "node/3476487897", "group": "Insediamenti", "subgroup": "Centri", "subcategory": "Frazione"}, "geometry": {"type": "Point", "coordinates": [10.340625, 43.767108333]}}, {"type": "Feature", "properties": {"wikidata": "Q3858945", "name": "Mirteto", "status": "done", "osm_id": "node/876015599", "group": "Insediamenti", "subgroup": "Centri", "subcategory": "Localit\u00e0"}, "geometry": {"type": "Point", "coordinates": [10.48185, 43.75448]}}, {"type": "Feature", "properties": {"wikidata": "Q3860236", "name": "Molino del Palazzo", "status": "done", "osm_id": "way/114801806", "group": "Infrastrutture", "subgroup": "Industria e Tecnica", "subcategory": "Mulino"}, "geometry": {"type": "Point", "coordinates": [11.266111111, 43.215944444]}}, {"type": "Feature", "properties": {"wikidata": "Q3853684", "name": "Media Valle del Serchio", "status": "missing", "osm_id": null, "group": "Natura e paesaggio", "subgroup": "Montagna", "subcategory": "Valle"}, "geometry": {"type": "Point", "coordinates": [10.539166666, 44.018611111]}}, {"type": "Feature", "properties": {"wikidata": "Q3854843", "name": "Mercato Centrale", "status": "done", "osm_id": "way/480015428", "group": "Altro", "subgroup": "Altro", "subcategory": "Altro"}, "geometry": {"type": "Point", "coordinates": [11.25333333, 43.77666667]}}, {"type": "Feature", "properties": {"wikidata": "Q3854866", "name": "Mercato ortofrutticolo di Novoli", "status": "done", "osm_id": "way/30032842", "group": "Dimore ed edifici", "subgroup": "Strutture Varie", "subcategory": "Edificio"}, "geometry": {"type": "Point", "coordinates": [11.21863056, 43.79823611]}}, {"type": "Feature", "properties": {"wikidata": "Q3840686", "name": "lungarno Diaz", "status": "done", "osm_id": "way/1021972470", "group": "Altro", "subgroup": "Altro", "subcategory": "Altro"}, "geometry": {"type": "Point", "coordinates": [11.25813889, 43.76706667]}}, {"type": "Feature", "properties": {"wikidata": "Q3840695", "name": "lungarno delle Grazie", "status": "done", "osm_id": "way/22930101", "group": "Altro", "subgroup": "Altro", "subcategory": "Altro"}, "geometry": {"type": "Point", "coordinates": [11.26046389, 43.76676111]}}, {"type": "Feature", "properties": {"wikidata": "Q3840713", "name": "lungomare di Livorno", "status": "done", "osm_id": "node/1864027691", "group": "Altro", "subgroup": "Altro", "subcategory": "Altro"}, "geometry": {"type": "Point", "coordinates": [10.30168333, 43.53331944]}}, {"type": "Feature", "properties": {"wikidata": "Q3826039", "name": "lago di Santa Luce", "status": "done", "osm_id": "relation/1763127", "group": "Natura e paesaggio", "subgroup": "Acqua", "subcategory": "Lago"}, "geometry": {"type": "Point", "coordinates": [10.51495, 43.44466]}}, {"type": "Feature", "properties": {"wikidata": "Q3851246", "name": "Massimo Falsetti Cricket Field", "status": "done", "osm_id": "way/497515631", "group": "Cultura e tempo libero", "subgroup": "Sport", "subcategory": "Impianto sportivo"}, "geometry": {"type": "Point", "coordinates": [11.10256389, 42.75603889]}}, {"type": "Feature", "properties": {"wikidata": "Q3855151", "name": "Merigar West", "status": "done", "osm_id": "node/2114554827", "group": "Altro", "subgroup": "Altro", "subcategory": "Altro"}, "geometry": {"type": "Point", "coordinates": [11.545, 42.84833333]}}, {"type": "Feature", "properties": {"wikidata": "Q3840689", "name": "lungarno Serristori", "status": "done", "osm_id": "way/22930118", "group": "Altro", "subgroup": "Altro", "subcategory": "Altro"}, "geometry": {"type": "Point", "coordinates": [11.260775, 43.76523333]}}, {"type": "Feature", "properties": {"wikidata": "Q3825918", "name": "lago di Burano", "status": "done", "osm_id": "way/160591243", "group": "Natura e paesaggio", "subgroup": "Acqua", "subcategory": "Lago"}, "geometry": {"type": "Point", "coordinates": [11.377777777, 42.401111111]}}, {"type": "Feature", "properties": {"wikidata": "Q3840696", "name": "lungarno degli Acciaiuoli", "status": "done", "osm_id": "way/24266841", "group": "Altro", "subgroup": "Altro", "subcategory": "Altro"}, "geometry": {"type": "Point", "coordinates": [11.25192778, 43.76905]}}, {"type": "Feature", "properties": {"wikidata": "Q3836419", "name": "Logge del Papa", "status": "done", "osm_id": "way/45665404", "group": "Dimore ed edifici", "subgroup": "Strutture Varie", "subcategory": "Edificio"}, "geometry": {"type": "Point", "coordinates": [11.3336, 43.3186]}}, {"type": "Feature", "properties": {"wikidata": "Q3831351", "name": "Levigliani", "status": "done", "osm_id": "node/601390201", "group": "Insediamenti", "subgroup": "Centri", "subcategory": "Frazione"}, "geometry": {"type": "Point", "coordinates": [10.316666666, 44.0]}}, {"type": "Feature", "properties": {"wikidata": "Q3848100", "name": "Marina di Cecina", "status": "missing", "osm_id": null, "group": "Insediamenti", "subgroup": "Centri", "subcategory": "Frazione"}, "geometry": {"type": "Point", "coordinates": [10.493678, 43.29951]}}, {"type": "Feature", "properties": {"wikidata": "Q3844645", "name": "Manifattura Tabacchi", "status": "missing", "osm_id": null, "group": "Altro", "subgroup": "Altro", "subcategory": "Altro"}, "geometry": {"type": "Point", "coordinates": [11.22425278, 43.78554444]}}, {"type": "Feature", "properties": {"wikidata": "Q3854735", "name": "Mensa Sant'Agostino", "status": "missing", "osm_id": null, "group": "Altro", "subgroup": "Altro", "subcategory": "Altro"}, "geometry": {"type": "Point", "coordinates": [10.941870229, 43.930847231]}}, {"type": "Feature", "properties": {"wikidata": "Q3854854", "name": "Mercato delle vettovaglie", "status": "done", "osm_id": "way/58304991", "group": "Altro", "subgroup": "Altro", "subcategory": "Altro"}, "geometry": {"type": "Point", "coordinates": [10.31234167, 43.54996944]}}, {"type": "Feature", "properties": {"wikidata": "Q3828328", "name": "Le Cure", "status": "missing", "osm_id": null, "group": "Altro", "subgroup": "Altro", "subcategory": "Altro"}, "geometry": {"type": "Point", "coordinates": [11.26933, 43.78702]}}, {"type": "Feature", "properties": {"wikidata": "Q3849693", "name": "Marliano", "status": "done", "osm_id": "node/317316815", "group": "Insediamenti", "subgroup": "Centri", "subcategory": "Frazione"}, "geometry": {"type": "Point", "coordinates": [11.09592, 43.73544]}}, {"type": "Feature", "properties": {"wikidata": "Q3840691", "name": "lungarno Torrigiani", "status": "done", "osm_id": "way/664868489", "group": "Altro", "subgroup": "Altro", "subcategory": "Altro"}, "geometry": {"type": "Point", "coordinates": [11.25639167, 43.76624722]}}, {"type": "Feature", "properties": {"wikidata": "Q3825915", "name": "lago di Bulera", "status": "missing", "osm_id": null, "group": "Natura e paesaggio", "subgroup": "Acqua", "subcategory": "Lago"}, "geometry": {"type": "Point", "coordinates": [10.92401505, 43.30994056]}}, {"type": "Feature", "properties": {"wikidata": "Q3829325", "name": "Leccio", "status": "done", "osm_id": "node/767385643", "group": "Insediamenti", "subgroup": "Centri", "subcategory": "Frazione"}, "geometry": {"type": "Point", "coordinates": [11.46654, 43.69922]}}, {"type": "Feature", "properties": {"wikidata": "Q3843941", "name": "Maliseti", "status": "done", "osm_id": "node/327569145", "group": "Insediamenti", "subgroup": "Centri", "subcategory": "Frazione"}, "geometry": {"type": "Point", "coordinates": [11.07331, 43.903221]}}, {"type": "Feature", "properties": {"wikidata": "Q3840683", "name": "lungarno Benvenuto Cellini", "status": "done", "osm_id": "way/172015371", "group": "Altro", "subgroup": "Altro", "subcategory": "Altro"}, "geometry": {"type": "Point", "coordinates": [11.26831667, 43.76451944]}}, {"type": "Feature", "properties": {"wikidata": "Q3854850", "name": "Mercato del Carmine", "status": "done", "osm_id": "way/180363104", "group": "Altro", "subgroup": "Altro", "subcategory": "Altro"}, "geometry": {"type": "Point", "coordinates": [10.50601111, 43.84436111]}}, {"type": "Feature", "properties": {"wikidata": "Q3860233", "name": "Molino Serravalle", "status": "missing", "osm_id": null, "group": "Dimore ed edifici", "subgroup": "Strutture Varie", "subcategory": "Edificio"}, "geometry": {"type": "Point", "coordinates": [11.245805555, 43.214305555]}}, {"type": "Feature", "properties": {"wikidata": "Q3842004", "name": "Macchia di Tatti - Berignone", "status": "missing", "osm_id": null, "group": "Natura e paesaggio", "subgroup": "Verde", "subcategory": "Area protetta"}, "geometry": {"type": "Point", "coordinates": [10.934722222, 43.335277777]}}, {"type": "Feature", "properties": {"wikidata": "Q3858435", "name": "Miniera di Ravi Marchi", "status": "missing", "osm_id": null, "group": "Altro", "subgroup": "Altro", "subcategory": "Altro"}, "geometry": {"type": "Point", "coordinates": [10.91444444, 42.91527778]}}, {"type": "Feature", "properties": {"wikidata": "Q3831971", "name": "Istituto Arcivescovile Santa Caterina", "status": "missing", "osm_id": null, "group": "Amministrazione", "subgroup": "Istruzione", "subcategory": "Scuola secondaria"}, "geometry": {"type": "Point", "coordinates": [10.40559107, 43.7217794]}}, {"type": "Feature", "properties": {"wikidata": "Q3850796", "name": "Masiano", "status": "done", "osm_id": "node/1712669999", "group": "Insediamenti", "subgroup": "Centri", "subcategory": "Frazione"}, "geometry": {"type": "Point", "coordinates": [10.925833333, 43.895]}}, {"type": "Feature", "properties": {"wikidata": "Q3832518", "name": "Limoncino", "status": "done", "osm_id": "node/338918573", "group": "Insediamenti", "subgroup": "Centri", "subcategory": "Frazione"}, "geometry": {"type": "Point", "coordinates": [10.372222222, 43.527222222]}}, {"type": "Feature", "properties": {"wikidata": "Q3840693", "name": "lungarno della Zecca Vecchia", "status": "done", "osm_id": "way/25005050", "group": "Altro", "subgroup": "Altro", "subcategory": "Altro"}, "geometry": {"type": "Point", "coordinates": [11.26491389, 43.76641111]}}, {"type": "Feature", "properties": {"wikidata": "Q3858433", "name": "Miniera di Montecastelli", "status": "missing", "osm_id": null, "group": "Altro", "subgroup": "Altro", "subcategory": "Altro"}, "geometry": {"type": "Point", "coordinates": [10.737665686, 43.391028082]}}, {"type": "Feature", "properties": {"wikidata": "Q3891457", "name": "Palazzo della Gherardesca", "status": "done", "osm_id": "relation/1586356", "group": "Dimore ed edifici", "subgroup": "Residenze", "subcategory": "Palazzo"}, "geometry": {"type": "Point", "coordinates": [11.26634444, 43.77721389]}}, {"type": "Feature", "properties": {"wikidata": "Q3891332", "name": "Palazzo del Podest\u00e0", "status": "missing", "osm_id": null, "group": "Dimore ed edifici", "subgroup": "Residenze", "subcategory": "Palazzo"}, "geometry": {"type": "Point", "coordinates": [10.887805555, 43.049972222]}}, {"type": "Feature", "properties": {"wikidata": "Q3670089", "name": "chiesa di San Francesco", "status": "done", "osm_id": "way/1313269745", "group": "Religione", "subgroup": "Luoghi di Culto", "subcategory": "Chiesa"}, "geometry": {"type": "Point", "coordinates": [11.04283056, 43.46563056]}}, {"type": "Feature", "properties": {"wikidata": "Q3891429", "name": "Palazzo Nava", "status": "done", "osm_id": "way/53267028", "group": "Dimore ed edifici", "subgroup": "Residenze", "subcategory": "Palazzo"}, "geometry": {"type": "Point", "coordinates": [11.32951111, 43.32289722]}}, {"type": "Feature", "properties": {"wikidata": "Q3891336", "name": "Palazzo del Podest\u00e0", "status": "missing", "osm_id": null, "group": "Dimore ed edifici", "subgroup": "Residenze", "subcategory": "Palazzo"}, "geometry": {"type": "Point", "coordinates": [10.40167, 43.71821]}}, {"type": "Feature", "properties": {"wikidata": "Q3891323", "name": "Palazzo del Municipio", "status": "done", "osm_id": "way/714333436", "group": "Amministrazione", "subgroup": "Uffici Pubblici", "subcategory": "Municipio"}, "geometry": {"type": "Point", "coordinates": [11.6675782, 43.1889433]}}, {"type": "Feature", "properties": {"wikidata": "Q3891330", "name": "Palazzo del Podest\u00e0", "status": "missing", "osm_id": null, "group": "Dimore ed edifici", "subgroup": "Residenze", "subcategory": "Palazzo"}, "geometry": {"type": "Point", "coordinates": [11.1, 43.7667]}}, {"type": "Feature", "properties": {"wikidata": "Q3670087", "name": "chiesa di San Francesco", "status": "done", "osm_id": "relation/3576313", "group": "Religione", "subgroup": "Luoghi di Culto", "subcategory": "Chiesa"}, "geometry": {"type": "Point", "coordinates": [11.1823, 43.6578]}}, {"type": "Feature", "properties": {"wikidata": "Q3891520", "name": "palazzo delle Poste", "status": "done", "osm_id": "way/253390128", "group": "Dimore ed edifici", "subgroup": "Residenze", "subcategory": "Palazzo"}, "geometry": {"type": "Point", "coordinates": [11.111861111, 42.76395]}}, {"type": "Feature", "properties": {"wikidata": "Q3891545", "name": "Palazzo di Alberto di Zanobi", "status": "done", "osm_id": "relation/4101053", "group": "Dimore ed edifici", "subgroup": "Residenze", "subcategory": "Palazzo"}, "geometry": {"type": "Point", "coordinates": [11.25738889, 43.76856111]}}, {"type": "Feature", "properties": {"wikidata": "Q3891346", "name": "Palazzo del Priorino", "status": "done", "osm_id": "way/395053365", "group": "Dimore ed edifici", "subgroup": "Residenze", "subcategory": "Palazzo"}, "geometry": {"type": "Point", "coordinates": [10.9174042, 43.9305061]}}, {"type": "Feature", "properties": {"wikidata": "Q3891322", "name": "Palazzo del Monte di Piet\u00e0", "status": "done", "osm_id": "way/567102399", "group": "Dimore ed edifici", "subgroup": "Residenze", "subcategory": "Palazzo"}, "geometry": {"type": "Point", "coordinates": [10.307767, 43.553742]}}, {"type": "Feature", "properties": {"wikidata": "Q3891405", "name": "Palazzo dell'Arte della Lana", "status": "done", "osm_id": "way/95537272", "group": "Altro", "subgroup": "Altro", "subcategory": "Altro"}, "geometry": {"type": "Point", "coordinates": [11.254675, 43.770739]}}, {"type": "Feature", "properties": {"wikidata": "Q3891550", "name": "Palazzo di Bettino Ricasoli", "status": "missing", "osm_id": null, "group": "Dimore ed edifici", "subgroup": "Residenze", "subcategory": "Palazzo italiano"}, "geometry": {"type": "Point", "coordinates": [11.25656111, 43.77422222]}}, {"type": "Feature", "properties": {"wikidata": "Q3670078", "name": "chiesa di San Francesco", "status": "done", "osm_id": "way/167195194", "group": "Altro", "subgroup": "Altro", "subcategory": "Altro"}, "geometry": {"type": "Point", "coordinates": [11.67821, 43.07669]}}, {"type": "Feature", "properties": {"wikidata": "Q3891402", "name": "Palazzo dell'Arte dei Giudici e Notai", "status": "missing", "osm_id": null, "group": "Dimore ed edifici", "subgroup": "Residenze", "subcategory": "Palazzo italiano"}, "geometry": {"type": "Point", "coordinates": [11.2581, 43.771]}}, {"type": "Feature", "properties": {"wikidata": "Q3670069", "name": "chiesa di San Francesco", "status": "missing", "osm_id": null, "group": "Religione", "subgroup": "Luoghi di Culto", "subcategory": "Chiesa"}, "geometry": {"type": "Point", "coordinates": [11.01679, 43.13134]}}, {"type": "Feature", "properties": {"wikidata": "Q3891434", "name": "Palazzo della Borsa", "status": "done", "osm_id": "relation/1602101", "group": "Dimore ed edifici", "subgroup": "Residenze", "subcategory": "Palazzo italiano"}, "geometry": {"type": "Point", "coordinates": [11.25698056, 43.76738889]}}, {"type": "Feature", "properties": {"wikidata": "Q3891460", "name": "Palazzo della Marescialla", "status": "done", "osm_id": "relation/7031390", "group": "Dimore ed edifici", "subgroup": "Residenze", "subcategory": "Palazzo italiano"}, "geometry": {"type": "Point", "coordinates": [11.24663889, 43.77163333]}}, {"type": "Feature", "properties": {"wikidata": "Q3670063", "name": "chiesa di San Francesco", "status": "done", "osm_id": "way/162504455", "group": "Religione", "subgroup": "Luoghi di Culto", "subcategory": "Chiesa"}, "geometry": {"type": "Point", "coordinates": [10.890112, 43.053072]}}, {"type": "Feature", "properties": {"wikidata": "Q3670050", "name": "chiesa di San Francesco", "status": "done", "osm_id": "way/702536341", "group": "Religione", "subgroup": "Luoghi di Culto", "subcategory": "Chiesa"}, "geometry": {"type": "Point", "coordinates": [11.810633333, 43.256888888]}}, {"type": "Feature", "properties": {"wikidata": "Q3891400", "name": "Palazzo dell'Arte della Seta", "status": "missing", "osm_id": null, "group": "Dimore ed edifici", "subgroup": "Residenze", "subcategory": "Palazzo"}, "geometry": {"type": "Point", "coordinates": [11.25406944, 43.76961667]}}, {"type": "Feature", "properties": {"wikidata": "Q3891425", "name": "Palazzo della Banca d'Italia", "status": "done", "osm_id": "way/306984404", "group": "Dimore ed edifici", "subgroup": "Residenze", "subcategory": "Palazzo"}, "geometry": {"type": "Point", "coordinates": [11.25920556, 43.77197778]}}, {"type": "Feature", "properties": {"wikidata": "Q3670076", "name": "chiesa di San Francesco", "status": "done", "osm_id": "way/174330402", "group": "Religione", "subgroup": "Luoghi di Culto", "subcategory": "Chiesa"}, "geometry": {"type": "Point", "coordinates": [10.691, 43.905]}}, {"type": "Feature", "properties": {"wikidata": "Q3891326", "name": "Palazzo del Picchetto", "status": "done", "osm_id": "relation/1848356", "group": "Dimore ed edifici", "subgroup": "Residenze", "subcategory": "Palazzo"}, "geometry": {"type": "Point", "coordinates": [10.312262, 43.552351]}}, {"type": "Feature", "properties": {"wikidata": "Q3891334", "name": "Palazzo del Podest\u00e0", "status": "missing", "osm_id": null, "group": "Dimore ed edifici", "subgroup": "Residenze", "subcategory": "Palazzo"}, "geometry": {"type": "Point", "coordinates": [11.56804444, 43.52373333]}}, {"type": "Feature", "properties": {"wikidata": "Q3891467", "name": "Palazzo della Missione", "status": "done", "osm_id": "way/117950737", "group": "Dimore ed edifici", "subgroup": "Residenze", "subcategory": "Palazzo italiano"}, "geometry": {"type": "Point", "coordinates": [11.250161, 43.768419]}}, {"type": "Feature", "properties": {"wikidata": "Q3891450", "name": "Palazzo della Fraternita dei Laici", "status": "done", "osm_id": "way/234822750", "group": "Altro", "subgroup": "Altro", "subcategory": "Altro"}, "geometry": {"type": "Point", "coordinates": [11.884055555, 43.465055555]}}, {"type": "Feature", "properties": {"wikidata": "Q3891375", "name": "Palazzo del Vescovo e del Podest\u00e0", "status": "missing", "osm_id": null, "group": "Dimore ed edifici", "subgroup": "Residenze", "subcategory": "Palazzo"}, "geometry": {"type": "Point", "coordinates": [10.760925, 43.670347]}}, {"type": "Feature", "properties": {"wikidata": "Q3891544", "name": "palazzo dello Spedale", "status": "missing", "osm_id": null, "group": "Dimore ed edifici", "subgroup": "Residenze", "subcategory": "Palazzo"}, "geometry": {"type": "Point", "coordinates": [10.87954167, 42.76458333]}}, {"type": "Feature", "properties": {"wikidata": "Q3670077", "name": "chiesa di San Francesco", "status": "missing", "osm_id": null, "group": "Religione", "subgroup": "Luoghi di Culto", "subcategory": "Chiesa"}, "geometry": {"type": "Point", "coordinates": [11.68881, 42.85197]}}, {"type": "Feature", "properties": {"wikidata": "Q3891557", "name": "Palazzo di Checco il Bello", "status": "missing", "osm_id": null, "group": "Dimore ed edifici", "subgroup": "Residenze", "subcategory": "Palazzo"}, "geometry": {"type": "Point", "coordinates": [11.292638888, 42.599]}}, {"type": "Feature", "properties": {"wikidata": "Q3891365", "name": "Palazzo del Torto", "status": "done", "osm_id": "way/1491793473", "group": "Dimore ed edifici", "subgroup": "Residenze", "subcategory": "Palazzo italiano"}, "geometry": {"type": "Point", "coordinates": [10.40523333, 43.71218889]}}, {"type": "Feature", "properties": {"wikidata": "Q3891398", "name": "Palazzo dell'Arte dei Mercatanti", "status": "missing", "osm_id": null, "group": "Dimore ed edifici", "subgroup": "Residenze", "subcategory": "Palazzo"}, "geometry": {"type": "Point", "coordinates": [11.25515556, 43.76995556]}}, {"type": "Feature", "properties": {"wikidata": "Q3891469", "name": "Palazzo della Provincia", "status": "done", "osm_id": "relation/10002458", "group": "Dimore ed edifici", "subgroup": "Residenze", "subcategory": "Palazzo"}, "geometry": {"type": "Point", "coordinates": [11.882458, 43.466558]}}, {"type": "Feature", "properties": {"wikidata": "Q3891530", "name": "Palazzo delle Poste", "status": "done", "osm_id": "relation/16009875", "group": "Dimore ed edifici", "subgroup": "Residenze", "subcategory": "Palazzo"}, "geometry": {"type": "Point", "coordinates": [10.399705, 43.710316]}}, {"type": "Feature", "properties": {"wikidata": "Q3891571", "name": "Palazzo di Cosimo Ridolfi", "status": "done", "osm_id": "way/306811237", "group": "Dimore ed edifici", "subgroup": "Residenze", "subcategory": "Palazzo italiano"}, "geometry": {"type": "Point", "coordinates": [11.24908611, 43.76677778]}}, {"type": "Feature", "properties": {"wikidata": "Q3891440", "name": "Palazzo della Cassa di Risparmio di Pistoia e Pescia", "status": "done", "osm_id": "relation/3755310", "group": "Dimore ed edifici", "subgroup": "Residenze", "subcategory": "Palazzo"}, "geometry": {"type": "Point", "coordinates": [10.91772778, 43.93264444]}}, {"type": "Feature", "properties": {"wikidata": "Q3891525", "name": "Palazzo delle Poste", "status": "done", "osm_id": "relation/4101359", "group": "Dimore ed edifici", "subgroup": "Residenze", "subcategory": "Palazzo italiano"}, "geometry": {"type": "Point", "coordinates": [11.253289, 43.770667]}}, {"type": "Feature", "properties": {"wikidata": "Q3670083", "name": "chiesa di San Francesco", "status": "done", "osm_id": "way/106644870", "group": "Religione", "subgroup": "Luoghi di Culto", "subcategory": "Chiesa"}, "geometry": {"type": "Point", "coordinates": [10.40675, 43.71875]}}, {"type": "Feature", "properties": {"wikidata": "Q3891485", "name": "palazzo della Sapienza", "status": "done", "osm_id": "relation/1729449", "group": "Dimore ed edifici", "subgroup": "Residenze", "subcategory": "Palazzo italiano"}, "geometry": {"type": "Point", "coordinates": [10.399512, 43.717341]}}, {"type": "Feature", "properties": {"wikidata": "Q3670084", "name": "chiesa di San Francesco", "status": "done", "osm_id": "way/962663736", "group": "Religione", "subgroup": "Luoghi di Culto", "subcategory": "Chiesa"}, "geometry": {"type": "Point", "coordinates": [9.881718, 44.375527]}}, {"type": "Feature", "properties": {"wikidata": "Q3670092", "name": "chiesa di San Francesco", "status": "done", "osm_id": "way/800732469", "group": "Religione", "subgroup": "Luoghi di Culto", "subcategory": "Chiesa"}, "geometry": {"type": "Point", "coordinates": [10.854472222, 43.681805555]}}, {"type": "Feature", "properties": {"wikidata": "Q3891295", "name": "Palazzo del Governo", "status": "done", "osm_id": "relation/1843721", "group": "Dimore ed edifici", "subgroup": "Residenze", "subcategory": "Palazzo"}, "geometry": {"type": "Point", "coordinates": [10.306216, 43.5512]}}, {"type": "Feature", "properties": {"wikidata": "Q3891301", "name": "Palazzo del Greco", "status": "missing", "osm_id": null, "group": "Dimore ed edifici", "subgroup": "Residenze", "subcategory": "Palazzo"}, "geometry": {"type": "Point", "coordinates": [11.18625, 43.65645278]}}, {"type": "Feature", "properties": {"wikidata": "Q3891577", "name": "Palazzo di Gino Capponi", "status": "done", "osm_id": "relation/4086112", "group": "Dimore ed edifici", "subgroup": "Residenze", "subcategory": "Palazzo italiano"}, "geometry": {"type": "Point", "coordinates": [11.26337778, 43.778225]}}, {"type": "Feature", "properties": {"wikidata": "Q3891349", "name": "Palazzo del Refugio", "status": "done", "osm_id": "relation/1907463", "group": "Dimore ed edifici", "subgroup": "Residenze", "subcategory": "Palazzo"}, "geometry": {"type": "Point", "coordinates": [10.30694167, 43.55485278]}}, {"type": "Feature", "properties": {"wikidata": "Q3670065", "name": "chiesa di San Francesco", "status": "done", "osm_id": "way/1067651974", "group": "Religione", "subgroup": "Luoghi di Culto", "subcategory": "Chiesa"}, "geometry": {"type": "Point", "coordinates": [11.492406, 43.059748]}}, {"type": "Feature", "properties": {"wikidata": "Q3891316", "name": "palazzo del Monte dei Paschi di Siena", "status": "done", "osm_id": "way/485044179", "group": "Dimore ed edifici", "subgroup": "Residenze", "subcategory": "Palazzo"}, "geometry": {"type": "Point", "coordinates": [11.11325, 42.76234722]}}, {"type": "Feature", "properties": {"wikidata": "Q3891585", "name": "Palazzo di Giustizia", "status": "missing", "osm_id": null, "group": "Dimore ed edifici", "subgroup": "Residenze", "subcategory": "Palazzo"}, "geometry": {"type": "Point", "coordinates": [11.74579, 43.127909]}}, {"type": "Feature", "properties": {"wikidata": "Q3891293", "name": "Palazzo del Governo", "status": "done", "osm_id": "relation/3397072", "group": "Dimore ed edifici", "subgroup": "Residenze", "subcategory": "Palazzo"}, "geometry": {"type": "Point", "coordinates": [11.11229444, 42.76397222]}}, {"type": "Feature", "properties": {"wikidata": "Q3670082", "name": "chiesa di San Francesco", "status": "missing", "osm_id": null, "group": "Religione", "subgroup": "Luoghi di Culto", "subcategory": "Ex chiesa"}, "geometry": {"type": "Point", "coordinates": [11.67381944, 42.64021111]}}, {"type": "Feature", "properties": {"wikidata": "Q3891409", "name": "Palazzo dell'Ospedaletto", "status": "missing", "osm_id": null, "group": "Dimore ed edifici", "subgroup": "Residenze", "subcategory": "Palazzo"}, "geometry": {"type": "Point", "coordinates": [11.51063889, 42.72984444]}}, {"type": "Feature", "properties": {"wikidata": "Q3891512", "name": "Palazzo delle Poste", "status": "done", "osm_id": "way/466767527", "group": "Dimore ed edifici", "subgroup": "Residenze", "subcategory": "Palazzo"}, "geometry": {"type": "Point", "coordinates": [10.097208, 44.075459]}}, {"type": "Feature", "properties": {"wikidata": "Q3891506", "name": "Palazzo delle Farine", "status": "done", "osm_id": "way/307545798", "group": "Dimore ed edifici", "subgroup": "Residenze", "subcategory": "Palazzo italiano"}, "geometry": {"type": "Point", "coordinates": [11.25630556, 43.77017778]}}, {"type": "Feature", "properties": {"wikidata": "Q3670033", "name": "chiesa di San Francesco", "status": "done", "osm_id": "way/50338034", "group": "Religione", "subgroup": "Luoghi di Culto", "subcategory": "Chiesa"}, "geometry": {"type": "Point", "coordinates": [10.97022, 43.60357]}}, {"type": "Feature", "properties": {"wikidata": "Q3670054", "name": "chiesa di San Francesco", "status": "done", "osm_id": "way/253390129", "group": "Religione", "subgroup": "Luoghi di Culto", "subcategory": "Chiesa"}, "geometry": {"type": "Point", "coordinates": [11.11425, 42.76205556]}}, {"type": "Feature", "properties": {"wikidata": "Q3891505", "name": "Palazzo delle Assicurazioni Generali", "status": "done", "osm_id": "way/307129123", "group": "Dimore ed edifici", "subgroup": "Residenze", "subcategory": "Palazzo italiano"}, "geometry": {"type": "Point", "coordinates": [11.25517222, 43.76968056]}}, {"type": "Feature", "properties": {"wikidata": "Q3891456", "name": "Palazzo della Magione del Tempio", "status": "done", "osm_id": "way/180624338", "group": "Dimore ed edifici", "subgroup": "Residenze", "subcategory": "Palazzo"}, "geometry": {"type": "Point", "coordinates": [10.49931389, 43.84174167]}}, {"type": "Feature", "properties": {"wikidata": "Q3670034", "name": "chiesa di San Francesco", "status": "done", "osm_id": "way/340245832", "group": "Religione", "subgroup": "Luoghi di Culto", "subcategory": "Chiesa"}, "geometry": {"type": "Point", "coordinates": [11.922569444, 43.343569444]}}, {"type": "Feature", "properties": {"wikidata": "Q3891542", "name": "Palazzo delle Vedove", "status": "done", "osm_id": "way/761508758", "group": "Dimore ed edifici", "subgroup": "Residenze", "subcategory": "Palazzo italiano"}, "geometry": {"type": "Point", "coordinates": [10.39631, 43.71659]}}, {"type": "Feature", "properties": {"wikidata": "Q3891581", "name": "Palazzo di Giustizia", "status": "missing", "osm_id": null, "group": "Dimore ed edifici", "subgroup": "Residenze", "subcategory": "Palazzo"}, "geometry": {"type": "Point", "coordinates": [11.191303431, 42.782556051]}}, {"type": "Feature", "properties": {"wikidata": "Q3670048", "name": "chiesa di San Francesco", "status": "done", "osm_id": "way/306486077", "group": "Religione", "subgroup": "Luoghi di Culto", "subcategory": "Chiesa"}, "geometry": {"type": "Point", "coordinates": [11.26652, 43.78259]}}, {"type": "Feature", "properties": {"wikidata": "Q3891333", "name": "Palazzo del Podest\u00e0", "status": "done", "osm_id": "way/306142625", "group": "Dimore ed edifici", "subgroup": "Residenze", "subcategory": "Palazzo italiano"}, "geometry": {"type": "Point", "coordinates": [11.22664722, 43.73903333]}}, {"type": "Feature", "properties": {"wikidata": "Q3891531", "name": "Palazzo delle Poste", "status": "done", "osm_id": "relation/3424581", "group": "Dimore ed edifici", "subgroup": "Residenze", "subcategory": "Palazzo"}, "geometry": {"type": "Point", "coordinates": [10.917534, 43.93236]}}, {"type": "Feature", "properties": {"wikidata": "Q3891314", "name": "Palazzo del Magnifico", "status": "done", "osm_id": "relation/3757205", "group": "Dimore ed edifici", "subgroup": "Residenze", "subcategory": "Palazzo"}, "geometry": {"type": "Point", "coordinates": [11.32977778, 43.31815833]}}, {"type": "Feature", "properties": {"wikidata": "Q3891475", "name": "Palazzo della Questura", "status": "done", "osm_id": "relation/1576822", "group": "Dimore ed edifici", "subgroup": "Residenze", "subcategory": "Palazzo italiano"}, "geometry": {"type": "Point", "coordinates": [11.259325, 43.78142222]}}, {"type": "Feature", "properties": {"wikidata": "Q3670086", "name": "chiesa di San Francesco", "status": "done", "osm_id": "way/180242607", "group": "Religione", "subgroup": "Luoghi di Culto", "subcategory": "Chiesa"}, "geometry": {"type": "Point", "coordinates": [11.09711, 43.87923]}}, {"type": "Feature", "properties": {"wikidata": "Q3670031", "name": "chiesa di San Francesco", "status": "done", "osm_id": "way/466769727", "group": "Religione", "subgroup": "Luoghi di Culto", "subcategory": "Chiesa"}, "geometry": {"type": "Point", "coordinates": [10.1034, 44.07535]}}, {"type": "Feature", "properties": {"wikidata": "Q3891372", "name": "ex palazzo del Tribunale", "status": "missing", "osm_id": null, "group": "Dimore ed edifici", "subgroup": "Residenze", "subcategory": "Palazzo"}, "geometry": {"type": "Point", "coordinates": [11.11364722, 42.76151389]}}, {"type": "Feature", "properties": {"wikidata": "Q3891306", "name": "Palazzo del Littorio", "status": "missing", "osm_id": null, "group": "Altro", "subgroup": "Altro", "subcategory": "Altro"}, "geometry": {"type": "Point", "coordinates": [11.56969167, 43.52164722]}}, {"type": "Feature", "properties": {"wikidata": "Q3891497", "name": "Palazzo delle Colonne di marmo", "status": "done", "osm_id": "way/567102397", "group": "Dimore ed edifici", "subgroup": "Residenze", "subcategory": "Palazzo"}, "geometry": {"type": "Point", "coordinates": [10.307917, 43.553906]}}, {"type": "Feature", "properties": {"wikidata": "Q3891290", "name": "Palazzo del Governo", "status": "done", "osm_id": "way/125738681", "group": "Dimore ed edifici", "subgroup": "Residenze", "subcategory": "Palazzo"}, "geometry": {"type": "Point", "coordinates": [11.875057, 43.463055]}}, {"type": "Feature", "properties": {"wikidata": "Q3891417", "name": "palazzo dell'ex convento", "status": "done", "osm_id": "way/485241651", "group": "Dimore ed edifici", "subgroup": "Residenze", "subcategory": "Palazzo"}, "geometry": {"type": "Point", "coordinates": [11.114985303, 42.759002437]}}, {"type": "Feature", "properties": {"wikidata": "Q3670095", "name": "chiesa di San Francesco", "status": "done", "osm_id": "way/766093790", "group": "Religione", "subgroup": "Luoghi di Culto", "subcategory": "Chiesa"}, "geometry": {"type": "Point", "coordinates": [11.869317, 42.989029]}}, {"type": "Feature", "properties": {"wikidata": "Q3891590", "name": "Palazzo di Giustizia", "status": "done", "osm_id": "relation/2092692", "group": "Dimore ed edifici", "subgroup": "Residenze", "subcategory": "Palazzo"}, "geometry": {"type": "Point", "coordinates": [10.40639444, 43.71608333]}}, {"type": "Feature", "properties": {"wikidata": "Q3891442", "name": "Palazzo della Cassa di Risparmio", "status": "done", "osm_id": "way/306395968", "group": "Dimore ed edifici", "subgroup": "Residenze", "subcategory": "Palazzo italiano"}, "geometry": {"type": "Point", "coordinates": [11.25570833, 43.78084167]}}, {"type": "Feature", "properties": {"wikidata": "Q3670079", "name": "chiesa di San Francesco", "status": "done", "osm_id": "way/280454134", "group": "Religione", "subgroup": "Luoghi di Culto", "subcategory": "Chiesa"}, "geometry": {"type": "Point", "coordinates": [10.228253, 43.96219]}}, {"type": "Feature", "properties": {"wikidata": "Q3891526", "name": "Palazzo delle Poste", "status": "done", "osm_id": "relation/1833280", "group": "Dimore ed edifici", "subgroup": "Strutture Varie", "subcategory": "Edificio"}, "geometry": {"type": "Point", "coordinates": [10.14017, 44.03518]}}, {"type": "Feature", "properties": {"wikidata": "Q3670037", "name": "chiesa di San Francesco", "status": "missing", "osm_id": null, "group": "Religione", "subgroup": "Luoghi di Culto", "subcategory": "Chiesa"}, "geometry": {"type": "Point", "coordinates": [11.947055555, 43.016555555]}}, {"type": "Feature", "properties": {"wikidata": "Q3891584", "name": "Palazzo di Giustizia", "status": "done", "osm_id": "relation/1847902", "group": "Dimore ed edifici", "subgroup": "Residenze", "subcategory": "Palazzo"}, "geometry": {"type": "Point", "coordinates": [10.309011, 43.55417]}}, {"type": "Feature", "properties": {"wikidata": "Q3891549", "name": "Palazzo di Bernardetto de' Medici", "status": "done", "osm_id": "way/306252399", "group": "Dimore ed edifici", "subgroup": "Residenze", "subcategory": "Palazzo italiano"}, "geometry": {"type": "Point", "coordinates": [11.25708333, 43.77668611]}}, {"type": "Feature", "properties": {"wikidata": "Q3891493", "name": "Palazzetto delle Armi", "status": "missing", "osm_id": null, "group": "Dimore ed edifici", "subgroup": "Residenze", "subcategory": "Palazzo"}, "geometry": {"type": "Point", "coordinates": [10.89068, 43.05167]}}, {"type": "Feature", "properties": {"wikidata": "Q3891489", "name": "Palazzo della Specola", "status": "done", "osm_id": "relation/12730985", "group": "Dimore ed edifici", "subgroup": "Residenze", "subcategory": "Palazzo"}, "geometry": {"type": "Point", "coordinates": [10.10072222, 42.58847222]}}, {"type": "Feature", "properties": {"wikidata": "Q3670043", "name": "chiesa di San Francesco", "status": "done", "osm_id": "way/123384667", "group": "Religione", "subgroup": "Luoghi di Culto", "subcategory": "Chiesa"}, "geometry": {"type": "Point", "coordinates": [11.98685, 43.27524]}}, {"type": "Feature", "properties": {"wikidata": "Q3891397", "name": "Palazzo dell'Arte dei Beccai", "status": "missing", "osm_id": null, "group": "Dimore ed edifici", "subgroup": "Strutture Varie", "subcategory": "Struttura architettonica"}, "geometry": {"type": "Point", "coordinates": [11.25485, 43.77098]}}, {"type": "Feature", "properties": {"wikidata": "Q3891448", "name": "Palazzo della Dogana", "status": "done", "osm_id": "way/76654911", "group": "Dimore ed edifici", "subgroup": "Residenze", "subcategory": "Palazzo"}, "geometry": {"type": "Point", "coordinates": [10.307633, 43.552133]}}, {"type": "Feature", "properties": {"wikidata": "Q3670080", "name": "chiesa di San Francesco", "status": "missing", "osm_id": null, "group": "Religione", "subgroup": "Luoghi di Culto", "subcategory": "Chiesa"}, "geometry": {"type": "Point", "coordinates": [10.91219167, 43.93524444]}}, {"type": "Feature", "properties": {"wikidata": "Q3891511", "name": "Palazzo delle Poste", "status": "done", "osm_id": "way/722162111", "group": "Dimore ed edifici", "subgroup": "Residenze", "subcategory": "Palazzo"}, "geometry": {"type": "Point", "coordinates": [11.8794309, 43.464378]}}, {"type": "Feature", "properties": {"wikidata": "Q3891496", "name": "Palazzo delle Cento Finestre", "status": "done", "osm_id": "way/307153301", "group": "Dimore ed edifici", "subgroup": "Residenze", "subcategory": "Palazzo italiano"}, "geometry": {"type": "Point", "coordinates": [11.25253333, 43.77326111]}}, {"type": "Feature", "properties": {"wikidata": "Q3670059", "name": "chiesa di San Francesco", "status": "done", "osm_id": "way/299041252", "group": "Religione", "subgroup": "Luoghi di Culto", "subcategory": "Chiesa"}, "geometry": {"type": "Point", "coordinates": [11.74652, 43.2748]}}, {"type": "Feature", "properties": {"wikidata": "Q3891508", "name": "Palazzo delle Logge", "status": "missing", "osm_id": null, "group": "Dimore ed edifici", "subgroup": "Residenze", "subcategory": "Palazzo"}, "geometry": {"type": "Point", "coordinates": [10.855776, 43.145463]}}, {"type": "Feature", "properties": {"wikidata": "Q3397704", "name": "Ponte Rosso", "status": "done", "osm_id": "way/477687473", "group": "Infrastrutture", "subgroup": "Trasporti", "subcategory": "Ponte"}, "geometry": {"type": "Point", "coordinates": [11.2623, 43.7862]}}, {"type": "Feature", "properties": {"wikidata": "Q3397701", "name": "Ponte Amerigo Vespucci", "status": "done", "osm_id": "way/168134458", "group": "Infrastrutture", "subgroup": "Trasporti", "subcategory": "Ponte"}, "geometry": {"type": "Point", "coordinates": [11.242473, 43.771973]}}, {"type": "Feature", "properties": {"wikidata": "Q3664341", "name": "Cementificio Marchino", "status": "done", "osm_id": "relation/13504226", "group": "Altro", "subgroup": "Altro", "subcategory": "Altro"}, "geometry": {"type": "Point", "coordinates": [11.13258333, 43.86579167]}}, {"type": "Feature", "properties": {"wikidata": "Q3382257", "name": "piazza San Firenze", "status": "done", "osm_id": "relation/17327979", "group": "Insediamenti", "subgroup": "Zone Urbane", "subcategory": "Piazza"}, "geometry": {"type": "Point", "coordinates": [11.25771944, 43.76981111]}}, {"type": "Feature", "properties": {"wikidata": "Q3360907", "name": "Palazzo Pfanner", "status": "done", "osm_id": "way/180148954", "group": "Dimore ed edifici", "subgroup": "Residenze", "subcategory": "Palazzo"}, "geometry": {"type": "Point", "coordinates": [10.50329722, 43.84615]}}, {"type": "Feature", "properties": {"wikidata": "Q3361362", "name": "Palazzo delle Papesse", "status": "done", "osm_id": "way/1293619901", "group": "Dimore ed edifici", "subgroup": "Residenze", "subcategory": "Palazzo"}, "geometry": {"type": "Point", "coordinates": [11.3306, 43.317]}}, {"type": "Feature", "properties": {"wikidata": "Q3361311", "name": "Palazzo Incontri", "status": "done", "osm_id": "way/307544522", "group": "Dimore ed edifici", "subgroup": "Residenze", "subcategory": "Palazzo italiano"}, "geometry": {"type": "Point", "coordinates": [11.2578, 43.7741]}}, {"type": "Feature", "properties": {"wikidata": "Q3361279", "name": "Palazzina dei Mulini", "status": "done", "osm_id": "way/577581186", "group": "Dimore ed edifici", "subgroup": "Residenze", "subcategory": "Villa"}, "geometry": {"type": "Point", "coordinates": [10.332041, 42.817047]}}, {"type": "Feature", "properties": {"wikidata": "Q3388249", "name": "pieve delle Sante Flora e Lucilla", "status": "done", "osm_id": "way/729224000", "group": "Altro", "subgroup": "Altro", "subcategory": "Altro"}, "geometry": {"type": "Point", "coordinates": [11.585232, 42.830377]}}, {"type": "Feature", "properties": {"wikidata": "Q3361357", "name": "Palazzo dell'Antella", "status": "done", "osm_id": "way/307104291", "group": "Dimore ed edifici", "subgroup": "Residenze", "subcategory": "Palazzo"}, "geometry": {"type": "Point", "coordinates": [11.26115278, 43.76870833]}}, {"type": "Feature", "properties": {"wikidata": "Q3346872", "name": "necropoli di Prato Rosello", "status": "done", "osm_id": "way/436906467", "group": "Altro", "subgroup": "Altro", "subcategory": "Altro"}, "geometry": {"type": "Point", "coordinates": [11.05555556, 43.77416667]}}, {"type": "Feature", "properties": {"wikidata": "Q3397708", "name": "Ponte alla Vittoria", "status": "done", "osm_id": "way/24883790", "group": "Infrastrutture", "subgroup": "Trasporti", "subcategory": "Ponte"}, "geometry": {"type": "Point", "coordinates": [11.2344, 43.7749]}}, {"type": "Feature", "properties": {"wikidata": "Q3663007", "name": "Castelnuovo", "status": "done", "osm_id": "node/317055338", "group": "Insediamenti", "subgroup": "Centri", "subcategory": "Frazione"}, "geometry": {"type": "Point", "coordinates": [11.06815, 43.82737]}}, {"type": "Feature", "properties": {"wikidata": "Q3663055", "name": "Castiglione Ubertini", "status": "done", "osm_id": "node/623058435", "group": "Insediamenti", "subgroup": "Centri", "subcategory": "Frazione"}, "geometry": {"type": "Point", "coordinates": [11.63408, 43.52606]}}, {"type": "Feature", "properties": {"wikidata": "Q3361335", "name": "Palazzo Tortoli", "status": "done", "osm_id": "way/182555820", "group": "Dimore ed edifici", "subgroup": "Residenze", "subcategory": "Palazzo"}, "geometry": {"type": "Point", "coordinates": [11.044092, 43.467315]}}, {"type": "Feature", "properties": {"wikidata": "Q3663187", "name": "Catacomba di Santa Caterina d'Alessandria", "status": "missing", "osm_id": null, "group": "Altro", "subgroup": "Altro", "subcategory": "Altro"}, "geometry": {"type": "Point", "coordinates": [11.9528958, 43.0060903]}}, {"type": "Feature", "properties": {"wikidata": "Q3397713", "name": "Ponte all'Indiano", "status": "missing", "osm_id": null, "group": "Altro", "subgroup": "Altro", "subcategory": "Altro"}, "geometry": {"type": "Point", "coordinates": [11.196388888, 43.790277777]}}, {"type": "Feature", "properties": {"wikidata": "Q3388250", "name": "pieve dei Santi Vito e Modesto", "status": "done", "osm_id": "way/1186002274", "group": "Altro", "subgroup": "Altro", "subcategory": "Altro"}, "geometry": {"type": "Point", "coordinates": [11.67137, 43.07701]}}, {"type": "Feature", "properties": {"wikidata": "Q3663049", "name": "Castiglion Balzetti", "status": "done", "osm_id": "way/1207465029", "group": "Fortificazioni e militare", "subgroup": "Fortificazioni", "subcategory": "Castello"}, "geometry": {"type": "Point", "coordinates": [11.20372, 43.20089]}}, {"type": "Feature", "properties": {"wikidata": "Q3663856", "name": "Cavagliano", "status": "done", "osm_id": "node/571394869", "group": "Altro", "subgroup": "Altro", "subcategory": "Altro"}, "geometry": {"type": "Point", "coordinates": [11.140248, 43.899377]}}, {"type": "Feature", "properties": {"wikidata": "Q3663017", "name": "Castelnuovo della Misericordia", "status": "done", "osm_id": "node/338918546", "group": "Insediamenti", "subgroup": "Centri", "subcategory": "Frazione"}, "geometry": {"type": "Point", "coordinates": [10.450083333, 43.442583333]}}, {"type": "Feature", "properties": {"wikidata": "Q3388239", "name": "pieve di San Giorgio", "status": "done", "osm_id": "way/186917286", "group": "Religione", "subgroup": "Luoghi di Culto", "subcategory": "Chiesa"}, "geometry": {"type": "Point", "coordinates": [10.52724, 43.93585]}}, {"type": "Feature", "properties": {"wikidata": "Q3382259", "name": "piazza San Marco", "status": "done", "osm_id": "way/1086789430", "group": "Insediamenti", "subgroup": "Zone Urbane", "subcategory": "Piazza"}, "geometry": {"type": "Point", "coordinates": [11.2587, 43.7779]}}, {"type": "Feature", "properties": {"wikidata": "Q3346866", "name": "necropoli di Palastreto", "status": "done", "osm_id": "way/288633419", "group": "Altro", "subgroup": "Altro", "subcategory": "Altro"}, "geometry": {"type": "Point", "coordinates": [11.2302, 43.8325]}}, {"type": "Feature", "properties": {"wikidata": "Q3361347", "name": "Palazzo Viti", "status": "done", "osm_id": "node/7319261016", "group": "Cultura e tempo libero", "subgroup": "Musei", "subcategory": "Museo"}, "geometry": {"type": "Point", "coordinates": [10.860833333, 43.402611111]}}, {"type": "Feature", "properties": {"wikidata": "Q3364250", "name": "parco delle Cascine", "status": "done", "osm_id": "relation/2175768", "group": "Natura e paesaggio", "subgroup": "Verde", "subcategory": "Parco"}, "geometry": {"type": "Point", "coordinates": [11.21816944, 43.78206667]}}, {"type": "Feature", "properties": {"wikidata": "Q3361282", "name": "Palazzo Aldobrandeschi", "status": "done", "osm_id": "way/485044186", "group": "Dimore ed edifici", "subgroup": "Residenze", "subcategory": "Palazzo"}, "geometry": {"type": "Point", "coordinates": [11.11416667, 42.75972222]}}, {"type": "Feature", "properties": {"wikidata": "Q3361284", "name": "Palazzo Bartolini-Torrigiani", "status": "done", "osm_id": "relation/9459937", "group": "Dimore ed edifici", "subgroup": "Residenze", "subcategory": "Palazzo italiano"}, "geometry": {"type": "Point", "coordinates": [11.252028929, 43.770168519]}}, {"type": "Feature", "properties": {"wikidata": "Q3346878", "name": "necropoli della Banditella", "status": "missing", "osm_id": null, "group": "Altro", "subgroup": "Altro", "subcategory": "Altro"}, "geometry": {"type": "Point", "coordinates": [11.34625, 42.533111111]}}, {"type": "Feature", "properties": {"wikidata": "Q3361314", "name": "Palazzo Nonfinito", "status": "done", "osm_id": "relation/4098970", "group": "Dimore ed edifici", "subgroup": "Residenze", "subcategory": "Palazzo"}, "geometry": {"type": "Point", "coordinates": [11.2584, 43.7717]}}, {"type": "Feature", "properties": {"wikidata": "Q3361303", "name": "Palazzo Ducale", "status": "done", "osm_id": "way/180148963", "group": "Dimore ed edifici", "subgroup": "Residenze", "subcategory": "Palazzo"}, "geometry": {"type": "Point", "coordinates": [10.50203333, 43.84142778]}}, {"type": "Feature", "properties": {"wikidata": "Q3397717", "name": "Ponte di Varlungo", "status": "done", "osm_id": "relation/11760447", "group": "Infrastrutture", "subgroup": "Trasporti", "subcategory": "Ponte"}, "geometry": {"type": "Point", "coordinates": [11.3039, 43.7637]}}, {"type": "Feature", "properties": {"wikidata": "Q3663998", "name": "Cavo", "status": "done", "osm_id": "node/984555005", "group": "Insediamenti", "subgroup": "Centri", "subcategory": "Frazione"}, "geometry": {"type": "Point", "coordinates": [10.421247, 42.859431]}}, {"type": "Feature", "properties": {"wikidata": "Q3662976", "name": "castello il Palagio", "status": "missing", "osm_id": null, "group": "Fortificazioni e militare", "subgroup": "Fortificazioni", "subcategory": "Castello"}, "geometry": {"type": "Point", "coordinates": [11.24358611, 43.61749444]}}, {"type": "Feature", "properties": {"wikidata": "Q3348342", "name": "osservatorio Ximeniano", "status": "done", "osm_id": "way/307153247", "group": "Cultura e tempo libero", "subgroup": "Archivi", "subcategory": "Archivio"}, "geometry": {"type": "Point", "coordinates": [11.255242, 43.774464]}}, {"type": "Feature", "properties": {"wikidata": "Q3346864", "name": "Necropoli di Poggio Renzo", "status": "missing", "osm_id": null, "group": "Altro", "subgroup": "Altro", "subcategory": "Altro"}, "geometry": {"type": "Point", "coordinates": [11.951226, 43.02942]}}, {"type": "Feature", "properties": {"wikidata": "Q3396036", "name": "Pomonte", "status": "done", "osm_id": "node/317675378", "group": "Insediamenti", "subgroup": "Centri", "subcategory": "Frazione"}, "geometry": {"type": "Point", "coordinates": [10.119, 42.749]}}, {"type": "Feature", "properties": {"wikidata": "Q3398708", "name": "Porta Romana", "status": "done", "osm_id": "way/167972690", "group": "Fortificazioni e militare", "subgroup": "Fortificazioni", "subcategory": "Porta cittadina"}, "geometry": {"type": "Point", "coordinates": [11.2419, 43.7607]}}, {"type": "Feature", "properties": {"wikidata": "Q3663029", "name": "Castelvecchio", "status": "done", "osm_id": "relation/17922569", "group": "Altro", "subgroup": "Altro", "subcategory": "Altro"}, "geometry": {"type": "Point", "coordinates": [11.3279, 43.314695]}}, {"type": "Feature", "properties": {"wikidata": "Q3364861", "name": "Area naturale protetta di interesse locale Sterpaia", "status": "done", "osm_id": "relation/3875290", "group": "Altro", "subgroup": "Altro", "subcategory": "Altro"}, "geometry": {"type": "Point", "coordinates": [10.646265167, 42.955489361]}}, {"type": "Feature", "properties": {"wikidata": "Q3663655", "name": "cattedrale della Nativit\u00e0 di Maria di Monte Oliveto Maggiore", "status": "done", "osm_id": "way/185279809", "group": "Altro", "subgroup": "Altro", "subcategory": "Altro"}, "geometry": {"type": "Point", "coordinates": [11.54407, 43.17566]}}, {"type": "Feature", "properties": {"wikidata": "Q3663722", "name": "cattedrale di San Sebastiano", "status": "done", "osm_id": "way/135515494", "group": "Altro", "subgroup": "Altro", "subcategory": "Altro"}, "geometry": {"type": "Point", "coordinates": [10.1391882, 44.0369927]}}, {"type": "Feature", "properties": {"wikidata": "Q3664278", "name": "Cellai", "status": "done", "osm_id": "node/336642605", "group": "Insediamenti", "subgroup": "Centri", "subcategory": "Frazione"}, "geometry": {"type": "Point", "coordinates": [11.40484, 43.70536]}}, {"type": "Feature", "properties": {"wikidata": "Q3360929", "name": "Palazzo Sforza Cesarini", "status": "done", "osm_id": "way/794849440", "group": "Dimore ed edifici", "subgroup": "Residenze", "subcategory": "Palazzo"}, "geometry": {"type": "Point", "coordinates": [11.5856, 42.8316]}}, {"type": "Feature", "properties": {"wikidata": "Q3361320", "name": "Palazzo Pretorio", "status": "done", "osm_id": "way/212068135", "group": "Dimore ed edifici", "subgroup": "Residenze", "subcategory": "Palazzo"}, "geometry": {"type": "Point", "coordinates": [11.64602778, 42.65713056]}}, {"type": "Feature", "properties": {"wikidata": "Q3363950", "name": "Parco archeologico di Baratti e Populonia", "status": "done", "osm_id": "way/1180112074", "group": "Cultura e tempo libero", "subgroup": "Musei", "subcategory": "Museo"}, "geometry": {"type": "Point", "coordinates": [10.510601, 42.991022]}}, {"type": "Feature", "properties": {"wikidata": "Q3388243", "name": "pieve di Santa Maria a Corsano", "status": "done", "osm_id": "way/493777946", "group": "Altro", "subgroup": "Altro", "subcategory": "Altro"}, "geometry": {"type": "Point", "coordinates": [12.0936, 43.5331]}}, {"type": "Feature", "properties": {"wikidata": "Q3361354", "name": "palazzo Comunale", "status": "done", "osm_id": "way/291003755", "group": "Dimore ed edifici", "subgroup": "Residenze", "subcategory": "Palazzo"}, "geometry": {"type": "Point", "coordinates": [11.64575, 42.65707]}}, {"type": "Feature", "properties": {"wikidata": "Q3663015", "name": "Castelnuovo dei Sabbioni", "status": "done", "osm_id": "node/339662814", "group": "Insediamenti", "subgroup": "Centri", "subcategory": "Frazione"}, "geometry": {"type": "Point", "coordinates": [11.45234, 43.54093]}}, {"type": "Feature", "properties": {"wikidata": "Q3346891", "name": "necropoli delle Pianacce", "status": "done", "osm_id": "node/767312997", "group": "Altro", "subgroup": "Altro", "subcategory": "Altro"}, "geometry": {"type": "Point", "coordinates": [11.884712, 42.9855674]}}, {"type": "Feature", "properties": {"wikidata": "Q3368263", "name": "Passerella dell'Isolotto", "status": "done", "osm_id": "way/957840367", "group": "Infrastrutture", "subgroup": "Trasporti", "subcategory": "Ponte"}, "geometry": {"type": "Point", "coordinates": [11.2182, 43.78]}}, {"type": "Feature", "properties": {"wikidata": "Q3360912", "name": "Palazzo Pucci", "status": "done", "osm_id": "relation/4107740", "group": "Dimore ed edifici", "subgroup": "Residenze", "subcategory": "Palazzo italiano"}, "geometry": {"type": "Point", "coordinates": [11.25758611, 43.77443333]}}, {"type": "Feature", "properties": {"wikidata": "Q3382251", "name": "piazza Grande", "status": "done", "osm_id": "way/22720357", "group": "Insediamenti", "subgroup": "Zone Urbane", "subcategory": "Piazza"}, "geometry": {"type": "Point", "coordinates": [11.884224, 43.464688]}}, {"type": "Feature", "properties": {"wikidata": "Q3388251", "name": "Pieve di San Lorenzo", "status": "done", "osm_id": "way/182564255", "group": "Altro", "subgroup": "Altro", "subcategory": "Altro"}, "geometry": {"type": "Point", "coordinates": [11.38739, 43.95368]}}, {"type": "Feature", "properties": {"wikidata": "Q3346863", "name": "necropoli di Poggio Buco", "status": "done", "osm_id": "way/1130885272", "group": "Altro", "subgroup": "Altro", "subcategory": "Altro"}, "geometry": {"type": "Point", "coordinates": [11.583611111, 42.588611111]}}, {"type": "Feature", "properties": {"wikidata": "Q3663050", "name": "Castiglion del Torto", "status": "done", "osm_id": "relation/20341249", "group": "Fortificazioni e militare", "subgroup": "Fortificazioni", "subcategory": "Castello"}, "geometry": {"type": "Point", "coordinates": [11.441875, 42.87504167]}}, {"type": "Feature", "properties": {"wikidata": "Q3663027", "name": "Castelvecchio", "status": "done", "osm_id": "node/1148907265", "group": "Archeologia", "subgroup": "Siti", "subcategory": "Citt\u00e0 antica"}, "geometry": {"type": "Point", "coordinates": [11.0037, 43.4335]}}, {"type": "Feature", "properties": {"wikidata": "Q3663906", "name": "Cavallaccio RC10", "status": "done", "osm_id": "way/306523283", "group": "Dimore ed edifici", "subgroup": "Residenze", "subcategory": "Palazzo italiano"}, "geometry": {"type": "Point", "coordinates": [11.19329444, 43.774]}}, {"type": "Feature", "properties": {"wikidata": "Q3364864", "name": "parco archeologico Citt\u00e0 del Tufo", "status": "missing", "osm_id": null, "group": "Archeologia", "subgroup": "Siti", "subcategory": "Parco archeologico"}, "geometry": {"type": "Point", "coordinates": [11.63511944, 42.65835833]}}, {"type": "Feature", "properties": {"wikidata": "Q3361291", "name": "Palazzo Chigi-Saracini", "status": "done", "osm_id": "relation/17726597", "group": "Dimore ed edifici", "subgroup": "Residenze", "subcategory": "Palazzo"}, "geometry": {"type": "Point", "coordinates": [11.330902777, 43.317075]}}, {"type": "Feature", "properties": {"wikidata": "Q3663030", "name": "Castelvecchio Pascoli", "status": "done", "osm_id": "node/975221731", "group": "Insediamenti", "subgroup": "Centri", "subcategory": "Frazione"}, "geometry": {"type": "Point", "coordinates": [10.4625, 44.0825]}}, {"type": "Feature", "properties": {"wikidata": "Q3397718", "name": "ponte di Mezzo", "status": "done", "osm_id": "way/777657433", "group": "Altro", "subgroup": "Altro", "subcategory": "Altro"}, "geometry": {"type": "Point", "coordinates": [10.40193, 43.71591]}}, {"type": "Feature", "properties": {"wikidata": "Q3361290", "name": "Palazzo Corsi", "status": "missing", "osm_id": null, "group": "Dimore ed edifici", "subgroup": "Residenze", "subcategory": "Palazzo"}, "geometry": {"type": "Point", "coordinates": [11.2596, 43.7675]}}, {"type": "Feature", "properties": {"wikidata": "Q3354176", "name": "Opificio delle pietre dure", "status": "done", "osm_id": "node/7285918791", "group": "Altro", "subgroup": "Altro", "subcategory": "Altro"}, "geometry": {"type": "Point", "coordinates": [11.258986111, 43.776105555]}}, {"type": "Feature", "properties": {"wikidata": "Q3663188", "name": "Catacomba di Santa Mustiola", "status": "missing", "osm_id": null, "group": "Altro", "subgroup": "Altro", "subcategory": "Altro"}, "geometry": {"type": "Point", "coordinates": [11.959930038, 43.022379164]}}, {"type": "Feature", "properties": {"wikidata": "Q3382255", "name": "piazza Ognissanti", "status": "done", "osm_id": "way/1087034424", "group": "Insediamenti", "subgroup": "Zone Urbane", "subcategory": "Piazza"}, "geometry": {"type": "Point", "coordinates": [11.2454, 43.7722]}}, {"type": "Feature", "properties": {"wikidata": "Q3397715", "name": "Ponte dell'autostrada A1", "status": "done", "osm_id": "way/28925402", "group": "Infrastrutture", "subgroup": "Trasporti", "subcategory": "Ponte"}, "geometry": {"type": "Point", "coordinates": [11.158611111, 43.786944444]}}, {"type": "Feature", "properties": {"wikidata": "Q3663016", "name": "Castelnuovo dell'Abate", "status": "done", "osm_id": "node/2623341726", "group": "Insediamenti", "subgroup": "Centri", "subcategory": "Frazione"}, "geometry": {"type": "Point", "coordinates": [11.516944444, 42.994722222]}}, {"type": "Feature", "properties": {"wikidata": "Q3397702", "name": "Ponte Giovanni da Verrazzano", "status": "done", "osm_id": "way/1487963749", "group": "Infrastrutture", "subgroup": "Trasporti", "subcategory": "Ponte"}, "geometry": {"type": "Point", "coordinates": [11.2818, 43.765]}}, {"type": "Feature", "properties": {"wikidata": "Q3663157", "name": "Catabbio", "status": "done", "osm_id": "node/2464978235", "group": "Insediamenti", "subgroup": "Centri", "subcategory": "Frazione"}, "geometry": {"type": "Point", "coordinates": [11.568333333, 42.702222222]}}, {"type": "Feature", "properties": {"wikidata": "Q3360932", "name": "Palazzo Taddei", "status": "done", "osm_id": "way/306395964", "group": "Dimore ed edifici", "subgroup": "Residenze", "subcategory": "Palazzo italiano"}, "geometry": {"type": "Point", "coordinates": [11.2556, 43.7763]}}, {"type": "Feature", "properties": {"wikidata": "Q3663224", "name": "Catagnana", "status": "done", "osm_id": "node/1293853401", "group": "Insediamenti", "subgroup": "Centri", "subcategory": "Frazione"}, "geometry": {"type": "Point", "coordinates": [10.493611111, 44.0875]}}, {"type": "Feature", "properties": {"wikidata": "Q3867941", "name": "Museo del ciclismo Gino Bartali", "status": "done", "osm_id": "node/2361706238", "group": "Altro", "subgroup": "Altro", "subcategory": "Altro"}, "geometry": {"type": "Point", "coordinates": [11.293645, 43.740457]}}, {"type": "Feature", "properties": {"wikidata": "Q3669179", "name": "chiesa della Santissima Annunziata", "status": "done", "osm_id": "way/696050928", "group": "Religione", "subgroup": "Luoghi di Culto", "subcategory": "Chiesa"}, "geometry": {"type": "Point", "coordinates": [9.88809, 44.36408]}}, {"type": "Feature", "properties": {"wikidata": "Q3867932", "name": "Museo del tesoro di santa Maria dell'Impruneta", "status": "done", "osm_id": "node/7305740440", "group": "Cultura e tempo libero", "subgroup": "Musei", "subcategory": "Museo"}, "geometry": {"type": "Point", "coordinates": [11.25502, 43.685066]}}, {"type": "Feature", "properties": {"wikidata": "Q3669200", "name": "chiesa della Santissima Concezione", "status": "done", "osm_id": "way/369368961", "group": "Religione", "subgroup": "Luoghi di Culto", "subcategory": "Chiesa"}, "geometry": {"type": "Point", "coordinates": [10.380844444, 43.738533333]}}, {"type": "Feature", "properties": {"wikidata": "Q3867983", "name": "Museo del tessuto", "status": "done", "osm_id": "node/2080887279", "group": "Cultura e tempo libero", "subgroup": "Musei", "subcategory": "Museo"}, "geometry": {"type": "Point", "coordinates": [11.097908, 43.876516]}}, {"type": "Feature", "properties": {"wikidata": "Q3867949", "name": "Museo del fumetto e dell'immagine", "status": "done", "osm_id": "way/180240249", "group": "Cultura e tempo libero", "subgroup": "Musei", "subcategory": "Museo"}, "geometry": {"type": "Point", "coordinates": [10.499612, 43.841128]}}, {"type": "Feature", "properties": {"wikidata": "Q3867881", "name": "Casa di Dante in Lunigiana", "status": "done", "osm_id": "node/7319414530", "group": "Cultura e tempo libero", "subgroup": "Musei", "subcategory": "Museo"}, "geometry": {"type": "Point", "coordinates": [9.889774, 44.315839]}}, {"type": "Feature", "properties": {"wikidata": "Q3867906", "name": "Museo dei ragazzi", "status": "missing", "osm_id": null, "group": "Cultura e tempo libero", "subgroup": "Musei", "subcategory": "Museo"}, "geometry": {"type": "Point", "coordinates": [11.256727, 43.769312]}}, {"type": "Feature", "properties": {"wikidata": "Q3867969", "name": "Museo del ricamo", "status": "done", "osm_id": "node/3979701656", "group": "Cultura e tempo libero", "subgroup": "Musei", "subcategory": "Museo"}, "geometry": {"type": "Point", "coordinates": [10.918578, 43.933717]}}, {"type": "Feature", "properties": {"wikidata": "Q3669183", "name": "chiesa della Santissima Annunziata", "status": "done", "osm_id": "way/800732471", "group": "Religione", "subgroup": "Luoghi di Culto", "subcategory": "Chiesa"}, "geometry": {"type": "Point", "coordinates": [10.84598, 43.67787]}}, {"type": "Feature", "properties": {"wikidata": "Q3669216", "name": "chiesa della Santissima Trinit\u00e0", "status": "done", "osm_id": "way/87997288", "group": "Religione", "subgroup": "Luoghi di Culto", "subcategory": "Chiesa"}, "geometry": {"type": "Point", "coordinates": [10.310478, 43.541109]}}, {"type": "Feature", "properties": {"wikidata": "Q3868037", "name": "Museo della Contrada di Valdimontone", "status": "done", "osm_id": "node/7319009987", "group": "Cultura e tempo libero", "subgroup": "Musei", "subcategory": "Museo"}, "geometry": {"type": "Point", "coordinates": [11.338842524, 43.315066365]}}, {"type": "Feature", "properties": {"wikidata": "Q3669217", "name": "chiesa della Santissima Trinit\u00e0", "status": "done", "osm_id": "way/296878921", "group": "Religione", "subgroup": "Luoghi di Culto", "subcategory": "Chiesa"}, "geometry": {"type": "Point", "coordinates": [10.5103, 43.8426]}}, {"type": "Feature", "properties": {"wikidata": "Q3867937", "name": "Museo del calcio", "status": "done", "osm_id": "way/733653905", "group": "Cultura e tempo libero", "subgroup": "Musei", "subcategory": "Museo"}, "geometry": {"type": "Point", "coordinates": [11.302771, 43.777768]}}, {"type": "Feature", "properties": {"wikidata": "Q3669187", "name": "chiesa della Santissima Annunziata", "status": "done", "osm_id": "way/189347240", "group": "Religione", "subgroup": "Luoghi di Culto", "subcategory": "Chiesa"}, "geometry": {"type": "Point", "coordinates": [10.64669, 43.10585]}}, {"type": "Feature", "properties": {"wikidata": "Q3669184", "name": "chiesa della Santissima Annunziata", "status": "done", "osm_id": "way/48174025", "group": "Religione", "subgroup": "Luoghi di Culto", "subcategory": "Chiesa"}, "geometry": {"type": "Point", "coordinates": [11.3285, 43.3171]}}, {"type": "Feature", "properties": {"wikidata": "Q3867936", "name": "Museo etnografico del bosco e della mezzadria", "status": "done", "osm_id": "node/7318884167", "group": "Cultura e tempo libero", "subgroup": "Musei", "subcategory": "Museo etnografico"}, "geometry": {"type": "Point", "coordinates": [11.256397, 43.209217]}}, {"type": "Feature", "properties": {"wikidata": "Q3669245", "name": "chiesa della Visitazione", "status": "done", "osm_id": "way/727181227", "group": "Religione", "subgroup": "Luoghi di Culto", "subcategory": "Chiesa"}, "geometry": {"type": "Point", "coordinates": [11.54372222, 42.68355556]}}, {"type": "Feature", "properties": {"wikidata": "Q3669269", "name": "chiesa delle Sante Flora e Lucilla", "status": "done", "osm_id": "way/618249451", "group": "Religione", "subgroup": "Luoghi di Culto", "subcategory": "Chiesa"}, "geometry": {"type": "Point", "coordinates": [11.7392, 43.64194]}}, {"type": "Feature", "properties": {"wikidata": "Q3867889", "name": "Museo degli strumenti musicali", "status": "missing", "osm_id": null, "group": "Cultura e tempo libero", "subgroup": "Musei", "subcategory": "Museo d'arte"}, "geometry": {"type": "Point", "coordinates": [11.2589, 43.7765]}}, {"type": "Feature", "properties": {"wikidata": "Q3868047", "name": "Museo della Resistenza di Sansepolcro", "status": "done", "osm_id": "node/5016773439", "group": "Cultura e tempo libero", "subgroup": "Musei", "subcategory": "Museo"}, "geometry": {"type": "Point", "coordinates": [12.141424, 43.5711]}}, {"type": "Feature", "properties": {"wikidata": "Q3868008", "name": "Museo dell'acqua e del mulino", "status": "missing", "osm_id": null, "group": "Cultura e tempo libero", "subgroup": "Musei", "subcategory": "Museo"}, "geometry": {"type": "Point", "coordinates": [11.9840793, 43.644082]}}, {"type": "Feature", "properties": {"wikidata": "Q3669206", "name": "chiesa della Santissima Trinit\u00e0", "status": "done", "osm_id": "way/722162113", "group": "Religione", "subgroup": "Luoghi di Culto", "subcategory": "Chiesa"}, "geometry": {"type": "Point", "coordinates": [11.878671, 43.464558]}}, {"type": "Feature", "properties": {"wikidata": "Q3669228", "name": "chiesa della Santissima Trinit\u00e0 a Viaccia", "status": "done", "osm_id": "relation/6040594", "group": "Religione", "subgroup": "Luoghi di Culto", "subcategory": "Chiesa"}, "geometry": {"type": "Point", "coordinates": [11.0582519, 43.8990181]}}, {"type": "Feature", "properties": {"wikidata": "Q3867884", "name": "Tesoro dei Granduchi", "status": "missing", "osm_id": null, "group": "Cultura e tempo libero", "subgroup": "Musei", "subcategory": "Museo d'arte"}, "geometry": {"type": "Point", "coordinates": [11.249968, 43.765275]}}, {"type": "Feature", "properties": {"wikidata": "Q3867957", "name": "museo del mare", "status": "done", "osm_id": "node/4096962706", "group": "Cultura e tempo libero", "subgroup": "Musei", "subcategory": "Museo"}, "geometry": {"type": "Point", "coordinates": [10.5262, 42.9214]}}, {"type": "Feature", "properties": {"wikidata": "Q3669270", "name": "chiesa delle Sante Flora e Lucilla", "status": "done", "osm_id": "way/454833754", "group": "Religione", "subgroup": "Luoghi di Culto", "subcategory": "Chiesa"}, "geometry": {"type": "Point", "coordinates": [11.65096, 43.15608]}}, {"type": "Feature", "properties": {"wikidata": "Q3867947", "name": "Museo del cristallo", "status": "done", "osm_id": "way/959702716", "group": "Cultura e tempo libero", "subgroup": "Musei", "subcategory": "Museo"}, "geometry": {"type": "Point", "coordinates": [11.1213476, 43.4227273]}}, {"type": "Feature", "properties": {"wikidata": "Q3867994", "name": "Museo dell'Accademia Etrusca e della citt\u00e0 di Cortona", "status": "done", "osm_id": "node/1601704906", "group": "Cultura e tempo libero", "subgroup": "Musei", "subcategory": "Museo"}, "geometry": {"type": "Point", "coordinates": [11.984905, 43.275448]}}, {"type": "Feature", "properties": {"wikidata": "Q3669259", "name": "chiesa delle Carceri di Sant'Ansano", "status": "missing", "osm_id": null, "group": "Religione", "subgroup": "Luoghi di Culto", "subcategory": "Oratorio"}, "geometry": {"type": "Point", "coordinates": [11.327977, 43.314304]}}, {"type": "Feature", "properties": {"wikidata": "Q3669262", "name": "chiesa delle Clarisse", "status": "done", "osm_id": "way/48919289", "group": "Religione", "subgroup": "Luoghi di Culto", "subcategory": "Chiesa"}, "geometry": {"type": "Point", "coordinates": [11.3255, 43.3152]}}, {"type": "Feature", "properties": {"wikidata": "Q3669214", "name": "chiesa della Santissima Trinit\u00e0", "status": "missing", "osm_id": null, "group": "Religione", "subgroup": "Luoghi di Culto", "subcategory": "Chiesa"}, "geometry": {"type": "Point", "coordinates": [11.818413888, 43.252733333]}}, {"type": "Feature", "properties": {"wikidata": "Q3669196", "name": "chiesa della Santissima Annunziata dei Servi", "status": "done", "osm_id": "way/173618915", "group": "Religione", "subgroup": "Luoghi di Culto", "subcategory": "Chiesa"}, "geometry": {"type": "Point", "coordinates": [10.50688, 43.84194]}}, {"type": "Feature", "properties": {"wikidata": "Q3669188", "name": "chiesa della Santissima Annunziata", "status": "done", "osm_id": "way/195996125", "group": "Religione", "subgroup": "Luoghi di Culto", "subcategory": "Chiesa"}, "geometry": {"type": "Point", "coordinates": [11.02439444, 43.01656389]}}, {"type": "Feature", "properties": {"wikidata": "Q3669192", "name": "chiesa della Santissima Annunziata", "status": "done", "osm_id": "way/593050244", "group": "Religione", "subgroup": "Luoghi di Culto", "subcategory": "Chiesa"}, "geometry": {"type": "Point", "coordinates": [10.5147, 43.70097]}}, {"type": "Feature", "properties": {"wikidata": "Q3669201", "name": "chiesa della Santissima Concezione", "status": "done", "osm_id": "way/220310664", "group": "Religione", "subgroup": "Luoghi di Culto", "subcategory": "Chiesa"}, "geometry": {"type": "Point", "coordinates": [11.141412, 42.922837]}}, {"type": "Feature", "properties": {"wikidata": "Q3669182", "name": "chiesa della Santissima Annunziata", "status": "missing", "osm_id": null, "group": "Religione", "subgroup": "Luoghi di Culto", "subcategory": "Chiesa"}, "geometry": {"type": "Point", "coordinates": [11.53119, 43.56465]}}, {"type": "Feature", "properties": {"wikidata": "Q3669271", "name": "chiesa delle Sante Flora e Lucilla", "status": "done", "osm_id": "way/713548999", "group": "Religione", "subgroup": "Luoghi di Culto", "subcategory": "Chiesa"}, "geometry": {"type": "Point", "coordinates": [11.771775, 43.16659]}}, {"type": "Feature", "properties": {"wikidata": "Q3669191", "name": "chiesa della Santissima Annunziata", "status": "missing", "osm_id": null, "group": "Religione", "subgroup": "Luoghi di Culto", "subcategory": "Chiesa"}, "geometry": {"type": "Point", "coordinates": [11.772486111, 43.1674]}}, {"type": "Feature", "properties": {"wikidata": "Q3669237", "name": "chiesa della Santissima Vergine dei Dolori", "status": "done", "osm_id": "way/369666934", "group": "Religione", "subgroup": "Luoghi di Culto", "subcategory": "Chiesa"}, "geometry": {"type": "Point", "coordinates": [10.59081, 43.87083]}}, {"type": "Feature", "properties": {"wikidata": "Q3669178", "name": "chiesa della Santissima Annunziata", "status": "done", "osm_id": "way/233637364", "group": "Religione", "subgroup": "Luoghi di Culto", "subcategory": "Chiesa"}, "geometry": {"type": "Point", "coordinates": [10.92198, 43.932114]}}, {"type": "Feature", "properties": {"wikidata": "Q3895574", "name": "parco di Pinocchio", "status": "done", "osm_id": "way/197778365", "group": "Monumenti", "subgroup": "Monumenti", "subcategory": "Monumento"}, "geometry": {"type": "Point", "coordinates": [10.652652, 43.899143]}}, {"type": "Feature", "properties": {"wikidata": "Q3884573", "name": "oratorio della Santa Croce", "status": "missing", "osm_id": null, "group": "Religione", "subgroup": "Luoghi di Culto", "subcategory": "Oratorio"}, "geometry": {"type": "Point", "coordinates": [10.85209722, 42.90772778]}}, {"type": "Feature", "properties": {"wikidata": "Q3884542", "name": "oratorio della Madonna della Querce", "status": "done", "osm_id": "way/306523260", "group": "Religione", "subgroup": "Luoghi di Culto", "subcategory": "Oratorio"}, "geometry": {"type": "Point", "coordinates": [11.217405, 43.7753215]}}, {"type": "Feature", "properties": {"wikidata": "Q3895612", "name": "parco galileiano", "status": "missing", "osm_id": null, "group": "Natura e paesaggio", "subgroup": "Verde", "subcategory": "Parco cittadino"}, "geometry": {"type": "Point", "coordinates": [10.38959, 43.71484]}}, {"type": "Feature", "properties": {"wikidata": "Q3891614", "name": "palazzo di Valfonda", "status": "done", "osm_id": "relation/4088966", "group": "Dimore ed edifici", "subgroup": "Residenze", "subcategory": "Palazzo italiano"}, "geometry": {"type": "Point", "coordinates": [11.248514, 43.778372]}}, {"type": "Feature", "properties": {"wikidata": "Q3891681", "name": "Palazzuolo", "status": "done", "osm_id": "node/259417388", "group": "Insediamenti", "subgroup": "Centri", "subcategory": "Frazione"}, "geometry": {"type": "Point", "coordinates": [11.64507, 43.35489]}}, {"type": "Feature", "properties": {"wikidata": "Q3895377", "name": "parco Chico Mendes", "status": "missing", "osm_id": null, "group": "Natura e paesaggio", "subgroup": "Verde", "subcategory": "Parco cittadino"}, "geometry": {"type": "Point", "coordinates": [11.14166667, 43.79166667]}}, {"type": "Feature", "properties": {"wikidata": "Q3884559", "name": "oratorio della Misericordia", "status": "missing", "osm_id": null, "group": "Religione", "subgroup": "Luoghi di Culto", "subcategory": "Oratorio"}, "geometry": {"type": "Point", "coordinates": [11.28047222, 42.99415278]}}, {"type": "Feature", "properties": {"wikidata": "Q3884618", "name": "oratorio di San Bartolomeo", "status": "done", "osm_id": "way/100143608", "group": "Religione", "subgroup": "Luoghi di Culto", "subcategory": "Oratorio"}, "geometry": {"type": "Point", "coordinates": [11.1895, 43.6592]}}, {"type": "Feature", "properties": {"wikidata": "Q3895424", "name": "parco Pertini", "status": "done", "osm_id": "way/28914049", "group": "Natura e paesaggio", "subgroup": "Verde", "subcategory": "Parco"}, "geometry": {"type": "Point", "coordinates": [10.32099167, 43.55276389]}}, {"type": "Feature", "properties": {"wikidata": "Q3884556", "name": "chiesa della Madonna di Ripaia", "status": "missing", "osm_id": null, "group": "Religione", "subgroup": "Luoghi di Culto", "subcategory": "Chiesa"}, "geometry": {"type": "Point", "coordinates": [10.681092, 43.627633]}}, {"type": "Feature", "properties": {"wikidata": "Q3884633", "name": "oratorio di San Biagio alla Tagliata", "status": "missing", "osm_id": null, "group": "Religione", "subgroup": "Luoghi di Culto", "subcategory": "Oratorio"}, "geometry": {"type": "Point", "coordinates": [11.289361, 42.408639]}}, {"type": "Feature", "properties": {"wikidata": "Q3895600", "name": "parco faunistico del Monte Amiata", "status": "missing", "osm_id": null, "group": "Altro", "subgroup": "Altro", "subcategory": "Altro"}, "geometry": {"type": "Point", "coordinates": [11.53416667, 42.82805556]}}, {"type": "Feature", "properties": {"wikidata": "Q3884577", "name": "oratorio della Santissima Annunziata", "status": "missing", "osm_id": null, "group": "Religione", "subgroup": "Luoghi di Culto", "subcategory": "Oratorio"}, "geometry": {"type": "Point", "coordinates": [11.516083, 42.5875]}}, {"type": "Feature", "properties": {"wikidata": "Q3893502", "name": "Panzano in Chianti", "status": "done", "osm_id": "node/331345547", "group": "Insediamenti", "subgroup": "Centri", "subcategory": "Frazione"}, "geometry": {"type": "Point", "coordinates": [11.313605555, 43.545730555]}}, {"type": "Feature", "properties": {"wikidata": "Q3884582", "name": "oratorio della Santissima Annunziata", "status": "done", "osm_id": "way/306219386", "group": "Religione", "subgroup": "Luoghi di Culto", "subcategory": "Oratorio"}, "geometry": {"type": "Point", "coordinates": [11.19676389, 43.79724444]}}, {"type": "Feature", "properties": {"wikidata": "Q3884566", "name": "oratorio della Purificazione", "status": "missing", "osm_id": null, "group": "Religione", "subgroup": "Luoghi di Culto", "subcategory": "Chiesa"}, "geometry": {"type": "Point", "coordinates": [10.907556, 43.207833]}}, {"type": "Feature", "properties": {"wikidata": "Q3895630", "name": "Parco naturale costiero di Rimigliano", "status": "done", "osm_id": "relation/2133163", "group": "Altro", "subgroup": "Altro", "subcategory": "Altro"}, "geometry": {"type": "Point", "coordinates": [10.531833333, 43.045361111]}}, {"type": "Feature", "properties": {"wikidata": "Q3884548", "name": "oratorio della Madonna delle Nevi", "status": "missing", "osm_id": null, "group": "Religione", "subgroup": "Luoghi di Culto", "subcategory": "Oratorio"}, "geometry": {"type": "Point", "coordinates": [11.38933, 42.89073]}}, {"type": "Feature", "properties": {"wikidata": "Q3884604", "name": "oratorio di Ges\u00f9 Pellegrino", "status": "missing", "osm_id": null, "group": "Religione", "subgroup": "Luoghi di Culto", "subcategory": "Oratorio"}, "geometry": {"type": "Point", "coordinates": [11.2576, 43.7785]}}, {"type": "Feature", "properties": {"wikidata": "Q3891607", "name": "palazzo di Ubaldino Peruzzi", "status": "done", "osm_id": "relation/4101018", "group": "Dimore ed edifici", "subgroup": "Residenze", "subcategory": "Palazzo italiano"}, "geometry": {"type": "Point", "coordinates": [11.259775, 43.76916111]}}, {"type": "Feature", "properties": {"wikidata": "Q3884621", "name": "oratorio di San Benedetto", "status": "missing", "osm_id": null, "group": "Religione", "subgroup": "Luoghi di Culto", "subcategory": "Oratorio"}, "geometry": {"type": "Point", "coordinates": [11.585889, 43.550643]}}, {"type": "Feature", "properties": {"wikidata": "Q3895589", "name": "parco eolico di Montemignaio", "status": "done", "osm_id": "relation/3391767", "group": "Altro", "subgroup": "Altro", "subcategory": "Altro"}, "geometry": {"type": "Point", "coordinates": [11.587189, 43.717601]}}, {"type": "Feature", "properties": {"wikidata": "Q3884606", "name": "oratorio di Nostra Donna", "status": "done", "osm_id": "way/696053350", "group": "Religione", "subgroup": "Luoghi di Culto", "subcategory": "Oratorio"}, "geometry": {"type": "Point", "coordinates": [9.884979, 44.375417]}}, {"type": "Feature", "properties": {"wikidata": "Q3895514", "name": "parco dell'Anconella", "status": "missing", "osm_id": null, "group": "Natura e paesaggio", "subgroup": "Verde", "subcategory": "Parco"}, "geometry": {"type": "Point", "coordinates": [11.287884, 43.765159]}}, {"type": "Feature", "properties": {"wikidata": "Q3884557", "name": "oratorio della Madonnina", "status": "done", "osm_id": "way/180547726", "group": "Religione", "subgroup": "Luoghi di Culto", "subcategory": "Oratorio"}, "geometry": {"type": "Point", "coordinates": [10.50237778, 43.83916944]}}, {"type": "Feature", "properties": {"wikidata": "Q3895677", "name": "parco naturale regionale delle Alpi Apuane", "status": "done", "osm_id": "relation/6399787", "group": "Natura e paesaggio", "subgroup": "Verde", "subcategory": "Area protetta"}, "geometry": {"type": "Point", "coordinates": [10.2747012, 44.0729218]}}, {"type": "Feature", "properties": {"wikidata": "Q3884600", "name": "oratorio della confraternita della Santissima Trinit\u00e0 e di San Bernardino", "status": "done", "osm_id": "way/454835214", "group": "Religione", "subgroup": "Luoghi di Culto", "subcategory": "Oratorio"}, "geometry": {"type": "Point", "coordinates": [11.66482, 43.14085]}}, {"type": "Feature", "properties": {"wikidata": "Q3895604", "name": "parco fluviale del Serchio", "status": "missing", "osm_id": null, "group": "Natura e paesaggio", "subgroup": "Verde", "subcategory": "Parco"}, "geometry": {"type": "Point", "coordinates": [10.50373, 43.85705]}}, {"type": "Feature", "properties": {"wikidata": "Q3893282", "name": "Panicagliora", "status": "done", "osm_id": "node/1286376794", "group": "Insediamenti", "subgroup": "Centri", "subcategory": "Frazione"}, "geometry": {"type": "Point", "coordinates": [10.76426, 43.95773]}}, {"type": "Feature", "properties": {"wikidata": "Q3895459", "name": "parco archeologico del Lago dell'Accesa", "status": "done", "osm_id": "node/2510426285", "group": "Archeologia", "subgroup": "Siti", "subcategory": "Sito archeologico"}, "geometry": {"type": "Point", "coordinates": [10.90422778, 42.99078889]}}, {"type": "Feature", "properties": {"wikidata": "Q3884645", "name": "oratorio di San Domenico", "status": "missing", "osm_id": null, "group": "Religione", "subgroup": "Luoghi di Culto", "subcategory": "Oratorio"}, "geometry": {"type": "Point", "coordinates": [10.684888888, 43.899638888]}}, {"type": "Feature", "properties": {"wikidata": "Q3884642", "name": "oratorio di San Cristoforo", "status": "done", "osm_id": "way/162773926", "group": "Religione", "subgroup": "Luoghi di Culto", "subcategory": "Oratorio"}, "geometry": {"type": "Point", "coordinates": [10.85754, 43.40285]}}, {"type": "Feature", "properties": {"wikidata": "Q3891611", "name": "palazzo di Sforza Almeni", "status": "done", "osm_id": "relation/4107741", "group": "Dimore ed edifici", "subgroup": "Residenze", "subcategory": "Palazzo italiano"}, "geometry": {"type": "Point", "coordinates": [11.25871944, 43.77456944]}}, {"type": "Feature", "properties": {"wikidata": "Q3895560", "name": "parco delle Rocce", "status": "missing", "osm_id": null, "group": "Natura e paesaggio", "subgroup": "Verde", "subcategory": "Parco"}, "geometry": {"type": "Point", "coordinates": [10.90138889, 42.91972222]}}, {"type": "Feature", "properties": {"wikidata": "Q3884598", "name": "oratorio della Visitazione", "status": "done", "osm_id": "way/388719373", "group": "Religione", "subgroup": "Luoghi di Culto", "subcategory": "Oratorio"}, "geometry": {"type": "Point", "coordinates": [11.20023441, 43.90058517]}}, {"type": "Feature", "properties": {"wikidata": "Q3884622", "name": "oratorio di San Bernardino", "status": "done", "osm_id": "way/283272075", "group": "Religione", "subgroup": "Luoghi di Culto", "subcategory": "Oratorio"}, "geometry": {"type": "Point", "coordinates": [10.40884, 43.70605]}}, {"type": "Feature", "properties": {"wikidata": "Q3884539", "name": "oratorio della Madonna della Neve", "status": "done", "osm_id": "node/1556877239", "group": "Religione", "subgroup": "Luoghi di Culto", "subcategory": "Oratorio"}, "geometry": {"type": "Point", "coordinates": [10.46786111, 43.4025]}}, {"type": "Feature", "properties": {"wikidata": "Q3884540", "name": "oratorio della Madonna della Neve", "status": "missing", "osm_id": null, "group": "Religione", "subgroup": "Luoghi di Culto", "subcategory": "Oratorio"}, "geometry": {"type": "Point", "coordinates": [10.84032, 43.48544]}}, {"type": "Feature", "properties": {"wikidata": "Q3884585", "name": "oratorio della Santissima Annunziata", "status": "done", "osm_id": "way/1430330337", "group": "Religione", "subgroup": "Luoghi di Culto", "subcategory": "Chiesa"}, "geometry": {"type": "Point", "coordinates": [10.223611, 43.995111]}}, {"type": "Feature", "properties": {"wikidata": "Q3895581", "name": "parco eolico dei Poggi Alti", "status": "done", "osm_id": "relation/3391766", "group": "Altro", "subgroup": "Altro", "subcategory": "Altro"}, "geometry": {"type": "Point", "coordinates": [11.38613056, 42.74499444]}}, {"type": "Feature", "properties": {"wikidata": "Q3884571", "name": "oratorio della Croce", "status": "missing", "osm_id": null, "group": "Religione", "subgroup": "Luoghi di Culto", "subcategory": "Oratorio"}, "geometry": {"type": "Point", "coordinates": [11.3377, 43.7467]}}, {"type": "Feature", "properties": {"wikidata": "Q3895021", "name": "Paradiso", "status": "missing", "osm_id": null, "group": "Insediamenti", "subgroup": "Centri", "subcategory": "Borgata"}, "geometry": {"type": "Point", "coordinates": [11.287044444, 43.752572222]}}, {"type": "Feature", "properties": {"wikidata": "Q3884588", "name": "oratorio della Santissima Annunziata", "status": "done", "osm_id": "way/373212259", "group": "Religione", "subgroup": "Luoghi di Culto", "subcategory": "Oratorio"}, "geometry": {"type": "Point", "coordinates": [10.79068, 43.53836]}}, {"type": "Feature", "properties": {"wikidata": "Q3884562", "name": "oratorio della Misericordia", "status": "missing", "osm_id": null, "group": "Religione", "subgroup": "Luoghi di Culto", "subcategory": "Oratorio"}, "geometry": {"type": "Point", "coordinates": [11.603297, 43.060658]}}, {"type": "Feature", "properties": {"wikidata": "Q3884558", "name": "oratorio della Misericordia", "status": "missing", "osm_id": null, "group": "Religione", "subgroup": "Luoghi di Culto", "subcategory": "Oratorio"}, "geometry": {"type": "Point", "coordinates": [10.6174, 43.05953611]}}, {"type": "Feature", "properties": {"wikidata": "Q3895393", "name": "parco Farina Cini", "status": "missing", "osm_id": null, "group": "Natura e paesaggio", "subgroup": "Verde", "subcategory": "Parco"}, "geometry": {"type": "Point", "coordinates": [10.7892037, 44.0569595]}}, {"type": "Feature", "properties": {"wikidata": "Q3895611", "name": "parco fotovoltaico di Sticciano", "status": "done", "osm_id": "way/229771721", "group": "Altro", "subgroup": "Altro", "subcategory": "Altro"}, "geometry": {"type": "Point", "coordinates": [11.13345, 42.9594]}}, {"type": "Feature", "properties": {"wikidata": "Q3884646", "name": "oratorio di San Donato", "status": "missing", "osm_id": null, "group": "Religione", "subgroup": "Luoghi di Culto", "subcategory": "Oratorio"}, "geometry": {"type": "Point", "coordinates": [11.3398, 43.699]}}, {"type": "Feature", "properties": {"wikidata": "Q3884601", "name": "oratorio di Barottoli", "status": "done", "osm_id": "way/722708710", "group": "Religione", "subgroup": "Luoghi di Culto", "subcategory": "Oratorio"}, "geometry": {"type": "Point", "coordinates": [11.3699, 43.200896]}}, {"type": "Feature", "properties": {"wikidata": "Q3891606", "name": "palazzo di San Clemente", "status": "done", "osm_id": "way/112941732", "group": "Dimore ed edifici", "subgroup": "Residenze", "subcategory": "Palazzo italiano"}, "geometry": {"type": "Point", "coordinates": [11.26346667, 43.77872778]}}, {"type": "Feature", "properties": {"wikidata": "Q3895548", "name": "parco della musica e della cultura", "status": "missing", "osm_id": null, "group": "Natura e paesaggio", "subgroup": "Verde", "subcategory": "Parco cittadino"}, "geometry": {"type": "Point", "coordinates": [11.23370556, 43.78002222]}}, {"type": "Feature", "properties": {"wikidata": "Q3884555", "name": "oratorio della Madonna di Pi\u00e9 di Poggio", "status": "missing", "osm_id": null, "group": "Religione", "subgroup": "Luoghi di Culto", "subcategory": "Oratorio"}, "geometry": {"type": "Point", "coordinates": [10.84802778, 42.90953889]}}, {"type": "Feature", "properties": {"wikidata": "Q3884619", "name": "oratorio di San Bartolomeo", "status": "done", "osm_id": "way/368829978", "group": "Religione", "subgroup": "Luoghi di Culto", "subcategory": "Oratorio"}, "geometry": {"type": "Point", "coordinates": [11.0718583, 43.8618358]}}, {"type": "Feature", "properties": {"wikidata": "Q3884589", "name": "oratorio della Santissima Trinit\u00e0", "status": "missing", "osm_id": null, "group": "Religione", "subgroup": "Luoghi di Culto", "subcategory": "Oratorio"}, "geometry": {"type": "Point", "coordinates": [10.878948, 43.759512]}}, {"type": "Feature", "properties": {"wikidata": "Q3884543", "name": "oratorio della Madonna della Tosse", "status": "done", "osm_id": "way/712424099", "group": "Religione", "subgroup": "Luoghi di Culto", "subcategory": "Oratorio"}, "geometry": {"type": "Point", "coordinates": [10.6311, 43.62023]}}, {"type": "Feature", "properties": {"wikidata": "Q3895494", "name": "parco del Neto", "status": "done", "osm_id": "way/60880808", "group": "Natura e paesaggio", "subgroup": "Verde", "subcategory": "Parco"}, "geometry": {"type": "Point", "coordinates": [11.183472222, 43.845305555]}}, {"type": "Feature", "properties": {"wikidata": "Q3884554", "name": "oratorio della Madonna di Montenero", "status": "missing", "osm_id": null, "group": "Religione", "subgroup": "Luoghi di Culto", "subcategory": "Oratorio"}, "geometry": {"type": "Point", "coordinates": [10.81874167, 43.14903056]}}, {"type": "Feature", "properties": {"wikidata": "Q3884623", "name": "oratorio di San Bernardino al Prato", "status": "done", "osm_id": "way/1083351513", "group": "Religione", "subgroup": "Luoghi di Culto", "subcategory": "Oratorio"}, "geometry": {"type": "Point", "coordinates": [11.32104, 43.329]}}, {"type": "Feature", "properties": {"wikidata": "Q3884603", "name": "oratorio del Santissimo Crocifisso", "status": "missing", "osm_id": null, "group": "Religione", "subgroup": "Luoghi di Culto", "subcategory": "Cappella"}, "geometry": {"type": "Point", "coordinates": [10.913822465, 43.932114155]}}, {"type": "Feature", "properties": {"wikidata": "Q3884572", "name": "oratorio della Santa Croce di Gerusalemme", "status": "missing", "osm_id": null, "group": "Religione", "subgroup": "Luoghi di Culto", "subcategory": "Oratorio"}, "geometry": {"type": "Point", "coordinates": [11.3251, 43.3279]}}, {"type": "Feature", "properties": {"wikidata": "Q3895473", "name": "parco comunale di Gambassi Terme", "status": "done", "osm_id": "way/164078606", "group": "Natura e paesaggio", "subgroup": "Verde", "subcategory": "Parco cittadino"}, "geometry": {"type": "Point", "coordinates": [10.953657, 43.538524]}}, {"type": "Feature", "properties": {"wikidata": "Q3891618", "name": "Palazzo ex-Nuova Italia", "status": "done", "osm_id": "way/306486078", "group": "Dimore ed edifici", "subgroup": "Residenze", "subcategory": "Palazzo italiano"}, "geometry": {"type": "Point", "coordinates": [11.26664722, 43.78301389]}}, {"type": "Feature", "properties": {"wikidata": "Q3895398", "name": "parco Gallorose", "status": "missing", "osm_id": null, "group": "Altro", "subgroup": "Altro", "subcategory": "Altro"}, "geometry": {"type": "Point", "coordinates": [10.531615, 43.290505]}}, {"type": "Feature", "properties": {"wikidata": "Q3884574", "name": "oratorio della Santissima Annunziata", "status": "missing", "osm_id": null, "group": "Religione", "subgroup": "Luoghi di Culto", "subcategory": "Oratorio"}, "geometry": {"type": "Point", "coordinates": [11.3164, 43.7593]}}, {"type": "Feature", "properties": {"wikidata": "Q3892762", "name": "Palmata", "status": "done", "osm_id": "node/495243575", "group": "Insediamenti", "subgroup": "Centri", "subcategory": "Frazione"}, "geometry": {"type": "Point", "coordinates": [10.54721, 43.91605]}}, {"type": "Feature", "properties": {"wikidata": "Q3884565", "name": "oratorio della Provvidenza", "status": "missing", "osm_id": null, "group": "Religione", "subgroup": "Luoghi di Culto", "subcategory": "Oratorio"}, "geometry": {"type": "Point", "coordinates": [11.42238889, 42.45337222]}}, {"type": "Feature", "properties": {"wikidata": "Q3884553", "name": "oratorio della Madonna di Mercatale", "status": "missing", "osm_id": null, "group": "Religione", "subgroup": "Luoghi di Culto", "subcategory": "Oratorio"}, "geometry": {"type": "Point", "coordinates": [11.729427777, 43.421777777]}}, {"type": "Feature", "properties": {"wikidata": "Q3884544", "name": "oratorio della Madonna delle Calle", "status": "missing", "osm_id": null, "group": "Religione", "subgroup": "Luoghi di Culto", "subcategory": "Oratorio"}, "geometry": {"type": "Point", "coordinates": [11.61567, 43.7559]}}, {"type": "Feature", "properties": {"wikidata": "Q3884546", "name": "chiesa Madonna delle Grazie", "status": "done", "osm_id": "way/481565535", "group": "Religione", "subgroup": "Luoghi di Culto", "subcategory": "Chiesa"}, "geometry": {"type": "Point", "coordinates": [10.600967, 43.365912]}}, {"type": "Feature", "properties": {"wikidata": "Q3884640", "name": "oratorio di San Carlo Borromeo", "status": "missing", "osm_id": null, "group": "Religione", "subgroup": "Luoghi di Culto", "subcategory": "Oratorio"}, "geometry": {"type": "Point", "coordinates": [10.96941, 43.60523]}}, {"type": "Feature", "properties": {"wikidata": "Q3884580", "name": "oratorio della Santissima Annunziata", "status": "missing", "osm_id": null, "group": "Religione", "subgroup": "Luoghi di Culto", "subcategory": "Oratorio"}, "geometry": {"type": "Point", "coordinates": [11.525105555, 43.891361111]}}, {"type": "Feature", "properties": {"wikidata": "Q3884594", "name": "oratorio della Vannella", "status": "done", "osm_id": "way/303676895", "group": "Religione", "subgroup": "Luoghi di Culto", "subcategory": "Oratorio"}, "geometry": {"type": "Point", "coordinates": [11.31848, 43.78624]}}, {"type": "Feature", "properties": {"wikidata": "Q3884638", "name": "oratorio di San Carlo", "status": "missing", "osm_id": null, "group": "Religione", "subgroup": "Luoghi di Culto", "subcategory": "Oratorio"}, "geometry": {"type": "Point", "coordinates": [10.122501, 44.236663]}}, {"type": "Feature", "properties": {"wikidata": "Q3884631", "name": "oratorio di San Biagio", "status": "missing", "osm_id": null, "group": "Religione", "subgroup": "Luoghi di Culto", "subcategory": "Oratorio"}, "geometry": {"type": "Point", "coordinates": [11.708917, 43.507861]}}, {"type": "Feature", "properties": {"wikidata": "Q3884602", "name": "oratorio delle Stimmate", "status": "missing", "osm_id": null, "group": "Religione", "subgroup": "Luoghi di Culto", "subcategory": "Oratorio"}, "geometry": {"type": "Point", "coordinates": [11.254, 43.7751]}}, {"type": "Feature", "properties": {"wikidata": "Q3884579", "name": "oratorio della Santissima Annunziata", "status": "missing", "osm_id": null, "group": "Religione", "subgroup": "Luoghi di Culto", "subcategory": "Oratorio"}, "geometry": {"type": "Point", "coordinates": [10.627405, 43.326501]}}, {"type": "Feature", "properties": {"wikidata": "Q3893275", "name": "Pania della Croce", "status": "done", "osm_id": "node/3140315349", "group": "Natura e paesaggio", "subgroup": "Montagna", "subcategory": "Montagna"}, "geometry": {"type": "Point", "coordinates": [10.323611111, 44.036666666]}}, {"type": "Feature", "properties": {"wikidata": "Q3884547", "name": "oratorio della Madonna delle Grazie", "status": "done", "osm_id": "way/705600889", "group": "Religione", "subgroup": "Luoghi di Culto", "subcategory": "Oratorio"}, "geometry": {"type": "Point", "coordinates": [10.69093, 43.69891]}}, {"type": "Feature", "properties": {"wikidata": "Q3895637", "name": "parco naturale dei Mulini", "status": "missing", "osm_id": null, "group": "Natura e paesaggio", "subgroup": "Verde", "subcategory": "Area protetta"}, "geometry": {"type": "Point", "coordinates": [11.618891, 43.026857]}}, {"type": "Feature", "properties": {"wikidata": "Q3891678", "name": "Palazzo vecchio del Podest\u00e0", "status": "done", "osm_id": "way/182554928", "group": "Dimore ed edifici", "subgroup": "Residenze", "subcategory": "Palazzo"}, "geometry": {"type": "Point", "coordinates": [11.04357, 43.46782]}}, {"type": "Feature", "properties": {"wikidata": "Q3884541", "name": "oratorio della Madonna della Pace", "status": "done", "osm_id": "way/715615699", "group": "Religione", "subgroup": "Luoghi di Culto", "subcategory": "Oratorio"}, "geometry": {"type": "Point", "coordinates": [11.22254167, 42.7255]}}, {"type": "Feature", "properties": {"wikidata": "Q3884599", "name": "oratorio della Visitazione", "status": "done", "osm_id": "way/364505249", "group": "Religione", "subgroup": "Luoghi di Culto", "subcategory": "Oratorio"}, "geometry": {"type": "Point", "coordinates": [10.86105, 43.40668]}}, {"type": "Feature", "properties": {"wikidata": "Q3668524", "name": "chiesa del Castello di Tocchi", "status": "missing", "osm_id": null, "group": "Religione", "subgroup": "Luoghi di Culto", "subcategory": "Chiesa"}, "geometry": {"type": "Point", "coordinates": [11.271972, 43.126278]}}, {"type": "Feature", "properties": {"wikidata": "Q3664837", "name": "Centro di scienze naturali", "status": "done", "osm_id": "node/3555822841", "group": "Altro", "subgroup": "Altro", "subcategory": "Altro"}, "geometry": {"type": "Point", "coordinates": [11.084688, 43.90985]}}, {"type": "Feature", "properties": {"wikidata": "Q3667864", "name": "chiesa Evangelica Metodista", "status": "done", "osm_id": "way/307106630", "group": "Religione", "subgroup": "Luoghi di Culto", "subcategory": "Chiesa"}, "geometry": {"type": "Point", "coordinates": [11.25955, 43.76808056]}}, {"type": "Feature", "properties": {"wikidata": "Q3668206", "name": "chiesa dei Santi Giovanni e Reparata", "status": "done", "osm_id": "way/368742685", "group": "Religione", "subgroup": "Luoghi di Culto", "subcategory": "Chiesa"}, "geometry": {"type": "Point", "coordinates": [10.50443, 43.84115]}}, {"type": "Feature", "properties": {"wikidata": "Q3667893", "name": "chiesa rettoria di Cristo Redentore", "status": "done", "osm_id": "way/189579505", "group": "Religione", "subgroup": "Luoghi di Culto", "subcategory": "Chiesa"}, "geometry": {"type": "Point", "coordinates": [10.81147, 43.85943]}}, {"type": "Feature", "properties": {"wikidata": "Q3667914", "name": "chiesa armena di San Gregorio Illuminatore", "status": "done", "osm_id": "way/969523715", "group": "Religione", "subgroup": "Luoghi di Culto", "subcategory": "Chiesa"}, "geometry": {"type": "Point", "coordinates": [10.309955, 43.552405]}}, {"type": "Feature", "properties": {"wikidata": "Q3668098", "name": "chiesa dei Santi Cerbone e Michele", "status": "done", "osm_id": "way/727165597", "group": "Religione", "subgroup": "Luoghi di Culto", "subcategory": "Chiesa"}, "geometry": {"type": "Point", "coordinates": [11.20447222, 42.89030556]}}, {"type": "Feature", "properties": {"wikidata": "Q3668523", "name": "chiesa del Castellare", "status": "done", "osm_id": "way/733342624", "group": "Religione", "subgroup": "Luoghi di Culto", "subcategory": "Chiesa"}, "geometry": {"type": "Point", "coordinates": [10.570987, 43.688266]}}, {"type": "Feature", "properties": {"wikidata": "Q3665685", "name": "Cevoli", "status": "done", "osm_id": "node/495237015", "group": "Insediamenti", "subgroup": "Centri", "subcategory": "Frazione"}, "geometry": {"type": "Point", "coordinates": [10.615, 43.573055555]}}, {"type": "Feature", "properties": {"wikidata": "Q3668153", "name": "chiesa dei Santi Filippo e Giacomo", "status": "done", "osm_id": "way/284350171", "group": "Religione", "subgroup": "Luoghi di Culto", "subcategory": "Chiesa"}, "geometry": {"type": "Point", "coordinates": [10.99274, 43.88149]}}, {"type": "Feature", "properties": {"wikidata": "Q3668044", "name": "chiesa dei Cappuccini", "status": "done", "osm_id": "way/309954874", "group": "Religione", "subgroup": "Luoghi di Culto", "subcategory": "Chiesa"}, "geometry": {"type": "Point", "coordinates": [11.1097433, 43.8846933]}}, {"type": "Feature", "properties": {"wikidata": "Q3664844", "name": "centro direzionale della Banca Monte dei Paschi di Siena", "status": "missing", "osm_id": null, "group": "Dimore ed edifici", "subgroup": "Strutture Varie", "subcategory": "Complesso di edifici"}, "geometry": {"type": "Point", "coordinates": [11.330215, 43.326256]}}, {"type": "Feature", "properties": {"wikidata": "Q3668174", "name": "chiesa dei Santi Giacomo e Cristoforo", "status": "done", "osm_id": "way/723930028", "group": "Religione", "subgroup": "Luoghi di Culto", "subcategory": "Chiesa"}, "geometry": {"type": "Point", "coordinates": [10.61708, 43.2338]}}, {"type": "Feature", "properties": {"wikidata": "Q3664907", "name": "Centro tecnico federale Luigi Ridolfi", "status": "missing", "osm_id": null, "group": "Cultura e tempo libero", "subgroup": "Sport", "subcategory": "Impianto sportivo"}, "geometry": {"type": "Point", "coordinates": [11.3008, 43.77918]}}, {"type": "Feature", "properties": {"wikidata": "Q3668060", "name": "chiesa dei Padri Cappuccini", "status": "done", "osm_id": "way/1482301337", "group": "Religione", "subgroup": "Luoghi di Culto", "subcategory": "Chiesa"}, "geometry": {"type": "Point", "coordinates": [10.637233, 43.658483]}}, {"type": "Feature", "properties": {"wikidata": "Q3667841", "name": "chiesa di San Basilio degli Armeni", "status": "done", "osm_id": "way/306240104", "group": "Religione", "subgroup": "Luoghi di Culto", "subcategory": "Chiesa"}, "geometry": {"type": "Point", "coordinates": [11.25648611, 43.77717778]}}, {"type": "Feature", "properties": {"wikidata": "Q3668068", "name": "chiesa dei Santi Andrea e Donato", "status": "missing", "osm_id": null, "group": "Religione", "subgroup": "Luoghi di Culto", "subcategory": "Chiesa"}, "geometry": {"type": "Point", "coordinates": [11.150677777, 43.953069444]}}, {"type": "Feature", "properties": {"wikidata": "Q3668070", "name": "chiesa dei Santi Andrea e Lucia", "status": "done", "osm_id": "way/643554811", "group": "Religione", "subgroup": "Luoghi di Culto", "subcategory": "Chiesa"}, "geometry": {"type": "Point", "coordinates": [10.455216666, 43.717969444]}}, {"type": "Feature", "properties": {"wikidata": "Q3664828", "name": "Centro di documentazione Matteo Lanzoni di Polimoda", "status": "missing", "osm_id": null, "group": "Cultura e tempo libero", "subgroup": "Biblioteche", "subcategory": "Biblioteca"}, "geometry": {"type": "Point", "coordinates": [11.22699167, 43.77067222]}}, {"type": "Feature", "properties": {"wikidata": "Q3664772", "name": "Centro Traumatologico Ortopedico", "status": "missing", "osm_id": null, "group": "Infrastrutture", "subgroup": "Servizi", "subcategory": "Sanit\u00e0"}, "geometry": {"type": "Point", "coordinates": [11.24831111, 43.80088333]}}, {"type": "Feature", "properties": {"wikidata": "Q3668066", "name": "chiesa dei Santi Agostino e Cristina", "status": "done", "osm_id": "way/506785850", "group": "Religione", "subgroup": "Luoghi di Culto", "subcategory": "Ex chiesa"}, "geometry": {"type": "Point", "coordinates": [11.2555, 43.7655]}}, {"type": "Feature", "properties": {"wikidata": "Q3668187", "name": "chiesa dei Santi Giacomo e Niccol\u00f2", "status": "done", "osm_id": "way/360729436", "group": "Religione", "subgroup": "Luoghi di Culto", "subcategory": "Chiesa"}, "geometry": {"type": "Point", "coordinates": [11.30886, 43.39321]}}, {"type": "Feature", "properties": {"wikidata": "Q3665225", "name": "Cervara", "status": "done", "osm_id": "node/602060102", "group": "Insediamenti", "subgroup": "Centri", "subcategory": "Frazione"}, "geometry": {"type": "Point", "coordinates": [9.81831, 44.41944]}}, {"type": "Feature", "properties": {"wikidata": "Q3668211", "name": "chiesa dei Santi Giuseppe e Leopoldo", "status": "done", "osm_id": "way/379992077", "group": "Religione", "subgroup": "Luoghi di Culto", "subcategory": "Chiesa"}, "geometry": {"type": "Point", "coordinates": [10.51808611, 43.31153056]}}, {"type": "Feature", "properties": {"wikidata": "Q3664878", "name": "centro scolastico di Larderello", "status": "missing", "osm_id": null, "group": "Dimore ed edifici", "subgroup": "Strutture Varie", "subcategory": "Edificio"}, "geometry": {"type": "Point", "coordinates": [10.888305555, 43.241194444]}}, {"type": "Feature", "properties": {"wikidata": "Q3668192", "name": "chiesa dei Santi Giorgio e Jacopo a Montecalvoli", "status": "done", "osm_id": "way/168282033", "group": "Altro", "subgroup": "Altro", "subcategory": "Altro"}, "geometry": {"type": "Point", "coordinates": [10.65838, 43.68805]}}, {"type": "Feature", "properties": {"wikidata": "Q3668173", "name": "chiesa dei Santi Gervasio e Protasio", "status": "done", "osm_id": "way/699140606", "group": "Religione", "subgroup": "Luoghi di Culto", "subcategory": "Chiesa"}, "geometry": {"type": "Point", "coordinates": [9.97194, 44.29695]}}, {"type": "Feature", "properties": {"wikidata": "Q3668175", "name": "chiesa dei Santi Giacomo e Cristoforo", "status": "done", "osm_id": "way/300908728", "group": "Religione", "subgroup": "Luoghi di Culto", "subcategory": "Chiesa"}, "geometry": {"type": "Point", "coordinates": [10.99516, 44.1058]}}, {"type": "Feature", "properties": {"wikidata": "Q3668177", "name": "chiesa dei Santi Giacomo e Cristoforo", "status": "done", "osm_id": "way/722699432", "group": "Religione", "subgroup": "Luoghi di Culto", "subcategory": "Chiesa"}, "geometry": {"type": "Point", "coordinates": [11.403849, 43.242176]}}, {"type": "Feature", "properties": {"wikidata": "Q3668069", "name": "chiesa dei Santi Andrea e Lucia", "status": "done", "osm_id": "way/175442342", "group": "Religione", "subgroup": "Luoghi di Culto", "subcategory": "Chiesa"}, "geometry": {"type": "Point", "coordinates": [10.72303, 43.99769]}}, {"type": "Feature", "properties": {"wikidata": "Q3668126", "name": "chiesa dei Santi Donato e Biagio in Carraia", "status": "done", "osm_id": "way/197148887", "group": "Religione", "subgroup": "Luoghi di Culto", "subcategory": "Chiesa"}, "geometry": {"type": "Point", "coordinates": [10.555452777, 43.826577777]}}, {"type": "Feature", "properties": {"wikidata": "Q3668159", "name": "chiesa dei Santi Frediano e Giovanni", "status": "done", "osm_id": "way/99314778", "group": "Archeologia", "subgroup": "Siti", "subcategory": "Rovine"}, "geometry": {"type": "Point", "coordinates": [11.0055, 43.4333]}}, {"type": "Feature", "properties": {"wikidata": "Q3668197", "name": "chiesa dei Santi Giovanni Battista e Ilario", "status": "done", "osm_id": "way/25928300", "group": "Religione", "subgroup": "Luoghi di Culto", "subcategory": "Chiesa"}, "geometry": {"type": "Point", "coordinates": [10.47230278, 43.40687222]}}, {"type": "Feature", "properties": {"wikidata": "Q3665208", "name": "certosa di San Pietro", "status": "done", "osm_id": "relation/3075339", "group": "Altro", "subgroup": "Altro", "subcategory": "Altro"}, "geometry": {"type": "Point", "coordinates": [11.35981111, 43.36923333]}}, {"type": "Feature", "properties": {"wikidata": "Q3668503", "name": "chiesa del Carmine", "status": "done", "osm_id": "way/269192941", "group": "Religione", "subgroup": "Luoghi di Culto", "subcategory": "Chiesa"}, "geometry": {"type": "Point", "coordinates": [10.0987, 44.07853]}}, {"type": "Feature", "properties": {"wikidata": "Q3668135", "name": "chiesa dei Santi Fabiano e Sebastiano", "status": "missing", "osm_id": null, "group": "Religione", "subgroup": "Luoghi di Culto", "subcategory": "Chiesa"}, "geometry": {"type": "Point", "coordinates": [11.23317, 43.22257]}}, {"type": "Feature", "properties": {"wikidata": "Q3667867", "name": "chiesa Evangelica dei Fratelli", "status": "done", "osm_id": "way/306156995", "group": "Religione", "subgroup": "Luoghi di Culto", "subcategory": "Chiesa"}, "geometry": {"type": "Point", "coordinates": [11.25829167, 43.77004444]}}, {"type": "Feature", "properties": {"wikidata": "Q3667555", "name": "chiasso delle Monache", "status": "done", "osm_id": "way/541730144", "group": "Infrastrutture", "subgroup": "Trasporti", "subcategory": "Strada urbana"}, "geometry": {"type": "Point", "coordinates": [11.11395833, 42.76145833]}}, {"type": "Feature", "properties": {"wikidata": "Q3664875", "name": "Centro ricerche Sclavo", "status": "missing", "osm_id": null, "group": "Dimore ed edifici", "subgroup": "Strutture Varie", "subcategory": "Complesso di edifici"}, "geometry": {"type": "Point", "coordinates": [11.306889292, 43.332886362]}}, {"type": "Feature", "properties": {"wikidata": "Q3668164", "name": "chiesa dei Santi Gervasio e Protasio", "status": "done", "osm_id": "way/305870368", "group": "Religione", "subgroup": "Luoghi di Culto", "subcategory": "Chiesa"}, "geometry": {"type": "Point", "coordinates": [11.28316, 43.78372]}}, {"type": "Feature", "properties": {"wikidata": "Q3664793", "name": "centro commerciale Il Gualdo", "status": "missing", "osm_id": null, "group": "Altro", "subgroup": "Altro", "subcategory": "Altro"}, "geometry": {"type": "Point", "coordinates": [10.769472222, 42.804861111]}}, {"type": "Feature", "properties": {"wikidata": "Q3668138", "name": "chiesa dei Santi Fabiano e Sebastiano", "status": "missing", "osm_id": null, "group": "Religione", "subgroup": "Luoghi di Culto", "subcategory": "Chiesa"}, "geometry": {"type": "Point", "coordinates": [10.53641, 43.54515]}}, {"type": "Feature", "properties": {"wikidata": "Q3667858", "name": "chiesa Evangelica Battista", "status": "missing", "osm_id": null, "group": "Religione", "subgroup": "Luoghi di Culto", "subcategory": "Chiesa"}, "geometry": {"type": "Point", "coordinates": [11.24740278, 43.77136944]}}, {"type": "Feature", "properties": {"wikidata": "Q3665203", "name": "certosa di Maggiano", "status": "done", "osm_id": "relation/7408229", "group": "Altro", "subgroup": "Altro", "subcategory": "Altro"}, "geometry": {"type": "Point", "coordinates": [11.350077, 43.310116]}}, {"type": "Feature", "properties": {"wikidata": "Q3664726", "name": "Centro militare veterinario", "status": "done", "osm_id": "relation/13320788", "group": "Altro", "subgroup": "Altro", "subcategory": "Altro"}, "geometry": {"type": "Point", "coordinates": [11.04876389, 42.78778889]}}, {"type": "Feature", "properties": {"wikidata": "Q3668084", "name": "chiesa dei Santi Bartolomeo e Silvestro", "status": "done", "osm_id": "way/165230084", "group": "Religione", "subgroup": "Luoghi di Culto", "subcategory": "Chiesa"}, "geometry": {"type": "Point", "coordinates": [10.71463889, 43.89094444]}}, {"type": "Feature", "properties": {"wikidata": "Q3668208", "name": "chiesa dei Santi Girolamo e Francesco alla Costa", "status": "done", "osm_id": "way/474366885", "group": "Religione", "subgroup": "Luoghi di Culto", "subcategory": "Chiesa"}, "geometry": {"type": "Point", "coordinates": [11.2542, 43.766]}}, {"type": "Feature", "properties": {"wikidata": "Q3664794", "name": "Centro commerciale Le Torri", "status": "done", "osm_id": "node/2039123842", "group": "Altro", "subgroup": "Altro", "subcategory": "Altro"}, "geometry": {"type": "Point", "coordinates": [11.19866667, 43.77955556]}}, {"type": "Feature", "properties": {"wikidata": "Q3668111", "name": "chiesa dei Santi Cosma e Damiano", "status": "done", "osm_id": "way/704362865", "group": "Religione", "subgroup": "Luoghi di Culto", "subcategory": "Chiesa"}, "geometry": {"type": "Point", "coordinates": [10.43891111, 43.57719167]}}, {"type": "Feature", "properties": {"wikidata": "Q3668039", "name": "chiesa dei Bigi", "status": "done", "osm_id": "node/4782135288", "group": "Religione", "subgroup": "Luoghi di Culto", "subcategory": "Ex chiesa"}, "geometry": {"type": "Point", "coordinates": [11.113888888, 42.761722222]}}, {"type": "Feature", "properties": {"wikidata": "Q3668076", "name": "chiesa dei Santi Antonio e Margherita", "status": "done", "osm_id": "node/4779672237", "group": "Religione", "subgroup": "Luoghi di Culto", "subcategory": "Chiesa"}, "geometry": {"type": "Point", "coordinates": [11.273, 43.75519]}}, {"type": "Feature", "properties": {"wikidata": "Q3668082", "name": "chiesa dei Santi Bartolomeo e Cristoforo", "status": "done", "osm_id": "way/704361661", "group": "Religione", "subgroup": "Luoghi di Culto", "subcategory": "Chiesa"}, "geometry": {"type": "Point", "coordinates": [10.53538, 43.53523]}}, {"type": "Feature", "properties": {"wikidata": "Q3668157", "name": "chiesa dei Santi Francesco e Chiara", "status": "done", "osm_id": "way/458974490", "group": "Religione", "subgroup": "Luoghi di Culto", "subcategory": "Chiesa"}, "geometry": {"type": "Point", "coordinates": [11.25012, 43.7937]}}, {"type": "Feature", "properties": {"wikidata": "Q3668037", "name": "chiesa dei Bianchi", "status": "done", "osm_id": "way/713911740", "group": "Religione", "subgroup": "Luoghi di Culto", "subcategory": "Chiesa"}, "geometry": {"type": "Point", "coordinates": [11.492352, 43.060085]}}, {"type": "Feature", "properties": {"wikidata": "Q3664637", "name": "centrale termica e cabina apparati centrali", "status": "done", "osm_id": "node/2361857152", "group": "Altro", "subgroup": "Altro", "subcategory": "Altro"}, "geometry": {"type": "Point", "coordinates": [11.24496, 43.78165]}}, {"type": "Feature", "properties": {"wikidata": "Q3664644", "name": "centrale termoelettrica Santa Barbara", "status": "done", "osm_id": "way/113684324", "group": "Altro", "subgroup": "Altro", "subcategory": "Altro"}, "geometry": {"type": "Point", "coordinates": [11.47807778, 43.56431389]}}, {"type": "Feature", "properties": {"wikidata": "Q3667863", "name": "chiesa Evangelica Metodista", "status": "missing", "osm_id": null, "group": "Religione", "subgroup": "Luoghi di Culto", "subcategory": "Chiesa"}, "geometry": {"type": "Point", "coordinates": [10.093217, 44.073217]}}, {"type": "Feature", "properties": {"wikidata": "Q3664738", "name": "Centro polifunzionale per servizi alle imprese", "status": "missing", "osm_id": null, "group": "Dimore ed edifici", "subgroup": "Strutture Varie", "subcategory": "Complesso di edifici"}, "geometry": {"type": "Point", "coordinates": [10.909280977, 43.927977236]}}, {"type": "Feature", "properties": {"wikidata": "Q3667838", "name": "chiesa Anglicana di St. Mark", "status": "done", "osm_id": "node/3118178277", "group": "Religione", "subgroup": "Luoghi di Culto", "subcategory": "Chiesa"}, "geometry": {"type": "Point", "coordinates": [11.249347222, 43.767577777]}}, {"type": "Feature", "properties": {"wikidata": "Q3667550", "name": "Chiarone", "status": "done", "osm_id": "way/163818907", "group": "Natura e paesaggio", "subgroup": "Acqua", "subcategory": "Fiume"}, "geometry": {"type": "Point", "coordinates": [11.44925, 42.37786]}}, {"type": "Feature", "properties": {"wikidata": "Q3664846", "name": "Centro direzionale della Cassa di Risparmio di Firenze", "status": "done", "osm_id": "way/83533942", "group": "Dimore ed edifici", "subgroup": "Residenze", "subcategory": "Palazzo"}, "geometry": {"type": "Point", "coordinates": [11.222426, 43.796102]}}, {"type": "Feature", "properties": {"wikidata": "Q3664369", "name": "Cenacolo di Santo Spirito", "status": "done", "osm_id": "way/493525529", "group": "Cultura e tempo libero", "subgroup": "Musei", "subcategory": "Museo"}, "geometry": {"type": "Point", "coordinates": [11.24756667, 43.76703056]}}, {"type": "Feature", "properties": {"wikidata": "Q3664851", "name": "Centro e museo didattico nazionale", "status": "missing", "osm_id": null, "group": "Dimore ed edifici", "subgroup": "Residenze", "subcategory": "Palazzo italiano"}, "geometry": {"type": "Point", "coordinates": [11.26463889, 43.77058611]}}, {"type": "Feature", "properties": {"wikidata": "Q3667906", "name": "chiesa anglicana", "status": "done", "osm_id": "way/279142274", "group": "Religione", "subgroup": "Luoghi di Culto", "subcategory": "Chiesa"}, "geometry": {"type": "Point", "coordinates": [10.5893, 44.0094]}}, {"type": "Feature", "properties": {"wikidata": "Q3664786", "name": "Centro annonario", "status": "missing", "osm_id": null, "group": "Dimore ed edifici", "subgroup": "Strutture Varie", "subcategory": "Complesso di edifici"}, "geometry": {"type": "Point", "coordinates": [10.906179, 43.923015]}}, {"type": "Feature", "properties": {"wikidata": "Q3668123", "name": "chiesa dei Santi Cosma e Damiano al Vivaio", "status": "done", "osm_id": "way/242194477", "group": "Religione", "subgroup": "Luoghi di Culto", "subcategory": "Chiesa"}, "geometry": {"type": "Point", "coordinates": [11.44787, 43.65554]}}, {"type": "Feature", "properties": {"wikidata": "Q3665206", "name": "certosa di Pisa", "status": "done", "osm_id": "relation/2052528", "group": "Altro", "subgroup": "Altro", "subcategory": "Altro"}, "geometry": {"type": "Point", "coordinates": [10.52277778, 43.72194444]}}, {"type": "Feature", "properties": {"wikidata": "Q3668137", "name": "chiesa dei Santi Fabiano e Sebastiano", "status": "done", "osm_id": "way/714348695", "group": "Religione", "subgroup": "Luoghi di Culto", "subcategory": "Chiesa"}, "geometry": {"type": "Point", "coordinates": [11.640587, 43.239557]}}, {"type": "Feature", "properties": {"wikidata": "Q3664792", "name": "Centro commerciale I Gigli", "status": "missing", "osm_id": null, "group": "Altro", "subgroup": "Altro", "subcategory": "Altro"}, "geometry": {"type": "Point", "coordinates": [11.14294444, 43.84704444]}}, {"type": "Feature", "properties": {"wikidata": "Q3668136", "name": "chiesa dei Santi Fabiano e Sebastiano", "status": "done", "osm_id": "way/987048048", "group": "Religione", "subgroup": "Luoghi di Culto", "subcategory": "Chiesa"}, "geometry": {"type": "Point", "coordinates": [10.6369, 43.49537]}}, {"type": "Feature", "properties": {"wikidata": "Q3667582", "name": "Chiazzano", "status": "done", "osm_id": "node/1968968583", "group": "Insediamenti", "subgroup": "Centri", "subcategory": "Frazione"}, "geometry": {"type": "Point", "coordinates": [10.964722222, 43.919444444]}}, {"type": "Feature", "properties": {"wikidata": "Q3665063", "name": "Cercina", "status": "done", "osm_id": "node/2140422824", "group": "Insediamenti", "subgroup": "Centri", "subcategory": "Frazione"}, "geometry": {"type": "Point", "coordinates": [11.26222222, 43.84472222]}}, {"type": "Feature", "properties": {"wikidata": "Q3664725", "name": "Centro Leasing", "status": "done", "osm_id": "way/111620493", "group": "Dimore ed edifici", "subgroup": "Strutture Varie", "subcategory": "Edificio"}, "geometry": {"type": "Point", "coordinates": [11.25695556, 43.78225556]}}, {"type": "Feature", "properties": {"wikidata": "Q3664827", "name": "Centro di documentazione Cultura della Legalit\u00e0 Democratica", "status": "missing", "osm_id": null, "group": "Cultura e tempo libero", "subgroup": "Archivi", "subcategory": "Archivio"}, "geometry": {"type": "Point", "coordinates": [11.257887, 43.772803]}}, {"type": "Feature", "properties": {"wikidata": "Q3667900", "name": "chiesa Valdese", "status": "done", "osm_id": "way/484785562", "group": "Cultura e tempo libero", "subgroup": "Archivi", "subcategory": "Archivio"}, "geometry": {"type": "Point", "coordinates": [11.260981, 43.780073]}}, {"type": "Feature", "properties": {"wikidata": "Q3667557", "name": "Chiatina", "status": "done", "osm_id": "node/6615415201", "group": "Insediamenti", "subgroup": "Centri", "subcategory": "Insediamento umano"}, "geometry": {"type": "Point", "coordinates": [11.5272, 43.158175]}}, {"type": "Feature", "properties": {"wikidata": "Q3667851", "name": "chiesa confraternita di San Giuseppe", "status": "missing", "osm_id": null, "group": "Religione", "subgroup": "Luoghi di Culto", "subcategory": "Chiesa"}, "geometry": {"type": "Point", "coordinates": [11.16595556, 42.86761111]}}, {"type": "Feature", "properties": {"wikidata": "Q3668517", "name": "chiesa del Carmine", "status": "done", "osm_id": "way/722944605", "group": "Religione", "subgroup": "Luoghi di Culto", "subcategory": "Chiesa"}, "geometry": {"type": "Point", "coordinates": [10.30274, 44.22467]}}, {"type": "Feature", "properties": {"wikidata": "Q3668067", "name": "chiesa dei Santi Andrea e Lorenzo", "status": "done", "osm_id": "way/163958055", "group": "Religione", "subgroup": "Luoghi di Culto", "subcategory": "Chiesa"}, "geometry": {"type": "Point", "coordinates": [11.00636, 43.2966]}}, {"type": "Feature", "properties": {"wikidata": "Q3668186", "name": "chiesa dei Santi Giacomo e Filippo", "status": "done", "osm_id": "way/696053282", "group": "Religione", "subgroup": "Luoghi di Culto", "subcategory": "Chiesa"}, "geometry": {"type": "Point", "coordinates": [9.8746, 44.39337]}}, {"type": "Feature", "properties": {"wikidata": "Q3668105", "name": "chiesa dei Santi Clemente e Colombano", "status": "done", "osm_id": "way/198036543", "group": "Religione", "subgroup": "Luoghi di Culto", "subcategory": "Chiesa"}, "geometry": {"type": "Point", "coordinates": [10.270722222, 44.016678888]}}, {"type": "Feature", "properties": {"wikidata": "Q3668774", "name": "chiesa dell'Immacolata", "status": "done", "osm_id": "way/105883386", "group": "Religione", "subgroup": "Luoghi di Culto", "subcategory": "Chiesa"}, "geometry": {"type": "Point", "coordinates": [11.25344, 43.78961]}}, {"type": "Feature", "properties": {"wikidata": "Q3668648", "name": "chiesa del Santissimo Nome di Ges\u00f9 ai Bassi", "status": "done", "osm_id": "way/306523259", "group": "Religione", "subgroup": "Luoghi di Culto", "subcategory": "Chiesa"}, "geometry": {"type": "Point", "coordinates": [11.20316, 43.78193]}}, {"type": "Feature", "properties": {"wikidata": "Q3668923", "name": "chiesa della Madonna del Buon Consiglio", "status": "done", "osm_id": "way/722807348", "group": "Religione", "subgroup": "Luoghi di Culto", "subcategory": "Chiesa"}, "geometry": {"type": "Point", "coordinates": [11.14707, 43.20506]}}, {"type": "Feature", "properties": {"wikidata": "Q3668926", "name": "chiesa della Madonna del Carmine", "status": "done", "osm_id": "way/313340466", "group": "Religione", "subgroup": "Luoghi di Culto", "subcategory": "Chiesa"}, "geometry": {"type": "Point", "coordinates": [10.61092, 43.16231]}}, {"type": "Feature", "properties": {"wikidata": "Q3668780", "name": "chiesa dell'Immacolata", "status": "done", "osm_id": "way/163967493", "group": "Religione", "subgroup": "Luoghi di Culto", "subcategory": "Chiesa"}, "geometry": {"type": "Point", "coordinates": [10.52176944, 42.92481944]}}, {"type": "Feature", "properties": {"wikidata": "Q3668668", "name": "chiesa del Santissimo Sacramento", "status": "missing", "osm_id": null, "group": "Religione", "subgroup": "Luoghi di Culto", "subcategory": "Chiesa"}, "geometry": {"type": "Point", "coordinates": [10.331304, 42.815692]}}, {"type": "Feature", "properties": {"wikidata": "Q3668907", "name": "chiesa della Madonna Bella", "status": "missing", "osm_id": null, "group": "Religione", "subgroup": "Luoghi di Culto", "subcategory": "Chiesa"}, "geometry": {"type": "Point", "coordinates": [12.08872, 43.48813]}}, {"type": "Feature", "properties": {"wikidata": "Q3668533", "name": "chiesa del Corpus Domini", "status": "done", "osm_id": "way/713911587", "group": "Religione", "subgroup": "Luoghi di Culto", "subcategory": "Chiesa"}, "geometry": {"type": "Point", "coordinates": [11.48915, 43.05815]}}, {"type": "Feature", "properties": {"wikidata": "Q3668544", "name": "chiesa del Crocifisso", "status": "done", "osm_id": "way/729216613", "group": "Religione", "subgroup": "Luoghi di Culto", "subcategory": "Chiesa"}, "geometry": {"type": "Point", "coordinates": [11.65454, 42.8402]}}, {"type": "Feature", "properties": {"wikidata": "Q3668915", "name": "chiesa della Madonna dei Braccini", "status": "done", "osm_id": "way/712424013", "group": "Religione", "subgroup": "Luoghi di Culto", "subcategory": "Chiesa"}, "geometry": {"type": "Point", "coordinates": [10.63029, 43.648]}}, {"type": "Feature", "properties": {"wikidata": "Q3668545", "name": "chiesa del Crocifisso dei Bianchi", "status": "done", "osm_id": "way/180624317", "group": "Religione", "subgroup": "Luoghi di Culto", "subcategory": "Chiesa"}, "geometry": {"type": "Point", "coordinates": [10.49825, 43.842972222]}}, {"type": "Feature", "properties": {"wikidata": "Q3668586", "name": "chiesa del Sacro Cuore", "status": "done", "osm_id": "way/248647838", "group": "Religione", "subgroup": "Luoghi di Culto", "subcategory": "Chiesa"}, "geometry": {"type": "Point", "coordinates": [11.145803, 43.815944]}}, {"type": "Feature", "properties": {"wikidata": "Q3668598", "name": "chiesa del Sacro Cuore Immacolato di Maria", "status": "done", "osm_id": "way/310950052", "group": "Religione", "subgroup": "Luoghi di Culto", "subcategory": "Chiesa"}, "geometry": {"type": "Point", "coordinates": [10.907289, 43.948913]}}, {"type": "Feature", "properties": {"wikidata": "Q3668827", "name": "chiesa della Beata Maria Vergine Madre della Divina Provvidenza", "status": "done", "osm_id": "way/305870412", "group": "Religione", "subgroup": "Luoghi di Culto", "subcategory": "Chiesa"}, "geometry": {"type": "Point", "coordinates": [11.2752, 43.78874]}}, {"type": "Feature", "properties": {"wikidata": "Q3668917", "name": "chiesa della Madonna dei Lumi", "status": "done", "osm_id": "way/1202967355", "group": "Religione", "subgroup": "Luoghi di Culto", "subcategory": "Chiesa"}, "geometry": {"type": "Point", "coordinates": [11.04254, 43.4648]}}, {"type": "Feature", "properties": {"wikidata": "Q3668594", "name": "chiesa del Sacro Cuore", "status": "done", "osm_id": "way/275783973", "group": "Religione", "subgroup": "Luoghi di Culto", "subcategory": "Chiesa"}, "geometry": {"type": "Point", "coordinates": [10.79523, 43.68649]}}, {"type": "Feature", "properties": {"wikidata": "Q3668567", "name": "chiesa del Preziosissimo Sangue di Ges\u00f9", "status": "done", "osm_id": "relation/4085860", "group": "Religione", "subgroup": "Luoghi di Culto", "subcategory": "Chiesa"}, "geometry": {"type": "Point", "coordinates": [11.22957, 43.7875]}}, {"type": "Feature", "properties": {"wikidata": "Q3668782", "name": "chiesa dell'Immacolata Concezione", "status": "missing", "osm_id": null, "group": "Religione", "subgroup": "Luoghi di Culto", "subcategory": "Chiesa"}, "geometry": {"type": "Point", "coordinates": [11.13951, 42.808709]}}, {"type": "Feature", "properties": {"wikidata": "Q3668636", "name": "chiesa del Santissimo Crocifisso", "status": "done", "osm_id": "way/800732483", "group": "Religione", "subgroup": "Luoghi di Culto", "subcategory": "Chiesa"}, "geometry": {"type": "Point", "coordinates": [10.85233333, 43.67997222]}}, {"type": "Feature", "properties": {"wikidata": "Q3668887", "name": "chiesa della Confraternita della Misericordia", "status": "missing", "osm_id": null, "group": "Religione", "subgroup": "Luoghi di Culto", "subcategory": "Chiesa"}, "geometry": {"type": "Point", "coordinates": [11.568211111, 43.522161111]}}, {"type": "Feature", "properties": {"wikidata": "Q3668577", "name": "chiesa del Quercecchio", "status": "done", "osm_id": "way/182544399", "group": "Altro", "subgroup": "Altro", "subcategory": "Altro"}, "geometry": {"type": "Point", "coordinates": [11.0413, 43.467]}}, {"type": "Feature", "properties": {"wikidata": "Q3668792", "name": "chiesa dell'Immacolata Concezione", "status": "done", "osm_id": "way/264339944", "group": "Religione", "subgroup": "Luoghi di Culto", "subcategory": "Chiesa"}, "geometry": {"type": "Point", "coordinates": [11.09201389, 43.90885278]}}, {"type": "Feature", "properties": {"wikidata": "Q3668894", "name": "chiesa della Croce", "status": "done", "osm_id": "way/493777947", "group": "Religione", "subgroup": "Luoghi di Culto", "subcategory": "Chiesa"}, "geometry": {"type": "Point", "coordinates": [12.05197, 43.54004]}}, {"type": "Feature", "properties": {"wikidata": "Q3668797", "name": "chiesa dell'Immacolata Concezione e dei Santi Fabiano e Sebastiano", "status": "missing", "osm_id": null, "group": "Religione", "subgroup": "Luoghi di Culto", "subcategory": "Chiesa"}, "geometry": {"type": "Point", "coordinates": [11.152794, 43.074406]}}, {"type": "Feature", "properties": {"wikidata": "Q3668553", "name": "chiesa del Ges\u00f9", "status": "done", "osm_id": "way/123454353", "group": "Religione", "subgroup": "Luoghi di Culto", "subcategory": "Chiesa"}, "geometry": {"type": "Point", "coordinates": [11.98376, 43.27636]}}, {"type": "Feature", "properties": {"wikidata": "Q3668824", "name": "chiesa della Beata Elisabetta Vendramini", "status": "done", "osm_id": "way/306398157", "group": "Religione", "subgroup": "Luoghi di Culto", "subcategory": "Chiesa"}, "geometry": {"type": "Point", "coordinates": [11.2453, 43.7764]}}, {"type": "Feature", "properties": {"wikidata": "Q3668610", "name": "chiesa del Sacro Cuore di Ges\u00f9", "status": "done", "osm_id": "way/306162951", "group": "Religione", "subgroup": "Luoghi di Culto", "subcategory": "Oratorio"}, "geometry": {"type": "Point", "coordinates": [10.531556, 43.928972]}}, {"type": "Feature", "properties": {"wikidata": "Q3668879", "name": "chiesa della Compagnia di San Giovanni Battista", "status": "missing", "osm_id": null, "group": "Religione", "subgroup": "Luoghi di Culto", "subcategory": "Chiesa"}, "geometry": {"type": "Point", "coordinates": [11.616061, 43.006229]}}, {"type": "Feature", "properties": {"wikidata": "Q3668555", "name": "chiesa del Ges\u00f9", "status": "done", "osm_id": "way/800497061", "group": "Religione", "subgroup": "Luoghi di Culto", "subcategory": "Chiesa"}, "geometry": {"type": "Point", "coordinates": [11.782616666, 43.092819444]}}, {"type": "Feature", "properties": {"wikidata": "Q3668695", "name": "chiesa del Santuccio", "status": "done", "osm_id": "way/47188323", "group": "Religione", "subgroup": "Luoghi di Culto", "subcategory": "Chiesa"}, "geometry": {"type": "Point", "coordinates": [11.339702, 43.315405]}}, {"type": "Feature", "properties": {"wikidata": "Q3668866", "name": "chiesa della Compagnia Santa Croce", "status": "done", "osm_id": "way/714331311", "group": "Religione", "subgroup": "Luoghi di Culto", "subcategory": "Chiesa"}, "geometry": {"type": "Point", "coordinates": [11.700867, 43.243317]}}, {"type": "Feature", "properties": {"wikidata": "Q3668874", "name": "chiesa della Compagnia dell'Immacolata Concezione", "status": "done", "osm_id": "way/714325261", "group": "Religione", "subgroup": "Luoghi di Culto", "subcategory": "Chiesa"}, "geometry": {"type": "Point", "coordinates": [11.6679, 43.188737]}}, {"type": "Feature", "properties": {"wikidata": "Q3668600", "name": "chiesa del Sacro Cuore ai Villaggi", "status": "done", "osm_id": "way/232544144", "group": "Religione", "subgroup": "Luoghi di Culto", "subcategory": "Chiesa"}, "geometry": {"type": "Point", "coordinates": [10.61902, 43.66512]}}, {"type": "Feature", "properties": {"wikidata": "Q3668651", "name": "chiesa del Santissimo Nome di Maria", "status": "missing", "osm_id": null, "group": "Religione", "subgroup": "Luoghi di Culto", "subcategory": "Chiesa"}, "geometry": {"type": "Point", "coordinates": [11.90349722, 43.01868611]}}, {"type": "Feature", "properties": {"wikidata": "Q3668581", "name": "chiesa del Sacro Chiodo", "status": "missing", "osm_id": null, "group": "Religione", "subgroup": "Luoghi di Culto", "subcategory": "Chiesa"}, "geometry": {"type": "Point", "coordinates": [11.738808, 43.213169]}}, {"type": "Feature", "properties": {"wikidata": "Q3668639", "name": "chiesa del Santissimo Crocifisso", "status": "done", "osm_id": "way/1487984800", "group": "Religione", "subgroup": "Luoghi di Culto", "subcategory": "Chiesa"}, "geometry": {"type": "Point", "coordinates": [10.677787, 43.079609]}}, {"type": "Feature", "properties": {"wikidata": "Q3668877", "name": "chiesa della Compagnia della Madonna", "status": "done", "osm_id": "way/45398322", "group": "Religione", "subgroup": "Luoghi di Culto", "subcategory": "Chiesa"}, "geometry": {"type": "Point", "coordinates": [11.24397, 43.28883]}}, {"type": "Feature", "properties": {"wikidata": "Q3668626", "name": "chiesa del Santissimo Crocifisso", "status": "done", "osm_id": "way/692957126", "group": "Religione", "subgroup": "Luoghi di Culto", "subcategory": "Chiesa"}, "geometry": {"type": "Point", "coordinates": [10.61069444, 43.16092778]}}, {"type": "Feature", "properties": {"wikidata": "Q3668822", "name": "chiesa dell'ex Conservatorio di Santa Chiara", "status": "missing", "osm_id": null, "group": "Religione", "subgroup": "Luoghi di Culto", "subcategory": "Chiesa"}, "geometry": {"type": "Point", "coordinates": [11.04278, 43.47004]}}, {"type": "Feature", "properties": {"wikidata": "Q3668558", "name": "chiesa del Luogo Pio", "status": "done", "osm_id": "way/71732660", "group": "Religione", "subgroup": "Luoghi di Culto", "subcategory": "Ex chiesa"}, "geometry": {"type": "Point", "coordinates": [10.305884, 43.5548]}}, {"type": "Feature", "properties": {"wikidata": "Q3668703", "name": "chiesa del Suffragio", "status": "missing", "osm_id": null, "group": "Religione", "subgroup": "Luoghi di Culto", "subcategory": "Chiesa"}, "geometry": {"type": "Point", "coordinates": [11.86715, 42.98961]}}, {"type": "Feature", "properties": {"wikidata": "Q3668871", "name": "chiesa della Compagnia del Corpus Domini", "status": "missing", "osm_id": null, "group": "Religione", "subgroup": "Luoghi di Culto", "subcategory": "Chiesa"}, "geometry": {"type": "Point", "coordinates": [11.55692, 42.92951]}}, {"type": "Feature", "properties": {"wikidata": "Q3668631", "name": "chiesa del Santissimo Crocifisso", "status": "done", "osm_id": "way/727165620", "group": "Religione", "subgroup": "Luoghi di Culto", "subcategory": "Chiesa"}, "geometry": {"type": "Point", "coordinates": [11.20429167, 42.89040278]}}, {"type": "Feature", "properties": {"wikidata": "Q3668607", "name": "chiesa del Sacro Cuore di Ges\u00f9", "status": "done", "osm_id": "way/722768760", "group": "Religione", "subgroup": "Luoghi di Culto", "subcategory": "Chiesa"}, "geometry": {"type": "Point", "coordinates": [11.8546, 43.133858333]}}, {"type": "Feature", "properties": {"wikidata": "Q3668772", "name": "chiesa dell'Immacolata", "status": "done", "osm_id": "way/1205513247", "group": "Religione", "subgroup": "Luoghi di Culto", "subcategory": "Chiesa"}, "geometry": {"type": "Point", "coordinates": [11.82941, 43.058146]}}, {"type": "Feature", "properties": {"wikidata": "Q3668653", "name": "chiesa del Santissimo Nome di Maria", "status": "done", "osm_id": "way/726557214", "group": "Religione", "subgroup": "Luoghi di Culto", "subcategory": "Chiesa"}, "geometry": {"type": "Point", "coordinates": [11.30014, 42.71532]}}, {"type": "Feature", "properties": {"wikidata": "Q3668872", "name": "chiesa della Compagnia del Santissimo Rosario", "status": "done", "osm_id": "way/538600482", "group": "Religione", "subgroup": "Luoghi di Culto", "subcategory": "Chiesa"}, "geometry": {"type": "Point", "coordinates": [11.59119, 43.12374]}}, {"type": "Feature", "properties": {"wikidata": "Q3668588", "name": "chiesa del Sacro Cuore", "status": "done", "osm_id": "way/69305769", "group": "Religione", "subgroup": "Luoghi di Culto", "subcategory": "Chiesa"}, "geometry": {"type": "Point", "coordinates": [10.332065, 43.548595]}}, {"type": "Feature", "properties": {"wikidata": "Q3668845", "name": "chiesa della Beata Vergine del Buon Consiglio", "status": "done", "osm_id": "way/306368607", "group": "Religione", "subgroup": "Luoghi di Culto", "subcategory": "Chiesa"}, "geometry": {"type": "Point", "coordinates": [11.2651, 43.7852]}}, {"type": "Feature", "properties": {"wikidata": "Q3668880", "name": "chiesa della Compagnia della Visitazione", "status": "missing", "osm_id": null, "group": "Religione", "subgroup": "Luoghi di Culto", "subcategory": "Chiesa"}, "geometry": {"type": "Point", "coordinates": [11.64717, 43.43696]}}, {"type": "Feature", "properties": {"wikidata": "Q3668625", "name": "chiesa del Santissimo Crocifisso", "status": "done", "osm_id": "way/370012597", "group": "Religione", "subgroup": "Luoghi di Culto", "subcategory": "Chiesa"}, "geometry": {"type": "Point", "coordinates": [10.542166666, 43.978011111]}}, {"type": "Feature", "properties": {"wikidata": "Q3668873", "name": "chiesa della Compagnia del Suffragio", "status": "done", "osm_id": "way/720351702", "group": "Religione", "subgroup": "Luoghi di Culto", "subcategory": "Chiesa"}, "geometry": {"type": "Point", "coordinates": [11.72462, 43.33102]}}, {"type": "Feature", "properties": {"wikidata": "Q3668903", "name": "chiesa della Madonna", "status": "done", "osm_id": "way/294488831", "group": "Religione", "subgroup": "Luoghi di Culto", "subcategory": "Chiesa"}, "geometry": {"type": "Point", "coordinates": [10.310143, 43.552137]}}, {"type": "Feature", "properties": {"wikidata": "Q3668798", "name": "chiesa dell'Immacolata Concezione e di San Lazzaro", "status": "done", "osm_id": "node/7564429952", "group": "Religione", "subgroup": "Luoghi di Culto", "subcategory": "Chiesa"}, "geometry": {"type": "Point", "coordinates": [10.292583, 43.939194]}}, {"type": "Feature", "properties": {"wikidata": "Q3668878", "name": "chiesa della Compagnia della Misericordia", "status": "done", "osm_id": "way/714986952", "group": "Religione", "subgroup": "Luoghi di Culto", "subcategory": "Chiesa"}, "geometry": {"type": "Point", "coordinates": [11.2723, 43.1475]}}, {"type": "Feature", "properties": {"wikidata": "Q3668526", "name": "chiesa del Cimitero della Vergine", "status": "done", "osm_id": "way/395329220", "group": "Religione", "subgroup": "Luoghi di Culto", "subcategory": "Chiesa"}, "geometry": {"type": "Point", "coordinates": [10.919599, 43.92253]}}, {"type": "Feature", "properties": {"wikidata": "Q3668536", "name": "chiesa del Corpus Domini", "status": "done", "osm_id": "way/987682935", "group": "Religione", "subgroup": "Luoghi di Culto", "subcategory": "Chiesa"}, "geometry": {"type": "Point", "coordinates": [11.325192, 43.348085]}}, {"type": "Feature", "properties": {"wikidata": "Q3668919", "name": "chiesa della Madonna dei Remedi", "status": "done", "osm_id": "way/728256549", "group": "Religione", "subgroup": "Luoghi di Culto", "subcategory": "Chiesa"}, "geometry": {"type": "Point", "coordinates": [11.67919, 42.87746]}}, {"type": "Feature", "properties": {"wikidata": "Q3668909", "name": "chiesa della Madonna", "status": "missing", "osm_id": null, "group": "Religione", "subgroup": "Luoghi di Culto", "subcategory": "Chiesa"}, "geometry": {"type": "Point", "coordinates": [11.50052222, 42.86871667]}}, {"type": "Feature", "properties": {"wikidata": "Q3668881", "name": "chiesa della Compagnia di San Salvatore", "status": "missing", "osm_id": null, "group": "Religione", "subgroup": "Luoghi di Culto", "subcategory": "Chiesa"}, "geometry": {"type": "Point", "coordinates": [11.71529, 43.23078]}}, {"type": "Feature", "properties": {"wikidata": "Q3668914", "name": "chiesa della Madonna degli Schiavi", "status": "done", "osm_id": "way/1289258678", "group": "Religione", "subgroup": "Luoghi di Culto", "subcategory": "Chiesa"}, "geometry": {"type": "Point", "coordinates": [11.51655, 42.90805]}}, {"type": "Feature", "properties": {"wikidata": "Q3668694", "name": "chiesa del Serraglio", "status": "done", "osm_id": "way/714328638", "group": "Religione", "subgroup": "Luoghi di Culto", "subcategory": "Chiesa"}, "geometry": {"type": "Point", "coordinates": [11.742837, 43.202726]}}, {"type": "Feature", "properties": {"wikidata": "Q3668557", "name": "chiesa del Madonnino", "status": "done", "osm_id": "way/1489704953", "group": "Religione", "subgroup": "Luoghi di Culto", "subcategory": "Chiesa"}, "geometry": {"type": "Point", "coordinates": [11.44123611, 42.87419444]}}, {"type": "Feature", "properties": {"wikidata": "Q3668596", "name": "chiesa del Sacro Cuore di Ges\u00f9", "status": "done", "osm_id": "way/156324236", "group": "Religione", "subgroup": "Luoghi di Culto", "subcategory": "Chiesa"}, "geometry": {"type": "Point", "coordinates": [12.142356, 43.574472]}}, {"type": "Feature", "properties": {"wikidata": "Q3668767", "name": "chiesa dell'Autostrada del Sole", "status": "done", "osm_id": "relation/6968323", "group": "Religione", "subgroup": "Luoghi di Culto", "subcategory": "Chiesa"}, "geometry": {"type": "Point", "coordinates": [11.15694444, 43.83166944]}}, {"type": "Feature", "properties": {"wikidata": "Q3668721", "name": "chiesa dell'Adorazione Perpetua", "status": "done", "osm_id": "way/117837005", "group": "Religione", "subgroup": "Luoghi di Culto", "subcategory": "Chiesa"}, "geometry": {"type": "Point", "coordinates": [11.2427, 43.7761]}}, {"type": "Feature", "properties": {"wikidata": "Q3668916", "name": "chiesa della Madonna dei Galletti", "status": "done", "osm_id": "way/341184390", "group": "Religione", "subgroup": "Luoghi di Culto", "subcategory": "Chiesa"}, "geometry": {"type": "Point", "coordinates": [10.399583333, 43.716777777]}}, {"type": "Feature", "properties": {"wikidata": "Q3668701", "name": "chiesa del Suffragio", "status": "done", "osm_id": "way/422453494", "group": "Religione", "subgroup": "Luoghi di Culto", "subcategory": "Chiesa"}, "geometry": {"type": "Point", "coordinates": [11.1848, 43.6574]}}, {"type": "Feature", "properties": {"wikidata": "Q3668551", "name": "chiesa del Ges\u00f9", "status": "done", "osm_id": "way/413166680", "group": "Religione", "subgroup": "Luoghi di Culto", "subcategory": "Chiesa"}, "geometry": {"type": "Point", "coordinates": [11.92575, 43.34135]}}, {"type": "Feature", "properties": {"wikidata": "Q3668826", "name": "chiesa della Beata Maria Vergine", "status": "missing", "osm_id": null, "group": "Religione", "subgroup": "Luoghi di Culto", "subcategory": "Chiesa"}, "geometry": {"type": "Point", "coordinates": [10.889114, 43.240357]}}, {"type": "Feature", "properties": {"wikidata": "Q3668674", "name": "chiesa del Santissimo Salvatore", "status": "done", "osm_id": "way/422808083", "group": "Religione", "subgroup": "Luoghi di Culto", "subcategory": "Chiesa"}, "geometry": {"type": "Point", "coordinates": [10.90663, 43.20746]}}, {"type": "Feature", "properties": {"wikidata": "Q3668565", "name": "chiesa del Patreterno e della Santissima Trinit\u00e0", "status": "missing", "osm_id": null, "group": "Religione", "subgroup": "Luoghi di Culto", "subcategory": "Chiesa"}, "geometry": {"type": "Point", "coordinates": [10.402294444, 42.810591666]}}, {"type": "Feature", "properties": {"wikidata": "Q3668534", "name": "chiesa del Corpus Domini", "status": "missing", "osm_id": null, "group": "Religione", "subgroup": "Luoghi di Culto", "subcategory": "Chiesa"}, "geometry": {"type": "Point", "coordinates": [11.60298, 43.28718]}}, {"type": "Feature", "properties": {"wikidata": "Q3668869", "name": "chiesa della Compagnia del Corpus Domini", "status": "missing", "osm_id": null, "group": "Religione", "subgroup": "Luoghi di Culto", "subcategory": "Chiesa"}, "geometry": {"type": "Point", "coordinates": [11.74673, 43.127243]}}, {"type": "Feature", "properties": {"wikidata": "Q3668608", "name": "chiesa del Sacro Cuore di Ges\u00f9", "status": "missing", "osm_id": null, "group": "Religione", "subgroup": "Luoghi di Culto", "subcategory": "Chiesa"}, "geometry": {"type": "Point", "coordinates": [11.09202, 43.89063]}}, {"type": "Feature", "properties": {"wikidata": "Q3668702", "name": "chiesa del Suffragio", "status": "done", "osm_id": "way/729224095", "group": "Religione", "subgroup": "Luoghi di Culto", "subcategory": "Chiesa"}, "geometry": {"type": "Point", "coordinates": [11.585989, 42.831203]}}, {"type": "Feature", "properties": {"wikidata": "Q3668531", "name": "chiesa del Corpus Domini", "status": "done", "osm_id": "way/153269054", "group": "Religione", "subgroup": "Luoghi di Culto", "subcategory": "Chiesa"}, "geometry": {"type": "Point", "coordinates": [11.29188, 43.76022]}}, {"type": "Feature", "properties": {"wikidata": "Q3668679", "name": "chiesa del Santissimo Salvatore", "status": "done", "osm_id": "way/153890437", "group": "Religione", "subgroup": "Luoghi di Culto", "subcategory": "Chiesa"}, "geometry": {"type": "Point", "coordinates": [10.5184, 43.69735]}}, {"type": "Feature", "properties": {"wikidata": "Q3668627", "name": "chiesa del Santissimo Crocifisso", "status": "done", "osm_id": "way/271886235", "group": "Religione", "subgroup": "Luoghi di Culto", "subcategory": "Chiesa"}, "geometry": {"type": "Point", "coordinates": [11.22524, 43.76982]}}, {"type": "Feature", "properties": {"wikidata": "Q3668592", "name": "chiesa del Sacro Cuore", "status": "done", "osm_id": "way/282884506", "group": "Religione", "subgroup": "Luoghi di Culto", "subcategory": "Chiesa"}, "geometry": {"type": "Point", "coordinates": [11.042438888, 43.925172222]}}, {"type": "Feature", "properties": {"wikidata": "Q3668759", "name": "chiesa dell'Ascensione di Nostro Signore Ges\u00f9 Cristo", "status": "done", "osm_id": "way/306368608", "group": "Religione", "subgroup": "Luoghi di Culto", "subcategory": "Chiesa"}, "geometry": {"type": "Point", "coordinates": [11.23676, 43.79054]}}, {"type": "Feature", "properties": {"wikidata": "Q3668698", "name": "chiesa del Suffragio", "status": "done", "osm_id": "way/180547721", "group": "Altro", "subgroup": "Altro", "subcategory": "Altro"}, "geometry": {"type": "Point", "coordinates": [10.50638611, 43.84289722]}}, {"type": "Feature", "properties": {"wikidata": "Q3668669", "name": "chiesa del Santissimo Sacramento", "status": "done", "osm_id": "way/713884073", "group": "Religione", "subgroup": "Luoghi di Culto", "subcategory": "Chiesa"}, "geometry": {"type": "Point", "coordinates": [11.53985, 42.89418]}}, {"type": "Feature", "properties": {"wikidata": "Q3668791", "name": "chiesa dell'Immacolata Concezione", "status": "missing", "osm_id": null, "group": "Religione", "subgroup": "Luoghi di Culto", "subcategory": "Chiesa"}, "geometry": {"type": "Point", "coordinates": [10.916827777, 43.937383333]}}, {"type": "Feature", "properties": {"wikidata": "Q3668882", "name": "chiesa della Compagnia di Santa Caterina della Misericordia", "status": "missing", "osm_id": null, "group": "Religione", "subgroup": "Luoghi di Culto", "subcategory": "Chiesa"}, "geometry": {"type": "Point", "coordinates": [11.61656, 43.2585]}}, {"type": "Feature", "properties": {"wikidata": "Q3668603", "name": "chiesa del Sacro Cuore al Romito", "status": "done", "osm_id": "way/172887311", "group": "Religione", "subgroup": "Luoghi di Culto", "subcategory": "Chiesa"}, "geometry": {"type": "Point", "coordinates": [11.24713, 43.78521]}}, {"type": "Feature", "properties": {"wikidata": "Q3668705", "name": "chiesa del Triano", "status": "done", "osm_id": "way/713551713", "group": "Religione", "subgroup": "Luoghi di Culto", "subcategory": "Chiesa"}, "geometry": {"type": "Point", "coordinates": [11.747861, 43.125657]}}, {"type": "Feature", "properties": {"wikidata": "Q3668724", "name": "chiesa dell'Annunciazione", "status": "done", "osm_id": "way/315801751", "group": "Religione", "subgroup": "Luoghi di Culto", "subcategory": "Chiesa"}, "geometry": {"type": "Point", "coordinates": [11.1079486, 43.8881936]}}, {"type": "Feature", "properties": {"wikidata": "Q3668755", "name": "chiesa dell'Ascensione", "status": "done", "osm_id": "way/325922481", "group": "Religione", "subgroup": "Luoghi di Culto", "subcategory": "Chiesa"}, "geometry": {"type": "Point", "coordinates": [11.08031389, 43.87788611]}}, {"type": "Feature", "properties": {"wikidata": "Q3868181", "name": "Museo di San Francesco", "status": "done", "osm_id": "node/1088111695", "group": "Altro", "subgroup": "Altro", "subcategory": "Altro"}, "geometry": {"type": "Point", "coordinates": [11.3154, 43.5831]}}, {"type": "Feature", "properties": {"wikidata": "Q3868072", "name": "museo della Ceramica di Montelupo", "status": "done", "osm_id": "node/12999953448", "group": "Cultura e tempo libero", "subgroup": "Musei", "subcategory": "Museo"}, "geometry": {"type": "Point", "coordinates": [11.022708, 43.734891]}}, {"type": "Feature", "properties": {"wikidata": "Q3868170", "name": "Museo di Fucecchio", "status": "done", "osm_id": "node/7319828301", "group": "Cultura e tempo libero", "subgroup": "Musei", "subcategory": "Museo d'arte"}, "geometry": {"type": "Point", "coordinates": [10.808752, 43.729172]}}, {"type": "Feature", "properties": {"wikidata": "Q3868186", "name": "Museo di Santa Verdiana", "status": "done", "osm_id": "node/4624278339", "group": "Cultura e tempo libero", "subgroup": "Musei", "subcategory": "Museo"}, "geometry": {"type": "Point", "coordinates": [10.97181, 43.60285]}}, {"type": "Feature", "properties": {"wikidata": "Q3868160", "name": "Museo delle porcellane", "status": "done", "osm_id": "node/3213287243", "group": "Cultura e tempo libero", "subgroup": "Musei", "subcategory": "Museo d'arte"}, "geometry": {"type": "Point", "coordinates": [11.249968, 43.765275]}}, {"type": "Feature", "properties": {"wikidata": "Q3868078", "name": "Museo della citt\u00e0 e del territorio", "status": "done", "osm_id": "node/1569045257", "group": "Cultura e tempo libero", "subgroup": "Musei", "subcategory": "Museo"}, "geometry": {"type": "Point", "coordinates": [10.814065, 43.87048]}}, {"type": "Feature", "properties": {"wikidata": "Q3868116", "name": "Museo della terracotta", "status": "done", "osm_id": "node/7154946119", "group": "Cultura e tempo libero", "subgroup": "Musei", "subcategory": "Museo etnografico"}, "geometry": {"type": "Point", "coordinates": [11.6857983, 43.1415239]}}, {"type": "Feature", "properties": {"wikidata": "Q3868201", "name": "Museo d'Arte Sacra di Certaldo", "status": "done", "osm_id": "node/5091269638", "group": "Cultura e tempo libero", "subgroup": "Musei", "subcategory": "Museo"}, "geometry": {"type": "Point", "coordinates": [11.041546, 43.547657]}}, {"type": "Feature", "properties": {"wikidata": "Q3868135", "name": "Museo delle carrozze", "status": "missing", "osm_id": null, "group": "Cultura e tempo libero", "subgroup": "Musei", "subcategory": "Museo"}, "geometry": {"type": "Point", "coordinates": [11.248725, 43.76508889]}}, {"type": "Feature", "properties": {"wikidata": "Q3868168", "name": "Museo di Casa Giusti", "status": "done", "osm_id": "way/176200687", "group": "Cultura e tempo libero", "subgroup": "Musei", "subcategory": "Casa museo"}, "geometry": {"type": "Point", "coordinates": [10.8135, 43.871583333]}}, {"type": "Feature", "properties": {"wikidata": "Q3868053", "name": "Museo della Societ\u00e0 di esecutori di pie disposizioni", "status": "done", "osm_id": "node/7318884184", "group": "Cultura e tempo libero", "subgroup": "Musei", "subcategory": "Museo"}, "geometry": {"type": "Point", "coordinates": [11.339541, 43.315483]}}, {"type": "Feature", "properties": {"wikidata": "Q3868102", "name": "Museo della musica", "status": "missing", "osm_id": null, "group": "Cultura e tempo libero", "subgroup": "Musei", "subcategory": "Museo"}, "geometry": {"type": "Point", "coordinates": [11.78994, 43.60138]}}, {"type": "Feature", "properties": {"wikidata": "Q3868197", "name": "Museo di arte contemporanea e del Novecento", "status": "done", "osm_id": "node/1569045253", "group": "Cultura e tempo libero", "subgroup": "Musei", "subcategory": "Museo"}, "geometry": {"type": "Point", "coordinates": [10.815825, 43.874305]}}, {"type": "Feature", "properties": {"wikidata": "Q3868055", "name": "Museo della Basilica di Santa Maria delle Grazie", "status": "done", "osm_id": "node/3373936577", "group": "Cultura e tempo libero", "subgroup": "Musei", "subcategory": "Museo d'arte"}, "geometry": {"type": "Point", "coordinates": [11.529697, 43.564346]}}, {"type": "Feature", "properties": {"wikidata": "Q3868177", "name": "Museo di San Caprasio", "status": "missing", "osm_id": null, "group": "Cultura e tempo libero", "subgroup": "Musei", "subcategory": "Museo"}, "geometry": {"type": "Point", "coordinates": [9.96784, 44.207608]}}, {"type": "Feature", "properties": {"wikidata": "Q3868117", "name": "Museo della vetrata", "status": "done", "osm_id": "node/5016773430", "group": "Cultura e tempo libero", "subgroup": "Musei", "subcategory": "Museo d'arte"}, "geometry": {"type": "Point", "coordinates": [12.14175, 43.568635]}}, {"type": "Feature", "properties": {"wikidata": "Q3868108", "name": "Museo della satira e della caricatura", "status": "done", "osm_id": "node/7319468536", "group": "Cultura e tempo libero", "subgroup": "Archivi", "subcategory": "Archivio"}, "geometry": {"type": "Point", "coordinates": [10.16956, 43.959537]}}, {"type": "Feature", "properties": {"wikidata": "Q3868148", "name": "Museo delle memorie e del paesaggio nella terra di Anghiari", "status": "missing", "osm_id": null, "group": "Cultura e tempo libero", "subgroup": "Musei", "subcategory": "Museo storico"}, "geometry": {"type": "Point", "coordinates": [12.056480555, 43.540966666]}}, {"type": "Feature", "properties": {"wikidata": "Q3868145", "name": "Museo delle genti di montagna", "status": "done", "osm_id": "node/5811796176", "group": "Cultura e tempo libero", "subgroup": "Musei", "subcategory": "Casa museo"}, "geometry": {"type": "Point", "coordinates": [11.547865, 44.112346]}}, {"type": "Feature", "properties": {"wikidata": "Q3868200", "name": "Museo di arte sacra di Massa Marittima", "status": "done", "osm_id": "node/7251695949", "group": "Cultura e tempo libero", "subgroup": "Musei", "subcategory": "Museo d'arte"}, "geometry": {"type": "Point", "coordinates": [10.89281389, 43.05117222]}}, {"type": "Feature", "properties": {"wikidata": "Q3868079", "name": "Museo della civilt\u00e0 castellana", "status": "missing", "osm_id": null, "group": "Altro", "subgroup": "Altro", "subcategory": "Altro"}, "geometry": {"type": "Point", "coordinates": [11.7062, 43.7399]}}, {"type": "Feature", "properties": {"wikidata": "Q3868172", "name": "raccolta d'arte dell'oratorio del Santissimo Crocifisso", "status": "missing", "osm_id": null, "group": "Altro", "subgroup": "Altro", "subcategory": "Altro"}, "geometry": {"type": "Point", "coordinates": [11.508304013, 42.785773359]}}, {"type": "Feature", "properties": {"wikidata": "Q3884722", "name": "oratorio di San Pietro", "status": "done", "osm_id": "way/388719376", "group": "Religione", "subgroup": "Luoghi di Culto", "subcategory": "Oratorio"}, "geometry": {"type": "Point", "coordinates": [11.22826576, 43.91460037]}}, {"type": "Feature", "properties": {"wikidata": "Q3884721", "name": "oratorio di San Pierino", "status": "missing", "osm_id": null, "group": "Religione", "subgroup": "Luoghi di Culto", "subcategory": "Oratorio"}, "geometry": {"type": "Point", "coordinates": [10.49987778, 43.84232222]}}, {"type": "Feature", "properties": {"wikidata": "Q3909213", "name": "porto di Bocca d'Arno", "status": "done", "osm_id": "node/2472540888", "group": "Infrastrutture", "subgroup": "Trasporti", "subcategory": "Porto"}, "geometry": {"type": "Point", "coordinates": [10.27202, 43.67802]}}, {"type": "Feature", "properties": {"wikidata": "Q3884796", "name": "oratorio di Sant'Antonio Abate", "status": "done", "osm_id": "way/394900673", "group": "Religione", "subgroup": "Luoghi di Culto", "subcategory": "Oratorio"}, "geometry": {"type": "Point", "coordinates": [10.9161, 43.93206]}}, {"type": "Feature", "properties": {"wikidata": "Q3909205", "name": "porto di Antignano", "status": "done", "osm_id": "way/1119053110", "group": "Infrastrutture", "subgroup": "Trasporti", "subcategory": "Porto"}, "geometry": {"type": "Point", "coordinates": [10.322, 43.4961]}}, {"type": "Feature", "properties": {"wikidata": "Q3884719", "name": "oratorio di San Pierino", "status": "done", "osm_id": "way/306240094", "group": "Religione", "subgroup": "Luoghi di Culto", "subcategory": "Oratorio"}, "geometry": {"type": "Point", "coordinates": [11.2622, 43.7772]}}, {"type": "Feature", "properties": {"wikidata": "Q3908880", "name": "Porta all'Arco", "status": "done", "osm_id": "way/1306642180", "group": "Fortificazioni e militare", "subgroup": "Fortificazioni", "subcategory": "Porta cittadina"}, "geometry": {"type": "Point", "coordinates": [11.330487, 43.315187]}}, {"type": "Feature", "properties": {"wikidata": "Q3908811", "name": "Porta San Ranierino", "status": "done", "osm_id": "node/2268209082", "group": "Fortificazioni e militare", "subgroup": "Fortificazioni", "subcategory": "Porta cittadina"}, "geometry": {"type": "Point", "coordinates": [10.398426, 43.723419]}}, {"type": "Feature", "properties": {"wikidata": "Q3884690", "name": "oratorio di San Jacopo", "status": "missing", "osm_id": null, "group": "Religione", "subgroup": "Luoghi di Culto", "subcategory": "Oratorio"}, "geometry": {"type": "Point", "coordinates": [11.34047, 43.76927]}}, {"type": "Feature", "properties": {"wikidata": "Q3884664", "name": "oratorio di San Giovanni", "status": "missing", "osm_id": null, "group": "Religione", "subgroup": "Luoghi di Culto", "subcategory": "Oratorio"}, "geometry": {"type": "Point", "coordinates": [11.72596, 43.2337]}}, {"type": "Feature", "properties": {"wikidata": "Q3884652", "name": "Oratorio di San Filippo Neri - Cappella della Misericordia di Vicchio", "status": "done", "osm_id": "way/388317238", "group": "Cultura e tempo libero", "subgroup": "Musei", "subcategory": "Museo"}, "geometry": {"type": "Point", "coordinates": [11.465709, 43.933334]}}, {"type": "Feature", "properties": {"wikidata": "Q3884748", "name": "oratorio di San Rocco", "status": "done", "osm_id": "way/263977782", "group": "Religione", "subgroup": "Luoghi di Culto", "subcategory": "Oratorio"}, "geometry": {"type": "Point", "coordinates": [11.060141, 44.079653]}}, {"type": "Feature", "properties": {"wikidata": "Q3908822", "name": "Porta Sant'Anna", "status": "done", "osm_id": "node/5599228142", "group": "Fortificazioni e militare", "subgroup": "Fortificazioni", "subcategory": "Porta cittadina"}, "geometry": {"type": "Point", "coordinates": [10.49605, 43.84235556]}}, {"type": "Feature", "properties": {"wikidata": "Q3908927", "name": "Porta di Santa Marta", "status": "done", "osm_id": "node/2184873525", "group": "Fortificazioni e militare", "subgroup": "Fortificazioni", "subcategory": "Porta cittadina"}, "geometry": {"type": "Point", "coordinates": [10.40877861, 43.71687222]}}, {"type": "Feature", "properties": {"wikidata": "Q3884776", "name": "oratorio di Sant'Andrea Apostolo", "status": "done", "osm_id": "way/123273815", "group": "Religione", "subgroup": "Luoghi di Culto", "subcategory": "Oratorio"}, "geometry": {"type": "Point", "coordinates": [10.40708056, 43.40420278]}}, {"type": "Feature", "properties": {"wikidata": "Q3884674", "name": "oratorio di San Giovanni Battista in Poggiolo", "status": "missing", "osm_id": null, "group": "Religione", "subgroup": "Luoghi di Culto", "subcategory": "Oratorio"}, "geometry": {"type": "Point", "coordinates": [11.782616, 43.09282]}}, {"type": "Feature", "properties": {"wikidata": "Q3909196", "name": "porto del Puntone di Scarlino", "status": "done", "osm_id": "node/432786122", "group": "Infrastrutture", "subgroup": "Trasporti", "subcategory": "Porto"}, "geometry": {"type": "Point", "coordinates": [10.7834, 42.8848]}}, {"type": "Feature", "properties": {"wikidata": "Q3908924", "name": "Porta di San Ranieri", "status": "done", "osm_id": "node/13592195208", "group": "Altro", "subgroup": "Altro", "subcategory": "Altro"}, "geometry": {"type": "Point", "coordinates": [10.396, 43.723]}}, {"type": "Feature", "properties": {"wikidata": "Q3884787", "name": "oratorio di Sant'Anna in Sant'Onofrio", "status": "missing", "osm_id": null, "group": "Religione", "subgroup": "Luoghi di Culto", "subcategory": "Oratorio"}, "geometry": {"type": "Point", "coordinates": [11.32846, 43.32324]}}, {"type": "Feature", "properties": {"wikidata": "Q3908901", "name": "Porta del Parlascio", "status": "done", "osm_id": "node/12509705657", "group": "Fortificazioni e militare", "subgroup": "Fortificazioni", "subcategory": "Porta cittadina"}, "geometry": {"type": "Point", "coordinates": [10.40230778, 43.7226625]}}, {"type": "Feature", "properties": {"wikidata": "Q3884699", "name": "oratorio di San Martino", "status": "done", "osm_id": "way/320947409", "group": "Religione", "subgroup": "Luoghi di Culto", "subcategory": "Oratorio"}, "geometry": {"type": "Point", "coordinates": [11.101137, 43.897199]}}, {"type": "Feature", "properties": {"wikidata": "Q3909221", "name": "porto di Carrara", "status": "done", "osm_id": "node/3297528556", "group": "Infrastrutture", "subgroup": "Trasporti", "subcategory": "Porto"}, "geometry": {"type": "Point", "coordinates": [10.039161, 44.036213]}}, {"type": "Feature", "properties": {"wikidata": "Q3884657", "name": "oratorio di San Gaetano", "status": "missing", "osm_id": null, "group": "Religione", "subgroup": "Luoghi di Culto", "subcategory": "Chiesa"}, "geometry": {"type": "Point", "coordinates": [10.91839, 43.93071]}}, {"type": "Feature", "properties": {"wikidata": "Q3884799", "name": "oratorio di Sant'Antonio Abate", "status": "done", "osm_id": "way/718507964", "group": "Religione", "subgroup": "Luoghi di Culto", "subcategory": "Oratorio"}, "geometry": {"type": "Point", "coordinates": [10.8087, 43.21491]}}, {"type": "Feature", "properties": {"wikidata": "Q3884745", "name": "oratorio di San Rocco", "status": "missing", "osm_id": null, "group": "Religione", "subgroup": "Luoghi di Culto", "subcategory": "Oratorio"}, "geometry": {"type": "Point", "coordinates": [11.55929, 42.93033]}}, {"type": "Feature", "properties": {"wikidata": "Q3884660", "name": "oratorio di San Giacinto", "status": "missing", "osm_id": null, "group": "Religione", "subgroup": "Luoghi di Culto", "subcategory": "Oratorio"}, "geometry": {"type": "Point", "coordinates": [10.23199, 43.95682]}}, {"type": "Feature", "properties": {"wikidata": "Q3909158", "name": "Porto Nazario Sauro", "status": "done", "osm_id": "way/1241460093", "group": "Infrastrutture", "subgroup": "Trasporti", "subcategory": "Porto"}, "geometry": {"type": "Point", "coordinates": [10.3003, 43.5385]}}, {"type": "Feature", "properties": {"wikidata": "Q3884744", "name": "oratorio di San Rocco", "status": "missing", "osm_id": null, "group": "Religione", "subgroup": "Luoghi di Culto", "subcategory": "Oratorio"}, "geometry": {"type": "Point", "coordinates": [11.54186111, 42.72783333]}}, {"type": "Feature", "properties": {"wikidata": "Q3884752", "name": "oratorio di San Sebastiano", "status": "done", "osm_id": "way/723917034", "group": "Religione", "subgroup": "Luoghi di Culto", "subcategory": "Oratorio"}, "geometry": {"type": "Point", "coordinates": [10.6157, 43.29694]}}, {"type": "Feature", "properties": {"wikidata": "Q3909185", "name": "Porto Vecchio", "status": "missing", "osm_id": null, "group": "Infrastrutture", "subgroup": "Trasporti", "subcategory": "Porto"}, "geometry": {"type": "Point", "coordinates": [11.2067, 42.3916]}}, {"type": "Feature", "properties": {"wikidata": "Q3908893", "name": "Porta dei Borghi", "status": "done", "osm_id": "way/180546065", "group": "Fortificazioni e militare", "subgroup": "Fortificazioni", "subcategory": "Porta cittadina"}, "geometry": {"type": "Point", "coordinates": [10.50779722, 43.84683333]}}, {"type": "Feature", "properties": {"wikidata": "Q3909217", "name": "porto di Cala Galera", "status": "done", "osm_id": "node/2488719239", "group": "Infrastrutture", "subgroup": "Trasporti", "subcategory": "Porto"}, "geometry": {"type": "Point", "coordinates": [11.211, 42.4025]}}, {"type": "Feature", "properties": {"wikidata": "Q3884773", "name": "oratorio di Sant'Ambrogio", "status": "done", "osm_id": "way/694815614", "group": "Religione", "subgroup": "Luoghi di Culto", "subcategory": "Oratorio"}, "geometry": {"type": "Point", "coordinates": [11.10043333, 43.88109444]}}, {"type": "Feature", "properties": {"wikidata": "Q3909250", "name": "porto di Marina di Salivoli", "status": "done", "osm_id": "relation/11366873", "group": "Infrastrutture", "subgroup": "Trasporti", "subcategory": "Porto"}, "geometry": {"type": "Point", "coordinates": [10.5066, 42.9312]}}, {"type": "Feature", "properties": {"wikidata": "Q3909218", "name": "porto di Cala de' Medici", "status": "done", "osm_id": "way/123465969", "group": "Infrastrutture", "subgroup": "Trasporti", "subcategory": "Porto"}, "geometry": {"type": "Point", "coordinates": [10.4264, 43.3945]}}, {"type": "Feature", "properties": {"wikidata": "Q3884771", "name": "oratorio di San Tommaso d'Aquino", "status": "done", "osm_id": "way/307281119", "group": "Religione", "subgroup": "Luoghi di Culto", "subcategory": "Chiesa"}, "geometry": {"type": "Point", "coordinates": [11.26119444, 43.773025]}}, {"type": "Feature", "properties": {"wikidata": "Q3884743", "name": "oratorio di San Rocco", "status": "done", "osm_id": "way/338346731", "group": "Religione", "subgroup": "Luoghi di Culto", "subcategory": "Oratorio"}, "geometry": {"type": "Point", "coordinates": [10.67071, 43.57479]}}, {"type": "Feature", "properties": {"wikidata": "Q3908900", "name": "Porta del Leone", "status": "done", "osm_id": "node/2268215250", "group": "Fortificazioni e militare", "subgroup": "Fortificazioni", "subcategory": "Porta cittadina"}, "geometry": {"type": "Point", "coordinates": [10.393785, 43.723863]}}, {"type": "Feature", "properties": {"wikidata": "Q3884713", "name": "oratorio di San Niccol\u00f2 del Ceppo", "status": "done", "osm_id": "way/306984416", "group": "Religione", "subgroup": "Luoghi di Culto", "subcategory": "Oratorio"}, "geometry": {"type": "Point", "coordinates": [11.2617, 43.7707]}}, {"type": "Feature", "properties": {"wikidata": "Q3908874", "name": "Porta a Mare", "status": "done", "osm_id": "way/1085210351", "group": "Fortificazioni e militare", "subgroup": "Fortificazioni", "subcategory": "Porta cittadina"}, "geometry": {"type": "Point", "coordinates": [10.39163, 43.71252]}}, {"type": "Feature", "properties": {"wikidata": "Q3884728", "name": "oratorio di San Raffaello", "status": "missing", "osm_id": null, "group": "Religione", "subgroup": "Luoghi di Culto", "subcategory": "Oratorio"}, "geometry": {"type": "Point", "coordinates": [11.2509, 43.7987]}}, {"type": "Feature", "properties": {"wikidata": "Q3908872", "name": "Porta a Faenza", "status": "done", "osm_id": "way/866278404", "group": "Fortificazioni e militare", "subgroup": "Fortificazioni", "subcategory": "Porta cittadina"}, "geometry": {"type": "Point", "coordinates": [11.24927222, 43.78096389]}}, {"type": "Feature", "properties": {"wikidata": "Q3884795", "name": "chiesa di Sant'Antonio Abate", "status": "done", "osm_id": "way/174330433", "group": "Religione", "subgroup": "Luoghi di Culto", "subcategory": "Chiesa"}, "geometry": {"type": "Point", "coordinates": [10.691014, 43.903559]}}, {"type": "Feature", "properties": {"wikidata": "Q3909224", "name": "porto di Castiglione della Pescaia", "status": "done", "osm_id": "node/829082780", "group": "Infrastrutture", "subgroup": "Trasporti", "subcategory": "Porto"}, "geometry": {"type": "Point", "coordinates": [10.879, 42.7609]}}, {"type": "Feature", "properties": {"wikidata": "Q3884757", "name": "oratorio di San Sebastiano", "status": "missing", "osm_id": null, "group": "Religione", "subgroup": "Luoghi di Culto", "subcategory": "Oratorio"}, "geometry": {"type": "Point", "coordinates": [11.09463, 43.88135]}}, {"type": "Feature", "properties": {"wikidata": "Q3909186", "name": "Porto Vecchio", "status": "done", "osm_id": "node/5008411262", "group": "Altro", "subgroup": "Altro", "subcategory": "Altro"}, "geometry": {"type": "Point", "coordinates": [11.116, 42.4398]}}, {"type": "Feature", "properties": {"wikidata": "Q3909194", "name": "Porto del Cinquale", "status": "done", "osm_id": "way/76741433", "group": "Infrastrutture", "subgroup": "Trasporti", "subcategory": "Porto"}, "geometry": {"type": "Point", "coordinates": [10.145, 43.98305556]}}, {"type": "Feature", "properties": {"wikidata": "Q3909193", "name": "Porto del Chioma", "status": "done", "osm_id": "way/421601890", "group": "Infrastrutture", "subgroup": "Trasporti", "subcategory": "Porto"}, "geometry": {"type": "Point", "coordinates": [10.37913333, 43.44746111]}}, {"type": "Feature", "properties": {"wikidata": "Q3909142", "name": "Porto Antico di Piombino", "status": "done", "osm_id": "node/1105875157", "group": "Infrastrutture", "subgroup": "Trasporti", "subcategory": "Porto"}, "geometry": {"type": "Point", "coordinates": [10.5243, 42.9216]}}, {"type": "Feature", "properties": {"wikidata": "Q3908879", "name": "Porta al Prato", "status": "done", "osm_id": "way/72915039", "group": "Fortificazioni e militare", "subgroup": "Fortificazioni", "subcategory": "Porta cittadina"}, "geometry": {"type": "Point", "coordinates": [11.23996389, 43.77790278]}}, {"type": "Feature", "properties": {"wikidata": "Q3908842", "name": "Porta Senese", "status": "missing", "osm_id": null, "group": "Fortificazioni e militare", "subgroup": "Fortificazioni", "subcategory": "Porta cittadina"}, "geometry": {"type": "Point", "coordinates": [11.19358056, 42.78299722]}}, {"type": "Feature", "properties": {"wikidata": "Q3884697", "name": "oratorio di San Marco", "status": "done", "osm_id": "way/700922328", "group": "Religione", "subgroup": "Luoghi di Culto", "subcategory": "Oratorio"}, "geometry": {"type": "Point", "coordinates": [11.101525, 43.87831667]}}, {"type": "Feature", "properties": {"wikidata": "Q3884798", "name": "oratorio di Sant'Antonio Abate", "status": "done", "osm_id": "way/362874688", "group": "Religione", "subgroup": "Luoghi di Culto", "subcategory": "Oratorio"}, "geometry": {"type": "Point", "coordinates": [10.86264, 43.40142]}}, {"type": "Feature", "properties": {"wikidata": "Q3908921", "name": "Porta di San Michele", "status": "missing", "osm_id": null, "group": "Fortificazioni e militare", "subgroup": "Fortificazioni", "subcategory": "Porta cittadina"}, "geometry": {"type": "Point", "coordinates": [11.11213889, 42.76015833]}}, {"type": "Feature", "properties": {"wikidata": "Q3884666", "name": "oratorio di San Giovanni Battista", "status": "missing", "osm_id": null, "group": "Religione", "subgroup": "Luoghi di Culto", "subcategory": "Oratorio"}, "geometry": {"type": "Point", "coordinates": [10.56272, 43.4149]}}, {"type": "Feature", "properties": {"wikidata": "Q3908873", "name": "Porta a Lucca", "status": "done", "osm_id": "node/1960219675", "group": "Fortificazioni e militare", "subgroup": "Fortificazioni", "subcategory": "Porta cittadina"}, "geometry": {"type": "Point", "coordinates": [10.40174, 43.72264]}}, {"type": "Feature", "properties": {"wikidata": "Q3909248", "name": "porto di Marina di Grosseto", "status": "done", "osm_id": "node/3106683376", "group": "Infrastrutture", "subgroup": "Trasporti", "subcategory": "Porto"}, "geometry": {"type": "Point", "coordinates": [10.9827, 42.7128]}}, {"type": "Feature", "properties": {"wikidata": "Q3909206", "name": "porto di Ardenza", "status": "done", "osm_id": "way/1074522998", "group": "Infrastrutture", "subgroup": "Trasporti", "subcategory": "Porto"}, "geometry": {"type": "Point", "coordinates": [10.3158, 43.517]}}, {"type": "Feature", "properties": {"wikidata": "Q3909197", "name": "Porto del Valle", "status": "done", "osm_id": "node/1592327407", "group": "Infrastrutture", "subgroup": "Trasporti", "subcategory": "Porto"}, "geometry": {"type": "Point", "coordinates": [11.12417, 42.43611]}}, {"type": "Feature", "properties": {"wikidata": "Q3884756", "name": "oratorio di San Sebastiano", "status": "done", "osm_id": "way/284842020", "group": "Religione", "subgroup": "Luoghi di Culto", "subcategory": "Chiesa"}, "geometry": {"type": "Point", "coordinates": [10.959333, 43.8865]}}, {"type": "Feature", "properties": {"wikidata": "Q3908814", "name": "Porta San Zeno", "status": "done", "osm_id": "node/1511436805", "group": "Fortificazioni e militare", "subgroup": "Fortificazioni", "subcategory": "Porta cittadina"}, "geometry": {"type": "Point", "coordinates": [10.40776, 43.72345]}}, {"type": "Feature", "properties": {"wikidata": "Q3884695", "name": "oratorio di San Luca a Quaracchi", "status": "done", "osm_id": "way/306137826", "group": "Religione", "subgroup": "Luoghi di Culto", "subcategory": "Oratorio"}, "geometry": {"type": "Point", "coordinates": [11.181199, 43.798521]}}, {"type": "Feature", "properties": {"wikidata": "Q3909247", "name": "porto di Marina di Cecina", "status": "missing", "osm_id": null, "group": "Infrastrutture", "subgroup": "Trasporti", "subcategory": "Porto"}, "geometry": {"type": "Point", "coordinates": [10.489353, 43.304101]}}, {"type": "Feature", "properties": {"wikidata": "Q3884656", "name": "oratorio di San Francesco", "status": "missing", "osm_id": null, "group": "Religione", "subgroup": "Luoghi di Culto", "subcategory": "Oratorio"}, "geometry": {"type": "Point", "coordinates": [10.56153, 43.57639]}}, {"type": "Feature", "properties": {"wikidata": "Q3884655", "name": "oratorio di San Francesco", "status": "done", "osm_id": "way/477042960", "group": "Religione", "subgroup": "Luoghi di Culto", "subcategory": "Oratorio"}, "geometry": {"type": "Point", "coordinates": [11.81819, 43.69532]}}, {"type": "Feature", "properties": {"wikidata": "Q3909242", "name": "porto di Livorno", "status": "done", "osm_id": "way/175801894", "group": "Infrastrutture", "subgroup": "Trasporti", "subcategory": "Porto"}, "geometry": {"type": "Point", "coordinates": [10.295, 43.5622]}}, {"type": "Feature", "properties": {"wikidata": "Q3884712", "name": "oratorio di San Niccol\u00f2", "status": "done", "osm_id": "way/422389491", "group": "Religione", "subgroup": "Luoghi di Culto", "subcategory": "Oratorio"}, "geometry": {"type": "Point", "coordinates": [11.15624, 44.05331]}}, {"type": "Feature", "properties": {"wikidata": "Q3884691", "name": "oratorio di San Jacopo a Ceppeto", "status": "done", "osm_id": "way/250213004", "group": "Religione", "subgroup": "Luoghi di Culto", "subcategory": "Oratorio"}, "geometry": {"type": "Point", "coordinates": [11.26332, 43.85864]}}, {"type": "Feature", "properties": {"wikidata": "Q3909208", "name": "porto di Baratti", "status": "done", "osm_id": "node/1976745759", "group": "Infrastrutture", "subgroup": "Trasporti", "subcategory": "Porto"}, "geometry": {"type": "Point", "coordinates": [10.5008, 42.9917]}}, {"type": "Feature", "properties": {"wikidata": "Q3908864", "name": "Porta Vecchia", "status": "done", "osm_id": "node/3215849064", "group": "Fortificazioni e militare", "subgroup": "Fortificazioni", "subcategory": "Porta cittadina"}, "geometry": {"type": "Point", "coordinates": [11.11478, 42.75863]}}, {"type": "Feature", "properties": {"wikidata": "Q3884786", "name": "oratorio di Sant'Anna", "status": "done", "osm_id": "way/243519120", "group": "Religione", "subgroup": "Luoghi di Culto", "subcategory": "Oratorio"}, "geometry": {"type": "Point", "coordinates": [11.09908333, 43.87811667]}}, {"type": "Feature", "properties": {"wikidata": "Q3908841", "name": "Porta Senese", "status": "missing", "osm_id": null, "group": "Fortificazioni e militare", "subgroup": "Fortificazioni", "subcategory": "Porta cittadina"}, "geometry": {"type": "Point", "coordinates": [11.16739167, 42.86881389]}}, {"type": "Feature", "properties": {"wikidata": "Q3884714", "name": "oratorio di San Nicola in Sessana", "status": "missing", "osm_id": null, "group": "Religione", "subgroup": "Luoghi di Culto", "subcategory": "Oratorio"}, "geometry": {"type": "Point", "coordinates": [10.595768, 43.547676]}}, {"type": "Feature", "properties": {"wikidata": "Q3884742", "name": "oratorio di San Rocco", "status": "missing", "osm_id": null, "group": "Religione", "subgroup": "Luoghi di Culto", "subcategory": "Oratorio"}, "geometry": {"type": "Point", "coordinates": [10.94379, 43.94381]}}, {"type": "Feature", "properties": {"wikidata": "Q3884689", "name": "oratorio di San Guido", "status": "done", "osm_id": "way/723930121", "group": "Religione", "subgroup": "Luoghi di Culto", "subcategory": "Oratorio"}, "geometry": {"type": "Point", "coordinates": [10.55942, 43.22663]}}, {"type": "Feature", "properties": {"wikidata": "Q3884665", "name": "oratorio di San Giovanni Decollato", "status": "done", "osm_id": "way/1327181802", "group": "Religione", "subgroup": "Luoghi di Culto", "subcategory": "Oratorio"}, "geometry": {"type": "Point", "coordinates": [10.55068, 43.67618]}}, {"type": "Feature", "properties": {"wikidata": "Q3884735", "name": "oratorio di San Rocco", "status": "missing", "osm_id": null, "group": "Religione", "subgroup": "Luoghi di Culto", "subcategory": "Oratorio"}, "geometry": {"type": "Point", "coordinates": [10.90604, 43.20661]}}, {"type": "Feature", "properties": {"wikidata": "Q3908898", "name": "Porta dei Pispini", "status": "done", "osm_id": "relation/16171643", "group": "Fortificazioni e militare", "subgroup": "Fortificazioni", "subcategory": "Porta cittadina"}, "geometry": {"type": "Point", "coordinates": [11.342474, 43.317308]}}, {"type": "Feature", "properties": {"wikidata": "Q3884676", "name": "oratorio di San Girolamo e Santa Maria Maddalena dei Pazzi", "status": "done", "osm_id": "way/935542886", "group": "Religione", "subgroup": "Luoghi di Culto", "subcategory": "Oratorio"}, "geometry": {"type": "Point", "coordinates": [11.056118, 43.91918]}}, {"type": "Feature", "properties": {"wikidata": "Q3884683", "name": "oratorio di San Giuseppe al Ponte", "status": "done", "osm_id": "way/1493387216", "group": "Religione", "subgroup": "Luoghi di Culto", "subcategory": "Oratorio"}, "geometry": {"type": "Point", "coordinates": [10.640143214, 43.663809746]}}, {"type": "Feature", "properties": {"wikidata": "Q3884789", "name": "oratorio di Sant'Antonio", "status": "missing", "osm_id": null, "group": "Religione", "subgroup": "Luoghi di Culto", "subcategory": "Oratorio"}, "geometry": {"type": "Point", "coordinates": [11.87504, 42.87162]}}, {"type": "Feature", "properties": {"wikidata": "Q3908830", "name": "Porta Santa Maria", "status": "done", "osm_id": "way/54176172", "group": "Fortificazioni e militare", "subgroup": "Fortificazioni", "subcategory": "Porta cittadina"}, "geometry": {"type": "Point", "coordinates": [10.50714167, 43.848]}}, {"type": "Feature", "properties": {"wikidata": "Q3908926", "name": "Porta di Santa Lucia", "status": "missing", "osm_id": null, "group": "Fortificazioni e militare", "subgroup": "Fortificazioni", "subcategory": "Porta cittadina"}, "geometry": {"type": "Point", "coordinates": [11.11646667, 42.76175556]}}, {"type": "Feature", "properties": {"wikidata": "Q3884681", "name": "oratorio di San Giuseppe", "status": "missing", "osm_id": null, "group": "Religione", "subgroup": "Luoghi di Culto", "subcategory": "Oratorio"}, "geometry": {"type": "Point", "coordinates": [11.2517, 43.7755]}}, {"type": "Feature", "properties": {"wikidata": "Q3909220", "name": "porto di Carbonifera", "status": "missing", "osm_id": null, "group": "Infrastrutture", "subgroup": "Trasporti", "subcategory": "Porto"}, "geometry": {"type": "Point", "coordinates": [10.6825, 42.95027778]}}, {"type": "Feature", "properties": {"wikidata": "Q3908860", "name": "Porta Tufi", "status": "done", "osm_id": "relation/17449750", "group": "Fortificazioni e militare", "subgroup": "Fortificazioni", "subcategory": "Porta cittadina"}, "geometry": {"type": "Point", "coordinates": [11.3329, 43.3117]}}, {"type": "Feature", "properties": {"wikidata": "Q3884673", "name": "oratorio di San Giovanni Battista e Sant'Ilario di Poitiers", "status": "done", "osm_id": "way/482447773", "group": "Religione", "subgroup": "Luoghi di Culto", "subcategory": "Oratorio"}, "geometry": {"type": "Point", "coordinates": [10.47463333, 43.404525]}}, {"type": "Feature", "properties": {"wikidata": "Q3908843", "name": "Porta Senese", "status": "missing", "osm_id": null, "group": "Fortificazioni e militare", "subgroup": "Fortificazioni", "subcategory": "Porta cittadina"}, "geometry": {"type": "Point", "coordinates": [10.85172222, 42.908375]}}, {"type": "Feature", "properties": {"wikidata": "Q3884765", "name": "oratorio di San Terenzio", "status": "missing", "osm_id": null, "group": "Religione", "subgroup": "Luoghi di Culto", "subcategory": "Oratorio"}, "geometry": {"type": "Point", "coordinates": [10.01148, 44.3019]}}, {"type": "Feature", "properties": {"wikidata": "Q3909195", "name": "porto del Circolo Canottieri Solvay", "status": "done", "osm_id": "node/1710493921", "group": "Infrastrutture", "subgroup": "Trasporti", "subcategory": "Porto"}, "geometry": {"type": "Point", "coordinates": [10.43020556, 43.38707778]}}, {"type": "Feature", "properties": {"wikidata": "Q3868202", "name": "Museo di arte sacra", "status": "missing", "osm_id": null, "group": "Cultura e tempo libero", "subgroup": "Musei", "subcategory": "Museo"}, "geometry": {"type": "Point", "coordinates": [11.065177, 43.62828]}}, {"type": "Feature", "properties": {"wikidata": "Q3868222", "name": "Museo di pittura murale", "status": "done", "osm_id": "node/4909499921", "group": "Cultura e tempo libero", "subgroup": "Musei", "subcategory": "Museo"}, "geometry": {"type": "Point", "coordinates": [11.093777777, 43.881611111]}}, {"type": "Feature", "properties": {"wikidata": "Q3868272", "name": "museo diocesano", "status": "done", "osm_id": "node/3676043684", "group": "Cultura e tempo libero", "subgroup": "Musei", "subcategory": "Museo d'arte"}, "geometry": {"type": "Point", "coordinates": [10.142496, 44.035694]}}, {"type": "Feature", "properties": {"wikidata": "Q3868308", "name": "Museo diocesano d'arte sacra (Arezzo)", "status": "missing", "osm_id": null, "group": "Cultura e tempo libero", "subgroup": "Musei", "subcategory": "Museo"}, "geometry": {"type": "Point", "coordinates": [11.882455, 43.466926]}}, {"type": "Feature", "properties": {"wikidata": "Q3868246", "name": "Museo di geologia e paleontologia", "status": "missing", "osm_id": null, "group": "Cultura e tempo libero", "subgroup": "Musei", "subcategory": "Museo"}, "geometry": {"type": "Point", "coordinates": [11.259857, 43.77834]}}, {"type": "Feature", "properties": {"wikidata": "Q3868244", "name": "Museo di storia naturale della Maremma", "status": "done", "osm_id": "way/485044167", "group": "Altro", "subgroup": "Altro", "subcategory": "Altro"}, "geometry": {"type": "Point", "coordinates": [11.116305555, 42.7605]}}, {"type": "Feature", "properties": {"wikidata": "Q3868314", "name": "Museo diocesano d'arte sacra (Pienza)", "status": "missing", "osm_id": null, "group": "Cultura e tempo libero", "subgroup": "Musei", "subcategory": "Museo"}, "geometry": {"type": "Point", "coordinates": [11.679276, 43.076555]}}, {"type": "Feature", "properties": {"wikidata": "Q3868243", "name": "Museo di storia naturale del Mediterraneo", "status": "done", "osm_id": "relation/2088453", "group": "Altro", "subgroup": "Altro", "subcategory": "Altro"}, "geometry": {"type": "Point", "coordinates": [10.313879, 43.535972]}}, {"type": "Feature", "properties": {"wikidata": "Q3868280", "name": "Museo di Palazzo Orsini", "status": "missing", "osm_id": null, "group": "Cultura e tempo libero", "subgroup": "Musei", "subcategory": "Museo d'arte"}, "geometry": {"type": "Point", "coordinates": [11.66834167, 42.63465556]}}, {"type": "Feature", "properties": {"wikidata": "Q3868301", "name": "Museo diocesano \"Leonello Barsotti\"", "status": "done", "osm_id": "node/2484015718", "group": "Cultura e tempo libero", "subgroup": "Musei", "subcategory": "Museo"}, "geometry": {"type": "Point", "coordinates": [10.31783889, 43.55378056]}}, {"type": "Feature", "properties": {"wikidata": "Q3868223", "name": "Museo di preistoria e protostoria della Valle del Fiora", "status": "missing", "osm_id": null, "group": "Cultura e tempo libero", "subgroup": "Musei", "subcategory": "Museo"}, "geometry": {"type": "Point", "coordinates": [11.51592, 42.58742]}}, {"type": "Feature", "properties": {"wikidata": "Q3868204", "name": "Museo di arte sacra della Val d'Arbia", "status": "done", "osm_id": "node/7319010047", "group": "Cultura e tempo libero", "subgroup": "Musei", "subcategory": "Museo d'arte"}, "geometry": {"type": "Point", "coordinates": [11.481899, 43.138695]}}, {"type": "Feature", "properties": {"wikidata": "Q3868279", "name": "Museo diocesano di Pistoia", "status": "done", "osm_id": "node/3507362817", "group": "Cultura e tempo libero", "subgroup": "Musei", "subcategory": "Museo"}, "geometry": {"type": "Point", "coordinates": [10.918474, 43.933669]}}, {"type": "Feature", "properties": {"wikidata": "Q3868247", "name": "Museo di mineralogia e litologia", "status": "missing", "osm_id": null, "group": "Cultura e tempo libero", "subgroup": "Musei", "subcategory": "Museo"}, "geometry": {"type": "Point", "coordinates": [11.259839, 43.778342]}}, {"type": "Feature", "properties": {"wikidata": "Q3868233", "name": "Museo di scienze planetarie", "status": "done", "osm_id": "way/304432625", "group": "Cultura e tempo libero", "subgroup": "Musei", "subcategory": "Museo"}, "geometry": {"type": "Point", "coordinates": [11.0818, 43.8787]}}, {"type": "Feature", "properties": {"wikidata": "Q3868215", "name": "Museo di icone russe", "status": "missing", "osm_id": null, "group": "Cultura e tempo libero", "subgroup": "Musei", "subcategory": "Museo d'arte"}, "geometry": {"type": "Point", "coordinates": [10.720891, 43.547825]}}, {"type": "Feature", "properties": {"wikidata": "Q3868209", "name": "Museo di entomologia", "status": "done", "osm_id": "node/5008411259", "group": "Cultura e tempo libero", "subgroup": "Musei", "subcategory": "Museo"}, "geometry": {"type": "Point", "coordinates": [10.51222222, 42.93435]}}, {"type": "Feature", "properties": {"wikidata": "Q3868239", "name": "Museo di storia locale Ildebrando Imberciadori", "status": "done", "osm_id": "node/5043202757", "group": "Cultura e tempo libero", "subgroup": "Musei", "subcategory": "Museo"}, "geometry": {"type": "Point", "coordinates": [11.08585556, 42.88294444]}}, {"type": "Feature", "properties": {"wikidata": "Q3904725", "name": "pieve di San Vitale", "status": "done", "osm_id": "way/165239661", "group": "Religione", "subgroup": "Luoghi di Culto", "subcategory": "Chiesa"}, "geometry": {"type": "Point", "coordinates": [10.13061, 44.04753]}}, {"type": "Feature", "properties": {"wikidata": "Q3923983", "name": "propositura di San Leonardo e di Santa Maria Assunta", "status": "done", "osm_id": "way/712407571", "group": "Altro", "subgroup": "Altro", "subcategory": "Altro"}, "geometry": {"type": "Point", "coordinates": [10.59259, 43.56615]}}, {"type": "Feature", "properties": {"wikidata": "Q3927230", "name": "Quartiere di Porta Crucifera", "status": "missing", "osm_id": null, "group": "Insediamenti", "subgroup": "Zone Urbane", "subcategory": "Quartiere"}, "geometry": {"type": "Point", "coordinates": [11.893310444, 43.464444873]}}, {"type": "Feature", "properties": {"wikidata": "Q3904756", "name": "pieve di Sant'Ippolito a Martura", "status": "missing", "osm_id": null, "group": "Religione", "subgroup": "Luoghi di Culto", "subcategory": "Chiesa"}, "geometry": {"type": "Point", "coordinates": [11.342027663, 42.894794044]}}, {"type": "Feature", "properties": {"wikidata": "Q3923979", "name": "propositura dei Santi Michele e Francesco", "status": "done", "osm_id": "way/125600131", "group": "Religione", "subgroup": "Luoghi di Culto", "subcategory": "Chiesa"}, "geometry": {"type": "Point", "coordinates": [11.01656111, 43.812225]}}, {"type": "Feature", "properties": {"wikidata": "Q3909753", "name": "Pozzo Impero", "status": "done", "osm_id": "node/2584729883", "group": "Altro", "subgroup": "Altro", "subcategory": "Altro"}, "geometry": {"type": "Point", "coordinates": [10.90694444, 42.92055556]}}, {"type": "Feature", "properties": {"wikidata": "Q3909941", "name": "Pratieghi", "status": "done", "osm_id": "node/1268571299", "group": "Insediamenti", "subgroup": "Centri", "subcategory": "Frazione"}, "geometry": {"type": "Point", "coordinates": [12.10124, 43.73822]}}, {"type": "Feature", "properties": {"wikidata": "Q3909763", "name": "pozzo della Bufala", "status": "done", "osm_id": "node/4780171358", "group": "Altro", "subgroup": "Altro", "subcategory": "Altro"}, "geometry": {"type": "Point", "coordinates": [11.114327455, 42.76219987]}}, {"type": "Feature", "properties": {"wikidata": "Q3904726", "name": "pieve di San Vittore", "status": "done", "osm_id": "way/714485468", "group": "Religione", "subgroup": "Luoghi di Culto", "subcategory": "Chiesa"}, "geometry": {"type": "Point", "coordinates": [11.60111, 43.28392]}}, {"type": "Feature", "properties": {"wikidata": "Q3923975", "name": "Propositura dei Santi Ippolito e Donato", "status": "missing", "osm_id": null, "group": "Altro", "subgroup": "Altro", "subcategory": "Altro"}, "geometry": {"type": "Point", "coordinates": [11.818025, 43.695725]}}, {"type": "Feature", "properties": {"wikidata": "Q3909766", "name": "pozzo dello Spedale", "status": "done", "osm_id": "node/4782135287", "group": "Altro", "subgroup": "Altro", "subcategory": "Altro"}, "geometry": {"type": "Point", "coordinates": [11.114616798, 42.761838518]}}, {"type": "Feature", "properties": {"wikidata": "Q3904739", "name": "Pieve di Sant'Andrea a Cercina", "status": "done", "osm_id": "way/340246690", "group": "Religione", "subgroup": "Luoghi di Culto", "subcategory": "Chiesa"}, "geometry": {"type": "Point", "coordinates": [11.262544444, 43.845163888]}}, {"type": "Feature", "properties": {"wikidata": "Q3924800", "name": "Prunetta", "status": "done", "osm_id": "node/269063367", "group": "Insediamenti", "subgroup": "Centri", "subcategory": "Frazione"}, "geometry": {"type": "Point", "coordinates": [10.804166666, 44.007222222]}}, {"type": "Feature", "properties": {"wikidata": "Q3909918", "name": "Prata", "status": "missing", "osm_id": null, "group": "Insediamenti", "subgroup": "Centri", "subcategory": "Frazione"}, "geometry": {"type": "Point", "coordinates": [10.659611111, 43.094361111]}}, {"type": "Feature", "properties": {"wikidata": "Q3923988", "name": "propositura di San Niccol\u00f2", "status": "done", "osm_id": "way/334245037", "group": "Religione", "subgroup": "Luoghi di Culto", "subcategory": "Chiesa"}, "geometry": {"type": "Point", "coordinates": [11.37444, 43.48679]}}, {"type": "Feature", "properties": {"wikidata": "Q3925651", "name": "Punta Buftanaro", "status": "missing", "osm_id": null, "group": "Natura e paesaggio", "subgroup": "Montagna", "subcategory": "Montagna"}, "geometry": {"type": "Point", "coordinates": [10.1733188, 44.3269717]}}, {"type": "Feature", "properties": {"wikidata": "Q3904730", "name": "pieve di Sant'Agata in Arfoli", "status": "done", "osm_id": "way/176303765", "group": "Religione", "subgroup": "Luoghi di Culto", "subcategory": "Chiesa"}, "geometry": {"type": "Point", "coordinates": [11.52091, 43.69635]}}, {"type": "Feature", "properties": {"wikidata": "Q3910831", "name": "chiesa dei Santi Jacopo e Filippo", "status": "done", "osm_id": "way/307951310", "group": "Religione", "subgroup": "Luoghi di Culto", "subcategory": "Chiesa"}, "geometry": {"type": "Point", "coordinates": [11.35541, 43.99593]}}, {"type": "Feature", "properties": {"wikidata": "Q3909616", "name": "Poveromo", "status": "done", "osm_id": "node/3964411557", "group": "Insediamenti", "subgroup": "Centri", "subcategory": "Frazione"}, "geometry": {"type": "Point", "coordinates": [10.127222222, 43.990277777]}}, {"type": "Feature", "properties": {"wikidata": "Q3904753", "name": "pieve di Sant'Ippolito", "status": "missing", "osm_id": null, "group": "Religione", "subgroup": "Luoghi di Culto", "subcategory": "Chiesa"}, "geometry": {"type": "Point", "coordinates": [11.56874, 43.23035]}}, {"type": "Feature", "properties": {"wikidata": "Q3923984", "name": "propositura di San Lorenzo", "status": "done", "osm_id": "way/326334006", "group": "Religione", "subgroup": "Luoghi di Culto", "subcategory": "Chiesa"}, "geometry": {"type": "Point", "coordinates": [10.61715556, 43.05931944]}}, {"type": "Feature", "properties": {"wikidata": "Q3904735", "name": "pieve di Sant'Andrea a Limone", "status": "missing", "osm_id": null, "group": "Religione", "subgroup": "Luoghi di Culto", "subcategory": "Chiesa"}, "geometry": {"type": "Point", "coordinates": [10.38050833, 43.53601667]}}, {"type": "Feature", "properties": {"wikidata": "Q3923989", "name": "Propositura di Santa Croce", "status": "done", "osm_id": "way/107445405", "group": "Altro", "subgroup": "Altro", "subcategory": "Altro"}, "geometry": {"type": "Point", "coordinates": [11.31758889, 43.58146944]}}, {"type": "Feature", "properties": {"wikidata": "Q3904757", "name": "pieve di Sant'Ippolito", "status": "done", "osm_id": "way/276721865", "group": "Religione", "subgroup": "Luoghi di Culto", "subcategory": "Chiesa"}, "geometry": {"type": "Point", "coordinates": [11.03874167, 43.89430556]}}, {"type": "Feature", "properties": {"wikidata": "Q3927072", "name": "Quaracchi", "status": "done", "osm_id": "node/4419413225", "group": "Insediamenti", "subgroup": "Centri", "subcategory": "Frazione"}, "geometry": {"type": "Point", "coordinates": [11.18, 43.795277777]}}, {"type": "Feature", "properties": {"wikidata": "Q3904755", "name": "pieve di Sant'Ippolito a Elsa", "status": "done", "osm_id": "way/507091551", "group": "Religione", "subgroup": "Luoghi di Culto", "subcategory": "Chiesa"}, "geometry": {"type": "Point", "coordinates": [10.99263333, 43.60945556]}}, {"type": "Feature", "properties": {"wikidata": "Q3927162", "name": "quartiere 5", "status": "done", "osm_id": "relation/6587564", "group": "Altro", "subgroup": "Altro", "subcategory": "Altro"}, "geometry": {"type": "Point", "coordinates": [11.213698, 43.808532]}}, {"type": "Feature", "properties": {"wikidata": "Q3909772", "name": "Pozzo di Palazzo Orsini", "status": "missing", "osm_id": null, "group": "Altro", "subgroup": "Altro", "subcategory": "Altro"}, "geometry": {"type": "Point", "coordinates": [11.66833333, 42.63472222]}}, {"type": "Feature", "properties": {"wikidata": "Q3923987", "name": "propositura di San Marcello", "status": "done", "osm_id": "way/143818869", "group": "Religione", "subgroup": "Luoghi di Culto", "subcategory": "Chiesa"}, "geometry": {"type": "Point", "coordinates": [10.79184, 44.05529]}}, {"type": "Feature", "properties": {"wikidata": "Q3909754", "name": "Pozzo Roma", "status": "done", "osm_id": "way/252412878", "group": "Altro", "subgroup": "Altro", "subcategory": "Altro"}, "geometry": {"type": "Point", "coordinates": [10.90388889, 42.92222222]}}, {"type": "Feature", "properties": {"wikidata": "Q3909270", "name": "porto di Portoferraio", "status": "done", "osm_id": "way/522855020", "group": "Infrastrutture", "subgroup": "Trasporti", "subcategory": "Porto"}, "geometry": {"type": "Point", "coordinates": [10.330067, 42.813387]}}, {"type": "Feature", "properties": {"wikidata": "Q3927159", "name": "quartiere 2", "status": "done", "osm_id": "relation/6587561", "group": "Altro", "subgroup": "Altro", "subcategory": "Altro"}, "geometry": {"type": "Point", "coordinates": [11.281647, 43.782079]}}, {"type": "Feature", "properties": {"wikidata": "Q3904729", "name": "pieve di Sant'Agata", "status": "done", "osm_id": "way/441944458", "group": "Religione", "subgroup": "Luoghi di Culto", "subcategory": "Chiesa"}, "geometry": {"type": "Point", "coordinates": [11.334634, 44.021143]}}, {"type": "Feature", "properties": {"wikidata": "Q3904743", "name": "pieve di Sant'Andreino", "status": "done", "osm_id": "way/714348515", "group": "Religione", "subgroup": "Luoghi di Culto", "subcategory": "Cappella"}, "geometry": {"type": "Point", "coordinates": [11.61583, 43.24971]}}, {"type": "Feature", "properties": {"wikidata": "Q3904747", "name": "pieve di Sant'Elena a Rincine", "status": "done", "osm_id": "way/291359866", "group": "Religione", "subgroup": "Luoghi di Culto", "subcategory": "Chiesa"}, "geometry": {"type": "Point", "coordinates": [11.60377, 43.86752]}}, {"type": "Feature", "properties": {"wikidata": "Q3922329", "name": "Q3922329", "status": "done", "osm_id": "node/7995864360", "group": "Insediamenti", "subgroup": "Centri", "subcategory": "Frazione"}, "geometry": {"type": "Point", "coordinates": [10.244297, 42.786016]}}, {"type": "Feature", "properties": {"wikidata": "Q3909921", "name": "Prataccio", "status": "done", "osm_id": "node/1286379463", "group": "Insediamenti", "subgroup": "Centri", "subcategory": "Frazione"}, "geometry": {"type": "Point", "coordinates": [10.78999, 44.02033]}}, {"type": "Feature", "properties": {"wikidata": "Q3923982", "name": "chiesa della Nativit\u00e0 della Beata Vergine Maria", "status": "done", "osm_id": "way/119888705", "group": "Altro", "subgroup": "Altro", "subcategory": "Altro"}, "geometry": {"type": "Point", "coordinates": [10.33251, 42.8146]}}, {"type": "Feature", "properties": {"wikidata": "Q3923986", "name": "propositura di San Lorenzo", "status": "done", "osm_id": "way/326334361", "group": "Altro", "subgroup": "Altro", "subcategory": "Altro"}, "geometry": {"type": "Point", "coordinates": [10.61089167, 43.16086667]}}, {"type": "Feature", "properties": {"wikidata": "Q3923990", "name": "Propositura di Santa Maria del Rosario", "status": "done", "osm_id": "way/182972730", "group": "Religione", "subgroup": "Luoghi di Culto", "subcategory": "Chiesa"}, "geometry": {"type": "Point", "coordinates": [11.05426111, 43.81578611]}}, {"type": "Feature", "properties": {"wikidata": "Q3904724", "name": "pieve di San Vincenzo", "status": "done", "osm_id": "way/651138951", "group": "Religione", "subgroup": "Luoghi di Culto", "subcategory": "Chiesa"}, "geometry": {"type": "Point", "coordinates": [11.09832, 43.69909]}}, {"type": "Feature", "properties": {"wikidata": "Q3925252", "name": "palazzo della Pubblica Assistenza L'Avvenire", "status": "done", "osm_id": "way/282393484", "group": "Dimore ed edifici", "subgroup": "Residenze", "subcategory": "Palazzo"}, "geometry": {"type": "Point", "coordinates": [11.09688056, 43.87808611]}}, {"type": "Feature", "properties": {"wikidata": "Q3909285", "name": "porto di Santa Liberata", "status": "done", "osm_id": "node/5008411261", "group": "Altro", "subgroup": "Altro", "subcategory": "Altro"}, "geometry": {"type": "Point", "coordinates": [11.1575, 42.4322]}}, {"type": "Feature", "properties": {"wikidata": "Q3904754", "name": "pieve di Sant'Ippolito", "status": "done", "osm_id": "way/264747941", "group": "Religione", "subgroup": "Luoghi di Culto", "subcategory": "Chiesa"}, "geometry": {"type": "Point", "coordinates": [11.14350796, 44.03236389]}}, {"type": "Feature", "properties": {"wikidata": "Q3909282", "name": "porto di San Vincenzo", "status": "done", "osm_id": "node/1351163789", "group": "Infrastrutture", "subgroup": "Trasporti", "subcategory": "Porto"}, "geometry": {"type": "Point", "coordinates": [10.536656, 43.100634]}}, {"type": "Feature", "properties": {"wikidata": "Q3904732", "name": "pieve di Sant'Alessandro", "status": "done", "osm_id": "way/100143592", "group": "Religione", "subgroup": "Luoghi di Culto", "subcategory": "Chiesa"}, "geometry": {"type": "Point", "coordinates": [11.19812222, 43.72564444]}}, {"type": "Feature", "properties": {"wikidata": "Q3927231", "name": "Quartiere di Porta del Foro", "status": "missing", "osm_id": null, "group": "Insediamenti", "subgroup": "Zone Urbane", "subcategory": "Quartiere"}, "geometry": {"type": "Point", "coordinates": [11.87573, 43.46866]}}, {"type": "Feature", "properties": {"wikidata": "Q3904736", "name": "pieve di Sant'Andrea a Montedivalli", "status": "done", "osm_id": "way/699249072", "group": "Religione", "subgroup": "Luoghi di Culto", "subcategory": "Chiesa"}, "geometry": {"type": "Point", "coordinates": [9.864497, 44.188782]}}, {"type": "Feature", "properties": {"wikidata": "Q3909314", "name": "porto sud di Castiglioncello", "status": "missing", "osm_id": null, "group": "Infrastrutture", "subgroup": "Trasporti", "subcategory": "Porto"}, "geometry": {"type": "Point", "coordinates": [10.41674444, 43.40278056]}}, {"type": "Feature", "properties": {"wikidata": "Q3923978", "name": "propositura dei Santi Marco e Lorenzo", "status": "done", "osm_id": "way/423210757", "group": "Altro", "subgroup": "Altro", "subcategory": "Altro"}, "geometry": {"type": "Point", "coordinates": [11.76634, 43.72301]}}, {"type": "Feature", "properties": {"wikidata": "Q3909745", "name": "Pozzarello", "status": "done", "osm_id": "node/5173714578", "group": "Insediamenti", "subgroup": "Centri", "subcategory": "Frazione"}, "geometry": {"type": "Point", "coordinates": [11.14, 42.431388888]}}, {"type": "Feature", "properties": {"wikidata": "Q3927160", "name": "quartiere 3", "status": "done", "osm_id": "relation/6587562", "group": "Altro", "subgroup": "Altro", "subcategory": "Altro"}, "geometry": {"type": "Point", "coordinates": [11.262588, 43.746054]}}, {"type": "Feature", "properties": {"wikidata": "Q3909312", "name": "porto nord di Castiglioncello", "status": "missing", "osm_id": null, "group": "Infrastrutture", "subgroup": "Trasporti", "subcategory": "Porto"}, "geometry": {"type": "Point", "coordinates": [10.411175, 43.40225]}}, {"type": "Feature", "properties": {"wikidata": "Q3925654", "name": "Punta Capezzolo", "status": "done", "osm_id": "node/3473359724", "group": "Altro", "subgroup": "Altro", "subcategory": "Altro"}, "geometry": {"type": "Point", "coordinates": [10.86222222, 42.76566667]}}, {"type": "Feature", "properties": {"wikidata": "Q3904721", "name": "pieve di San Verano", "status": "done", "osm_id": "way/185767107", "group": "Religione", "subgroup": "Luoghi di Culto", "subcategory": "Chiesa"}, "geometry": {"type": "Point", "coordinates": [10.72061, 43.54773]}}, {"type": "Feature", "properties": {"wikidata": "Q3909273", "name": "porto di Quercianella", "status": "done", "osm_id": "node/3202354563", "group": "Infrastrutture", "subgroup": "Trasporti", "subcategory": "Porto"}, "geometry": {"type": "Point", "coordinates": [10.363165, 43.458799]}}, {"type": "Feature", "properties": {"wikidata": "Q3910832", "name": "prepositura di San Michele Arcangelo", "status": "done", "osm_id": "way/722806709", "group": "Religione", "subgroup": "Luoghi di Culto", "subcategory": "Chiesa"}, "geometry": {"type": "Point", "coordinates": [11.0875, 43.15479]}}, {"type": "Feature", "properties": {"wikidata": "Q3904745", "name": "pieve di Sant'Antonino a Socana", "status": "done", "osm_id": "way/618249460", "group": "Religione", "subgroup": "Luoghi di Culto", "subcategory": "Chiesa"}, "geometry": {"type": "Point", "coordinates": [11.82658, 43.64642]}}, {"type": "Feature", "properties": {"wikidata": "Q3909967", "name": "Pratovecchio Stia", "status": "done", "osm_id": "relation/42634", "group": "Amministrazione", "subgroup": "Uffici Pubblici", "subcategory": "Comune italiano"}, "geometry": {"type": "Point", "coordinates": [11.7067347, 43.801537]}}, {"type": "Feature", "properties": {"wikidata": "Q3904750", "name": "pieve di Sant'Innocenza", "status": "done", "osm_id": "way/424540827", "group": "Religione", "subgroup": "Luoghi di Culto", "subcategory": "Chiesa"}, "geometry": {"type": "Point", "coordinates": [11.449861111, 43.143277777]}}, {"type": "Feature", "properties": {"wikidata": "Q3923977", "name": "propositura dei Santi Jacopo e Filippo", "status": "done", "osm_id": "way/34786634", "group": "Altro", "subgroup": "Altro", "subcategory": "Altro"}, "geometry": {"type": "Point", "coordinates": [10.63644, 43.662102]}}, {"type": "Feature", "properties": {"wikidata": "Q3909272", "name": "porto di Punta Ala", "status": "done", "osm_id": "way/461364177", "group": "Infrastrutture", "subgroup": "Trasporti", "subcategory": "Porto"}, "geometry": {"type": "Point", "coordinates": [10.7348, 42.8055]}}, {"type": "Feature", "properties": {"wikidata": "Q3904748", "name": "pieve di Sant'Eustachio in Acone", "status": "done", "osm_id": "way/772984893", "group": "Religione", "subgroup": "Luoghi di Culto", "subcategory": "Chiesa"}, "geometry": {"type": "Point", "coordinates": [11.470361111, 43.852611111]}}, {"type": "Feature", "properties": {"wikidata": "Q3904751", "name": "pieve di Sant'Ilario", "status": "done", "osm_id": "way/409852502", "group": "Religione", "subgroup": "Luoghi di Culto", "subcategory": "Chiesa"}, "geometry": {"type": "Point", "coordinates": [10.5977, 43.26999444]}}, {"type": "Feature", "properties": {"wikidata": "Q3909299", "name": "porto di Viareggio", "status": "missing", "osm_id": null, "group": "Infrastrutture", "subgroup": "Trasporti", "subcategory": "Porto"}, "geometry": {"type": "Point", "coordinates": [10.240263, 43.862123]}}, {"type": "Feature", "properties": {"wikidata": "Q3927161", "name": "quartiere 4", "status": "done", "osm_id": "relation/6587563", "group": "Altro", "subgroup": "Altro", "subcategory": "Altro"}, "geometry": {"type": "Point", "coordinates": [11.19644, 43.769722]}}, {"type": "Feature", "properties": {"wikidata": "Q3922135", "name": "prioria dei Santi Ippolito e Cassiano", "status": "missing", "osm_id": null, "group": "Religione", "subgroup": "Luoghi di Culto", "subcategory": "Chiesa"}, "geometry": {"type": "Point", "coordinates": [10.94775, 43.43579]}}, {"type": "Feature", "properties": {"wikidata": "Q3923980", "name": "propositura del Santissimo Nome di Ges\u00f9", "status": "done", "osm_id": "way/260909748", "group": "Altro", "subgroup": "Altro", "subcategory": "Altro"}, "geometry": {"type": "Point", "coordinates": [11.71976, 43.78842]}}, {"type": "Feature", "properties": {"wikidata": "Q3909253", "name": "Porto di Mezzo", "status": "done", "osm_id": "node/5159841575", "group": "Insediamenti", "subgroup": "Centri", "subcategory": "Frazione"}, "geometry": {"type": "Point", "coordinates": [11.079878, 43.77886]}}, {"type": "Feature", "properties": {"wikidata": "Q3904731", "name": "pieve di Sant'Agnese", "status": "done", "osm_id": "way/96559982", "group": "Religione", "subgroup": "Luoghi di Culto", "subcategory": "Chiesa"}, "geometry": {"type": "Point", "coordinates": [11.230977, 43.483057]}}, {"type": "Feature", "properties": {"wikidata": "Q3904746", "name": "pieve di Sant'Eleuterio", "status": "missing", "osm_id": null, "group": "Religione", "subgroup": "Luoghi di Culto", "subcategory": "Chiesa"}, "geometry": {"type": "Point", "coordinates": [11.81292, 43.61876]}}, {"type": "Feature", "properties": {"wikidata": "Q3925522", "name": "Pulpito di Sant'Andrea", "status": "missing", "osm_id": null, "group": "Altro", "subgroup": "Altro", "subcategory": "Altro"}, "geometry": {"type": "Point", "coordinates": [10.914277777, 43.935527777]}}, {"type": "Feature", "properties": {"wikidata": "Q3904744", "name": "pieve di Sant'Appiano", "status": "done", "osm_id": "way/93579044", "group": "Religione", "subgroup": "Luoghi di Culto", "subcategory": "Chiesa"}, "geometry": {"type": "Point", "coordinates": [11.14671, 43.51329]}}, {"type": "Feature", "properties": {"wikidata": "Q3904722", "name": "pieve di San Vincenti", "status": "missing", "osm_id": null, "group": "Religione", "subgroup": "Luoghi di Culto", "subcategory": "Chiesa"}, "geometry": {"type": "Point", "coordinates": [11.53282, 43.42373]}}, {"type": "Feature", "properties": {"wikidata": "Q3925639", "name": "Punta Ala e isolotto dello Sparviero", "status": "missing", "osm_id": null, "group": "Natura e paesaggio", "subgroup": "Verde", "subcategory": "Area protetta"}, "geometry": {"type": "Point", "coordinates": [10.776388888, 42.786666666]}}, {"type": "Feature", "properties": {"wikidata": "Q3909765", "name": "pozzo della Fortezza", "status": "done", "osm_id": "node/5099319930", "group": "Altro", "subgroup": "Altro", "subcategory": "Altro"}, "geometry": {"type": "Point", "coordinates": [11.116942608, 42.761580548]}}, {"type": "Feature", "properties": {"wikidata": "Q3904749", "name": "pieve di Sant'Eugenia al Bagnoro", "status": "missing", "osm_id": null, "group": "Religione", "subgroup": "Luoghi di Culto", "subcategory": "Chiesa"}, "geometry": {"type": "Point", "coordinates": [11.89146, 43.43242]}}, {"type": "Feature", "properties": {"wikidata": "Q3909292", "name": "porto di Talamone", "status": "done", "osm_id": "node/1643173765", "group": "Infrastrutture", "subgroup": "Trasporti", "subcategory": "Porto"}, "geometry": {"type": "Point", "coordinates": [11.1356, 42.5541]}}, {"type": "Feature", "properties": {"wikidata": "Q3909265", "name": "porto di Piombino", "status": "done", "osm_id": "relation/12418024", "group": "Infrastrutture", "subgroup": "Trasporti", "subcategory": "Porto"}, "geometry": {"type": "Point", "coordinates": [10.54591, 42.92935]}}, {"type": "Feature", "properties": {"wikidata": "Q3904741", "name": "pieve di Sant'Andrea di Furfalo", "status": "missing", "osm_id": null, "group": "Archeologia", "subgroup": "Siti", "subcategory": "Rovine"}, "geometry": {"type": "Point", "coordinates": [10.75694444, 43.9725]}}, {"type": "Feature", "properties": {"wikidata": "Q3868381", "name": "Museo geopaleontologico GAMPS", "status": "missing", "osm_id": null, "group": "Cultura e tempo libero", "subgroup": "Musei", "subcategory": "Museo"}, "geometry": {"type": "Point", "coordinates": [11.145618, 43.78163]}}, {"type": "Feature", "properties": {"wikidata": "Q3868320", "name": "Museo diocesano d'arte sacra Andrea Guardi", "status": "done", "osm_id": "relation/5382542", "group": "Cultura e tempo libero", "subgroup": "Musei", "subcategory": "Museo d'arte"}, "geometry": {"type": "Point", "coordinates": [10.528626, 42.921599]}}, {"type": "Feature", "properties": {"wikidata": "Q3868321", "name": "Museo diocesano d'arte sacra (Volterra)", "status": "missing", "osm_id": null, "group": "Cultura e tempo libero", "subgroup": "Musei", "subcategory": "Museo"}, "geometry": {"type": "Point", "coordinates": [10.858612, 43.402264]}}, {"type": "Feature", "properties": {"wikidata": "Q3673534", "name": "chiesa di Santa Maria Vergine della Croce al Tempio", "status": "done", "osm_id": "way/307539768", "group": "Religione", "subgroup": "Luoghi di Culto", "subcategory": "Chiesa"}, "geometry": {"type": "Point", "coordinates": [11.26490556, 43.76815278]}}, {"type": "Feature", "properties": {"wikidata": "Q3868316", "name": "Museo diocesano d'arte sacra (San Miniato)", "status": "done", "osm_id": "node/1775470253", "group": "Cultura e tempo libero", "subgroup": "Musei", "subcategory": "Museo d'arte"}, "geometry": {"type": "Point", "coordinates": [10.8516, 43.6797]}}, {"type": "Feature", "properties": {"wikidata": "Q3868350", "name": "Museo ebraico Yeshiv\u00e0 Marini", "status": "done", "osm_id": "node/2484023248", "group": "Cultura e tempo libero", "subgroup": "Musei", "subcategory": "Museo d'arte"}, "geometry": {"type": "Point", "coordinates": [10.320465, 43.547638]}}, {"type": "Feature", "properties": {"wikidata": "Q3868345", "name": "Museo e istituto fiorentino di preistoria", "status": "done", "osm_id": "node/5487878061", "group": "Cultura e tempo libero", "subgroup": "Archivi", "subcategory": "Archivio"}, "geometry": {"type": "Point", "coordinates": [11.26053, 43.772575]}}, {"type": "Feature", "properties": {"wikidata": "Q3673495", "name": "chiesa di Santa Maria Nascente", "status": "done", "osm_id": "way/203149948", "group": "Religione", "subgroup": "Luoghi di Culto", "subcategory": "Chiesa"}, "geometry": {"type": "Point", "coordinates": [11.54525, 44.03602]}}, {"type": "Feature", "properties": {"wikidata": "Q3673506", "name": "ex chiesa di Santa Maria Nuova", "status": "done", "osm_id": "way/108583914", "group": "Religione", "subgroup": "Luoghi di Culto", "subcategory": "Chiesa"}, "geometry": {"type": "Point", "coordinates": [10.921069444, 43.930897222]}}, {"type": "Feature", "properties": {"wikidata": "Q3868371", "name": "Museo etnologico delle Apuane", "status": "missing", "osm_id": null, "group": "Cultura e tempo libero", "subgroup": "Musei", "subcategory": "Museo"}, "geometry": {"type": "Point", "coordinates": [10.107756, 44.023773]}}, {"type": "Feature", "properties": {"wikidata": "Q3673444", "name": "chiesa di Santa Maria Maddalena", "status": "done", "osm_id": "way/174330408", "group": "Religione", "subgroup": "Luoghi di Culto", "subcategory": "Chiesa"}, "geometry": {"type": "Point", "coordinates": [10.691567, 43.901153]}}, {"type": "Feature", "properties": {"wikidata": "Q3673389", "name": "ex chiesa di Santa Maria Cavaliera", "status": "missing", "osm_id": null, "group": "Religione", "subgroup": "Luoghi di Culto", "subcategory": "Ex chiesa"}, "geometry": {"type": "Point", "coordinates": [10.917843, 43.933991]}}, {"type": "Feature", "properties": {"wikidata": "Q3673453", "name": "chiesa di Santa Maria Maddalena", "status": "done", "osm_id": "way/100769116", "group": "Religione", "subgroup": "Luoghi di Culto", "subcategory": "Chiesa"}, "geometry": {"type": "Point", "coordinates": [11.549667, 43.086]}}, {"type": "Feature", "properties": {"wikidata": "Q3673399", "name": "chiesa di Santa Maria Goretti", "status": "done", "osm_id": "way/715615079", "group": "Religione", "subgroup": "Luoghi di Culto", "subcategory": "Chiesa"}, "geometry": {"type": "Point", "coordinates": [11.13469444, 42.70754167]}}, {"type": "Feature", "properties": {"wikidata": "Q3868329", "name": "Museo diocesano della cattedrale e cunicoli etruschi di Chiusi", "status": "done", "osm_id": "node/7319010036", "group": "Cultura e tempo libero", "subgroup": "Musei", "subcategory": "Museo"}, "geometry": {"type": "Point", "coordinates": [11.948865, 43.01561]}}, {"type": "Feature", "properties": {"wikidata": "Q3673456", "name": "antica chiesa di Santa Maria Maddalena al Prato", "status": "missing", "osm_id": null, "group": "Religione", "subgroup": "Luoghi di Culto", "subcategory": "Chiesa"}, "geometry": {"type": "Point", "coordinates": [10.912019, 43.936284]}}, {"type": "Feature", "properties": {"wikidata": "Q3673439", "name": "chiesa di Santa Maria Maddalena", "status": "done", "osm_id": "way/819586033", "group": "Religione", "subgroup": "Luoghi di Culto", "subcategory": "Chiesa"}, "geometry": {"type": "Point", "coordinates": [10.745814, 43.699283]}}, {"type": "Feature", "properties": {"wikidata": "Q3673446", "name": "chiesa di Santa Maria Maddalena", "status": "done", "osm_id": "way/253731973", "group": "Religione", "subgroup": "Luoghi di Culto", "subcategory": "Chiesa"}, "geometry": {"type": "Point", "coordinates": [10.39868, 43.7147]}}, {"type": "Feature", "properties": {"wikidata": "Q3673515", "name": "chiesa di Santa Maria Primerana", "status": "done", "osm_id": "way/388433595", "group": "Religione", "subgroup": "Luoghi di Culto", "subcategory": "Oratorio"}, "geometry": {"type": "Point", "coordinates": [11.293455555, 43.806391666]}}, {"type": "Feature", "properties": {"wikidata": "Q3673487", "name": "chiesa di Santa Maria Mater Dei al Lippi", "status": "done", "osm_id": "way/235899199", "group": "Religione", "subgroup": "Luoghi di Culto", "subcategory": "Chiesa"}, "geometry": {"type": "Point", "coordinates": [11.22975, 43.80736]}}, {"type": "Feature", "properties": {"wikidata": "Q3673513", "name": "ex chiesa di Santa Maria del Giglio", "status": "missing", "osm_id": null, "group": "Religione", "subgroup": "Luoghi di Culto", "subcategory": "Ex chiesa"}, "geometry": {"type": "Point", "coordinates": [10.916255555, 43.933122222]}}, {"type": "Feature", "properties": {"wikidata": "Q3673448", "name": "chiesa di Santa Maria Maddalena", "status": "done", "osm_id": "way/751239085", "group": "Religione", "subgroup": "Luoghi di Culto", "subcategory": "Chiesa"}, "geometry": {"type": "Point", "coordinates": [11.50531, 42.66412]}}, {"type": "Feature", "properties": {"wikidata": "Q3673385", "name": "chiesa di Santa Maria Ausiliatrice", "status": "done", "osm_id": "way/727166636", "group": "Religione", "subgroup": "Luoghi di Culto", "subcategory": "Chiesa"}, "geometry": {"type": "Point", "coordinates": [11.22077778, 42.82597222]}}, {"type": "Feature", "properties": {"wikidata": "Q3673434", "name": "chiesa di Santa Maria Maddalena", "status": "done", "osm_id": "way/863485413", "group": "Religione", "subgroup": "Luoghi di Culto", "subcategory": "Chiesa"}, "geometry": {"type": "Point", "coordinates": [11.61707, 43.00657]}}, {"type": "Feature", "properties": {"wikidata": "Q3673530", "name": "chiesa di Santa Maria Sopra Porta", "status": "missing", "osm_id": null, "group": "Religione", "subgroup": "Luoghi di Culto", "subcategory": "Chiesa"}, "geometry": {"type": "Point", "coordinates": [11.25368611, 43.76953611]}}, {"type": "Feature", "properties": {"wikidata": "Q3673485", "name": "chiesa di Santa Maria Maggiore", "status": "done", "osm_id": "way/252342246", "group": "Religione", "subgroup": "Luoghi di Culto", "subcategory": "Chiesa"}, "geometry": {"type": "Point", "coordinates": [10.899027777, 43.930888888]}}, {"type": "Feature", "properties": {"wikidata": "Q3673397", "name": "chiesa di Santa Maria Forisportam", "status": "done", "osm_id": "way/48981495", "group": "Religione", "subgroup": "Luoghi di Culto", "subcategory": "Chiesa"}, "geometry": {"type": "Point", "coordinates": [10.50876111, 43.84206389]}}, {"type": "Feature", "properties": {"wikidata": "Q3673392", "name": "chiesa di Santa Maria Corteorlandini", "status": "done", "osm_id": "way/180148981", "group": "Religione", "subgroup": "Luoghi di Culto", "subcategory": "Chiesa"}, "geometry": {"type": "Point", "coordinates": [10.50158, 43.84459]}}, {"type": "Feature", "properties": {"wikidata": "Q3673465", "name": "chiesa di Santa Maria Madre delle Grazie all'Isolotto", "status": "done", "osm_id": "way/161591474", "group": "Religione", "subgroup": "Luoghi di Culto", "subcategory": "Chiesa"}, "geometry": {"type": "Point", "coordinates": [11.21669, 43.77773]}}, {"type": "Feature", "properties": {"wikidata": "Q3673498", "name": "chiesa di Santa Maria Nepotecosa", "status": "missing", "osm_id": null, "group": "Religione", "subgroup": "Luoghi di Culto", "subcategory": "Chiesa"}, "geometry": {"type": "Point", "coordinates": [11.25541944, 43.77155278]}}, {"type": "Feature", "properties": {"wikidata": "Q3868384", "name": "Museo ideale Leonardo da Vinci", "status": "done", "osm_id": "node/6475196783", "group": "Cultura e tempo libero", "subgroup": "Musei", "subcategory": "Museo"}, "geometry": {"type": "Point", "coordinates": [10.926806437, 43.787671785]}}, {"type": "Feature", "properties": {"wikidata": "Q3673452", "name": "chiesa di Santa Maria Maddalena", "status": "done", "osm_id": "way/276720500", "group": "Religione", "subgroup": "Luoghi di Culto", "subcategory": "Chiesa"}, "geometry": {"type": "Point", "coordinates": [11.047105, 43.842962]}}, {"type": "Feature", "properties": {"wikidata": "Q3673528", "name": "chiesa di Santa Maria Regina della Pace", "status": "done", "osm_id": "way/110355063", "group": "Religione", "subgroup": "Luoghi di Culto", "subcategory": "Chiesa"}, "geometry": {"type": "Point", "coordinates": [11.23028, 43.79645]}}, {"type": "Feature", "properties": {"wikidata": "Q3673504", "name": "chiesa di Santa Maria Nuova", "status": "done", "osm_id": "way/1327199811", "group": "Religione", "subgroup": "Luoghi di Culto", "subcategory": "Chiesa"}, "geometry": {"type": "Point", "coordinates": [11.98937, 43.27924]}}, {"type": "Feature", "properties": {"wikidata": "Q3673502", "name": "chiesa di Santa Maria Novella", "status": "done", "osm_id": "way/1367184861", "group": "Religione", "subgroup": "Luoghi di Culto", "subcategory": "Chiesa"}, "geometry": {"type": "Point", "coordinates": [11.9486119, 43.0164022]}}, {"type": "Feature", "properties": {"wikidata": "Q3904800", "name": "pieve di Santa Maria Assunta a Chianni", "status": "done", "osm_id": "way/714980804", "group": "Religione", "subgroup": "Luoghi di Culto", "subcategory": "Chiesa"}, "geometry": {"type": "Point", "coordinates": [10.95789444, 43.54691944]}}, {"type": "Feature", "properties": {"wikidata": "Q3904812", "name": "pieve di Santa Maria Novella", "status": "done", "osm_id": "way/330479984", "group": "Religione", "subgroup": "Luoghi di Culto", "subcategory": "Chiesa"}, "geometry": {"type": "Point", "coordinates": [10.742257, 43.650392]}}, {"type": "Feature", "properties": {"wikidata": "Q3904830", "name": "pieve di Santa Maria a P\u00e0cina", "status": "done", "osm_id": "way/186744262", "group": "Religione", "subgroup": "Luoghi di Culto", "subcategory": "Chiesa"}, "geometry": {"type": "Point", "coordinates": [11.479, 43.33728]}}, {"type": "Feature", "properties": {"wikidata": "Q3904814", "name": "pieve di Santa Maria a Carli", "status": "done", "osm_id": "way/715012512", "group": "Religione", "subgroup": "Luoghi di Culto", "subcategory": "Chiesa"}, "geometry": {"type": "Point", "coordinates": [11.378286, 43.156891]}}, {"type": "Feature", "properties": {"wikidata": "Q3904828", "name": "pieve di Santa Maria a Piteccio", "status": "done", "osm_id": "way/303193632", "group": "Religione", "subgroup": "Luoghi di Culto", "subcategory": "Chiesa"}, "geometry": {"type": "Point", "coordinates": [10.89743, 44.00499]}}, {"type": "Feature", "properties": {"wikidata": "Q3904805", "name": "pieve di Santa Maria Assunta", "status": "done", "osm_id": "way/714987198", "group": "Religione", "subgroup": "Luoghi di Culto", "subcategory": "Chiesa"}, "geometry": {"type": "Point", "coordinates": [11.26079, 43.13239]}}, {"type": "Feature", "properties": {"wikidata": "Q3669455", "name": "chiesa di Regina Pacis", "status": "done", "osm_id": "way/346097653", "group": "Religione", "subgroup": "Luoghi di Culto", "subcategory": "Chiesa"}, "geometry": {"type": "Point", "coordinates": [11.11274, 43.90661]}}, {"type": "Feature", "properties": {"wikidata": "Q3669476", "name": "chiesa di San Bartolomeo", "status": "missing", "osm_id": null, "group": "Religione", "subgroup": "Luoghi di Culto", "subcategory": "Ex chiesa"}, "geometry": {"type": "Point", "coordinates": [11.88434, 43.46368]}}, {"type": "Feature", "properties": {"wikidata": "Q3904838", "name": "pieve di Santa Maria dello Spino", "status": "done", "osm_id": "way/533256853", "group": "Religione", "subgroup": "Luoghi di Culto", "subcategory": "Chiesa"}, "geometry": {"type": "Point", "coordinates": [11.714227, 43.054011]}}, {"type": "Feature", "properties": {"wikidata": "Q3904792", "name": "pieve di Santa Maria Assunta", "status": "done", "osm_id": "way/353665591", "group": "Religione", "subgroup": "Luoghi di Culto", "subcategory": "Chiesa"}, "geometry": {"type": "Point", "coordinates": [10.764972, 44.027836]}}, {"type": "Feature", "properties": {"wikidata": "Q3669478", "name": "chiesa di San Bartolomeo", "status": "done", "osm_id": "way/426427127", "group": "Religione", "subgroup": "Luoghi di Culto", "subcategory": "Chiesa"}, "geometry": {"type": "Point", "coordinates": [11.1723, 43.54328]}}, {"type": "Feature", "properties": {"wikidata": "Q3669386", "name": "chiesa di Nostra Signora degli Angeli", "status": "done", "osm_id": "way/306985693", "group": "Religione", "subgroup": "Luoghi di Culto", "subcategory": "Chiesa"}, "geometry": {"type": "Point", "coordinates": [11.27142, 43.7697]}}, {"type": "Feature", "properties": {"wikidata": "Q3904831", "name": "pieve di Santa Maria a Spaltenna", "status": "done", "osm_id": "way/120146621", "group": "Religione", "subgroup": "Luoghi di Culto", "subcategory": "Chiesa"}, "geometry": {"type": "Point", "coordinates": [11.42951111, 43.46558889]}}, {"type": "Feature", "properties": {"wikidata": "Q3904768", "name": "pieve di Santa Maria", "status": "done", "osm_id": "way/1268605041", "group": "Altro", "subgroup": "Altro", "subcategory": "Altro"}, "geometry": {"type": "Point", "coordinates": [11.522552, 43.893765]}}, {"type": "Feature", "properties": {"wikidata": "Q3904819", "name": "chiesa di Santa Maria", "status": "done", "osm_id": "way/276723917", "group": "Religione", "subgroup": "Luoghi di Culto", "subcategory": "Chiesa"}, "geometry": {"type": "Point", "coordinates": [11.10817, 43.84049]}}, {"type": "Feature", "properties": {"wikidata": "Q3904829", "name": "pieve di Santa Maria a Micciano", "status": "done", "osm_id": "way/467824853", "group": "Religione", "subgroup": "Luoghi di Culto", "subcategory": "Chiesa"}, "geometry": {"type": "Point", "coordinates": [12.04122066, 43.5638237]}}, {"type": "Feature", "properties": {"wikidata": "Q3904834", "name": "pieve di Santa Maria de' Monti", "status": "done", "osm_id": "node/2709202148", "group": "Archeologia", "subgroup": "Siti", "subcategory": "Rovine"}, "geometry": {"type": "Point", "coordinates": [11.29, 42.987]}}, {"type": "Feature", "properties": {"wikidata": "Q3904761", "name": "pieve di Santa Cristina", "status": "missing", "osm_id": null, "group": "Religione", "subgroup": "Luoghi di Culto", "subcategory": "Chiesa"}, "geometry": {"type": "Point", "coordinates": [11.25387778, 43.43790278]}}, {"type": "Feature", "properties": {"wikidata": "Q3904762", "name": "pieve di Santa Felicita", "status": "missing", "osm_id": null, "group": "Religione", "subgroup": "Luoghi di Culto", "subcategory": "Chiesa"}, "geometry": {"type": "Point", "coordinates": [11.345836, 43.938414]}}, {"type": "Feature", "properties": {"wikidata": "Q3669334", "name": "chiesa di Maria Mater Misericordiae", "status": "done", "osm_id": "way/305954432", "group": "Religione", "subgroup": "Luoghi di Culto", "subcategory": "Chiesa"}, "geometry": {"type": "Point", "coordinates": [11.2389335, 43.765416507]}}, {"type": "Feature", "properties": {"wikidata": "Q3904842", "name": "pieve di Santa Maria e di San Leonardo", "status": "done", "osm_id": "way/112306666", "group": "Religione", "subgroup": "Luoghi di Culto", "subcategory": "Chiesa"}, "geometry": {"type": "Point", "coordinates": [11.03497, 43.77999]}}, {"type": "Feature", "properties": {"wikidata": "Q3904772", "name": "pieve di San Pietro a Pava", "status": "done", "osm_id": "way/454509805", "group": "Archeologia", "subgroup": "Siti", "subcategory": "Sito archeologico"}, "geometry": {"type": "Point", "coordinates": [11.5754, 43.1333]}}, {"type": "Feature", "properties": {"wikidata": "Q3904798", "name": "pieve di Santa Maria Assunta", "status": "done", "osm_id": "way/330696957", "group": "Religione", "subgroup": "Luoghi di Culto", "subcategory": "Chiesa"}, "geometry": {"type": "Point", "coordinates": [10.98478222, 43.81043243]}}, {"type": "Feature", "properties": {"wikidata": "Q3904817", "name": "pieve di Santa Maria a Civita", "status": "missing", "osm_id": null, "group": "Religione", "subgroup": "Luoghi di Culto", "subcategory": "Chiesa"}, "geometry": {"type": "Point", "coordinates": [11.15941667, 42.82736111]}}, {"type": "Feature", "properties": {"wikidata": "Q3904764", "name": "pieve di Santa Lucia", "status": "done", "osm_id": "way/441737387", "group": "Religione", "subgroup": "Luoghi di Culto", "subcategory": "Chiesa"}, "geometry": {"type": "Point", "coordinates": [11.47171, 42.94398]}}, {"type": "Feature", "properties": {"wikidata": "Q3669489", "name": "chiesa di San Bartolomeo", "status": "done", "osm_id": "way/338346734", "group": "Religione", "subgroup": "Luoghi di Culto", "subcategory": "Chiesa"}, "geometry": {"type": "Point", "coordinates": [10.67942, 43.58271]}}, {"type": "Feature", "properties": {"wikidata": "Q3904851", "name": "pieve di Santa Trinit\u00e0 in Alpe", "status": "done", "osm_id": "node/760271540", "group": "Archeologia", "subgroup": "Siti", "subcategory": "Rovine"}, "geometry": {"type": "Point", "coordinates": [11.715708835, 43.618522292]}}, {"type": "Feature", "properties": {"wikidata": "Q3904832", "name": "pieve di Santa Maria ad Oppiano", "status": "missing", "osm_id": null, "group": "Religione", "subgroup": "Luoghi di Culto", "subcategory": "Chiesa"}, "geometry": {"type": "Point", "coordinates": [11.38444444, 42.92888889]}}, {"type": "Feature", "properties": {"wikidata": "Q3904787", "name": "pieve di Santa Maria Assunta", "status": "done", "osm_id": "way/422659687", "group": "Religione", "subgroup": "Luoghi di Culto", "subcategory": "Chiesa"}, "geometry": {"type": "Point", "coordinates": [11.62026, 43.74026]}}, {"type": "Feature", "properties": {"wikidata": "Q3904848", "name": "pieve di Santa Mustiola a Quarto", "status": "done", "osm_id": "way/722280178", "group": "Religione", "subgroup": "Luoghi di Culto", "subcategory": "Chiesa"}, "geometry": {"type": "Point", "coordinates": [11.85121, 43.41824]}}, {"type": "Feature", "properties": {"wikidata": "Q3904847", "name": "pieve di Santa Mustiola", "status": "missing", "osm_id": null, "group": "Religione", "subgroup": "Luoghi di Culto", "subcategory": "Chiesa"}, "geometry": {"type": "Point", "coordinates": [11.545931, 42.871699]}}, {"type": "Feature", "properties": {"wikidata": "Q3904837", "name": "pieve di Santa Maria delle Grazie", "status": "done", "osm_id": "node/258574275", "group": "Religione", "subgroup": "Luoghi di Culto", "subcategory": "Chiesa"}, "geometry": {"type": "Point", "coordinates": [11.784672222, 43.21225]}}, {"type": "Feature", "properties": {"wikidata": "Q3904773", "name": "pieve di Santa Maria", "status": "missing", "osm_id": null, "group": "Religione", "subgroup": "Luoghi di Culto", "subcategory": "Chiesa"}, "geometry": {"type": "Point", "coordinates": [10.85295833, 42.90722222]}}, {"type": "Feature", "properties": {"wikidata": "Q3904825", "name": "pieve di Santa Maria a Loppia", "status": "done", "osm_id": "way/181322202", "group": "Altro", "subgroup": "Altro", "subcategory": "Altro"}, "geometry": {"type": "Point", "coordinates": [10.490533333, 44.05675]}}, {"type": "Feature", "properties": {"wikidata": "Q3669281", "name": "chiesa dello Spirito Santo", "status": "done", "osm_id": "way/712589432", "group": "Religione", "subgroup": "Luoghi di Culto", "subcategory": "Chiesa"}, "geometry": {"type": "Point", "coordinates": [11.98483, 43.27282]}}, {"type": "Feature", "properties": {"wikidata": "Q3904855", "name": "pieve di Santo Stefano", "status": "done", "osm_id": "way/248645119", "group": "Religione", "subgroup": "Luoghi di Culto", "subcategory": "Chiesa"}, "geometry": {"type": "Point", "coordinates": [11.13604, 43.8221]}}, {"type": "Feature", "properties": {"wikidata": "Q3904784", "name": "pieve di Santa Maria Assunta", "status": "done", "osm_id": "way/176786494", "group": "Religione", "subgroup": "Luoghi di Culto", "subcategory": "Chiesa"}, "geometry": {"type": "Point", "coordinates": [9.83485, 43.04923]}}, {"type": "Feature", "properties": {"wikidata": "Q3904763", "name": "pieve di Santa Giulia", "status": "done", "osm_id": "way/150703510", "group": "Altro", "subgroup": "Altro", "subcategory": "Altro"}, "geometry": {"type": "Point", "coordinates": [10.50145, 43.71194]}}, {"type": "Feature", "properties": {"wikidata": "Q3904786", "name": "pieve di Santa Maria Assunta", "status": "done", "osm_id": "way/154057369", "group": "Religione", "subgroup": "Luoghi di Culto", "subcategory": "Chiesa"}, "geometry": {"type": "Point", "coordinates": [10.45654, 43.78053]}}, {"type": "Feature", "properties": {"wikidata": "Q3669484", "name": "chiesa di San Bartolomeo", "status": "missing", "osm_id": null, "group": "Religione", "subgroup": "Luoghi di Culto", "subcategory": "Chiesa"}, "geometry": {"type": "Point", "coordinates": [11.436277777, 43.132972222]}}, {"type": "Feature", "properties": {"wikidata": "Q3669275", "name": "oratorio di San Francesco", "status": "done", "osm_id": "way/722346730", "group": "Religione", "subgroup": "Luoghi di Culto", "subcategory": "Oratorio"}, "geometry": {"type": "Point", "coordinates": [11.798889, 43.505306]}}, {"type": "Feature", "properties": {"wikidata": "Q3904760", "name": "pieve di Santa Cristina", "status": "missing", "osm_id": null, "group": "Religione", "subgroup": "Luoghi di Culto", "subcategory": "Chiesa"}, "geometry": {"type": "Point", "coordinates": [11.51070278, 42.73030556]}}, {"type": "Feature", "properties": {"wikidata": "Q3669370", "name": "chiesa di Maria Santissima di Montenero", "status": "missing", "osm_id": null, "group": "Religione", "subgroup": "Luoghi di Culto", "subcategory": "Chiesa"}, "geometry": {"type": "Point", "coordinates": [10.78562, 43.1637]}}, {"type": "Feature", "properties": {"wikidata": "Q3904781", "name": "pieve di Santa Maria Assunta", "status": "done", "osm_id": "way/626101209", "group": "Altro", "subgroup": "Altro", "subcategory": "Altro"}, "geometry": {"type": "Point", "coordinates": [10.55557, 43.89182]}}, {"type": "Feature", "properties": {"wikidata": "Q3904782", "name": "pieve di Santa Maria Assunta", "status": "done", "osm_id": "way/308668477", "group": "Religione", "subgroup": "Luoghi di Culto", "subcategory": "Chiesa"}, "geometry": {"type": "Point", "coordinates": [10.98761111, 42.845875]}}, {"type": "Feature", "properties": {"wikidata": "Q3904767", "name": "pieve di Santa Maria", "status": "done", "osm_id": "way/461536193", "group": "Altro", "subgroup": "Altro", "subcategory": "Altro"}, "geometry": {"type": "Point", "coordinates": [11.32284, 43.72677]}}, {"type": "Feature", "properties": {"wikidata": "Q3904759", "name": "pieve di Santa Cecilia", "status": "done", "osm_id": "way/581685468", "group": "Religione", "subgroup": "Luoghi di Culto", "subcategory": "Chiesa"}, "geometry": {"type": "Point", "coordinates": [11.19511667, 43.65899722]}}, {"type": "Feature", "properties": {"wikidata": "Q3904799", "name": "pieve di Santa Maria Assunta", "status": "done", "osm_id": "way/167689038", "group": "Religione", "subgroup": "Luoghi di Culto", "subcategory": "Chiesa"}, "geometry": {"type": "Point", "coordinates": [11.062716, 43.232215]}}, {"type": "Feature", "properties": {"wikidata": "Q3904807", "name": "pieve di Santa Maria Assunta in Altaserra", "status": "missing", "osm_id": null, "group": "Religione", "subgroup": "Luoghi di Culto", "subcategory": "Chiesa"}, "geometry": {"type": "Point", "coordinates": [11.54558, 43.40007]}}, {"type": "Feature", "properties": {"wikidata": "Q3904804", "name": "pieve di Santa Maria Assunta", "status": "done", "osm_id": "way/143818864", "group": "Religione", "subgroup": "Luoghi di Culto", "subcategory": "Chiesa"}, "geometry": {"type": "Point", "coordinates": [10.75424, 44.04541]}}, {"type": "Feature", "properties": {"wikidata": "Q3904789", "name": "pieve di Santa Maria Assunta", "status": "done", "osm_id": "way/1338015607", "group": "Religione", "subgroup": "Luoghi di Culto", "subcategory": "Chiesa"}, "geometry": {"type": "Point", "coordinates": [11.3246942, 42.6450121]}}, {"type": "Feature", "properties": {"wikidata": "Q3669299", "name": "chiesa di Cristo Re", "status": "done", "osm_id": "way/499835206", "group": "Religione", "subgroup": "Luoghi di Culto", "subcategory": "Chiesa"}, "geometry": {"type": "Point", "coordinates": [10.85143, 43.00511]}}, {"type": "Feature", "properties": {"wikidata": "Q3669404", "name": "chiesa di Nostra Signora del Sacro Cuore", "status": "done", "osm_id": "way/306395961", "group": "Religione", "subgroup": "Luoghi di Culto", "subcategory": "Chiesa"}, "geometry": {"type": "Point", "coordinates": [11.25542, 43.78125]}}, {"type": "Feature", "properties": {"wikidata": "Q3669472", "name": "chiesa di San Bartolo", "status": "done", "osm_id": "way/182544817", "group": "Religione", "subgroup": "Luoghi di Culto", "subcategory": "Chiesa"}, "geometry": {"type": "Point", "coordinates": [11.04291667, 43.468525]}}, {"type": "Feature", "properties": {"wikidata": "Q3904839", "name": "pieve di Santa Maria di Venelia", "status": "done", "osm_id": "way/693989156", "group": "Religione", "subgroup": "Luoghi di Culto", "subcategory": "Chiesa"}, "geometry": {"type": "Point", "coordinates": [10.014247, 44.252554]}}, {"type": "Feature", "properties": {"wikidata": "Q3904835", "name": "pieve di Santa Maria alla Sovara", "status": "done", "osm_id": "way/722796532", "group": "Religione", "subgroup": "Luoghi di Culto", "subcategory": "Chiesa"}, "geometry": {"type": "Point", "coordinates": [12.042728, 43.532083]}}, {"type": "Feature", "properties": {"wikidata": "Q3904841", "name": "pieve di Santa Maria e San Giovanni Battista", "status": "done", "osm_id": "way/232589688", "group": "Altro", "subgroup": "Altro", "subcategory": "Altro"}, "geometry": {"type": "Point", "coordinates": [10.42003, 43.80309]}}, {"type": "Feature", "properties": {"wikidata": "Q3669277", "name": "chiesa delle Suore Ausiliatrici del Purgatorio", "status": "done", "osm_id": "way/111666624", "group": "Religione", "subgroup": "Luoghi di Culto", "subcategory": "Chiesa"}, "geometry": {"type": "Point", "coordinates": [11.2676, 43.7863]}}, {"type": "Feature", "properties": {"wikidata": "Q3904850", "name": "pieve di Santa Restituta", "status": "done", "osm_id": "way/1194768790", "group": "Religione", "subgroup": "Luoghi di Culto", "subcategory": "Chiesa"}, "geometry": {"type": "Point", "coordinates": [11.45287, 43.01205]}}, {"type": "Feature", "properties": {"wikidata": "Q3904854", "name": "pieve di Santo Stefano", "status": "done", "osm_id": "way/697174714", "group": "Altro", "subgroup": "Altro", "subcategory": "Altro"}, "geometry": {"type": "Point", "coordinates": [10.32803, 43.93066]}}, {"type": "Feature", "properties": {"wikidata": "Q3904816", "name": "pieve di Santa Maria a Castello", "status": "done", "osm_id": "way/125624281", "group": "Religione", "subgroup": "Luoghi di Culto", "subcategory": "Chiesa"}, "geometry": {"type": "Point", "coordinates": [11.15103889, 43.37217222]}}, {"type": "Feature", "properties": {"wikidata": "Q3904806", "name": "pieve di Santa Maria Assunta e di Sant'Angelo", "status": "done", "osm_id": "way/457985400", "group": "Religione", "subgroup": "Luoghi di Culto", "subcategory": "Chiesa"}, "geometry": {"type": "Point", "coordinates": [10.546759, 43.481112]}}, {"type": "Feature", "properties": {"wikidata": "Q3904833", "name": "pieve di Santa Maria alla Chiassa", "status": "missing", "osm_id": null, "group": "Religione", "subgroup": "Luoghi di Culto", "subcategory": "Chiesa"}, "geometry": {"type": "Point", "coordinates": [11.899109, 43.533891]}}, {"type": "Feature", "properties": {"wikidata": "Q3904793", "name": "pieve di Santa Maria Assunta", "status": "done", "osm_id": "way/199085666", "group": "Religione", "subgroup": "Luoghi di Culto", "subcategory": "Chiesa"}, "geometry": {"type": "Point", "coordinates": [10.98629722, 43.08319722]}}, {"type": "Feature", "properties": {"wikidata": "Q3669286", "name": "chiesa dello Spirito Santo", "status": "done", "osm_id": "way/701934366", "group": "Religione", "subgroup": "Luoghi di Culto", "subcategory": "Chiesa"}, "geometry": {"type": "Point", "coordinates": [11.093725, 43.87803333]}}, {"type": "Feature", "properties": {"wikidata": "Q3904776", "name": "Pieve di Santa Maria", "status": "done", "osm_id": "way/255381484", "group": "Religione", "subgroup": "Luoghi di Culto", "subcategory": "Chiesa"}, "geometry": {"type": "Point", "coordinates": [10.583194, 43.700214]}}, {"type": "Feature", "properties": {"wikidata": "Q3904826", "name": "pieve di Santa Maria a Luriano", "status": "missing", "osm_id": null, "group": "Religione", "subgroup": "Luoghi di Culto", "subcategory": "Chiesa"}, "geometry": {"type": "Point", "coordinates": [11.120459, 43.109369]}}, {"type": "Feature", "properties": {"wikidata": "Q3904836", "name": "pieve di Santa Maria dell'Aquila", "status": "missing", "osm_id": null, "group": "Religione", "subgroup": "Luoghi di Culto", "subcategory": "Chiesa"}, "geometry": {"type": "Point", "coordinates": [11.72048333, 42.66179167]}}, {"type": "Feature", "properties": {"wikidata": "Q3904818", "name": "pieve di Santa Maria a Coeli Aula", "status": "missing", "osm_id": null, "group": "Altro", "subgroup": "Altro", "subcategory": "Altro"}, "geometry": {"type": "Point", "coordinates": [11.02960833, 43.66827222]}}, {"type": "Feature", "properties": {"wikidata": "Q3669276", "name": "chiesa delle Suore Montalve", "status": "done", "osm_id": "way/305822221", "group": "Religione", "subgroup": "Luoghi di Culto", "subcategory": "Chiesa"}, "geometry": {"type": "Point", "coordinates": [11.2418, 43.8135]}}, {"type": "Feature", "properties": {"wikidata": "Q3904802", "name": "pieve di Santa Maria Assunta", "status": "done", "osm_id": "way/176513300", "group": "Religione", "subgroup": "Luoghi di Culto", "subcategory": "Chiesa"}, "geometry": {"type": "Point", "coordinates": [10.8201, 44.05555]}}, {"type": "Feature", "properties": {"wikidata": "Q3669291", "name": "chiesa di Cennanino", "status": "missing", "osm_id": null, "group": "Religione", "subgroup": "Luoghi di Culto", "subcategory": "Chiesa"}, "geometry": {"type": "Point", "coordinates": [11.56083333, 43.52022778]}}, {"type": "Feature", "properties": {"wikidata": "Q3904849", "name": "pieve di Santa Reparata a Pimonte", "status": "done", "osm_id": "way/958203477", "group": "Religione", "subgroup": "Luoghi di Culto", "subcategory": "Chiesa"}, "geometry": {"type": "Point", "coordinates": [11.1826286, 43.9681808]}}, {"type": "Feature", "properties": {"wikidata": "Q3904770", "name": "pieve di Santa Maria", "status": "done", "osm_id": "way/618060783", "group": "Altro", "subgroup": "Altro", "subcategory": "Altro"}, "geometry": {"type": "Point", "coordinates": [11.78259, 43.70214]}}, {"type": "Feature", "properties": {"wikidata": "Q3904803", "name": "pieve di Santa Maria Assunta a Lizzano", "status": "done", "osm_id": "way/177271771", "group": "Religione", "subgroup": "Luoghi di Culto", "subcategory": "Chiesa"}, "geometry": {"type": "Point", "coordinates": [10.77726, 44.08308]}}, {"type": "Feature", "properties": {"wikidata": "Q3904777", "name": "pieve di Santa Maria", "status": "done", "osm_id": "way/199984756", "group": "Religione", "subgroup": "Luoghi di Culto", "subcategory": "Chiesa"}, "geometry": {"type": "Point", "coordinates": [11.48078, 43.38478]}}, {"type": "Feature", "properties": {"wikidata": "Q3904820", "name": "pieve di Santa Maria a Diecimo", "status": "done", "osm_id": "way/255396787", "group": "Altro", "subgroup": "Altro", "subcategory": "Altro"}, "geometry": {"type": "Point", "coordinates": [10.502982, 43.963716]}}, {"type": "Feature", "properties": {"wikidata": "Q3904821", "name": "pieve di Santa Maria a Fagna", "status": "done", "osm_id": "way/516578983", "group": "Religione", "subgroup": "Luoghi di Culto", "subcategory": "Chiesa"}, "geometry": {"type": "Point", "coordinates": [11.3469, 43.983035]}}, {"type": "Feature", "properties": {"wikidata": "Q3904813", "name": "pieve di Santa Maria Novella", "status": "done", "osm_id": "way/352888234", "group": "Religione", "subgroup": "Luoghi di Culto", "subcategory": "Chiesa"}, "geometry": {"type": "Point", "coordinates": [11.3678, 43.50702]}}, {"type": "Feature", "properties": {"wikidata": "Q3904758", "name": "pieve di Santa Cecilia a Crevole", "status": "done", "osm_id": "way/715012453", "group": "Religione", "subgroup": "Luoghi di Culto", "subcategory": "Chiesa"}, "geometry": {"type": "Point", "coordinates": [11.358414, 43.18397]}}, {"type": "Feature", "properties": {"wikidata": "Q3669474", "name": "chiesa di San Bartolo a Cintoia", "status": "done", "osm_id": "way/256482765", "group": "Religione", "subgroup": "Luoghi di Culto", "subcategory": "Chiesa"}, "geometry": {"type": "Point", "coordinates": [11.19004, 43.77946]}}, {"type": "Feature", "properties": {"wikidata": "Q3904785", "name": "pieve di Santa Maria Assunta", "status": "done", "osm_id": "way/699089409", "group": "Religione", "subgroup": "Luoghi di Culto", "subcategory": "Chiesa"}, "geometry": {"type": "Point", "coordinates": [10.10151, 44.28777]}}, {"type": "Feature", "properties": {"wikidata": "Q3904822", "name": "chiesa di Santa Maria", "status": "done", "osm_id": "way/321291030", "group": "Religione", "subgroup": "Luoghi di Culto", "subcategory": "Chiesa"}, "geometry": {"type": "Point", "coordinates": [11.11663056, 43.89179444]}}, {"type": "Feature", "properties": {"wikidata": "Q3904796", "name": "pieve di Santa Maria Assunta", "status": "done", "osm_id": "way/175089399", "group": "Altro", "subgroup": "Altro", "subcategory": "Altro"}, "geometry": {"type": "Point", "coordinates": [10.64506, 43.92759]}}, {"type": "Feature", "properties": {"wikidata": "Q3904791", "name": "pieve di Santa Maria Assunta", "status": "done", "osm_id": "way/1354186327", "group": "Religione", "subgroup": "Luoghi di Culto", "subcategory": "Chiesa"}, "geometry": {"type": "Point", "coordinates": [11.692833, 42.848472]}}, {"type": "Feature", "properties": {"wikidata": "Q3669283", "name": "chiesa dello Spirito Santo", "status": "done", "osm_id": "way/233636052", "group": "Religione", "subgroup": "Luoghi di Culto", "subcategory": "Chiesa"}, "geometry": {"type": "Point", "coordinates": [10.915855, 43.934217]}}, {"type": "Feature", "properties": {"wikidata": "Q3669298", "name": "chiesa di Cristo Re", "status": "done", "osm_id": "way/164075770", "group": "Religione", "subgroup": "Luoghi di Culto", "subcategory": "Chiesa"}, "geometry": {"type": "Point", "coordinates": [10.95433611, 43.54077222]}}, {"type": "Feature", "properties": {"wikidata": "Q3669473", "name": "chiesa di San Baronto", "status": "done", "osm_id": "way/175716479", "group": "Religione", "subgroup": "Luoghi di Culto", "subcategory": "Chiesa"}, "geometry": {"type": "Point", "coordinates": [10.917388888, 43.839222222]}}, {"type": "Feature", "properties": {"wikidata": "Q3904794", "name": "pieve di Santa Maria Assunta", "status": "done", "osm_id": "way/260912365", "group": "Religione", "subgroup": "Luoghi di Culto", "subcategory": "Chiesa"}, "geometry": {"type": "Point", "coordinates": [11.70627, 43.80101]}}, {"type": "Feature", "properties": {"wikidata": "Q3669401", "name": "chiesa di Nostra Signora del Rosario", "status": "done", "osm_id": "way/58665486", "group": "Religione", "subgroup": "Luoghi di Culto", "subcategory": "Chiesa"}, "geometry": {"type": "Point", "coordinates": [10.316141, 43.539255]}}, {"type": "Feature", "properties": {"wikidata": "Q3904810", "name": "pieve di Santa Maria Maddalena a Sietina", "status": "done", "osm_id": "way/824881976", "group": "Religione", "subgroup": "Luoghi di Culto", "subcategory": "Chiesa"}, "geometry": {"type": "Point", "coordinates": [11.851, 43.53071]}}, {"type": "Feature", "properties": {"wikidata": "Q3904824", "name": "pieve di Santa Maria a Lamula", "status": "done", "osm_id": "way/384304737", "group": "Religione", "subgroup": "Luoghi di Culto", "subcategory": "Chiesa"}, "geometry": {"type": "Point", "coordinates": [11.523797, 42.883101]}}, {"type": "Feature", "properties": {"wikidata": "Q3669312", "name": "chiesa di Ges\u00f9 Divino Lavoratore", "status": "done", "osm_id": "way/311539531", "group": "Religione", "subgroup": "Luoghi di Culto", "subcategory": "Chiesa"}, "geometry": {"type": "Point", "coordinates": [11.07786, 43.88646]}}, {"type": "Feature", "properties": {"wikidata": "Q3669272", "name": "chiesa delle Sante Maria e Tecla", "status": "done", "osm_id": "way/207330328", "group": "Religione", "subgroup": "Luoghi di Culto", "subcategory": "Chiesa"}, "geometry": {"type": "Point", "coordinates": [10.919378, 43.924615]}}, {"type": "Feature", "properties": {"wikidata": "Q3673735", "name": "chiesa di Santa Maria del Giglio", "status": "done", "osm_id": "relation/12714095", "group": "Religione", "subgroup": "Luoghi di Culto", "subcategory": "Chiesa"}, "geometry": {"type": "Point", "coordinates": [10.88081, 42.7639]}}, {"type": "Feature", "properties": {"wikidata": "Q3673635", "name": "chiesa di Santa Maria alla Querciola", "status": "done", "osm_id": "way/388719378", "group": "Religione", "subgroup": "Luoghi di Culto", "subcategory": "Chiesa"}, "geometry": {"type": "Point", "coordinates": [11.2141, 43.9317]}}, {"type": "Feature", "properties": {"wikidata": "Q3673547", "name": "chiesa di Santa Maria a Carignano", "status": "done", "osm_id": "way/164650789", "group": "Religione", "subgroup": "Luoghi di Culto", "subcategory": "Chiesa"}, "geometry": {"type": "Point", "coordinates": [10.45397, 43.86755]}}, {"type": "Feature", "properties": {"wikidata": "Q3673559", "name": "chiesa di Santa Maria", "status": "done", "osm_id": "way/143818349", "group": "Religione", "subgroup": "Luoghi di Culto", "subcategory": "Chiesa"}, "geometry": {"type": "Point", "coordinates": [10.75325, 43.989833]}}, {"type": "Feature", "properties": {"wikidata": "Q3672727", "name": "chiesa di Sant'Apollinare", "status": "done", "osm_id": "way/308613214", "group": "Religione", "subgroup": "Luoghi di Culto", "subcategory": "Chiesa"}, "geometry": {"type": "Point", "coordinates": [10.373284, 43.71687]}}, {"type": "Feature", "properties": {"wikidata": "Q3673600", "name": "chiesa di Santa Maria a Ricorboli", "status": "done", "osm_id": "way/306145135", "group": "Religione", "subgroup": "Luoghi di Culto", "subcategory": "Chiesa"}, "geometry": {"type": "Point", "coordinates": [11.27384, 43.7617]}}, {"type": "Feature", "properties": {"wikidata": "Q3672608", "name": "chiesa di Sant'Antonio", "status": "missing", "osm_id": null, "group": "Religione", "subgroup": "Luoghi di Culto", "subcategory": "Ex chiesa"}, "geometry": {"type": "Point", "coordinates": [11.66666667, 42.63388889]}}, {"type": "Feature", "properties": {"wikidata": "Q3673543", "name": "chiesa di Santa Maria a Caiano", "status": "done", "osm_id": "way/387825961", "group": "Religione", "subgroup": "Luoghi di Culto", "subcategory": "Chiesa"}, "geometry": {"type": "Point", "coordinates": [11.58638, 43.86131]}}, {"type": "Feature", "properties": {"wikidata": "Q3673551", "name": "chiesa di Santa Maria a Cintoia", "status": "done", "osm_id": "way/306523292", "group": "Religione", "subgroup": "Luoghi di Culto", "subcategory": "Chiesa"}, "geometry": {"type": "Point", "coordinates": [11.195056, 43.778944]}}, {"type": "Feature", "properties": {"wikidata": "Q3672787", "name": "chiesa di Sant'Erasmo", "status": "missing", "osm_id": null, "group": "Religione", "subgroup": "Luoghi di Culto", "subcategory": "Chiesa"}, "geometry": {"type": "Point", "coordinates": [11.210361, 42.390778]}}, {"type": "Feature", "properties": {"wikidata": "Q3672629", "name": "chiesa di Sant'Antonio Abate", "status": "done", "osm_id": "way/387882016", "group": "Religione", "subgroup": "Luoghi di Culto", "subcategory": "Chiesa"}, "geometry": {"type": "Point", "coordinates": [11.525806, 43.888439]}}, {"type": "Feature", "properties": {"wikidata": "Q3673610", "name": "chiesa di Santa Maria a Spedalino Asnelli", "status": "done", "osm_id": "way/284913187", "group": "Religione", "subgroup": "Luoghi di Culto", "subcategory": "Chiesa"}, "geometry": {"type": "Point", "coordinates": [10.993977, 43.91734]}}, {"type": "Feature", "properties": {"wikidata": "Q3672782", "name": "chiesa di Sant'Elisabetta d'Ungheria", "status": "done", "osm_id": "way/181322170", "group": "Religione", "subgroup": "Luoghi di Culto", "subcategory": "Chiesa"}, "geometry": {"type": "Point", "coordinates": [10.486, 44.07262]}}, {"type": "Feature", "properties": {"wikidata": "Q3673572", "name": "chiesa di Santa Maria", "status": "done", "osm_id": "way/187016390", "group": "Religione", "subgroup": "Luoghi di Culto", "subcategory": "Chiesa"}, "geometry": {"type": "Point", "coordinates": [11.1321, 43.72008]}}, {"type": "Feature", "properties": {"wikidata": "Q3673609", "name": "chiesa di Santa Maria a Talciona", "status": "done", "osm_id": "way/180446436", "group": "Religione", "subgroup": "Luoghi di Culto", "subcategory": "Chiesa"}, "geometry": {"type": "Point", "coordinates": [11.18901944, 43.46363611]}}, {"type": "Feature", "properties": {"wikidata": "Q3672686", "name": "chiesa di Sant'Antonio abate", "status": "done", "osm_id": "way/164511528", "group": "Religione", "subgroup": "Luoghi di Culto", "subcategory": "Chiesa"}, "geometry": {"type": "Point", "coordinates": [12.14357, 43.56888]}}, {"type": "Feature", "properties": {"wikidata": "Q3673562", "name": "chiesa di Santa Maria a Falgano", "status": "done", "osm_id": "way/387811122", "group": "Religione", "subgroup": "Luoghi di Culto", "subcategory": "Chiesa"}, "geometry": {"type": "Point", "coordinates": [11.511506, 43.803943]}}, {"type": "Feature", "properties": {"wikidata": "Q3672605", "name": "chiesa di Sant'Antonio", "status": "done", "osm_id": "way/956779797", "group": "Religione", "subgroup": "Luoghi di Culto", "subcategory": "Chiesa"}, "geometry": {"type": "Point", "coordinates": [11.21120833, 42.43895833]}}, {"type": "Feature", "properties": {"wikidata": "Q3673663", "name": "chiesa di Santa Maria degli Angeli in Valli", "status": "done", "osm_id": "way/1083619610", "group": "Religione", "subgroup": "Luoghi di Culto", "subcategory": "Chiesa"}, "geometry": {"type": "Point", "coordinates": [11.33931, 43.30962]}}, {"type": "Feature", "properties": {"wikidata": "Q3672742", "name": "chiesa di Sant'Arduino", "status": "missing", "osm_id": null, "group": "Religione", "subgroup": "Luoghi di Culto", "subcategory": "Chiesa"}, "geometry": {"type": "Point", "coordinates": [12.224, 43.800167]}}, {"type": "Feature", "properties": {"wikidata": "Q3673568", "name": "chiesa di Santa Maria a Greve", "status": "done", "osm_id": "way/545273381", "group": "Religione", "subgroup": "Luoghi di Culto", "subcategory": "Chiesa"}, "geometry": {"type": "Point", "coordinates": [11.1864, 43.7527]}}, {"type": "Feature", "properties": {"wikidata": "Q3673596", "name": "chiesa di Santa Maria", "status": "done", "osm_id": "way/98320192", "group": "Religione", "subgroup": "Luoghi di Culto", "subcategory": "Chiesa"}, "geometry": {"type": "Point", "coordinates": [11.32655, 43.75459]}}, {"type": "Feature", "properties": {"wikidata": "Q3673556", "name": "chiesa di Santa Maria a Colonna", "status": "missing", "osm_id": null, "group": "Religione", "subgroup": "Luoghi di Culto", "subcategory": "Chiesa"}, "geometry": {"type": "Point", "coordinates": [11.40461111, 42.92601389]}}, {"type": "Feature", "properties": {"wikidata": "Q3672755", "name": "chiesa di Sant'Egidio", "status": "done", "osm_id": "way/722825776", "group": "Religione", "subgroup": "Luoghi di Culto", "subcategory": "Chiesa"}, "geometry": {"type": "Point", "coordinates": [10.9933, 42.90538]}}, {"type": "Feature", "properties": {"wikidata": "Q3673586", "name": "chiesa di Santa Maria", "status": "done", "osm_id": "way/352874654", "group": "Religione", "subgroup": "Luoghi di Culto", "subcategory": "Chiesa"}, "geometry": {"type": "Point", "coordinates": [10.92155, 43.73484]}}, {"type": "Feature", "properties": {"wikidata": "Q3672710", "name": "chiesa di Sant'Antonio da Padova", "status": "done", "osm_id": "way/315713692", "group": "Religione", "subgroup": "Luoghi di Culto", "subcategory": "Chiesa"}, "geometry": {"type": "Point", "coordinates": [11.14976, 44.042211]}}, {"type": "Feature", "properties": {"wikidata": "Q3673664", "name": "chiesa di Santa Maria degli Angiolini", "status": "done", "osm_id": "way/306486070", "group": "Religione", "subgroup": "Luoghi di Culto", "subcategory": "Chiesa"}, "geometry": {"type": "Point", "coordinates": [11.2636, 43.7755]}}, {"type": "Feature", "properties": {"wikidata": "Q3673579", "name": "chiesa di Santa Maria a Olmi", "status": "done", "osm_id": "way/516465433", "group": "Religione", "subgroup": "Luoghi di Culto", "subcategory": "Chiesa"}, "geometry": {"type": "Point", "coordinates": [11.388444, 43.9415]}}, {"type": "Feature", "properties": {"wikidata": "Q3672731", "name": "chiesa di Sant'Apollinare alle Ville", "status": "done", "osm_id": "way/720381505", "group": "Religione", "subgroup": "Luoghi di Culto", "subcategory": "Chiesa"}, "geometry": {"type": "Point", "coordinates": [12.07306, 43.48561]}}, {"type": "Feature", "properties": {"wikidata": "Q3673686", "name": "chiesa di Santa Maria dei Servi", "status": "done", "osm_id": "way/722765650", "group": "Religione", "subgroup": "Luoghi di Culto", "subcategory": "Chiesa"}, "geometry": {"type": "Point", "coordinates": [11.779309, 43.089976]}}, {"type": "Feature", "properties": {"wikidata": "Q3673580", "name": "chiesa di Santa Maria a Novoli", "status": "done", "osm_id": "way/307536891", "group": "Religione", "subgroup": "Luoghi di Culto", "subcategory": "Chiesa"}, "geometry": {"type": "Point", "coordinates": [11.218549291, 43.796069045]}}, {"type": "Feature", "properties": {"wikidata": "Q3673592", "name": "chiesa di Santa Maria a Poneta", "status": "missing", "osm_id": null, "group": "Religione", "subgroup": "Luoghi di Culto", "subcategory": "Chiesa"}, "geometry": {"type": "Point", "coordinates": [11.12274167, 43.51338056]}}, {"type": "Feature", "properties": {"wikidata": "Q3673734", "name": "chiesa di Santa Maria del Fiore a Lapo", "status": "done", "osm_id": "way/305870361", "group": "Religione", "subgroup": "Luoghi di Culto", "subcategory": "Chiesa"}, "geometry": {"type": "Point", "coordinates": [11.27415, 43.797937]}}, {"type": "Feature", "properties": {"wikidata": "Q3673578", "name": "chiesa di Santa Maria a Morello", "status": "done", "osm_id": "way/214796273", "group": "Religione", "subgroup": "Luoghi di Culto", "subcategory": "Chiesa"}, "geometry": {"type": "Point", "coordinates": [11.2152, 43.8674]}}, {"type": "Feature", "properties": {"wikidata": "Q3673605", "name": "chiesa di Santa Maria", "status": "done", "osm_id": "way/833504460", "group": "Religione", "subgroup": "Luoghi di Culto", "subcategory": "Chiesa"}, "geometry": {"type": "Point", "coordinates": [10.52582778, 43.91649444]}}, {"type": "Feature", "properties": {"wikidata": "Q3672732", "name": "chiesa di Sant'Apollinare", "status": "missing", "osm_id": null, "group": "Religione", "subgroup": "Luoghi di Culto", "subcategory": "Chiesa"}, "geometry": {"type": "Point", "coordinates": [9.843619, 44.294653]}}, {"type": "Feature", "properties": {"wikidata": "Q3673581", "name": "chiesa di Santa Maria a Peneto", "status": "missing", "osm_id": null, "group": "Religione", "subgroup": "Luoghi di Culto", "subcategory": "Chiesa"}, "geometry": {"type": "Point", "coordinates": [11.945281, 43.448969]}}, {"type": "Feature", "properties": {"wikidata": "Q3673606", "name": "chiesa di Santa Maria a Sicille", "status": "missing", "osm_id": null, "group": "Religione", "subgroup": "Luoghi di Culto", "subcategory": "Chiesa"}, "geometry": {"type": "Point", "coordinates": [11.70443, 43.16191]}}, {"type": "Feature", "properties": {"wikidata": "Q3673712", "name": "chiesa di Santa Maria del Carmine", "status": "done", "osm_id": "way/156075405", "group": "Religione", "subgroup": "Luoghi di Culto", "subcategory": "Chiesa"}, "geometry": {"type": "Point", "coordinates": [10.40053, 43.71292]}}, {"type": "Feature", "properties": {"wikidata": "Q3673577", "name": "chiesa di Santa Maria", "status": "done", "osm_id": "way/340301383", "group": "Religione", "subgroup": "Luoghi di Culto", "subcategory": "Chiesa"}, "geometry": {"type": "Point", "coordinates": [11.42124, 43.96882]}}, {"type": "Feature", "properties": {"wikidata": "Q3672726", "name": "chiesa di Sant'Apollinare", "status": "missing", "osm_id": null, "group": "Religione", "subgroup": "Luoghi di Culto", "subcategory": "Chiesa"}, "geometry": {"type": "Point", "coordinates": [11.946035, 43.016001]}}, {"type": "Feature", "properties": {"wikidata": "Q3672635", "name": "chiesa di Sant'Antonio Abate", "status": "missing", "osm_id": null, "group": "Religione", "subgroup": "Luoghi di Culto", "subcategory": "Chiesa"}, "geometry": {"type": "Point", "coordinates": [11.56831667, 43.52425]}}, {"type": "Feature", "properties": {"wikidata": "Q3673627", "name": "chiesa di Santa Maria al Giglio", "status": "done", "osm_id": "way/384018196", "group": "Religione", "subgroup": "Luoghi di Culto", "subcategory": "Chiesa"}, "geometry": {"type": "Point", "coordinates": [11.56219, 43.52842]}}, {"type": "Feature", "properties": {"wikidata": "Q3673614", "name": "chiesa di Santa Maria a Vico", "status": "missing", "osm_id": null, "group": "Religione", "subgroup": "Luoghi di Culto", "subcategory": "Chiesa"}, "geometry": {"type": "Point", "coordinates": [11.30833333, 42.88333333]}}, {"type": "Feature", "properties": {"wikidata": "Q3673554", "name": "chiesa di Santa Maria a Cintoia", "status": "done", "osm_id": "way/110198918", "group": "Religione", "subgroup": "Luoghi di Culto", "subcategory": "Chiesa"}, "geometry": {"type": "Point", "coordinates": [11.34226389, 43.63399167]}}, {"type": "Feature", "properties": {"wikidata": "Q3673660", "name": "chiesa di Santa Maria degli Angeli", "status": "done", "osm_id": "way/394960175", "group": "Religione", "subgroup": "Luoghi di Culto", "subcategory": "Chiesa"}, "geometry": {"type": "Point", "coordinates": [10.912361111, 43.933944444]}}, {"type": "Feature", "properties": {"wikidata": "Q3673594", "name": "chiesa di Santa Maria", "status": "done", "osm_id": "way/220218086", "group": "Religione", "subgroup": "Luoghi di Culto", "subcategory": "Chiesa"}, "geometry": {"type": "Point", "coordinates": [11.422883, 44.002257]}}, {"type": "Feature", "properties": {"wikidata": "Q3673548", "name": "chiesa di Santa Maria a Casavecchia", "status": "done", "osm_id": "way/71888895", "group": "Religione", "subgroup": "Luoghi di Culto", "subcategory": "Chiesa"}, "geometry": {"type": "Point", "coordinates": [11.1967, 43.67367]}}, {"type": "Feature", "properties": {"wikidata": "Q3673598", "name": "chiesa di Santa Maria a Radi", "status": "done", "osm_id": "way/120209836", "group": "Religione", "subgroup": "Luoghi di Culto", "subcategory": "Chiesa"}, "geometry": {"type": "Point", "coordinates": [11.1546, 43.27973]}}, {"type": "Feature", "properties": {"wikidata": "Q3673564", "name": "chiesa di Santa Maria a Gradi", "status": "done", "osm_id": "way/238967060", "group": "Religione", "subgroup": "Luoghi di Culto", "subcategory": "Chiesa"}, "geometry": {"type": "Point", "coordinates": [11.8796677, 43.4677914]}}, {"type": "Feature", "properties": {"wikidata": "Q3672682", "name": "chiesa di Sant'Antonio Abate", "status": "done", "osm_id": "way/150277379", "group": "Religione", "subgroup": "Luoghi di Culto", "subcategory": "Chiesa"}, "geometry": {"type": "Point", "coordinates": [10.39797, 43.71099]}}, {"type": "Feature", "properties": {"wikidata": "Q3673613", "name": "chiesa di Santa Maria a Vicchiomaggio", "status": "done", "osm_id": "way/96352078", "group": "Religione", "subgroup": "Luoghi di Culto", "subcategory": "Chiesa"}, "geometry": {"type": "Point", "coordinates": [11.28606111, 43.60992778]}}, {"type": "Feature", "properties": {"wikidata": "Q3673615", "name": "chiesa di Santa Maria ad Agnano", "status": "done", "osm_id": "way/387882015", "group": "Religione", "subgroup": "Luoghi di Culto", "subcategory": "Chiesa"}, "geometry": {"type": "Point", "coordinates": [11.555126, 43.900651]}}, {"type": "Feature", "properties": {"wikidata": "Q3673645", "name": "chiesa di Santa Maria degli Alberighi", "status": "missing", "osm_id": null, "group": "Religione", "subgroup": "Luoghi di Culto", "subcategory": "Ex chiesa"}, "geometry": {"type": "Point", "coordinates": [11.25639722, 43.77178333]}}, {"type": "Feature", "properties": {"wikidata": "Q3673575", "name": "chiesa di Santa Maria a Marignolle", "status": "done", "osm_id": "way/256481519", "group": "Religione", "subgroup": "Luoghi di Culto", "subcategory": "Chiesa"}, "geometry": {"type": "Point", "coordinates": [11.21646, 43.74966]}}, {"type": "Feature", "properties": {"wikidata": "Q3672695", "name": "chiesa di Sant'Antonio abate a Saione", "status": "done", "osm_id": "way/721967983", "group": "Religione", "subgroup": "Luoghi di Culto", "subcategory": "Chiesa"}, "geometry": {"type": "Point", "coordinates": [11.87441, 43.45789]}}, {"type": "Feature", "properties": {"wikidata": "Q3673629", "name": "chiesa di Santa Maria al Pignone", "status": "done", "osm_id": "way/305673947", "group": "Religione", "subgroup": "Luoghi di Culto", "subcategory": "Chiesa"}, "geometry": {"type": "Point", "coordinates": [11.235339, 43.772972]}}, {"type": "Feature", "properties": {"wikidata": "Q3673540", "name": "chiesa di Santa Maria a Bibbione", "status": "missing", "osm_id": null, "group": "Religione", "subgroup": "Luoghi di Culto", "subcategory": "Chiesa"}, "geometry": {"type": "Point", "coordinates": [11.18811111, 43.63253889]}}, {"type": "Feature", "properties": {"wikidata": "Q3673585", "name": "chiesa di Santa Maria a Pernina", "status": "done", "osm_id": "relation/9990947", "group": "Religione", "subgroup": "Luoghi di Culto", "subcategory": "Chiesa"}, "geometry": {"type": "Point", "coordinates": [11.594381, 43.561154]}}, {"type": "Feature", "properties": {"wikidata": "Q3673690", "name": "chiesa di Santa Maria dei Servi", "status": "done", "osm_id": "way/164511686", "group": "Religione", "subgroup": "Luoghi di Culto", "subcategory": "Chiesa"}, "geometry": {"type": "Point", "coordinates": [12.14006519, 43.56920624]}}, {"type": "Feature", "properties": {"wikidata": "Q3673632", "name": "chiesa di Santa Maria all'Eremo", "status": "done", "osm_id": "way/387883847", "group": "Religione", "subgroup": "Luoghi di Culto", "subcategory": "Chiesa"}, "geometry": {"type": "Point", "coordinates": [11.64654, 43.96385]}}, {"type": "Feature", "properties": {"wikidata": "Q3672722", "name": "chiesa di Sant'Antonio in Qualconia", "status": "done", "osm_id": "way/316598987", "group": "Religione", "subgroup": "Luoghi di Culto", "subcategory": "Ex chiesa"}, "geometry": {"type": "Point", "coordinates": [10.39464, 43.71311]}}, {"type": "Feature", "properties": {"wikidata": "Q3672709", "name": "chiesa di Sant'Antonio da Padova", "status": "missing", "osm_id": null, "group": "Religione", "subgroup": "Luoghi di Culto", "subcategory": "Chiesa"}, "geometry": {"type": "Point", "coordinates": [11.3331, 43.3196]}}, {"type": "Feature", "properties": {"wikidata": "Q3673710", "name": "chiesa di Santa Maria del Carmine", "status": "done", "osm_id": "way/146883341", "group": "Religione", "subgroup": "Luoghi di Culto", "subcategory": "Chiesa"}, "geometry": {"type": "Point", "coordinates": [11.20507, 43.5607]}}, {"type": "Feature", "properties": {"wikidata": "Q3673604", "name": "chiesa di Santa Maria a Sammontana", "status": "done", "osm_id": "way/279546176", "group": "Religione", "subgroup": "Luoghi di Culto", "subcategory": "Chiesa"}, "geometry": {"type": "Point", "coordinates": [11.0077, 43.71515]}}, {"type": "Feature", "properties": {"wikidata": "Q3672664", "name": "chiesa di Sant'Antonio abate", "status": "missing", "osm_id": null, "group": "Religione", "subgroup": "Luoghi di Culto", "subcategory": "Ex chiesa"}, "geometry": {"type": "Point", "coordinates": [11.27563889, 42.88261111]}}, {"type": "Feature", "properties": {"wikidata": "Q3673569", "name": "Santa Maria a Lamole", "status": "done", "osm_id": "way/393329331", "group": "Religione", "subgroup": "Luoghi di Culto", "subcategory": "Chiesa"}, "geometry": {"type": "Point", "coordinates": [11.059024, 43.757155]}}, {"type": "Feature", "properties": {"wikidata": "Q3673597", "name": "chiesa di Santa Maria a Quinto", "status": "done", "osm_id": "way/113469097", "group": "Religione", "subgroup": "Luoghi di Culto", "subcategory": "Chiesa"}, "geometry": {"type": "Point", "coordinates": [11.2203, 43.8299]}}, {"type": "Feature", "properties": {"wikidata": "Q3673571", "name": "chiesa di Santa Maria a Lungotuono", "status": "done", "osm_id": "way/1420681850", "group": "Religione", "subgroup": "Luoghi di Culto", "subcategory": "Chiesa"}, "geometry": {"type": "Point", "coordinates": [10.9515, 43.61364]}}, {"type": "Feature", "properties": {"wikidata": "Q3673582", "name": "chiesa di Santa Maria", "status": "done", "osm_id": "way/250066901", "group": "Religione", "subgroup": "Luoghi di Culto", "subcategory": "Chiesa"}, "geometry": {"type": "Point", "coordinates": [11.267027, 43.885434]}}, {"type": "Feature", "properties": {"wikidata": "Q3673607", "name": "chiesa di Santa Maria a Soffiano", "status": "done", "osm_id": "way/305675339", "group": "Religione", "subgroup": "Luoghi di Culto", "subcategory": "Chiesa"}, "geometry": {"type": "Point", "coordinates": [11.2122, 43.75982]}}, {"type": "Feature", "properties": {"wikidata": "Q3673541", "name": "chiesa di Santa Maria", "status": "done", "osm_id": "way/699047517", "group": "Religione", "subgroup": "Luoghi di Culto", "subcategory": "Chiesa"}, "geometry": {"type": "Point", "coordinates": [11.08553, 43.85346]}}, {"type": "Feature", "properties": {"wikidata": "Q3673546", "name": "chiesa di Santa Maria", "status": "done", "osm_id": "way/711385033", "group": "Religione", "subgroup": "Luoghi di Culto", "subcategory": "Chiesa"}, "geometry": {"type": "Point", "coordinates": [11.05848, 43.88176]}}, {"type": "Feature", "properties": {"wikidata": "Q3672660", "name": "chiesa di Sant'Antonio Abate", "status": "done", "osm_id": "way/715599859", "group": "Religione", "subgroup": "Luoghi di Culto", "subcategory": "Chiesa"}, "geometry": {"type": "Point", "coordinates": [11.10593611, 42.66722778]}}, {"type": "Feature", "properties": {"wikidata": "Q3672674", "name": "chiesa di Sant'Antonio abate", "status": "done", "osm_id": "way/713911461", "group": "Religione", "subgroup": "Luoghi di Culto", "subcategory": "Chiesa"}, "geometry": {"type": "Point", "coordinates": [11.48777, 43.05782]}}, {"type": "Feature", "properties": {"wikidata": "Q3673611", "name": "chiesa di Santa Maria", "status": "done", "osm_id": "way/172151313", "group": "Religione", "subgroup": "Luoghi di Culto", "subcategory": "Chiesa"}, "geometry": {"type": "Point", "coordinates": [11.15817, 43.88198]}}, {"type": "Feature", "properties": {"wikidata": "Q3673602", "name": "chiesa di Santa Maria a Ripalta", "status": "done", "osm_id": "way/394960150", "group": "Religione", "subgroup": "Luoghi di Culto", "subcategory": "Chiesa"}, "geometry": {"type": "Point", "coordinates": [10.913655555, 43.936591666]}}, {"type": "Feature", "properties": {"wikidata": "Q3673595", "name": "chiesa di Santa Maria a Quarto", "status": "done", "osm_id": "way/305822225", "group": "Religione", "subgroup": "Luoghi di Culto", "subcategory": "Chiesa"}, "geometry": {"type": "Point", "coordinates": [11.24085, 43.81875]}}, {"type": "Feature", "properties": {"wikidata": "Q3673573", "name": "chiesa di Santa Maria a Mantignano", "status": "done", "osm_id": "way/306224639", "group": "Religione", "subgroup": "Luoghi di Culto", "subcategory": "Chiesa"}, "geometry": {"type": "Point", "coordinates": [11.17673, 43.78305]}}, {"type": "Feature", "properties": {"wikidata": "Q3673584", "name": "chiesa di Santa Maria a Peretola", "status": "done", "osm_id": "way/306219390", "group": "Religione", "subgroup": "Luoghi di Culto", "subcategory": "Chiesa"}, "geometry": {"type": "Point", "coordinates": [11.19726, 43.79725]}}, {"type": "Feature", "properties": {"wikidata": "Q3673557", "name": "chiesa di Santa Maria a Coverciano", "status": "done", "osm_id": "way/464509039", "group": "Religione", "subgroup": "Luoghi di Culto", "subcategory": "Chiesa"}, "geometry": {"type": "Point", "coordinates": [11.29541, 43.77771]}}, {"type": "Feature", "properties": {"wikidata": "Q3673713", "name": "chiesa di Santa Maria del Carmine", "status": "done", "osm_id": "way/234094070", "group": "Religione", "subgroup": "Luoghi di Culto", "subcategory": "Chiesa"}, "geometry": {"type": "Point", "coordinates": [10.916522, 43.936249]}}, {"type": "Feature", "properties": {"wikidata": "Q3672711", "name": "chiesa di Sant'Antonio da Padova alla Trappola", "status": "missing", "osm_id": null, "group": "Religione", "subgroup": "Luoghi di Culto", "subcategory": "Chiesa"}, "geometry": {"type": "Point", "coordinates": [11.03706389, 42.68186111]}}, {"type": "Feature", "properties": {"wikidata": "Q3673549", "name": "chiesa di Santa Maria a Castagnolo", "status": "done", "osm_id": "way/155419742", "group": "Religione", "subgroup": "Luoghi di Culto", "subcategory": "Chiesa"}, "geometry": {"type": "Point", "coordinates": [11.11843, 43.76645]}}, {"type": "Feature", "properties": {"wikidata": "Q3673542", "name": "chiesa di Santa Maria Cafaggiolo", "status": "done", "osm_id": "way/402949240", "group": "Religione", "subgroup": "Luoghi di Culto", "subcategory": "Chiesa"}, "geometry": {"type": "Point", "coordinates": [11.295243, 43.966013]}}, {"type": "Feature", "properties": {"wikidata": "Q3673576", "name": "chiesa di Santa Maria", "status": "done", "osm_id": "way/181264274", "group": "Religione", "subgroup": "Luoghi di Culto", "subcategory": "Chiesa"}, "geometry": {"type": "Point", "coordinates": [11.24451, 43.59474]}}, {"type": "Feature", "properties": {"wikidata": "Q3673618", "name": "chiesa di Santa Maria ad Balnea", "status": "done", "osm_id": "way/1254067194", "group": "Religione", "subgroup": "Luoghi di Culto", "subcategory": "Chiesa"}, "geometry": {"type": "Point", "coordinates": [11.87716, 42.86035]}}, {"type": "Feature", "properties": {"wikidata": "Q3672784", "name": "chiesa di Sant'Elisabetta della Visitazione", "status": "done", "osm_id": "way/53268556", "group": "Religione", "subgroup": "Luoghi di Culto", "subcategory": "Chiesa"}, "geometry": {"type": "Point", "coordinates": [11.3331, 43.3221]}}, {"type": "Feature", "properties": {"wikidata": "Q3673555", "name": "chiesa di Santa Maria a Collebarucci", "status": "done", "osm_id": "way/558910922", "group": "Altro", "subgroup": "Altro", "subcategory": "Altro"}, "geometry": {"type": "Point", "coordinates": [11.2758, 43.9863]}}, {"type": "Feature", "properties": {"wikidata": "Q3673563", "name": "chiesa di Santa Maria a Frena", "status": "done", "osm_id": "way/908076489", "group": "Religione", "subgroup": "Luoghi di Culto", "subcategory": "Chiesa"}, "geometry": {"type": "Point", "coordinates": [11.41118, 44.10503]}}, {"type": "Feature", "properties": {"wikidata": "Q3673539", "name": "chiesa di Santa Maria", "status": "done", "osm_id": "way/154507367", "group": "Religione", "subgroup": "Luoghi di Culto", "subcategory": "Chiesa"}, "geometry": {"type": "Point", "coordinates": [11.17564, 43.66139]}}, {"type": "Feature", "properties": {"wikidata": "Q3672756", "name": "chiesa di Sant'Egidio", "status": "done", "osm_id": "way/713911845", "group": "Religione", "subgroup": "Luoghi di Culto", "subcategory": "Chiesa"}, "geometry": {"type": "Point", "coordinates": [11.4905, 43.0568]}}, {"type": "Feature", "properties": {"wikidata": "Q3672617", "name": "chiesa di Sant'Antonio", "status": "done", "osm_id": "way/1091310705", "group": "Religione", "subgroup": "Luoghi di Culto", "subcategory": "Chiesa"}, "geometry": {"type": "Point", "coordinates": [10.25302, 43.86808]}}, {"type": "Feature", "properties": {"wikidata": "Q3673668", "name": "chiesa di Santa Maria dei Battilani", "status": "done", "osm_id": "way/1331713463", "group": "Religione", "subgroup": "Luoghi di Culto", "subcategory": "Ex chiesa"}, "geometry": {"type": "Point", "coordinates": [11.257167, 43.779985]}}, {"type": "Feature", "properties": {"wikidata": "Q3673612", "name": "chiesa di Santa Maria a Vezzano", "status": "done", "osm_id": "way/388317446", "group": "Religione", "subgroup": "Luoghi di Culto", "subcategory": "Chiesa"}, "geometry": {"type": "Point", "coordinates": [11.448869, 43.98607]}}, {"type": "Feature", "properties": {"wikidata": "Q3672658", "name": "chiesa di Sant'Antonio a Reggiana", "status": "done", "osm_id": "way/327111649", "group": "Religione", "subgroup": "Luoghi di Culto", "subcategory": "Chiesa"}, "geometry": {"type": "Point", "coordinates": [11.07013333, 43.87378056]}}, {"type": "Feature", "properties": {"wikidata": "Q3673620", "name": "chiesa di Santa Maria a Vincigliata", "status": "missing", "osm_id": null, "group": "Religione", "subgroup": "Luoghi di Culto", "subcategory": "Chiesa"}, "geometry": {"type": "Point", "coordinates": [11.31811944, 43.79596111]}}, {"type": "Feature", "properties": {"wikidata": "Q3673665", "name": "chiesa di Santa Maria degli Ughi", "status": "missing", "osm_id": null, "group": "Religione", "subgroup": "Luoghi di Culto", "subcategory": "Chiesa"}, "geometry": {"type": "Point", "coordinates": [11.25233871, 43.7710852]}}, {"type": "Feature", "properties": {"wikidata": "Q3890226", "name": "Palazzo Giuli Rosselmini Gualandi", "status": "done", "osm_id": "way/1280902660", "group": "Cultura e tempo libero", "subgroup": "Musei", "subcategory": "Casa museo"}, "geometry": {"type": "Point", "coordinates": [10.39974, 43.71565]}}, {"type": "Feature", "properties": {"wikidata": "Q3890605", "name": "Palazzo Pannilini", "status": "done", "osm_id": "way/1296717246", "group": "Dimore ed edifici", "subgroup": "Residenze", "subcategory": "Palazzo"}, "geometry": {"type": "Point", "coordinates": [11.331146, 43.315143]}}, {"type": "Feature", "properties": {"wikidata": "Q3890431", "name": "Palazzo Martelli", "status": "done", "osm_id": "relation/4101351", "group": "Dimore ed edifici", "subgroup": "Residenze", "subcategory": "Palazzo"}, "geometry": {"type": "Point", "coordinates": [11.253374, 43.774035]}}, {"type": "Feature", "properties": {"wikidata": "Q3890467", "name": "Palazzo Medici-Soderini", "status": "done", "osm_id": "way/306798517", "group": "Dimore ed edifici", "subgroup": "Residenze", "subcategory": "Palazzo"}, "geometry": {"type": "Point", "coordinates": [11.24716111, 43.76948333]}}, {"type": "Feature", "properties": {"wikidata": "Q3860434", "name": "monastero della Santissima Annunziata", "status": "done", "osm_id": "relation/5265517", "group": "Religione", "subgroup": "Vita Monastica", "subcategory": "Monastero"}, "geometry": {"type": "Point", "coordinates": [11.2004, 43.6214]}}, {"type": "Feature", "properties": {"wikidata": "Q3890607", "name": "Palazzo Pannocchieschi", "status": "missing", "osm_id": null, "group": "Dimore ed edifici", "subgroup": "Residenze", "subcategory": "Palazzo"}, "geometry": {"type": "Point", "coordinates": [10.888138888, 43.050694444]}}, {"type": "Feature", "properties": {"wikidata": "Q3890284", "name": "palazzo INAIL", "status": "done", "osm_id": "way/237453057", "group": "Dimore ed edifici", "subgroup": "Residenze", "subcategory": "Palazzo"}, "geometry": {"type": "Point", "coordinates": [10.4077, 43.71682]}}, {"type": "Feature", "properties": {"wikidata": "Q3890606", "name": "Palazzo Pannocchieschi", "status": "done", "osm_id": "way/306811224", "group": "Dimore ed edifici", "subgroup": "Residenze", "subcategory": "Palazzo"}, "geometry": {"type": "Point", "coordinates": [11.24864722, 43.76685278]}}, {"type": "Feature", "properties": {"wikidata": "Q3890396", "name": "Palazzo Malfatti", "status": "missing", "osm_id": null, "group": "Dimore ed edifici", "subgroup": "Residenze", "subcategory": "Palazzo"}, "geometry": {"type": "Point", "coordinates": [10.88825, 43.050361111]}}, {"type": "Feature", "properties": {"wikidata": "Q3890275", "name": "Palazzo Guadagni", "status": "done", "osm_id": "way/306798512", "group": "Dimore ed edifici", "subgroup": "Residenze", "subcategory": "Palazzo italiano"}, "geometry": {"type": "Point", "coordinates": [11.247269, 43.766114]}}, {"type": "Feature", "properties": {"wikidata": "Q3890448", "name": "Palazzo Massoni", "status": "missing", "osm_id": null, "group": "Dimore ed edifici", "subgroup": "Residenze", "subcategory": "Palazzo"}, "geometry": {"type": "Point", "coordinates": [10.50803889, 43.84305556]}}, {"type": "Feature", "properties": {"wikidata": "Q3890328", "name": "Palazzo Lazzerini", "status": "missing", "osm_id": null, "group": "Dimore ed edifici", "subgroup": "Residenze", "subcategory": "Palazzo"}, "geometry": {"type": "Point", "coordinates": [11.56651389, 43.52546667]}}, {"type": "Feature", "properties": {"wikidata": "Q3860427", "name": "monastero dell'Arcangelo Raffaello", "status": "missing", "osm_id": null, "group": "Religione", "subgroup": "Luoghi di Culto", "subcategory": "Ex chiesa"}, "geometry": {"type": "Point", "coordinates": [11.24093889, 43.77044722]}}, {"type": "Feature", "properties": {"wikidata": "Q3890482", "name": "Palazzo Michelozzi", "status": "done", "osm_id": "way/306798518", "group": "Dimore ed edifici", "subgroup": "Residenze", "subcategory": "Palazzo italiano"}, "geometry": {"type": "Point", "coordinates": [11.24929444, 43.76709444]}}, {"type": "Feature", "properties": {"wikidata": "Q3890404", "name": "Palazzo Malenchini Alberti", "status": "done", "osm_id": "relation/1605477", "group": "Dimore ed edifici", "subgroup": "Residenze", "subcategory": "Palazzo italiano"}, "geometry": {"type": "Point", "coordinates": [11.258975, 43.767075]}}, {"type": "Feature", "properties": {"wikidata": "Q3890224", "name": "Palazzo Giugni", "status": "done", "osm_id": "way/307545800", "group": "Dimore ed edifici", "subgroup": "Residenze", "subcategory": "Palazzo italiano"}, "geometry": {"type": "Point", "coordinates": [11.25628611, 43.77029167]}}, {"type": "Feature", "properties": {"wikidata": "Q3890465", "name": "Palazzo Mediceo", "status": "done", "osm_id": "way/71859839", "group": "Dimore ed edifici", "subgroup": "Residenze", "subcategory": "Palazzo"}, "geometry": {"type": "Point", "coordinates": [10.304478, 43.552016]}}, {"type": "Feature", "properties": {"wikidata": "Q3860428", "name": "monastero della Crocetta", "status": "missing", "osm_id": null, "group": "Religione", "subgroup": "Vita Monastica", "subcategory": "Monastero"}, "geometry": {"type": "Point", "coordinates": [11.263968, 43.775739]}}, {"type": "Feature", "properties": {"wikidata": "Q3890367", "name": "palazzo Maccari", "status": "done", "osm_id": "way/1177323154", "group": "Dimore ed edifici", "subgroup": "Residenze", "subcategory": "Palazzo"}, "geometry": {"type": "Point", "coordinates": [11.32502778, 43.32770556]}}, {"type": "Feature", "properties": {"wikidata": "Q3890558", "name": "Palazzo Nobili-Tarugi", "status": "done", "osm_id": "way/800497055", "group": "Dimore ed edifici", "subgroup": "Residenze", "subcategory": "Palazzo"}, "geometry": {"type": "Point", "coordinates": [11.781287, 43.092779]}}, {"type": "Feature", "properties": {"wikidata": "Q3890250", "name": "Palazzo Grande", "status": "done", "osm_id": "way/30924337", "group": "Altro", "subgroup": "Altro", "subcategory": "Altro"}, "geometry": {"type": "Point", "coordinates": [10.308791, 43.551215]}}, {"type": "Feature", "properties": {"wikidata": "Q3860456", "name": "monastero di Camaldoli", "status": "done", "osm_id": "relation/3250430", "group": "Religione", "subgroup": "Vita Monastica", "subcategory": "Monastero"}, "geometry": {"type": "Point", "coordinates": [11.82058889, 43.79348889]}}, {"type": "Feature", "properties": {"wikidata": "Q3890449", "name": "Palazzo Maurogordato", "status": "done", "osm_id": "relation/1848367", "group": "Dimore ed edifici", "subgroup": "Residenze", "subcategory": "Palazzo"}, "geometry": {"type": "Point", "coordinates": [10.307209, 43.548124]}}, {"type": "Feature", "properties": {"wikidata": "Q3890368", "name": "Palazzo Machiavelli", "status": "done", "osm_id": "way/306798513", "group": "Dimore ed edifici", "subgroup": "Residenze", "subcategory": "Palazzo"}, "geometry": {"type": "Point", "coordinates": [11.248905555, 43.768252777]}}, {"type": "Feature", "properties": {"wikidata": "Q3890529", "name": "palazzo Moschini", "status": "done", "osm_id": "way/485044182", "group": "Dimore ed edifici", "subgroup": "Residenze", "subcategory": "Palazzo"}, "geometry": {"type": "Point", "coordinates": [11.112767415, 42.761500794]}}, {"type": "Feature", "properties": {"wikidata": "Q3890280", "name": "Palazzo Guicciardini", "status": "done", "osm_id": "relation/4095185", "group": "Dimore ed edifici", "subgroup": "Residenze", "subcategory": "Palazzo italiano"}, "geometry": {"type": "Point", "coordinates": [11.2511, 43.76654167]}}, {"type": "Feature", "properties": {"wikidata": "Q3890468", "name": "Palazzo Medici Tornaquinci", "status": "done", "osm_id": "way/307174626", "group": "Dimore ed edifici", "subgroup": "Residenze", "subcategory": "Palazzo italiano"}, "geometry": {"type": "Point", "coordinates": [11.25156667, 43.77066111]}}, {"type": "Feature", "properties": {"wikidata": "Q3890557", "name": "Palazzo Niccolini", "status": "done", "osm_id": "relation/4107736", "group": "Dimore ed edifici", "subgroup": "Residenze", "subcategory": "Palazzo italiano"}, "geometry": {"type": "Point", "coordinates": [11.258847, 43.774933]}}, {"type": "Feature", "properties": {"wikidata": "Q3890473", "name": "Palazzo Medici", "status": "done", "osm_id": "way/105586443", "group": "Dimore ed edifici", "subgroup": "Residenze", "subcategory": "Palazzo"}, "geometry": {"type": "Point", "coordinates": [10.40716, 43.71468]}}, {"type": "Feature", "properties": {"wikidata": "Q3890318", "name": "Palazzo Lanfranchi", "status": "done", "osm_id": "way/266178515", "group": "Dimore ed edifici", "subgroup": "Residenze", "subcategory": "Palazzo"}, "geometry": {"type": "Point", "coordinates": [10.4052, 43.7138]}}, {"type": "Feature", "properties": {"wikidata": "Q3890299", "name": "Palazzo Jacometti-Ciofi", "status": "done", "osm_id": "way/306984417", "group": "Dimore ed edifici", "subgroup": "Residenze", "subcategory": "Palazzo italiano"}, "geometry": {"type": "Point", "coordinates": [11.262292, 43.769998]}}, {"type": "Feature", "properties": {"wikidata": "Q3860429", "name": "monastero della Santa Croce", "status": "missing", "osm_id": null, "group": "Religione", "subgroup": "Vita Monastica", "subcategory": "Monastero"}, "geometry": {"type": "Point", "coordinates": [11.47255833, 43.61857778]}}, {"type": "Feature", "properties": {"wikidata": "Q3890615", "name": "Palazzo Pasquali", "status": "done", "osm_id": "relation/4101350", "group": "Dimore ed edifici", "subgroup": "Residenze", "subcategory": "Palazzo italiano"}, "geometry": {"type": "Point", "coordinates": [11.25171667, 43.77288611]}}, {"type": "Feature", "properties": {"wikidata": "Q3890335", "name": "Palazzo Lenzi", "status": "done", "osm_id": "way/307320369", "group": "Cultura e tempo libero", "subgroup": "Spettacolo", "subcategory": "Teatro"}, "geometry": {"type": "Point", "coordinates": [11.24528333, 43.772475]}}, {"type": "Feature", "properties": {"wikidata": "Q3890609", "name": "Palazzo Panciatichi", "status": "done", "osm_id": "way/306252402", "group": "Dimore ed edifici", "subgroup": "Residenze", "subcategory": "Palazzo"}, "geometry": {"type": "Point", "coordinates": [11.25638889, 43.77472222]}}, {"type": "Feature", "properties": {"wikidata": "Q3890527", "name": "Palazzo Mosca", "status": "done", "osm_id": "way/669767001", "group": "Dimore ed edifici", "subgroup": "Residenze", "subcategory": "Palazzo italiano"}, "geometry": {"type": "Point", "coordinates": [10.400425, 43.71557778]}}, {"type": "Feature", "properties": {"wikidata": "Q3890360", "name": "Palazzo Luci", "status": "done", "osm_id": "way/714708492", "group": "Dimore ed edifici", "subgroup": "Residenze", "subcategory": "Palazzo"}, "geometry": {"type": "Point", "coordinates": [11.11904, 43.42174]}}, {"type": "Feature", "properties": {"wikidata": "Q3890255", "name": "Palazzo Grassi", "status": "done", "osm_id": "way/700312801", "group": "Dimore ed edifici", "subgroup": "Residenze", "subcategory": "Palazzo"}, "geometry": {"type": "Point", "coordinates": [10.4054, 43.71543]}}, {"type": "Feature", "properties": {"wikidata": "Q3890572", "name": "Palazzo Orsetti", "status": "done", "osm_id": "relation/2403839", "group": "Dimore ed edifici", "subgroup": "Residenze", "subcategory": "Palazzo"}, "geometry": {"type": "Point", "coordinates": [10.50175, 43.844277777]}}, {"type": "Feature", "properties": {"wikidata": "Q3890305", "name": "Palazzo Jennings Riccioli", "status": "done", "osm_id": "relation/4484941", "group": "Dimore ed edifici", "subgroup": "Residenze", "subcategory": "Palazzo italiano"}, "geometry": {"type": "Point", "coordinates": [11.261549, 43.766873]}}, {"type": "Feature", "properties": {"wikidata": "Q3890444", "name": "Palazzo Marzocco", "status": "missing", "osm_id": null, "group": "Dimore ed edifici", "subgroup": "Residenze", "subcategory": "Palazzo"}, "geometry": {"type": "Point", "coordinates": [12.056481, 43.540968]}}, {"type": "Feature", "properties": {"wikidata": "Q3860443", "name": "monastero delle Camaldolesi", "status": "missing", "osm_id": null, "group": "Religione", "subgroup": "Vita Monastica", "subcategory": "Monastero"}, "geometry": {"type": "Point", "coordinates": [11.768494, 43.723202]}}, {"type": "Feature", "properties": {"wikidata": "Q3890476", "name": "Palazzo Mellini-Fossi", "status": "missing", "osm_id": null, "group": "Dimore ed edifici", "subgroup": "Residenze", "subcategory": "Palazzo italiano"}, "geometry": {"type": "Point", "coordinates": [11.26058333, 43.76868611]}}, {"type": "Feature", "properties": {"wikidata": "Q3890544", "name": "Palazzo Naldini del Riccio", "status": "done", "osm_id": "way/307544530", "group": "Dimore ed edifici", "subgroup": "Residenze", "subcategory": "Palazzo italiano"}, "geometry": {"type": "Point", "coordinates": [11.25755833, 43.7736]}}, {"type": "Feature", "properties": {"wikidata": "Q3890286", "name": "Palazzo Huigens", "status": "done", "osm_id": "relation/8086285", "group": "Dimore ed edifici", "subgroup": "Residenze", "subcategory": "Palazzo"}, "geometry": {"type": "Point", "coordinates": [10.308024, 43.554069]}}, {"type": "Feature", "properties": {"wikidata": "Q3860461", "name": "monastero di Nostra Signora di Valserena", "status": "done", "osm_id": "relation/3529565", "group": "Altro", "subgroup": "Altro", "subcategory": "Altro"}, "geometry": {"type": "Point", "coordinates": [10.58815, 43.31633056]}}, {"type": "Feature", "properties": {"wikidata": "Q3890253", "name": "Palazzo Granducale", "status": "done", "osm_id": "relation/1848357", "group": "Dimore ed edifici", "subgroup": "Residenze", "subcategory": "Palazzo"}, "geometry": {"type": "Point", "coordinates": [10.309167, 43.55216]}}, {"type": "Feature", "properties": {"wikidata": "Q3860451", "name": "monastero delle Murate", "status": "done", "osm_id": "relation/1609313", "group": "Religione", "subgroup": "Vita Monastica", "subcategory": "Monastero"}, "geometry": {"type": "Point", "coordinates": [11.26868611, 43.76909444]}}, {"type": "Feature", "properties": {"wikidata": "Q3890580", "name": "palazzo Orsini", "status": "done", "osm_id": "relation/7716664", "group": "Dimore ed edifici", "subgroup": "Residenze", "subcategory": "Palazzo"}, "geometry": {"type": "Point", "coordinates": [11.66833333, 42.63482222]}}, {"type": "Feature", "properties": {"wikidata": "Q3890434", "name": "Palazzo Martellini-Rosselli del Turco", "status": "done", "osm_id": "way/306811231", "group": "Dimore ed edifici", "subgroup": "Residenze", "subcategory": "Palazzo italiano"}, "geometry": {"type": "Point", "coordinates": [11.24938889, 43.76735556]}}, {"type": "Feature", "properties": {"wikidata": "Q3860438", "name": "monastero della Santissima Trinit\u00e0 e santa Mustiola a Torri", "status": "done", "osm_id": "relation/12799887", "group": "Religione", "subgroup": "Vita Monastica", "subcategory": "Monastero"}, "geometry": {"type": "Point", "coordinates": [11.2203, 43.23306389]}}, {"type": "Feature", "properties": {"wikidata": "Q3890446", "name": "Palazzo Marzichi-Lenzi", "status": "done", "osm_id": "relation/7284650", "group": "Dimore ed edifici", "subgroup": "Residenze", "subcategory": "Palazzo italiano"}, "geometry": {"type": "Point", "coordinates": [11.26286389, 43.77304722]}}, {"type": "Feature", "properties": {"wikidata": "Q3890285", "name": "palazzo INAIL", "status": "missing", "osm_id": null, "group": "Dimore ed edifici", "subgroup": "Residenze", "subcategory": "Palazzo"}, "geometry": {"type": "Point", "coordinates": [10.102767, 44.07697]}}, {"type": "Feature", "properties": {"wikidata": "Q3890593", "name": "palazzo Pallini", "status": "done", "osm_id": "way/485044178", "group": "Dimore ed edifici", "subgroup": "Residenze", "subcategory": "Palazzo"}, "geometry": {"type": "Point", "coordinates": [11.113097195, 42.762218182]}}, {"type": "Feature", "properties": {"wikidata": "Q3890599", "name": "Palazzo Pancani", "status": "missing", "osm_id": null, "group": "Dimore ed edifici", "subgroup": "Residenze", "subcategory": "Palazzo"}, "geometry": {"type": "Point", "coordinates": [10.61882, 43.71053]}}, {"type": "Feature", "properties": {"wikidata": "Q3890592", "name": "Palazzo Pallavicini", "status": "done", "osm_id": "way/306378164", "group": "Dimore ed edifici", "subgroup": "Residenze", "subcategory": "Palazzo italiano"}, "geometry": {"type": "Point", "coordinates": [11.24578, 43.76783]}}, {"type": "Feature", "properties": {"wikidata": "Q3860431", "name": "monastero della Santissima Annunziata", "status": "missing", "osm_id": null, "group": "Religione", "subgroup": "Vita Monastica", "subcategory": "Monastero"}, "geometry": {"type": "Point", "coordinates": [11.11156944, 42.76003056]}}, {"type": "Feature", "properties": {"wikidata": "Q3890600", "name": "Palazzo Panciatichi", "status": "missing", "osm_id": null, "group": "Dimore ed edifici", "subgroup": "Strutture Varie", "subcategory": "Edificio"}, "geometry": {"type": "Point", "coordinates": [10.9175, 43.932055555]}}, {"type": "Feature", "properties": {"wikidata": "Q3890200", "name": "Palazzo Ginori", "status": "done", "osm_id": "way/307153248", "group": "Dimore ed edifici", "subgroup": "Residenze", "subcategory": "Palazzo italiano"}, "geometry": {"type": "Point", "coordinates": [11.25184722, 43.77322222]}}, {"type": "Feature", "properties": {"wikidata": "Q3890488", "name": "Palazzo Minucci-Solaini", "status": "missing", "osm_id": null, "group": "Dimore ed edifici", "subgroup": "Residenze", "subcategory": "Palazzo"}, "geometry": {"type": "Point", "coordinates": [10.86, 43.40277778]}}, {"type": "Feature", "properties": {"wikidata": "Q3890507", "name": "Palazzo Mondragone", "status": "done", "osm_id": "way/307153295", "group": "Dimore ed edifici", "subgroup": "Residenze", "subcategory": "Palazzo italiano"}, "geometry": {"type": "Point", "coordinates": [11.25097222, 43.77360833]}}, {"type": "Feature", "properties": {"wikidata": "Q3890403", "name": "Palazzo Manni", "status": "done", "osm_id": "way/394901778", "group": "Dimore ed edifici", "subgroup": "Residenze", "subcategory": "Palazzo"}, "geometry": {"type": "Point", "coordinates": [10.919416892, 43.933443699]}}, {"type": "Feature", "properties": {"wikidata": "Q3890542", "name": "Palazzo Nasi", "status": "done", "osm_id": "way/487164816", "group": "Dimore ed edifici", "subgroup": "Strutture Varie", "subcategory": "Edificio"}, "geometry": {"type": "Point", "coordinates": [11.258, 43.765]}}, {"type": "Feature", "properties": {"wikidata": "Q3890612", "name": "Palazzo Papi Mattii", "status": "missing", "osm_id": null, "group": "Dimore ed edifici", "subgroup": "Residenze", "subcategory": "Palazzo"}, "geometry": {"type": "Point", "coordinates": [11.01614, 43.13063]}}, {"type": "Feature", "properties": {"wikidata": "Q3890230", "name": "Palazzo Giuntini", "status": "missing", "osm_id": null, "group": "Dimore ed edifici", "subgroup": "Residenze", "subcategory": "Palazzo italiano"}, "geometry": {"type": "Point", "coordinates": [11.24490833, 43.77225]}}, {"type": "Feature", "properties": {"wikidata": "Q3890278", "name": "Palazzo Guidi Raggio", "status": "done", "osm_id": "way/307544547", "group": "Dimore ed edifici", "subgroup": "Residenze", "subcategory": "Palazzo italiano"}, "geometry": {"type": "Point", "coordinates": [11.26165278, 43.77494722]}}, {"type": "Feature", "properties": {"wikidata": "Q3890330", "name": "Palazzo Le Monnier", "status": "missing", "osm_id": null, "group": "Dimore ed edifici", "subgroup": "Residenze", "subcategory": "Palazzo italiano"}, "geometry": {"type": "Point", "coordinates": [11.25750278, 43.77903889]}}, {"type": "Feature", "properties": {"wikidata": "Q3890547", "name": "Palazzo Nerucci", "status": "missing", "osm_id": null, "group": "Cultura e tempo libero", "subgroup": "Archivi", "subcategory": "Archivio"}, "geometry": {"type": "Point", "coordinates": [11.53886389, 42.89338889]}}, {"type": "Feature", "properties": {"wikidata": "Q3860453", "name": "monastero delle Suore Domenicane dello Spirito Santo", "status": "done", "osm_id": "way/305733364", "group": "Religione", "subgroup": "Vita Monastica", "subcategory": "Monastero"}, "geometry": {"type": "Point", "coordinates": [11.26109722, 43.79555833]}}, {"type": "Feature", "properties": {"wikidata": "Q3890400", "name": "Palazzo Manetti", "status": "done", "osm_id": "way/306798509", "group": "Dimore ed edifici", "subgroup": "Residenze", "subcategory": "Palazzo italiano"}, "geometry": {"type": "Point", "coordinates": [11.247725, 43.76861389]}}, {"type": "Feature", "properties": {"wikidata": "Q3890548", "name": "Palazzo Neroni", "status": "done", "osm_id": "way/306395990", "group": "Dimore ed edifici", "subgroup": "Residenze", "subcategory": "Palazzo italiano"}, "geometry": {"type": "Point", "coordinates": [11.25527778, 43.77543889]}}, {"type": "Feature", "properties": {"wikidata": "Q2611313", "name": "Fornaci", "status": "done", "osm_id": "node/1976834652", "group": "Insediamenti", "subgroup": "Centri", "subcategory": "Frazione"}, "geometry": {"type": "Point", "coordinates": [10.703888888, 43.884722222]}}, {"type": "Feature", "properties": {"wikidata": "Q1015257", "name": "Oltrarno", "status": "missing", "osm_id": null, "group": "Altro", "subgroup": "Altro", "subcategory": "Altro"}, "geometry": {"type": "Point", "coordinates": [11.2502, 43.7651]}}, {"type": "Feature", "properties": {"wikidata": "Q984263", "name": "Casa Machiavelli", "status": "done", "osm_id": "node/602271572", "group": "Altro", "subgroup": "Altro", "subcategory": "Altro"}, "geometry": {"type": "Point", "coordinates": [11.197732, 43.682747]}}, {"type": "Feature", "properties": {"wikidata": "Q2705376", "name": "Loggia del Bigallo", "status": "done", "osm_id": "way/166821304", "group": "Cultura e tempo libero", "subgroup": "Musei", "subcategory": "Museo d'arte"}, "geometry": {"type": "Point", "coordinates": [11.254977, 43.772804]}}, {"type": "Feature", "properties": {"wikidata": "Q978994", "name": "piazza San Lorenzo", "status": "done", "osm_id": "way/73106875", "group": "Insediamenti", "subgroup": "Zone Urbane", "subcategory": "Piazza"}, "geometry": {"type": "Point", "coordinates": [11.254858333, 43.774772222]}}, {"type": "Feature", "properties": {"wikidata": "Q2570243", "name": "Filare", "status": "done", "osm_id": "node/2795141562", "group": "Insediamenti", "subgroup": "Centri", "subcategory": "Frazione"}, "geometry": {"type": "Point", "coordinates": [10.895555555, 42.925833333]}}, {"type": "Feature", "properties": {"wikidata": "Q2621846", "name": "Magliano", "status": "done", "osm_id": "node/1005310954", "group": "Insediamenti", "subgroup": "Centri", "subcategory": "Frazione"}, "geometry": {"type": "Point", "coordinates": [10.066666666, 44.245555555]}}, {"type": "Feature", "properties": {"wikidata": "Q2573492", "name": "Serpiolle", "status": "done", "osm_id": "node/1817473845", "group": "Insediamenti", "subgroup": "Centri", "subcategory": "Frazione"}, "geometry": {"type": "Point", "coordinates": [11.253611111, 43.820555555]}}, {"type": "Feature", "properties": {"wikidata": "Q2615606", "name": "Monteforti", "status": "done", "osm_id": "node/4681968226", "group": "Insediamenti", "subgroup": "Centri", "subcategory": "Frazione"}, "geometry": {"type": "Point", "coordinates": [10.566666666, 43.466666666]}}, {"type": "Feature", "properties": {"wikidata": "Q2591247", "name": "Museo del Cenacolo di Andrea del Sarto", "status": "done", "osm_id": "node/1962240810", "group": "Cultura e tempo libero", "subgroup": "Musei", "subcategory": "Museo d'arte"}, "geometry": {"type": "Point", "coordinates": [11.286019, 43.771626]}}, {"type": "Feature", "properties": {"wikidata": "Q2728660", "name": "Brucianesi", "status": "done", "osm_id": "node/3200272514", "group": "Insediamenti", "subgroup": "Centri", "subcategory": "Frazione"}, "geometry": {"type": "Point", "coordinates": [11.060555555, 43.765277777]}}, {"type": "Feature", "properties": {"wikidata": "Q2631022", "name": "Volegno", "status": "done", "osm_id": "node/861541791", "group": "Insediamenti", "subgroup": "Centri", "subcategory": "Frazione"}, "geometry": {"type": "Point", "coordinates": [10.316666666, 44.0]}}, {"type": "Feature", "properties": {"wikidata": "Q2688072", "name": "Barile", "status": "done", "osm_id": "node/2736171442", "group": "Insediamenti", "subgroup": "Centri", "subcategory": "Frazione"}, "geometry": {"type": "Point", "coordinates": [10.916666666, 43.95]}}, {"type": "Feature", "properties": {"wikidata": "Q979004", "name": "lago di Sibolla", "status": "done", "osm_id": "way/142699653", "group": "Natura e paesaggio", "subgroup": "Acqua", "subcategory": "Lago"}, "geometry": {"type": "Point", "coordinates": [10.701519444, 43.825113888]}}, {"type": "Feature", "properties": {"wikidata": "Q977832", "name": "Rispescia", "status": "done", "osm_id": "node/4301203299", "group": "Insediamenti", "subgroup": "Centri", "subcategory": "Frazione"}, "geometry": {"type": "Point", "coordinates": [11.134919, 42.70718]}}, {"type": "Feature", "properties": {"wikidata": "Q2629092", "name": "Poggioferro", "status": "done", "osm_id": "node/1748674672", "group": "Insediamenti", "subgroup": "Centri", "subcategory": "Frazione"}, "geometry": {"type": "Point", "coordinates": [11.37194444, 42.70194444]}}, {"type": "Feature", "properties": {"wikidata": "Q2625911", "name": "Petricci", "status": "done", "osm_id": "node/416719087", "group": "Insediamenti", "subgroup": "Centri", "subcategory": "Frazione"}, "geometry": {"type": "Point", "coordinates": [11.556944444, 42.758611111]}}, {"type": "Feature", "properties": {"wikidata": "Q971697", "name": "mura di Roselle", "status": "done", "osm_id": "way/1281370092", "group": "Archeologia", "subgroup": "Siti", "subcategory": "Sito archeologico"}, "geometry": {"type": "Point", "coordinates": [11.1593, 42.8271]}}, {"type": "Feature", "properties": {"wikidata": "Q1025546", "name": "Paszkowski", "status": "done", "osm_id": "node/946018387", "group": "Altro", "subgroup": "Altro", "subcategory": "Altro"}, "geometry": {"type": "Point", "coordinates": [11.2539, 43.7718]}}, {"type": "Feature", "properties": {"wikidata": "Q992867", "name": "cattedrale di San Cerbone", "status": "done", "osm_id": "way/162504453", "group": "Religione", "subgroup": "Luoghi di Culto", "subcategory": "Basilica minore"}, "geometry": {"type": "Point", "coordinates": [10.88794444, 43.04969444]}}, {"type": "Feature", "properties": {"wikidata": "Q977104", "name": "chiesa del Sacro Cuore", "status": "done", "osm_id": "way/155223641", "group": "Religione", "subgroup": "Luoghi di Culto", "subcategory": "Chiesa"}, "geometry": {"type": "Point", "coordinates": [11.27779, 43.7739]}}, {"type": "Feature", "properties": {"wikidata": "Q2617925", "name": "San Zeno", "status": "done", "osm_id": "node/2816025315", "group": "Insediamenti", "subgroup": "Centri", "subcategory": "Frazione"}, "geometry": {"type": "Point", "coordinates": [11.824166666, 43.426111111]}}, {"type": "Feature", "properties": {"wikidata": "Q2557858", "name": "cattedrale di San Zeno", "status": "done", "osm_id": "way/61682813", "group": "Altro", "subgroup": "Altro", "subcategory": "Altro"}, "geometry": {"type": "Point", "coordinates": [10.9179, 43.933219]}}, {"type": "Feature", "properties": {"wikidata": "Q2695716", "name": "Polcanto", "status": "done", "osm_id": "node/326125171", "group": "Insediamenti", "subgroup": "Centri", "subcategory": "Frazione"}, "geometry": {"type": "Point", "coordinates": [11.355, 43.896388888]}}, {"type": "Feature", "properties": {"wikidata": "Q2616067", "name": "Settimello", "status": "done", "osm_id": "node/592581394", "group": "Insediamenti", "subgroup": "Centri", "subcategory": "Frazione"}, "geometry": {"type": "Point", "coordinates": [11.182777777, 43.849722222]}}, {"type": "Feature", "properties": {"wikidata": "Q2642502", "name": "Pescia Fiorentina", "status": "done", "osm_id": "node/3658520829", "group": "Insediamenti", "subgroup": "Centri", "subcategory": "Frazione"}, "geometry": {"type": "Point", "coordinates": [11.480079188, 42.43945188]}}, {"type": "Feature", "properties": {"wikidata": "Q2540274", "name": "Camucia", "status": "done", "osm_id": "node/1741866782", "group": "Insediamenti", "subgroup": "Centri", "subcategory": "Frazione"}, "geometry": {"type": "Point", "coordinates": [11.97114, 43.25926]}}, {"type": "Feature", "properties": {"wikidata": "Q975392", "name": "Teatro Verdi", "status": "done", "osm_id": "way/105625201", "group": "Cultura e tempo libero", "subgroup": "Spettacolo", "subcategory": "Teatro"}, "geometry": {"type": "Point", "coordinates": [10.40445, 43.71654]}}, {"type": "Feature", "properties": {"wikidata": "Q2595690", "name": "Narnali", "status": "done", "osm_id": "node/1172035652", "group": "Insediamenti", "subgroup": "Centri", "subcategory": "Frazione"}, "geometry": {"type": "Point", "coordinates": [11.068055555, 43.895833333]}}, {"type": "Feature", "properties": {"wikidata": "Q2707802", "name": "centro storico di Firenze", "status": "done", "osm_id": "way/1489714528", "group": "Insediamenti", "subgroup": "Zone Urbane", "subcategory": "Quartiere"}, "geometry": {"type": "Point", "coordinates": [11.25611111, 43.77306]}}, {"type": "Feature", "properties": {"wikidata": "Q2593098", "name": "cappella Tornabuoni", "status": "missing", "osm_id": null, "group": "Religione", "subgroup": "Luoghi di Culto", "subcategory": "Cappella"}, "geometry": {"type": "Point", "coordinates": [11.249425, 43.775127777]}}, {"type": "Feature", "properties": {"wikidata": "Q989795", "name": "Faella", "status": "done", "osm_id": "node/1481731479", "group": "Insediamenti", "subgroup": "Centri", "subcategory": "Frazione"}, "geometry": {"type": "Point", "coordinates": [11.51657, 43.62621]}}, {"type": "Feature", "properties": {"wikidata": "Q2614202", "name": "Mortaiolo", "status": "done", "osm_id": "node/4024600289", "group": "Insediamenti", "subgroup": "Centri", "subcategory": "Frazione"}, "geometry": {"type": "Point", "coordinates": [10.43722222, 43.60694444]}}, {"type": "Feature", "properties": {"wikidata": "Q1025547", "name": "Caff\u00e8 Le Giubbe Rosse", "status": "done", "osm_id": "node/946019247", "group": "Altro", "subgroup": "Altro", "subcategory": "Altro"}, "geometry": {"type": "Point", "coordinates": [11.253975, 43.77115]}}, {"type": "Feature", "properties": {"wikidata": "Q2603661", "name": "Rocchette di Fazio", "status": "done", "osm_id": "node/416718546", "group": "Insediamenti", "subgroup": "Centri", "subcategory": "Frazione"}, "geometry": {"type": "Point", "coordinates": [11.511111111, 42.729722222]}}, {"type": "Feature", "properties": {"wikidata": "Q2686564", "name": "Parrana San Martino", "status": "done", "osm_id": "node/330683163", "group": "Insediamenti", "subgroup": "Centri", "subcategory": "Frazione"}, "geometry": {"type": "Point", "coordinates": [10.442222222, 43.537777777]}}, {"type": "Feature", "properties": {"wikidata": "Q2673265", "name": "Pruno", "status": "done", "osm_id": "node/858939572", "group": "Insediamenti", "subgroup": "Centri", "subcategory": "Frazione"}, "geometry": {"type": "Point", "coordinates": [10.316666666, 44.15]}}, {"type": "Feature", "properties": {"wikidata": "Q2681306", "name": "Porrona", "status": "done", "osm_id": "node/1728220854", "group": "Insediamenti", "subgroup": "Centri", "subcategory": "Frazione"}, "geometry": {"type": "Point", "coordinates": [11.408611111, 42.910833333]}}, {"type": "Feature", "properties": {"wikidata": "Q992506", "name": "Diga dei Muracci", "status": "missing", "osm_id": null, "group": "Altro", "subgroup": "Altro", "subcategory": "Altro"}, "geometry": {"type": "Point", "coordinates": [11.02361111, 42.95]}}, {"type": "Feature", "properties": {"wikidata": "Q2717958", "name": "Isole Gemini", "status": "missing", "osm_id": null, "group": "Altro", "subgroup": "Altro", "subcategory": "Altro"}, "geometry": {"type": "Point", "coordinates": [10.37333333, 42.71805556]}}, {"type": "Feature", "properties": {"wikidata": "Q2719077", "name": "Papaiano", "status": "done", "osm_id": "node/5347938659", "group": "Insediamenti", "subgroup": "Centri", "subcategory": "Frazione"}, "geometry": {"type": "Point", "coordinates": [11.158112, 43.472359]}}, {"type": "Feature", "properties": {"wikidata": "Q2657685", "name": "Quartaia", "status": "done", "osm_id": "node/317673096", "group": "Insediamenti", "subgroup": "Centri", "subcategory": "Frazione"}, "geometry": {"type": "Point", "coordinates": [11.089166666, 43.386944444]}}, {"type": "Feature", "properties": {"wikidata": "Q2656703", "name": "Prata", "status": "done", "osm_id": "node/374386307", "group": "Insediamenti", "subgroup": "Centri", "subcategory": "Frazione"}, "geometry": {"type": "Point", "coordinates": [10.98527778, 43.08305556]}}, {"type": "Feature", "properties": {"wikidata": "Q2685169", "name": "Montecerboli", "status": "done", "osm_id": "node/495230316", "group": "Insediamenti", "subgroup": "Centri", "subcategory": "Frazione"}, "geometry": {"type": "Point", "coordinates": [10.880555555, 43.248888888]}}, {"type": "Feature", "properties": {"wikidata": "Q2665998", "name": "Castelnuovo d'Elsa", "status": "missing", "osm_id": null, "group": "Insediamenti", "subgroup": "Centri", "subcategory": "Frazione"}, "geometry": {"type": "Point", "coordinates": [10.93768, 43.63504]}}, {"type": "Feature", "properties": {"wikidata": "Q2678865", "name": "San Martino sul Fiora", "status": "done", "osm_id": "node/2593875474", "group": "Insediamenti", "subgroup": "Centri", "subcategory": "Frazione"}, "geometry": {"type": "Point", "coordinates": [11.595833333, 42.6725]}}, {"type": "Feature", "properties": {"wikidata": "Q1014472", "name": "piazza della Cisterna", "status": "done", "osm_id": "way/116084401", "group": "Insediamenti", "subgroup": "Zone Urbane", "subcategory": "Piazza"}, "geometry": {"type": "Point", "coordinates": [11.043652777, 43.467419444]}}, {"type": "Feature", "properties": {"wikidata": "Q971123", "name": "abbazia di Vallombrosa", "status": "done", "osm_id": "relation/16109210", "group": "Religione", "subgroup": "Luoghi di Culto", "subcategory": "Basilica minore"}, "geometry": {"type": "Point", "coordinates": [11.55777778, 43.73194444]}}, {"type": "Feature", "properties": {"wikidata": "Q1017385", "name": "piazza Santa Croce", "status": "done", "osm_id": "relation/9213813", "group": "Insediamenti", "subgroup": "Zone Urbane", "subcategory": "Piazza"}, "geometry": {"type": "Point", "coordinates": [11.26148056, 43.76885]}}, {"type": "Feature", "properties": {"wikidata": "Q2621030", "name": "Monte Antico", "status": "done", "osm_id": "node/4802617346", "group": "Insediamenti", "subgroup": "Centri", "subcategory": "Frazione"}, "geometry": {"type": "Point", "coordinates": [11.36361111, 42.98277778]}}, {"type": "Feature", "properties": {"wikidata": "Q2596842", "name": "Scarna", "status": "done", "osm_id": "node/912475712", "group": "Insediamenti", "subgroup": "Centri", "subcategory": "Frazione"}, "geometry": {"type": "Point", "coordinates": [11.160277777, 43.395555555]}}, {"type": "Feature", "properties": {"wikidata": "Q2607322", "name": "Ponte a Egola", "status": "done", "osm_id": "node/1728507196", "group": "Insediamenti", "subgroup": "Centri", "subcategory": "Frazione"}, "geometry": {"type": "Point", "coordinates": [10.795, 43.683055555]}}, {"type": "Feature", "properties": {"wikidata": "Q2624143", "name": "Santa Caterina", "status": "done", "osm_id": "node/493671810", "group": "Insediamenti", "subgroup": "Centri", "subcategory": "Frazione"}, "geometry": {"type": "Point", "coordinates": [11.486111111, 42.787222222]}}, {"type": "Feature", "properties": {"wikidata": "Q2575871", "name": "teatro romano di Fiesole", "status": "done", "osm_id": "way/166738740", "group": "Altro", "subgroup": "Altro", "subcategory": "Altro"}, "geometry": {"type": "Point", "coordinates": [11.293928, 43.808006]}}, {"type": "Feature", "properties": {"wikidata": "Q2690868", "name": "Stribugliano", "status": "done", "osm_id": "node/493635535", "group": "Insediamenti", "subgroup": "Centri", "subcategory": "Frazione"}, "geometry": {"type": "Point", "coordinates": [11.461204, 42.849651]}}, {"type": "Feature", "properties": {"wikidata": "Q2667422", "name": "Baccinello", "status": "done", "osm_id": "node/1302481147", "group": "Insediamenti", "subgroup": "Centri", "subcategory": "Frazione"}, "geometry": {"type": "Point", "coordinates": [11.36527778, 42.79055556]}}, {"type": "Feature", "properties": {"wikidata": "Q2655677", "name": "Nugola", "status": "done", "osm_id": "node/330682311", "group": "Insediamenti", "subgroup": "Centri", "subcategory": "Frazione"}, "geometry": {"type": "Point", "coordinates": [10.44, 43.576666666]}}, {"type": "Feature", "properties": {"wikidata": "Q2579974", "name": "Marroneto", "status": "done", "osm_id": "node/4802658715", "group": "Insediamenti", "subgroup": "Centri", "subcategory": "Frazione"}, "geometry": {"type": "Point", "coordinates": [11.599444444, 42.838055555]}}, {"type": "Feature", "properties": {"wikidata": "Q2716339", "name": "Ponteccio", "status": "done", "osm_id": "node/577763700", "group": "Insediamenti", "subgroup": "Centri", "subcategory": "Frazione"}, "geometry": {"type": "Point", "coordinates": [10.266944444, 44.23]}}, {"type": "Feature", "properties": {"wikidata": "Q3669563", "name": "chiesa di San Bartolomeo", "status": "done", "osm_id": "way/119457314", "group": "Religione", "subgroup": "Luoghi di Culto", "subcategory": "Chiesa"}, "geometry": {"type": "Point", "coordinates": [11.20299, 43.29487]}}, {"type": "Feature", "properties": {"wikidata": "Q3669509", "name": "chiesa di San Bartolomeo", "status": "done", "osm_id": "node/772444028", "group": "Archeologia", "subgroup": "Siti", "subcategory": "Rovine"}, "geometry": {"type": "Point", "coordinates": [10.125325, 42.7566]}}, {"type": "Feature", "properties": {"wikidata": "Q3862681", "name": "monumento funebre a Ilaria del Carretto", "status": "missing", "osm_id": null, "group": "Monumenti", "subgroup": "Monumenti", "subcategory": "Statua"}, "geometry": {"type": "Point", "coordinates": [10.5064, 43.8406]}}, {"type": "Feature", "properties": {"wikidata": "Q3669669", "name": "chiesa di San Biagio", "status": "done", "osm_id": "way/384690668", "group": "Religione", "subgroup": "Luoghi di Culto", "subcategory": "Chiesa"}, "geometry": {"type": "Point", "coordinates": [11.081008333, 44.022288888]}}, {"type": "Feature", "properties": {"wikidata": "Q3669594", "name": "chiesa di San Benedetto", "status": "done", "osm_id": "way/712589128", "group": "Religione", "subgroup": "Luoghi di Culto", "subcategory": "Chiesa"}, "geometry": {"type": "Point", "coordinates": [11.98422, 43.27454]}}, {"type": "Feature", "properties": {"wikidata": "Q3669642", "name": "chiesa di San Bernardo", "status": "done", "osm_id": "way/722368359", "group": "Religione", "subgroup": "Luoghi di Culto", "subcategory": "Chiesa"}, "geometry": {"type": "Point", "coordinates": [11.879544, 43.460615]}}, {"type": "Feature", "properties": {"wikidata": "Q3669691", "name": "chiesa di San Biagino", "status": "done", "osm_id": "way/394900661", "group": "Religione", "subgroup": "Luoghi di Culto", "subcategory": "Chiesa"}, "geometry": {"type": "Point", "coordinates": [10.914805555, 43.934722222]}}, {"type": "Feature", "properties": {"wikidata": "Q3669683", "name": "chiesa di San Biagio", "status": "done", "osm_id": "way/526006462", "group": "Religione", "subgroup": "Luoghi di Culto", "subcategory": "Chiesa"}, "geometry": {"type": "Point", "coordinates": [11.29831, 42.73847]}}, {"type": "Feature", "properties": {"wikidata": "Q3669561", "name": "chiesa di San Bartolomeo a Spedaletto", "status": "done", "osm_id": "way/303197295", "group": "Religione", "subgroup": "Luoghi di Culto", "subcategory": "Chiesa"}, "geometry": {"type": "Point", "coordinates": [10.94604, 44.03734]}}, {"type": "Feature", "properties": {"wikidata": "Q3669620", "name": "chiesa di San Bernardino", "status": "done", "osm_id": "way/714350100", "group": "Religione", "subgroup": "Luoghi di Culto", "subcategory": "Chiesa"}, "geometry": {"type": "Point", "coordinates": [11.55955, 43.23517]}}, {"type": "Feature", "properties": {"wikidata": "Q3669644", "name": "chiesa di San Bernardo", "status": "missing", "osm_id": null, "group": "Religione", "subgroup": "Luoghi di Culto", "subcategory": "Chiesa"}, "geometry": {"type": "Point", "coordinates": [10.649228, 43.212245]}}, {"type": "Feature", "properties": {"wikidata": "Q3669495", "name": "chiesa di San Bartolomeo", "status": "done", "osm_id": "way/720368461", "group": "Religione", "subgroup": "Luoghi di Culto", "subcategory": "Chiesa"}, "geometry": {"type": "Point", "coordinates": [11.768144444, 43.405547222]}}, {"type": "Feature", "properties": {"wikidata": "Q3669513", "name": "chiesa di San Bartolomeo", "status": "done", "osm_id": "way/422601821", "group": "Religione", "subgroup": "Luoghi di Culto", "subcategory": "Chiesa"}, "geometry": {"type": "Point", "coordinates": [10.418241666, 44.072058333]}}, {"type": "Feature", "properties": {"wikidata": "Q3669554", "name": "chiesa di San Bartolomeo", "status": "missing", "osm_id": null, "group": "Religione", "subgroup": "Luoghi di Culto", "subcategory": "Chiesa"}, "geometry": {"type": "Point", "coordinates": [10.662074, 43.532675]}}, {"type": "Feature", "properties": {"wikidata": "Q3669682", "name": "chiesa di San Biagio", "status": "done", "osm_id": "way/714986601", "group": "Religione", "subgroup": "Luoghi di Culto", "subcategory": "Chiesa"}, "geometry": {"type": "Point", "coordinates": [11.15237, 43.08849]}}, {"type": "Feature", "properties": {"wikidata": "Q3669702", "name": "chiesa di San Biagio a Petriolo", "status": "done", "osm_id": "way/306219411", "group": "Religione", "subgroup": "Luoghi di Culto", "subcategory": "Chiesa"}, "geometry": {"type": "Point", "coordinates": [11.1934, 43.79493]}}, {"type": "Feature", "properties": {"wikidata": "Q3669752", "name": "chiesa di San Carlo dei Lombardi", "status": "done", "osm_id": "way/234429576", "group": "Religione", "subgroup": "Luoghi di Culto", "subcategory": "Chiesa"}, "geometry": {"type": "Point", "coordinates": [11.25544, 43.77067]}}, {"type": "Feature", "properties": {"wikidata": "Q3669615", "name": "chiesa di San Benedetto in Gottella", "status": "done", "osm_id": "way/180752226", "group": "Religione", "subgroup": "Luoghi di Culto", "subcategory": "Chiesa"}, "geometry": {"type": "Point", "coordinates": [10.506103, 43.842371]}}, {"type": "Feature", "properties": {"wikidata": "Q3669541", "name": "chiesa di San Bartolomeo a Carmignanello", "status": "done", "osm_id": "way/165192924", "group": "Religione", "subgroup": "Luoghi di Culto", "subcategory": "Chiesa"}, "geometry": {"type": "Point", "coordinates": [11.2372, 43.840385]}}, {"type": "Feature", "properties": {"wikidata": "Q3669497", "name": "chiesa di San Bartolomeo", "status": "done", "osm_id": "way/1181940222", "group": "Religione", "subgroup": "Luoghi di Culto", "subcategory": "Chiesa"}, "geometry": {"type": "Point", "coordinates": [10.75661, 44.09861]}}, {"type": "Feature", "properties": {"wikidata": "Q3669689", "name": "chiesa di San Biagio", "status": "missing", "osm_id": null, "group": "Religione", "subgroup": "Luoghi di Culto", "subcategory": "Chiesa"}, "geometry": {"type": "Point", "coordinates": [11.24654, 43.57741]}}, {"type": "Feature", "properties": {"wikidata": "Q3867237", "name": "Mura Leopoldine", "status": "done", "osm_id": "way/462397618", "group": "Fortificazioni e militare", "subgroup": "Fortificazioni", "subcategory": "Mura cittadine"}, "geometry": {"type": "Point", "coordinates": [10.315722, 43.560133]}}, {"type": "Feature", "properties": {"wikidata": "Q3669570", "name": "chiesa di San Bartolomeo", "status": "missing", "osm_id": null, "group": "Religione", "subgroup": "Luoghi di Culto", "subcategory": "Chiesa"}, "geometry": {"type": "Point", "coordinates": [10.560138888, 43.9125]}}, {"type": "Feature", "properties": {"wikidata": "Q3862612", "name": "Monumento a Francesco Domenico Guerrazzi", "status": "done", "osm_id": "node/1725130166", "group": "Altro", "subgroup": "Altro", "subcategory": "Altro"}, "geometry": {"type": "Point", "coordinates": [10.312632, 43.552125]}}, {"type": "Feature", "properties": {"wikidata": "Q3669673", "name": "chiesa di San Biagio", "status": "done", "osm_id": "way/714708666", "group": "Religione", "subgroup": "Luoghi di Culto", "subcategory": "Ex chiesa"}, "geometry": {"type": "Point", "coordinates": [11.10521, 43.41736]}}, {"type": "Feature", "properties": {"wikidata": "Q3669627", "name": "chiesa di San Bernardino", "status": "missing", "osm_id": null, "group": "Religione", "subgroup": "Luoghi di Culto", "subcategory": "Chiesa"}, "geometry": {"type": "Point", "coordinates": [11.776277, 43.032123]}}, {"type": "Feature", "properties": {"wikidata": "Q3862616", "name": "Monumento a Giovanni delle Bande Nere", "status": "done", "osm_id": "node/5099319932", "group": "Monumenti", "subgroup": "Monumenti", "subcategory": "Fontana"}, "geometry": {"type": "Point", "coordinates": [11.25496667, 43.77501111]}}, {"type": "Feature", "properties": {"wikidata": "Q3669681", "name": "chiesa di San Biagio", "status": "done", "osm_id": "way/714061266", "group": "Religione", "subgroup": "Luoghi di Culto", "subcategory": "Chiesa"}, "geometry": {"type": "Point", "coordinates": [10.75117, 43.39191]}}, {"type": "Feature", "properties": {"wikidata": "Q3863188", "name": "Morrona", "status": "done", "osm_id": "node/1673959362", "group": "Insediamenti", "subgroup": "Centri", "subcategory": "Frazione"}, "geometry": {"type": "Point", "coordinates": [10.68083333, 43.52555556]}}, {"type": "Feature", "properties": {"wikidata": "Q3669743", "name": "chiesa dell'Annunciazione", "status": "done", "osm_id": "way/715447107", "group": "Religione", "subgroup": "Luoghi di Culto", "subcategory": "Chiesa"}, "geometry": {"type": "Point", "coordinates": [11.05502778, 42.73665278]}}, {"type": "Feature", "properties": {"wikidata": "Q3867245", "name": "mura di Batignano", "status": "missing", "osm_id": null, "group": "Fortificazioni e militare", "subgroup": "Fortificazioni", "subcategory": "Mura cittadine"}, "geometry": {"type": "Point", "coordinates": [11.16592778, 42.86748611]}}, {"type": "Feature", "properties": {"wikidata": "Q3669524", "name": "chiesa di San Bartolomeo", "status": "done", "osm_id": "way/163126052", "group": "Religione", "subgroup": "Luoghi di Culto", "subcategory": "Chiesa"}, "geometry": {"type": "Point", "coordinates": [10.86557, 43.16802]}}, {"type": "Feature", "properties": {"wikidata": "Q3669558", "name": "chiesa di San Bartolomeo a Santo Stefano", "status": "missing", "osm_id": null, "group": "Religione", "subgroup": "Luoghi di Culto", "subcategory": "Chiesa"}, "geometry": {"type": "Point", "coordinates": [10.91, 43.601944444]}}, {"type": "Feature", "properties": {"wikidata": "Q3669604", "name": "chiesa di San Benedetto", "status": "done", "osm_id": "way/394938910", "group": "Religione", "subgroup": "Luoghi di Culto", "subcategory": "Chiesa"}, "geometry": {"type": "Point", "coordinates": [10.910354, 43.933225]}}, {"type": "Feature", "properties": {"wikidata": "Q3669552", "name": "chiesa di San Bartolomeo a Monte Oliveto", "status": "done", "osm_id": "way/305428855", "group": "Religione", "subgroup": "Luoghi di Culto", "subcategory": "Chiesa"}, "geometry": {"type": "Point", "coordinates": [11.232, 43.7669]}}, {"type": "Feature", "properties": {"wikidata": "Q3669613", "name": "chiesa di San Benedetto", "status": "done", "osm_id": "way/205017214", "group": "Religione", "subgroup": "Luoghi di Culto", "subcategory": "Chiesa"}, "geometry": {"type": "Point", "coordinates": [10.52666, 43.68073]}}, {"type": "Feature", "properties": {"wikidata": "Q3669551", "name": "chiesa di San Bartolomeo a Montecurliano", "status": "missing", "osm_id": null, "group": "Religione", "subgroup": "Luoghi di Culto", "subcategory": "Chiesa"}, "geometry": {"type": "Point", "coordinates": [11.15713692, 42.82203674]}}, {"type": "Feature", "properties": {"wikidata": "Q3669617", "name": "chiesa di San Bennato", "status": "missing", "osm_id": null, "group": "Religione", "subgroup": "Luoghi di Culto", "subcategory": "Ex chiesa"}, "geometry": {"type": "Point", "coordinates": [10.42594, 42.85654]}}, {"type": "Feature", "properties": {"wikidata": "Q3669555", "name": "chiesa di San Bartolomeo", "status": "missing", "osm_id": null, "group": "Religione", "subgroup": "Luoghi di Culto", "subcategory": "Chiesa"}, "geometry": {"type": "Point", "coordinates": [11.253, 43.20934]}}, {"type": "Feature", "properties": {"wikidata": "Q3669600", "name": "chiesa di San Benedetto", "status": "missing", "osm_id": null, "group": "Religione", "subgroup": "Luoghi di Culto", "subcategory": "Chiesa"}, "geometry": {"type": "Point", "coordinates": [12.1124, 43.48431]}}, {"type": "Feature", "properties": {"wikidata": "Q3669490", "name": "chiesa di San Bartolomeo", "status": "missing", "osm_id": null, "group": "Religione", "subgroup": "Luoghi di Culto", "subcategory": "Chiesa"}, "geometry": {"type": "Point", "coordinates": [11.75194444, 42.73278333]}}, {"type": "Feature", "properties": {"wikidata": "Q3669719", "name": "chiesa di San Bruno", "status": "done", "osm_id": "way/337381044", "group": "Religione", "subgroup": "Luoghi di Culto", "subcategory": "Chiesa"}, "geometry": {"type": "Point", "coordinates": [10.70289993, 43.66415024]}}, {"type": "Feature", "properties": {"wikidata": "Q3669572", "name": "chiesa di San Bartolomeo in Pantano", "status": "done", "osm_id": "way/159203868", "group": "Religione", "subgroup": "Luoghi di Culto", "subcategory": "Chiesa"}, "geometry": {"type": "Point", "coordinates": [10.92028, 43.93423]}}, {"type": "Feature", "properties": {"wikidata": "Q3862640", "name": "monumento a Ettore Socci", "status": "done", "osm_id": "node/3698722634", "group": "Altro", "subgroup": "Altro", "subcategory": "Altro"}, "geometry": {"type": "Point", "coordinates": [11.11289722, 42.76155556]}}, {"type": "Feature", "properties": {"wikidata": "Q3669692", "name": "chiesa dei Santi Biagio e Niccol\u00f2", "status": "done", "osm_id": "way/117354562", "group": "Religione", "subgroup": "Luoghi di Culto", "subcategory": "Chiesa"}, "geometry": {"type": "Point", "coordinates": [11.11419, 43.65074]}}, {"type": "Feature", "properties": {"wikidata": "Q3669521", "name": "chiesa di San Bartolomeo", "status": "done", "osm_id": "way/714485506", "group": "Religione", "subgroup": "Luoghi di Culto", "subcategory": "Chiesa"}, "geometry": {"type": "Point", "coordinates": [11.60392, 43.28731]}}, {"type": "Feature", "properties": {"wikidata": "Q3669745", "name": "chiesa di San Carlo ai Cappuccini", "status": "done", "osm_id": "way/556821500", "group": "Religione", "subgroup": "Luoghi di Culto", "subcategory": "Chiesa"}, "geometry": {"type": "Point", "coordinates": [11.364908, 43.963806]}}, {"type": "Feature", "properties": {"wikidata": "Q3867247", "name": "mura di Boccheggiano", "status": "missing", "osm_id": null, "group": "Fortificazioni e militare", "subgroup": "Fortificazioni", "subcategory": "Mura cittadine"}, "geometry": {"type": "Point", "coordinates": [11.033611, 43.090278]}}, {"type": "Feature", "properties": {"wikidata": "Q3669677", "name": "chiesa di San Biagio", "status": "done", "osm_id": "way/714127089", "group": "Religione", "subgroup": "Luoghi di Culto", "subcategory": "Chiesa"}, "geometry": {"type": "Point", "coordinates": [11.765802777, 43.274322222]}}, {"type": "Feature", "properties": {"wikidata": "Q3669680", "name": "chiesa di San Biagio", "status": "done", "osm_id": "way/538600481", "group": "Religione", "subgroup": "Luoghi di Culto", "subcategory": "Chiesa"}, "geometry": {"type": "Point", "coordinates": [11.59131, 43.12396]}}, {"type": "Feature", "properties": {"wikidata": "Q3669545", "name": "chiesa di San Bartolomeo a Faltignano", "status": "done", "osm_id": "way/71888281", "group": "Religione", "subgroup": "Luoghi di Culto", "subcategory": "Chiesa"}, "geometry": {"type": "Point", "coordinates": [11.18222, 43.68452]}}, {"type": "Feature", "properties": {"wikidata": "Q3867250", "name": "mura di Caldana", "status": "missing", "osm_id": null, "group": "Fortificazioni e militare", "subgroup": "Fortificazioni", "subcategory": "Mura cittadine"}, "geometry": {"type": "Point", "coordinates": [10.926981, 42.896083]}}, {"type": "Feature", "properties": {"wikidata": "Q3669519", "name": "chiesa di San Bartolomeo", "status": "done", "osm_id": "way/323059215", "group": "Religione", "subgroup": "Luoghi di Culto", "subcategory": "Chiesa"}, "geometry": {"type": "Point", "coordinates": [11.10191, 43.87928]}}, {"type": "Feature", "properties": {"wikidata": "Q3669560", "name": "chiesa di San Bartolomeo", "status": "done", "osm_id": "way/231252590", "group": "Religione", "subgroup": "Luoghi di Culto", "subcategory": "Chiesa"}, "geometry": {"type": "Point", "coordinates": [11.47242, 43.60956]}}, {"type": "Feature", "properties": {"wikidata": "Q3669507", "name": "chiesa di San Bartolomeo", "status": "missing", "osm_id": null, "group": "Religione", "subgroup": "Luoghi di Culto", "subcategory": "Chiesa"}, "geometry": {"type": "Point", "coordinates": [11.68818, 43.5234]}}, {"type": "Feature", "properties": {"wikidata": "Q3669678", "name": "chiesa di San Biagio", "status": "done", "osm_id": "way/724182231", "group": "Religione", "subgroup": "Luoghi di Culto", "subcategory": "Chiesa"}, "geometry": {"type": "Point", "coordinates": [10.97846, 43.14633]}}, {"type": "Feature", "properties": {"wikidata": "Q3862663", "name": "Monumento ai caduti", "status": "done", "osm_id": "node/4784514633", "group": "Altro", "subgroup": "Altro", "subcategory": "Altro"}, "geometry": {"type": "Point", "coordinates": [11.11405, 42.76302778]}}, {"type": "Feature", "properties": {"wikidata": "Q3669584", "name": "chiesa di San Benedetto", "status": "missing", "osm_id": null, "group": "Religione", "subgroup": "Luoghi di Culto", "subcategory": "Chiesa"}, "geometry": {"type": "Point", "coordinates": [12.1124814, 43.4842147]}}, {"type": "Feature", "properties": {"wikidata": "Q3669596", "name": "chiesa di San Benedetto", "status": "done", "osm_id": "node/3127386260", "group": "Religione", "subgroup": "Luoghi di Culto", "subcategory": "Chiesa"}, "geometry": {"type": "Point", "coordinates": [11.257254, 43.772329]}}, {"type": "Feature", "properties": {"wikidata": "Q3669564", "name": "chiesa di San Bartolomeo al Gignoro", "status": "done", "osm_id": "way/222500622", "group": "Religione", "subgroup": "Luoghi di Culto", "subcategory": "Chiesa"}, "geometry": {"type": "Point", "coordinates": [11.302664848, 43.776923696]}}, {"type": "Feature", "properties": {"wikidata": "Q3669699", "name": "chiesa di San Biagio a Filetta", "status": "done", "osm_id": "way/715014106", "group": "Religione", "subgroup": "Luoghi di Culto", "subcategory": "Chiesa"}, "geometry": {"type": "Point", "coordinates": [11.278588, 43.208294]}}, {"type": "Feature", "properties": {"wikidata": "Q3669544", "name": "chiesa di San Bartolomeo a Coiano", "status": "done", "osm_id": "way/332377985", "group": "Religione", "subgroup": "Luoghi di Culto", "subcategory": "Chiesa"}, "geometry": {"type": "Point", "coordinates": [11.10379, 43.90043]}}, {"type": "Feature", "properties": {"wikidata": "Q3669693", "name": "chiesa di San Biagio", "status": "done", "osm_id": "way/1491191397", "group": "Religione", "subgroup": "Luoghi di Culto", "subcategory": "Chiesa"}, "geometry": {"type": "Point", "coordinates": [11.7298, 43.80154]}}, {"type": "Feature", "properties": {"wikidata": "Q3669601", "name": "chiesa di San Benedetto", "status": "done", "osm_id": "way/592746779", "group": "Religione", "subgroup": "Luoghi di Culto", "subcategory": "Ex chiesa"}, "geometry": {"type": "Point", "coordinates": [10.39347, 43.71346]}}, {"type": "Feature", "properties": {"wikidata": "Q3669528", "name": "chiesa di San Bartolomeo", "status": "missing", "osm_id": null, "group": "Religione", "subgroup": "Luoghi di Culto", "subcategory": "Chiesa"}, "geometry": {"type": "Point", "coordinates": [11.524618, 43.337113]}}, {"type": "Feature", "properties": {"wikidata": "Q3669557", "name": "chiesa di San Bartolomeo a Ruota", "status": "done", "osm_id": "way/628452383", "group": "Religione", "subgroup": "Luoghi di Culto", "subcategory": "Chiesa"}, "geometry": {"type": "Point", "coordinates": [10.57254, 43.76472]}}, {"type": "Feature", "properties": {"wikidata": "Q3669688", "name": "chiesa di San Biagio", "status": "missing", "osm_id": null, "group": "Religione", "subgroup": "Luoghi di Culto", "subcategory": "Chiesa"}, "geometry": {"type": "Point", "coordinates": [11.3209, 43.06391]}}, {"type": "Feature", "properties": {"wikidata": "Q3862668", "name": "Monumento all'Indiano", "status": "done", "osm_id": "way/1424107722", "group": "Altro", "subgroup": "Altro", "subcategory": "Altro"}, "geometry": {"type": "Point", "coordinates": [11.19782778, 43.79044167]}}, {"type": "Feature", "properties": {"wikidata": "Q3669549", "name": "chiesa di San Bartolomeo", "status": "done", "osm_id": "way/388314083", "group": "Religione", "subgroup": "Luoghi di Culto", "subcategory": "Chiesa"}, "geometry": {"type": "Point", "coordinates": [11.46351, 43.975882]}}, {"type": "Feature", "properties": {"wikidata": "Q3669698", "name": "chiesa di San Biagio", "status": "done", "osm_id": "way/332182565", "group": "Religione", "subgroup": "Luoghi di Culto", "subcategory": "Chiesa"}, "geometry": {"type": "Point", "coordinates": [11.04066, 43.87599]}}, {"type": "Feature", "properties": {"wikidata": "Q3669751", "name": "chiesa di San Carlo dei Barnabiti", "status": "missing", "osm_id": null, "group": "Religione", "subgroup": "Luoghi di Culto", "subcategory": "Ex chiesa"}, "geometry": {"type": "Point", "coordinates": [11.245886455, 43.767421496]}}, {"type": "Feature", "properties": {"wikidata": "Q3669701", "name": "chiesa di San Biagio a Gravilona", "status": "missing", "osm_id": null, "group": "Religione", "subgroup": "Luoghi di Culto", "subcategory": "Chiesa"}, "geometry": {"type": "Point", "coordinates": [11.55748, 42.90265]}}, {"type": "Feature", "properties": {"wikidata": "Q3669529", "name": "chiesa di San Bartolomeo", "status": "missing", "osm_id": null, "group": "Religione", "subgroup": "Luoghi di Culto", "subcategory": "Chiesa"}, "geometry": {"type": "Point", "coordinates": [11.55799, 42.93]}}, {"type": "Feature", "properties": {"wikidata": "Q3669542", "name": "chiesa di San Bartolomeo", "status": "done", "osm_id": "way/304508445", "group": "Religione", "subgroup": "Luoghi di Culto", "subcategory": "Chiesa"}, "geometry": {"type": "Point", "coordinates": [10.68968, 43.5495]}}, {"type": "Feature", "properties": {"wikidata": "Q3866734", "name": "Mozzanella", "status": "done", "osm_id": "node/1270566283", "group": "Insediamenti", "subgroup": "Centri", "subcategory": "Frazione"}, "geometry": {"type": "Point", "coordinates": [10.388118, 44.149163]}}, {"type": "Feature", "properties": {"wikidata": "Q3867006", "name": "Mulino Badii", "status": "done", "osm_id": "way/568929526", "group": "Dimore ed edifici", "subgroup": "Strutture Varie", "subcategory": "Edificio"}, "geometry": {"type": "Point", "coordinates": [10.903612429, 43.051827629]}}, {"type": "Feature", "properties": {"wikidata": "Q3669553", "name": "chiesa di San Bartolomeo", "status": "done", "osm_id": "way/718509253", "group": "Religione", "subgroup": "Luoghi di Culto", "subcategory": "Chiesa"}, "geometry": {"type": "Point", "coordinates": [10.79253, 43.33302]}}, {"type": "Feature", "properties": {"wikidata": "Q3669671", "name": "chiesa di San Biagio", "status": "missing", "osm_id": null, "group": "Religione", "subgroup": "Luoghi di Culto", "subcategory": "Chiesa"}, "geometry": {"type": "Point", "coordinates": [11.66996, 42.94716]}}, {"type": "Feature", "properties": {"wikidata": "Q3867251", "name": "mura di Campagnatico", "status": "missing", "osm_id": null, "group": "Fortificazioni e militare", "subgroup": "Fortificazioni", "subcategory": "Mura cittadine"}, "geometry": {"type": "Point", "coordinates": [11.278138888, 42.88225]}}, {"type": "Feature", "properties": {"wikidata": "Q3669565", "name": "chiesa di San Bartolomeo al Pozzo", "status": "done", "osm_id": "way/720997567", "group": "Religione", "subgroup": "Luoghi di Culto", "subcategory": "Chiesa"}, "geometry": {"type": "Point", "coordinates": [11.58499, 43.55055]}}, {"type": "Feature", "properties": {"wikidata": "Q3669668", "name": "chiesa di San Biagio", "status": "done", "osm_id": "way/785092546", "group": "Religione", "subgroup": "Luoghi di Culto", "subcategory": "Chiesa"}, "geometry": {"type": "Point", "coordinates": [10.9272, 42.89619]}}, {"type": "Feature", "properties": {"wikidata": "Q3862689", "name": "monumento funebre di Carlo Marsuppini", "status": "missing", "osm_id": null, "group": "Altro", "subgroup": "Altro", "subcategory": "Altro"}, "geometry": {"type": "Point", "coordinates": [11.2631, 43.7684]}}, {"type": "Feature", "properties": {"wikidata": "Q3669543", "name": "chiesa di San Bartolomeo", "status": "done", "osm_id": "way/143736191", "group": "Religione", "subgroup": "Luoghi di Culto", "subcategory": "Chiesa"}, "geometry": {"type": "Point", "coordinates": [10.8092, 43.93364]}}, {"type": "Feature", "properties": {"wikidata": "Q3669760", "name": "chiesa di San Cassiano in Padule", "status": "done", "osm_id": "way/388314072", "group": "Religione", "subgroup": "Luoghi di Culto", "subcategory": "Chiesa"}, "geometry": {"type": "Point", "coordinates": [11.46584, 43.961489]}}, {"type": "Feature", "properties": {"wikidata": "Q3669598", "name": "chiesa di San Benedetto", "status": "done", "osm_id": "way/35037741", "group": "Religione", "subgroup": "Luoghi di Culto", "subcategory": "Chiesa"}, "geometry": {"type": "Point", "coordinates": [10.315015, 43.550318]}}, {"type": "Feature", "properties": {"wikidata": "Q3669605", "name": "chiesa di San Benedetto", "status": "done", "osm_id": "way/724827892", "group": "Religione", "subgroup": "Luoghi di Culto", "subcategory": "Chiesa"}, "geometry": {"type": "Point", "coordinates": [11.4072, 42.6371]}}, {"type": "Feature", "properties": {"wikidata": "Q3669758", "name": "chiesa di San Cassiano a Vico", "status": "done", "osm_id": "way/187203428", "group": "Religione", "subgroup": "Luoghi di Culto", "subcategory": "Chiesa"}, "geometry": {"type": "Point", "coordinates": [10.53985, 43.86965278]}}, {"type": "Feature", "properties": {"wikidata": "Q3669704", "name": "chiesa di San Biagio ai Mori", "status": "done", "osm_id": "way/720997871", "group": "Religione", "subgroup": "Luoghi di Culto", "subcategory": "Chiesa"}, "geometry": {"type": "Point", "coordinates": [11.584733333, 43.551216666]}}, {"type": "Feature", "properties": {"wikidata": "Q3669703", "name": "chiesa di San Biagio", "status": "done", "osm_id": "way/591891475", "group": "Religione", "subgroup": "Luoghi di Culto", "subcategory": "Chiesa"}, "geometry": {"type": "Point", "coordinates": [11.60935, 43.03646]}}, {"type": "Feature", "properties": {"wikidata": "Q3669556", "name": "chiesa di San Bartolomeo", "status": "done", "osm_id": "way/277628392", "group": "Religione", "subgroup": "Luoghi di Culto", "subcategory": "Chiesa"}, "geometry": {"type": "Point", "coordinates": [10.56231, 43.46005]}}, {"type": "Feature", "properties": {"wikidata": "Q3669496", "name": "chiesa di San Bartolomeo", "status": "done", "osm_id": "way/175084322", "group": "Religione", "subgroup": "Luoghi di Culto", "subcategory": "Chiesa"}, "geometry": {"type": "Point", "coordinates": [10.65318, 43.90386]}}, {"type": "Feature", "properties": {"wikidata": "Q3672988", "name": "chiesa di Santa Cristina", "status": "done", "osm_id": "way/120123617", "group": "Religione", "subgroup": "Luoghi di Culto", "subcategory": "Chiesa"}, "geometry": {"type": "Point", "coordinates": [11.211, 43.6081]}}, {"type": "Feature", "properties": {"wikidata": "Q3673017", "name": "chiesa di Santa Croce", "status": "done", "osm_id": "way/183842465", "group": "Religione", "subgroup": "Luoghi di Culto", "subcategory": "Chiesa"}, "geometry": {"type": "Point", "coordinates": [10.49181111, 42.98995278]}}, {"type": "Feature", "properties": {"wikidata": "Q3672937", "name": "chiesa di Santa Caterina da Siena a Coverciano", "status": "done", "osm_id": "way/305721113", "group": "Religione", "subgroup": "Luoghi di Culto", "subcategory": "Chiesa"}, "geometry": {"type": "Point", "coordinates": [11.29779, 43.77171]}}, {"type": "Feature", "properties": {"wikidata": "Q3672885", "name": "chiesa di Santa Barbara", "status": "missing", "osm_id": null, "group": "Religione", "subgroup": "Luoghi di Culto", "subcategory": "Ex chiesa"}, "geometry": {"type": "Point", "coordinates": [10.312343, 43.551802]}}, {"type": "Feature", "properties": {"wikidata": "Q3683483", "name": "colonia marina Giuseppina Saragat", "status": "missing", "osm_id": null, "group": "Altro", "subgroup": "Altro", "subcategory": "Altro"}, "geometry": {"type": "Point", "coordinates": [10.971555555, 42.726166666]}}, {"type": "Feature", "properties": {"wikidata": "Q3672968", "name": "chiesa di Santa Chiara", "status": "done", "osm_id": "way/282385626", "group": "Religione", "subgroup": "Luoghi di Culto", "subcategory": "Chiesa"}, "geometry": {"type": "Point", "coordinates": [11.09972222, 43.87673889]}}, {"type": "Feature", "properties": {"wikidata": "Q3672976", "name": "chiesa di Santa Chiara", "status": "done", "osm_id": "way/456583835", "group": "Religione", "subgroup": "Luoghi di Culto", "subcategory": "Chiesa"}, "geometry": {"type": "Point", "coordinates": [10.85174179, 43.40755844]}}, {"type": "Feature", "properties": {"wikidata": "Q3672955", "name": "chiesa di Santa Chiara", "status": "done", "osm_id": "way/712589263", "group": "Religione", "subgroup": "Luoghi di Culto", "subcategory": "Chiesa"}, "geometry": {"type": "Point", "coordinates": [11.989089, 43.275561]}}, {"type": "Feature", "properties": {"wikidata": "Q3672967", "name": "chiesa di Santa Chiara", "status": "done", "osm_id": "way/701045442", "group": "Religione", "subgroup": "Luoghi di Culto", "subcategory": "Chiesa"}, "geometry": {"type": "Point", "coordinates": [10.39566, 43.72176]}}, {"type": "Feature", "properties": {"wikidata": "Q3673053", "name": "chiesa di Santa Felicita al Fiume di Gattaia", "status": "done", "osm_id": "way/388314078", "group": "Religione", "subgroup": "Luoghi di Culto", "subcategory": "Chiesa"}, "geometry": {"type": "Point", "coordinates": [11.47023, 43.988595]}}, {"type": "Feature", "properties": {"wikidata": "Q3672897", "name": "chiesa di Santa Brigida al Paradiso", "status": "done", "osm_id": "node/5328055520", "group": "Religione", "subgroup": "Luoghi di Culto", "subcategory": "Chiesa"}, "geometry": {"type": "Point", "coordinates": [11.286471, 43.752863]}}, {"type": "Feature", "properties": {"wikidata": "Q3673069", "name": "chiesa di Santa Giulia", "status": "done", "osm_id": "way/180547756", "group": "Religione", "subgroup": "Luoghi di Culto", "subcategory": "Chiesa"}, "geometry": {"type": "Point", "coordinates": [10.50667, 43.84286]}}, {"type": "Feature", "properties": {"wikidata": "Q3673043", "name": "chiesa di Santa Elisabetta delle Convertite", "status": "done", "osm_id": "way/306378161", "group": "Religione", "subgroup": "Luoghi di Culto", "subcategory": "Chiesa"}, "geometry": {"type": "Point", "coordinates": [11.24430833, 43.76544722]}}, {"type": "Feature", "properties": {"wikidata": "Q3683040", "name": "Collezione Contini Bonacossi", "status": "missing", "osm_id": null, "group": "Cultura e tempo libero", "subgroup": "Musei", "subcategory": "Museo"}, "geometry": {"type": "Point", "coordinates": [11.2549, 43.7687]}}, {"type": "Feature", "properties": {"wikidata": "Q3683477", "name": "Colonia dei Fasci Italiani all'Estero", "status": "done", "osm_id": "way/207811483", "group": "Altro", "subgroup": "Altro", "subcategory": "Altro"}, "geometry": {"type": "Point", "coordinates": [10.29646944, 43.59191111]}}, {"type": "Feature", "properties": {"wikidata": "Q3672905", "name": "chiesa di Santa Caterina", "status": "done", "osm_id": "way/180240244", "group": "Religione", "subgroup": "Luoghi di Culto", "subcategory": "Chiesa"}, "geometry": {"type": "Point", "coordinates": [10.49860556, 43.84226111]}}, {"type": "Feature", "properties": {"wikidata": "Q3672985", "name": "chiesa di Santa Cristina", "status": "done", "osm_id": "way/303170124", "group": "Religione", "subgroup": "Luoghi di Culto", "subcategory": "Oratorio"}, "geometry": {"type": "Point", "coordinates": [11.02926, 43.94603]}}, {"type": "Feature", "properties": {"wikidata": "Q3683466", "name": "Colonia Firenze", "status": "done", "osm_id": "relation/16365263", "group": "Altro", "subgroup": "Altro", "subcategory": "Altro"}, "geometry": {"type": "Point", "coordinates": [10.29203056, 43.60299444]}}, {"type": "Feature", "properties": {"wikidata": "Q3683007", "name": "Collesino", "status": "done", "osm_id": "node/1003630489", "group": "Insediamenti", "subgroup": "Centri", "subcategory": "Frazione"}, "geometry": {"type": "Point", "coordinates": [10.04225, 44.31726]}}, {"type": "Feature", "properties": {"wikidata": "Q3672993", "name": "chiesa di Santa Cristina", "status": "missing", "osm_id": null, "group": "Religione", "subgroup": "Luoghi di Culto", "subcategory": "Chiesa"}, "geometry": {"type": "Point", "coordinates": [11.81505, 43.461]}}, {"type": "Feature", "properties": {"wikidata": "Q3672999", "name": "chiesa di Santa Croce", "status": "done", "osm_id": "way/728256857", "group": "Religione", "subgroup": "Luoghi di Culto", "subcategory": "Chiesa"}, "geometry": {"type": "Point", "coordinates": [11.67834, 42.880191]}}, {"type": "Feature", "properties": {"wikidata": "Q3673093", "name": "chiesa di Santa Lucia", "status": "done", "osm_id": "way/88625749", "group": "Religione", "subgroup": "Luoghi di Culto", "subcategory": "Chiesa"}, "geometry": {"type": "Point", "coordinates": [11.22725, 43.74035]}}, {"type": "Feature", "properties": {"wikidata": "Q3672989", "name": "chiesa di Santa Cristina", "status": "done", "osm_id": "way/99843197", "group": "Religione", "subgroup": "Luoghi di Culto", "subcategory": "Chiesa"}, "geometry": {"type": "Point", "coordinates": [11.28593, 43.66778]}}, {"type": "Feature", "properties": {"wikidata": "Q3673083", "name": "chiesa di Santa Liberata", "status": "missing", "osm_id": null, "group": "Religione", "subgroup": "Luoghi di Culto", "subcategory": "Ex chiesa"}, "geometry": {"type": "Point", "coordinates": [10.91926, 43.93418]}}, {"type": "Feature", "properties": {"wikidata": "Q3683469", "name": "Colonia Principi di Piemonte", "status": "done", "osm_id": "way/669693822", "group": "Altro", "subgroup": "Altro", "subcategory": "Altro"}, "geometry": {"type": "Point", "coordinates": [10.29254722, 43.60008333]}}, {"type": "Feature", "properties": {"wikidata": "Q3672906", "name": "chiesa di Santa Caterina", "status": "done", "osm_id": "way/213345267", "group": "Religione", "subgroup": "Luoghi di Culto", "subcategory": "Chiesa"}, "geometry": {"type": "Point", "coordinates": [10.16962, 42.78957]}}, {"type": "Feature", "properties": {"wikidata": "Q3672953", "name": "chiesa di Santa Chiara", "status": "missing", "osm_id": null, "group": "Religione", "subgroup": "Luoghi di Culto", "subcategory": "Chiesa"}, "geometry": {"type": "Point", "coordinates": [11.925361, 43.341071]}}, {"type": "Feature", "properties": {"wikidata": "Q3683470", "name": "Colonia Regina Elena", "status": "done", "osm_id": "way/669688925", "group": "Dimore ed edifici", "subgroup": "Strutture Varie", "subcategory": "Edificio"}, "geometry": {"type": "Point", "coordinates": [10.29265278, 43.59836389]}}, {"type": "Feature", "properties": {"wikidata": "Q3673104", "name": "chiesa di Santa Lucia", "status": "done", "osm_id": "way/722764877", "group": "Altro", "subgroup": "Altro", "subcategory": "Altro"}, "geometry": {"type": "Point", "coordinates": [11.78284, 43.09554]}}, {"type": "Feature", "properties": {"wikidata": "Q3673010", "name": "chiesa di Santa Croce", "status": "done", "osm_id": "way/713911867", "group": "Religione", "subgroup": "Luoghi di Culto", "subcategory": "Chiesa"}, "geometry": {"type": "Point", "coordinates": [11.4907, 43.05698]}}, {"type": "Feature", "properties": {"wikidata": "Q3673097", "name": "chiesa di Santa Lucia", "status": "done", "osm_id": "way/86572792", "group": "Religione", "subgroup": "Luoghi di Culto", "subcategory": "Chiesa"}, "geometry": {"type": "Point", "coordinates": [10.32329722, 43.49777778]}}, {"type": "Feature", "properties": {"wikidata": "Q3672815", "name": "chiesa di Sant'Eustachio", "status": "done", "osm_id": "way/698298048", "group": "Religione", "subgroup": "Luoghi di Culto", "subcategory": "Chiesa"}, "geometry": {"type": "Point", "coordinates": [10.17914, 44.02413]}}, {"type": "Feature", "properties": {"wikidata": "Q3682932", "name": "collegiata di Santo Stefano", "status": "done", "osm_id": "way/277728471", "group": "Altro", "subgroup": "Altro", "subcategory": "Altro"}, "geometry": {"type": "Point", "coordinates": [12.04104, 43.66915]}}, {"type": "Feature", "properties": {"wikidata": "Q3673012", "name": "chiesa di Santa Croce", "status": "done", "osm_id": "node/540660235", "group": "Religione", "subgroup": "Luoghi di Culto", "subcategory": "Chiesa"}, "geometry": {"type": "Point", "coordinates": [10.91805, 43.13397]}}, {"type": "Feature", "properties": {"wikidata": "Q3672852", "name": "chiesa di Sant'Jacopo a Coldaia", "status": "missing", "osm_id": null, "group": "Religione", "subgroup": "Luoghi di Culto", "subcategory": "Chiesa"}, "geometry": {"type": "Point", "coordinates": [11.32635, 43.97290556]}}, {"type": "Feature", "properties": {"wikidata": "Q3673023", "name": "chiesa di Santa Croce", "status": "done", "osm_id": "way/714332504", "group": "Altro", "subgroup": "Altro", "subcategory": "Altro"}, "geometry": {"type": "Point", "coordinates": [11.73707, 43.2126]}}, {"type": "Feature", "properties": {"wikidata": "Q3683387", "name": "Colognora di Pescaglia", "status": "done", "osm_id": "node/579471738", "group": "Insediamenti", "subgroup": "Centri", "subcategory": "Frazione"}, "geometry": {"type": "Point", "coordinates": [10.4625, 43.9825]}}, {"type": "Feature", "properties": {"wikidata": "Q3673034", "name": "chiesa di Santa Croce", "status": "done", "osm_id": "way/159379558", "group": "Religione", "subgroup": "Luoghi di Culto", "subcategory": "Chiesa"}, "geometry": {"type": "Point", "coordinates": [10.9269, 43.78709]}}, {"type": "Feature", "properties": {"wikidata": "Q3683473", "name": "Colonia Torino", "status": "missing", "osm_id": null, "group": "Altro", "subgroup": "Altro", "subcategory": "Altro"}, "geometry": {"type": "Point", "coordinates": [10.09133056, 44.01342222]}}, {"type": "Feature", "properties": {"wikidata": "Q3673107", "name": "chiesa di Santa Lucia", "status": "done", "osm_id": "way/455271448", "group": "Religione", "subgroup": "Luoghi di Culto", "subcategory": "Chiesa"}, "geometry": {"type": "Point", "coordinates": [11.65064, 43.15289]}}, {"type": "Feature", "properties": {"wikidata": "Q3672912", "name": "chiesa di Santa Caterina", "status": "done", "osm_id": "way/303165494", "group": "Religione", "subgroup": "Luoghi di Culto", "subcategory": "Chiesa"}, "geometry": {"type": "Point", "coordinates": [10.7904, 44.05562]}}, {"type": "Feature", "properties": {"wikidata": "Q3672945", "name": "chiesa di Santa Cecilia", "status": "done", "osm_id": "way/48058463", "group": "Religione", "subgroup": "Luoghi di Culto", "subcategory": "Chiesa"}, "geometry": {"type": "Point", "coordinates": [10.40339, 43.71837]}}, {"type": "Feature", "properties": {"wikidata": "Q3672981", "name": "chiesa di Santa Cristiana", "status": "done", "osm_id": "way/342806520", "group": "Religione", "subgroup": "Luoghi di Culto", "subcategory": "Chiesa"}, "geometry": {"type": "Point", "coordinates": [10.78168, 43.71059]}}, {"type": "Feature", "properties": {"wikidata": "Q3672896", "name": "chiesa di Santa Brigida", "status": "done", "osm_id": "way/387386611", "group": "Religione", "subgroup": "Luoghi di Culto", "subcategory": "Chiesa"}, "geometry": {"type": "Point", "coordinates": [11.39493333, 43.85234444]}}, {"type": "Feature", "properties": {"wikidata": "Q3672909", "name": "chiesa di Santa Caterina", "status": "done", "osm_id": "way/312145697", "group": "Religione", "subgroup": "Luoghi di Culto", "subcategory": "Chiesa"}, "geometry": {"type": "Point", "coordinates": [11.67153, 43.07913]}}, {"type": "Feature", "properties": {"wikidata": "Q3672944", "name": "chiesa di Santa Cecilia alla Pace", "status": "missing", "osm_id": null, "group": "Religione", "subgroup": "Luoghi di Culto", "subcategory": "Chiesa"}, "geometry": {"type": "Point", "coordinates": [11.803133333, 43.261988888]}}, {"type": "Feature", "properties": {"wikidata": "Q3683464", "name": "Colonia Ettore Motta", "status": "missing", "osm_id": null, "group": "Altro", "subgroup": "Altro", "subcategory": "Altro"}, "geometry": {"type": "Point", "coordinates": [10.086710236, 44.015749853]}}, {"type": "Feature", "properties": {"wikidata": "Q3672837", "name": "chiesa di Sant'Ilario", "status": "done", "osm_id": "way/325947915", "group": "Religione", "subgroup": "Luoghi di Culto", "subcategory": "Chiesa"}, "geometry": {"type": "Point", "coordinates": [11.33487, 43.84103]}}, {"type": "Feature", "properties": {"wikidata": "Q3672942", "name": "chiesa di Santa Cecilia", "status": "missing", "osm_id": null, "group": "Religione", "subgroup": "Luoghi di Culto", "subcategory": "Chiesa"}, "geometry": {"type": "Point", "coordinates": [11.25481389, 43.76966944]}}, {"type": "Feature", "properties": {"wikidata": "Q3672822", "name": "chiesa di Sant'Ignazio", "status": "done", "osm_id": "relation/10002496", "group": "Religione", "subgroup": "Luoghi di Culto", "subcategory": "Ex chiesa"}, "geometry": {"type": "Point", "coordinates": [11.88082981, 43.4658699]}}, {"type": "Feature", "properties": {"wikidata": "Q3672997", "name": "chiesa di Santa Cristina", "status": "done", "osm_id": "way/539434498", "group": "Religione", "subgroup": "Luoghi di Culto", "subcategory": "Chiesa"}, "geometry": {"type": "Point", "coordinates": [11.04941, 43.80618]}}, {"type": "Feature", "properties": {"wikidata": "Q3672984", "name": "chiesa di Santa Cristina", "status": "done", "osm_id": "way/704496667", "group": "Religione", "subgroup": "Luoghi di Culto", "subcategory": "Chiesa"}, "geometry": {"type": "Point", "coordinates": [10.4033, 43.79273]}}, {"type": "Feature", "properties": {"wikidata": "Q3672939", "name": "chiesa di Santa Caterina delle Ruote", "status": "done", "osm_id": "way/785433282", "group": "Religione", "subgroup": "Luoghi di Culto", "subcategory": "Chiesa"}, "geometry": {"type": "Point", "coordinates": [11.76234, 42.75418]}}, {"type": "Feature", "properties": {"wikidata": "Q3672839", "name": "chiesa di Sant'Ilario a Settimo", "status": "done", "osm_id": "way/100143607", "group": "Religione", "subgroup": "Luoghi di Culto", "subcategory": "Chiesa"}, "geometry": {"type": "Point", "coordinates": [11.12526, 43.7624]}}, {"type": "Feature", "properties": {"wikidata": "Q3673046", "name": "chiesa di Santa Eufrasia", "status": "done", "osm_id": "way/669784441", "group": "Religione", "subgroup": "Luoghi di Culto", "subcategory": "Chiesa"}, "geometry": {"type": "Point", "coordinates": [10.39828, 43.71972]}}, {"type": "Feature", "properties": {"wikidata": "Q3673022", "name": "chiesa di Santa Croce", "status": "missing", "osm_id": null, "group": "Religione", "subgroup": "Luoghi di Culto", "subcategory": "Chiesa"}, "geometry": {"type": "Point", "coordinates": [11.540375, 42.73075]}}, {"type": "Feature", "properties": {"wikidata": "Q3683482", "name": "Colonia marina Edoardo Agnelli", "status": "missing", "osm_id": null, "group": "Altro", "subgroup": "Altro", "subcategory": "Altro"}, "geometry": {"type": "Point", "coordinates": [10.07434167, 44.02280833]}}, {"type": "Feature", "properties": {"wikidata": "Q3672970", "name": "chiesa di Santa Chiara", "status": "done", "osm_id": "way/729223923", "group": "Religione", "subgroup": "Luoghi di Culto", "subcategory": "Chiesa"}, "geometry": {"type": "Point", "coordinates": [11.586466, 42.830621]}}, {"type": "Feature", "properties": {"wikidata": "Q3672996", "name": "chiesa di Santa Cristina", "status": "done", "osm_id": "way/705598761", "group": "Religione", "subgroup": "Luoghi di Culto", "subcategory": "Chiesa"}, "geometry": {"type": "Point", "coordinates": [10.67529964, 43.74312973]}}, {"type": "Feature", "properties": {"wikidata": "Q3672994", "name": "chiesa di Santa Cristina", "status": "missing", "osm_id": null, "group": "Religione", "subgroup": "Luoghi di Culto", "subcategory": "Chiesa"}, "geometry": {"type": "Point", "coordinates": [11.71028, 43.81961]}}, {"type": "Feature", "properties": {"wikidata": "Q3672901", "name": "chiesa di Santa Caterina", "status": "done", "osm_id": "way/927861004", "group": "Religione", "subgroup": "Luoghi di Culto", "subcategory": "Chiesa"}, "geometry": {"type": "Point", "coordinates": [11.11621, 43.42108]}}, {"type": "Feature", "properties": {"wikidata": "Q3673105", "name": "chiesa di Santa Lucia", "status": "done", "osm_id": "way/35969917", "group": "Religione", "subgroup": "Luoghi di Culto", "subcategory": "Chiesa"}, "geometry": {"type": "Point", "coordinates": [10.3418, 43.8908]}}, {"type": "Feature", "properties": {"wikidata": "Q3672961", "name": "chiesa di Santa Chiara", "status": "done", "osm_id": "way/32571637", "group": "Religione", "subgroup": "Luoghi di Culto", "subcategory": "Chiesa"}, "geometry": {"type": "Point", "coordinates": [10.19883, 42.80493]}}, {"type": "Feature", "properties": {"wikidata": "Q3672904", "name": "chiesa di Santa Caterina", "status": "done", "osm_id": "way/121984159", "group": "Religione", "subgroup": "Luoghi di Culto", "subcategory": "Chiesa"}, "geometry": {"type": "Point", "coordinates": [10.30823, 43.5549]}}, {"type": "Feature", "properties": {"wikidata": "Q3672963", "name": "chiesa di Santa Chiara", "status": "done", "osm_id": "way/229001888", "group": "Religione", "subgroup": "Luoghi di Culto", "subcategory": "Chiesa"}, "geometry": {"type": "Point", "coordinates": [11.72438, 43.33186]}}, {"type": "Feature", "properties": {"wikidata": "Q3672960", "name": "chiesa di Santa Chiara", "status": "done", "osm_id": "way/164941017", "group": "Religione", "subgroup": "Luoghi di Culto", "subcategory": "Chiesa"}, "geometry": {"type": "Point", "coordinates": [10.14498, 44.03438]}}, {"type": "Feature", "properties": {"wikidata": "Q3672914", "name": "chiesa di Santa Caterina", "status": "done", "osm_id": "way/800732481", "group": "Religione", "subgroup": "Luoghi di Culto", "subcategory": "Chiesa"}, "geometry": {"type": "Point", "coordinates": [10.86133333, 43.68088889]}}, {"type": "Feature", "properties": {"wikidata": "Q3673003", "name": "chiesa di Santa Croce", "status": "missing", "osm_id": null, "group": "Religione", "subgroup": "Luoghi di Culto", "subcategory": "Chiesa"}, "geometry": {"type": "Point", "coordinates": [11.8890641, 43.4632407]}}, {"type": "Feature", "properties": {"wikidata": "Q3673112", "name": "chiesa di Santa Lucia", "status": "done", "osm_id": "way/303201129", "group": "Religione", "subgroup": "Luoghi di Culto", "subcategory": "Chiesa"}, "geometry": {"type": "Point", "coordinates": [10.9008, 43.9557]}}, {"type": "Feature", "properties": {"wikidata": "Q3672834", "name": "chiesa di Sant'Ilario", "status": "done", "osm_id": "way/696053970", "group": "Religione", "subgroup": "Luoghi di Culto", "subcategory": "Chiesa"}, "geometry": {"type": "Point", "coordinates": [9.88078, 44.380446]}}, {"type": "Feature", "properties": {"wikidata": "Q3672790", "name": "chiesa di Sant'Ermete", "status": "done", "osm_id": "way/58644786", "group": "Religione", "subgroup": "Luoghi di Culto", "subcategory": "Chiesa"}, "geometry": {"type": "Point", "coordinates": [10.17101, 43.96043]}}, {"type": "Feature", "properties": {"wikidata": "Q3672833", "name": "antica chiesa di Sant'Ilario", "status": "missing", "osm_id": null, "group": "Religione", "subgroup": "Luoghi di Culto", "subcategory": "Ex chiesa"}, "geometry": {"type": "Point", "coordinates": [10.916627777, 43.934205555]}}, {"type": "Feature", "properties": {"wikidata": "Q3672799", "name": "chiesa dei Santi Eugenia e Vittorio", "status": "done", "osm_id": "way/185233688", "group": "Religione", "subgroup": "Luoghi di Culto", "subcategory": "Chiesa"}, "geometry": {"type": "Point", "coordinates": [11.347111, 43.316083]}}, {"type": "Feature", "properties": {"wikidata": "Q3672990", "name": "chiesa di Santa Cristina", "status": "done", "osm_id": "way/696054694", "group": "Religione", "subgroup": "Luoghi di Culto", "subcategory": "Chiesa"}, "geometry": {"type": "Point", "coordinates": [9.88573, 44.37529]}}, {"type": "Feature", "properties": {"wikidata": "Q3673051", "name": "chiesa di Santa Felicita", "status": "done", "osm_id": "way/422794046", "group": "Religione", "subgroup": "Luoghi di Culto", "subcategory": "Chiesa"}, "geometry": {"type": "Point", "coordinates": [10.17535, 44.19961]}}, {"type": "Feature", "properties": {"wikidata": "Q3683472", "name": "Colonia Rosa Maltoni Mussolini", "status": "done", "osm_id": "relation/15559759", "group": "Altro", "subgroup": "Altro", "subcategory": "Altro"}, "geometry": {"type": "Point", "coordinates": [10.294536111, 43.594741666]}}, {"type": "Feature", "properties": {"wikidata": "Q3672859", "name": "chiesa di Sant'Onofrio", "status": "missing", "osm_id": null, "group": "Religione", "subgroup": "Luoghi di Culto", "subcategory": "Chiesa"}, "geometry": {"type": "Point", "coordinates": [11.260347, 43.767464]}}, {"type": "Feature", "properties": {"wikidata": "Q3672995", "name": "chiesa di Santa Cristina", "status": "done", "osm_id": "way/325084798", "group": "Religione", "subgroup": "Luoghi di Culto", "subcategory": "Chiesa"}, "geometry": {"type": "Point", "coordinates": [11.11956, 43.87751]}}, {"type": "Feature", "properties": {"wikidata": "Q3673065", "name": "chiesa di Santa Giulia", "status": "done", "osm_id": "way/1070318719", "group": "Religione", "subgroup": "Luoghi di Culto", "subcategory": "Chiesa"}, "geometry": {"type": "Point", "coordinates": [10.310079, 43.550103]}}, {"type": "Feature", "properties": {"wikidata": "Q3673090", "name": "chiesa di Santa Lucia", "status": "missing", "osm_id": null, "group": "Religione", "subgroup": "Luoghi di Culto", "subcategory": "Chiesa"}, "geometry": {"type": "Point", "coordinates": [11.549016666, 42.895147222]}}, {"type": "Feature", "properties": {"wikidata": "Q3672831", "name": "chiesa di Sant'Ilario", "status": "missing", "osm_id": null, "group": "Religione", "subgroup": "Luoghi di Culto", "subcategory": "Chiesa"}, "geometry": {"type": "Point", "coordinates": [10.215475, 42.764067]}}, {"type": "Feature", "properties": {"wikidata": "Q3672840", "name": "chiesa di Sant'Ilario", "status": "done", "osm_id": "way/369418145", "group": "Religione", "subgroup": "Luoghi di Culto", "subcategory": "Chiesa"}, "geometry": {"type": "Point", "coordinates": [10.53752778, 43.93517222]}}, {"type": "Feature", "properties": {"wikidata": "Q3673098", "name": "chiesa di Santa Lucia", "status": "done", "osm_id": "way/940077728", "group": "Religione", "subgroup": "Luoghi di Culto", "subcategory": "Chiesa"}, "geometry": {"type": "Point", "coordinates": [11.63675, 43.60907]}}, {"type": "Feature", "properties": {"wikidata": "Q3672969", "name": "Chiesa di Santa Chiara", "status": "missing", "osm_id": null, "group": "Dimore ed edifici", "subgroup": "Strutture Varie", "subcategory": "Edificio"}, "geometry": {"type": "Point", "coordinates": [12.139083333, 43.570277777]}}, {"type": "Feature", "properties": {"wikidata": "Q3683049", "name": "Collezione Titta Ruffo", "status": "missing", "osm_id": null, "group": "Cultura e tempo libero", "subgroup": "Musei", "subcategory": "Museo"}, "geometry": {"type": "Point", "coordinates": [10.405505555, 43.716369444]}}, {"type": "Feature", "properties": {"wikidata": "Q3682999", "name": "Collegnago", "status": "done", "osm_id": "node/1293346736", "group": "Insediamenti", "subgroup": "Centri", "subcategory": "Frazione"}, "geometry": {"type": "Point", "coordinates": [10.15473, 44.2384]}}, {"type": "Feature", "properties": {"wikidata": "Q3672898", "name": "chiesa di Santa Caterina", "status": "missing", "osm_id": null, "group": "Religione", "subgroup": "Luoghi di Culto", "subcategory": "Chiesa"}, "geometry": {"type": "Point", "coordinates": [11.88194, 43.46576]}}, {"type": "Feature", "properties": {"wikidata": "Q3683474", "name": "Colonia Vittorio Emanuele II", "status": "done", "osm_id": "way/436003312", "group": "Altro", "subgroup": "Altro", "subcategory": "Altro"}, "geometry": {"type": "Point", "coordinates": [10.29144444, 43.60565278]}}, {"type": "Feature", "properties": {"wikidata": "Q3672836", "name": "chiesa di Sant'Ilario a Colombaia", "status": "done", "osm_id": "way/305677297", "group": "Religione", "subgroup": "Luoghi di Culto", "subcategory": "Chiesa"}, "geometry": {"type": "Point", "coordinates": [11.23907, 43.75752]}}, {"type": "Feature", "properties": {"wikidata": "Q3673027", "name": "chiesa di Santa Croce", "status": "done", "osm_id": "way/713548153", "group": "Religione", "subgroup": "Luoghi di Culto", "subcategory": "Chiesa"}, "geometry": {"type": "Point", "coordinates": [11.771975, 43.167030555]}}, {"type": "Feature", "properties": {"wikidata": "Q3867637", "name": "Museo Richard-Ginori della Manifattura di Doccia", "status": "done", "osm_id": "node/2209858755", "group": "Cultura e tempo libero", "subgroup": "Musei", "subcategory": "Museo"}, "geometry": {"type": "Point", "coordinates": [11.1891, 43.8372]}}, {"type": "Feature", "properties": {"wikidata": "Q3867286", "name": "mura di Montenero d'Orcia", "status": "missing", "osm_id": null, "group": "Fortificazioni e militare", "subgroup": "Fortificazioni", "subcategory": "Mura cittadine"}, "geometry": {"type": "Point", "coordinates": [11.521388888, 42.911111111]}}, {"type": "Feature", "properties": {"wikidata": "Q3867303", "name": "mura di Pistoia", "status": "missing", "osm_id": null, "group": "Fortificazioni e militare", "subgroup": "Fortificazioni", "subcategory": "Mura cittadine"}, "geometry": {"type": "Point", "coordinates": [10.911882, 43.929664]}}, {"type": "Feature", "properties": {"wikidata": "Q3867668", "name": "Civico museo archeologico di Camaiore", "status": "done", "osm_id": "node/7319468548", "group": "Cultura e tempo libero", "subgroup": "Musei", "subcategory": "Museo archeologico"}, "geometry": {"type": "Point", "coordinates": [10.305222222, 43.937027777]}}, {"type": "Feature", "properties": {"wikidata": "Q3867573", "name": "Museo Bardini", "status": "done", "osm_id": "node/949722969", "group": "Cultura e tempo libero", "subgroup": "Musei", "subcategory": "Museo pubblico"}, "geometry": {"type": "Point", "coordinates": [11.258481, 43.765167]}}, {"type": "Feature", "properties": {"wikidata": "Q3867564", "name": "Museo-Casa natale di Giacomo Puccini", "status": "done", "osm_id": "way/368783139", "group": "Cultura e tempo libero", "subgroup": "Musei", "subcategory": "Museo"}, "geometry": {"type": "Point", "coordinates": [10.501526, 43.843303]}}, {"type": "Feature", "properties": {"wikidata": "Q3867268", "name": "mura di Giuncarico", "status": "missing", "osm_id": null, "group": "Fortificazioni e militare", "subgroup": "Fortificazioni", "subcategory": "Mura cittadine"}, "geometry": {"type": "Point", "coordinates": [10.991944, 42.906944]}}, {"type": "Feature", "properties": {"wikidata": "Q3867292", "name": "mura di Montorio", "status": "missing", "osm_id": null, "group": "Fortificazioni e militare", "subgroup": "Fortificazioni", "subcategory": "Mura cittadine"}, "geometry": {"type": "Point", "coordinates": [11.766944, 42.741667]}}, {"type": "Feature", "properties": {"wikidata": "Q3867317", "name": "mura di Saturnia", "status": "missing", "osm_id": null, "group": "Fortificazioni e militare", "subgroup": "Fortificazioni", "subcategory": "Mura cittadine"}, "geometry": {"type": "Point", "coordinates": [11.504167, 42.666389]}}, {"type": "Feature", "properties": {"wikidata": "Q3867299", "name": "Mura di Pari", "status": "missing", "osm_id": null, "group": "Altro", "subgroup": "Altro", "subcategory": "Altro"}, "geometry": {"type": "Point", "coordinates": [11.319722, 43.063333]}}, {"type": "Feature", "properties": {"wikidata": "Q3867296", "name": "mura di Orbetello", "status": "missing", "osm_id": null, "group": "Fortificazioni e militare", "subgroup": "Fortificazioni", "subcategory": "Mura cittadine"}, "geometry": {"type": "Point", "coordinates": [11.22472, 42.44278]}}, {"type": "Feature", "properties": {"wikidata": "Q3867618", "name": "Museo Masaccio", "status": "done", "osm_id": "node/4540204596", "group": "Cultura e tempo libero", "subgroup": "Musei", "subcategory": "Museo d'arte"}, "geometry": {"type": "Point", "coordinates": [11.530247, 43.675447]}}, {"type": "Feature", "properties": {"wikidata": "Q3867579", "name": "Museo Bologna-Buonsignori", "status": "done", "osm_id": "node/7319009998", "group": "Cultura e tempo libero", "subgroup": "Musei", "subcategory": "Museo"}, "geometry": {"type": "Point", "coordinates": [11.339503, 43.315269]}}, {"type": "Feature", "properties": {"wikidata": "Q3867324", "name": "mura di Sorano", "status": "missing", "osm_id": null, "group": "Fortificazioni e militare", "subgroup": "Fortificazioni", "subcategory": "Mura cittadine"}, "geometry": {"type": "Point", "coordinates": [11.715, 42.68194]}}, {"type": "Feature", "properties": {"wikidata": "Q3867597", "name": "Museo Enrico Caruso", "status": "done", "osm_id": "node/3301546015", "group": "Cultura e tempo libero", "subgroup": "Musei", "subcategory": "Casa museo"}, "geometry": {"type": "Point", "coordinates": [11.082014, 43.766237]}}, {"type": "Feature", "properties": {"wikidata": "Q3867284", "name": "mura di Montemassi", "status": "missing", "osm_id": null, "group": "Fortificazioni e militare", "subgroup": "Fortificazioni", "subcategory": "Mura cittadine"}, "geometry": {"type": "Point", "coordinates": [11.06449444, 42.990325]}}, {"type": "Feature", "properties": {"wikidata": "Q3867270", "name": "Mura di Lastra a Signa", "status": "missing", "osm_id": null, "group": "Altro", "subgroup": "Altro", "subcategory": "Altro"}, "geometry": {"type": "Point", "coordinates": [11.105975, 43.770028]}}, {"type": "Feature", "properties": {"wikidata": "Q3867256", "name": "mura di Cascina", "status": "done", "osm_id": "relation/8938542", "group": "Fortificazioni e militare", "subgroup": "Fortificazioni", "subcategory": "Mura cittadine"}, "geometry": {"type": "Point", "coordinates": [10.54926752, 43.676753114]}}, {"type": "Feature", "properties": {"wikidata": "Q3867297", "name": "Mura di Paganico", "status": "missing", "osm_id": null, "group": "Fortificazioni e militare", "subgroup": "Fortificazioni", "subcategory": "Mura cittadine"}, "geometry": {"type": "Point", "coordinates": [11.27266111, 42.93288333]}}, {"type": "Feature", "properties": {"wikidata": "Q3867633", "name": "Museo Piaggio Giovanni Alberto Agnelli", "status": "done", "osm_id": "node/335577875", "group": "Cultura e tempo libero", "subgroup": "Musei", "subcategory": "Museo"}, "geometry": {"type": "Point", "coordinates": [10.63299, 43.660779]}}, {"type": "Feature", "properties": {"wikidata": "Q3867528", "name": "Museo di storia naturale dell'Accademia dei Fisiocritici", "status": "done", "osm_id": "node/458460120", "group": "Cultura e tempo libero", "subgroup": "Musei", "subcategory": "Museo"}, "geometry": {"type": "Point", "coordinates": [11.330827, 43.314207]}}, {"type": "Feature", "properties": {"wikidata": "Q3867287", "name": "mura di Montepescali", "status": "missing", "osm_id": null, "group": "Fortificazioni e militare", "subgroup": "Fortificazioni", "subcategory": "Mura cittadine"}, "geometry": {"type": "Point", "coordinates": [11.08736111, 42.88325]}}, {"type": "Feature", "properties": {"wikidata": "Q3867328", "name": "mura di Torniella", "status": "missing", "osm_id": null, "group": "Fortificazioni e militare", "subgroup": "Fortificazioni", "subcategory": "Mura cittadine"}, "geometry": {"type": "Point", "coordinates": [11.153889, 43.073889]}}, {"type": "Feature", "properties": {"wikidata": "Q3867276", "name": "mura di Magliano in Toscana", "status": "missing", "osm_id": null, "group": "Altro", "subgroup": "Altro", "subcategory": "Altro"}, "geometry": {"type": "Point", "coordinates": [11.29160278, 42.598825]}}, {"type": "Feature", "properties": {"wikidata": "Q3867254", "name": "mura di Capalbio", "status": "missing", "osm_id": null, "group": "Fortificazioni e militare", "subgroup": "Fortificazioni", "subcategory": "Mura cittadine"}, "geometry": {"type": "Point", "coordinates": [11.41852778, 42.45461111]}}, {"type": "Feature", "properties": {"wikidata": "Q3867280", "name": "mura di Massa Marittima", "status": "missing", "osm_id": null, "group": "Fortificazioni e militare", "subgroup": "Fortificazioni", "subcategory": "Mura cittadine"}, "geometry": {"type": "Point", "coordinates": [10.89261, 43.053]}}, {"type": "Feature", "properties": {"wikidata": "Q3867315", "name": "Mura di San Casciano in Val di Pesa", "status": "missing", "osm_id": null, "group": "Fortificazioni e militare", "subgroup": "Fortificazioni", "subcategory": "Mura cittadine"}, "geometry": {"type": "Point", "coordinates": [11.1841, 43.65708056]}}, {"type": "Feature", "properties": {"wikidata": "Q3867269", "name": "mura di Istia d'Ombrone", "status": "missing", "osm_id": null, "group": "Fortificazioni e militare", "subgroup": "Fortificazioni", "subcategory": "Mura cittadine"}, "geometry": {"type": "Point", "coordinates": [11.19123333, 42.78250278]}}, {"type": "Feature", "properties": {"wikidata": "Q3867277", "name": "mura di Manciano", "status": "missing", "osm_id": null, "group": "Fortificazioni e militare", "subgroup": "Fortificazioni", "subcategory": "Mura cittadine"}, "geometry": {"type": "Point", "coordinates": [11.5163549, 42.5880282]}}, {"type": "Feature", "properties": {"wikidata": "Q3867267", "name": "mura di Giglio Castello", "status": "missing", "osm_id": null, "group": "Altro", "subgroup": "Altro", "subcategory": "Altro"}, "geometry": {"type": "Point", "coordinates": [10.901667, 42.365556]}}, {"type": "Feature", "properties": {"wikidata": "Q3867330", "name": "mura di Travale", "status": "missing", "osm_id": null, "group": "Fortificazioni e militare", "subgroup": "Fortificazioni", "subcategory": "Mura cittadine"}, "geometry": {"type": "Point", "coordinates": [11.008333, 43.167222]}}, {"type": "Feature", "properties": {"wikidata": "Q3867321", "name": "mura di Seggiano", "status": "missing", "osm_id": null, "group": "Fortificazioni e militare", "subgroup": "Fortificazioni", "subcategory": "Mura cittadine"}, "geometry": {"type": "Point", "coordinates": [11.558333, 42.929167]}}, {"type": "Feature", "properties": {"wikidata": "Q3867289", "name": "mura di Montiano", "status": "missing", "osm_id": null, "group": "Fortificazioni e militare", "subgroup": "Fortificazioni", "subcategory": "Mura cittadine"}, "geometry": {"type": "Point", "coordinates": [11.223611, 42.646389]}}, {"type": "Feature", "properties": {"wikidata": "Q3867258", "name": "mura di Castel del Piano", "status": "missing", "osm_id": null, "group": "Fortificazioni e militare", "subgroup": "Fortificazioni", "subcategory": "Mura cittadine"}, "geometry": {"type": "Point", "coordinates": [11.5386714, 42.8934406]}}, {"type": "Feature", "properties": {"wikidata": "Q3867326", "name": "mura di Talamone", "status": "missing", "osm_id": null, "group": "Fortificazioni e militare", "subgroup": "Fortificazioni", "subcategory": "Mura cittadine"}, "geometry": {"type": "Point", "coordinates": [11.133375, 42.55191667]}}, {"type": "Feature", "properties": {"wikidata": "Q3867274", "name": "Mura di Livorno", "status": "missing", "osm_id": null, "group": "Fortificazioni e militare", "subgroup": "Fortificazioni", "subcategory": "Mura cittadine"}, "geometry": {"type": "Point", "coordinates": [10.315175, 43.560522]}}, {"type": "Feature", "properties": {"wikidata": "Q3867282", "name": "mura di Montelaterone", "status": "missing", "osm_id": null, "group": "Fortificazioni e militare", "subgroup": "Fortificazioni", "subcategory": "Mura cittadine"}, "geometry": {"type": "Point", "coordinates": [11.510714, 42.888206]}}, {"type": "Feature", "properties": {"wikidata": "Q3867674", "name": "Museo Archeologico Alto Mugello", "status": "done", "osm_id": "node/5811796182", "group": "Cultura e tempo libero", "subgroup": "Musei", "subcategory": "Museo archeologico"}, "geometry": {"type": "Point", "coordinates": [11.547967, 44.112359]}}, {"type": "Feature", "properties": {"wikidata": "Q3867308", "name": "mura di Roccalbegna", "status": "missing", "osm_id": null, "group": "Fortificazioni e militare", "subgroup": "Fortificazioni", "subcategory": "Mura cittadine"}, "geometry": {"type": "Point", "coordinates": [11.51, 42.786944]}}, {"type": "Feature", "properties": {"wikidata": "Q3867327", "name": "mura di Tatti", "status": "missing", "osm_id": null, "group": "Fortificazioni e militare", "subgroup": "Fortificazioni", "subcategory": "Mura cittadine"}, "geometry": {"type": "Point", "coordinates": [11.026721789, 43.022625602]}}, {"type": "Feature", "properties": {"wikidata": "Q3867306", "name": "mura di Porto Ercole", "status": "missing", "osm_id": null, "group": "Fortificazioni e militare", "subgroup": "Fortificazioni", "subcategory": "Mura cittadine"}, "geometry": {"type": "Point", "coordinates": [11.209861043, 42.390774616]}}, {"type": "Feature", "properties": {"wikidata": "Q3867647", "name": "Museo Torrini", "status": "done", "osm_id": "node/4227367200", "group": "Cultura e tempo libero", "subgroup": "Musei", "subcategory": "Museo"}, "geometry": {"type": "Point", "coordinates": [11.256388888, 43.7735]}}, {"type": "Feature", "properties": {"wikidata": "Q3867260", "name": "mura di Civitella Marittima", "status": "missing", "osm_id": null, "group": "Altro", "subgroup": "Altro", "subcategory": "Altro"}, "geometry": {"type": "Point", "coordinates": [11.279166666, 42.993611111]}}, {"type": "Feature", "properties": {"wikidata": "Q3867574", "name": "Museo Bellini", "status": "done", "osm_id": "way/306379752", "group": "Cultura e tempo libero", "subgroup": "Musei", "subcategory": "Museo"}, "geometry": {"type": "Point", "coordinates": [11.2462, 43.7697]}}, {"type": "Feature", "properties": {"wikidata": "Q3867295", "name": "mura di Montieri", "status": "missing", "osm_id": null, "group": "Fortificazioni e militare", "subgroup": "Fortificazioni", "subcategory": "Mura cittadine"}, "geometry": {"type": "Point", "coordinates": [11.016, 43.131]}}, {"type": "Feature", "properties": {"wikidata": "Q3867275", "name": "mura di Malmantile", "status": "missing", "osm_id": null, "group": "Altro", "subgroup": "Altro", "subcategory": "Altro"}, "geometry": {"type": "Point", "coordinates": [11.07338889, 43.7478]}}, {"type": "Feature", "properties": {"wikidata": "Q3867304", "name": "mura di Pitigliano", "status": "missing", "osm_id": null, "group": "Fortificazioni e militare", "subgroup": "Fortificazioni", "subcategory": "Mura cittadine"}, "geometry": {"type": "Point", "coordinates": [11.66365278, 42.63369444]}}, {"type": "Feature", "properties": {"wikidata": "Q3867259", "name": "mura di Castiglione della Pescaia", "status": "missing", "osm_id": null, "group": "Fortificazioni e militare", "subgroup": "Fortificazioni", "subcategory": "Mura cittadine"}, "geometry": {"type": "Point", "coordinates": [10.87847778, 42.76433333]}}, {"type": "Feature", "properties": {"wikidata": "Q3867312", "name": "mura di Roccatederighi", "status": "missing", "osm_id": null, "group": "Fortificazioni e militare", "subgroup": "Fortificazioni", "subcategory": "Mura cittadine"}, "geometry": {"type": "Point", "coordinates": [11.07968056, 43.02653056]}}, {"type": "Feature", "properties": {"wikidata": "Q3867283", "name": "mura di Montegiovi", "status": "missing", "osm_id": null, "group": "Fortificazioni e militare", "subgroup": "Fortificazioni", "subcategory": "Mura cittadine"}, "geometry": {"type": "Point", "coordinates": [11.5215, 42.911027777]}}, {"type": "Feature", "properties": {"wikidata": "Q3867262", "name": "mura di Cosa", "status": "done", "osm_id": "way/174825761", "group": "Archeologia", "subgroup": "Siti", "subcategory": "Sito archeologico"}, "geometry": {"type": "Point", "coordinates": [11.2885909, 42.4136512]}}, {"type": "Feature", "properties": {"wikidata": "Q3867288", "name": "mura di Monterotondo Marittimo", "status": "missing", "osm_id": null, "group": "Fortificazioni e militare", "subgroup": "Fortificazioni", "subcategory": "Mura cittadine"}, "geometry": {"type": "Point", "coordinates": [10.85646944, 43.145725]}}, {"type": "Feature", "properties": {"wikidata": "Q3867311", "name": "mura di Roccastrada", "status": "missing", "osm_id": null, "group": "Fortificazioni e militare", "subgroup": "Fortificazioni", "subcategory": "Mura cittadine"}, "geometry": {"type": "Point", "coordinates": [11.16882222, 43.00836389]}}, {"type": "Feature", "properties": {"wikidata": "Q3867252", "name": "mura di Cana", "status": "missing", "osm_id": null, "group": "Fortificazioni e militare", "subgroup": "Fortificazioni", "subcategory": "Mura cittadine"}, "geometry": {"type": "Point", "coordinates": [11.423311309, 42.796101153]}}, {"type": "Feature", "properties": {"wikidata": "Q3867318", "name": "mura di Scansano", "status": "missing", "osm_id": null, "group": "Fortificazioni e militare", "subgroup": "Fortificazioni", "subcategory": "Mura cittadine"}, "geometry": {"type": "Point", "coordinates": [11.334722, 42.689722]}}, {"type": "Feature", "properties": {"wikidata": "Q3867305", "name": "mura di Porrona", "status": "missing", "osm_id": null, "group": "Fortificazioni e militare", "subgroup": "Fortificazioni", "subcategory": "Mura cittadine"}, "geometry": {"type": "Point", "coordinates": [11.408611, 42.910833]}}, {"type": "Feature", "properties": {"wikidata": "Q3867301", "name": "mura di Pereta", "status": "missing", "osm_id": null, "group": "Fortificazioni e militare", "subgroup": "Fortificazioni", "subcategory": "Mura cittadine"}, "geometry": {"type": "Point", "coordinates": [11.321944, 42.645]}}, {"type": "Feature", "properties": {"wikidata": "Q3867264", "name": "mura di Gavorrano", "status": "missing", "osm_id": null, "group": "Altro", "subgroup": "Altro", "subcategory": "Altro"}, "geometry": {"type": "Point", "coordinates": [10.908333, 42.925]}}, {"type": "Feature", "properties": {"wikidata": "Q3867294", "name": "mura di Montorsaio", "status": "missing", "osm_id": null, "group": "Fortificazioni e militare", "subgroup": "Fortificazioni", "subcategory": "Mura cittadine"}, "geometry": {"type": "Point", "coordinates": [11.204861111, 42.890916666]}}, {"type": "Feature", "properties": {"wikidata": "Q3867279", "name": "mura di Massa", "status": "missing", "osm_id": null, "group": "Fortificazioni e militare", "subgroup": "Fortificazioni", "subcategory": "Mura cittadine"}, "geometry": {"type": "Point", "coordinates": [10.133, 44.033]}}, {"type": "Feature", "properties": {"wikidata": "Q3867266", "name": "mura di Gerfalco", "status": "missing", "osm_id": null, "group": "Fortificazioni e militare", "subgroup": "Fortificazioni", "subcategory": "Mura cittadine"}, "geometry": {"type": "Point", "coordinates": [10.979444, 43.146389]}}, {"type": "Feature", "properties": {"wikidata": "Q3867285", "name": "mura di Montemerano", "status": "missing", "osm_id": null, "group": "Fortificazioni e militare", "subgroup": "Fortificazioni", "subcategory": "Mura cittadine"}, "geometry": {"type": "Point", "coordinates": [11.488056, 42.621667]}}, {"type": "Feature", "properties": {"wikidata": "Q3867322", "name": "mura di Semproniano", "status": "missing", "osm_id": null, "group": "Fortificazioni e militare", "subgroup": "Fortificazioni", "subcategory": "Mura cittadine"}, "geometry": {"type": "Point", "coordinates": [11.54002778, 42.73108333]}}, {"type": "Feature", "properties": {"wikidata": "Q3867325", "name": "mura di Sovana", "status": "missing", "osm_id": null, "group": "Fortificazioni e militare", "subgroup": "Fortificazioni", "subcategory": "Mura cittadine"}, "geometry": {"type": "Point", "coordinates": [11.64856389, 42.65756667]}}, {"type": "Feature", "properties": {"wikidata": "Q3867313", "name": "mura di Rocchette di Fazio", "status": "missing", "osm_id": null, "group": "Fortificazioni e militare", "subgroup": "Fortificazioni", "subcategory": "Mura cittadine"}, "geometry": {"type": "Point", "coordinates": [11.51068889, 42.73001667]}}, {"type": "Feature", "properties": {"wikidata": "Q3867293", "name": "mura di Monticello Amiata", "status": "missing", "osm_id": null, "group": "Fortificazioni e militare", "subgroup": "Fortificazioni", "subcategory": "Mura cittadine"}, "geometry": {"type": "Point", "coordinates": [11.441875, 42.875042]}}, {"type": "Feature", "properties": {"wikidata": "Q3890704", "name": "Palazzo Pretorio", "status": "done", "osm_id": "way/958673550", "group": "Dimore ed edifici", "subgroup": "Residenze", "subcategory": "Palazzo italiano"}, "geometry": {"type": "Point", "coordinates": [11.120019, 43.422244]}}, {"type": "Feature", "properties": {"wikidata": "Q3890686", "name": "Palazzo Portigiani", "status": "done", "osm_id": "way/307153285", "group": "Dimore ed edifici", "subgroup": "Residenze", "subcategory": "Palazzo"}, "geometry": {"type": "Point", "coordinates": [11.25188056, 43.773025]}}, {"type": "Feature", "properties": {"wikidata": "Q3890640", "name": "Palazzo Peruzzi-Bourbon del Monte", "status": "done", "osm_id": "relation/4100935", "group": "Dimore ed edifici", "subgroup": "Residenze", "subcategory": "Palazzo italiano"}, "geometry": {"type": "Point", "coordinates": [11.25993889, 43.76898889]}}, {"type": "Feature", "properties": {"wikidata": "Q3860479", "name": "Villa Capponi", "status": "done", "osm_id": "way/388490908", "group": "Altro", "subgroup": "Altro", "subcategory": "Altro"}, "geometry": {"type": "Point", "coordinates": [11.205455, 43.844035]}}, {"type": "Feature", "properties": {"wikidata": "Q3861256", "name": "Monte Brusa", "status": "done", "osm_id": "node/279303239", "group": "Natura e paesaggio", "subgroup": "Montagna", "subcategory": "Montagna"}, "geometry": {"type": "Point", "coordinates": [10.0206, 44.3833]}}, {"type": "Feature", "properties": {"wikidata": "Q3860495", "name": "monastero di San Mamiliano", "status": "done", "osm_id": "node/1532763481", "group": "Religione", "subgroup": "Vita Monastica", "subcategory": "Monastero"}, "geometry": {"type": "Point", "coordinates": [10.30215, 42.33763]}}, {"type": "Feature", "properties": {"wikidata": "Q3890781", "name": "Palazzo Rosciano", "status": "done", "osm_id": "relation/1907464", "group": "Dimore ed edifici", "subgroup": "Residenze", "subcategory": "Palazzo"}, "geometry": {"type": "Point", "coordinates": [10.30626667, 43.55386667]}}, {"type": "Feature", "properties": {"wikidata": "Q3890723", "name": "Palazzo Quarantotti", "status": "done", "osm_id": "way/300754030", "group": "Dimore ed edifici", "subgroup": "Residenze", "subcategory": "Palazzo"}, "geometry": {"type": "Point", "coordinates": [10.40105, 43.71775]}}, {"type": "Feature", "properties": {"wikidata": "Q3890759", "name": "Palazzo Ricasoli", "status": "done", "osm_id": "relation/4103609", "group": "Dimore ed edifici", "subgroup": "Residenze", "subcategory": "Palazzo italiano"}, "geometry": {"type": "Point", "coordinates": [11.24816111, 43.77081389]}}, {"type": "Feature", "properties": {"wikidata": "Q3861250", "name": "Monte Braiola", "status": "done", "osm_id": "node/851631700", "group": "Natura e paesaggio", "subgroup": "Montagna", "subcategory": "Montagna"}, "geometry": {"type": "Point", "coordinates": [9.98992, 44.4041]}}, {"type": "Feature", "properties": {"wikidata": "Q3861249", "name": "Monte Bragalata", "status": "done", "osm_id": "node/943460339", "group": "Natura e paesaggio", "subgroup": "Montagna", "subcategory": "Montagna"}, "geometry": {"type": "Point", "coordinates": [10.0778, 44.3569]}}, {"type": "Feature", "properties": {"wikidata": "Q3861191", "name": "Monte Aquila", "status": "done", "osm_id": "node/1066599657", "group": "Natura e paesaggio", "subgroup": "Montagna", "subcategory": "Montagna"}, "geometry": {"type": "Point", "coordinates": [10.00875, 44.38959]}}, {"type": "Feature", "properties": {"wikidata": "Q3890701", "name": "Palazzo Pretorio", "status": "missing", "osm_id": null, "group": "Dimore ed edifici", "subgroup": "Residenze", "subcategory": "Palazzo"}, "geometry": {"type": "Point", "coordinates": [10.88008333, 42.76311111]}}, {"type": "Feature", "properties": {"wikidata": "Q3890638", "name": "Palazzo Pepi", "status": "done", "osm_id": "way/307277597", "group": "Dimore ed edifici", "subgroup": "Residenze", "subcategory": "Palazzo italiano"}, "geometry": {"type": "Point", "coordinates": [11.262425, 43.76936944]}}, {"type": "Feature", "properties": {"wikidata": "Q3861261", "name": "Monte Budrialto", "status": "done", "osm_id": "node/2574789177", "group": "Natura e paesaggio", "subgroup": "Montagna", "subcategory": "Montagna"}, "geometry": {"type": "Point", "coordinates": [11.7148, 44.1224]}}, {"type": "Feature", "properties": {"wikidata": "Q3890690", "name": "Palazzo Poschi", "status": "done", "osm_id": "way/761798357", "group": "Dimore ed edifici", "subgroup": "Residenze", "subcategory": "Palazzo"}, "geometry": {"type": "Point", "coordinates": [10.40198056, 43.71821944]}}, {"type": "Feature", "properties": {"wikidata": "Q3860544", "name": "monastero di Santa Maria", "status": "done", "osm_id": "node/4571406941", "group": "Religione", "subgroup": "Vita Monastica", "subcategory": "Monastero"}, "geometry": {"type": "Point", "coordinates": [11.7436, 43.132216]}}, {"type": "Feature", "properties": {"wikidata": "Q3890761", "name": "Palazzo Ricasoli Firidolfi", "status": "done", "osm_id": "relation/4096883", "group": "Dimore ed edifici", "subgroup": "Residenze", "subcategory": "Palazzo italiano"}, "geometry": {"type": "Point", "coordinates": [11.249575, 43.76755833]}}, {"type": "Feature", "properties": {"wikidata": "Q3890641", "name": "Palazzo Peruzzi", "status": "done", "osm_id": "way/307111265", "group": "Dimore ed edifici", "subgroup": "Residenze", "subcategory": "Palazzo italiano"}, "geometry": {"type": "Point", "coordinates": [11.25887222, 43.76868889]}}, {"type": "Feature", "properties": {"wikidata": "Q3860488", "name": "monastero di San Giovanni evangelista", "status": "missing", "osm_id": null, "group": "Religione", "subgroup": "Vita Monastica", "subcategory": "Monastero"}, "geometry": {"type": "Point", "coordinates": [11.7194, 43.7889]}}, {"type": "Feature", "properties": {"wikidata": "Q3890735", "name": "Palazzo Razzi", "status": "done", "osm_id": "way/182553602", "group": "Dimore ed edifici", "subgroup": "Residenze", "subcategory": "Palazzo"}, "geometry": {"type": "Point", "coordinates": [11.043835, 43.46723]}}, {"type": "Feature", "properties": {"wikidata": "Q3860561", "name": "monastero di Santa Marta", "status": "done", "osm_id": "relation/5807517", "group": "Religione", "subgroup": "Vita Monastica", "subcategory": "Monastero"}, "geometry": {"type": "Point", "coordinates": [11.25670833, 43.79988056]}}, {"type": "Feature", "properties": {"wikidata": "Q3861193", "name": "Monte Aquilaia", "status": "done", "osm_id": "node/1304225739", "group": "Natura e paesaggio", "subgroup": "Montagna", "subcategory": "Montagna"}, "geometry": {"type": "Point", "coordinates": [11.475, 42.8532]}}, {"type": "Feature", "properties": {"wikidata": "Q3860477", "name": "monastero di San Cristoforo a Rofeno", "status": "done", "osm_id": "relation/5122261", "group": "Religione", "subgroup": "Vita Monastica", "subcategory": "Monastero"}, "geometry": {"type": "Point", "coordinates": [11.50945, 43.24205833]}}, {"type": "Feature", "properties": {"wikidata": "Q3890706", "name": "Palazzo Pretorio", "status": "missing", "osm_id": null, "group": "Altro", "subgroup": "Altro", "subcategory": "Altro"}, "geometry": {"type": "Point", "coordinates": [11.47268, 43.61824]}}, {"type": "Feature", "properties": {"wikidata": "Q3860548", "name": "monastero di Santa Maria a Rosano", "status": "done", "osm_id": "relation/5776313", "group": "Religione", "subgroup": "Vita Monastica", "subcategory": "Monastero"}, "geometry": {"type": "Point", "coordinates": [11.42217222, 43.76981389]}}, {"type": "Feature", "properties": {"wikidata": "Q3860506", "name": "monastero di San Pietro in Palazzuolo", "status": "done", "osm_id": "way/191276478", "group": "Archeologia", "subgroup": "Siti", "subcategory": "Rovine"}, "geometry": {"type": "Point", "coordinates": [10.736627, 43.165347]}}, {"type": "Feature", "properties": {"wikidata": "Q3890683", "name": "Palazzo Pitti-Mannelli", "status": "done", "osm_id": "way/118131726", "group": "Dimore ed edifici", "subgroup": "Residenze", "subcategory": "Palazzo"}, "geometry": {"type": "Point", "coordinates": [11.2496, 43.7681]}}, {"type": "Feature", "properties": {"wikidata": "Q3890727", "name": "Palazzo Bellini delle Stelle", "status": "done", "osm_id": "way/306486081", "group": "Dimore ed edifici", "subgroup": "Residenze", "subcategory": "Palazzo"}, "geometry": {"type": "Point", "coordinates": [11.26298333, 43.77291667]}}, {"type": "Feature", "properties": {"wikidata": "Q3860571", "name": "monastero e chiesa di San Niccol\u00f2", "status": "done", "osm_id": "relation/9749472", "group": "Religione", "subgroup": "Luoghi di Culto", "subcategory": "Chiesa"}, "geometry": {"type": "Point", "coordinates": [11.0923756, 43.8804193]}}, {"type": "Feature", "properties": {"wikidata": "Q3861177", "name": "Monte Altissimo", "status": "done", "osm_id": "node/535911541", "group": "Natura e paesaggio", "subgroup": "Montagna", "subcategory": "Montagna"}, "geometry": {"type": "Point", "coordinates": [10.2342883, 44.0522182]}}, {"type": "Feature", "properties": {"wikidata": "Q3860473", "name": "monastero di San Bruzio", "status": "done", "osm_id": "way/724823404", "group": "Religione", "subgroup": "Vita Monastica", "subcategory": "Monastero"}, "geometry": {"type": "Point", "coordinates": [11.30166667, 42.58811111]}}, {"type": "Feature", "properties": {"wikidata": "Q3861287", "name": "Monte Calvo", "status": "done", "osm_id": "node/4966772398", "group": "Natura e paesaggio", "subgroup": "Montagna", "subcategory": "Montagna"}, "geometry": {"type": "Point", "coordinates": [11.60208, 42.79958]}}, {"type": "Feature", "properties": {"wikidata": "Q3890623", "name": "Palazzo Pasqui", "status": "done", "osm_id": "way/307544521", "group": "Dimore ed edifici", "subgroup": "Residenze", "subcategory": "Palazzo italiano"}, "geometry": {"type": "Point", "coordinates": [11.25828611, 43.77412778]}}, {"type": "Feature", "properties": {"wikidata": "Q3860549", "name": "monastero di Santa Maria del Latte", "status": "missing", "osm_id": null, "group": "Religione", "subgroup": "Luoghi di Culto", "subcategory": "Chiesa"}, "geometry": {"type": "Point", "coordinates": [11.568158333, 43.522075]}}, {"type": "Feature", "properties": {"wikidata": "Q3860521", "name": "chiesa di Sant'Anna", "status": "done", "osm_id": "relation/7116686", "group": "Religione", "subgroup": "Luoghi di Culto", "subcategory": "Chiesa"}, "geometry": {"type": "Point", "coordinates": [11.65039, 43.12864]}}, {"type": "Feature", "properties": {"wikidata": "Q3890745", "name": "Palazzo Reale", "status": "done", "osm_id": "relation/3757204", "group": "Altro", "subgroup": "Altro", "subcategory": "Altro"}, "geometry": {"type": "Point", "coordinates": [11.3294, 43.3171]}}, {"type": "Feature", "properties": {"wikidata": "Q3890652", "name": "Palazzo Piccioli", "status": "done", "osm_id": "way/307174625", "group": "Dimore ed edifici", "subgroup": "Residenze", "subcategory": "Palazzo italiano"}, "geometry": {"type": "Point", "coordinates": [11.25060556, 43.76965833]}}, {"type": "Feature", "properties": {"wikidata": "Q3860485", "name": "monastero di San Giovanni Evangelista di Boldrone", "status": "missing", "osm_id": null, "group": "Religione", "subgroup": "Vita Monastica", "subcategory": "Monastero"}, "geometry": {"type": "Point", "coordinates": [11.2399, 43.8145]}}, {"type": "Feature", "properties": {"wikidata": "Q3890630", "name": "Palazzo Pazzi dell'Accademia Colombaria", "status": "done", "osm_id": "relation/4098975", "group": "Dimore ed edifici", "subgroup": "Residenze", "subcategory": "Palazzo italiano"}, "geometry": {"type": "Point", "coordinates": [11.25875278, 43.77158611]}}, {"type": "Feature", "properties": {"wikidata": "Q3890782", "name": "Palazzo Roffia", "status": "done", "osm_id": "way/306486084", "group": "Dimore ed edifici", "subgroup": "Residenze", "subcategory": "Palazzo italiano"}, "geometry": {"type": "Point", "coordinates": [11.26253611, 43.77254444]}}, {"type": "Feature", "properties": {"wikidata": "Q3861224", "name": "Monte Beni", "status": "done", "osm_id": "node/571432740", "group": "Natura e paesaggio", "subgroup": "Montagna", "subcategory": "Montagna"}, "geometry": {"type": "Point", "coordinates": [11.3173, 44.1517]}}, {"type": "Feature", "properties": {"wikidata": "Q3890708", "name": "Palazzo Pretorio", "status": "missing", "osm_id": null, "group": "Dimore ed edifici", "subgroup": "Residenze", "subcategory": "Palazzo"}, "geometry": {"type": "Point", "coordinates": [11.68796, 43.14153]}}, {"type": "Feature", "properties": {"wikidata": "Q3890705", "name": "Palazzo Pretorio", "status": "done", "osm_id": "way/388433608", "group": "Dimore ed edifici", "subgroup": "Residenze", "subcategory": "Palazzo italiano"}, "geometry": {"type": "Point", "coordinates": [11.293698, 43.806765]}}, {"type": "Feature", "properties": {"wikidata": "Q3890765", "name": "Palazzo Rinuccini", "status": "done", "osm_id": "relation/10837859", "group": "Dimore ed edifici", "subgroup": "Residenze", "subcategory": "Palazzo italiano"}, "geometry": {"type": "Point", "coordinates": [11.24658611, 43.76892222]}}, {"type": "Feature", "properties": {"wikidata": "Q3860529", "name": "monastero di Santa Caterina della Rota", "status": "missing", "osm_id": null, "group": "Religione", "subgroup": "Luoghi di Culto", "subcategory": "Chiesa"}, "geometry": {"type": "Point", "coordinates": [11.041583333, 43.26125]}}, {"type": "Feature", "properties": {"wikidata": "Q3861243", "name": "Monte Borgognone", "status": "done", "osm_id": "node/614176691", "group": "Natura e paesaggio", "subgroup": "Montagna", "subcategory": "Montagna"}, "geometry": {"type": "Point", "coordinates": [9.99567, 44.4464]}}, {"type": "Feature", "properties": {"wikidata": "Q3890767", "name": "Palazzo Rinuccini", "status": "done", "osm_id": "way/307545805", "group": "Dimore ed edifici", "subgroup": "Residenze", "subcategory": "Palazzo italiano"}, "geometry": {"type": "Point", "coordinates": [11.25659722, 43.77043611]}}, {"type": "Feature", "properties": {"wikidata": "Q3890716", "name": "Palazzo Pretorio", "status": "done", "osm_id": "relation/11592819", "group": "Dimore ed edifici", "subgroup": "Residenze", "subcategory": "Palazzo"}, "geometry": {"type": "Point", "coordinates": [10.40199444, 43.71536111]}}, {"type": "Feature", "properties": {"wikidata": "Q3861110", "name": "Montaltissimo", "status": "done", "osm_id": "node/1293853017", "group": "Insediamenti", "subgroup": "Centri", "subcategory": "Frazione"}, "geometry": {"type": "Point", "coordinates": [10.414722222, 44.084166666]}}, {"type": "Feature", "properties": {"wikidata": "Q3860528", "name": "monastero di Sant'Orsola", "status": "done", "osm_id": "relation/1580100", "group": "Religione", "subgroup": "Vita Monastica", "subcategory": "Monastero"}, "geometry": {"type": "Point", "coordinates": [11.2545, 43.7772]}}, {"type": "Feature", "properties": {"wikidata": "Q3890684", "name": "Palazzo Pola e Todescan", "status": "done", "osm_id": "relation/4101355", "group": "Dimore ed edifici", "subgroup": "Residenze", "subcategory": "Palazzo italiano"}, "geometry": {"type": "Point", "coordinates": [11.25355278, 43.77234722]}}, {"type": "Feature", "properties": {"wikidata": "Q3861245", "name": "Monte Borla", "status": "done", "osm_id": "node/13040630488", "group": "Natura e paesaggio", "subgroup": "Montagna", "subcategory": "Montagna"}, "geometry": {"type": "Point", "coordinates": [10.1376759, 44.1184396]}}, {"type": "Feature", "properties": {"wikidata": "Q3860517", "name": "monastero di Sant'Angelo alla Ginestra", "status": "missing", "osm_id": null, "group": "Religione", "subgroup": "Vita Monastica", "subcategory": "Monastero"}, "geometry": {"type": "Point", "coordinates": [11.570017, 43.5196284]}}, {"type": "Feature", "properties": {"wikidata": "Q3860527", "name": "monastero di Santa Caterina", "status": "missing", "osm_id": null, "group": "Religione", "subgroup": "Vita Monastica", "subcategory": "Monastero"}, "geometry": {"type": "Point", "coordinates": [11.09288889, 43.87985556]}}, {"type": "Feature", "properties": {"wikidata": "Q3861180", "name": "Monte Alto", "status": "done", "osm_id": "node/1297068142", "group": "Natura e paesaggio", "subgroup": "Montagna", "subcategory": "Montagna"}, "geometry": {"type": "Point", "coordinates": [10.2043, 44.3191]}}, {"type": "Feature", "properties": {"wikidata": "Q3860508", "name": "monastero di San Salvatore", "status": "missing", "osm_id": null, "group": "Religione", "subgroup": "Vita Monastica", "subcategory": "Monastero"}, "geometry": {"type": "Point", "coordinates": [11.551549, 43.347547]}}, {"type": "Feature", "properties": {"wikidata": "Q3890653", "name": "Palazzo Piccolomini", "status": "done", "osm_id": "relation/349911", "group": "Dimore ed edifici", "subgroup": "Residenze", "subcategory": "Palazzo"}, "geometry": {"type": "Point", "coordinates": [11.3328, 43.3191]}}, {"type": "Feature", "properties": {"wikidata": "Q3890784", "name": "Palazzo Rospigliosi Pallavicini", "status": "done", "osm_id": "relation/4088630", "group": "Dimore ed edifici", "subgroup": "Residenze", "subcategory": "Palazzo italiano"}, "geometry": {"type": "Point", "coordinates": [11.24338056, 43.76857222]}}, {"type": "Feature", "properties": {"wikidata": "Q3890697", "name": "Palazzo Pretorio", "status": "done", "osm_id": "way/422606820", "group": "Dimore ed edifici", "subgroup": "Residenze", "subcategory": "Palazzo italiano"}, "geometry": {"type": "Point", "coordinates": [12.05711, 43.540566]}}, {"type": "Feature", "properties": {"wikidata": "Q3861241", "name": "Monte Bocco", "status": "done", "osm_id": "node/388397824", "group": "Natura e paesaggio", "subgroup": "Montagna", "subcategory": "Montagna"}, "geometry": {"type": "Point", "coordinates": [10.078, 44.3564]}}, {"type": "Feature", "properties": {"wikidata": "Q3860476", "name": "monastero di San Clemente", "status": "missing", "osm_id": null, "group": "Religione", "subgroup": "Vita Monastica", "subcategory": "Monastero"}, "geometry": {"type": "Point", "coordinates": [11.09315833, 43.88236389]}}, {"type": "Feature", "properties": {"wikidata": "Q3861169", "name": "Monte Aia dei Diavoli", "status": "done", "osm_id": "node/1450687030", "group": "Natura e paesaggio", "subgroup": "Montagna", "subcategory": "Montagna"}, "geometry": {"type": "Point", "coordinates": [10.8991613, 43.1949439]}}, {"type": "Feature", "properties": {"wikidata": "Q3890717", "name": "Palazzo Prini-Aulla", "status": "done", "osm_id": "way/852570196", "group": "Dimore ed edifici", "subgroup": "Residenze", "subcategory": "Palazzo"}, "geometry": {"type": "Point", "coordinates": [10.39795833, 43.71650556]}}, {"type": "Feature", "properties": {"wikidata": "Q3890636", "name": "Palazzo Pazzi", "status": "done", "osm_id": "relation/4084508", "group": "Dimore ed edifici", "subgroup": "Residenze", "subcategory": "Palazzo italiano"}, "geometry": {"type": "Point", "coordinates": [11.25836389, 43.77127222]}}, {"type": "Feature", "properties": {"wikidata": "Q3890624", "name": "Palazzo Patrizi", "status": "done", "osm_id": "way/1293035768", "group": "Dimore ed edifici", "subgroup": "Residenze", "subcategory": "Palazzo"}, "geometry": {"type": "Point", "coordinates": [11.331055, 43.317564]}}, {"type": "Feature", "properties": {"wikidata": "Q3861284", "name": "Monte Calvi", "status": "done", "osm_id": "node/2923349297", "group": "Natura e paesaggio", "subgroup": "Montagna", "subcategory": "Montagna"}, "geometry": {"type": "Point", "coordinates": [10.6245623, 43.0943812]}}, {"type": "Feature", "properties": {"wikidata": "Q3890698", "name": "Palazzo Pretorio", "status": "done", "osm_id": "relation/16243250", "group": "Cultura e tempo libero", "subgroup": "Musei", "subcategory": "Museo archeologico"}, "geometry": {"type": "Point", "coordinates": [11.0457, 43.5493]}}, {"type": "Feature", "properties": {"wikidata": "Q3890728", "name": "Palazzo Ramirez de Montalvo", "status": "done", "osm_id": "way/188805555", "group": "Dimore ed edifici", "subgroup": "Residenze", "subcategory": "Palazzo"}, "geometry": {"type": "Point", "coordinates": [10.64451111, 43.12882222]}}, {"type": "Feature", "properties": {"wikidata": "Q3860535", "name": "monastero di Santa Chiara", "status": "done", "osm_id": "relation/2219104", "group": "Religione", "subgroup": "Vita Monastica", "subcategory": "Monastero"}, "geometry": {"type": "Point", "coordinates": [10.844546, 43.676738]}}, {"type": "Feature", "properties": {"wikidata": "Q3890753", "name": "Palazzo Redini", "status": "missing", "osm_id": null, "group": "Dimore ed edifici", "subgroup": "Residenze", "subcategory": "Palazzo"}, "geometry": {"type": "Point", "coordinates": [10.522697, 43.693083]}}, {"type": "Feature", "properties": {"wikidata": "Q3890762", "name": "Palazzo Ricci-Altoviti", "status": "done", "osm_id": "way/307153307", "group": "Dimore ed edifici", "subgroup": "Residenze", "subcategory": "Palazzo italiano"}, "geometry": {"type": "Point", "coordinates": [11.25305278, 43.77238056]}}, {"type": "Feature", "properties": {"wikidata": "Q3890733", "name": "Palazzo Ramirez de Montalvo", "status": "done", "osm_id": "way/306984425", "group": "Dimore ed edifici", "subgroup": "Residenze", "subcategory": "Palazzo italiano"}, "geometry": {"type": "Point", "coordinates": [11.25901667, 43.77156389]}}, {"type": "Feature", "properties": {"wikidata": "Q3860569", "name": "monastero di Santa Maria Maddalena dei Pazzi", "status": "missing", "osm_id": null, "group": "Religione", "subgroup": "Vita Monastica", "subcategory": "Monastero"}, "geometry": {"type": "Point", "coordinates": [11.26, 43.8117]}}, {"type": "Feature", "properties": {"wikidata": "Q3890718", "name": "Palazzo Pretorio", "status": "done", "osm_id": "way/180242604", "group": "Dimore ed edifici", "subgroup": "Residenze", "subcategory": "Palazzo"}, "geometry": {"type": "Point", "coordinates": [11.096525, 43.88053333]}}, {"type": "Feature", "properties": {"wikidata": "Q3688918", "name": "Contignano", "status": "done", "osm_id": "node/1331104495", "group": "Insediamenti", "subgroup": "Centri", "subcategory": "Frazione"}, "geometry": {"type": "Point", "coordinates": [11.742222222, 42.976666666]}}, {"type": "Feature", "properties": {"wikidata": "Q3689538", "name": "convento di San Francesco", "status": "done", "osm_id": "relation/2322455", "group": "Religione", "subgroup": "Luoghi di Culto", "subcategory": "Chiesa"}, "geometry": {"type": "Point", "coordinates": [11.289972222, 43.808013888]}}, {"type": "Feature", "properties": {"wikidata": "Q3689635", "name": "convento e chiesa di San Francesco", "status": "missing", "osm_id": null, "group": "Religione", "subgroup": "Vita Monastica", "subcategory": "Convento"}, "geometry": {"type": "Point", "coordinates": [11.47333056, 43.61807222]}}, {"type": "Feature", "properties": {"wikidata": "Q3689544", "name": "convento di San Francesco", "status": "missing", "osm_id": null, "group": "Religione", "subgroup": "Vita Monastica", "subcategory": "Convento"}, "geometry": {"type": "Point", "coordinates": [11.67381944, 42.64021111]}}, {"type": "Feature", "properties": {"wikidata": "Q3689525", "name": "convento di San Bernardino a Vetreta", "status": "done", "osm_id": "way/498099854", "group": "Religione", "subgroup": "Vita Monastica", "subcategory": "Convento"}, "geometry": {"type": "Point", "coordinates": [10.89345, 43.03845]}}, {"type": "Feature", "properties": {"wikidata": "Q3689611", "name": "convento di Santa Maria", "status": "missing", "osm_id": null, "group": "Religione", "subgroup": "Vita Monastica", "subcategory": "Convento"}, "geometry": {"type": "Point", "coordinates": [11.27330556, 42.88433333]}}, {"type": "Feature", "properties": {"wikidata": "Q3689619", "name": "Conventino della Maddalena Alle Caldine", "status": "done", "osm_id": "node/7319709138", "group": "Religione", "subgroup": "Vita Monastica", "subcategory": "Convento"}, "geometry": {"type": "Point", "coordinates": [11.31575, 43.836416666]}}, {"type": "Feature", "properties": {"wikidata": "Q3689513", "name": "Convento di Monte Oliveto", "status": "done", "osm_id": "way/1313269738", "group": "Religione", "subgroup": "Vita Monastica", "subcategory": "Convento"}, "geometry": {"type": "Point", "coordinates": [11.047305555, 43.454805555]}}, {"type": "Feature", "properties": {"wikidata": "Q3689642", "name": "convento e chiesa di Santa Maria a Ripa", "status": "done", "osm_id": "way/159988056", "group": "Religione", "subgroup": "Luoghi di Culto", "subcategory": "Chiesa"}, "geometry": {"type": "Point", "coordinates": [10.78972222, 43.89916667]}}, {"type": "Feature", "properties": {"wikidata": "Q3687540", "name": "Consorzio Vino Chianti", "status": "missing", "osm_id": null, "group": "Altro", "subgroup": "Altro", "subcategory": "Altro"}, "geometry": {"type": "Point", "coordinates": [11.240624238, 43.779383288]}}, {"type": "Feature", "properties": {"wikidata": "Q3689439", "name": "convento dei Cappuccini", "status": "missing", "osm_id": null, "group": "Religione", "subgroup": "Vita Monastica", "subcategory": "Convento"}, "geometry": {"type": "Point", "coordinates": [11.53603056, 42.88197222]}}, {"type": "Feature", "properties": {"wikidata": "Q3683759", "name": "Coltano", "status": "done", "osm_id": "node/251217117", "group": "Insediamenti", "subgroup": "Centri", "subcategory": "Frazione"}, "geometry": {"type": "Point", "coordinates": [10.3925, 43.638333333]}}, {"type": "Feature", "properties": {"wikidata": "Q3684236", "name": "Comeana", "status": "done", "osm_id": "node/317055348", "group": "Insediamenti", "subgroup": "Centri", "subcategory": "Frazione"}, "geometry": {"type": "Point", "coordinates": [11.05825, 43.79334]}}, {"type": "Feature", "properties": {"wikidata": "Q3689508", "name": "convento di Certomondo", "status": "missing", "osm_id": null, "group": "Religione", "subgroup": "Vita Monastica", "subcategory": "Convento"}, "geometry": {"type": "Point", "coordinates": [11.76133889, 43.73361389]}}, {"type": "Feature", "properties": {"wikidata": "Q3689533", "name": "convento di San Francesco", "status": "missing", "osm_id": null, "group": "Religione", "subgroup": "Vita Monastica", "subcategory": "Convento"}, "geometry": {"type": "Point", "coordinates": [11.889694444, 42.967583333]}}, {"type": "Feature", "properties": {"wikidata": "Q3689627", "name": "convento di Santa Maria in Borraccia", "status": "missing", "osm_id": null, "group": "Religione", "subgroup": "Vita Monastica", "subcategory": "Convento"}, "geometry": {"type": "Point", "coordinates": [11.31183333, 42.59055556]}}, {"type": "Feature", "properties": {"wikidata": "Q3689466", "name": "Convento del Bosco ai Frati", "status": "missing", "osm_id": null, "group": "Religione", "subgroup": "Vita Monastica", "subcategory": "Convento"}, "geometry": {"type": "Point", "coordinates": [11.30392778, 43.98636111]}}, {"type": "Feature", "properties": {"wikidata": "Q3689523", "name": "convento di San Bernardino", "status": "missing", "osm_id": null, "group": "Religione", "subgroup": "Luoghi di Culto", "subcategory": "Chiesa"}, "geometry": {"type": "Point", "coordinates": [11.731105, 43.216284]}}, {"type": "Feature", "properties": {"wikidata": "Q3689567", "name": "convento di San Lorenzo", "status": "done", "osm_id": "way/423896837", "group": "Religione", "subgroup": "Luoghi di Culto", "subcategory": "Chiesa"}, "geometry": {"type": "Point", "coordinates": [11.81702778, 43.69427222]}}, {"type": "Feature", "properties": {"wikidata": "Q3689560", "name": "convento di San Giovanni Battista a Sandetole", "status": "done", "osm_id": "way/387822813", "group": "Religione", "subgroup": "Luoghi di Culto", "subcategory": "Chiesa"}, "geometry": {"type": "Point", "coordinates": [11.534096, 43.864503]}}, {"type": "Feature", "properties": {"wikidata": "Q3689520", "name": "convento di San Benedetto alla Nave", "status": "missing", "osm_id": null, "group": "Religione", "subgroup": "Vita Monastica", "subcategory": "Convento"}, "geometry": {"type": "Point", "coordinates": [11.181353, 42.898717]}}, {"type": "Feature", "properties": {"wikidata": "Q3689485", "name": "convento della Madonna degli Angeli", "status": "missing", "osm_id": null, "group": "Religione", "subgroup": "Vita Monastica", "subcategory": "Convento"}, "geometry": {"type": "Point", "coordinates": [10.85354167, 42.90798611]}}, {"type": "Feature", "properties": {"wikidata": "Q3686449", "name": "condominio di via Venezia", "status": "missing", "osm_id": null, "group": "Dimore ed edifici", "subgroup": "Residenze", "subcategory": "Palazzo"}, "geometry": {"type": "Point", "coordinates": [10.040848489, 44.038957926]}}, {"type": "Feature", "properties": {"wikidata": "Q3687241", "name": "conservatorio di San Carlo", "status": "missing", "osm_id": null, "group": "Religione", "subgroup": "Luoghi di Culto", "subcategory": "Chiesa"}, "geometry": {"type": "Point", "coordinates": [11.681126, 43.076441]}}, {"type": "Feature", "properties": {"wikidata": "Q3685135", "name": "Compione", "status": "done", "osm_id": "node/1080443964", "group": "Insediamenti", "subgroup": "Centri", "subcategory": "Frazione"}, "geometry": {"type": "Point", "coordinates": [10.04665, 44.33066]}}, {"type": "Feature", "properties": {"wikidata": "Q3689534", "name": "chiesa e convento di San Francesco", "status": "done", "osm_id": "way/978084867", "group": "Religione", "subgroup": "Vita Monastica", "subcategory": "Convento"}, "geometry": {"type": "Point", "coordinates": [11.11602778, 43.42251944]}}, {"type": "Feature", "properties": {"wikidata": "Q3689628", "name": "convento di Santa Maria in Selva Agostiniano", "status": "done", "osm_id": "relation/4514467", "group": "Religione", "subgroup": "Vita Monastica", "subcategory": "Convento"}, "geometry": {"type": "Point", "coordinates": [10.73233333, 43.87344444]}}, {"type": "Feature", "properties": {"wikidata": "Q3683547", "name": "Colonnata", "status": "done", "osm_id": "node/592585891", "group": "Insediamenti", "subgroup": "Centri", "subcategory": "Frazione"}, "geometry": {"type": "Point", "coordinates": [11.211252, 43.83926]}}, {"type": "Feature", "properties": {"wikidata": "Q3689453", "name": "convento dei Cappuccini", "status": "missing", "osm_id": null, "group": "Religione", "subgroup": "Vita Monastica", "subcategory": "Convento"}, "geometry": {"type": "Point", "coordinates": [10.86253, 43.39475]}}, {"type": "Feature", "properties": {"wikidata": "Q3689634", "name": "convento e chiesa dei Cappuccini", "status": "done", "osm_id": "way/648004450", "group": "Religione", "subgroup": "Luoghi di Culto", "subcategory": "Chiesa"}, "geometry": {"type": "Point", "coordinates": [10.865058, 43.675337]}}, {"type": "Feature", "properties": {"wikidata": "Q3686450", "name": "Condominio in San Jacopino", "status": "done", "osm_id": "way/306222203", "group": "Dimore ed edifici", "subgroup": "Residenze", "subcategory": "Palazzo italiano"}, "geometry": {"type": "Point", "coordinates": [11.24023056, 43.78423889]}}, {"type": "Feature", "properties": {"wikidata": "Q3685210", "name": "Complesso di San Michele in Borgo", "status": "done", "osm_id": "way/159525354", "group": "Altro", "subgroup": "Altro", "subcategory": "Altro"}, "geometry": {"type": "Point", "coordinates": [10.4032, 43.71689]}}, {"type": "Feature", "properties": {"wikidata": "Q3689630", "name": "convento di Sargiano", "status": "done", "osm_id": "node/566994405", "group": "Religione", "subgroup": "Vita Monastica", "subcategory": "Convento"}, "geometry": {"type": "Point", "coordinates": [11.857237, 43.432068]}}, {"type": "Feature", "properties": {"wikidata": "Q3689542", "name": "convento di San Francesco", "status": "done", "osm_id": "way/722765059", "group": "Religione", "subgroup": "Luoghi di Culto", "subcategory": "Chiesa"}, "geometry": {"type": "Point", "coordinates": [11.78098, 43.09456]}}, {"type": "Feature", "properties": {"wikidata": "Q3685201", "name": "Complesso delle Oblate", "status": "missing", "osm_id": null, "group": "Dimore ed edifici", "subgroup": "Strutture Varie", "subcategory": "Complesso di edifici"}, "geometry": {"type": "Point", "coordinates": [11.2598, 43.7726]}}, {"type": "Feature", "properties": {"wikidata": "Q3689449", "name": "convento dei Cappuccini", "status": "done", "osm_id": "way/316009196", "group": "Religione", "subgroup": "Vita Monastica", "subcategory": "Convento"}, "geometry": {"type": "Point", "coordinates": [9.88605, 44.37604]}}, {"type": "Feature", "properties": {"wikidata": "Q3689488", "name": "convento della Madonna della Pace", "status": "done", "osm_id": "relation/8230038", "group": "Religione", "subgroup": "Vita Monastica", "subcategory": "Convento"}, "geometry": {"type": "Point", "coordinates": [11.0268, 43.6851]}}, {"type": "Feature", "properties": {"wikidata": "Q3689484", "name": "convento della Concezione", "status": "done", "osm_id": "relation/4077522", "group": "Religione", "subgroup": "Vita Monastica", "subcategory": "Convento"}, "geometry": {"type": "Point", "coordinates": [11.27171111, 43.81445833]}}, {"type": "Feature", "properties": {"wikidata": "Q3689454", "name": "convento dei Frati Minori Cappuccini", "status": "missing", "osm_id": null, "group": "Religione", "subgroup": "Vita Monastica", "subcategory": "Convento"}, "geometry": {"type": "Point", "coordinates": [11.761512, 43.733783]}}, {"type": "Feature", "properties": {"wikidata": "Q3689578", "name": "convento di San Nicolao Novello", "status": "missing", "osm_id": null, "group": "Religione", "subgroup": "Vita Monastica", "subcategory": "Convento"}, "geometry": {"type": "Point", "coordinates": [10.503194444, 43.845527777]}}, {"type": "Feature", "properties": {"wikidata": "Q3685180", "name": "Complesso Marchesi", "status": "done", "osm_id": "way/93454285", "group": "Dimore ed edifici", "subgroup": "Strutture Varie", "subcategory": "Edificio"}, "geometry": {"type": "Point", "coordinates": [10.41764, 43.71437]}}, {"type": "Feature", "properties": {"wikidata": "Q3689641", "name": "convento e chiesa di Santa Maria a Ripa", "status": "done", "osm_id": "relation/6156781", "group": "Religione", "subgroup": "Luoghi di Culto", "subcategory": "Chiesa"}, "geometry": {"type": "Point", "coordinates": [10.93083, 43.71961]}}, {"type": "Feature", "properties": {"wikidata": "Q3689526", "name": "convento di San Bernardo", "status": "missing", "osm_id": null, "group": "Religione", "subgroup": "Vita Monastica", "subcategory": "Convento"}, "geometry": {"type": "Point", "coordinates": [11.785543, 43.096231]}}, {"type": "Feature", "properties": {"wikidata": "Q3689483", "name": "convento dell'Osservanza", "status": "done", "osm_id": "relation/8221703", "group": "Religione", "subgroup": "Vita Monastica", "subcategory": "Convento"}, "geometry": {"type": "Point", "coordinates": [11.501995, 43.052865]}}, {"type": "Feature", "properties": {"wikidata": "Q3689446", "name": "convento dei Cappuccini", "status": "missing", "osm_id": null, "group": "Religione", "subgroup": "Vita Monastica", "subcategory": "Convento"}, "geometry": {"type": "Point", "coordinates": [10.50454167, 43.85829167]}}, {"type": "Feature", "properties": {"wikidata": "Q3689497", "name": "convento della Visitazione e chiesa di San Giuliano", "status": "done", "osm_id": "relation/4612940", "group": "Religione", "subgroup": "Luoghi di Culto", "subcategory": "Chiesa"}, "geometry": {"type": "Point", "coordinates": [10.69202, 43.899759]}}, {"type": "Feature", "properties": {"wikidata": "Q3687704", "name": "Consuma", "status": "done", "osm_id": "node/297247526", "group": "Insediamenti", "subgroup": "Centri", "subcategory": "Frazione"}, "geometry": {"type": "Point", "coordinates": [11.596944444, 43.780833333]}}, {"type": "Feature", "properties": {"wikidata": "Q3683530", "name": "Colonna dei bandi", "status": "done", "osm_id": "node/5099319931", "group": "Altro", "subgroup": "Altro", "subcategory": "Altro"}, "geometry": {"type": "Point", "coordinates": [11.11356389, 42.75991667]}}, {"type": "Feature", "properties": {"wikidata": "Q3689549", "name": "convento di San Francesco Nuovo", "status": "missing", "osm_id": null, "group": "Religione", "subgroup": "Vita Monastica", "subcategory": "Convento"}, "geometry": {"type": "Point", "coordinates": [10.883172123, 42.763605973]}}, {"type": "Feature", "properties": {"wikidata": "Q3689054", "name": "Contrada della Chiocciola", "status": "done", "osm_id": "relation/16750259", "group": "Altro", "subgroup": "Altro", "subcategory": "Altro"}, "geometry": {"type": "Point", "coordinates": [11.328052, 43.313305]}}, {"type": "Feature", "properties": {"wikidata": "Q3685182", "name": "complesso polifunzionale Cosimini", "status": "done", "osm_id": "way/365870026", "group": "Dimore ed edifici", "subgroup": "Strutture Varie", "subcategory": "Edificio"}, "geometry": {"type": "Point", "coordinates": [11.11169722, 42.76369444]}}, {"type": "Feature", "properties": {"wikidata": "Q3689570", "name": "convento di San Ludovico a Colleviti", "status": "missing", "osm_id": null, "group": "Religione", "subgroup": "Vita Monastica", "subcategory": "Convento"}, "geometry": {"type": "Point", "coordinates": [10.684778, 43.891448]}}, {"type": "Feature", "properties": {"wikidata": "Q3689442", "name": "convento dei Cappuccini", "status": "missing", "osm_id": null, "group": "Religione", "subgroup": "Vita Monastica", "subcategory": "Convento"}, "geometry": {"type": "Point", "coordinates": [10.413816, 44.112944]}}, {"type": "Feature", "properties": {"wikidata": "Q3685134", "name": "Compiobbi", "status": "done", "osm_id": "node/318680532", "group": "Insediamenti", "subgroup": "Centri", "subcategory": "Frazione"}, "geometry": {"type": "Point", "coordinates": [11.35909, 43.78485]}}, {"type": "Feature", "properties": {"wikidata": "Q3689447", "name": "convento dei Cappuccini", "status": "missing", "osm_id": null, "group": "Religione", "subgroup": "Vita Monastica", "subcategory": "Convento"}, "geometry": {"type": "Point", "coordinates": [11.55773611, 43.51969167]}}, {"type": "Feature", "properties": {"wikidata": "Q3686448", "name": "Condominio di via San Biagio", "status": "missing", "osm_id": null, "group": "Altro", "subgroup": "Altro", "subcategory": "Altro"}, "geometry": {"type": "Point", "coordinates": [10.907669296, 43.935165602]}}, {"type": "Feature", "properties": {"wikidata": "Q3689547", "name": "convento di San Francesco", "status": "done", "osm_id": "way/1487984801", "group": "Religione", "subgroup": "Vita Monastica", "subcategory": "Convento"}, "geometry": {"type": "Point", "coordinates": [10.677862, 43.079766]}}, {"type": "Feature", "properties": {"wikidata": "Q3689621", "name": "convento di Santa Maria a Monte di Muro", "status": "done", "osm_id": "way/626925767", "group": "Archeologia", "subgroup": "Siti", "subcategory": "Rovine"}, "geometry": {"type": "Point", "coordinates": [10.83593056, 42.88063889]}}, {"type": "Feature", "properties": {"wikidata": "Q3689494", "name": "convento della Santissima Trinit\u00e0 alla Selva", "status": "missing", "osm_id": null, "group": "Religione", "subgroup": "Vita Monastica", "subcategory": "Convento"}, "geometry": {"type": "Point", "coordinates": [11.5904, 42.80174]}}, {"type": "Feature", "properties": {"wikidata": "Q3689552", "name": "convento di San Francesco a Montecarlo", "status": "missing", "osm_id": null, "group": "Religione", "subgroup": "Vita Monastica", "subcategory": "Convento"}, "geometry": {"type": "Point", "coordinates": [11.530231, 43.546956]}}, {"type": "Feature", "properties": {"wikidata": "Q3689562", "name": "convento di San Girolamo al Velloso", "status": "done", "osm_id": "way/361574889", "group": "Religione", "subgroup": "Luoghi di Culto", "subcategory": "Chiesa"}, "geometry": {"type": "Point", "coordinates": [10.87382, 43.40333]}}, {"type": "Feature", "properties": {"wikidata": "Q3689502", "name": "convento delle Oblate Ospitaliere Francescane di Monna Tessa", "status": "missing", "osm_id": null, "group": "Religione", "subgroup": "Vita Monastica", "subcategory": "Convento"}, "geometry": {"type": "Point", "coordinates": [11.2505, 43.8128]}}, {"type": "Feature", "properties": {"wikidata": "Q3689504", "name": "convento delle Suore di San Francesco", "status": "missing", "osm_id": null, "group": "Religione", "subgroup": "Vita Monastica", "subcategory": "Convento"}, "geometry": {"type": "Point", "coordinates": [11.2521, 43.7918]}}, {"type": "Feature", "properties": {"wikidata": "Q3685721", "name": "Comunit\u00e0 montana Mugello", "status": "missing", "osm_id": null, "group": "Altro", "subgroup": "Altro", "subcategory": "Altro"}, "geometry": {"type": "Point", "coordinates": [11.38333333, 43.95]}}, {"type": "Feature", "properties": {"wikidata": "Q3689515", "name": "convento di Montecasale", "status": "done", "osm_id": "way/113680244", "group": "Religione", "subgroup": "Vita Monastica", "subcategory": "Convento"}, "geometry": {"type": "Point", "coordinates": [12.18547, 43.5912]}}, {"type": "Feature", "properties": {"wikidata": "Q3689506", "name": "convento di Belvedere", "status": "missing", "osm_id": null, "group": "Religione", "subgroup": "Vita Monastica", "subcategory": "Convento"}, "geometry": {"type": "Point", "coordinates": [11.70147222, 42.66325]}}, {"type": "Feature", "properties": {"wikidata": "Q3685225", "name": "Complesso di case popolari a Sorgane", "status": "missing", "osm_id": null, "group": "Dimore ed edifici", "subgroup": "Strutture Varie", "subcategory": "Complesso di edifici"}, "geometry": {"type": "Point", "coordinates": [11.30506944, 43.750425]}}, {"type": "Feature", "properties": {"wikidata": "Q3684610", "name": "commenda di Sant'Eufrosino", "status": "done", "osm_id": "way/179154251", "group": "Religione", "subgroup": "Luoghi di Culto", "subcategory": "Chiesa"}, "geometry": {"type": "Point", "coordinates": [11.38026944, 43.51661389]}}, {"type": "Feature", "properties": {"wikidata": "Q3689637", "name": "chiesa di Santa Lucia alla Castellina", "status": "done", "osm_id": "way/388490929", "group": "Religione", "subgroup": "Luoghi di Culto", "subcategory": "Chiesa"}, "geometry": {"type": "Point", "coordinates": [11.22777462, 43.82686615]}}, {"type": "Feature", "properties": {"wikidata": "Q3689498", "name": "convento delle Bettine", "status": "missing", "osm_id": null, "group": "Religione", "subgroup": "Vita Monastica", "subcategory": "Convento"}, "geometry": {"type": "Point", "coordinates": [11.13236618, 43.81522751]}}, {"type": "Feature", "properties": {"wikidata": "Q3686451", "name": "Condominio in via Lanza", "status": "missing", "osm_id": null, "group": "Dimore ed edifici", "subgroup": "Residenze", "subcategory": "Palazzo italiano"}, "geometry": {"type": "Point", "coordinates": [11.28536667, 43.76817778]}}, {"type": "Feature", "properties": {"wikidata": "Q3689473", "name": "convento del Petreto", "status": "done", "osm_id": "relation/2649773", "group": "Religione", "subgroup": "Vita Monastica", "subcategory": "Convento"}, "geometry": {"type": "Point", "coordinates": [11.338278, 42.693528]}}, {"type": "Feature", "properties": {"wikidata": "Q3689591", "name": "convento di Sant'Agostino", "status": "missing", "osm_id": null, "group": "Religione", "subgroup": "Vita Monastica", "subcategory": "Convento"}, "geometry": {"type": "Point", "coordinates": [10.89655556, 42.84447222]}}, {"type": "Feature", "properties": {"wikidata": "Q3687238", "name": "Conservatorio delle Mantellate", "status": "done", "osm_id": "relation/7037229", "group": "Religione", "subgroup": "Luoghi di Culto", "subcategory": "Edificio religioso"}, "geometry": {"type": "Point", "coordinates": [11.261, 43.7828]}}, {"type": "Feature", "properties": {"wikidata": "Q3687507", "name": "palazzo del Consorzio agrario", "status": "done", "osm_id": "way/501462138", "group": "Dimore ed edifici", "subgroup": "Residenze", "subcategory": "Palazzo"}, "geometry": {"type": "Point", "coordinates": [11.11189167, 42.76443333]}}, {"type": "Feature", "properties": {"wikidata": "Q3689609", "name": "convento di Santa Croce", "status": "missing", "osm_id": null, "group": "Religione", "subgroup": "Vita Monastica", "subcategory": "Convento"}, "geometry": {"type": "Point", "coordinates": [11.16493889, 42.87183056]}}, {"type": "Feature", "properties": {"wikidata": "Q3689499", "name": "convento delle Celle", "status": "done", "osm_id": "way/32562699", "group": "Religione", "subgroup": "Vita Monastica", "subcategory": "Convento"}, "geometry": {"type": "Point", "coordinates": [12.000865, 43.294221]}}, {"type": "Feature", "properties": {"wikidata": "Q3867744", "name": "Museo audiovisivo della Resistenza", "status": "missing", "osm_id": null, "group": "Cultura e tempo libero", "subgroup": "Musei", "subcategory": "Museo"}, "geometry": {"type": "Point", "coordinates": [10.016837, 44.152136]}}, {"type": "Feature", "properties": {"wikidata": "Q3889702", "name": "Palazzo Borgherini-Rosselli del Turco", "status": "missing", "osm_id": null, "group": "Dimore ed edifici", "subgroup": "Residenze", "subcategory": "Palazzo"}, "geometry": {"type": "Point", "coordinates": [11.25230278, 43.76930833]}}, {"type": "Feature", "properties": {"wikidata": "Q3889768", "name": "Palazzo Campana", "status": "done", "osm_id": "way/714706046", "group": "Dimore ed edifici", "subgroup": "Residenze", "subcategory": "Palazzo"}, "geometry": {"type": "Point", "coordinates": [11.11865, 43.42158]}}, {"type": "Feature", "properties": {"wikidata": "Q3889754", "name": "palazzo Camaiori", "status": "missing", "osm_id": null, "group": "Dimore ed edifici", "subgroup": "Residenze", "subcategory": "Palazzo"}, "geometry": {"type": "Point", "coordinates": [10.88036111, 42.76394444]}}, {"type": "Feature", "properties": {"wikidata": "Q3867777", "name": "Museo civico \"Giovanni Fattori\"", "status": "done", "osm_id": "node/12241419916", "group": "Cultura e tempo libero", "subgroup": "Musei", "subcategory": "Museo d'arte"}, "geometry": {"type": "Point", "coordinates": [10.3054, 43.5354]}}, {"type": "Feature", "properties": {"wikidata": "Q3889624", "name": "Palazzo Bastogi", "status": "done", "osm_id": "way/307281118", "group": "Dimore ed edifici", "subgroup": "Residenze", "subcategory": "Palazzo italiano"}, "geometry": {"type": "Point", "coordinates": [11.25961111, 43.77224167]}}, {"type": "Feature", "properties": {"wikidata": "Q3889656", "name": "Palazzo Bertolli", "status": "done", "osm_id": "way/336650011", "group": "Altro", "subgroup": "Altro", "subcategory": "Altro"}, "geometry": {"type": "Point", "coordinates": [10.50237778, 43.83758333]}}, {"type": "Feature", "properties": {"wikidata": "Q3889620", "name": "Palazzo Bartolommei-Buschetti", "status": "missing", "osm_id": null, "group": "Dimore ed edifici", "subgroup": "Residenze", "subcategory": "Palazzo italiano"}, "geometry": {"type": "Point", "coordinates": [11.25429167, 43.76886389]}}, {"type": "Feature", "properties": {"wikidata": "Q3889763", "name": "Palazzo Canigiani", "status": "done", "osm_id": "relation/4095208", "group": "Dimore ed edifici", "subgroup": "Residenze", "subcategory": "Palazzo italiano"}, "geometry": {"type": "Point", "coordinates": [11.25649167, 43.76581944]}}, {"type": "Feature", "properties": {"wikidata": "Q3867823", "name": "Museo civico di paleontologia", "status": "done", "osm_id": "node/7319709141", "group": "Cultura e tempo libero", "subgroup": "Musei", "subcategory": "Museo"}, "geometry": {"type": "Point", "coordinates": [10.9455968, 43.7194166]}}, {"type": "Feature", "properties": {"wikidata": "Q3889724", "name": "palazzo Brancoli Pantera", "status": "missing", "osm_id": null, "group": "Dimore ed edifici", "subgroup": "Residenze", "subcategory": "Palazzo"}, "geometry": {"type": "Point", "coordinates": [10.50172778, 43.84049167]}}, {"type": "Feature", "properties": {"wikidata": "Q3889629", "name": "Palazzo Bastogi", "status": "done", "osm_id": "way/306252421", "group": "Dimore ed edifici", "subgroup": "Residenze", "subcategory": "Palazzo italiano"}, "geometry": {"type": "Point", "coordinates": [11.25708056, 43.77597222]}}, {"type": "Feature", "properties": {"wikidata": "Q3889602", "name": "Palazzo Bargellini", "status": "done", "osm_id": "way/307104289", "group": "Dimore ed edifici", "subgroup": "Residenze", "subcategory": "Palazzo italiano"}, "geometry": {"type": "Point", "coordinates": [11.26313889, 43.76912778]}}, {"type": "Feature", "properties": {"wikidata": "Q3867833", "name": "Museo San Pietro", "status": "done", "osm_id": "node/7319010031", "group": "Cultura e tempo libero", "subgroup": "Musei", "subcategory": "Museo d'arte"}, "geometry": {"type": "Point", "coordinates": [11.112615, 43.421373]}}, {"type": "Feature", "properties": {"wikidata": "Q3889766", "name": "Palazzo Canacci", "status": "done", "osm_id": "way/485934056", "group": "Dimore ed edifici", "subgroup": "Residenze", "subcategory": "Palazzo italiano"}, "geometry": {"type": "Point", "coordinates": [11.25337388, 43.769689385]}}, {"type": "Feature", "properties": {"wikidata": "Q3889678", "name": "Palazzo Bombicci Pontelli", "status": "missing", "osm_id": null, "group": "Dimore ed edifici", "subgroup": "Residenze", "subcategory": "Palazzo italiano"}, "geometry": {"type": "Point", "coordinates": [11.26048333, 43.76685]}}, {"type": "Feature", "properties": {"wikidata": "Q3889621", "name": "Palazzo Bartolommei", "status": "done", "osm_id": "way/306252411", "group": "Dimore ed edifici", "subgroup": "Residenze", "subcategory": "Palazzo italiano"}, "geometry": {"type": "Point", "coordinates": [11.257297, 43.776292]}}, {"type": "Feature", "properties": {"wikidata": "Q3867877", "name": "Museo d'arte sacra del Chianti", "status": "done", "osm_id": "node/3413495250", "group": "Cultura e tempo libero", "subgroup": "Musei", "subcategory": "Museo"}, "geometry": {"type": "Point", "coordinates": [11.379049, 43.483982]}}, {"type": "Feature", "properties": {"wikidata": "Q3889654", "name": "Palazzo Bertini", "status": "missing", "osm_id": null, "group": "Dimore ed edifici", "subgroup": "Residenze", "subcategory": "Palazzo"}, "geometry": {"type": "Point", "coordinates": [10.521011111, 43.681438888]}}, {"type": "Feature", "properties": {"wikidata": "Q3889749", "name": "Palazzo Calcagnini", "status": "done", "osm_id": "way/117864760", "group": "Dimore ed edifici", "subgroup": "Residenze", "subcategory": "Palazzo italiano"}, "geometry": {"type": "Point", "coordinates": [11.24079167, 43.77388056]}}, {"type": "Feature", "properties": {"wikidata": "Q3867720", "name": "Museo archeologico nazionale di Siena", "status": "done", "osm_id": "node/2806096972", "group": "Cultura e tempo libero", "subgroup": "Musei", "subcategory": "Museo"}, "geometry": {"type": "Point", "coordinates": [11.328347, 43.31723]}}, {"type": "Feature", "properties": {"wikidata": "Q3867689", "name": "Museo archeologico di Montelupo", "status": "done", "osm_id": "way/473891116", "group": "Altro", "subgroup": "Altro", "subcategory": "Altro"}, "geometry": {"type": "Point", "coordinates": [11.011384, 43.730402]}}, {"type": "Feature", "properties": {"wikidata": "Q3889779", "name": "Palazzo Capponi-Covoni", "status": "done", "osm_id": "relation/4086387", "group": "Dimore ed edifici", "subgroup": "Residenze", "subcategory": "Palazzo italiano"}, "geometry": {"type": "Point", "coordinates": [11.25655, 43.77534167]}}, {"type": "Feature", "properties": {"wikidata": "Q3889645", "name": "Palazzo Benini", "status": "done", "osm_id": "way/422487369", "group": "Dimore ed edifici", "subgroup": "Residenze", "subcategory": "Palazzo"}, "geometry": {"type": "Point", "coordinates": [11.137949, 43.820725]}}, {"type": "Feature", "properties": {"wikidata": "Q3889595", "name": "Palazzo Barbolani di Montauto", "status": "done", "osm_id": "way/306395983", "group": "Dimore ed edifici", "subgroup": "Residenze", "subcategory": "Palazzo italiano"}, "geometry": {"type": "Point", "coordinates": [11.25533611, 43.77557778]}}, {"type": "Feature", "properties": {"wikidata": "Q3867871", "name": "Museo d'arte sacra di Camaiore", "status": "done", "osm_id": "node/4051479474", "group": "Cultura e tempo libero", "subgroup": "Musei", "subcategory": "Museo d'arte"}, "geometry": {"type": "Point", "coordinates": [10.304659, 43.937183]}}, {"type": "Feature", "properties": {"wikidata": "Q3889742", "name": "Palazzo Buondelmonti", "status": "done", "osm_id": "way/114916779", "group": "Dimore ed edifici", "subgroup": "Residenze", "subcategory": "Palazzo italiano"}, "geometry": {"type": "Point", "coordinates": [11.25155556, 43.76999444]}}, {"type": "Feature", "properties": {"wikidata": "Q3889662", "name": "palazzo Bianchi Bandinelli", "status": "done", "osm_id": "relation/372919", "group": "Dimore ed edifici", "subgroup": "Residenze", "subcategory": "Palazzo"}, "geometry": {"type": "Point", "coordinates": [11.33771, 43.3168]}}, {"type": "Feature", "properties": {"wikidata": "Q3889698", "name": "Palazzo Borghese", "status": "done", "osm_id": "relation/1598079", "group": "Dimore ed edifici", "subgroup": "Residenze", "subcategory": "Palazzo"}, "geometry": {"type": "Point", "coordinates": [11.259230555, 43.770686111]}}, {"type": "Feature", "properties": {"wikidata": "Q3889713", "name": "Palazzo Bourbon del Monte", "status": "done", "osm_id": "way/291003842", "group": "Dimore ed edifici", "subgroup": "Residenze", "subcategory": "Palazzo"}, "geometry": {"type": "Point", "coordinates": [11.64623333, 42.65703611]}}, {"type": "Feature", "properties": {"wikidata": "Q3867879", "name": "Museo d'arte sacra di Fiesole", "status": "missing", "osm_id": null, "group": "Cultura e tempo libero", "subgroup": "Musei", "subcategory": "Museo"}, "geometry": {"type": "Point", "coordinates": [11.291831, 43.807374]}}, {"type": "Feature", "properties": {"wikidata": "Q3889603", "name": "Palazzo Bardi-Guicciardini", "status": "done", "osm_id": "relation/4096737", "group": "Dimore ed edifici", "subgroup": "Residenze", "subcategory": "Palazzo italiano"}, "geometry": {"type": "Point", "coordinates": [11.24833333, 43.76888889]}}, {"type": "Feature", "properties": {"wikidata": "Q3889642", "name": "Palazzo Benci", "status": "done", "osm_id": "way/307153254", "group": "Dimore ed edifici", "subgroup": "Residenze", "subcategory": "Palazzo italiano"}, "geometry": {"type": "Point", "coordinates": [11.25300556, 43.77518056]}}, {"type": "Feature", "properties": {"wikidata": "Q3889781", "name": "Palazzo Capponi-Vettori", "status": "done", "osm_id": "way/306798531", "group": "Dimore ed edifici", "subgroup": "Residenze", "subcategory": "Palazzo italiano"}, "geometry": {"type": "Point", "coordinates": [11.246472, 43.769653]}}, {"type": "Feature", "properties": {"wikidata": "Q3867693", "name": "Museo Civico, Archeologico e della Collegiata", "status": "done", "osm_id": "node/7319010045", "group": "Cultura e tempo libero", "subgroup": "Musei", "subcategory": "Museo d'arte"}, "geometry": {"type": "Point", "coordinates": [11.043115, 43.341684]}}, {"type": "Feature", "properties": {"wikidata": "Q3889628", "name": "Palazzo Beccanugi", "status": "done", "osm_id": "way/307154331", "group": "Dimore ed edifici", "subgroup": "Residenze", "subcategory": "Palazzo italiano"}, "geometry": {"type": "Point", "coordinates": [11.25123056, 43.77249444]}}, {"type": "Feature", "properties": {"wikidata": "Q3889679", "name": "Palazzo Bombicci", "status": "done", "osm_id": "way/114221042", "group": "Dimore ed edifici", "subgroup": "Residenze", "subcategory": "Palazzo italiano"}, "geometry": {"type": "Point", "coordinates": [11.25537222, 43.77008889]}}, {"type": "Feature", "properties": {"wikidata": "Q3867768", "name": "Museo di Palazzo Pretorio", "status": "done", "osm_id": "node/4277808022", "group": "Cultura e tempo libero", "subgroup": "Musei", "subcategory": "Museo d'arte"}, "geometry": {"type": "Point", "coordinates": [11.096467, 43.880829]}}, {"type": "Feature", "properties": {"wikidata": "Q3889667", "name": "Palazzo Biliotti", "status": "done", "osm_id": "relation/4096877", "group": "Dimore ed edifici", "subgroup": "Residenze", "subcategory": "Palazzo italiano"}, "geometry": {"type": "Point", "coordinates": [11.24866389, 43.76648889]}}, {"type": "Feature", "properties": {"wikidata": "Q3889748", "name": "Palazzo Caccini", "status": "done", "osm_id": "way/306486037", "group": "Dimore ed edifici", "subgroup": "Residenze", "subcategory": "Palazzo italiano"}, "geometry": {"type": "Point", "coordinates": [11.26310833, 43.77341944]}}, {"type": "Feature", "properties": {"wikidata": "Q3889596", "name": "Palazzo Bardi", "status": "done", "osm_id": "relation/1605476", "group": "Dimore ed edifici", "subgroup": "Residenze", "subcategory": "Palazzo italiano"}, "geometry": {"type": "Point", "coordinates": [11.25909722, 43.76749722]}}, {"type": "Feature", "properties": {"wikidata": "Q3889700", "name": "Palazzo Borgianni", "status": "done", "osm_id": "way/307106626", "group": "Dimore ed edifici", "subgroup": "Residenze", "subcategory": "Palazzo italiano"}, "geometry": {"type": "Point", "coordinates": [11.25921667, 43.76871944]}}, {"type": "Feature", "properties": {"wikidata": "Q3889597", "name": "Palazzo Bardi-Tempi", "status": "done", "osm_id": "relation/4100898", "group": "Dimore ed edifici", "subgroup": "Residenze", "subcategory": "Palazzo italiano"}, "geometry": {"type": "Point", "coordinates": [11.25928056, 43.76696667]}}, {"type": "Feature", "properties": {"wikidata": "Q3889773", "name": "palazzo Cappelli", "status": "done", "osm_id": "way/485044176", "group": "Dimore ed edifici", "subgroup": "Residenze", "subcategory": "Palazzo"}, "geometry": {"type": "Point", "coordinates": [11.113135548, 42.761718887]}}, {"type": "Feature", "properties": {"wikidata": "Q3889744", "name": "Palazzo Budini Gattai", "status": "done", "osm_id": "way/682528187", "group": "Dimore ed edifici", "subgroup": "Residenze", "subcategory": "Palazzo italiano"}, "geometry": {"type": "Point", "coordinates": [11.26023611, 43.77619722]}}, {"type": "Feature", "properties": {"wikidata": "Q3867872", "name": "museo d'arte sacra di San Gimignano", "status": "done", "osm_id": "way/182503878", "group": "Cultura e tempo libero", "subgroup": "Musei", "subcategory": "Museo d'arte"}, "geometry": {"type": "Point", "coordinates": [11.042456, 43.46763]}}, {"type": "Feature", "properties": {"wikidata": "Q3889670", "name": "Palazzo Bisdomini", "status": "done", "osm_id": "way/1297680811", "group": "Dimore ed edifici", "subgroup": "Residenze", "subcategory": "Palazzo"}, "geometry": {"type": "Point", "coordinates": [11.329237, 43.315432]}}, {"type": "Feature", "properties": {"wikidata": "Q3889653", "name": "palazzo Berti", "status": "done", "osm_id": "way/485044181", "group": "Dimore ed edifici", "subgroup": "Residenze", "subcategory": "Palazzo"}, "geometry": {"type": "Point", "coordinates": [11.112896161, 42.761714948]}}, {"type": "Feature", "properties": {"wikidata": "Q3889665", "name": "Palazzo Bichi Ruspoli", "status": "done", "osm_id": "way/1293027149", "group": "Dimore ed edifici", "subgroup": "Residenze", "subcategory": "Palazzo"}, "geometry": {"type": "Point", "coordinates": [11.331198, 43.320414]}}, {"type": "Feature", "properties": {"wikidata": "Q3867824", "name": "museo civico di scienze naturali e archeologia della Valdinievole", "status": "missing", "osm_id": null, "group": "Cultura e tempo libero", "subgroup": "Musei", "subcategory": "Museo"}, "geometry": {"type": "Point", "coordinates": [10.687194444, 43.899166666]}}, {"type": "Feature", "properties": {"wikidata": "Q3889622", "name": "Casa degli Alessandri", "status": "missing", "osm_id": null, "group": "Dimore ed edifici", "subgroup": "Residenze", "subcategory": "Palazzo italiano"}, "geometry": {"type": "Point", "coordinates": [11.261592, 43.771723]}}, {"type": "Feature", "properties": {"wikidata": "Q3889614", "name": "Palazzo Bartolomei", "status": "done", "osm_id": "way/368649209", "group": "Dimore ed edifici", "subgroup": "Residenze", "subcategory": "Palazzo"}, "geometry": {"type": "Point", "coordinates": [10.50808611, 43.84569722]}}, {"type": "Feature", "properties": {"wikidata": "Q3889739", "name": "Palazzo Buontalenti", "status": "done", "osm_id": "way/307544543", "group": "Dimore ed edifici", "subgroup": "Residenze", "subcategory": "Palazzo italiano"}, "geometry": {"type": "Point", "coordinates": [11.25831111, 43.77457778]}}, {"type": "Feature", "properties": {"wikidata": "Q3504949", "name": "chiesa di San Donnino", "status": "done", "osm_id": "way/105005205", "group": "Religione", "subgroup": "Luoghi di Culto", "subcategory": "Chiesa"}, "geometry": {"type": "Point", "coordinates": [10.39766111, 43.70695278]}}, {"type": "Feature", "properties": {"wikidata": "Q3531038", "name": "tomba del Tifone", "status": "missing", "osm_id": null, "group": "Altro", "subgroup": "Altro", "subcategory": "Altro"}, "geometry": {"type": "Point", "coordinates": [11.634710693, 42.659022286]}}, {"type": "Feature", "properties": {"wikidata": "Q3502899", "name": "Battistero di San Giovanni", "status": "done", "osm_id": "way/162389647", "group": "Altro", "subgroup": "Altro", "subcategory": "Altro"}, "geometry": {"type": "Point", "coordinates": [10.85833333, 43.40166667]}}, {"type": "Feature", "properties": {"wikidata": "Q3532457", "name": "Torre dei Pulci", "status": "done", "osm_id": "way/157937048", "group": "Fortificazioni e militare", "subgroup": "Fortificazioni", "subcategory": "Torre"}, "geometry": {"type": "Point", "coordinates": [11.255055555, 43.768527777]}}, {"type": "Feature", "properties": {"wikidata": "Q3505132", "name": "chiesa di San Sisto", "status": "done", "osm_id": "way/140894052", "group": "Religione", "subgroup": "Luoghi di Culto", "subcategory": "Chiesa"}, "geometry": {"type": "Point", "coordinates": [10.39919, 43.71952]}}, {"type": "Feature", "properties": {"wikidata": "Q3504833", "name": "chiesa di San Silvestro", "status": "done", "osm_id": "way/128393613", "group": "Religione", "subgroup": "Luoghi di Culto", "subcategory": "Ex chiesa"}, "geometry": {"type": "Point", "coordinates": [10.41016, 43.71438]}}, {"type": "Feature", "properties": {"wikidata": "Q3502492", "name": "chiesa di San Michele degli Scalzi", "status": "done", "osm_id": "way/155218888", "group": "Religione", "subgroup": "Luoghi di Culto", "subcategory": "Chiesa"}, "geometry": {"type": "Point", "coordinates": [10.419198, 43.705956]}}, {"type": "Feature", "properties": {"wikidata": "Q3531046", "name": "Tomba della Scimmia", "status": "done", "osm_id": "node/890874932", "group": "Religione", "subgroup": "Cimiteri", "subcategory": "Tomba"}, "geometry": {"type": "Point", "coordinates": [11.9520681, 43.0304863]}}, {"type": "Feature", "properties": {"wikidata": "Q3531048", "name": "Tomba della Tassinara", "status": "missing", "osm_id": null, "group": "Religione", "subgroup": "Cimiteri", "subcategory": "Tomba"}, "geometry": {"type": "Point", "coordinates": [11.9638, 43.0237]}}, {"type": "Feature", "properties": {"wikidata": "Q3538271", "name": "Palazzo Albizi", "status": "done", "osm_id": "way/306984396", "group": "Dimore ed edifici", "subgroup": "Residenze", "subcategory": "Palazzo italiano"}, "geometry": {"type": "Point", "coordinates": [11.2604, 43.7716]}}, {"type": "Feature", "properties": {"wikidata": "Q3442571", "name": "Roseto botanico Carla Fineschi", "status": "missing", "osm_id": null, "group": "Altro", "subgroup": "Altro", "subcategory": "Altro"}, "geometry": {"type": "Point", "coordinates": [11.501613, 43.532945]}}, {"type": "Feature", "properties": {"wikidata": "Q3668928", "name": "chiesa della Madonna del Carmine", "status": "done", "osm_id": "way/723916352", "group": "Religione", "subgroup": "Luoghi di Culto", "subcategory": "Chiesa"}, "geometry": {"type": "Point", "coordinates": [10.63184, 43.31228]}}, {"type": "Feature", "properties": {"wikidata": "Q3668931", "name": "chiesa della Madonna del Carmine", "status": "done", "osm_id": "way/1273182587", "group": "Religione", "subgroup": "Luoghi di Culto", "subcategory": "Chiesa"}, "geometry": {"type": "Point", "coordinates": [10.7218, 43.54951]}}, {"type": "Feature", "properties": {"wikidata": "Q3531083", "name": "Tomba della Mula", "status": "done", "osm_id": "way/113469096", "group": "Religione", "subgroup": "Cimiteri", "subcategory": "Tomba"}, "geometry": {"type": "Point", "coordinates": [11.2143, 43.8285]}}, {"type": "Feature", "properties": {"wikidata": "Q3531065", "name": "Tomba di Boschetti", "status": "done", "osm_id": "way/248028380", "group": "Archeologia", "subgroup": "Siti", "subcategory": "Sito archeologico"}, "geometry": {"type": "Point", "coordinates": [11.0645, 43.7962]}}, {"type": "Feature", "properties": {"wikidata": "Q3542035", "name": "tomba del Diavolino II", "status": "done", "osm_id": "way/224866928", "group": "Archeologia", "subgroup": "Siti", "subcategory": "Sito archeologico"}, "geometry": {"type": "Point", "coordinates": [10.9944, 42.8757]}}, {"type": "Feature", "properties": {"wikidata": "Q3531026", "name": "tomba Galeotti", "status": "missing", "osm_id": null, "group": "Religione", "subgroup": "Cimiteri", "subcategory": "Tomba"}, "geometry": {"type": "Point", "coordinates": [11.949995, 43.010027]}}, {"type": "Feature", "properties": {"wikidata": "Q3516778", "name": "teatro degli Industri", "status": "done", "osm_id": "way/485044169", "group": "Cultura e tempo libero", "subgroup": "Spettacolo", "subcategory": "Teatro"}, "geometry": {"type": "Point", "coordinates": [11.112, 42.7602]}}, {"type": "Feature", "properties": {"wikidata": "Q3668939", "name": "chiesa della Madonna del Conforto", "status": "done", "osm_id": "way/526613444", "group": "Religione", "subgroup": "Luoghi di Culto", "subcategory": "Chiesa"}, "geometry": {"type": "Point", "coordinates": [11.42889, 42.79727]}}, {"type": "Feature", "properties": {"wikidata": "Q3398722", "name": "Porta all'Arco", "status": "done", "osm_id": "way/367410672", "group": "Fortificazioni e militare", "subgroup": "Fortificazioni", "subcategory": "Porta cittadina"}, "geometry": {"type": "Point", "coordinates": [10.8584, 43.40088]}}, {"type": "Feature", "properties": {"wikidata": "Q3516749", "name": "teatro dei Rinnovati", "status": "done", "osm_id": "node/663860685", "group": "Cultura e tempo libero", "subgroup": "Spettacolo", "subcategory": "Teatro"}, "geometry": {"type": "Point", "coordinates": [11.33238, 43.31811]}}, {"type": "Feature", "properties": {"wikidata": "Q3506938", "name": "Palazzo dei Mozzi", "status": "done", "osm_id": "relation/4095220", "group": "Dimore ed edifici", "subgroup": "Residenze", "subcategory": "Palazzo italiano"}, "geometry": {"type": "Point", "coordinates": [11.25799167, 43.76466944]}}, {"type": "Feature", "properties": {"wikidata": "Q3506865", "name": "chiesa di San Michele in Borgo", "status": "done", "osm_id": "way/159525352", "group": "Religione", "subgroup": "Luoghi di Culto", "subcategory": "Chiesa"}, "geometry": {"type": "Point", "coordinates": [10.40254167, 43.71689444]}}, {"type": "Feature", "properties": {"wikidata": "Q3538925", "name": "Palazzo degli Alessandri", "status": "done", "osm_id": "relation/4098972", "group": "Dimore ed edifici", "subgroup": "Residenze", "subcategory": "Palazzo italiano"}, "geometry": {"type": "Point", "coordinates": [11.2608, 43.7714]}}, {"type": "Feature", "properties": {"wikidata": "Q3522261", "name": "Montepulciano Stazione", "status": "done", "osm_id": "node/1715193259", "group": "Insediamenti", "subgroup": "Centri", "subcategory": "Frazione"}, "geometry": {"type": "Point", "coordinates": [11.855277777, 43.136666666]}}, {"type": "Feature", "properties": {"wikidata": "Q3505107", "name": "chiesa di San Zeno", "status": "done", "osm_id": "way/137827225", "group": "Cultura e tempo libero", "subgroup": "Musei", "subcategory": "Museo"}, "geometry": {"type": "Point", "coordinates": [10.407531, 43.723]}}, {"type": "Feature", "properties": {"wikidata": "Q3531029", "name": "tomba del Duce", "status": "missing", "osm_id": null, "group": "Altro", "subgroup": "Altro", "subcategory": "Altro"}, "geometry": {"type": "Point", "coordinates": [10.98304, 42.86923]}}, {"type": "Feature", "properties": {"wikidata": "Q3531044", "name": "Tomba della Montagnola", "status": "done", "osm_id": "way/248028821", "group": "Archeologia", "subgroup": "Siti", "subcategory": "Sito archeologico"}, "geometry": {"type": "Point", "coordinates": [11.2163, 43.8334]}}, {"type": "Feature", "properties": {"wikidata": "Q3506968", "name": "chiesa di San Paolo all'Orto", "status": "done", "osm_id": "way/241614966", "group": "Religione", "subgroup": "Luoghi di Culto", "subcategory": "Chiesa"}, "geometry": {"type": "Point", "coordinates": [10.40444, 43.71756]}}, {"type": "Feature", "properties": {"wikidata": "Q3531036", "name": "Tomba del Poggio al Moro", "status": "missing", "osm_id": null, "group": "Religione", "subgroup": "Cimiteri", "subcategory": "Tomba"}, "geometry": {"type": "Point", "coordinates": [11.9262, 43.0183]}}, {"type": "Feature", "properties": {"wikidata": "Q3531025", "name": "tomba Ildebranda", "status": "missing", "osm_id": null, "group": "Altro", "subgroup": "Altro", "subcategory": "Altro"}, "geometry": {"type": "Point", "coordinates": [11.633275694, 42.658576474]}}, {"type": "Feature", "properties": {"wikidata": "Q3531051", "name": "Tomba di Vigna Grande", "status": "missing", "osm_id": null, "group": "Archeologia", "subgroup": "Siti", "subcategory": "Sito archeologico"}, "geometry": {"type": "Point", "coordinates": [11.947319, 43.008732]}}, {"type": "Feature", "properties": {"wikidata": "Q3485425", "name": "Vitozza", "status": "done", "osm_id": "node/3810066724", "group": "Archeologia", "subgroup": "Siti", "subcategory": "Sito archeologico"}, "geometry": {"type": "Point", "coordinates": [11.7569, 42.6778]}}, {"type": "Feature", "properties": {"wikidata": "Q3483653", "name": "Arbia", "status": "done", "osm_id": "node/252786510", "group": "Insediamenti", "subgroup": "Centri", "subcategory": "Frazione"}, "geometry": {"type": "Point", "coordinates": [11.409502777, 43.293680555]}}, {"type": "Feature", "properties": {"wikidata": "Q3498671", "name": "Villa Finaly", "status": "done", "osm_id": "way/305733375", "group": "Dimore ed edifici", "subgroup": "Residenze", "subcategory": "Villa"}, "geometry": {"type": "Point", "coordinates": [11.266, 43.7996]}}, {"type": "Feature", "properties": {"wikidata": "Q3492927", "name": "Spedale di Santa Fina", "status": "done", "osm_id": "way/182514023", "group": "Cultura e tempo libero", "subgroup": "Musei", "subcategory": "Museo"}, "geometry": {"type": "Point", "coordinates": [11.044192, 43.470133]}}, {"type": "Feature", "properties": {"wikidata": "Q3531032", "name": "Tomba del Granduca", "status": "done", "osm_id": "way/1257608986", "group": "Religione", "subgroup": "Cimiteri", "subcategory": "Tomba"}, "geometry": {"type": "Point", "coordinates": [11.9597, 43.0339]}}, {"type": "Feature", "properties": {"wikidata": "Q3506514", "name": "chiesa di San Tommaso in Ponte", "status": "done", "osm_id": "way/405746262", "group": "Religione", "subgroup": "Luoghi di Culto", "subcategory": "Chiesa"}, "geometry": {"type": "Point", "coordinates": [10.40021111, 43.72196667]}}, {"type": "Feature", "properties": {"wikidata": "Q3668933", "name": "chiesa della Madonna del Carmine", "status": "missing", "osm_id": null, "group": "Religione", "subgroup": "Luoghi di Culto", "subcategory": "Chiesa"}, "geometry": {"type": "Point", "coordinates": [10.396627, 42.765584]}}, {"type": "Feature", "properties": {"wikidata": "Q3531039", "name": "tomba della Fibula d'oro", "status": "done", "osm_id": "way/444049448", "group": "Archeologia", "subgroup": "Siti", "subcategory": "Sito archeologico"}, "geometry": {"type": "Point", "coordinates": [10.995749, 42.879391]}}, {"type": "Feature", "properties": {"wikidata": "Q3515032", "name": "Tanella Angori", "status": "missing", "osm_id": null, "group": "Religione", "subgroup": "Cimiteri", "subcategory": "Tomba"}, "geometry": {"type": "Point", "coordinates": [11.98775, 43.274078]}}, {"type": "Feature", "properties": {"wikidata": "Q3531047", "name": "Tomba di Mezzavia", "status": "done", "osm_id": "node/1416747918", "group": "Religione", "subgroup": "Cimiteri", "subcategory": "Tomba"}, "geometry": {"type": "Point", "coordinates": [11.95029, 43.29157]}}, {"type": "Feature", "properties": {"wikidata": "Q3504760", "name": "chiesa di San Frediano", "status": "done", "osm_id": "way/217174074", "group": "Religione", "subgroup": "Luoghi di Culto", "subcategory": "Chiesa"}, "geometry": {"type": "Point", "coordinates": [10.399372, 43.717964]}}, {"type": "Feature", "properties": {"wikidata": "Q3533624", "name": "Torre degli Albizi", "status": "done", "osm_id": "way/306984431", "group": "Fortificazioni e militare", "subgroup": "Fortificazioni", "subcategory": "Torre"}, "geometry": {"type": "Point", "coordinates": [11.26016667, 43.77154167]}}, {"type": "Feature", "properties": {"wikidata": "Q3531034", "name": "Tomba del Leone", "status": "done", "osm_id": "node/890874978", "group": "Religione", "subgroup": "Cimiteri", "subcategory": "Tomba"}, "geometry": {"type": "Point", "coordinates": [11.952154, 43.030606]}}, {"type": "Feature", "properties": {"wikidata": "Q3531024", "name": "tomba Pisa", "status": "missing", "osm_id": null, "group": "Altro", "subgroup": "Altro", "subcategory": "Altro"}, "geometry": {"type": "Point", "coordinates": [11.640250443, 42.65929321]}}, {"type": "Feature", "properties": {"wikidata": "Q3531080", "name": "tomba della Sirena", "status": "missing", "osm_id": null, "group": "Archeologia", "subgroup": "Siti", "subcategory": "Sito archeologico"}, "geometry": {"type": "Point", "coordinates": [11.639835603, 42.654360547]}}, {"type": "Feature", "properties": {"wikidata": "Q3437435", "name": "Rocca di Pierle", "status": "done", "osm_id": "way/712901662", "group": "Fortificazioni e militare", "subgroup": "Fortificazioni", "subcategory": "Castello"}, "geometry": {"type": "Point", "coordinates": [12.110732, 43.257958]}}, {"type": "Feature", "properties": {"wikidata": "Q3538564", "name": "borgo Albizi", "status": "done", "osm_id": "way/788615415", "group": "Infrastrutture", "subgroup": "Trasporti", "subcategory": "Strada urbana"}, "geometry": {"type": "Point", "coordinates": [11.25981111, 43.77150556]}}, {"type": "Feature", "properties": {"wikidata": "Q3501045", "name": "Studiolo di Cosimo I", "status": "missing", "osm_id": null, "group": "Altro", "subgroup": "Altro", "subcategory": "Altro"}, "geometry": {"type": "Point", "coordinates": [11.2566, 43.7691]}}, {"type": "Feature", "properties": {"wikidata": "Q3525498", "name": "Polveraia", "status": "done", "osm_id": "node/3009191639", "group": "Insediamenti", "subgroup": "Centri", "subcategory": "Frazione"}, "geometry": {"type": "Point", "coordinates": [11.31888889, 42.77083333]}}, {"type": "Feature", "properties": {"wikidata": "Q3531041", "name": "Tomba dell'Iscrizione", "status": "done", "osm_id": "node/890874975", "group": "Religione", "subgroup": "Cimiteri", "subcategory": "Tomba"}, "geometry": {"type": "Point", "coordinates": [11.945, 43.0242]}}, {"type": "Feature", "properties": {"wikidata": "Q3516750", "name": "Teatro Carlo Goldoni", "status": "done", "osm_id": "node/391302734", "group": "Cultura e tempo libero", "subgroup": "Spettacolo", "subcategory": "Teatro"}, "geometry": {"type": "Point", "coordinates": [10.3134, 43.546]}}, {"type": "Feature", "properties": {"wikidata": "Q3505115", "name": "chiesa di Santa Caterina d'Alessandria", "status": "done", "osm_id": "way/95460603", "group": "Religione", "subgroup": "Luoghi di Culto", "subcategory": "Chiesa"}, "geometry": {"type": "Point", "coordinates": [10.40465, 43.72113]}}, {"type": "Feature", "properties": {"wikidata": "Q3531028", "name": "tomba del Belvedere", "status": "done", "osm_id": "way/224867133", "group": "Altro", "subgroup": "Altro", "subcategory": "Altro"}, "geometry": {"type": "Point", "coordinates": [10.9828734, 42.8695165]}}, {"type": "Feature", "properties": {"wikidata": "Q3531075", "name": "Tomba dell'Arciere", "status": "done", "osm_id": "way/181147867", "group": "Religione", "subgroup": "Cimiteri", "subcategory": "Tomba"}, "geometry": {"type": "Point", "coordinates": [11.1932, 43.6239]}}, {"type": "Feature", "properties": {"wikidata": "Q3504517", "name": "chiesa di San Pietro in Vinculis", "status": "done", "osm_id": "way/105625234", "group": "Religione", "subgroup": "Luoghi di Culto", "subcategory": "Chiesa"}, "geometry": {"type": "Point", "coordinates": [10.40386, 43.71632]}}, {"type": "Feature", "properties": {"wikidata": "Q3402331", "name": "prepositura di San Michele Arcangelo", "status": "done", "osm_id": "way/184567766", "group": "Religione", "subgroup": "Luoghi di Culto", "subcategory": "Chiesa"}, "geometry": {"type": "Point", "coordinates": [11.44031, 43.77539]}}, {"type": "Feature", "properties": {"wikidata": "Q3461031", "name": "Sacra Cintola", "status": "missing", "osm_id": null, "group": "Altro", "subgroup": "Altro", "subcategory": "Altro"}, "geometry": {"type": "Point", "coordinates": [11.0978, 43.882]}}, {"type": "Feature", "properties": {"wikidata": "Q3504816", "name": "chiesa di Sant'Andrea Forisportam", "status": "done", "osm_id": "way/105591864", "group": "Religione", "subgroup": "Luoghi di Culto", "subcategory": "Ex chiesa"}, "geometry": {"type": "Point", "coordinates": [10.40578, 43.71625]}}, {"type": "Feature", "properties": {"wikidata": "Q3516781", "name": "Teatro del Giglio", "status": "done", "osm_id": "way/180148964", "group": "Cultura e tempo libero", "subgroup": "Spettacolo", "subcategory": "Teatro"}, "geometry": {"type": "Point", "coordinates": [10.50308889, 43.84058889]}}, {"type": "Feature", "properties": {"wikidata": "Q3481460", "name": "Monumento dei Quattro mori", "status": "done", "osm_id": "node/344287933", "group": "Monumenti", "subgroup": "Monumenti", "subcategory": "Statua"}, "geometry": {"type": "Point", "coordinates": [10.304776, 43.549518]}}, {"type": "Feature", "properties": {"wikidata": "Q3531033", "name": "tomba del Sileno", "status": "missing", "osm_id": null, "group": "Altro", "subgroup": "Altro", "subcategory": "Altro"}, "geometry": {"type": "Point", "coordinates": [11.649941436, 42.660010888]}}, {"type": "Feature", "properties": {"wikidata": "Q3668938", "name": "chiesa della Madonna del Cavalluzzo", "status": "missing", "osm_id": null, "group": "Religione", "subgroup": "Luoghi di Culto", "subcategory": "Chiesa"}, "geometry": {"type": "Point", "coordinates": [11.48728, 42.62453]}}, {"type": "Feature", "properties": {"wikidata": "Q3517625", "name": "tempio di Talamonaccio", "status": "done", "osm_id": "way/237086990", "group": "Archeologia", "subgroup": "Siti", "subcategory": "Sito archeologico"}, "geometry": {"type": "Point", "coordinates": [11.16972222, 42.55166667]}}, {"type": "Feature", "properties": {"wikidata": "Q2822654", "name": "Accademia dei Fisiocritici", "status": "missing", "osm_id": null, "group": "Altro", "subgroup": "Altro", "subcategory": "Altro"}, "geometry": {"type": "Point", "coordinates": [11.330923585, 43.314208699]}}, {"type": "Feature", "properties": {"wikidata": "Q2882386", "name": "Santa Sofia Marecchia", "status": "done", "osm_id": "node/1268571548", "group": "Altro", "subgroup": "Altro", "subcategory": "Altro"}, "geometry": {"type": "Point", "coordinates": [12.198777777, 43.787222222]}}, {"type": "Feature", "properties": {"wikidata": "Q2839397", "name": "Alpe di Catenaia", "status": "missing", "osm_id": null, "group": "Natura e paesaggio", "subgroup": "Montagna", "subcategory": "Montagna"}, "geometry": {"type": "Point", "coordinates": [11.94166667, 43.62416667]}}, {"type": "Feature", "properties": {"wikidata": "Q2828269", "name": "Area Archeologica di Cortona", "status": "missing", "osm_id": null, "group": "Archeologia", "subgroup": "Siti", "subcategory": "Sito archeologico"}, "geometry": {"type": "Point", "coordinates": [11.973653, 43.260214]}}, {"type": "Feature", "properties": {"wikidata": "Q2855078", "name": "Marsiliana d'Albegna", "status": "done", "osm_id": "node/1304179469", "group": "Insediamenti", "subgroup": "Centri", "subcategory": "Frazione"}, "geometry": {"type": "Point", "coordinates": [11.342222222, 42.536666666]}}, {"type": "Feature", "properties": {"wikidata": "Q2820635", "name": "santuario di Montesenario", "status": "done", "osm_id": "relation/12638229", "group": "Religione", "subgroup": "Luoghi di Culto", "subcategory": "Basilica minore"}, "geometry": {"type": "Point", "coordinates": [11.333067, 43.896294]}}, {"type": "Feature", "properties": {"wikidata": "Q2895443", "name": "Buliciano", "status": "done", "osm_id": "node/3826376657", "group": "Insediamenti", "subgroup": "Centri", "subcategory": "Frazione"}, "geometry": {"type": "Point", "coordinates": [11.053333333, 43.390555555]}}, {"type": "Feature", "properties": {"wikidata": "Q2778991", "name": "chiesa di Ognissanti", "status": "done", "osm_id": "way/167273908", "group": "Cultura e tempo libero", "subgroup": "Musei", "subcategory": "Museo"}, "geometry": {"type": "Point", "coordinates": [11.24598, 43.77251]}}, {"type": "Feature", "properties": {"wikidata": "Q2914527", "name": "Bibbiano", "status": "done", "osm_id": "node/317673054", "group": "Insediamenti", "subgroup": "Centri", "subcategory": "Frazione"}, "geometry": {"type": "Point", "coordinates": [11.099444444, 43.446111111]}}, {"type": "Feature", "properties": {"wikidata": "Q2786038", "name": "Museo del Cenacolo di Sant'Apollonia", "status": "done", "osm_id": "node/4277839535", "group": "Cultura e tempo libero", "subgroup": "Musei", "subcategory": "Museo"}, "geometry": {"type": "Point", "coordinates": [11.256635, 43.778748]}}, {"type": "Feature", "properties": {"wikidata": "Q2777434", "name": "Tirli", "status": "done", "osm_id": "node/2795141584", "group": "Insediamenti", "subgroup": "Centri", "subcategory": "Frazione"}, "geometry": {"type": "Point", "coordinates": [10.895, 42.845277777]}}, {"type": "Feature", "properties": {"wikidata": "Q2736379", "name": "Cacciata dei progenitori dall'Eden", "status": "missing", "osm_id": null, "group": "Altro", "subgroup": "Altro", "subcategory": "Altro"}, "geometry": {"type": "Point", "coordinates": [11.243611111, 43.767777777]}}, {"type": "Feature", "properties": {"wikidata": "Q2940889", "name": "Cascina", "status": "done", "osm_id": "way/57401722", "group": "Natura e paesaggio", "subgroup": "Acqua", "subcategory": "Fiume"}, "geometry": {"type": "Point", "coordinates": [10.669585, 43.488666]}}, {"type": "Feature", "properties": {"wikidata": "Q2928768", "name": "Bussola Versilia", "status": "done", "osm_id": "node/782022925", "group": "Altro", "subgroup": "Altro", "subcategory": "Altro"}, "geometry": {"type": "Point", "coordinates": [10.21087, 43.91242]}}, {"type": "Feature", "properties": {"wikidata": "Q2878647", "name": "abbazia di San Michele Arcangelo a Passignano", "status": "done", "osm_id": "relation/8152129", "group": "Religione", "subgroup": "Luoghi di Culto", "subcategory": "Chiesa"}, "geometry": {"type": "Point", "coordinates": [11.2475, 43.5773]}}, {"type": "Feature", "properties": {"wikidata": "Q2792446", "name": "Niccioleta", "status": "done", "osm_id": "node/374386196", "group": "Insediamenti", "subgroup": "Centri", "subcategory": "Frazione"}, "geometry": {"type": "Point", "coordinates": [10.935, 43.08722222]}}, {"type": "Feature", "properties": {"wikidata": "Q2942519", "name": "duomo di Volterra", "status": "done", "osm_id": "way/423593733", "group": "Religione", "subgroup": "Luoghi di Culto", "subcategory": "Basilica minore"}, "geometry": {"type": "Point", "coordinates": [10.85892, 43.40176]}}, {"type": "Feature", "properties": {"wikidata": "Q2941262", "name": "Cassero Senese", "status": "missing", "osm_id": null, "group": "Fortificazioni e militare", "subgroup": "Fortificazioni", "subcategory": "Castello"}, "geometry": {"type": "Point", "coordinates": [10.97194444, 42.85944444]}}, {"type": "Feature", "properties": {"wikidata": "Q2820490", "name": "abbazia di San Salvatore a Giugnano", "status": "done", "osm_id": "node/3640982970", "group": "Religione", "subgroup": "Vita Monastica", "subcategory": "Abbazia"}, "geometry": {"type": "Point", "coordinates": [11.12583333, 42.98412778]}}, {"type": "Feature", "properties": {"wikidata": "Q2802146", "name": "Borgo Santa Rita", "status": "done", "osm_id": "node/4377481855", "group": "Insediamenti", "subgroup": "Centri", "subcategory": "Frazione"}, "geometry": {"type": "Point", "coordinates": [11.385833333, 42.9575]}}, {"type": "Feature", "properties": {"wikidata": "Q2855029", "name": "Bagnore", "status": "done", "osm_id": "node/297308354", "group": "Insediamenti", "subgroup": "Centri", "subcategory": "Frazione"}, "geometry": {"type": "Point", "coordinates": [11.567777777, 42.847222222]}}, {"type": "Feature", "properties": {"wikidata": "Q2790957", "name": "Vallerona", "status": "done", "osm_id": "node/493670498", "group": "Insediamenti", "subgroup": "Centri", "subcategory": "Frazione"}, "geometry": {"type": "Point", "coordinates": [11.469444444, 42.792777777]}}, {"type": "Feature", "properties": {"wikidata": "Q2860782", "name": "Vetulonia", "status": "missing", "osm_id": null, "group": "Religione", "subgroup": "Cimiteri", "subcategory": "Necropoli"}, "geometry": {"type": "Point", "coordinates": [10.975, 42.8625]}}, {"type": "Feature", "properties": {"wikidata": "Q2942647", "name": "concattedrale dei Santi Alberto e Marziale", "status": "done", "osm_id": "way/751917319", "group": "Altro", "subgroup": "Altro", "subcategory": "Altro"}, "geometry": {"type": "Point", "coordinates": [11.12038889, 43.42253889]}}, {"type": "Feature", "properties": {"wikidata": "Q2836812", "name": "Orto botanico comunale di Lucca", "status": "done", "osm_id": "relation/4165946", "group": "Natura e paesaggio", "subgroup": "Verde", "subcategory": "Orto botanico"}, "geometry": {"type": "Point", "coordinates": [10.51143056, 43.84144722]}}, {"type": "Feature", "properties": {"wikidata": "Q2860779", "name": "Sovana", "status": "missing", "osm_id": null, "group": "Archeologia", "subgroup": "Siti", "subcategory": "Parco archeologico"}, "geometry": {"type": "Point", "coordinates": [11.63436111, 42.65841667]}}, {"type": "Feature", "properties": {"wikidata": "Q2901337", "name": "Biblioteca Citt\u00e0 di Arezzo", "status": "missing", "osm_id": null, "group": "Cultura e tempo libero", "subgroup": "Biblioteche", "subcategory": "Biblioteca pubblica"}, "geometry": {"type": "Point", "coordinates": [11.883794, 43.465681]}}, {"type": "Feature", "properties": {"wikidata": "Q2860786", "name": "area del tufo", "status": "missing", "osm_id": null, "group": "Altro", "subgroup": "Altro", "subcategory": "Altro"}, "geometry": {"type": "Point", "coordinates": [11.7002, 42.6611]}}, {"type": "Feature", "properties": {"wikidata": "Q2795287", "name": "Rocca d'Orcia", "status": "done", "osm_id": "node/4281266170", "group": "Insediamenti", "subgroup": "Centri", "subcategory": "Frazione"}, "geometry": {"type": "Point", "coordinates": [11.61416667, 43.01083333]}}, {"type": "Feature", "properties": {"wikidata": "Q2869971", "name": "Attentato di via dei Georgofili", "status": "missing", "osm_id": null, "group": "Altro", "subgroup": "Altro", "subcategory": "Altro"}, "geometry": {"type": "Point", "coordinates": [11.2550722, 43.7685611]}}, {"type": "Feature", "properties": {"wikidata": "Q2940778", "name": "Casa museo Rodolfo Siviero", "status": "done", "osm_id": "way/306694402", "group": "Cultura e tempo libero", "subgroup": "Musei", "subcategory": "Museo"}, "geometry": {"type": "Point", "coordinates": [11.263696, 43.76491]}}, {"type": "Feature", "properties": {"wikidata": "Q2860778", "name": "Roselle", "status": "done", "osm_id": "relation/17573319", "group": "Altro", "subgroup": "Altro", "subcategory": "Altro"}, "geometry": {"type": "Point", "coordinates": [11.159305804, 42.827179501]}}, {"type": "Feature", "properties": {"wikidata": "Q2916350", "name": "Varano", "status": "done", "osm_id": "node/4453902687", "group": "Insediamenti", "subgroup": "Centri", "subcategory": "Frazione"}, "geometry": {"type": "Point", "coordinates": [10.075277777, 44.286944444]}}, {"type": "Feature", "properties": {"wikidata": "Q2924107", "name": "Bratto", "status": "done", "osm_id": "node/1003601987", "group": "Insediamenti", "subgroup": "Centri", "subcategory": "Frazione"}, "geometry": {"type": "Point", "coordinates": [9.848611111, 44.455]}}, {"type": "Feature", "properties": {"wikidata": "Q2773127", "name": "Triana", "status": "done", "osm_id": "node/416719308", "group": "Insediamenti", "subgroup": "Centri", "subcategory": "Frazione"}, "geometry": {"type": "Point", "coordinates": [11.549722222, 42.788888888]}}, {"type": "Feature", "properties": {"wikidata": "Q2844409", "name": "anfiteatro romano di Lucca", "status": "missing", "osm_id": null, "group": "Altro", "subgroup": "Altro", "subcategory": "Altro"}, "geometry": {"type": "Point", "coordinates": [10.50611, 43.845398]}}, {"type": "Feature", "properties": {"wikidata": "Q2940748", "name": "Casa Boccaccio", "status": "missing", "osm_id": null, "group": "Cultura e tempo libero", "subgroup": "Musei", "subcategory": "Museo d'arte"}, "geometry": {"type": "Point", "coordinates": [11.04425, 43.548980555]}}, {"type": "Feature", "properties": {"wikidata": "Q2753139", "name": "Bardalone", "status": "done", "osm_id": "node/1884450260", "group": "Insediamenti", "subgroup": "Centri", "subcategory": "Frazione"}, "geometry": {"type": "Point", "coordinates": [10.855, 44.040833333]}}, {"type": "Feature", "properties": {"wikidata": "Q2789382", "name": "San Domenico", "status": "missing", "osm_id": null, "group": "Insediamenti", "subgroup": "Centri", "subcategory": "Frazione"}, "geometry": {"type": "Point", "coordinates": [11.285964361, 43.801801542]}}, {"type": "Feature", "properties": {"wikidata": "Q2916832", "name": "Orto botanico delle Alpi Apuane \"Pellegrini - Ansaldi\"", "status": "missing", "osm_id": null, "group": "Natura e paesaggio", "subgroup": "Verde", "subcategory": "Orto botanico"}, "geometry": {"type": "Point", "coordinates": [10.19070278, 44.05789722]}}, {"type": "Feature", "properties": {"wikidata": "Q2864388", "name": "Arsenali Medicei", "status": "done", "osm_id": "way/127284543", "group": "Altro", "subgroup": "Altro", "subcategory": "Altro"}, "geometry": {"type": "Point", "coordinates": [10.39223, 43.71481]}}, {"type": "Feature", "properties": {"wikidata": "Q2779842", "name": "Fibbiana", "status": "done", "osm_id": "node/1567869399", "group": "Insediamenti", "subgroup": "Centri", "subcategory": "Frazione"}, "geometry": {"type": "Point", "coordinates": [10.991972222, 43.731819444]}}, {"type": "Feature", "properties": {"wikidata": "Q2873875", "name": "Grilli", "status": "done", "osm_id": "node/2795141567", "group": "Insediamenti", "subgroup": "Centri", "subcategory": "Frazione"}, "geometry": {"type": "Point", "coordinates": [10.978055555, 42.888333333]}}, {"type": "Feature", "properties": {"wikidata": "Q2932207", "name": "Ca' Raffaello", "status": "done", "osm_id": "node/1268572206", "group": "Insediamenti", "subgroup": "Centri", "subcategory": "Frazione"}, "geometry": {"type": "Point", "coordinates": [12.21042, 43.78293]}}, {"type": "Feature", "properties": {"wikidata": "Q2941087", "name": "Casino Mediceo di San Marco", "status": "done", "osm_id": "relation/4086116", "group": "Altro", "subgroup": "Altro", "subcategory": "Altro"}, "geometry": {"type": "Point", "coordinates": [11.258658, 43.779108]}}, {"type": "Feature", "properties": {"wikidata": "Q2897738", "name": "San Valentino", "status": "done", "osm_id": "node/925753225", "group": "Insediamenti", "subgroup": "Centri", "subcategory": "Frazione"}, "geometry": {"type": "Point", "coordinates": [11.737777777, 42.703611111]}}, {"type": "Feature", "properties": {"wikidata": "Q2893269", "name": "Poggio Santa Cecilia", "status": "done", "osm_id": "node/923965153", "group": "Insediamenti", "subgroup": "Centri", "subcategory": "Frazione"}, "geometry": {"type": "Point", "coordinates": [11.636111111, 43.293055555]}}, {"type": "Feature", "properties": {"wikidata": "Q2860633", "name": "Arcille", "status": "done", "osm_id": "node/1643217066", "group": "Insediamenti", "subgroup": "Centri", "subcategory": "Frazione"}, "geometry": {"type": "Point", "coordinates": [11.251842, 42.800504]}}, {"type": "Feature", "properties": {"wikidata": "Q2874832", "name": "Stagno", "status": "done", "osm_id": "node/330680448", "group": "Insediamenti", "subgroup": "Centri", "subcategory": "Frazione"}, "geometry": {"type": "Point", "coordinates": [10.349722222, 43.591111111]}}, {"type": "Feature", "properties": {"wikidata": "Q2822657", "name": "Accademia dei Georgofili", "status": "missing", "osm_id": null, "group": "Cultura e tempo libero", "subgroup": "Archivi", "subcategory": "Archivio"}, "geometry": {"type": "Point", "coordinates": [11.255055555, 43.768527777]}}, {"type": "Feature", "properties": {"wikidata": "Q2942561", "name": "Duomo di Orbetello", "status": "done", "osm_id": "way/241708294", "group": "Altro", "subgroup": "Altro", "subcategory": "Altro"}, "geometry": {"type": "Point", "coordinates": [11.21057, 42.43867]}}, {"type": "Feature", "properties": {"wikidata": "Q3861582", "name": "Monte Gennaio", "status": "done", "osm_id": "node/571817970", "group": "Natura e paesaggio", "subgroup": "Montagna", "subcategory": "Montagna"}, "geometry": {"type": "Point", "coordinates": [10.8457, 44.1032]}}, {"type": "Feature", "properties": {"wikidata": "Q3862117", "name": "Monte Verruca", "status": "done", "osm_id": "node/1744408318", "group": "Natura e paesaggio", "subgroup": "Montagna", "subcategory": "Montagna"}, "geometry": {"type": "Point", "coordinates": [11.4758, 44.0058]}}, {"type": "Feature", "properties": {"wikidata": "Q3699549", "name": "Cupido", "status": "missing", "osm_id": null, "group": "Altro", "subgroup": "Altro", "subcategory": "Altro"}, "geometry": {"type": "Point", "coordinates": [11.880861111, 43.464538888]}}, {"type": "Feature", "properties": {"wikidata": "Q3862287", "name": "Montemarciale", "status": "done", "osm_id": "node/5536254140", "group": "Altro", "subgroup": "Altro", "subcategory": "Altro"}, "geometry": {"type": "Point", "coordinates": [10.30889167, 42.789725]}}, {"type": "Feature", "properties": {"wikidata": "Q3862410", "name": "Montevettolini", "status": "done", "osm_id": "node/495242241", "group": "Insediamenti", "subgroup": "Centri", "subcategory": "Frazione"}, "geometry": {"type": "Point", "coordinates": [10.84565, 43.85873]}}, {"type": "Feature", "properties": {"wikidata": "Q3862127", "name": "Monte Vitalba", "status": "done", "osm_id": "node/608717371", "group": "Natura e paesaggio", "subgroup": "Montagna", "subcategory": "Montagna"}, "geometry": {"type": "Point", "coordinates": [10.6003533, 43.4148955]}}, {"type": "Feature", "properties": {"wikidata": "Q3862286", "name": "Montemagno", "status": "done", "osm_id": "node/1874197409", "group": "Insediamenti", "subgroup": "Centri", "subcategory": "Frazione"}, "geometry": {"type": "Point", "coordinates": [10.93949, 43.84646]}}, {"type": "Feature", "properties": {"wikidata": "Q3861528", "name": "Monte Faggiola", "status": "done", "osm_id": "node/746496324", "group": "Natura e paesaggio", "subgroup": "Montagna", "subcategory": "Montagna"}, "geometry": {"type": "Point", "coordinates": [11.5158, 44.1492]}}, {"type": "Feature", "properties": {"wikidata": "Q3861594", "name": "Monte Gomito", "status": "done", "osm_id": "node/535301160", "group": "Natura e paesaggio", "subgroup": "Montagna", "subcategory": "Montagna"}, "geometry": {"type": "Point", "coordinates": [10.6439, 44.1276]}}, {"type": "Feature", "properties": {"wikidata": "Q3862217", "name": "Montecastrese", "status": "done", "osm_id": "way/428067615", "group": "Insediamenti", "subgroup": "Centri", "subcategory": "Localit\u00e0"}, "geometry": {"type": "Point", "coordinates": [10.32268, 43.95127]}}, {"type": "Feature", "properties": {"wikidata": "Q3861733", "name": "Monte Matto", "status": "done", "osm_id": "node/279599290", "group": "Natura e paesaggio", "subgroup": "Montagna", "subcategory": "Montagna"}, "geometry": {"type": "Point", "coordinates": [10.0417, 44.373]}}, {"type": "Feature", "properties": {"wikidata": "Q3697072", "name": "Crespiano", "status": "done", "osm_id": "node/2598570842", "group": "Insediamenti", "subgroup": "Centri", "subcategory": "Frazione"}, "geometry": {"type": "Point", "coordinates": [10.09772, 44.28803]}}, {"type": "Feature", "properties": {"wikidata": "Q3861793", "name": "monte Orsaro", "status": "done", "osm_id": "node/4254283121", "group": "Natura e paesaggio", "subgroup": "Montagna", "subcategory": "Montagna"}, "geometry": {"type": "Point", "coordinates": [9.99125, 44.41043]}}, {"type": "Feature", "properties": {"wikidata": "Q3695307", "name": "Costa apuana", "status": "missing", "osm_id": null, "group": "Altro", "subgroup": "Altro", "subcategory": "Altro"}, "geometry": {"type": "Point", "coordinates": [10.161111111, 44.05]}}, {"type": "Feature", "properties": {"wikidata": "Q3861785", "name": "Monte Nona", "status": "done", "osm_id": "node/535911561", "group": "Natura e paesaggio", "subgroup": "Montagna", "subcategory": "Montagna"}, "geometry": {"type": "Point", "coordinates": [10.3390073, 43.9952356]}}, {"type": "Feature", "properties": {"wikidata": "Q3701204", "name": "Dama in Casentino", "status": "done", "osm_id": "node/1306834928", "group": "Insediamenti", "subgroup": "Centri", "subcategory": "Frazione"}, "geometry": {"type": "Point", "coordinates": [11.898888888, 43.699444444]}}, {"type": "Feature", "properties": {"wikidata": "Q3699556", "name": "cupola del Brunelleschi", "status": "done", "osm_id": "way/397848200", "group": "Monumenti", "subgroup": "Monumenti", "subcategory": "Elemento architettonico"}, "geometry": {"type": "Point", "coordinates": [11.255817, 43.7727]}}, {"type": "Feature", "properties": {"wikidata": "Q3698086", "name": "Croce del Monte Amiata", "status": "done", "osm_id": "node/3642185657", "group": "Altro", "subgroup": "Altro", "subcategory": "Altro"}, "geometry": {"type": "Point", "coordinates": [11.625017, 42.887946]}}, {"type": "Feature", "properties": {"wikidata": "Q3862166", "name": "Monte di Piet\u00e0", "status": "missing", "osm_id": null, "group": "Dimore ed edifici", "subgroup": "Residenze", "subcategory": "Palazzo italiano"}, "geometry": {"type": "Point", "coordinates": [11.24806667, 43.77298333]}}, {"type": "Feature", "properties": {"wikidata": "Q3862608", "name": "monumento a Canapone", "status": "done", "osm_id": "node/1394704419", "group": "Altro", "subgroup": "Altro", "subcategory": "Altro"}, "geometry": {"type": "Point", "coordinates": [11.113767245, 42.759589911]}}, {"type": "Feature", "properties": {"wikidata": "Q3694601", "name": "Corsini Bianchi", "status": "done", "osm_id": "node/2507491415", "group": "Insediamenti", "subgroup": "Centri", "subcategory": "Frazione"}, "geometry": {"type": "Point", "coordinates": [10.936666666, 43.964166666]}}, {"type": "Feature", "properties": {"wikidata": "Q3862501", "name": "Montorsoli", "status": "done", "osm_id": "node/1817473835", "group": "Insediamenti", "subgroup": "Centri", "subcategory": "Frazione"}, "geometry": {"type": "Point", "coordinates": [11.29067, 43.84548]}}, {"type": "Feature", "properties": {"wikidata": "Q3861413", "name": "Monte Casciaio", "status": "done", "osm_id": "node/2444458870", "group": "Natura e paesaggio", "subgroup": "Montagna", "subcategory": "Montagna"}, "geometry": {"type": "Point", "coordinates": [11.1395, 44.1075]}}, {"type": "Feature", "properties": {"wikidata": "Q3862346", "name": "Monterotondo", "status": "missing", "osm_id": null, "group": "Insediamenti", "subgroup": "Centri", "subcategory": "Frazione"}, "geometry": {"type": "Point", "coordinates": [12.210555555, 43.784722222]}}, {"type": "Feature", "properties": {"wikidata": "Q3861706", "name": "Monte Macchia dei Cani", "status": "done", "osm_id": "node/1296106709", "group": "Natura e paesaggio", "subgroup": "Montagna", "subcategory": "Montagna"}, "geometry": {"type": "Point", "coordinates": [11.5239, 44.1551]}}, {"type": "Feature", "properties": {"wikidata": "Q3861614", "name": "Monte Grondilice", "status": "done", "osm_id": "node/4884156778", "group": "Natura e paesaggio", "subgroup": "Montagna", "subcategory": "Montagna"}, "geometry": {"type": "Point", "coordinates": [10.1917411, 44.1215317]}}, {"type": "Feature", "properties": {"wikidata": "Q3861727", "name": "Monte Marmagna", "status": "done", "osm_id": "node/279303167", "group": "Natura e paesaggio", "subgroup": "Montagna", "subcategory": "Montagna"}, "geometry": {"type": "Point", "coordinates": [9.99636, 44.3968]}}, {"type": "Feature", "properties": {"wikidata": "Q3862244", "name": "Montefegatesi", "status": "done", "osm_id": "node/1764433419", "group": "Insediamenti", "subgroup": "Centri", "subcategory": "Frazione"}, "geometry": {"type": "Point", "coordinates": [10.594632, 44.062487]}}, {"type": "Feature", "properties": {"wikidata": "Q3862032", "name": "monte Spigolino", "status": "done", "osm_id": "node/1297266926", "group": "Natura e paesaggio", "subgroup": "Montagna", "subcategory": "Montagna"}, "geometry": {"type": "Point", "coordinates": [10.7953, 44.1277]}}, {"type": "Feature", "properties": {"wikidata": "Q3861556", "name": "Monte Fosco", "status": "done", "osm_id": "node/388299425", "group": "Natura e paesaggio", "subgroup": "Montagna", "subcategory": "Montagna"}, "geometry": {"type": "Point", "coordinates": [9.99601, 44.4156]}}, {"type": "Feature", "properties": {"wikidata": "Q3861818", "name": "Monte Pelato (Colline Livornesi)", "status": "done", "osm_id": "node/607967534", "group": "Natura e paesaggio", "subgroup": "Montagna", "subcategory": "Collina"}, "geometry": {"type": "Point", "coordinates": [10.430447222, 43.435188888]}}, {"type": "Feature", "properties": {"wikidata": "Q3861507", "name": "monte Cupolino", "status": "done", "osm_id": "node/535301159", "group": "Natura e paesaggio", "subgroup": "Montagna", "subcategory": "Montagna"}, "geometry": {"type": "Point", "coordinates": [10.8104, 44.1168]}}, {"type": "Feature", "properties": {"wikidata": "Q3862014", "name": "Monte Sillara", "status": "done", "osm_id": "node/26863972", "group": "Natura e paesaggio", "subgroup": "Montagna", "subcategory": "Montagna"}, "geometry": {"type": "Point", "coordinates": [10.063888888, 44.368611111]}}, {"type": "Feature", "properties": {"wikidata": "Q3695332", "name": "Costa d'Argento", "status": "missing", "osm_id": null, "group": "Altro", "subgroup": "Altro", "subcategory": "Altro"}, "geometry": {"type": "Point", "coordinates": [11.19158333, 42.51008333]}}, {"type": "Feature", "properties": {"wikidata": "Q3862214", "name": "Montecastelli Pisano", "status": "done", "osm_id": "node/495230315", "group": "Insediamenti", "subgroup": "Centri", "subcategory": "Frazione"}, "geometry": {"type": "Point", "coordinates": [10.958008333, 43.26545]}}, {"type": "Feature", "properties": {"wikidata": "Q3862333", "name": "Monterinaldi", "status": "done", "osm_id": "node/4575571782", "group": "Altro", "subgroup": "Altro", "subcategory": "Altro"}, "geometry": {"type": "Point", "coordinates": [11.28021389, 43.81029167]}}, {"type": "Feature", "properties": {"wikidata": "Q3698776", "name": "Centro Recupero Uccelli Marini e Acquatici", "status": "done", "osm_id": "way/147206194", "group": "Altro", "subgroup": "Altro", "subcategory": "Altro"}, "geometry": {"type": "Point", "coordinates": [10.36308333, 43.56845833]}}, {"type": "Feature", "properties": {"wikidata": "Q3861710", "name": "Monte Maggiore", "status": "done", "osm_id": "node/1633067763", "group": "Natura e paesaggio", "subgroup": "Montagna", "subcategory": "Collina"}, "geometry": {"type": "Point", "coordinates": [10.4234113, 43.5067925]}}, {"type": "Feature", "properties": {"wikidata": "Q3862280", "name": "Montelopio", "status": "done", "osm_id": "node/420481733", "group": "Insediamenti", "subgroup": "Centri", "subcategory": "Frazione"}, "geometry": {"type": "Point", "coordinates": [10.7728813, 43.5088933]}}, {"type": "Feature", "properties": {"wikidata": "Q3861691", "name": "Monte Loggio", "status": "done", "osm_id": "node/2432486889", "group": "Natura e paesaggio", "subgroup": "Montagna", "subcategory": "Montagna"}, "geometry": {"type": "Point", "coordinates": [12.1638, 43.7622]}}, {"type": "Feature", "properties": {"wikidata": "Q3862186", "name": "Montebamboli", "status": "done", "osm_id": "node/538872795", "group": "Insediamenti", "subgroup": "Centri", "subcategory": "Localit\u00e0 abitata"}, "geometry": {"type": "Point", "coordinates": [10.81055556, 43.07694444]}}, {"type": "Feature", "properties": {"wikidata": "Q3862199", "name": "Montebuono", "status": "done", "osm_id": "node/930640931", "group": "Insediamenti", "subgroup": "Centri", "subcategory": "Frazione"}, "geometry": {"type": "Point", "coordinates": [11.646388888, 42.705833333]}}, {"type": "Feature", "properties": {"wikidata": "Q3707561", "name": "diga di Villa Collemandina", "status": "missing", "osm_id": null, "group": "Altro", "subgroup": "Altro", "subcategory": "Altro"}, "geometry": {"type": "Point", "coordinates": [10.38641, 44.15979]}}, {"type": "Feature", "properties": {"wikidata": "Q3698745", "name": "Cruce", "status": "missing", "osm_id": null, "group": "Altro", "subgroup": "Altro", "subcategory": "Altro"}, "geometry": {"type": "Point", "coordinates": [10.41192778, 42.79061389]}}, {"type": "Feature", "properties": {"wikidata": "Q3862334", "name": "Monteripaldi", "status": "done", "osm_id": "node/1736245632", "group": "Insediamenti", "subgroup": "Centri", "subcategory": "Borgata"}, "geometry": {"type": "Point", "coordinates": [11.25603333, 43.74315556]}}, {"type": "Feature", "properties": {"wikidata": "Q3861297", "name": "Monte Canda", "status": "done", "osm_id": "node/2488653571", "group": "Natura e paesaggio", "subgroup": "Montagna", "subcategory": "Montagna"}, "geometry": {"type": "Point", "coordinates": [11.3541, 44.1754]}}, {"type": "Feature", "properties": {"wikidata": "Q3861592", "name": "Monte Giovarello", "status": "done", "osm_id": "node/2451499836", "group": "Natura e paesaggio", "subgroup": "Montagna", "subcategory": "Montagna"}, "geometry": {"type": "Point", "coordinates": [10.4628, 44.2311]}}, {"type": "Feature", "properties": {"wikidata": "Q3694572", "name": "Corsanico", "status": "done", "osm_id": "node/268100467", "group": "Insediamenti", "subgroup": "Centri", "subcategory": "Frazione"}, "geometry": {"type": "Point", "coordinates": [10.305833333, 43.91]}}, {"type": "Feature", "properties": {"wikidata": "Q3861693", "name": "Monte Losanna", "status": "missing", "osm_id": null, "group": "Natura e paesaggio", "subgroup": "Montagna", "subcategory": "Montagna"}, "geometry": {"type": "Point", "coordinates": [10.0676, 44.3625]}}, {"type": "Feature", "properties": {"wikidata": "Q3861456", "name": "Monte Civitella", "status": "done", "osm_id": "node/1895225875", "group": "Natura e paesaggio", "subgroup": "Montagna", "subcategory": "Montagna"}, "geometry": {"type": "Point", "coordinates": [11.684, 42.7725]}}, {"type": "Feature", "properties": {"wikidata": "Q3862108", "name": "Monte Vaso", "status": "done", "osm_id": "node/1738570001", "group": "Natura e paesaggio", "subgroup": "Montagna", "subcategory": "Montagna"}, "geometry": {"type": "Point", "coordinates": [10.6129812, 43.4370714]}}, {"type": "Feature", "properties": {"wikidata": "Q3712534", "name": "Doganaccia", "status": "done", "osm_id": "node/575838441", "group": "Insediamenti", "subgroup": "Centri", "subcategory": "Frazione"}, "geometry": {"type": "Point", "coordinates": [10.77322, 44.12081]}}, {"type": "Feature", "properties": {"wikidata": "Q3712531", "name": "palazzo della Dogana", "status": "missing", "osm_id": null, "group": "Dimore ed edifici", "subgroup": "Strutture Varie", "subcategory": "Edificio"}, "geometry": {"type": "Point", "coordinates": [10.879305555, 42.761694444]}}, {"type": "Feature", "properties": {"wikidata": "Q3861826", "name": "Monte Penna", "status": "missing", "osm_id": null, "group": "Natura e paesaggio", "subgroup": "Montagna", "subcategory": "Montagna"}, "geometry": {"type": "Point", "coordinates": [11.6709, 42.7732]}}, {"type": "Feature", "properties": {"wikidata": "Q3861808", "name": "Monte Paitino", "status": "done", "osm_id": "node/279599437", "group": "Natura e paesaggio", "subgroup": "Montagna", "subcategory": "Montagna"}, "geometry": {"type": "Point", "coordinates": [10.0574, 44.3709]}}, {"type": "Feature", "properties": {"wikidata": "Q3862223", "name": "Montecchio della Pozzanghera", "status": "done", "osm_id": "node/3469847692", "group": "Insediamenti", "subgroup": "Centri", "subcategory": "Frazione"}, "geometry": {"type": "Point", "coordinates": [11.9295, 43.23374]}}, {"type": "Feature", "properties": {"wikidata": "Q3862261", "name": "Montelifr\u00e8", "status": "done", "osm_id": "node/4452086236", "group": "Insediamenti", "subgroup": "Centri", "subcategory": "Frazione"}, "geometry": {"type": "Point", "coordinates": [11.662469444, 43.170144444]}}, {"type": "Feature", "properties": {"wikidata": "Q3862305", "name": "Montenero", "status": "done", "osm_id": "node/1025671558", "group": "Insediamenti", "subgroup": "Zone Urbane", "subcategory": "Quartiere"}, "geometry": {"type": "Point", "coordinates": [10.34939167, 43.49286944]}}, {"type": "Feature", "properties": {"wikidata": "Q3708728", "name": "Dipartimento di Italianistica", "status": "missing", "osm_id": null, "group": "Dimore ed edifici", "subgroup": "Residenze", "subcategory": "Palazzo italiano"}, "geometry": {"type": "Point", "coordinates": [11.26589167, 43.78212222]}}, {"type": "Feature", "properties": {"wikidata": "Q3861930", "name": "Monte Rotondo", "status": "done", "osm_id": "node/2493097131", "group": "Natura e paesaggio", "subgroup": "Montagna", "subcategory": "Montagna"}, "geometry": {"type": "Point", "coordinates": [10.3574, 43.507]}}, {"type": "Feature", "properties": {"wikidata": "Q3861529", "name": "Monte Falco", "status": "done", "osm_id": "node/479302329", "group": "Natura e paesaggio", "subgroup": "Montagna", "subcategory": "Montagna"}, "geometry": {"type": "Point", "coordinates": [11.7096, 43.8771]}}, {"type": "Feature", "properties": {"wikidata": "Q3862488", "name": "Montigiano", "status": "done", "osm_id": "node/419092731", "group": "Insediamenti", "subgroup": "Centri", "subcategory": "Frazione"}, "geometry": {"type": "Point", "coordinates": [10.438333333, 43.97]}}, {"type": "Feature", "properties": {"wikidata": "Q3693658", "name": "Le Cornate", "status": "missing", "osm_id": null, "group": "Natura e paesaggio", "subgroup": "Montagna", "subcategory": "Montagna"}, "geometry": {"type": "Point", "coordinates": [10.95373, 43.15912]}}, {"type": "Feature", "properties": {"wikidata": "Q3712529", "name": "Dogana d'acqua", "status": "done", "osm_id": "way/153891763", "group": "Altro", "subgroup": "Altro", "subcategory": "Altro"}, "geometry": {"type": "Point", "coordinates": [10.310149, 43.559216]}}, {"type": "Feature", "properties": {"wikidata": "Q3713392", "name": "Domus Mazziniana", "status": "done", "osm_id": "way/232481785", "group": "Cultura e tempo libero", "subgroup": "Musei", "subcategory": "Museo"}, "geometry": {"type": "Point", "coordinates": [10.398222222, 43.711611111]}}, {"type": "Feature", "properties": {"wikidata": "Q3861732", "name": "Monte Matanna", "status": "done", "osm_id": "node/535301154", "group": "Natura e paesaggio", "subgroup": "Montagna", "subcategory": "Montagna"}, "geometry": {"type": "Point", "coordinates": [10.3395, 43.9954]}}, {"type": "Feature", "properties": {"wikidata": "Q3696313", "name": "Coverciano", "status": "done", "osm_id": "node/6139019845", "group": "Altro", "subgroup": "Altro", "subcategory": "Altro"}, "geometry": {"type": "Point", "coordinates": [11.294888888, 43.775611111]}}, {"type": "Feature", "properties": {"wikidata": "Q3861597", "name": "Monte Giovo", "status": "done", "osm_id": "node/5963795134", "group": "Natura e paesaggio", "subgroup": "Montagna", "subcategory": "Montagna"}, "geometry": {"type": "Point", "coordinates": [10.576944444, 44.132777777]}}, {"type": "Feature", "properties": {"wikidata": "Q3693370", "name": "Corbignano", "status": "missing", "osm_id": null, "group": "Insediamenti", "subgroup": "Centri", "subcategory": "Frazione"}, "geometry": {"type": "Point", "coordinates": [11.31416667, 43.78555556]}}, {"type": "Feature", "properties": {"wikidata": "Q3861842", "name": "Monte Pio di Montevarchi", "status": "missing", "osm_id": null, "group": "Dimore ed edifici", "subgroup": "Residenze", "subcategory": "Palazzo"}, "geometry": {"type": "Point", "coordinates": [11.56612778, 43.52423056]}}, {"type": "Feature", "properties": {"wikidata": "Q3862283", "name": "Montelungo", "status": "done", "osm_id": "node/992037984", "group": "Insediamenti", "subgroup": "Centri", "subcategory": "Frazione"}, "geometry": {"type": "Point", "coordinates": [9.90864, 44.44575]}}, {"type": "Feature", "properties": {"wikidata": "Q3862152", "name": "Monte della Scoperta", "status": "done", "osm_id": "node/333782914", "group": "Natura e paesaggio", "subgroup": "Montagna", "subcategory": "Montagna"}, "geometry": {"type": "Point", "coordinates": [11.1025, 44.0993]}}, {"type": "Feature", "properties": {"wikidata": "Q3694603", "name": "Corsini Neri", "status": "done", "osm_id": "node/2507491386", "group": "Insediamenti", "subgroup": "Centri", "subcategory": "Frazione"}, "geometry": {"type": "Point", "coordinates": [10.93442, 43.96554]}}, {"type": "Feature", "properties": {"wikidata": "Q3862257", "name": "Montegufoni", "status": "done", "osm_id": "node/4439689729", "group": "Insediamenti", "subgroup": "Centri", "subcategory": "Frazione"}, "geometry": {"type": "Point", "coordinates": [11.08922, 43.66976]}}, {"type": "Feature", "properties": {"wikidata": "Q3861754", "name": "Monte Molinatico", "status": "done", "osm_id": "node/577510663", "group": "Natura e paesaggio", "subgroup": "Montagna", "subcategory": "Montagna"}, "geometry": {"type": "Point", "coordinates": [9.86032, 44.4707]}}, {"type": "Feature", "properties": {"wikidata": "Q3862192", "name": "Montebenichi", "status": "done", "osm_id": "node/339658545", "group": "Insediamenti", "subgroup": "Centri", "subcategory": "Frazione"}, "geometry": {"type": "Point", "coordinates": [11.54435, 43.40539]}}, {"type": "Feature", "properties": {"wikidata": "Q3698089", "name": "Croce del Travaglio", "status": "done", "osm_id": "node/12524096190", "group": "Altro", "subgroup": "Altro", "subcategory": "Altro"}, "geometry": {"type": "Point", "coordinates": [11.3313, 43.3191]}}, {"type": "Feature", "properties": {"wikidata": "Q3694767", "name": "Corteo storico", "status": "missing", "osm_id": null, "group": "Altro", "subgroup": "Altro", "subcategory": "Altro"}, "geometry": {"type": "Point", "coordinates": [11.33138889, 43.31833333]}}, {"type": "Feature", "properties": {"wikidata": "Q3745877", "name": "Fiorentina", "status": "done", "osm_id": "node/2813472671", "group": "Insediamenti", "subgroup": "Centri", "subcategory": "Frazione"}, "geometry": {"type": "Point", "coordinates": [10.536491666, 42.964566666]}}, {"type": "Feature", "properties": {"wikidata": "Q3748690", "name": "Forte di San Giorgio", "status": "done", "osm_id": "way/443678835", "group": "Fortificazioni e militare", "subgroup": "Fortificazioni", "subcategory": "Castello"}, "geometry": {"type": "Point", "coordinates": [9.845236, 43.04806]}}, {"type": "Feature", "properties": {"wikidata": "Q3748711", "name": "fortezza Orsini", "status": "missing", "osm_id": null, "group": "Fortificazioni e militare", "subgroup": "Fortificazioni", "subcategory": "Fortezza"}, "geometry": {"type": "Point", "coordinates": [11.71480556, 42.68275]}}, {"type": "Feature", "properties": {"wikidata": "Q3691069", "name": "Coppa Bologna", "status": "missing", "osm_id": null, "group": "Altro", "subgroup": "Altro", "subcategory": "Altro"}, "geometry": {"type": "Point", "coordinates": [11.914722222, 43.058611111]}}, {"type": "Feature", "properties": {"wikidata": "Q3744364", "name": "Fiano di Pescaglia", "status": "done", "osm_id": "node/895793936", "group": "Insediamenti", "subgroup": "Centri", "subcategory": "Frazione"}, "geometry": {"type": "Point", "coordinates": [10.426111111, 43.940555555]}}, {"type": "Feature", "properties": {"wikidata": "Q3747486", "name": "Villa Peyron", "status": "missing", "osm_id": null, "group": "Altro", "subgroup": "Altro", "subcategory": "Altro"}, "geometry": {"type": "Point", "coordinates": [11.32312775, 43.80706189]}}, {"type": "Feature", "properties": {"wikidata": "Q3743906", "name": "Festa del grillo", "status": "missing", "osm_id": null, "group": "Altro", "subgroup": "Altro", "subcategory": "Altro"}, "geometry": {"type": "Point", "coordinates": [11.218169444, 43.782066666]}}, {"type": "Feature", "properties": {"wikidata": "Q3748703", "name": "Fortezza Augusta", "status": "missing", "osm_id": null, "group": "Fortificazioni e militare", "subgroup": "Fortificazioni", "subcategory": "Forte"}, "geometry": {"type": "Point", "coordinates": [10.50203333, 43.84142778]}}, {"type": "Feature", "properties": {"wikidata": "Q3748693", "name": "Forte di Terrarossa", "status": "missing", "osm_id": null, "group": "Fortificazioni e militare", "subgroup": "Fortificazioni", "subcategory": "Forte"}, "geometry": {"type": "Point", "coordinates": [11.10382778, 42.42760833]}}, {"type": "Feature", "properties": {"wikidata": "Q3747222", "name": "Fondazione Spadolini Nuova Antologia", "status": "missing", "osm_id": null, "group": "Cultura e tempo libero", "subgroup": "Musei", "subcategory": "Museo"}, "geometry": {"type": "Point", "coordinates": [11.266779, 43.744686]}}, {"type": "Feature", "properties": {"wikidata": "Q3748714", "name": "fortezza spagnola", "status": "missing", "osm_id": null, "group": "Cultura e tempo libero", "subgroup": "Musei", "subcategory": "Museo archeologico"}, "geometry": {"type": "Point", "coordinates": [11.118225, 42.43761111]}}, {"type": "Feature", "properties": {"wikidata": "Q3748688", "name": "Forte di Pian di Cocci", "status": "missing", "osm_id": null, "group": "Fortificazioni e militare", "subgroup": "Fortificazioni", "subcategory": "Forte"}, "geometry": {"type": "Point", "coordinates": [11.156744, 42.433366]}}, {"type": "Feature", "properties": {"wikidata": "Q3740233", "name": "fattoria di Marsiliana", "status": "done", "osm_id": "way/571113634", "group": "Fortificazioni e militare", "subgroup": "Fortificazioni", "subcategory": "Castello"}, "geometry": {"type": "Point", "coordinates": [11.348725, 42.54303333]}}, {"type": "Feature", "properties": {"wikidata": "Q3748664", "name": "Forte del Pozzarello", "status": "done", "osm_id": "way/390849025", "group": "Fortificazioni e militare", "subgroup": "Fortificazioni", "subcategory": "Forte"}, "geometry": {"type": "Point", "coordinates": [11.132729, 42.430563]}}, {"type": "Feature", "properties": {"wikidata": "Q3747362", "name": "Fontana del Pescatorello", "status": "done", "osm_id": "way/932958693", "group": "Monumenti", "subgroup": "Monumenti", "subcategory": "Fontana"}, "geometry": {"type": "Point", "coordinates": [11.09735, 43.88216111]}}, {"type": "Feature", "properties": {"wikidata": "Q3747520", "name": "Fontia", "status": "done", "osm_id": "node/1411140603", "group": "Insediamenti", "subgroup": "Centri", "subcategory": "Frazione"}, "geometry": {"type": "Point", "coordinates": [10.154722222, 44.0875]}}, {"type": "Feature", "properties": {"wikidata": "Q3745674", "name": "Fine", "status": "done", "osm_id": "relation/9489389", "group": "Natura e paesaggio", "subgroup": "Acqua", "subcategory": "Fiume"}, "geometry": {"type": "Point", "coordinates": [10.43933, 43.37255]}}, {"type": "Feature", "properties": {"wikidata": "Q3745977", "name": "Firenze Nova", "status": "missing", "osm_id": null, "group": "Insediamenti", "subgroup": "Centri", "subcategory": "Insediamento umano"}, "geometry": {"type": "Point", "coordinates": [11.233979, 43.7971761]}}, {"type": "Feature", "properties": {"wikidata": "Q3748712", "name": "fortezza di Marciana", "status": "done", "osm_id": "way/167499291", "group": "Fortificazioni e militare", "subgroup": "Fortificazioni", "subcategory": "Forte"}, "geometry": {"type": "Point", "coordinates": [10.16727, 42.789048]}}, {"type": "Feature", "properties": {"wikidata": "Q3748514", "name": "Forte Avvoltojo", "status": "missing", "osm_id": null, "group": "Fortificazioni e militare", "subgroup": "Fortificazioni", "subcategory": "Forte"}, "geometry": {"type": "Point", "coordinates": [11.19894444, 42.38494444]}}, {"type": "Feature", "properties": {"wikidata": "Q3748554", "name": "Forte Filippo", "status": "done", "osm_id": "way/166892411", "group": "Fortificazioni e militare", "subgroup": "Fortificazioni", "subcategory": "Forte"}, "geometry": {"type": "Point", "coordinates": [11.205947, 42.397784]}}, {"type": "Feature", "properties": {"wikidata": "Q3740784", "name": "Fede", "status": "missing", "osm_id": null, "group": "Monumenti", "subgroup": "Monumenti", "subcategory": "Statua"}, "geometry": {"type": "Point", "coordinates": [11.329241, 43.318062]}}, {"type": "Feature", "properties": {"wikidata": "Q3748112", "name": "Forma squadrata con taglio", "status": "done", "osm_id": "node/299820565", "group": "Altro", "subgroup": "Altro", "subcategory": "Altro"}, "geometry": {"type": "Point", "coordinates": [11.1019, 43.8777]}}, {"type": "Feature", "properties": {"wikidata": "Q3748653", "name": "Forte Tre Natali", "status": "missing", "osm_id": null, "group": "Fortificazioni e militare", "subgroup": "Fortificazioni", "subcategory": "Forte"}, "geometry": {"type": "Point", "coordinates": [11.13055556, 42.43777778]}}, {"type": "Feature", "properties": {"wikidata": "Q3748707", "name": "Fortezza Medicea", "status": "missing", "osm_id": null, "group": "Fortificazioni e militare", "subgroup": "Fortificazioni", "subcategory": "Fortezza"}, "geometry": {"type": "Point", "coordinates": [10.865248, 43.399971]}}, {"type": "Feature", "properties": {"wikidata": "Q3748709", "name": "fortezza Nuova", "status": "done", "osm_id": "relation/5741468", "group": "Fortificazioni e militare", "subgroup": "Fortificazioni", "subcategory": "Forte"}, "geometry": {"type": "Point", "coordinates": [10.311613, 43.554071]}}, {"type": "Feature", "properties": {"wikidata": "Q3747494", "name": "Fonte del Castagno", "status": "missing", "osm_id": null, "group": "Monumenti", "subgroup": "Monumenti", "subcategory": "Fontana"}, "geometry": {"type": "Point", "coordinates": [11.7379801, 43.2118532]}}, {"type": "Feature", "properties": {"wikidata": "Q3747407", "name": "Fontana delle sette cannelle", "status": "done", "osm_id": "node/5222346255", "group": "Monumenti", "subgroup": "Monumenti", "subcategory": "Fontana"}, "geometry": {"type": "Point", "coordinates": [11.66816667, 42.63415278]}}, {"type": "Feature", "properties": {"wikidata": "Q3689758", "name": "Convitto Nazionale Cicognini", "status": "done", "osm_id": "way/701586286", "group": "Cultura e tempo libero", "subgroup": "Archivi", "subcategory": "Archivio"}, "geometry": {"type": "Point", "coordinates": [11.09382778, 43.87876389]}}, {"type": "Feature", "properties": {"wikidata": "Q3748691", "name": "Forte di San Rocco", "status": "done", "osm_id": "way/1163744891", "group": "Fortificazioni e militare", "subgroup": "Fortificazioni", "subcategory": "Forte"}, "geometry": {"type": "Point", "coordinates": [10.986752, 42.715822]}}, {"type": "Feature", "properties": {"wikidata": "Q3748672", "name": "forte delle Rocchette", "status": "done", "osm_id": "way/302569393", "group": "Fortificazioni e militare", "subgroup": "Fortificazioni", "subcategory": "Torre"}, "geometry": {"type": "Point", "coordinates": [10.79020556, 42.77326944]}}, {"type": "Feature", "properties": {"wikidata": "Q3748713", "name": "Fortezza Santa Barbara", "status": "done", "osm_id": "relation/3860477", "group": "Fortificazioni e militare", "subgroup": "Fortificazioni", "subcategory": "Forte"}, "geometry": {"type": "Point", "coordinates": [10.922631, 43.929129]}}, {"type": "Feature", "properties": {"wikidata": "Q3748639", "name": "Forte Stella", "status": "done", "osm_id": "way/1391396751", "group": "Cultura e tempo libero", "subgroup": "Musei", "subcategory": "Museo"}, "geometry": {"type": "Point", "coordinates": [11.199165, 42.384905]}}, {"type": "Feature", "properties": {"wikidata": "Q3748671", "name": "Forte delle Saline", "status": "done", "osm_id": "way/717038898", "group": "Fortificazioni e militare", "subgroup": "Fortificazioni", "subcategory": "Forte"}, "geometry": {"type": "Point", "coordinates": [11.196603, 42.503724]}}, {"type": "Feature", "properties": {"wikidata": "Q3748616", "name": "Forte San Pietro", "status": "missing", "osm_id": null, "group": "Fortificazioni e militare", "subgroup": "Fortificazioni", "subcategory": "Forte"}, "geometry": {"type": "Point", "coordinates": [10.306961, 43.556292]}}, {"type": "Feature", "properties": {"wikidata": "Q3748627", "name": "Forte Santa Caterina", "status": "done", "osm_id": "node/12738873804", "group": "Fortificazioni e militare", "subgroup": "Fortificazioni", "subcategory": "Forte"}, "geometry": {"type": "Point", "coordinates": [11.210904, 42.398117]}}, {"type": "Feature", "properties": {"wikidata": "Q3740235", "name": "Fattoria di Pian di Rocca", "status": "missing", "osm_id": null, "group": "Altro", "subgroup": "Altro", "subcategory": "Altro"}, "geometry": {"type": "Point", "coordinates": [10.82305556, 42.79013889]}}, {"type": "Feature", "properties": {"wikidata": "Q3747344", "name": "fontana del Bacchino", "status": "done", "osm_id": "node/5118075590", "group": "Monumenti", "subgroup": "Monumenti", "subcategory": "Fontana"}, "geometry": {"type": "Point", "coordinates": [11.09683611, 43.88042778]}}, {"type": "Feature", "properties": {"wikidata": "Q3748552", "name": "Forte Falcone", "status": "done", "osm_id": "way/360709154", "group": "Fortificazioni e militare", "subgroup": "Fortificazioni", "subcategory": "Forte"}, "geometry": {"type": "Point", "coordinates": [10.328634, 42.816648]}}, {"type": "Feature", "properties": {"wikidata": "Q3748706", "name": "fortezza Medicea", "status": "done", "osm_id": "relation/16532023", "group": "Fortificazioni e militare", "subgroup": "Fortificazioni", "subcategory": "Fortezza"}, "geometry": {"type": "Point", "coordinates": [11.323578, 43.322283]}}, {"type": "Feature", "properties": {"wikidata": "Q3747512", "name": "fonti di Marina", "status": "done", "osm_id": "node/1101042659", "group": "Monumenti", "subgroup": "Monumenti", "subcategory": "Fontana"}, "geometry": {"type": "Point", "coordinates": [10.52485278, 42.92225833]}}, {"type": "Feature", "properties": {"wikidata": "Q3746693", "name": "Florence War Cemetery", "status": "done", "osm_id": "way/182438664", "group": "Monumenti", "subgroup": "Monumenti", "subcategory": "Monumento ai caduti"}, "geometry": {"type": "Point", "coordinates": [11.34323056, 43.76945556]}}, {"type": "Feature", "properties": {"wikidata": "Q3747376", "name": "Fontana dell'Oceano", "status": "done", "osm_id": "way/1242990242", "group": "Monumenti", "subgroup": "Monumenti", "subcategory": "Fontana"}, "geometry": {"type": "Point", "coordinates": [11.24554722, 43.76146111]}}, {"type": "Feature", "properties": {"wikidata": "Q3748641", "name": "Forte Stella", "status": "done", "osm_id": "way/577581193", "group": "Fortificazioni e militare", "subgroup": "Fortificazioni", "subcategory": "Forte"}, "geometry": {"type": "Point", "coordinates": [10.33361, 42.815895]}}, {"type": "Feature", "properties": {"wikidata": "Q3748647", "name": "Forte Teglia", "status": "done", "osm_id": "way/441135155", "group": "Fortificazioni e militare", "subgroup": "Fortificazioni", "subcategory": "Forte"}, "geometry": {"type": "Point", "coordinates": [10.09944444, 42.58888889]}}, {"type": "Feature", "properties": {"wikidata": "Q3743989", "name": "Festambiente", "status": "missing", "osm_id": null, "group": "Altro", "subgroup": "Altro", "subcategory": "Altro"}, "geometry": {"type": "Point", "coordinates": [11.145361111, 42.702583333]}}, {"type": "Feature", "properties": {"wikidata": "Q3748572", "name": "Forte Longone", "status": "done", "osm_id": "node/13003896200", "group": "Fortificazioni e militare", "subgroup": "Fortificazioni", "subcategory": "Forte"}, "geometry": {"type": "Point", "coordinates": [10.402433, 42.765017]}}, {"type": "Feature", "properties": {"wikidata": "Q3747505", "name": "Fontebranda", "status": "done", "osm_id": "way/48923357", "group": "Monumenti", "subgroup": "Monumenti", "subcategory": "Fontana"}, "geometry": {"type": "Point", "coordinates": [11.327700377, 43.319331776]}}, {"type": "Feature", "properties": {"wikidata": "Q3747495", "name": "Fonte del Leone", "status": "missing", "osm_id": null, "group": "Monumenti", "subgroup": "Monumenti", "subcategory": "Fontana"}, "geometry": {"type": "Point", "coordinates": [11.25047778, 43.76555]}}, {"type": "Feature", "properties": {"wikidata": "Q3740238", "name": "fattoria di Principina", "status": "done", "osm_id": "way/715447112", "group": "Dimore ed edifici", "subgroup": "Strutture Varie", "subcategory": "Edificio"}, "geometry": {"type": "Point", "coordinates": [11.0555, 42.73676944]}}, {"type": "Feature", "properties": {"wikidata": "Q3748037", "name": "foreste del Siele e del Pigelleto di Piancastagnaio", "status": "missing", "osm_id": null, "group": "Natura e paesaggio", "subgroup": "Verde", "subcategory": "Area protetta"}, "geometry": {"type": "Point", "coordinates": [11.658888888, 42.800277777]}}, {"type": "Feature", "properties": {"wikidata": "Q3744969", "name": "Filettole", "status": "done", "osm_id": "node/264566584", "group": "Insediamenti", "subgroup": "Centri", "subcategory": "Frazione"}, "geometry": {"type": "Point", "coordinates": [10.403122222, 43.813958333]}}, {"type": "Feature", "properties": {"wikidata": "Q3748404", "name": "Fornacette", "status": "done", "osm_id": "node/218626774", "group": "Insediamenti", "subgroup": "Centri", "subcategory": "Frazione"}, "geometry": {"type": "Point", "coordinates": [10.581481, 43.670441]}}, {"type": "Feature", "properties": {"wikidata": "Q3747154", "name": "Fondazione Cerratelli", "status": "missing", "osm_id": null, "group": "Cultura e tempo libero", "subgroup": "Musei", "subcategory": "Museo"}, "geometry": {"type": "Point", "coordinates": [10.4223, 43.8004]}}, {"type": "Feature", "properties": {"wikidata": "Q3689645", "name": "convento francescano di Bethlehem", "status": "done", "osm_id": "relation/6813998", "group": "Religione", "subgroup": "Vita Monastica", "subcategory": "Convento"}, "geometry": {"type": "Point", "coordinates": [11.08434722, 43.9099]}}, {"type": "Feature", "properties": {"wikidata": "Q3748683", "name": "Forte di Macchiatonda", "status": "missing", "osm_id": null, "group": "Fortificazioni e militare", "subgroup": "Fortificazioni", "subcategory": "Forte"}, "geometry": {"type": "Point", "coordinates": [11.34649722, 42.40196944]}}, {"type": "Feature", "properties": {"wikidata": "Q3748624", "name": "Forte Sant'Ermo", "status": "missing", "osm_id": null, "group": "Fortificazioni e militare", "subgroup": "Fortificazioni", "subcategory": "Forte"}, "geometry": {"type": "Point", "coordinates": [11.20611111, 42.39872222]}}, {"type": "Feature", "properties": {"wikidata": "Q3748670", "name": "Forte della Scoperta", "status": "missing", "osm_id": null, "group": "Fortificazioni e militare", "subgroup": "Fortificazioni", "subcategory": "Forte"}, "geometry": {"type": "Point", "coordinates": [11.09972222, 42.25416667]}}, {"type": "Feature", "properties": {"wikidata": "Q3747504", "name": "Fonteblanda", "status": "done", "osm_id": "node/2336914737", "group": "Insediamenti", "subgroup": "Centri", "subcategory": "Frazione"}, "geometry": {"type": "Point", "coordinates": [11.16666667, 42.56666667]}}, {"type": "Feature", "properties": {"wikidata": "Q3744993", "name": "Filicaja", "status": "done", "osm_id": "node/1420167076", "group": "Insediamenti", "subgroup": "Centri", "subcategory": "Frazione"}, "geometry": {"type": "Point", "coordinates": [10.929455555, 43.541533333]}}, {"type": "Feature", "properties": {"wikidata": "Q3744479", "name": "Fibbialla", "status": "done", "osm_id": "node/264565717", "group": "Insediamenti", "subgroup": "Centri", "subcategory": "Frazione"}, "geometry": {"type": "Point", "coordinates": [10.379480555, 43.8875]}}, {"type": "Feature", "properties": {"wikidata": "Q3748708", "name": "Fortezza Medicea di San Martino", "status": "done", "osm_id": "way/143865473", "group": "Fortificazioni e militare", "subgroup": "Fortificazioni", "subcategory": "Fortezza"}, "geometry": {"type": "Point", "coordinates": [11.316433, 43.964143]}}, {"type": "Feature", "properties": {"wikidata": "Q3743410", "name": "ferrovia Faentina", "status": "missing", "osm_id": null, "group": "Infrastrutture", "subgroup": "Trasporti", "subcategory": "Linea ferroviaria"}, "geometry": {"type": "Point", "coordinates": [11.49089, 44.00601]}}, {"type": "Feature", "properties": {"wikidata": "Q3689643", "name": "convento e chiesa di Santo Stefano degli Agostiniani", "status": "done", "osm_id": "way/444462403", "group": "Religione", "subgroup": "Luoghi di Culto", "subcategory": "Chiesa"}, "geometry": {"type": "Point", "coordinates": [10.9469, 43.7187]}}, {"type": "Feature", "properties": {"wikidata": "Q3748669", "name": "Forte delle Marze", "status": "done", "osm_id": "way/126336815", "group": "Fortificazioni e militare", "subgroup": "Fortificazioni", "subcategory": "Forte"}, "geometry": {"type": "Point", "coordinates": [10.916891, 42.752016]}}, {"type": "Feature", "properties": {"wikidata": "Q3747498", "name": "Fonte delle Fate", "status": "missing", "osm_id": null, "group": "Altro", "subgroup": "Altro", "subcategory": "Altro"}, "geometry": {"type": "Point", "coordinates": [11.14882222, 43.46001389]}}, {"type": "Feature", "properties": {"wikidata": "Q3748573", "name": "Forte Lorenese", "status": "done", "osm_id": "way/76396158", "group": "Fortificazioni e militare", "subgroup": "Fortificazioni", "subcategory": "Forte"}, "geometry": {"type": "Point", "coordinates": [10.169636, 43.95952]}}, {"type": "Feature", "properties": {"wikidata": "Q3748556", "name": "Forte Focardo", "status": "done", "osm_id": "way/119923421", "group": "Fortificazioni e militare", "subgroup": "Fortificazioni", "subcategory": "Forte"}, "geometry": {"type": "Point", "coordinates": [10.40975, 42.7542]}}, {"type": "Feature", "properties": {"wikidata": "Q3740232", "name": "Fattoria di Monte Lattaia", "status": "missing", "osm_id": null, "group": "Dimore ed edifici", "subgroup": "Strutture Varie", "subcategory": "Edificio"}, "geometry": {"type": "Point", "coordinates": [11.09070556, 42.94346111]}}, {"type": "Feature", "properties": {"wikidata": "Q3603179", "name": "abbazia dei Santi Salvatore e Cirino", "status": "done", "osm_id": "way/97574389", "group": "Religione", "subgroup": "Vita Monastica", "subcategory": "Abbazia"}, "geometry": {"type": "Point", "coordinates": [11.195247222, 43.387352777]}}, {"type": "Feature", "properties": {"wikidata": "Q3558929", "name": "Villa Reale di Marlia", "status": "done", "osm_id": "way/626098851", "group": "Cultura e tempo libero", "subgroup": "Musei", "subcategory": "Museo"}, "geometry": {"type": "Point", "coordinates": [10.556388888, 43.9]}}, {"type": "Feature", "properties": {"wikidata": "Q3668220", "name": "chiesa dei Santi Giusto e Clemente", "status": "done", "osm_id": "way/162407936", "group": "Religione", "subgroup": "Luoghi di Culto", "subcategory": "Chiesa"}, "geometry": {"type": "Point", "coordinates": [10.85072, 43.4109]}}, {"type": "Feature", "properties": {"wikidata": "Q3603187", "name": "abbazia della Santissima Trinit\u00e0", "status": "done", "osm_id": "relation/13679928", "group": "Religione", "subgroup": "Luoghi di Culto", "subcategory": "Chiesa"}, "geometry": {"type": "Point", "coordinates": [11.844615, 42.947982]}}, {"type": "Feature", "properties": {"wikidata": "Q3668285", "name": "pieve dei Santi Martino e Giusto", "status": "done", "osm_id": "way/550446482", "group": "Religione", "subgroup": "Luoghi di Culto", "subcategory": "Chiesa"}, "geometry": {"type": "Point", "coordinates": [11.425138888, 43.789555555]}}, {"type": "Feature", "properties": {"wikidata": "Q3668243", "name": "chiesa dei Santi Jacopo e Martino", "status": "done", "osm_id": "way/454090248", "group": "Religione", "subgroup": "Luoghi di Culto", "subcategory": "Chiesa"}, "geometry": {"type": "Point", "coordinates": [10.70384, 43.89767]}}, {"type": "Feature", "properties": {"wikidata": "Q3603181", "name": "abbazia del Santo Sepolcro e Santa Maria a Elmi", "status": "done", "osm_id": "relation/6342502", "group": "Religione", "subgroup": "Vita Monastica", "subcategory": "Abbazia"}, "geometry": {"type": "Point", "coordinates": [11.032727777, 43.536427777]}}, {"type": "Feature", "properties": {"wikidata": "Q3558671", "name": "Villa medicea di Collesalvetti", "status": "done", "osm_id": "way/704367739", "group": "Dimore ed edifici", "subgroup": "Residenze", "subcategory": "Villa"}, "geometry": {"type": "Point", "coordinates": [10.4763, 43.5887]}}, {"type": "Feature", "properties": {"wikidata": "Q3668240", "name": "chiesa dei Santi Jacopo e Ginese", "status": "done", "osm_id": "way/352104182", "group": "Religione", "subgroup": "Luoghi di Culto", "subcategory": "Chiesa"}, "geometry": {"type": "Point", "coordinates": [10.639916666, 43.966444444]}}, {"type": "Feature", "properties": {"wikidata": "Q3558626", "name": "Villa La Quiete", "status": "done", "osm_id": "relation/4078940", "group": "Dimore ed edifici", "subgroup": "Residenze", "subcategory": "Villa"}, "geometry": {"type": "Point", "coordinates": [11.23851, 43.815178]}}, {"type": "Feature", "properties": {"wikidata": "Q3556483", "name": "Calimala", "status": "done", "osm_id": "way/596600098", "group": "Infrastrutture", "subgroup": "Trasporti", "subcategory": "Strada urbana"}, "geometry": {"type": "Point", "coordinates": [11.2545, 43.7704]}}, {"type": "Feature", "properties": {"wikidata": "Q3668272", "name": "chiesa di Santa Maria e San Bartolomeo", "status": "missing", "osm_id": null, "group": "Religione", "subgroup": "Luoghi di Culto", "subcategory": "Chiesa"}, "geometry": {"type": "Point", "coordinates": [11.176, 43.83683]}}, {"type": "Feature", "properties": {"wikidata": "Q3668250", "name": "chiesa dei Santi Lorenzo e Martino a Policiano", "status": "missing", "osm_id": null, "group": "Religione", "subgroup": "Luoghi di Culto", "subcategory": "Chiesa"}, "geometry": {"type": "Point", "coordinates": [11.85799, 43.39018]}}, {"type": "Feature", "properties": {"wikidata": "Q3585771", "name": "chiesa della Madonna della Neve", "status": "done", "osm_id": "way/429188153", "group": "Religione", "subgroup": "Luoghi di Culto", "subcategory": "Chiesa"}, "geometry": {"type": "Point", "coordinates": [11.584, 42.8309]}}, {"type": "Feature", "properties": {"wikidata": "Q3668273", "name": "chiesa dei Santi Maria e Clemente", "status": "done", "osm_id": "way/303166796", "group": "Religione", "subgroup": "Luoghi di Culto", "subcategory": "Chiesa"}, "geometry": {"type": "Point", "coordinates": [10.96101, 43.86577]}}, {"type": "Feature", "properties": {"wikidata": "Q3558670", "name": "Villa medicea di Coltano", "status": "done", "osm_id": "way/173180965", "group": "Dimore ed edifici", "subgroup": "Residenze", "subcategory": "Villa"}, "geometry": {"type": "Point", "coordinates": [10.39449, 43.63948]}}, {"type": "Feature", "properties": {"wikidata": "Q3668252", "name": "chiesa dei Santi Lorenzo e Pergentino", "status": "missing", "osm_id": null, "group": "Religione", "subgroup": "Luoghi di Culto", "subcategory": "Chiesa"}, "geometry": {"type": "Point", "coordinates": [11.878858, 43.467619]}}, {"type": "Feature", "properties": {"wikidata": "Q3593349", "name": "Capraia", "status": "done", "osm_id": "relation/1590062", "group": "Natura e paesaggio", "subgroup": "Mare e Costa", "subcategory": "Isola"}, "geometry": {"type": "Point", "coordinates": [9.81834, 43.03715]}}, {"type": "Feature", "properties": {"wikidata": "Q3668217", "name": "chiesa dei Santi Giusto e Clemente", "status": "missing", "osm_id": null, "group": "Religione", "subgroup": "Luoghi di Culto", "subcategory": "Chiesa"}, "geometry": {"type": "Point", "coordinates": [11.17913, 43.13787]}}, {"type": "Feature", "properties": {"wikidata": "Q3668218", "name": "chiesa dei Santi Giusto e Clemente", "status": "done", "osm_id": "way/1102562505", "group": "Religione", "subgroup": "Luoghi di Culto", "subcategory": "Chiesa"}, "geometry": {"type": "Point", "coordinates": [10.463811111, 43.950466666]}}, {"type": "Feature", "properties": {"wikidata": "Q3585340", "name": "chiesa di San Giorgio alla Costa", "status": "done", "osm_id": "way/474366870", "group": "Religione", "subgroup": "Luoghi di Culto", "subcategory": "Chiesa"}, "geometry": {"type": "Point", "coordinates": [11.25494, 43.7653]}}, {"type": "Feature", "properties": {"wikidata": "Q3668257", "name": "chiesa dei Santi Lucia e Giusto", "status": "done", "osm_id": "way/176300225", "group": "Religione", "subgroup": "Luoghi di Culto", "subcategory": "Chiesa"}, "geometry": {"type": "Point", "coordinates": [10.82442, 43.95483]}}, {"type": "Feature", "properties": {"wikidata": "Q3603199", "name": "abbazia di Monte Oliveto Maggiore", "status": "done", "osm_id": "relation/2469841", "group": "Religione", "subgroup": "Vita Monastica", "subcategory": "Monastero"}, "geometry": {"type": "Point", "coordinates": [11.5442, 43.1753]}}, {"type": "Feature", "properties": {"wikidata": "Q3581520", "name": "chiesa di San Gaetano di Thiene", "status": "done", "osm_id": "way/47088268", "group": "Religione", "subgroup": "Luoghi di Culto", "subcategory": "Chiesa"}, "geometry": {"type": "Point", "coordinates": [11.338898, 43.317805]}}, {"type": "Feature", "properties": {"wikidata": "Q3556508", "name": "via dei Servi", "status": "done", "osm_id": "way/24551271", "group": "Infrastrutture", "subgroup": "Trasporti", "subcategory": "Strada urbana"}, "geometry": {"type": "Point", "coordinates": [11.259462625, 43.775478772]}}, {"type": "Feature", "properties": {"wikidata": "Q3542041", "name": "Tumulo di Poggio Gaiella", "status": "done", "osm_id": "node/6667855865", "group": "Archeologia", "subgroup": "Siti", "subcategory": "Sito archeologico"}, "geometry": {"type": "Point", "coordinates": [11.9489, 43.0438]}}, {"type": "Feature", "properties": {"wikidata": "Q3556500", "name": "via Ricasoli", "status": "done", "osm_id": "way/27317797", "group": "Altro", "subgroup": "Altro", "subcategory": "Altro"}, "geometry": {"type": "Point", "coordinates": [11.2577, 43.7755]}}, {"type": "Feature", "properties": {"wikidata": "Q3603204", "name": "abbazia di San Bartolomeo a Ripoli", "status": "done", "osm_id": "way/98315398", "group": "Religione", "subgroup": "Luoghi di Culto", "subcategory": "Chiesa"}, "geometry": {"type": "Point", "coordinates": [11.29922, 43.75532]}}, {"type": "Feature", "properties": {"wikidata": "Q3668232", "name": "chiesa dei Santi Jacopo e Antonio", "status": "missing", "osm_id": null, "group": "Religione", "subgroup": "Luoghi di Culto", "subcategory": "Chiesa"}, "geometry": {"type": "Point", "coordinates": [10.12278, 44.23771]}}, {"type": "Feature", "properties": {"wikidata": "Q3668239", "name": "chiesa dei Santi Jacopo e Frediano", "status": "done", "osm_id": "way/710739858", "group": "Religione", "subgroup": "Luoghi di Culto", "subcategory": "Chiesa"}, "geometry": {"type": "Point", "coordinates": [10.664528, 44.005403]}}, {"type": "Feature", "properties": {"wikidata": "Q3558578", "name": "Villa I Tatti", "status": "done", "osm_id": "node/4212610501", "group": "Altro", "subgroup": "Altro", "subcategory": "Altro"}, "geometry": {"type": "Point", "coordinates": [11.3151, 43.7943]}}, {"type": "Feature", "properties": {"wikidata": "Q3668275", "name": "chiesa dei Santi Maria e Isidoro", "status": "done", "osm_id": "way/303164824", "group": "Religione", "subgroup": "Luoghi di Culto", "subcategory": "Chiesa"}, "geometry": {"type": "Point", "coordinates": [10.88285, 44.03947]}}, {"type": "Feature", "properties": {"wikidata": "Q3668236", "name": "chiesa dei Santi Jacopo e Filippo", "status": "done", "osm_id": "way/108008750", "group": "Religione", "subgroup": "Luoghi di Culto", "subcategory": "Chiesa"}, "geometry": {"type": "Point", "coordinates": [11.04485, 43.54917]}}, {"type": "Feature", "properties": {"wikidata": "Q3668229", "name": "chiesa dei Santi Jacopo, Cristoforo ed Eligio", "status": "done", "osm_id": "way/158522082", "group": "Religione", "subgroup": "Amministrazione Religiosa", "subcategory": "Parrocchia"}, "geometry": {"type": "Point", "coordinates": [10.67509, 43.81476]}}, {"type": "Feature", "properties": {"wikidata": "Q3668278", "name": "chiesa dei Santi Maria e Pancrazio", "status": "missing", "osm_id": null, "group": "Religione", "subgroup": "Luoghi di Culto", "subcategory": "Chiesa"}, "geometry": {"type": "Point", "coordinates": [10.853472, 43.994333]}}, {"type": "Feature", "properties": {"wikidata": "Q3668234", "name": "chiesa dei Santi Jacopo e Cristoforo", "status": "done", "osm_id": "way/526571683", "group": "Religione", "subgroup": "Luoghi di Culto", "subcategory": "Chiesa"}, "geometry": {"type": "Point", "coordinates": [10.54757, 43.572882]}}, {"type": "Feature", "properties": {"wikidata": "Q3542037", "name": "tomba della Pietrera", "status": "done", "osm_id": "way/429080651", "group": "Altro", "subgroup": "Altro", "subcategory": "Altro"}, "geometry": {"type": "Point", "coordinates": [10.9892, 42.8721]}}, {"type": "Feature", "properties": {"wikidata": "Q3668291", "name": "chiesa dei Santi Martiri", "status": "done", "osm_id": "way/270613901", "group": "Religione", "subgroup": "Luoghi di Culto", "subcategory": "Chiesa"}, "geometry": {"type": "Point", "coordinates": [11.09556, 43.89451]}}, {"type": "Feature", "properties": {"wikidata": "Q3554169", "name": "Valtiberina", "status": "missing", "osm_id": null, "group": "Natura e paesaggio", "subgroup": "Montagna", "subcategory": "Valle"}, "geometry": {"type": "Point", "coordinates": [12.11666667, 43.56666667]}}, {"type": "Feature", "properties": {"wikidata": "Q3668246", "name": "chiesa dei Santi Lorenzo e Barbara", "status": "done", "osm_id": "way/364807872", "group": "Religione", "subgroup": "Luoghi di Culto", "subcategory": "Chiesa"}, "geometry": {"type": "Point", "coordinates": [10.225697, 43.995091]}}, {"type": "Feature", "properties": {"wikidata": "Q3668238", "name": "chiesa dei Santi Jacopo e Filippo", "status": "done", "osm_id": "way/393246416", "group": "Religione", "subgroup": "Luoghi di Culto", "subcategory": "Chiesa"}, "geometry": {"type": "Point", "coordinates": [11.075063, 43.755721]}}, {"type": "Feature", "properties": {"wikidata": "Q3668319", "name": "chiesa dei Santi Niccol\u00f2 e Lucia", "status": "done", "osm_id": "way/47889080", "group": "Religione", "subgroup": "Luoghi di Culto", "subcategory": "Chiesa"}, "geometry": {"type": "Point", "coordinates": [11.3278, 43.3152]}}, {"type": "Feature", "properties": {"wikidata": "Q3668241", "name": "chiesa dei Santi Jacopo e Maria", "status": "missing", "osm_id": null, "group": "Religione", "subgroup": "Luoghi di Culto", "subcategory": "Chiesa"}, "geometry": {"type": "Point", "coordinates": [11.237106, 43.983706]}}, {"type": "Feature", "properties": {"wikidata": "Q3668268", "name": "chiesa dei Santi Marco e Lucia", "status": "done", "osm_id": "way/712422783", "group": "Religione", "subgroup": "Luoghi di Culto", "subcategory": "Chiesa"}, "geometry": {"type": "Point", "coordinates": [10.63516, 43.61886]}}, {"type": "Feature", "properties": {"wikidata": "Q3668284", "name": "chiesa dei Santi Martino e Giusto", "status": "done", "osm_id": "way/107713350", "group": "Religione", "subgroup": "Luoghi di Culto", "subcategory": "Chiesa"}, "geometry": {"type": "Point", "coordinates": [11.11853, 43.60019]}}, {"type": "Feature", "properties": {"wikidata": "Q3585319", "name": "chiesa di San Biagio", "status": "done", "osm_id": "way/678716085", "group": "Religione", "subgroup": "Luoghi di Culto", "subcategory": "Chiesa"}, "geometry": {"type": "Point", "coordinates": [12.11008, 43.25846]}}, {"type": "Feature", "properties": {"wikidata": "Q3563120", "name": "Vorno", "status": "done", "osm_id": "node/613390669", "group": "Insediamenti", "subgroup": "Centri", "subcategory": "Frazione"}, "geometry": {"type": "Point", "coordinates": [10.513086111, 43.788930555]}}, {"type": "Feature", "properties": {"wikidata": "Q3668276", "name": "chiesa dei Santi Maria e Jacopo alla Sambuca", "status": "done", "osm_id": "way/113491621", "group": "Religione", "subgroup": "Luoghi di Culto", "subcategory": "Chiesa"}, "geometry": {"type": "Point", "coordinates": [11.21798, 43.56612]}}, {"type": "Feature", "properties": {"wikidata": "Q3668269", "name": "chiesa dei Santi Margherita e Matteo", "status": "done", "osm_id": "way/844493217", "group": "Religione", "subgroup": "Luoghi di Culto", "subcategory": "Chiesa"}, "geometry": {"type": "Point", "coordinates": [11.32987, 43.30475]}}, {"type": "Feature", "properties": {"wikidata": "Q3668249", "name": "chiesa dei Santi Lorenzo e Martino", "status": "done", "osm_id": "way/248651037", "group": "Religione", "subgroup": "Luoghi di Culto", "subcategory": "Chiesa"}, "geometry": {"type": "Point", "coordinates": [11.1336, 43.819347222]}}, {"type": "Feature", "properties": {"wikidata": "Q3668271", "name": "chiesa dei Santi Margherita e Matteo", "status": "missing", "osm_id": null, "group": "Religione", "subgroup": "Luoghi di Culto", "subcategory": "Chiesa"}, "geometry": {"type": "Point", "coordinates": [11.74908, 43.67703]}}, {"type": "Feature", "properties": {"wikidata": "Q3556511", "name": "via del Corso", "status": "done", "osm_id": "way/1188117815", "group": "Altro", "subgroup": "Altro", "subcategory": "Altro"}, "geometry": {"type": "Point", "coordinates": [11.2569, 43.7715]}}, {"type": "Feature", "properties": {"wikidata": "Q3558676", "name": "Villa Corsini a Mezzomonte", "status": "done", "osm_id": "relation/5755525", "group": "Dimore ed edifici", "subgroup": "Residenze", "subcategory": "Villa"}, "geometry": {"type": "Point", "coordinates": [11.2599, 43.7154]}}, {"type": "Feature", "properties": {"wikidata": "Q3603205", "name": "abbazia di San Bartolomeo a Sestinga", "status": "missing", "osm_id": null, "group": "Religione", "subgroup": "Luoghi di Culto", "subcategory": "Chiesa"}, "geometry": {"type": "Point", "coordinates": [10.9758, 42.8656]}}, {"type": "Feature", "properties": {"wikidata": "Q3668302", "name": "chiesa dei Santi Michele e Silvestro", "status": "missing", "osm_id": null, "group": "Religione", "subgroup": "Luoghi di Culto", "subcategory": "Chiesa"}, "geometry": {"type": "Point", "coordinates": [11.00765, 43.16738]}}, {"type": "Feature", "properties": {"wikidata": "Q3668231", "name": "chiesa dei Santi Jacopo e Andrea", "status": "done", "osm_id": "way/181062970", "group": "Religione", "subgroup": "Luoghi di Culto", "subcategory": "Chiesa"}, "geometry": {"type": "Point", "coordinates": [10.3424, 43.8709]}}, {"type": "Feature", "properties": {"wikidata": "Q3556496", "name": "via de' Martelli", "status": "done", "osm_id": "way/1273483604", "group": "Altro", "subgroup": "Altro", "subcategory": "Altro"}, "geometry": {"type": "Point", "coordinates": [11.2557, 43.7743]}}, {"type": "Feature", "properties": {"wikidata": "Q3668247", "name": "chiesa dei Santi Lorenzo e Barbara", "status": "done", "osm_id": "way/51414354", "group": "Religione", "subgroup": "Luoghi di Culto", "subcategory": "Chiesa"}, "geometry": {"type": "Point", "coordinates": [10.93746, 43.63692]}}, {"type": "Feature", "properties": {"wikidata": "Q3603177", "name": "Abbazia dei Santi Giusto e Clemente", "status": "done", "osm_id": "relation/2981380", "group": "Religione", "subgroup": "Vita Monastica", "subcategory": "Abbazia"}, "geometry": {"type": "Point", "coordinates": [10.850469444, 43.415869444]}}, {"type": "Feature", "properties": {"wikidata": "Q3558673", "name": "Villa medicea di Lilliano", "status": "done", "osm_id": "relation/7662674", "group": "Dimore ed edifici", "subgroup": "Residenze", "subcategory": "Villa"}, "geometry": {"type": "Point", "coordinates": [11.3083, 43.7191]}}, {"type": "Feature", "properties": {"wikidata": "Q3668212", "name": "chiesa dei Santi Giuseppe e Lucia", "status": "done", "osm_id": "way/88571836", "group": "Religione", "subgroup": "Luoghi di Culto", "subcategory": "Chiesa"}, "geometry": {"type": "Point", "coordinates": [11.22331, 43.73647]}}, {"type": "Feature", "properties": {"wikidata": "Q3668237", "name": "chiesa dei Santi Jacopo e Filippo", "status": "done", "osm_id": "way/160002216", "group": "Religione", "subgroup": "Luoghi di Culto", "subcategory": "Chiesa"}, "geometry": {"type": "Point", "coordinates": [10.790135, 43.894297]}}, {"type": "Feature", "properties": {"wikidata": "Q3668321", "name": "chiesa dei Santi Paolino e Donato", "status": "done", "osm_id": "way/48981475", "group": "Religione", "subgroup": "Luoghi di Culto", "subcategory": "Basilica minore"}, "geometry": {"type": "Point", "coordinates": [10.49995, 43.84272]}}, {"type": "Feature", "properties": {"wikidata": "Q3558667", "name": "Villa di Arena Metato", "status": "done", "osm_id": "way/704613376", "group": "Dimore ed edifici", "subgroup": "Residenze", "subcategory": "Villa"}, "geometry": {"type": "Point", "coordinates": [10.37538, 43.77186]}}, {"type": "Feature", "properties": {"wikidata": "Q3668254", "name": "chiesa dei Santi Lorenzo e Stefano", "status": "done", "osm_id": "way/260523614", "group": "Religione", "subgroup": "Luoghi di Culto", "subcategory": "Chiesa"}, "geometry": {"type": "Point", "coordinates": [10.42587, 44.0816]}}, {"type": "Feature", "properties": {"wikidata": "Q3558890", "name": "Villa di Corliano", "status": "done", "osm_id": "way/704954745", "group": "Dimore ed edifici", "subgroup": "Residenze", "subcategory": "Villa"}, "geometry": {"type": "Point", "coordinates": [10.4288, 43.7805]}}, {"type": "Feature", "properties": {"wikidata": "Q3668288", "name": "chiesa dei Santi Martino e Stefano", "status": "done", "osm_id": "way/705983952", "group": "Religione", "subgroup": "Luoghi di Culto", "subcategory": "Chiesa"}, "geometry": {"type": "Point", "coordinates": [10.842903, 43.693182]}}, {"type": "Feature", "properties": {"wikidata": "Q3668219", "name": "chiesa dei Santi Giusto e Clemente", "status": "done", "osm_id": "way/47373348", "group": "Religione", "subgroup": "Luoghi di Culto", "subcategory": "Chiesa"}, "geometry": {"type": "Point", "coordinates": [11.140738888, 43.929447222]}}, {"type": "Feature", "properties": {"wikidata": "Q3585329", "name": "chiesa di San Donato in Polverosa", "status": "done", "osm_id": "way/294480509", "group": "Religione", "subgroup": "Luoghi di Culto", "subcategory": "Chiesa"}, "geometry": {"type": "Point", "coordinates": [11.22609, 43.79052]}}, {"type": "Feature", "properties": {"wikidata": "Q3585333", "name": "chiesa di San Felice in Piazza", "status": "done", "osm_id": "way/305683142", "group": "Religione", "subgroup": "Luoghi di Culto", "subcategory": "Chiesa"}, "geometry": {"type": "Point", "coordinates": [11.24766, 43.76517]}}, {"type": "Feature", "properties": {"wikidata": "Q3668226", "name": "chiesa dei Santi Ippolito e Cassiano", "status": "done", "osm_id": "way/1100887041", "group": "Religione", "subgroup": "Luoghi di Culto", "subcategory": "Chiesa"}, "geometry": {"type": "Point", "coordinates": [10.450122, 43.965731]}}, {"type": "Feature", "properties": {"wikidata": "Q3668298", "name": "chiesa dei Santi Michele Arcangelo e Lorenzo martire", "status": "done", "osm_id": "way/143384654", "group": "Religione", "subgroup": "Luoghi di Culto", "subcategory": "Chiesa"}, "geometry": {"type": "Point", "coordinates": [10.84588, 43.85884]}}, {"type": "Feature", "properties": {"wikidata": "Q3558669", "name": "Villa di Agnano", "status": "done", "osm_id": "way/704979374", "group": "Dimore ed edifici", "subgroup": "Residenze", "subcategory": "Villa"}, "geometry": {"type": "Point", "coordinates": [10.48586111, 43.73512778]}}, {"type": "Feature", "properties": {"wikidata": "Q3668245", "name": "chiesa dei Santi Lorenzo e Agata", "status": "done", "osm_id": "way/1284735565", "group": "Religione", "subgroup": "Luoghi di Culto", "subcategory": "Chiesa"}, "geometry": {"type": "Point", "coordinates": [10.63195, 43.31399]}}, {"type": "Feature", "properties": {"wikidata": "Q3668248", "name": "chiesa dei Santi Lorenzo e Bartolomeo", "status": "done", "osm_id": "way/392175464", "group": "Religione", "subgroup": "Luoghi di Culto", "subcategory": "Chiesa"}, "geometry": {"type": "Point", "coordinates": [10.677917, 43.624333]}}, {"type": "Feature", "properties": {"wikidata": "Q3749030", "name": "Fosso del Mulino", "status": "done", "osm_id": "relation/6844210", "group": "Natura e paesaggio", "subgroup": "Acqua", "subcategory": "Canale artificiale"}, "geometry": {"type": "Point", "coordinates": [10.414288, 43.81869]}}, {"type": "Feature", "properties": {"wikidata": "Q3757738", "name": "Museo della Moda e del Costume", "status": "done", "osm_id": "node/4652436365", "group": "Cultura e tempo libero", "subgroup": "Archivi", "subcategory": "Archivio"}, "geometry": {"type": "Point", "coordinates": [11.249968, 43.765275]}}, {"type": "Feature", "properties": {"wikidata": "Q3753730", "name": "Fronzola", "status": "done", "osm_id": "node/2526626003", "group": "Insediamenti", "subgroup": "Centri", "subcategory": "Frazione"}, "geometry": {"type": "Point", "coordinates": [11.760285, 43.704545]}}, {"type": "Feature", "properties": {"wikidata": "Q3754451", "name": "funicolare di Montenero", "status": "done", "osm_id": "relation/9379611", "group": "Altro", "subgroup": "Altro", "subcategory": "Altro"}, "geometry": {"type": "Point", "coordinates": [10.34903056, 43.49311667]}}, {"type": "Feature", "properties": {"wikidata": "Q3748717", "name": "Fortezza del Giove", "status": "done", "osm_id": "node/9656363192", "group": "Fortificazioni e militare", "subgroup": "Fortificazioni", "subcategory": "Forte"}, "geometry": {"type": "Point", "coordinates": [10.423408, 42.830586]}}, {"type": "Feature", "properties": {"wikidata": "Q3748716", "name": "fortezza del Cerruglio", "status": "done", "osm_id": "way/784605813", "group": "Altro", "subgroup": "Altro", "subcategory": "Altro"}, "geometry": {"type": "Point", "coordinates": [10.66692, 43.852036]}}, {"type": "Feature", "properties": {"wikidata": "Q3748732", "name": "Fortezza di Montecristo", "status": "done", "osm_id": "node/1532763461", "group": "Fortificazioni e militare", "subgroup": "Fortificazioni", "subcategory": "Forte"}, "geometry": {"type": "Point", "coordinates": [10.31444444, 42.33194444]}}, {"type": "Feature", "properties": {"wikidata": "Q3756409", "name": "Gabbro", "status": "done", "osm_id": "node/252432272", "group": "Insediamenti", "subgroup": "Centri", "subcategory": "Frazione"}, "geometry": {"type": "Point", "coordinates": [10.4406876, 43.4826444]}}, {"type": "Feature", "properties": {"wikidata": "Q3749019", "name": "Rio Guappero", "status": "done", "osm_id": "way/628414479", "group": "Natura e paesaggio", "subgroup": "Acqua", "subcategory": "Fiume"}, "geometry": {"type": "Point", "coordinates": [10.48983, 43.82251]}}, {"type": "Feature", "properties": {"wikidata": "Q3757756", "name": "Galleria di Luca Giordano", "status": "missing", "osm_id": null, "group": "Altro", "subgroup": "Altro", "subcategory": "Altro"}, "geometry": {"type": "Point", "coordinates": [11.2554, 43.7752]}}, {"type": "Feature", "properties": {"wikidata": "Q3757693", "name": "Galleria Rinaldo Carnielo", "status": "done", "osm_id": "way/120136060", "group": "Cultura e tempo libero", "subgroup": "Musei", "subcategory": "Museo"}, "geometry": {"type": "Point", "coordinates": [11.266515, 43.782477]}}, {"type": "Feature", "properties": {"wikidata": "Q3748734", "name": "Fortezza di Sansepolcro", "status": "done", "osm_id": "way/111694665", "group": "Fortificazioni e militare", "subgroup": "Fortificazioni", "subcategory": "Forte"}, "geometry": {"type": "Point", "coordinates": [12.14527, 43.5705]}}, {"type": "Feature", "properties": {"wikidata": "Q3748720", "name": "Fortezza del Volterraio", "status": "done", "osm_id": "way/266299494", "group": "Altro", "subgroup": "Altro", "subcategory": "Altro"}, "geometry": {"type": "Point", "coordinates": [10.383706, 42.802578]}}, {"type": "Feature", "properties": {"wikidata": "Q3748722", "name": "Fortezza della Verrucola", "status": "done", "osm_id": "way/237456239", "group": "Fortificazioni e militare", "subgroup": "Fortificazioni", "subcategory": "Fortezza"}, "geometry": {"type": "Point", "coordinates": [10.13588, 44.242784]}}, {"type": "Feature", "properties": {"wikidata": "Q3748723", "name": "Fortezza della Brunella", "status": "done", "osm_id": "relation/9701877", "group": "Fortificazioni e militare", "subgroup": "Fortificazioni", "subcategory": "Fortezza"}, "geometry": {"type": "Point", "coordinates": [9.973108, 44.20886]}}, {"type": "Feature", "properties": {"wikidata": "Q3749020", "name": "Fosso Macinante", "status": "done", "osm_id": "relation/14396885", "group": "Natura e paesaggio", "subgroup": "Acqua", "subcategory": "Canale artificiale"}, "geometry": {"type": "Point", "coordinates": [11.12987, 43.79095]}}, {"type": "Feature", "properties": {"wikidata": "Q3757692", "name": "Galleria Pio Fedi", "status": "done", "osm_id": "way/306378147", "group": "Altro", "subgroup": "Altro", "subcategory": "Altro"}, "geometry": {"type": "Point", "coordinates": [11.24436389, 43.76506389]}}, {"type": "Feature", "properties": {"wikidata": "Q3749023", "name": "Fosso Reale", "status": "done", "osm_id": "relation/20137995", "group": "Natura e paesaggio", "subgroup": "Acqua", "subcategory": "Canale artificiale"}, "geometry": {"type": "Point", "coordinates": [10.31526, 43.551287]}}, {"type": "Feature", "properties": {"wikidata": "Q3757533", "name": "Galciana", "status": "done", "osm_id": "node/477697431", "group": "Insediamenti", "subgroup": "Centri", "subcategory": "Frazione"}, "geometry": {"type": "Point", "coordinates": [11.056864, 43.888926]}}, {"type": "Feature", "properties": {"wikidata": "Q3748724", "name": "fortezza delle Verrucole", "status": "done", "osm_id": "way/256150578", "group": "Fortificazioni e militare", "subgroup": "Fortificazioni", "subcategory": "Castello"}, "geometry": {"type": "Point", "coordinates": [10.3324, 44.1789]}}, {"type": "Feature", "properties": {"wikidata": "Q3753071", "name": "Fresciano", "status": "done", "osm_id": "node/1268571411", "group": "Insediamenti", "subgroup": "Centri", "subcategory": "Frazione"}, "geometry": {"type": "Point", "coordinates": [12.135995, 43.726473]}}, {"type": "Feature", "properties": {"wikidata": "Q3748715", "name": "fortezza Vecchia", "status": "done", "osm_id": "relation/1184806", "group": "Fortificazioni e militare", "subgroup": "Fortificazioni", "subcategory": "Forte"}, "geometry": {"type": "Point", "coordinates": [10.302944, 43.551916]}}, {"type": "Feature", "properties": {"wikidata": "Q3758872", "name": "Gattaia", "status": "done", "osm_id": "node/502413488", "group": "Insediamenti", "subgroup": "Centri", "subcategory": "Frazione"}, "geometry": {"type": "Point", "coordinates": [11.47361111, 43.99111111]}}, {"type": "Feature", "properties": {"wikidata": "Q3756440", "name": "Gabinetto dei disegni e delle stampe", "status": "done", "osm_id": "node/1536508344", "group": "Cultura e tempo libero", "subgroup": "Musei", "subcategory": "Museo"}, "geometry": {"type": "Point", "coordinates": [11.256379, 43.768997]}}, {"type": "Feature", "properties": {"wikidata": "Q3758165", "name": "Garage Fiat", "status": "done", "osm_id": "way/136723979", "group": "Dimore ed edifici", "subgroup": "Strutture Varie", "subcategory": "Edificio"}, "geometry": {"type": "Point", "coordinates": [11.321268, 43.322309]}}, {"type": "Feature", "properties": {"wikidata": "Q3757735", "name": "galleria del Lupacino", "status": "missing", "osm_id": null, "group": "Altro", "subgroup": "Altro", "subcategory": "Altro"}, "geometry": {"type": "Point", "coordinates": [10.244472, 44.18899]}}, {"type": "Feature", "properties": {"wikidata": "Q3752325", "name": "Frassignoni", "status": "done", "osm_id": "node/10293957242", "group": "Insediamenti", "subgroup": "Centri", "subcategory": "Frazione"}, "geometry": {"type": "Point", "coordinates": [10.92959, 44.07022]}}, {"type": "Feature", "properties": {"wikidata": "Q3748760", "name": "Fortino di Ponente", "status": "missing", "osm_id": null, "group": "Fortificazioni e militare", "subgroup": "Fortificazioni", "subcategory": "Forte"}, "geometry": {"type": "Point", "coordinates": [10.2329101, 43.8911601]}}, {"type": "Feature", "properties": {"wikidata": "Q3748733", "name": "fortezza di Poggio Imperiale", "status": "done", "osm_id": "way/42407989", "group": "Fortificazioni e militare", "subgroup": "Fortificazioni", "subcategory": "Castello"}, "geometry": {"type": "Point", "coordinates": [11.155659, 43.459999]}}, {"type": "Feature", "properties": {"wikidata": "Q3094628", "name": "Galleria d'arte moderna di Firenze", "status": "missing", "osm_id": null, "group": "Cultura e tempo libero", "subgroup": "Musei", "subcategory": "Museo"}, "geometry": {"type": "Point", "coordinates": [11.250392, 43.765652]}}, {"type": "Feature", "properties": {"wikidata": "Q2998052", "name": "corso Carducci", "status": "done", "osm_id": "way/365870030", "group": "Infrastrutture", "subgroup": "Trasporti", "subcategory": "Strada urbana"}, "geometry": {"type": "Point", "coordinates": [11.1131, 42.761]}}, {"type": "Feature", "properties": {"wikidata": "Q2942724", "name": "Duomo di Montalcino", "status": "done", "osm_id": "way/223331478", "group": "Religione", "subgroup": "Luoghi di Culto", "subcategory": "Chiesa"}, "geometry": {"type": "Point", "coordinates": [11.4877, 43.05875]}}, {"type": "Feature", "properties": {"wikidata": "Q2957146", "name": "cappella di San Galgano a Montesiepi", "status": "done", "osm_id": "way/722806046", "group": "Religione", "subgroup": "Luoghi di Culto", "subcategory": "Cappella"}, "geometry": {"type": "Point", "coordinates": [11.1555, 43.1524]}}, {"type": "Feature", "properties": {"wikidata": "Q3133552", "name": "Castel San Gimignano", "status": "done", "osm_id": "node/317673060", "group": "Insediamenti", "subgroup": "Centri", "subcategory": "Frazione"}, "geometry": {"type": "Point", "coordinates": [11.021666666, 43.403611111]}}, {"type": "Feature", "properties": {"wikidata": "Q3066948", "name": "Farmacia di San Marco", "status": "missing", "osm_id": null, "group": "Altro", "subgroup": "Altro", "subcategory": "Altro"}, "geometry": {"type": "Point", "coordinates": [11.2591, 43.779]}}, {"type": "Feature", "properties": {"wikidata": "Q3005520", "name": "Crocifisso di Santa Maria Novella", "status": "missing", "osm_id": null, "group": "Altro", "subgroup": "Altro", "subcategory": "Altro"}, "geometry": {"type": "Point", "coordinates": [11.2494, 43.7749]}}, {"type": "Feature", "properties": {"wikidata": "Q2956538", "name": "cappella Demidoff di San Donato", "status": "done", "osm_id": "way/307536890", "group": "Religione", "subgroup": "Luoghi di Culto", "subcategory": "Chiesa"}, "geometry": {"type": "Point", "coordinates": [11.22551667, 43.78832778]}}, {"type": "Feature", "properties": {"wikidata": "Q3009677", "name": "Ultima Cena di Andrea del Castagno", "status": "missing", "osm_id": null, "group": "Altro", "subgroup": "Altro", "subcategory": "Altro"}, "geometry": {"type": "Point", "coordinates": [11.2566, 43.7787]}}, {"type": "Feature", "properties": {"wikidata": "Q3045563", "name": "concattedrale dei Santi Pietro e Paolo", "status": "done", "osm_id": "way/212065678", "group": "Cultura e tempo libero", "subgroup": "Musei", "subcategory": "Museo"}, "geometry": {"type": "Point", "coordinates": [11.64165, 42.65625]}}, {"type": "Feature", "properties": {"wikidata": "Q3041409", "name": "duomo di Chiusi", "status": "done", "osm_id": "way/106450093", "group": "Altro", "subgroup": "Altro", "subcategory": "Altro"}, "geometry": {"type": "Point", "coordinates": [11.949027777, 43.015611111]}}, {"type": "Feature", "properties": {"wikidata": "Q3010698", "name": "Costa degli Etruschi", "status": "missing", "osm_id": null, "group": "Altro", "subgroup": "Altro", "subcategory": "Altro"}, "geometry": {"type": "Point", "coordinates": [10.542777777, 43.272222222]}}, {"type": "Feature", "properties": {"wikidata": "Q2963229", "name": "Chiani", "status": "done", "osm_id": "relation/2570773", "group": "Natura e paesaggio", "subgroup": "Acqua", "subcategory": "Fiume"}, "geometry": {"type": "Point", "coordinates": [12.0491, 42.8623]}}, {"type": "Feature", "properties": {"wikidata": "Q3163859", "name": "Fornovolasco", "status": "done", "osm_id": "node/1419006113", "group": "Insediamenti", "subgroup": "Centri", "subcategory": "Frazione"}, "geometry": {"type": "Point", "coordinates": [10.358055555, 44.028055555]}}, {"type": "Feature", "properties": {"wikidata": "Q2947745", "name": "Museo di Orsanmichele", "status": "done", "osm_id": "node/1536508367", "group": "Cultura e tempo libero", "subgroup": "Musei", "subcategory": "Museo d'arte"}, "geometry": {"type": "Point", "coordinates": [11.254772, 43.770785]}}, {"type": "Feature", "properties": {"wikidata": "Q2974397", "name": "Cittadella di Pisa", "status": "done", "osm_id": "way/113580337", "group": "Altro", "subgroup": "Altro", "subcategory": "Altro"}, "geometry": {"type": "Point", "coordinates": [10.389955, 43.714706]}}, {"type": "Feature", "properties": {"wikidata": "Q2984050", "name": "collegiata dei Santi Quirico e Giulitta", "status": "done", "osm_id": "way/36817268", "group": "Altro", "subgroup": "Altro", "subcategory": "Altro"}, "geometry": {"type": "Point", "coordinates": [11.60307, 43.06048]}}, {"type": "Feature", "properties": {"wikidata": "Q2942679", "name": "duomo di Grosseto", "status": "done", "osm_id": "way/184749108", "group": "Altro", "subgroup": "Altro", "subcategory": "Altro"}, "geometry": {"type": "Point", "coordinates": [11.1137, 42.76]}}, {"type": "Feature", "properties": {"wikidata": "Q2979780", "name": "chiostro dello Scalzo", "status": "done", "osm_id": "way/306252410", "group": "Altro", "subgroup": "Altro", "subcategory": "Altro"}, "geometry": {"type": "Point", "coordinates": [11.259471, 43.77961]}}, {"type": "Feature", "properties": {"wikidata": "Q3078505", "name": "mura di Lucca", "status": "done", "osm_id": "relation/9385404", "group": "Fortificazioni e militare", "subgroup": "Fortificazioni", "subcategory": "Mura cittadine"}, "geometry": {"type": "Point", "coordinates": [10.514757, 43.843349]}}, {"type": "Feature", "properties": {"wikidata": "Q3001633", "name": "convento di San Lucchese", "status": "done", "osm_id": "relation/6573561", "group": "Religione", "subgroup": "Luoghi di Culto", "subcategory": "Basilica minore"}, "geometry": {"type": "Point", "coordinates": [11.1488, 43.4564]}}, {"type": "Feature", "properties": {"wikidata": "Q2956535", "name": "cappella Bardi", "status": "missing", "osm_id": null, "group": "Religione", "subgroup": "Luoghi di Culto", "subcategory": "Cappella"}, "geometry": {"type": "Point", "coordinates": [11.24963889, 43.77507778]}}, {"type": "Feature", "properties": {"wikidata": "Q2942754", "name": "duomo di Piombino", "status": "done", "osm_id": "way/163692706", "group": "Altro", "subgroup": "Altro", "subcategory": "Altro"}, "geometry": {"type": "Point", "coordinates": [10.5279575, 42.9222884]}}, {"type": "Feature", "properties": {"wikidata": "Q2942790", "name": "cattedrale di Santa Maria Assunta e di San Genesio", "status": "done", "osm_id": "way/800732479", "group": "Altro", "subgroup": "Altro", "subcategory": "Altro"}, "geometry": {"type": "Point", "coordinates": [10.85168, 43.67964]}}, {"type": "Feature", "properties": {"wikidata": "Q2942726", "name": "duomo di Montepulciano", "status": "done", "osm_id": "way/63572791", "group": "Altro", "subgroup": "Altro", "subcategory": "Altro"}, "geometry": {"type": "Point", "coordinates": [11.78084, 43.09236]}}, {"type": "Feature", "properties": {"wikidata": "Q3035643", "name": "Domus Galilaeana", "status": "done", "osm_id": "way/694315913", "group": "Cultura e tempo libero", "subgroup": "Biblioteche", "subcategory": "Biblioteca"}, "geometry": {"type": "Point", "coordinates": [10.39711944, 43.71855]}}, {"type": "Feature", "properties": {"wikidata": "Q2990427", "name": "complesso di San Firenze", "status": "done", "osm_id": "relation/4084510", "group": "Religione", "subgroup": "Luoghi di Culto", "subcategory": "Chiesa"}, "geometry": {"type": "Point", "coordinates": [11.2581, 43.7696]}}, {"type": "Feature", "properties": {"wikidata": "Q3076346", "name": "Fontana del Bacchino", "status": "done", "osm_id": "node/3213287241", "group": "Monumenti", "subgroup": "Monumenti", "subcategory": "Statua"}, "geometry": {"type": "Point", "coordinates": [11.2513, 43.7659]}}, {"type": "Feature", "properties": {"wikidata": "Q3071656", "name": "Figline di Prato", "status": "done", "osm_id": "node/1172035730", "group": "Insediamenti", "subgroup": "Centri", "subcategory": "Frazione"}, "geometry": {"type": "Point", "coordinates": [11.090833333, 43.922777777]}}, {"type": "Feature", "properties": {"wikidata": "Q3105331", "name": "Giardino delle Rose", "status": "done", "osm_id": "way/428499481", "group": "Altro", "subgroup": "Altro", "subcategory": "Altro"}, "geometry": {"type": "Point", "coordinates": [11.26277778, 43.76305556]}}, {"type": "Feature", "properties": {"wikidata": "Q2969985", "name": "castello di Montegufoni", "status": "done", "osm_id": "relation/4658790", "group": "Fortificazioni e militare", "subgroup": "Fortificazioni", "subcategory": "Castello"}, "geometry": {"type": "Point", "coordinates": [11.0899, 43.6703]}}, {"type": "Feature", "properties": {"wikidata": "Q3129154", "name": "Heba", "status": "missing", "osm_id": null, "group": "Archeologia", "subgroup": "Siti", "subcategory": "Sito archeologico"}, "geometry": {"type": "Point", "coordinates": [11.308, 42.586]}}, {"type": "Feature", "properties": {"wikidata": "Q3019577", "name": "Area archeologica di Fiesole", "status": "done", "osm_id": "way/140234645", "group": "Archeologia", "subgroup": "Siti", "subcategory": "Sito archeologico"}, "geometry": {"type": "Point", "coordinates": [11.293927777, 43.808005555]}}, {"type": "Feature", "properties": {"wikidata": "Q2945646", "name": "Urbanistica di Pienza", "status": "missing", "osm_id": null, "group": "Insediamenti", "subgroup": "Zone Urbane", "subcategory": "Centro storico"}, "geometry": {"type": "Point", "coordinates": [11.679, 43.0766]}}, {"type": "Feature", "properties": {"wikidata": "Q3045564", "name": "Duomo di Sansepolcro", "status": "done", "osm_id": "way/164510646", "group": "Religione", "subgroup": "Luoghi di Culto", "subcategory": "Basilica minore"}, "geometry": {"type": "Point", "coordinates": [12.14145, 43.57074]}}, {"type": "Feature", "properties": {"wikidata": "Q2946392", "name": "riserva naturale Montefalcone", "status": "done", "osm_id": "relation/12310337", "group": "Natura e paesaggio", "subgroup": "Verde", "subcategory": "Area protetta"}, "geometry": {"type": "Point", "coordinates": [10.7351, 43.7369]}}, {"type": "Feature", "properties": {"wikidata": "Q2942756", "name": "duomo di Pitigliano", "status": "missing", "osm_id": null, "group": "Altro", "subgroup": "Altro", "subcategory": "Altro"}, "geometry": {"type": "Point", "coordinates": [11.66609, 42.63361]}}, {"type": "Feature", "properties": {"wikidata": "Q2946179", "name": "Centro per l'arte contemporanea Luigi Pecci", "status": "done", "osm_id": "relation/3341834", "group": "Cultura e tempo libero", "subgroup": "Archivi", "subcategory": "Archivio"}, "geometry": {"type": "Point", "coordinates": [11.108934, 43.861033]}}, {"type": "Feature", "properties": {"wikidata": "Q3117283", "name": "Grotticina della Madama", "status": "missing", "osm_id": null, "group": "Altro", "subgroup": "Altro", "subcategory": "Altro"}, "geometry": {"type": "Point", "coordinates": [11.2531, 43.7653]}}, {"type": "Feature", "properties": {"wikidata": "Q3001779", "name": "chiesa di San Giovanni Battista della Calza", "status": "done", "osm_id": "way/306222212", "group": "Religione", "subgroup": "Luoghi di Culto", "subcategory": "Chiesa"}, "geometry": {"type": "Point", "coordinates": [11.241839, 43.761031]}}, {"type": "Feature", "properties": {"wikidata": "Q3034794", "name": "Dometaia", "status": "done", "osm_id": "node/1312087950", "group": "Insediamenti", "subgroup": "Centri", "subcategory": "Frazione"}, "geometry": {"type": "Point", "coordinates": [11.037361111, 43.392916666]}}, {"type": "Feature", "properties": {"wikidata": "Q3051943", "name": "Ema", "status": "done", "osm_id": "relation/7585783", "group": "Natura e paesaggio", "subgroup": "Acqua", "subcategory": "Fiume"}, "geometry": {"type": "Point", "coordinates": [11.220184, 43.733314]}}, {"type": "Feature", "properties": {"wikidata": "Q3005764", "name": "Cripta del Duomo di Siena", "status": "missing", "osm_id": null, "group": "Altro", "subgroup": "Altro", "subcategory": "Altro"}, "geometry": {"type": "Point", "coordinates": [11.3292, 43.3178]}}, {"type": "Feature", "properties": {"wikidata": "Q2970958", "name": "castello di Verrazzano", "status": "done", "osm_id": "way/41735556", "group": "Fortificazioni e militare", "subgroup": "Fortificazioni", "subcategory": "Castello"}, "geometry": {"type": "Point", "coordinates": [11.2852, 43.6016]}}, {"type": "Feature", "properties": {"wikidata": "Q2942760", "name": "Duomo di Pontremoli", "status": "done", "osm_id": "way/696050934", "group": "Altro", "subgroup": "Altro", "subcategory": "Altro"}, "geometry": {"type": "Point", "coordinates": [9.88302, 44.37781]}}, {"type": "Feature", "properties": {"wikidata": "Q2942701", "name": "duomo di Livorno", "status": "done", "osm_id": "way/28988079", "group": "Altro", "subgroup": "Altro", "subcategory": "Altro"}, "geometry": {"type": "Point", "coordinates": [10.30942, 43.55021]}}, {"type": "Feature", "properties": {"wikidata": "Q3090917", "name": "Funicolare di Montecatini Terme", "status": "done", "osm_id": "way/1250869260", "group": "Altro", "subgroup": "Altro", "subcategory": "Altro"}, "geometry": {"type": "Point", "coordinates": [10.783632, 43.892666]}}, {"type": "Feature", "properties": {"wikidata": "Q3000035", "name": "Oratoio", "status": "done", "osm_id": "node/245401838", "group": "Insediamenti", "subgroup": "Zone Urbane", "subcategory": "Quartiere"}, "geometry": {"type": "Point", "coordinates": [10.445833333, 43.693055555]}}, {"type": "Feature", "properties": {"wikidata": "Q3117120", "name": "Grotta del Buontalenti", "status": "done", "osm_id": "way/473825750", "group": "Altro", "subgroup": "Altro", "subcategory": "Altro"}, "geometry": {"type": "Point", "coordinates": [11.2519, 43.7662]}}, {"type": "Feature", "properties": {"wikidata": "Q3162648", "name": "Horti Leonini", "status": "done", "osm_id": "relation/12820105", "group": "Natura e paesaggio", "subgroup": "Verde", "subcategory": "Giardino"}, "geometry": {"type": "Point", "coordinates": [11.6045, 43.0586]}}, {"type": "Feature", "properties": {"wikidata": "Q2944202", "name": "Cenacolo di Fuligno", "status": "done", "osm_id": "node/3112861998", "group": "Cultura e tempo libero", "subgroup": "Musei", "subcategory": "Museo"}, "geometry": {"type": "Point", "coordinates": [11.25129, 43.777306]}}, {"type": "Feature", "properties": {"wikidata": "Q3109490", "name": "Torricchio", "status": "done", "osm_id": "node/495242276", "group": "Insediamenti", "subgroup": "Centri", "subcategory": "Frazione"}, "geometry": {"type": "Point", "coordinates": [10.71234, 43.87394]}}, {"type": "Feature", "properties": {"wikidata": "Q3078467", "name": "Fortezza Medicea", "status": "done", "osm_id": "node/3743205615", "group": "Fortificazioni e militare", "subgroup": "Fortificazioni", "subcategory": "Fortezza"}, "geometry": {"type": "Point", "coordinates": [11.887725, 43.466522]}}, {"type": "Feature", "properties": {"wikidata": "Q3001634", "name": "ex convento di San Francesco de' Macci", "status": "done", "osm_id": "relation/4107574", "group": "Religione", "subgroup": "Vita Monastica", "subcategory": "Convento"}, "geometry": {"type": "Point", "coordinates": [11.26493, 43.76889]}}, {"type": "Feature", "properties": {"wikidata": "Q3110479", "name": "Gonfienti", "status": "done", "osm_id": "way/113469311", "group": "Archeologia", "subgroup": "Siti", "subcategory": "Sito archeologico"}, "geometry": {"type": "Point", "coordinates": [11.1325, 43.8556]}}, {"type": "Feature", "properties": {"wikidata": "Q3045559", "name": "duomo di Pescia", "status": "done", "osm_id": "way/143621795", "group": "Altro", "subgroup": "Altro", "subcategory": "Altro"}, "geometry": {"type": "Point", "coordinates": [10.692027777, 43.901055555]}}, {"type": "Feature", "properties": {"wikidata": "Q2983446", "name": "colline dell'Albegna e del Fiora", "status": "missing", "osm_id": null, "group": "Natura e paesaggio", "subgroup": "Montagna", "subcategory": "Montagna"}, "geometry": {"type": "Point", "coordinates": [11.539, 42.6762]}}, {"type": "Feature", "properties": {"wikidata": "Q3735838", "name": "Ex cinema teatro Lazzeri", "status": "done", "osm_id": "way/84803119", "group": "Cultura e tempo libero", "subgroup": "Biblioteche", "subcategory": "Biblioteca pubblica"}, "geometry": {"type": "Point", "coordinates": [10.313389, 43.551678]}}, {"type": "Feature", "properties": {"wikidata": "Q3739713", "name": "Farnocchia", "status": "done", "osm_id": "node/2838551134", "group": "Insediamenti", "subgroup": "Centri", "subcategory": "Frazione"}, "geometry": {"type": "Point", "coordinates": [10.316666666, 44.0]}}, {"type": "Feature", "properties": {"wikidata": "Q3731360", "name": "eremo di Sant'Antonio in Valdaspra", "status": "missing", "osm_id": null, "group": "Religione", "subgroup": "Vita Monastica", "subcategory": "Eremo"}, "geometry": {"type": "Point", "coordinates": [11.27083333, 43.06527778]}}, {"type": "Feature", "properties": {"wikidata": "Q3719149", "name": "Edificio Il Triangolo", "status": "missing", "osm_id": null, "group": "Dimore ed edifici", "subgroup": "Strutture Varie", "subcategory": "Edificio"}, "geometry": {"type": "Point", "coordinates": [10.934431, 43.945215]}}, {"type": "Feature", "properties": {"wikidata": "Q3731320", "name": "eremo di Cerbaiolo", "status": "done", "osm_id": "relation/19807120", "group": "Religione", "subgroup": "Luoghi di Culto", "subcategory": "Chiesa"}, "geometry": {"type": "Point", "coordinates": [12.08813, 43.67173]}}, {"type": "Feature", "properties": {"wikidata": "Q3735864", "name": "ex monastero di Santa Verdiana", "status": "done", "osm_id": "relation/1603229", "group": "Religione", "subgroup": "Vita Monastica", "subcategory": "Monastero"}, "geometry": {"type": "Point", "coordinates": [11.26794722, 43.76997222]}}, {"type": "Feature", "properties": {"wikidata": "Q3731317", "name": "eremo della Madonna del Faggio", "status": "missing", "osm_id": null, "group": "Religione", "subgroup": "Vita Monastica", "subcategory": "Eremo"}, "geometry": {"type": "Point", "coordinates": [12.06225, 43.69984]}}, {"type": "Feature", "properties": {"wikidata": "Q3731351", "name": "eremo di San Salvatore di Lecceto", "status": "done", "osm_id": "relation/3551234", "group": "Religione", "subgroup": "Vita Monastica", "subcategory": "Eremo"}, "geometry": {"type": "Point", "coordinates": [11.266469, 43.307615]}}, {"type": "Feature", "properties": {"wikidata": "Q3735805", "name": "ex palazzo della Banca d'Italia", "status": "done", "osm_id": "way/485420584", "group": "Dimore ed edifici", "subgroup": "Residenze", "subcategory": "Palazzo"}, "geometry": {"type": "Point", "coordinates": [11.112977968, 42.761347685]}}, {"type": "Feature", "properties": {"wikidata": "Q3735774", "name": "Ex-profumeria Venus", "status": "missing", "osm_id": null, "group": "Altro", "subgroup": "Altro", "subcategory": "Altro"}, "geometry": {"type": "Point", "coordinates": [10.504071663, 43.843789327]}}, {"type": "Feature", "properties": {"wikidata": "Q3731373", "name": "eremo di Santa Maria alla Sambuca", "status": "done", "osm_id": "way/704409305", "group": "Religione", "subgroup": "Vita Monastica", "subcategory": "Eremo"}, "geometry": {"type": "Point", "coordinates": [10.414916666, 43.537055555]}}, {"type": "Feature", "properties": {"wikidata": "Q3735803", "name": "ex ospedale della Misericordia", "status": "done", "osm_id": "way/485044162", "group": "Dimore ed edifici", "subgroup": "Residenze", "subcategory": "Palazzo"}, "geometry": {"type": "Point", "coordinates": [11.11474444, 42.76181389]}}, {"type": "Feature", "properties": {"wikidata": "Q3731369", "name": "eremo di Santa Maria ad Martyres", "status": "done", "osm_id": "way/663216470", "group": "Religione", "subgroup": "Vita Monastica", "subcategory": "Eremo"}, "geometry": {"type": "Point", "coordinates": [10.43311, 43.81381]}}, {"type": "Feature", "properties": {"wikidata": "Q3735875", "name": "Casa del Balilla", "status": "missing", "osm_id": null, "group": "Dimore ed edifici", "subgroup": "Strutture Varie", "subcategory": "Edificio"}, "geometry": {"type": "Point", "coordinates": [10.911316862, 43.935363134]}}, {"type": "Feature", "properties": {"wikidata": "Q3731364", "name": "eremo di Santa Caterina d'Alessandria", "status": "done", "osm_id": "way/121723576", "group": "Religione", "subgroup": "Vita Monastica", "subcategory": "Eremo"}, "geometry": {"type": "Point", "coordinates": [10.408808333, 42.826713888]}}, {"type": "Feature", "properties": {"wikidata": "Q3735766", "name": "Cinema Capitol", "status": "done", "osm_id": "way/307129129", "group": "Cultura e tempo libero", "subgroup": "Spettacolo", "subcategory": "Cinema"}, "geometry": {"type": "Point", "coordinates": [11.256875, 43.76841]}}, {"type": "Feature", "properties": {"wikidata": "Q3719151", "name": "Edificio La Torre", "status": "missing", "osm_id": null, "group": "Dimore ed edifici", "subgroup": "Residenze", "subcategory": "Palazzo"}, "geometry": {"type": "Point", "coordinates": [11.30582778, 43.752325]}}, {"type": "Feature", "properties": {"wikidata": "Q3735846", "name": "Ex convento di Santa Caterina", "status": "done", "osm_id": "relation/4086388", "group": "Dimore ed edifici", "subgroup": "Residenze", "subcategory": "Palazzo italiano"}, "geometry": {"type": "Point", "coordinates": [11.25784722, 43.77793056]}}, {"type": "Feature", "properties": {"wikidata": "Q3731367", "name": "eremo di Santa Lucia a Rosia", "status": "missing", "osm_id": null, "group": "Religione", "subgroup": "Vita Monastica", "subcategory": "Eremo"}, "geometry": {"type": "Point", "coordinates": [11.19363333, 43.23619722]}}, {"type": "Feature", "properties": {"wikidata": "Q3735826", "name": "ex chiesa dei Santi Jacopo e Lorenzo", "status": "done", "osm_id": "way/306985690", "group": "Religione", "subgroup": "Luoghi di Culto", "subcategory": "Ex chiesa"}, "geometry": {"type": "Point", "coordinates": [11.26683, 43.76905]}}, {"type": "Feature", "properties": {"wikidata": "Q3731354", "name": "eremo di Sant'Anna", "status": "missing", "osm_id": null, "group": "Religione", "subgroup": "Vita Monastica", "subcategory": "Eremo"}, "geometry": {"type": "Point", "coordinates": [10.90512, 42.85625]}}, {"type": "Feature", "properties": {"wikidata": "Q3740223", "name": "fattoria della Badiola", "status": "missing", "osm_id": null, "group": "Dimore ed edifici", "subgroup": "Residenze", "subcategory": "Villa"}, "geometry": {"type": "Point", "coordinates": [10.9725, 42.79727778]}}, {"type": "Feature", "properties": {"wikidata": "Q3718660", "name": "Ecomuseo della Montagna Pistoiese", "status": "done", "osm_id": "node/7319659312", "group": "Cultura e tempo libero", "subgroup": "Musei", "subcategory": "Ecomuseo"}, "geometry": {"type": "Point", "coordinates": [10.820994787, 44.056502402]}}, {"type": "Feature", "properties": {"wikidata": "Q3735871", "name": "Ex ospedale psichiatrico di San Niccol\u00f2", "status": "done", "osm_id": "relation/374178", "group": "Dimore ed edifici", "subgroup": "Residenze", "subcategory": "Palazzo"}, "geometry": {"type": "Point", "coordinates": [11.33875, 43.31383]}}, {"type": "Feature", "properties": {"wikidata": "Q3735775", "name": "ex sinagoga di via de' Ramaglianti", "status": "missing", "osm_id": null, "group": "Altro", "subgroup": "Altro", "subcategory": "Altro"}, "geometry": {"type": "Point", "coordinates": [11.25135, 43.76765]}}, {"type": "Feature", "properties": {"wikidata": "Q3735816", "name": "palazzo della Regia scuola tecnica industriale", "status": "done", "osm_id": "way/485517867", "group": "Dimore ed edifici", "subgroup": "Residenze", "subcategory": "Palazzo"}, "geometry": {"type": "Point", "coordinates": [11.11516667, 42.75745833]}}, {"type": "Feature", "properties": {"wikidata": "Q3735861", "name": "convento delle Clarisse", "status": "missing", "osm_id": null, "group": "Religione", "subgroup": "Vita Monastica", "subcategory": "Convento"}, "geometry": {"type": "Point", "coordinates": [10.894105, 43.052197]}}, {"type": "Feature", "properties": {"wikidata": "Q3718443", "name": "Eccidio di Montemaggio", "status": "missing", "osm_id": null, "group": "Altro", "subgroup": "Altro", "subcategory": "Altro"}, "geometry": {"type": "Point", "coordinates": [11.19694444, 43.36277778]}}, {"type": "Feature", "properties": {"wikidata": "Q3740217", "name": "Fattoria Acquisti", "status": "done", "osm_id": "relation/13325532", "group": "Dimore ed edifici", "subgroup": "Residenze", "subcategory": "Villa"}, "geometry": {"type": "Point", "coordinates": [11.05941389, 42.84916667]}}, {"type": "Feature", "properties": {"wikidata": "Q3718654", "name": "Ecomuseo dell'alabastro", "status": "done", "osm_id": "node/1745990673", "group": "Altro", "subgroup": "Altro", "subcategory": "Altro"}, "geometry": {"type": "Point", "coordinates": [10.860436, 43.402576]}}, {"type": "Feature", "properties": {"wikidata": "Q3735815", "name": "scuola media Giovanni Pascoli", "status": "done", "osm_id": "node/7359864018", "group": "Amministrazione", "subgroup": "Istruzione", "subcategory": "Scuola secondaria"}, "geometry": {"type": "Point", "coordinates": [11.11256667, 42.7636]}}, {"type": "Feature", "properties": {"wikidata": "Q3735776", "name": "Ex centrale termica FIAT di Novoli", "status": "done", "osm_id": "way/83537187", "group": "Altro", "subgroup": "Altro", "subcategory": "Altro"}, "geometry": {"type": "Point", "coordinates": [11.227436168, 43.790732026]}}, {"type": "Feature", "properties": {"wikidata": "Q3738562", "name": "Falciani", "status": "done", "osm_id": "node/312565295", "group": "Insediamenti", "subgroup": "Centri", "subcategory": "Frazione"}, "geometry": {"type": "Point", "coordinates": [11.213611111, 43.675833333]}}, {"type": "Feature", "properties": {"wikidata": "Q3719150", "name": "Edificio La Nave", "status": "missing", "osm_id": null, "group": "Dimore ed edifici", "subgroup": "Residenze", "subcategory": "Palazzo"}, "geometry": {"type": "Point", "coordinates": [11.30609444, 43.75163611]}}]}